forecast_id,forecast_kst_dtm,kpx_group_1,kpx_group_2,kpx_group_3
forecast_0001,2025-01-01 01:00:00,19547.999382019043,19547.999382019043,16998.333858485083
forecast_0002,2025-01-01 02:00:00,19547.999382019043,19547.999382019043,16950.51282745877
forecast_0003,2025-01-01 03:00:00,17388.00015449524,18143.999433517456,16324.318494979125
forecast_0004,2025-01-01 04:00:00,19547.999382019043,18468.000411987305,15265.195802459804
forecast_0005,2025-01-01 05:00:00,19547.999382019043,18143.999433517456,15191.147452271738
forecast_0006,2025-01-01 06:00:00,17388.00015449524,17927.99963951111,14860.027995628025
forecast_0007,2025-01-01 07:00:00,17388.00015449524,15552.000617980957,13439.998518844875
forecast_0008,2025-01-01 08:00:00,17064.000463485718,15443.999433517456,12982.663939397971
forecast_0009,2025-01-01 09:00:00,15768.000411987305,15876.000308990479,12965.104091473928
forecast_0010,2025-01-01 10:00:00,15119.999742507935,16307.999897003174,12840.812122761174
forecast_0011,2025-01-01 11:00:00,14796.000051498413,15876.000308990479,13017.90046069247
forecast_0012,2025-01-01 12:00:00,14796.000051498413,15443.999433517456,12840.22079334217
forecast_0013,2025-01-01 13:00:00,15119.999742507935,15443.999433517456,12533.147475679032
forecast_0014,2025-01-01 14:00:00,15660.00051498413,15443.999433517456,11944.080067797137
forecast_0015,2025-01-01 15:00:00,15119.999742507935,14039.99948501587,11440.7604321674
forecast_0016,2025-01-01 16:00:00,14796.000051498413,14580.000257492065,11354.265486742475
forecast_0017,2025-01-01 17:00:00,14796.000051498413,14580.000257492065,12092.252203452354
forecast_0018,2025-01-01 18:00:00,14688.00015449524,15227.999639511108,12399.945855544524
forecast_0019,2025-01-01 19:00:00,15768.000411987305,15443.999433517456,12797.97597413894
forecast_0020,2025-01-01 20:00:00,18576.00030899048,16956.000566482544,14068.25668102711
forecast_0021,2025-01-01 21:00:00,19223.99969100952,17496.000051498413,14876.64128389008
forecast_0022,2025-01-01 22:00:00,18900.0,17388.00015449524,14922.184868792736
forecast_0023,2025-01-01 23:00:00,18360.00051498413,17496.000051498413,14949.894258923652
forecast_0024,2025-01-02 00:00:00,18035.999536514282,17388.00015449524,14704.878410653077
forecast_0025,2025-01-02 01:00:00,16307.999897003174,16307.999897003174,11992.62174146472
forecast_0026,2025-01-02 02:00:00,16092.000102996826,16307.999897003174,11926.938004566466
forecast_0027,2025-01-02 03:00:00,13931.999588012695,15443.999433517456,10573.464539255445
forecast_0028,2025-01-02 04:00:00,13931.999588012695,14688.00015449524,9812.355965293194
forecast_0029,2025-01-02 05:00:00,13176.000308990479,12203.999948501587,8980.255593963278
forecast_0030,2025-01-02 06:00:00,10044.00007724762,10800.0,8389.466359184335
forecast_0031,2025-01-02 07:00:00,10044.00007724762,10800.0,8086.815923079962
forecast_0032,2025-01-02 08:00:00,10044.00007724762,9719.999742507935,6948.420098155254
forecast_0033,2025-01-02 09:00:00,10259.999871253967,9288.00015449524,5894.030192444108
forecast_0034,2025-01-02 10:00:00,7559.999871253967,7559.999871253967,4401.99276972528
forecast_0035,2025-01-02 11:00:00,5075.999987125397,6588.000154495239,3236.439167826787
forecast_0036,2025-01-02 12:00:00,6155.99992275238,5615.999794006348,3004.8540583193226
forecast_0037,2025-01-02 13:00:00,5940.000128746033,5075.999987125397,2850.1063965926364
forecast_0038,2025-01-02 14:00:00,6696.000051498413,5292.000102996826,3352.834688666534
forecast_0039,2025-01-02 15:00:00,10044.00007724762,6155.99992275238,4468.901153489839
forecast_0040,2025-01-02 16:00:00,10476.000308990479,7884.000205993652,5138.252146059393
forecast_0041,2025-01-02 17:00:00,12096.000051498413,9396.000051498413,6337.661477218172
forecast_0042,2025-01-02 18:00:00,13392.000102996826,10367.999768257141,7549.1707691870715
forecast_0043,2025-01-02 19:00:00,14364.000463485718,13715.999794006348,9517.834299817365
forecast_0044,2025-01-02 20:00:00,13931.999588012695,13500.0,9575.1975826241
forecast_0045,2025-01-02 21:00:00,13500.0,14256.000566482544,9739.98207449277
forecast_0046,2025-01-02 22:00:00,13500.0,14147.999382019043,10343.962466904672
forecast_0047,2025-01-02 23:00:00,13931.999588012695,14364.000463485718,11178.2131970166
forecast_0048,2025-01-03 00:00:00,13500.0,15443.999433517456,11748.30195983771
forecast_0049,2025-01-03 01:00:00,14256.000566482544,15876.000308990479,11565.677155665164
forecast_0050,2025-01-03 02:00:00,14256.000566482544,15335.999536514282,10789.724380342202
forecast_0051,2025-01-03 03:00:00,14364.000463485718,15552.000617980957,10407.66200960022
forecast_0052,2025-01-03 04:00:00,14256.000566482544,15876.000308990479,10739.56113126985
forecast_0053,2025-01-03 05:00:00,14256.000566482544,15768.000411987305,10849.03876622617
forecast_0054,2025-01-03 06:00:00,14256.000566482544,15011.99984550476,10157.01743217149
forecast_0055,2025-01-03 07:00:00,14256.000566482544,14580.000257492065,8853.341652709696
forecast_0056,2025-01-03 08:00:00,14688.00015449524,13715.999794006348,9876.713771543802
forecast_0057,2025-01-03 09:00:00,14147.999382019043,13392.000102996826,9962.845577454911
forecast_0058,2025-01-03 10:00:00,13500.0,12311.99984550476,10123.72631362122
forecast_0059,2025-01-03 11:00:00,13715.999794006348,12527.999639511108,9561.77472173646
forecast_0060,2025-01-03 12:00:00,13715.999794006348,12096.000051498413,9043.917093466822
forecast_0061,2025-01-03 13:00:00,14147.999382019043,11988.00015449524,9122.491143224215
forecast_0062,2025-01-03 14:00:00,14147.999382019043,12311.99984550476,9524.71598236535
forecast_0063,2025-01-03 15:00:00,14688.00015449524,12960.00051498413,9833.81407938923
forecast_0064,2025-01-03 16:00:00,14688.00015449524,12960.00051498413,10407.0959931648
forecast_0065,2025-01-03 17:00:00,14688.00015449524,13068.000411987305,10563.598674484569
forecast_0066,2025-01-03 18:00:00,13931.999588012695,12635.999536514282,8981.29075929874
forecast_0067,2025-01-03 19:00:00,13607.999897003174,13715.999794006348,10697.86244643786
forecast_0068,2025-01-03 20:00:00,14688.00015449524,14688.00015449524,11925.842943050173
forecast_0069,2025-01-03 21:00:00,16200.0,15335.999536514282,12566.87009185242
forecast_0070,2025-01-03 22:00:00,16200.0,16415.999794006348,13416.923118620763
forecast_0071,2025-01-03 23:00:00,16200.0,16631.999588012695,13757.814174282066
forecast_0072,2025-01-04 00:00:00,16307.999897003174,17388.00015449524,13706.732745168929
forecast_0073,2025-01-04 01:00:00,17388.00015449524,17064.000463485718,14462.176499964417
forecast_0074,2025-01-04 02:00:00,16200.0,17172.00036048889,14380.799282619972
forecast_0075,2025-01-04 03:00:00,16200.0,17711.99984550476,13954.912793298674
forecast_0076,2025-01-04 04:00:00,16307.999897003174,17388.00015449524,13534.371494310815
forecast_0077,2025-01-04 05:00:00,19007.999897003174,17819.999742507935,13613.470362186836
forecast_0078,2025-01-04 06:00:00,19547.999382019043,17711.99984550476,13643.937874348096
forecast_0079,2025-01-04 07:00:00,19223.99969100952,17603.999948501587,12593.700220846316
forecast_0080,2025-01-04 08:00:00,18576.00030899048,16631.999588012695,11425.188773001091
forecast_0081,2025-01-04 09:00:00,15552.000617980957,16200.0,10790.693372888158
forecast_0082,2025-01-04 10:00:00,13931.999588012695,14580.000257492065,9019.160989247976
forecast_0083,2025-01-04 11:00:00,10692.000102996826,13068.000411987305,8213.626122267442
forecast_0084,2025-01-04 12:00:00,11447.999382019043,11988.00015449524,8378.77393398474
forecast_0085,2025-01-04 13:00:00,11556.000566482544,10367.999768257141,8574.34163017914
forecast_0086,2025-01-04 14:00:00,14688.00015449524,10907.999897003174,8781.358657888071
forecast_0087,2025-01-04 15:00:00,15552.000617980957,10907.999897003174,9104.69921209223
forecast_0088,2025-01-04 16:00:00,15984.000205993652,11772.000360488892,10179.232305817746
forecast_0089,2025-01-04 17:00:00,16200.0,13284.000205993652,11111.74712084793
forecast_0090,2025-01-04 18:00:00,16739.99948501587,14796.000051498413,12434.46156294459
forecast_0091,2025-01-04 19:00:00,17064.000463485718,15011.99984550476,12913.6104328163
forecast_0092,2025-01-04 20:00:00,19547.999382019043,16739.99948501587,13786.780677417555
forecast_0093,2025-01-04 21:00:00,18576.00030899048,17064.000463485718,13655.736523293825
forecast_0094,2025-01-04 22:00:00,19547.999382019043,17819.999742507935,14818.044703948535
forecast_0095,2025-01-04 23:00:00,19547.999382019043,18035.999536514282,15776.11982813575
forecast_0096,2025-01-05 00:00:00,19980.000257492065,18468.000411987305,16469.465161149994
forecast_0097,2025-01-05 01:00:00,19547.999382019043,17496.000051498413,14064.065949888804
forecast_0098,2025-01-05 02:00:00,19439.99948501587,17172.00036048889,13810.259545258725
forecast_0099,2025-01-05 03:00:00,19439.99948501587,17280.000257492065,13924.742544163615
forecast_0100,2025-01-05 04:00:00,18035.999536514282,16739.99948501587,13650.949896219556
forecast_0101,2025-01-05 05:00:00,14472.000360488892,16092.000102996826,11859.708694250994
forecast_0102,2025-01-05 06:00:00,14256.000566482544,15335.999536514282,10248.137336222417
forecast_0103,2025-01-05 07:00:00,14256.000566482544,15335.999536514282,9903.3909354252
forecast_0104,2025-01-05 08:00:00,14688.00015449524,15335.999536514282,10426.336942268194
forecast_0105,2025-01-05 09:00:00,14688.00015449524,15335.999536514282,10569.852620943617
forecast_0106,2025-01-05 10:00:00,14580.000257492065,15876.000308990479,11326.086222095188
forecast_0107,2025-01-05 11:00:00,18360.00051498413,16415.999794006348,13646.59747755831
forecast_0108,2025-01-05 12:00:00,17064.000463485718,16092.000102996826,13793.637118609688
forecast_0109,2025-01-05 13:00:00,14796.000051498413,16092.000102996826,13892.474395622176
forecast_0110,2025-01-05 14:00:00,13392.000102996826,15552.000617980957,13154.277677223334
forecast_0111,2025-01-05 15:00:00,13823.999691009521,15876.000308990479,13190.310799440254
forecast_0112,2025-01-05 16:00:00,14039.99948501587,15227.999639511108,11497.053618817914
forecast_0113,2025-01-05 17:00:00,13500.0,14364.000463485718,9856.530245628948
forecast_0114,2025-01-05 18:00:00,12096.000051498413,14256.000566482544,10656.637613437806
forecast_0115,2025-01-05 19:00:00,14472.000360488892,14796.000051498413,12359.551656769625
forecast_0116,2025-01-05 20:00:00,15227.999639511108,15660.00051498413,13382.69197459503
forecast_0117,2025-01-05 21:00:00,17388.00015449524,15443.999433517456,12411.361566455127
forecast_0118,2025-01-05 22:00:00,17064.000463485718,15335.999536514282,13106.27284097307
forecast_0119,2025-01-05 23:00:00,14472.000360488892,14796.000051498413,12708.913642852098
forecast_0120,2025-01-06 00:00:00,13500.0,13392.000102996826,11828.05300917704
forecast_0121,2025-01-06 01:00:00,12311.99984550476,12311.99984550476,8992.757297156884
forecast_0122,2025-01-06 02:00:00,12311.99984550476,11880.000257492065,9009.789312701025
forecast_0123,2025-01-06 03:00:00,11231.999588012695,10367.999768257141,8542.187991755674
forecast_0124,2025-01-06 04:00:00,10476.000308990479,9719.999742507935,8068.308948503251
forecast_0125,2025-01-06 05:00:00,9503.999948501587,8100.0,5358.66761511772
forecast_0126,2025-01-06 06:00:00,4859.999871253967,4859.999871253967,3913.297100687694
forecast_0127,2025-01-06 07:00:00,4320.000064373016,4535.999858379364,4012.8746444384897
forecast_0128,2025-01-06 08:00:00,4320.000064373016,4211.999845504761,3775.0852679077407
forecast_0129,2025-01-06 09:00:00,4859.999871253967,5832.000231742859,4121.962836600804
forecast_0130,2025-01-06 10:00:00,4427.99996137619,6155.99992275238,4939.318599604234
forecast_0131,2025-01-06 11:00:00,6263.999819755554,6911.999845504761,5041.623296075858
forecast_0132,2025-01-06 12:00:00,6696.000051498413,5832.000231742859,4798.0690192868815
forecast_0133,2025-01-06 13:00:00,7451.9999742507935,7128.000283241272,5200.516446180115
forecast_0134,2025-01-06 14:00:00,7451.9999742507935,6155.99992275238,4708.511420321711
forecast_0135,2025-01-06 15:00:00,7884.000205993652,6155.99992275238,5200.636876688303
forecast_0136,2025-01-06 16:00:00,9719.999742507935,8855.99992275238,6895.412667021627
forecast_0137,2025-01-06 17:00:00,12096.000051498413,10044.00007724762,7994.067486055797
forecast_0138,2025-01-06 18:00:00,13068.000411987305,12852.000617980957,10742.479960400062
forecast_0139,2025-01-06 19:00:00,14688.00015449524,14688.00015449524,12238.170228742338
forecast_0140,2025-01-06 20:00:00,14688.00015449524,15227.999639511108,13044.983950829
forecast_0141,2025-01-06 21:00:00,14688.00015449524,15227.999639511108,13252.66189188998
forecast_0142,2025-01-06 22:00:00,14688.00015449524,16200.0,13627.32849028652
forecast_0143,2025-01-06 23:00:00,15119.999742507935,16739.99948501587,14457.140467675134
forecast_0144,2025-01-07 00:00:00,15119.999742507935,17496.000051498413,14865.102035765638
forecast_0145,2025-01-07 01:00:00,18360.00051498413,18360.00051498413,16289.951052245193
forecast_0146,2025-01-07 02:00:00,19115.999794006348,18684.000205993652,16111.964196525463
forecast_0147,2025-01-07 03:00:00,19115.999794006348,18792.000102996826,16425.209934969524
forecast_0148,2025-01-07 04:00:00,18468.000411987305,17927.99963951111,15759.584556975273
forecast_0149,2025-01-07 05:00:00,17280.000257492065,17496.000051498413,16018.447702806538
forecast_0150,2025-01-07 06:00:00,17280.000257492065,17927.99963951111,15459.842193230725
forecast_0151,2025-01-07 07:00:00,16631.999588012695,18252.000617980957,15492.192231314497
forecast_0152,2025-01-07 08:00:00,16200.0,18143.999433517456,14835.978987212542
forecast_0153,2025-01-07 09:00:00,17388.00015449524,17927.99963951111,14406.66278957649
forecast_0154,2025-01-07 10:00:00,17388.00015449524,17927.99963951111,13722.216368925412
forecast_0155,2025-01-07 11:00:00,17388.00015449524,18035.999536514282,13747.829787858622
forecast_0156,2025-01-07 12:00:00,16847.999382019043,17711.99984550476,13779.87753458586
forecast_0157,2025-01-07 13:00:00,16200.0,17388.00015449524,13662.38602561828
forecast_0158,2025-01-07 14:00:00,16200.0,17172.00036048889,13289.65654694369
forecast_0159,2025-01-07 15:00:00,16200.0,17280.000257492065,13394.193279309806
forecast_0160,2025-01-07 16:00:00,16200.0,17064.000463485718,13766.309646683148
forecast_0161,2025-01-07 17:00:00,16200.0,16956.000566482544,13596.365438556888
forecast_0162,2025-01-07 18:00:00,17388.00015449524,17280.000257492065,14280.197251094283
forecast_0163,2025-01-07 19:00:00,17388.00015449524,18035.999536514282,16170.148588725098
forecast_0164,2025-01-07 20:00:00,18360.00051498413,18792.000102996826,17019.14043390036
forecast_0165,2025-01-07 21:00:00,18468.000411987305,18792.000102996826,16829.489037858035
forecast_0166,2025-01-07 22:00:00,18468.000411987305,18900.0,16829.294542381962
forecast_0167,2025-01-07 23:00:00,18468.000411987305,18900.0,16314.194424554275
forecast_0168,2025-01-08 00:00:00,18360.00051498413,18143.999433517456,15375.87437603752
forecast_0169,2025-01-08 01:00:00,18360.00051498413,18035.999536514282,15062.125310583531
forecast_0170,2025-01-08 02:00:00,18360.00051498413,17711.99984550476,14710.096421885204
forecast_0171,2025-01-08 03:00:00,18360.00051498413,17819.999742507935,14819.817513515474
forecast_0172,2025-01-08 04:00:00,18360.00051498413,17172.00036048889,13556.268520892709
forecast_0173,2025-01-08 05:00:00,16847.999382019043,16847.999382019043,13501.54682262844
forecast_0174,2025-01-08 06:00:00,16956.000566482544,17064.000463485718,13948.006474369466
forecast_0175,2025-01-08 07:00:00,15768.000411987305,16631.999588012695,14075.016899304328
forecast_0176,2025-01-08 08:00:00,15443.999433517456,16739.99948501587,13872.32767146183
forecast_0177,2025-01-08 09:00:00,15768.000411987305,16739.99948501587,14427.332855206056
forecast_0178,2025-01-08 10:00:00,17388.00015449524,16847.999382019043,14423.300656441264
forecast_0179,2025-01-08 11:00:00,18035.999536514282,17280.000257492065,14443.017338373107
forecast_0180,2025-01-08 12:00:00,18252.000617980957,17603.999948501587,15130.131478629422
forecast_0181,2025-01-08 13:00:00,18252.000617980957,17711.99984550476,14650.625254510216
forecast_0182,2025-01-08 14:00:00,17819.999742507935,17603.999948501587,15014.873613870494
forecast_0183,2025-01-08 15:00:00,17819.999742507935,17711.99984550476,14756.6904424872
forecast_0184,2025-01-08 16:00:00,17064.000463485718,17280.000257492065,14278.297938562444
forecast_0185,2025-01-08 17:00:00,16200.0,17064.000463485718,13983.875950553838
forecast_0186,2025-01-08 18:00:00,17280.000257492065,17280.000257492065,14457.909921697576
forecast_0187,2025-01-08 19:00:00,18252.000617980957,17711.99984550476,14660.741439368194
forecast_0188,2025-01-08 20:00:00,18360.00051498413,18035.999536514282,14909.37557200925
forecast_0189,2025-01-08 21:00:00,17388.00015449524,17927.99963951111,14983.602055990565
forecast_0190,2025-01-08 22:00:00,17280.000257492065,17927.99963951111,14936.094470449552
forecast_0191,2025-01-08 23:00:00,17388.00015449524,18360.00051498413,14994.341487077068
forecast_0192,2025-01-09 00:00:00,17280.000257492065,18792.000102996826,15542.57974518255
forecast_0193,2025-01-09 01:00:00,16200.0,17819.999742507935,13714.532193204956
forecast_0194,2025-01-09 02:00:00,17064.000463485718,17819.999742507935,13596.436048224594
forecast_0195,2025-01-09 03:00:00,18252.000617980957,17927.99963951111,13102.926819773818
forecast_0196,2025-01-09 04:00:00,18252.000617980957,17927.99963951111,13205.784681413275
forecast_0197,2025-01-09 05:00:00,17280.000257492065,17711.99984550476,12936.346029409722
forecast_0198,2025-01-09 06:00:00,17064.000463485718,17496.000051498413,12458.901222988037
forecast_0199,2025-01-09 07:00:00,15768.000411987305,17064.000463485718,11794.820309562085
forecast_0200,2025-01-09 08:00:00,15768.000411987305,16739.99948501587,11714.110496645755
forecast_0201,2025-01-09 09:00:00,15768.000411987305,16956.000566482544,11636.48624953912
forecast_0202,2025-01-09 10:00:00,15768.000411987305,17172.00036048889,12398.867589644657
forecast_0203,2025-01-09 11:00:00,15768.000411987305,17280.000257492065,12592.737329983223
forecast_0204,2025-01-09 12:00:00,15768.000411987305,17064.000463485718,12428.931864095774
forecast_0205,2025-01-09 13:00:00,15768.000411987305,16739.99948501587,12024.443059431003
forecast_0206,2025-01-09 14:00:00,15768.000411987305,17064.000463485718,12512.878212326892
forecast_0207,2025-01-09 15:00:00,15768.000411987305,16200.0,11852.818034729107
forecast_0208,2025-01-09 16:00:00,15768.000411987305,15227.999639511108,11363.144616380856
forecast_0209,2025-01-09 17:00:00,15119.999742507935,16307.999897003174,11530.849060948907
forecast_0210,2025-01-09 18:00:00,14796.000051498413,16200.0,11901.487944246355
forecast_0211,2025-01-09 19:00:00,16415.999794006348,16631.999588012695,12063.10188225391
forecast_0212,2025-01-09 20:00:00,17172.00036048889,16200.0,11514.070354320864
forecast_0213,2025-01-09 21:00:00,19547.999382019043,18792.000102996826,12775.158710984368
forecast_0214,2025-01-09 22:00:00,19547.999382019043,19656.000566482544,15429.971207206732
forecast_0215,2025-01-09 23:00:00,19980.000257492065,19764.000463485718,16848.55545416969
forecast_0216,2025-01-10 00:00:00,19980.000257492065,19764.000463485718,17023.57162739894
forecast_0217,2025-01-10 01:00:00,15443.999433517456,15335.999536514282,10311.74473799989
forecast_0218,2025-01-10 02:00:00,15984.000205993652,16631.999588012695,11590.680617919532
forecast_0219,2025-01-10 03:00:00,18035.999536514282,18143.999433517456,13382.660328183923
forecast_0220,2025-01-10 04:00:00,19547.999382019043,18035.999536514282,13979.565014201728
forecast_0221,2025-01-10 05:00:00,19547.999382019043,17388.00015449524,14188.228343907866
forecast_0222,2025-01-10 06:00:00,19547.999382019043,17280.000257492065,13242.200914690864
forecast_0223,2025-01-10 07:00:00,19547.999382019043,16200.0,11869.73937712345
forecast_0224,2025-01-10 08:00:00,15552.000617980957,11988.00015449524,8908.34851366073
forecast_0225,2025-01-10 09:00:00,11231.999588012695,9936.000180244446,7558.271415562958
forecast_0226,2025-01-10 10:00:00,10044.00007724762,7128.000283241272,5537.203726899765
forecast_0227,2025-01-10 11:00:00,4859.999871253967,4211.999845504761,3903.880779822922
forecast_0228,2025-01-10 12:00:00,3888.0001544952393,3888.0001544952393,3572.4261068969877
forecast_0229,2025-01-10 13:00:00,3888.0001544952393,3888.0001544952393,2915.784856201765
forecast_0230,2025-01-10 14:00:00,3888.0001544952393,3888.0001544952393,3048.8867405145625
forecast_0231,2025-01-10 15:00:00,3888.0001544952393,3888.0001544952393,3313.546928273948
forecast_0232,2025-01-10 16:00:00,4211.999845504761,3888.0001544952393,3274.518518840038
forecast_0233,2025-01-10 17:00:00,7451.9999742507935,4751.9999742507935,3670.8958956515817
forecast_0234,2025-01-10 18:00:00,9828.000283241272,6803.999948501587,5165.994816948804
forecast_0235,2025-01-10 19:00:00,9611.99984550476,8100.0,5591.739827069001
forecast_0236,2025-01-10 20:00:00,10044.00007724762,8100.0,6155.270955108987
forecast_0237,2025-01-10 21:00:00,10044.00007724762,8100.0,6390.500793278646
forecast_0238,2025-01-10 22:00:00,11231.999588012695,9071.999716758728,6432.228507644194
forecast_0239,2025-01-10 23:00:00,10044.00007724762,9071.999716758728,6542.8787865858985
forecast_0240,2025-01-11 00:00:00,10044.00007724762,9071.999716758728,6871.93290362762
forecast_0241,2025-01-11 01:00:00,10044.00007724762,9071.999716758728,7265.581977050475
forecast_0242,2025-01-11 02:00:00,10044.00007724762,9288.00015449524,7724.705207455366
forecast_0243,2025-01-11 03:00:00,10044.00007724762,8855.99992275238,8154.975585077862
forecast_0244,2025-01-11 04:00:00,12852.000617980957,9503.999948501587,8009.723672503204
forecast_0245,2025-01-11 05:00:00,13284.000205993652,9719.999742507935,7948.931950141136
forecast_0246,2025-01-11 06:00:00,10044.00007724762,8855.99992275238,7069.068735870265
forecast_0247,2025-01-11 07:00:00,7128.000283241272,8423.999691009521,6608.308284853636
forecast_0248,2025-01-11 08:00:00,6048.0000257492065,7559.999871253967,6399.787133103316
forecast_0249,2025-01-11 09:00:00,7776.0003089904785,7019.999742507935,5839.539549683025
forecast_0250,2025-01-11 10:00:00,4968.000090122223,3996.000051498413,4224.228111163013
forecast_0251,2025-01-11 11:00:00,3996.000051498413,3888.0001544952393,3295.930194986562
forecast_0252,2025-01-11 12:00:00,3888.0001544952393,3888.0001544952393,2999.6827822354376
forecast_0253,2025-01-11 13:00:00,3888.0001544952393,3888.0001544952393,2671.157948325821
forecast_0254,2025-01-11 14:00:00,3888.0001544952393,3996.000051498413,2890.2171963253963
forecast_0255,2025-01-11 15:00:00,3888.0001544952393,3672.00003862381,2101.761480857714
forecast_0256,2025-01-11 16:00:00,3888.0001544952393,3779.9999356269836,1926.1586607437039
forecast_0257,2025-01-11 17:00:00,5615.999794006348,3996.000051498413,2721.7221658645085
forecast_0258,2025-01-11 18:00:00,9828.000283241272,6371.999716758728,5008.539690325002
forecast_0259,2025-01-11 19:00:00,11231.999588012695,8423.999691009521,5667.881737350015
forecast_0260,2025-01-11 20:00:00,12852.000617980957,9071.999716758728,5876.038669172711
forecast_0261,2025-01-11 21:00:00,13284.000205993652,9936.000180244446,6376.681648723518
forecast_0262,2025-01-11 22:00:00,13500.0,11447.999382019043,7944.852299432092
forecast_0263,2025-01-11 23:00:00,15984.000205993652,12419.999742507935,9576.506270203488
forecast_0264,2025-01-12 00:00:00,16847.999382019043,13068.000411987305,9980.872523586935
forecast_0265,2025-01-12 01:00:00,13284.000205993652,10259.999871253967,7234.398267274647
forecast_0266,2025-01-12 02:00:00,13284.000205993652,11556.000566482544,7487.847723372166
forecast_0267,2025-01-12 03:00:00,13500.0,11988.00015449524,8925.04576047252
forecast_0268,2025-01-12 04:00:00,15552.000617980957,13823.999691009521,10615.072045940853
forecast_0269,2025-01-12 05:00:00,15984.000205993652,14472.000360488892,10584.094409980757
forecast_0270,2025-01-12 06:00:00,17172.00036048889,14903.999948501587,11252.666034141295
forecast_0271,2025-01-12 07:00:00,17603.999948501587,15011.99984550476,11440.033747988631
forecast_0272,2025-01-12 08:00:00,17603.999948501587,13500.0,9906.370477890485
forecast_0273,2025-01-12 09:00:00,17927.99963951111,14472.000360488892,10122.39539557101
forecast_0274,2025-01-12 10:00:00,13823.999691009521,11988.00015449524,8944.002350548471
forecast_0275,2025-01-12 11:00:00,13068.000411987305,12635.999536514282,8404.74695567793
forecast_0276,2025-01-12 12:00:00,10584.000205993652,10151.999974250793,6061.288241853001
forecast_0277,2025-01-12 13:00:00,10151.999974250793,8963.999819755554,6327.777274602443
forecast_0278,2025-01-12 14:00:00,11447.999382019043,9719.999742507935,6896.234983899967
forecast_0279,2025-01-12 15:00:00,11447.999382019043,9611.99984550476,7609.359032340712
forecast_0280,2025-01-12 16:00:00,11447.999382019043,11880.000257492065,8742.869345449684
forecast_0281,2025-01-12 17:00:00,14364.000463485718,13715.999794006348,10359.59268250247
forecast_0282,2025-01-12 18:00:00,16415.999794006348,15552.000617980957,11237.335805808596
forecast_0283,2025-01-12 19:00:00,18360.00051498413,16631.999588012695,11204.18570282829
forecast_0284,2025-01-12 20:00:00,18468.000411987305,16631.999588012695,11143.286698789503
forecast_0285,2025-01-12 21:00:00,19223.99969100952,16631.999588012695,11412.882278136272
forecast_0286,2025-01-12 22:00:00,19547.999382019043,17927.99963951111,12537.790193094314
forecast_0287,2025-01-12 23:00:00,18468.000411987305,17388.00015449524,12153.539771473907
forecast_0288,2025-01-13 00:00:00,19547.999382019043,18035.999536514282,13633.310954534398
forecast_0289,2025-01-13 01:00:00,19980.000257492065,19223.99969100952,15587.953734587334
forecast_0290,2025-01-13 02:00:00,19980.000257492065,19764.000463485718,17125.673294075987
forecast_0291,2025-01-13 03:00:00,19980.000257492065,19764.000463485718,17268.527509246254
forecast_0292,2025-01-13 04:00:00,19980.000257492065,19764.000463485718,18165.39019145358
forecast_0293,2025-01-13 05:00:00,19980.000257492065,19980.000257492065,18425.03263821249
forecast_0294,2025-01-13 06:00:00,19980.000257492065,20196.000051498413,18546.721680451057
forecast_0295,2025-01-13 07:00:00,19980.000257492065,19980.000257492065,17834.554899612547
forecast_0296,2025-01-13 08:00:00,19980.000257492065,19656.000566482544,16659.031924113093
forecast_0297,2025-01-13 09:00:00,19547.999382019043,19656.000566482544,16750.477150867984
forecast_0298,2025-01-13 10:00:00,19547.999382019043,19656.000566482544,16673.508673985743
forecast_0299,2025-01-13 11:00:00,19547.999382019043,19331.999588012695,16156.698878645166
forecast_0300,2025-01-13 12:00:00,18035.999536514282,18468.000411987305,13876.970114441076
forecast_0301,2025-01-13 13:00:00,14796.000051498413,16847.999382019043,11853.32798836378
forecast_0302,2025-01-13 14:00:00,14796.000051498413,14796.000051498413,10621.813900522666
forecast_0303,2025-01-13 15:00:00,14472.000360488892,14147.999382019043,10915.024098448766
forecast_0304,2025-01-13 16:00:00,14796.000051498413,15227.999639511108,12401.089669676165
forecast_0305,2025-01-13 17:00:00,14688.00015449524,15552.000617980957,12171.835333336669
forecast_0306,2025-01-13 18:00:00,14256.000566482544,15552.000617980957,11368.3341792766
forecast_0307,2025-01-13 19:00:00,14364.000463485718,17172.00036048889,13462.828728866158
forecast_0308,2025-01-13 20:00:00,15119.999742507935,18252.000617980957,14642.381656831589
forecast_0309,2025-01-13 21:00:00,16092.000102996826,18576.00030899048,15012.512101225064
forecast_0310,2025-01-13 22:00:00,19331.999588012695,18900.0,15800.225059857195
forecast_0311,2025-01-13 23:00:00,18792.000102996826,18900.0,16026.051351214186
forecast_0312,2025-01-14 00:00:00,19331.999588012695,19547.999382019043,17366.024214120993
forecast_0313,2025-01-14 01:00:00,18792.000102996826,19547.999382019043,17179.17775709345
forecast_0314,2025-01-14 02:00:00,18792.000102996826,19547.999382019043,17450.58966050101
forecast_0315,2025-01-14 03:00:00,18900.0,19547.999382019043,17745.6346366655
forecast_0316,2025-01-14 04:00:00,19331.999588012695,19547.999382019043,17704.653893830884
forecast_0317,2025-01-14 05:00:00,19331.999588012695,19547.999382019043,17650.36995084419
forecast_0318,2025-01-14 06:00:00,18792.000102996826,19547.999382019043,17793.339698327072
forecast_0319,2025-01-14 07:00:00,18792.000102996826,19547.999382019043,17784.75768498912
forecast_0320,2025-01-14 08:00:00,18468.000411987305,19115.999794006348,16521.35888431242
forecast_0321,2025-01-14 09:00:00,18684.000205993652,19007.999897003174,15992.227688483285
forecast_0322,2025-01-14 10:00:00,18468.000411987305,17927.99963951111,15460.294214996948
forecast_0323,2025-01-14 11:00:00,18252.000617980957,17496.000051498413,14719.96319518322
forecast_0324,2025-01-14 12:00:00,17819.999742507935,16415.999794006348,14058.526576830338
forecast_0325,2025-01-14 13:00:00,17819.999742507935,15984.000205993652,13702.502960881078
forecast_0326,2025-01-14 14:00:00,16092.000102996826,15119.999742507935,13355.30178765499
forecast_0327,2025-01-14 15:00:00,15660.00051498413,14580.000257492065,12635.371795353793
forecast_0328,2025-01-14 16:00:00,15119.999742507935,14364.000463485718,11966.69824480754
forecast_0329,2025-01-14 17:00:00,14364.000463485718,14256.000566482544,10894.905339452383
forecast_0330,2025-01-14 18:00:00,14364.000463485718,14256.000566482544,10652.553435513011
forecast_0331,2025-01-14 19:00:00,14364.000463485718,14688.00015449524,11010.35755408218
forecast_0332,2025-01-14 20:00:00,14364.000463485718,14688.00015449524,10910.663303452135
forecast_0333,2025-01-14 21:00:00,14688.00015449524,14364.000463485718,10932.2850786795
forecast_0334,2025-01-14 22:00:00,14688.00015449524,15660.00051498413,12490.427392752936
forecast_0335,2025-01-14 23:00:00,14688.00015449524,15011.99984550476,10879.42108353596
forecast_0336,2025-01-15 00:00:00,14688.00015449524,14796.000051498413,11162.410500681744
forecast_0337,2025-01-15 01:00:00,14688.00015449524,15011.99984550476,10925.76790565798
forecast_0338,2025-01-15 02:00:00,14580.000257492065,14364.000463485718,11002.031511416708
forecast_0339,2025-01-15 03:00:00,14147.999382019043,13500.0,9143.525162535743
forecast_0340,2025-01-15 04:00:00,13715.999794006348,14147.999382019043,8547.263533063877
forecast_0341,2025-01-15 05:00:00,14147.999382019043,14364.000463485718,9285.865342610088
forecast_0342,2025-01-15 06:00:00,14147.999382019043,14796.000051498413,10200.444885858706
forecast_0343,2025-01-15 07:00:00,14688.00015449524,15443.999433517456,11572.619130735604
forecast_0344,2025-01-15 08:00:00,14688.00015449524,15227.999639511108,11502.146847739836
forecast_0345,2025-01-15 09:00:00,14796.000051498413,15876.000308990479,11484.6471509436
forecast_0346,2025-01-15 10:00:00,14796.000051498413,14580.000257492065,10915.25765416232
forecast_0347,2025-01-15 11:00:00,14256.000566482544,14256.000566482544,11158.050174275804
forecast_0348,2025-01-15 12:00:00,14796.000051498413,13931.999588012695,10571.193744412025
forecast_0349,2025-01-15 13:00:00,13715.999794006348,13715.999794006348,10264.878150939896
forecast_0350,2025-01-15 14:00:00,12096.000051498413,12096.000051498413,9272.935736112086
forecast_0351,2025-01-15 15:00:00,12096.000051498413,12527.999639511108,8778.992402751992
forecast_0352,2025-01-15 16:00:00,12096.000051498413,12743.999433517456,9035.114769088732
forecast_0353,2025-01-15 17:00:00,13715.999794006348,14364.000463485718,10831.656895766791
forecast_0354,2025-01-15 18:00:00,14364.000463485718,16200.0,12849.697136335784
forecast_0355,2025-01-15 19:00:00,14688.00015449524,17172.00036048889,13476.288412803562
forecast_0356,2025-01-15 20:00:00,14688.00015449524,17388.00015449524,13518.62621984133
forecast_0357,2025-01-15 21:00:00,16200.0,18792.000102996826,14268.16306980679
forecast_0358,2025-01-15 22:00:00,19547.999382019043,19656.000566482544,15549.28714262553
forecast_0359,2025-01-15 23:00:00,19547.999382019043,19764.000463485718,16720.55241756562
forecast_0360,2025-01-16 00:00:00,19547.999382019043,19656.000566482544,16386.827278427085
forecast_0361,2025-01-16 01:00:00,19547.999382019043,19656.000566482544,14845.279612796276
forecast_0362,2025-01-16 02:00:00,19547.999382019043,19656.000566482544,16025.589489537944
forecast_0363,2025-01-16 03:00:00,19980.000257492065,19656.000566482544,16924.70878908539
forecast_0364,2025-01-16 04:00:00,19980.000257492065,19656.000566482544,16900.828725858504
forecast_0365,2025-01-16 05:00:00,19980.000257492065,19656.000566482544,17102.219587756776
forecast_0366,2025-01-16 06:00:00,19980.000257492065,19656.000566482544,17380.15781264089
forecast_0367,2025-01-16 07:00:00,19980.000257492065,19656.000566482544,17617.280869498612
forecast_0368,2025-01-16 08:00:00,19980.000257492065,19656.000566482544,17668.45316172712
forecast_0369,2025-01-16 09:00:00,19980.000257492065,19656.000566482544,17974.740364595094
forecast_0370,2025-01-16 10:00:00,19980.000257492065,19547.999382019043,18342.09450201488
forecast_0371,2025-01-16 11:00:00,19980.000257492065,19547.999382019043,17908.52421730144
forecast_0372,2025-01-16 12:00:00,19547.999382019043,19115.999794006348,16744.39820532846
forecast_0373,2025-01-16 13:00:00,19547.999382019043,18900.0,16332.757825102171
forecast_0374,2025-01-16 14:00:00,19439.99948501587,18684.000205993652,16252.89601523159
forecast_0375,2025-01-16 15:00:00,18684.000205993652,18576.00030899048,15421.60919451738
forecast_0376,2025-01-16 16:00:00,18035.999536514282,18360.00051498413,15118.546634851027
forecast_0377,2025-01-16 17:00:00,18468.000411987305,18360.00051498413,15771.041181345432
forecast_0378,2025-01-16 18:00:00,19331.999588012695,18900.0,16483.303025388585
forecast_0379,2025-01-16 19:00:00,19439.99948501587,18035.999536514282,15023.75317456917
forecast_0380,2025-01-16 20:00:00,14796.000051498413,13931.999588012695,11596.073421059544
forecast_0381,2025-01-16 21:00:00,13823.999691009521,12096.000051498413,9308.553039861494
forecast_0382,2025-01-16 22:00:00,13392.000102996826,12527.999639511108,8620.66919220477
forecast_0383,2025-01-16 23:00:00,10800.0,9288.00015449524,6399.473341334759
forecast_0384,2025-01-17 00:00:00,5615.999794006348,4751.9999742507935,5003.977232466224
forecast_0385,2025-01-17 01:00:00,4427.99996137619,3888.0001544952393,3592.377874127585
forecast_0386,2025-01-17 02:00:00,3888.0001544952393,3779.9999356269836,3344.631088806391
forecast_0387,2025-01-17 03:00:00,3888.0001544952393,3564.000141620636,2819.6250922239165
forecast_0388,2025-01-17 04:00:00,3888.0001544952393,3455.9999227523804,3080.847728355312
forecast_0389,2025-01-17 05:00:00,3779.9999356269836,3455.9999227523804,2689.727876060323
forecast_0390,2025-01-17 06:00:00,3779.9999356269836,3455.9999227523804,2482.5230603750706
forecast_0391,2025-01-17 07:00:00,3888.0001544952393,3564.000141620636,2772.33917314623
forecast_0392,2025-01-17 08:00:00,3888.0001544952393,3564.000141620636,3323.2654918367843
forecast_0393,2025-01-17 09:00:00,3888.0001544952393,3779.9999356269836,3192.2546493598657
forecast_0394,2025-01-17 10:00:00,3888.0001544952393,3672.00003862381,2728.458523236921
forecast_0395,2025-01-17 11:00:00,3888.0001544952393,3672.00003862381,2832.233414658784
forecast_0396,2025-01-17 12:00:00,3888.0001544952393,3672.00003862381,2914.731095208699
forecast_0397,2025-01-17 13:00:00,3888.0001544952393,3779.9999356269836,2910.549255622306
forecast_0398,2025-01-17 14:00:00,3888.0001544952393,3888.0001544952393,2935.085834127003
forecast_0399,2025-01-17 15:00:00,3888.0001544952393,3888.0001544952393,3257.367355604408
forecast_0400,2025-01-17 16:00:00,3888.0001544952393,3888.0001544952393,3381.151236993817
forecast_0401,2025-01-17 17:00:00,4751.9999742507935,4320.000064373016,4418.790299773961
forecast_0402,2025-01-17 18:00:00,5075.999987125397,6803.999948501587,5549.197431940055
forecast_0403,2025-01-17 19:00:00,10044.00007724762,8100.0,6984.353083346939
forecast_0404,2025-01-17 20:00:00,12852.000617980957,10476.000308990479,7852.899319139357
forecast_0405,2025-01-17 21:00:00,15119.999742507935,11988.00015449524,8615.514736358242
forecast_0406,2025-01-17 22:00:00,16631.999588012695,14364.000463485718,10394.159619128402
forecast_0407,2025-01-17 23:00:00,16739.99948501587,14472.000360488892,10690.519038096149
forecast_0408,2025-01-18 00:00:00,17172.00036048889,14903.999948501587,10779.272550862712
forecast_0409,2025-01-18 01:00:00,15984.000205993652,12960.00051498413,9975.899151727785
forecast_0410,2025-01-18 02:00:00,16847.999382019043,13176.000308990479,9304.639480172653
forecast_0411,2025-01-18 03:00:00,18468.000411987305,14364.000463485718,10942.643774584589
forecast_0412,2025-01-18 04:00:00,19223.99969100952,15011.99984550476,11478.224814725692
forecast_0413,2025-01-18 05:00:00,19439.99948501587,15227.999639511108,11661.78024670512
forecast_0414,2025-01-18 06:00:00,18252.000617980957,13931.999588012695,10796.586376438592
forecast_0415,2025-01-18 07:00:00,17388.00015449524,12419.999742507935,10010.88765341066
forecast_0416,2025-01-18 08:00:00,12960.00051498413,9071.999716758728,6698.9862797856895
forecast_0417,2025-01-18 09:00:00,6155.99992275238,5400.0,4612.355172750655
forecast_0418,2025-01-18 10:00:00,5075.999987125397,4427.99996137619,3860.141274935182
forecast_0419,2025-01-18 11:00:00,4103.999948501587,4968.000090122223,3732.757389184153
forecast_0420,2025-01-18 12:00:00,6371.999716758728,5723.9996910095215,3722.6512343731615
forecast_0421,2025-01-18 13:00:00,5940.000128746033,4751.9999742507935,2672.3985761437507
forecast_0422,2025-01-18 14:00:00,4968.000090122223,3996.000051498413,3232.690579580812
forecast_0423,2025-01-18 15:00:00,3888.0001544952393,4320.000064373016,3646.102138713438
forecast_0424,2025-01-18 16:00:00,6155.99992275238,5723.9996910095215,3976.032914540412
forecast_0425,2025-01-18 17:00:00,10907.999897003174,9396.000051498413,6983.400166443224
forecast_0426,2025-01-18 18:00:00,17388.00015449524,12960.00051498413,8874.509860234875
forecast_0427,2025-01-18 19:00:00,19331.999588012695,15552.000617980957,11287.700771796266
forecast_0428,2025-01-18 20:00:00,19980.000257492065,16956.000566482544,13292.845471425971
forecast_0429,2025-01-18 21:00:00,19980.000257492065,18468.000411987305,14245.965953935684
forecast_0430,2025-01-18 22:00:00,19980.000257492065,19331.999588012695,15496.265176014967
forecast_0431,2025-01-18 23:00:00,19547.999382019043,19007.999897003174,14495.447989676171
forecast_0432,2025-01-19 00:00:00,19547.999382019043,18900.0,13833.914799363976
forecast_0433,2025-01-19 01:00:00,19547.999382019043,18035.999536514282,12372.31451069745
forecast_0434,2025-01-19 02:00:00,19547.999382019043,18576.00030899048,12455.80685076739
forecast_0435,2025-01-19 03:00:00,19980.000257492065,19331.999588012695,13807.355984016938
forecast_0436,2025-01-19 04:00:00,19980.000257492065,19656.000566482544,15081.393717047404
forecast_0437,2025-01-19 05:00:00,19980.000257492065,19656.000566482544,15532.194519277862
forecast_0438,2025-01-19 06:00:00,19980.000257492065,19656.000566482544,15683.884304242849
forecast_0439,2025-01-19 07:00:00,19980.000257492065,19656.000566482544,15957.619840843196
forecast_0440,2025-01-19 08:00:00,19980.000257492065,19331.999588012695,14762.260346054965
forecast_0441,2025-01-19 09:00:00,19547.999382019043,18792.000102996826,13620.681493433083
forecast_0442,2025-01-19 10:00:00,19547.999382019043,16631.999588012695,11766.173215207624
forecast_0443,2025-01-19 11:00:00,13500.0,14688.00015449524,10269.53903485906
forecast_0444,2025-01-19 12:00:00,13500.0,13068.000411987305,8597.777627472611
forecast_0445,2025-01-19 13:00:00,11772.000360488892,11015.999794006348,8135.594753142088
forecast_0446,2025-01-19 14:00:00,10259.999871253967,9719.999742507935,7025.8410171699525
forecast_0447,2025-01-19 15:00:00,10151.999974250793,8423.999691009521,5615.297843518577
forecast_0448,2025-01-19 16:00:00,9828.000283241272,7884.000205993652,5423.434150130319
forecast_0449,2025-01-19 17:00:00,10584.000205993652,9611.99984550476,6952.637290380452
forecast_0450,2025-01-19 18:00:00,11664.000463485718,11015.999794006348,7876.667567061414
forecast_0451,2025-01-19 19:00:00,13392.000102996826,13607.999897003174,8856.580179519682
forecast_0452,2025-01-19 20:00:00,12960.00051498413,13392.000102996826,8346.861235747609
forecast_0453,2025-01-19 21:00:00,14039.99948501587,13284.000205993652,8116.96026946489
forecast_0454,2025-01-19 22:00:00,14256.000566482544,13392.000102996826,8670.517174256333
forecast_0455,2025-01-19 23:00:00,14039.99948501587,12960.00051498413,9305.535019760237
forecast_0456,2025-01-20 00:00:00,12311.99984550476,10692.000102996826,8718.676419978055
forecast_0457,2025-01-20 01:00:00,11664.000463485718,7884.000205993652,5437.864612527884
forecast_0458,2025-01-20 02:00:00,7451.9999742507935,7884.000205993652,5069.901945471239
forecast_0459,2025-01-20 03:00:00,6263.999819755554,6371.999716758728,4322.417336492017
forecast_0460,2025-01-20 04:00:00,6263.999819755554,5292.000102996826,4272.648358306971
forecast_0461,2025-01-20 05:00:00,5615.999794006348,4211.999845504761,3708.0674974122353
forecast_0462,2025-01-20 06:00:00,4103.999948501587,3888.0001544952393,3221.194574784882
forecast_0463,2025-01-20 07:00:00,3888.0001544952393,3779.9999356269836,2956.7081150742165
forecast_0464,2025-01-20 08:00:00,3888.0001544952393,3564.000141620636,2861.788026030794
forecast_0465,2025-01-20 09:00:00,3888.0001544952393,3564.000141620636,2887.19631723607
forecast_0466,2025-01-20 10:00:00,3779.9999356269836,3455.9999227523804,2217.999729068176
forecast_0467,2025-01-20 11:00:00,3779.9999356269836,3131.999909877777,1766.1950858659357
forecast_0468,2025-01-20 12:00:00,3564.000141620636,3024.0000128746033,1719.8599562827928
forecast_0469,2025-01-20 13:00:00,3564.000141620636,3131.999909877777,1823.97998424372
forecast_0470,2025-01-20 14:00:00,3564.000141620636,3240.0001287460327,1787.7918317989709
forecast_0471,2025-01-20 15:00:00,3564.000141620636,3131.999909877777,2125.008808874362
forecast_0472,2025-01-20 16:00:00,3564.000141620636,3348.0000257492065,2082.5470506503325
forecast_0473,2025-01-20 17:00:00,3564.000141620636,3348.0000257492065,2220.9799877562914
forecast_0474,2025-01-20 18:00:00,3348.0000257492065,3240.0001287460327,2518.183126363452
forecast_0475,2025-01-20 19:00:00,3455.9999227523804,3564.000141620636,2598.339966879665
forecast_0476,2025-01-20 20:00:00,3455.9999227523804,3564.000141620636,2853.6158298429264
forecast_0477,2025-01-20 21:00:00,3779.9999356269836,3564.000141620636,2935.5664127477257
forecast_0478,2025-01-20 22:00:00,3888.0001544952393,4103.999948501587,2916.0930753344137
forecast_0479,2025-01-20 23:00:00,3888.0001544952393,3564.000141620636,2861.3668423114987
forecast_0480,2025-01-21 00:00:00,3888.0001544952393,3672.00003862381,2976.389792632107
forecast_0481,2025-01-21 01:00:00,3888.0001544952393,3996.000051498413,2890.4105067314217
forecast_0482,2025-01-21 02:00:00,3888.0001544952393,3888.0001544952393,3454.366505472536
forecast_0483,2025-01-21 03:00:00,4427.99996137619,3888.0001544952393,3629.523297418326
forecast_0484,2025-01-21 04:00:00,4427.99996137619,3888.0001544952393,3595.912292661396
forecast_0485,2025-01-21 05:00:00,4859.999871253967,3888.0001544952393,3213.5291624689858
forecast_0486,2025-01-21 06:00:00,4859.999871253967,3888.0001544952393,3427.5601337222256
forecast_0487,2025-01-21 07:00:00,4751.9999742507935,3888.0001544952393,3483.3453502380676
forecast_0488,2025-01-21 08:00:00,4427.99996137619,3888.0001544952393,3542.4815034926787
forecast_0489,2025-01-21 09:00:00,3996.000051498413,3888.0001544952393,3404.40325605295
forecast_0490,2025-01-21 10:00:00,3888.0001544952393,3888.0001544952393,3269.4675153672715
forecast_0491,2025-01-21 11:00:00,3888.0001544952393,3996.000051498413,3091.259837694939
forecast_0492,2025-01-21 12:00:00,3888.0001544952393,3888.0001544952393,2999.706780546652
forecast_0493,2025-01-21 13:00:00,3888.0001544952393,3672.00003862381,2877.2112353632992
forecast_0494,2025-01-21 14:00:00,3888.0001544952393,3888.0001544952393,2961.447621772342
forecast_0495,2025-01-21 15:00:00,4103.999948501587,3888.0001544952393,3469.862648505243
forecast_0496,2025-01-21 16:00:00,4968.000090122223,4211.999845504761,4187.468131035511
forecast_0497,2025-01-21 17:00:00,6696.000051498413,6911.999845504761,4917.82279703407
forecast_0498,2025-01-21 18:00:00,10044.00007724762,8748.000025749207,6679.105664400903
forecast_0499,2025-01-21 19:00:00,11339.99948501587,11556.000566482544,9032.450871974424
forecast_0500,2025-01-21 20:00:00,13500.0,13284.000205993652,10050.486794768392
forecast_0501,2025-01-21 21:00:00,14580.000257492065,14256.000566482544,10831.058189171992
forecast_0502,2025-01-21 22:00:00,14472.000360488892,14688.00015449524,10817.737294412163
forecast_0503,2025-01-21 23:00:00,14147.999382019043,15011.99984550476,11384.563515555048
forecast_0504,2025-01-22 00:00:00,14147.999382019043,14903.999948501587,10347.66249368654
forecast_0505,2025-01-22 01:00:00,10044.00007724762,11339.99948501587,7194.947467730175
forecast_0506,2025-01-22 02:00:00,13176.000308990479,13823.999691009521,8713.306282274858
forecast_0507,2025-01-22 03:00:00,14147.999382019043,15552.000617980957,10805.51058439984
forecast_0508,2025-01-22 04:00:00,15227.999639511108,15984.000205993652,11139.167972419958
forecast_0509,2025-01-22 05:00:00,13500.0,15660.00051498413,11625.594990869566
forecast_0510,2025-01-22 06:00:00,17603.999948501587,16307.999897003174,12787.84289782808
forecast_0511,2025-01-22 07:00:00,16307.999897003174,15227.999639511108,12021.264007453705
forecast_0512,2025-01-22 08:00:00,16307.999897003174,14580.000257492065,12020.152878191371
forecast_0513,2025-01-22 09:00:00,15660.00051498413,14256.000566482544,11189.80158445372
forecast_0514,2025-01-22 10:00:00,15335.999536514282,13392.000102996826,9732.97233531867
forecast_0515,2025-01-22 11:00:00,13607.999897003174,11988.00015449524,8608.04585357404
forecast_0516,2025-01-22 12:00:00,11988.00015449524,9503.999948501587,7414.470942449318
forecast_0517,2025-01-22 13:00:00,11015.999794006348,8855.99992275238,5359.5521297648265
forecast_0518,2025-01-22 14:00:00,5615.999794006348,6263.999819755554,4356.539748128
forecast_0519,2025-01-22 15:00:00,5183.999884128571,5400.0,3590.0229493288657
forecast_0520,2025-01-22 16:00:00,6155.99992275238,6048.0000257492065,4807.384996628915
forecast_0521,2025-01-22 17:00:00,5615.999794006348,5615.999794006348,4480.499660021066
forecast_0522,2025-01-22 18:00:00,10907.999897003174,9288.00015449524,6530.18161431487
forecast_0523,2025-01-22 19:00:00,9396.000051498413,9611.99984550476,6284.14332078086
forecast_0524,2025-01-22 20:00:00,9071.999716758728,10044.00007724762,6697.40050376503
forecast_0525,2025-01-22 21:00:00,9071.999716758728,10907.999897003174,7434.360245022646
forecast_0526,2025-01-22 22:00:00,9071.999716758728,11339.99948501587,7144.554110954351
forecast_0527,2025-01-22 23:00:00,10151.999974250793,11339.99948501587,7695.007864351234
forecast_0528,2025-01-23 00:00:00,11231.999588012695,11339.99948501587,8052.506781095879
forecast_0529,2025-01-23 01:00:00,14580.000257492065,15443.999433517456,11652.472486160428
forecast_0530,2025-01-23 02:00:00,15119.999742507935,15552.000617980957,11754.83145926613
forecast_0531,2025-01-23 03:00:00,14688.00015449524,15768.000411987305,12122.756215219357
forecast_0532,2025-01-23 04:00:00,14688.00015449524,15552.000617980957,11754.774096320289
forecast_0533,2025-01-23 05:00:00,14256.000566482544,15335.999536514282,10937.1851814207
forecast_0534,2025-01-23 06:00:00,14256.000566482544,14472.000360488892,10095.047271650774
forecast_0535,2025-01-23 07:00:00,11231.999588012695,13284.000205993652,9279.109388062085
forecast_0536,2025-01-23 08:00:00,10367.999768257141,11339.99948501587,7819.692912767792
forecast_0537,2025-01-23 09:00:00,9071.999716758728,9936.000180244446,5687.353730284737
forecast_0538,2025-01-23 10:00:00,4427.99996137619,6371.999716758728,4477.062127939256
forecast_0539,2025-01-23 11:00:00,3888.0001544952393,4320.000064373016,3692.576669426846
forecast_0540,2025-01-23 12:00:00,3888.0001544952393,3888.0001544952393,3460.729616794148
forecast_0541,2025-01-23 13:00:00,3888.0001544952393,3888.0001544952393,2789.6420620840595
forecast_0542,2025-01-23 14:00:00,3888.0001544952393,3888.0001544952393,2542.973995136642
forecast_0543,2025-01-23 15:00:00,3888.0001544952393,3564.000141620636,2339.550094640533
forecast_0544,2025-01-23 16:00:00,3888.0001544952393,3672.00003862381,2140.216011165682
forecast_0545,2025-01-23 17:00:00,3888.0001544952393,3455.9999227523804,2005.59376572316
forecast_0546,2025-01-23 18:00:00,3888.0001544952393,3672.00003862381,2803.2003178692426
forecast_0547,2025-01-23 19:00:00,3888.0001544952393,3888.0001544952393,3381.9890850618126
forecast_0548,2025-01-23 20:00:00,3888.0001544952393,3888.0001544952393,3515.7141239010484
forecast_0549,2025-01-23 21:00:00,3888.0001544952393,3888.0001544952393,3476.129321189349
forecast_0550,2025-01-23 22:00:00,3888.0001544952393,3888.0001544952393,3489.9242387491254
forecast_0551,2025-01-23 23:00:00,4320.000064373016,3888.0001544952393,3782.824332010307
forecast_0552,2025-01-24 00:00:00,4320.000064373016,3888.0001544952393,3273.65284948524
forecast_0553,2025-01-24 01:00:00,3888.0001544952393,3564.000141620636,2765.1496878358103
forecast_0554,2025-01-24 02:00:00,3888.0001544952393,3564.000141620636,2793.0315161891403
forecast_0555,2025-01-24 03:00:00,4103.999948501587,3455.9999227523804,2730.065509693102
forecast_0556,2025-01-24 04:00:00,4103.999948501587,3455.9999227523804,2435.5288402962688
forecast_0557,2025-01-24 05:00:00,3779.9999356269836,3240.0001287460327,2458.6766575545207
forecast_0558,2025-01-24 06:00:00,3779.9999356269836,3131.999909877777,2305.1796063673028
forecast_0559,2025-01-24 07:00:00,3779.9999356269836,3240.0001287460327,2410.460662957144
forecast_0560,2025-01-24 08:00:00,3455.9999227523804,3024.0000128746033,2409.61148253911
forecast_0561,2025-01-24 09:00:00,3779.9999356269836,3131.999909877777,2305.612658766851
forecast_0562,2025-01-24 10:00:00,3672.00003862381,2916.0001158714294,2035.8026775026392
forecast_0563,2025-01-24 11:00:00,3779.9999356269836,2807.999897003174,1988.1333663182115
forecast_0564,2025-01-24 12:00:00,3779.9999356269836,2807.999897003174,2001.6287517989565
forecast_0565,2025-01-24 13:00:00,3348.0000257492065,3024.0000128746033,2240.859042065751
forecast_0566,2025-01-24 14:00:00,3348.0000257492065,3024.0000128746033,2616.214587318241
forecast_0567,2025-01-24 15:00:00,3455.9999227523804,2916.0001158714294,2162.120160081529
forecast_0568,2025-01-24 16:00:00,3348.0000257492065,2916.0001158714294,2017.0439539636272
forecast_0569,2025-01-24 17:00:00,3455.9999227523804,3131.999909877777,2306.37011455321
forecast_0570,2025-01-24 18:00:00,3564.000141620636,3348.0000257492065,2456.0264289502416
forecast_0571,2025-01-24 19:00:00,3888.0001544952393,3455.9999227523804,2362.724954364583
forecast_0572,2025-01-24 20:00:00,4320.000064373016,3888.0001544952393,2889.8068553564904
forecast_0573,2025-01-24 21:00:00,3888.0001544952393,3888.0001544952393,2771.5811907336724
forecast_0574,2025-01-24 22:00:00,4320.000064373016,3888.0001544952393,2874.1753837277734
forecast_0575,2025-01-24 23:00:00,4211.999845504761,5183.999884128571,3229.4985388901187
forecast_0576,2025-01-25 00:00:00,4859.999871253967,5940.000128746033,4353.1374964960505
forecast_0577,2025-01-25 01:00:00,3888.0001544952393,3888.0001544952393,2957.3123336904728
forecast_0578,2025-01-25 02:00:00,3888.0001544952393,3996.000051498413,3023.271809202469
forecast_0579,2025-01-25 03:00:00,4859.999871253967,5292.000102996826,3564.9646152795167
forecast_0580,2025-01-25 04:00:00,6480.000257492065,7776.0003089904785,4926.163343631518
forecast_0581,2025-01-25 05:00:00,6480.000257492065,6803.999948501587,4476.992490798511
forecast_0582,2025-01-25 06:00:00,6480.000257492065,6803.999948501587,4880.626895952194
forecast_0583,2025-01-25 07:00:00,6588.000154495239,7667.999768257141,4926.381731221005
forecast_0584,2025-01-25 08:00:00,4859.999871253967,5940.000128746033,4656.378576714435
forecast_0585,2025-01-25 09:00:00,4859.999871253967,5940.000128746033,4706.665673812286
forecast_0586,2025-01-25 10:00:00,4644.00007724762,4859.999871253967,4817.443575099659
forecast_0587,2025-01-25 11:00:00,4859.999871253967,4859.999871253967,4906.266971545724
forecast_0588,2025-01-25 12:00:00,3996.000051498413,4859.999871253967,4680.216874682184
forecast_0589,2025-01-25 13:00:00,3996.000051498413,3888.0001544952393,4265.629648010625
forecast_0590,2025-01-25 14:00:00,3996.000051498413,3888.0001544952393,4343.894687286206
forecast_0591,2025-01-25 15:00:00,3996.000051498413,3888.0001544952393,3849.435758244364
forecast_0592,2025-01-25 16:00:00,3996.000051498413,3996.000051498413,3601.461183712998
forecast_0593,2025-01-25 17:00:00,4320.000064373016,4644.00007724762,3856.447536626255
forecast_0594,2025-01-25 18:00:00,4320.000064373016,4644.00007724762,4040.866371608404
forecast_0595,2025-01-25 19:00:00,4320.000064373016,4859.999871253967,4115.795017604612
forecast_0596,2025-01-25 20:00:00,4644.00007724762,4859.999871253967,4430.367812509996
forecast_0597,2025-01-25 21:00:00,6588.000154495239,6371.999716758728,4338.184296327536
forecast_0598,2025-01-25 22:00:00,7451.9999742507935,7776.0003089904785,5666.746559896576
forecast_0599,2025-01-25 23:00:00,7451.9999742507935,7776.0003089904785,5916.7380487187775
forecast_0600,2025-01-26 00:00:00,6588.000154495239,7776.0003089904785,5854.145000191113
forecast_0601,2025-01-26 01:00:00,7451.9999742507935,8100.0,6356.642184072622
forecast_0602,2025-01-26 02:00:00,6480.000257492065,7776.0003089904785,5496.542846766024
forecast_0603,2025-01-26 03:00:00,6480.000257492065,7776.0003089904785,5180.8806080724935
forecast_0604,2025-01-26 04:00:00,5940.000128746033,6371.999716758728,4336.231179863404
forecast_0605,2025-01-26 05:00:00,4968.000090122223,5940.000128746033,3911.2389100606906
forecast_0606,2025-01-26 06:00:00,4968.000090122223,5723.9996910095215,3606.070457307579
forecast_0607,2025-01-26 07:00:00,4968.000090122223,4859.999871253967,3408.6392346185185
forecast_0608,2025-01-26 08:00:00,3888.0001544952393,3888.0001544952393,3002.6129615811733
forecast_0609,2025-01-26 09:00:00,3996.000051498413,3888.0001544952393,2535.9388221396216
forecast_0610,2025-01-26 10:00:00,3888.0001544952393,3888.0001544952393,2562.159683844336
forecast_0611,2025-01-26 11:00:00,3779.9999356269836,3348.0000257492065,2398.890009279563
forecast_0612,2025-01-26 12:00:00,3672.00003862381,3240.0001287460327,2510.405992633659
forecast_0613,2025-01-26 13:00:00,3672.00003862381,3240.0001287460327,2188.055861314419
forecast_0614,2025-01-26 14:00:00,3455.9999227523804,3131.999909877777,2096.6394904274257
forecast_0615,2025-01-26 15:00:00,3779.9999356269836,3455.9999227523804,1955.490308641013
forecast_0616,2025-01-26 16:00:00,3779.9999356269836,3131.999909877777,2067.9781201570668
forecast_0617,2025-01-26 17:00:00,3888.0001544952393,3131.999909877777,2101.046686361463
forecast_0618,2025-01-26 18:00:00,3888.0001544952393,3024.0000128746033,1868.4967779577848
forecast_0619,2025-01-26 19:00:00,3888.0001544952393,3131.999909877777,1834.772218535406
forecast_0620,2025-01-26 20:00:00,3779.9999356269836,3348.0000257492065,2302.395431781178
forecast_0621,2025-01-26 21:00:00,3888.0001544952393,3564.000141620636,2395.552159603465
forecast_0622,2025-01-26 22:00:00,3888.0001544952393,3779.9999356269836,2527.031798022721
forecast_0623,2025-01-26 23:00:00,3888.0001544952393,3455.9999227523804,2482.688394229845
forecast_0624,2025-01-27 00:00:00,3779.9999356269836,3564.000141620636,3020.4844082728846
forecast_0625,2025-01-27 01:00:00,3888.0001544952393,3455.9999227523804,3204.8851498067243
forecast_0626,2025-01-27 02:00:00,3888.0001544952393,3455.9999227523804,3150.7184058616467
forecast_0627,2025-01-27 03:00:00,3888.0001544952393,3455.9999227523804,3036.2390990137114
forecast_0628,2025-01-27 04:00:00,3888.0001544952393,3888.0001544952393,3251.7319752318954
forecast_0629,2025-01-27 05:00:00,3888.0001544952393,3779.9999356269836,3475.656831702669
forecast_0630,2025-01-27 06:00:00,3888.0001544952393,3888.0001544952393,3502.4742386011194
forecast_0631,2025-01-27 07:00:00,3888.0001544952393,3888.0001544952393,3849.894991502592
forecast_0632,2025-01-27 08:00:00,4320.000064373016,3888.0001544952393,3817.331653923902
forecast_0633,2025-01-27 09:00:00,3888.0001544952393,3996.000051498413,4445.4643167589975
forecast_0634,2025-01-27 10:00:00,3888.0001544952393,4751.9999742507935,4246.842641024247
forecast_0635,2025-01-27 11:00:00,4644.00007724762,5940.000128746033,4277.202944035527
forecast_0636,2025-01-27 12:00:00,7128.000283241272,10800.0,6438.311183924906
forecast_0637,2025-01-27 13:00:00,13068.000411987305,13284.000205993652,9750.55546600395
forecast_0638,2025-01-27 14:00:00,15119.999742507935,15876.000308990479,13040.047797761792
forecast_0639,2025-01-27 15:00:00,18468.000411987305,18035.999536514282,15593.697623114422
forecast_0640,2025-01-27 16:00:00,18684.000205993652,18576.00030899048,16487.982582749435
forecast_0641,2025-01-27 17:00:00,17927.99963951111,18360.00051498413,16275.515720790449
forecast_0642,2025-01-27 18:00:00,19331.999588012695,17927.99963951111,15704.202341140332
forecast_0643,2025-01-27 19:00:00,19331.999588012695,17496.000051498413,14976.993892697665
forecast_0644,2025-01-27 20:00:00,19547.999382019043,17172.00036048889,15346.812317811293
forecast_0645,2025-01-27 21:00:00,18360.00051498413,17280.000257492065,15180.022522968602
forecast_0646,2025-01-27 22:00:00,18468.000411987305,17711.99984550476,15662.631667353966
forecast_0647,2025-01-27 23:00:00,18252.000617980957,17711.99984550476,15666.102590205135
forecast_0648,2025-01-28 00:00:00,18468.000411987305,17927.99963951111,15253.560640589489
forecast_0649,2025-01-28 01:00:00,18035.999536514282,17927.99963951111,15944.008210370544
forecast_0650,2025-01-28 02:00:00,18252.000617980957,18252.000617980957,15847.029092884675
forecast_0651,2025-01-28 03:00:00,18468.000411987305,17927.99963951111,17121.022309101085
forecast_0652,2025-01-28 04:00:00,18468.000411987305,17927.99963951111,16401.775002116377
forecast_0653,2025-01-28 05:00:00,18468.000411987305,18143.999433517456,16516.902523420787
forecast_0654,2025-01-28 06:00:00,18468.000411987305,18143.999433517456,16691.42157298963
forecast_0655,2025-01-28 07:00:00,18468.000411987305,18252.000617980957,16726.195537131778
forecast_0656,2025-01-28 08:00:00,18252.000617980957,17819.999742507935,15798.163027619668
forecast_0657,2025-01-28 09:00:00,18468.000411987305,17819.999742507935,16111.144195753215
forecast_0658,2025-01-28 10:00:00,18468.000411987305,17496.000051498413,15850.599852040326
forecast_0659,2025-01-28 11:00:00,18468.000411987305,16847.999382019043,15664.206030147998
forecast_0660,2025-01-28 12:00:00,18468.000411987305,17064.000463485718,15349.042395151504
forecast_0661,2025-01-28 13:00:00,18252.000617980957,16523.99969100952,15163.748670810472
forecast_0662,2025-01-28 14:00:00,18468.000411987305,16415.999794006348,14719.296732401925
forecast_0663,2025-01-28 15:00:00,18035.999536514282,16631.999588012695,14375.612580110774
forecast_0664,2025-01-28 16:00:00,18035.999536514282,16847.999382019043,14774.380810841769
forecast_0665,2025-01-28 17:00:00,17819.999742507935,16631.999588012695,14557.783456601404
forecast_0666,2025-01-28 18:00:00,17388.00015449524,17064.000463485718,14829.09315317384
forecast_0667,2025-01-28 19:00:00,17388.00015449524,17280.000257492065,15621.629418915656
forecast_0668,2025-01-28 20:00:00,18035.999536514282,17603.999948501587,16051.954689270968
forecast_0669,2025-01-28 21:00:00,18035.999536514282,17711.99984550476,16360.714673392366
forecast_0670,2025-01-28 22:00:00,18252.000617980957,18143.999433517456,16850.731433283698
forecast_0671,2025-01-28 23:00:00,18035.999536514282,18035.999536514282,16810.189933181697
forecast_0672,2025-01-29 00:00:00,17927.99963951111,17711.99984550476,16681.173254361376
forecast_0673,2025-01-29 01:00:00,18684.000205993652,17172.00036048889,15847.330639748276
forecast_0674,2025-01-29 02:00:00,18684.000205993652,17603.999948501587,16548.827647433784
forecast_0675,2025-01-29 03:00:00,19331.999588012695,17711.99984550476,16542.669223547284
forecast_0676,2025-01-29 04:00:00,19331.999588012695,17603.999948501587,16274.92598614385
forecast_0677,2025-01-29 05:00:00,19547.999382019043,17819.999742507935,16213.021521472783
forecast_0678,2025-01-29 06:00:00,19547.999382019043,17711.99984550476,16230.539116162729
forecast_0679,2025-01-29 07:00:00,19547.999382019043,17927.99963951111,16438.955759138647
forecast_0680,2025-01-29 08:00:00,19331.999588012695,17927.99963951111,16462.028638965054
forecast_0681,2025-01-29 09:00:00,19331.999588012695,18035.999536514282,16599.90649433908
forecast_0682,2025-01-29 10:00:00,19331.999588012695,17711.99984550476,16378.895855095609
forecast_0683,2025-01-29 11:00:00,19007.999897003174,17064.000463485718,15726.249812300364
forecast_0684,2025-01-29 12:00:00,19007.999897003174,16956.000566482544,15080.128991673142
forecast_0685,2025-01-29 13:00:00,18035.999536514282,16956.000566482544,15628.133321536614
forecast_0686,2025-01-29 14:00:00,18035.999536514282,16523.99969100952,14774.978731523783
forecast_0687,2025-01-29 15:00:00,17388.00015449524,16092.000102996826,14551.742825616884
forecast_0688,2025-01-29 16:00:00,16200.0,15552.000617980957,14288.86225585197
forecast_0689,2025-01-29 17:00:00,16200.0,15119.999742507935,13298.299976179123
forecast_0690,2025-01-29 18:00:00,15768.000411987305,15011.99984550476,12416.152782290415
forecast_0691,2025-01-29 19:00:00,17064.000463485718,15552.000617980957,12793.637760304176
forecast_0692,2025-01-29 20:00:00,16631.999588012695,15660.00051498413,12607.560247830444
forecast_0693,2025-01-29 21:00:00,16200.0,15876.000308990479,12981.196593331331
forecast_0694,2025-01-29 22:00:00,16200.0,16200.0,12772.328756979125
forecast_0695,2025-01-29 23:00:00,16200.0,16092.000102996826,11913.131726853844
forecast_0696,2025-01-30 00:00:00,17064.000463485718,16307.999897003174,11636.935030590785
forecast_0697,2025-01-30 01:00:00,16307.999897003174,17064.000463485718,13391.56103862597
forecast_0698,2025-01-30 02:00:00,17064.000463485718,17819.999742507935,13721.05046997202
forecast_0699,2025-01-30 03:00:00,17280.000257492065,17819.999742507935,13680.519343336622
forecast_0700,2025-01-30 04:00:00,17280.000257492065,17711.99984550476,13247.619380710665
forecast_0701,2025-01-30 05:00:00,17280.000257492065,17280.000257492065,12987.63817186283
forecast_0702,2025-01-30 06:00:00,17280.000257492065,17280.000257492065,13240.238827835596
forecast_0703,2025-01-30 07:00:00,17388.00015449524,17280.000257492065,13544.566801839426
forecast_0704,2025-01-30 08:00:00,17388.00015449524,17280.000257492065,13572.341191823936
forecast_0705,2025-01-30 09:00:00,17388.00015449524,17280.000257492065,13625.711250650069
forecast_0706,2025-01-30 10:00:00,17388.00015449524,16847.999382019043,12897.105233582832
forecast_0707,2025-01-30 11:00:00,16200.0,16307.999897003174,12674.884307540913
forecast_0708,2025-01-30 12:00:00,16200.0,15660.00051498413,12591.74429994569
forecast_0709,2025-01-30 13:00:00,16200.0,14903.999948501587,11865.23207313155
forecast_0710,2025-01-30 14:00:00,15768.000411987305,14364.000463485718,11388.415161132269
forecast_0711,2025-01-30 15:00:00,15768.000411987305,14580.000257492065,11278.946374519208
forecast_0712,2025-01-30 16:00:00,15552.000617980957,14364.000463485718,11403.380461072888
forecast_0713,2025-01-30 17:00:00,15119.999742507935,15227.999639511108,12365.702894678838
forecast_0714,2025-01-30 18:00:00,15660.00051498413,16307.999897003174,12999.487391338753
forecast_0715,2025-01-30 19:00:00,14688.00015449524,15984.000205993652,13009.860675406611
forecast_0716,2025-01-30 20:00:00,15443.999433517456,16307.999897003174,14015.47400155092
forecast_0717,2025-01-30 21:00:00,16200.0,16200.0,14109.359544405455
forecast_0718,2025-01-30 22:00:00,16200.0,16523.99969100952,14161.01558327031
forecast_0719,2025-01-30 23:00:00,15119.999742507935,16307.999897003174,14316.812881616994
forecast_0720,2025-01-31 00:00:00,14688.00015449524,15876.000308990479,13261.668159784096
forecast_0721,2025-01-31 01:00:00,17064.000463485718,16523.99969100952,13255.86214524468
forecast_0722,2025-01-31 02:00:00,17819.999742507935,16523.99969100952,13138.75717053139
forecast_0723,2025-01-31 03:00:00,17064.000463485718,16200.0,12817.658141443133
forecast_0724,2025-01-31 04:00:00,17064.000463485718,16307.999897003174,12631.748655722611
forecast_0725,2025-01-31 05:00:00,16739.99948501587,15011.99984550476,12214.217849321902
forecast_0726,2025-01-31 06:00:00,17388.00015449524,15227.999639511108,12601.906461919363
forecast_0727,2025-01-31 07:00:00,16415.999794006348,14580.000257492065,12152.352022187046
forecast_0728,2025-01-31 08:00:00,16631.999588012695,14147.999382019043,12020.041787300515
forecast_0729,2025-01-31 09:00:00,14688.00015449524,13392.000102996826,10840.576820131728
forecast_0730,2025-01-31 10:00:00,13068.000411987305,11880.000257492065,10014.84535450337
forecast_0731,2025-01-31 11:00:00,12527.999639511108,11880.000257492065,10142.197485182203
forecast_0732,2025-01-31 12:00:00,11664.000463485718,10044.00007724762,9087.723728446585
forecast_0733,2025-01-31 13:00:00,10044.00007724762,8423.999691009521,6999.317960843363
forecast_0734,2025-01-31 14:00:00,6911.999845504761,7128.000283241272,5436.683362988599
forecast_0735,2025-01-31 15:00:00,6155.99992275238,7236.000180244446,4297.766858593232
forecast_0736,2025-01-31 16:00:00,6155.99992275238,5075.999987125397,4052.302505957893
forecast_0737,2025-01-31 17:00:00,4320.000064373016,4211.999845504761,3118.310129248392
forecast_0738,2025-01-31 18:00:00,4320.000064373016,4320.000064373016,3288.8501117220767
forecast_0739,2025-01-31 19:00:00,4644.00007724762,4644.00007724762,3742.226084577319
forecast_0740,2025-01-31 20:00:00,4644.00007724762,4644.00007724762,3946.3579025364343
forecast_0741,2025-01-31 21:00:00,4644.00007724762,6911.999845504761,4246.602753705953
forecast_0742,2025-01-31 22:00:00,4320.000064373016,4751.9999742507935,4442.457361096419
forecast_0743,2025-01-31 23:00:00,4644.00007724762,7128.000283241272,4479.982252873248
forecast_0744,2025-02-01 00:00:00,4644.00007724762,4427.99996137619,4023.068310324676
forecast_0745,2025-02-01 01:00:00,6155.99992275238,7559.999871253967,4361.252040591656
forecast_0746,2025-02-01 02:00:00,5075.999987125397,6263.999819755554,4191.622202700937
forecast_0747,2025-02-01 03:00:00,4211.999845504761,4644.00007724762,3715.066883835014
forecast_0748,2025-02-01 04:00:00,4211.999845504761,3888.0001544952393,2919.2844293496782
forecast_0749,2025-02-01 05:00:00,3888.0001544952393,3888.0001544952393,2745.641548254935
forecast_0750,2025-02-01 06:00:00,3888.0001544952393,3672.00003862381,2507.340221121673
forecast_0751,2025-02-01 07:00:00,3779.9999356269836,3564.000141620636,2394.601756879743
forecast_0752,2025-02-01 08:00:00,3888.0001544952393,3564.000141620636,2717.7425541516063
forecast_0753,2025-02-01 09:00:00,3564.000141620636,3131.999909877777,2673.426175396022
forecast_0754,2025-02-01 10:00:00,3888.0001544952393,3024.0000128746033,2551.956727179016
forecast_0755,2025-02-01 11:00:00,3888.0001544952393,3131.999909877777,2358.564690540969
forecast_0756,2025-02-01 12:00:00,3888.0001544952393,3024.0000128746033,2316.6756208147594
forecast_0757,2025-02-01 13:00:00,3779.9999356269836,2807.999897003174,2347.7313550413023
forecast_0758,2025-02-01 14:00:00,3779.9999356269836,3348.0000257492065,2324.684181949646
forecast_0759,2025-02-01 15:00:00,3455.9999227523804,3348.0000257492065,2259.730290149242
forecast_0760,2025-02-01 16:00:00,3779.9999356269836,3348.0000257492065,2431.6467821154047
forecast_0761,2025-02-01 17:00:00,3779.9999356269836,3240.0001287460327,2380.006711820606
forecast_0762,2025-02-01 18:00:00,3455.9999227523804,3240.0001287460327,2569.368585170859
forecast_0763,2025-02-01 19:00:00,3455.9999227523804,3240.0001287460327,2650.2859996560264
forecast_0764,2025-02-01 20:00:00,3455.9999227523804,3240.0001287460327,2694.872976477476
forecast_0765,2025-02-01 21:00:00,3779.9999356269836,3348.0000257492065,2627.4449498333893
forecast_0766,2025-02-01 22:00:00,3779.9999356269836,3564.000141620636,2919.4701085995957
forecast_0767,2025-02-01 23:00:00,3779.9999356269836,3564.000141620636,2898.714042430678
forecast_0768,2025-02-02 00:00:00,3779.9999356269836,3779.9999356269836,3114.630975264264
forecast_0769,2025-02-02 01:00:00,3779.9999356269836,3564.000141620636,2663.3140191907464
forecast_0770,2025-02-02 02:00:00,3888.0001544952393,3564.000141620636,2752.287284463558
forecast_0771,2025-02-02 03:00:00,3779.9999356269836,3455.9999227523804,2662.054345398792
forecast_0772,2025-02-02 04:00:00,3779.9999356269836,3455.9999227523804,2473.035789579365
forecast_0773,2025-02-02 05:00:00,3779.9999356269836,3564.000141620636,2438.55472295115
forecast_0774,2025-02-02 06:00:00,3779.9999356269836,3564.000141620636,2435.2579626762376
forecast_0775,2025-02-02 07:00:00,3888.0001544952393,3564.000141620636,2537.679243692322
forecast_0776,2025-02-02 08:00:00,3888.0001544952393,3779.9999356269836,2565.4819393579123
forecast_0777,2025-02-02 09:00:00,3888.0001544952393,3564.000141620636,2819.6701621980656
forecast_0778,2025-02-02 10:00:00,3888.0001544952393,3564.000141620636,2524.303015419848
forecast_0779,2025-02-02 11:00:00,3888.0001544952393,3564.000141620636,2472.891406046587
forecast_0780,2025-02-02 12:00:00,3888.0001544952393,3888.0001544952393,2873.3853451362165
forecast_0781,2025-02-02 13:00:00,3888.0001544952393,3779.9999356269836,2642.7673224406685
forecast_0782,2025-02-02 14:00:00,3779.9999356269836,3779.9999356269836,2735.934894582372
forecast_0783,2025-02-02 15:00:00,3779.9999356269836,3564.000141620636,2601.906263092903
forecast_0784,2025-02-02 16:00:00,3779.9999356269836,3888.0001544952393,2475.659809113678
forecast_0785,2025-02-02 17:00:00,3888.0001544952393,3672.00003862381,2484.3824335776635
forecast_0786,2025-02-02 18:00:00,4211.999845504761,3888.0001544952393,2519.535053730512
forecast_0787,2025-02-02 19:00:00,9071.999716758728,7128.000283241272,4652.905497941619
forecast_0788,2025-02-02 20:00:00,10151.999974250793,9396.000051498413,6847.553870242739
forecast_0789,2025-02-02 21:00:00,11339.99948501587,10907.999897003174,8052.332035194421
forecast_0790,2025-02-02 22:00:00,15984.000205993652,13823.999691009521,10640.71677348572
forecast_0791,2025-02-02 23:00:00,16739.99948501587,15768.000411987305,12765.576729482586
forecast_0792,2025-02-03 00:00:00,16200.0,15984.000205993652,12581.127365194185
forecast_0793,2025-02-03 01:00:00,19331.999588012695,17603.999948501587,14811.832057736208
forecast_0794,2025-02-03 02:00:00,19331.999588012695,17819.999742507935,14924.50159598662
forecast_0795,2025-02-03 03:00:00,19331.999588012695,17280.000257492065,14488.678731048893
forecast_0796,2025-02-03 04:00:00,17819.999742507935,16739.99948501587,14075.357230140891
forecast_0797,2025-02-03 05:00:00,18468.000411987305,16092.000102996826,13118.057944198425
forecast_0798,2025-02-03 06:00:00,18468.000411987305,15984.000205993652,13119.647905492851
forecast_0799,2025-02-03 07:00:00,18468.000411987305,16092.000102996826,13955.887233671452
forecast_0800,2025-02-03 08:00:00,18252.000617980957,16415.999794006348,13354.785593480248
forecast_0801,2025-02-03 09:00:00,18252.000617980957,16847.999382019043,13312.246417039138
forecast_0802,2025-02-03 10:00:00,15768.000411987305,16200.0,13126.005884805503
forecast_0803,2025-02-03 11:00:00,16200.0,15335.999536514282,12663.94426391162
forecast_0804,2025-02-03 12:00:00,17172.00036048889,16200.0,12574.450630963223
forecast_0805,2025-02-03 13:00:00,15768.000411987305,15335.999536514282,12181.160615715244
forecast_0806,2025-02-03 14:00:00,15768.000411987305,15335.999536514282,12124.11815810449
forecast_0807,2025-02-03 15:00:00,15768.000411987305,15011.99984550476,12465.034236380869
forecast_0808,2025-02-03 16:00:00,15768.000411987305,15011.99984550476,12293.989810691912
forecast_0809,2025-02-03 17:00:00,15768.000411987305,15011.99984550476,13149.472769498729
forecast_0810,2025-02-03 18:00:00,15335.999536514282,14688.00015449524,13406.566309500247
forecast_0811,2025-02-03 19:00:00,17064.000463485718,15119.999742507935,14642.02511659911
forecast_0812,2025-02-03 20:00:00,17388.00015449524,15335.999536514282,15257.324750077209
forecast_0813,2025-02-03 21:00:00,17064.000463485718,15011.99984550476,15102.78645491271
forecast_0814,2025-02-03 22:00:00,17388.00015449524,15011.99984550476,14757.03762258386
forecast_0815,2025-02-03 23:00:00,18468.000411987305,15119.999742507935,14974.956767342015
forecast_0816,2025-02-04 00:00:00,18360.00051498413,16307.999897003174,15227.021696970922
forecast_0817,2025-02-04 01:00:00,17388.00015449524,16739.99948501587,15153.742858702975
forecast_0818,2025-02-04 02:00:00,17388.00015449524,16739.99948501587,14898.932799172042
forecast_0819,2025-02-04 03:00:00,17388.00015449524,16415.999794006348,14228.751004567546
forecast_0820,2025-02-04 04:00:00,17388.00015449524,15335.999536514282,13772.87808182613
forecast_0821,2025-02-04 05:00:00,17388.00015449524,15768.000411987305,14154.289627030535
forecast_0822,2025-02-04 06:00:00,19439.99948501587,16415.999794006348,14193.621507670212
forecast_0823,2025-02-04 07:00:00,19547.999382019043,16739.99948501587,14023.688503808313
forecast_0824,2025-02-04 08:00:00,17388.00015449524,15768.000411987305,13684.296288157871
forecast_0825,2025-02-04 09:00:00,17388.00015449524,16092.000102996826,13149.765262634184
forecast_0826,2025-02-04 10:00:00,15768.000411987305,16200.0,12869.748806562318
forecast_0827,2025-02-04 11:00:00,16847.999382019043,15768.000411987305,12637.117741169925
forecast_0828,2025-02-04 12:00:00,17172.00036048889,15335.999536514282,13439.645127600705
forecast_0829,2025-02-04 13:00:00,16739.99948501587,14903.999948501587,12199.62114644507
forecast_0830,2025-02-04 14:00:00,15119.999742507935,14364.000463485718,11462.91041563378
forecast_0831,2025-02-04 15:00:00,15119.999742507935,14580.000257492065,11408.083707652764
forecast_0832,2025-02-04 16:00:00,15119.999742507935,15335.999536514282,11889.209391315257
forecast_0833,2025-02-04 17:00:00,15768.000411987305,15335.999536514282,12625.335113780053
forecast_0834,2025-02-04 18:00:00,17388.00015449524,15335.999536514282,13018.652632696936
forecast_0835,2025-02-04 19:00:00,15768.000411987305,15227.999639511108,13437.774971137922
forecast_0836,2025-02-04 20:00:00,17388.00015449524,15876.000308990479,14431.439723713902
forecast_0837,2025-02-04 21:00:00,17388.00015449524,16307.999897003174,14333.311379886996
forecast_0838,2025-02-04 22:00:00,17388.00015449524,16739.99948501587,14221.923354835124
forecast_0839,2025-02-04 23:00:00,15768.000411987305,16307.999897003174,13825.471563687504
forecast_0840,2025-02-05 00:00:00,15119.999742507935,16847.999382019043,13610.177894025996
forecast_0841,2025-02-05 01:00:00,15119.999742507935,16847.999382019043,14985.487759925532
forecast_0842,2025-02-05 02:00:00,15768.000411987305,16956.000566482544,14482.290993618011
forecast_0843,2025-02-05 03:00:00,18360.00051498413,16847.999382019043,14393.612884495937
forecast_0844,2025-02-05 04:00:00,17280.000257492065,16739.99948501587,14083.525453061558
forecast_0845,2025-02-05 05:00:00,17280.000257492065,16739.99948501587,13504.20829870302
forecast_0846,2025-02-05 06:00:00,18035.999536514282,16956.000566482544,13915.58715390318
forecast_0847,2025-02-05 07:00:00,18252.000617980957,16739.99948501587,14291.413316491837
forecast_0848,2025-02-05 08:00:00,17388.00015449524,16523.99969100952,13059.703708068304
forecast_0849,2025-02-05 09:00:00,15768.000411987305,16200.0,12643.38560796052
forecast_0850,2025-02-05 10:00:00,15768.000411987305,15335.999536514282,11428.475625012818
forecast_0851,2025-02-05 11:00:00,15768.000411987305,15335.999536514282,11619.485117037502
forecast_0852,2025-02-05 12:00:00,15768.000411987305,15335.999536514282,11859.770073734517
forecast_0853,2025-02-05 13:00:00,15768.000411987305,15335.999536514282,12107.41879874299
forecast_0854,2025-02-05 14:00:00,15768.000411987305,15335.999536514282,12375.878349254675
forecast_0855,2025-02-05 15:00:00,15768.000411987305,15335.999536514282,12025.317603494344
forecast_0856,2025-02-05 16:00:00,15768.000411987305,15335.999536514282,12158.072415181154
forecast_0857,2025-02-05 17:00:00,15768.000411987305,15335.999536514282,12165.320768007266
forecast_0858,2025-02-05 18:00:00,15768.000411987305,14903.999948501587,11604.816227416984
forecast_0859,2025-02-05 19:00:00,15335.999536514282,14580.000257492065,11534.57363509926
forecast_0860,2025-02-05 20:00:00,15119.999742507935,14688.00015449524,13122.718155931869
forecast_0861,2025-02-05 21:00:00,15335.999536514282,15011.99984550476,13439.889085988092
forecast_0862,2025-02-05 22:00:00,17388.00015449524,15660.00051498413,14217.34761447655
forecast_0863,2025-02-05 23:00:00,18360.00051498413,15876.000308990479,14438.27978918311
forecast_0864,2025-02-06 00:00:00,18360.00051498413,15768.000411987305,14116.988388959728
forecast_0865,2025-02-06 01:00:00,17388.00015449524,15011.99984550476,14074.943155155956
forecast_0866,2025-02-06 02:00:00,17388.00015449524,16092.000102996826,14232.749449941486
forecast_0867,2025-02-06 03:00:00,18360.00051498413,16523.99969100952,14923.691081910574
forecast_0868,2025-02-06 04:00:00,19439.99948501587,17064.000463485718,15105.04480066406
forecast_0869,2025-02-06 05:00:00,19547.999382019043,17280.000257492065,15592.043310135145
forecast_0870,2025-02-06 06:00:00,19439.99948501587,17064.000463485718,14523.39128646373
forecast_0871,2025-02-06 07:00:00,19331.999588012695,16523.99969100952,13125.640465397311
forecast_0872,2025-02-06 08:00:00,18360.00051498413,15876.000308990479,12740.553920819608
forecast_0873,2025-02-06 09:00:00,17388.00015449524,15011.99984550476,11916.306287988638
forecast_0874,2025-02-06 10:00:00,15768.000411987305,13500.0,10651.296072645904
forecast_0875,2025-02-06 11:00:00,14688.00015449524,12635.999536514282,9929.029508939808
forecast_0876,2025-02-06 12:00:00,15119.999742507935,12527.999639511108,10174.405745403736
forecast_0877,2025-02-06 13:00:00,15119.999742507935,12743.999433517456,10601.94016673815
forecast_0878,2025-02-06 14:00:00,15660.00051498413,12852.000617980957,12222.502049710012
forecast_0879,2025-02-06 15:00:00,15660.00051498413,13500.0,12813.292636663173
forecast_0880,2025-02-06 16:00:00,15660.00051498413,14039.99948501587,12199.34659818994
forecast_0881,2025-02-06 17:00:00,15119.999742507935,13500.0,11938.859437904
forecast_0882,2025-02-06 18:00:00,15119.999742507935,13823.999691009521,11835.966090383365
forecast_0883,2025-02-06 19:00:00,14688.00015449524,13823.999691009521,12237.830843512314
forecast_0884,2025-02-06 20:00:00,15119.999742507935,14039.99948501587,12803.99826388955
forecast_0885,2025-02-06 21:00:00,15119.999742507935,14256.000566482544,12967.324322734676
forecast_0886,2025-02-06 22:00:00,15552.000617980957,13284.000205993652,10855.62874544586
forecast_0887,2025-02-06 23:00:00,16200.0,12743.999433517456,10458.447006672764
forecast_0888,2025-02-07 00:00:00,15119.999742507935,11123.999691009521,9351.105627128254
forecast_0889,2025-02-07 01:00:00,12311.99984550476,10692.000102996826,5945.118645891776
forecast_0890,2025-02-07 02:00:00,9936.000180244446,10259.999871253967,4664.399032739235
forecast_0891,2025-02-07 03:00:00,10044.00007724762,10692.000102996826,4726.060971326684
forecast_0892,2025-02-07 04:00:00,9180.000257492065,10367.999768257141,3964.513935189619
forecast_0893,2025-02-07 05:00:00,9180.000257492065,10151.999974250793,4526.249353089996
forecast_0894,2025-02-07 06:00:00,5940.000128746033,9288.00015449524,3534.687159278601
forecast_0895,2025-02-07 07:00:00,6263.999819755554,5832.000231742859,3918.0006553643534
forecast_0896,2025-02-07 08:00:00,4320.000064373016,4968.000090122223,2744.3548917137214
forecast_0897,2025-02-07 09:00:00,7884.000205993652,7884.000205993652,3180.829266025773
forecast_0898,2025-02-07 10:00:00,10476.000308990479,8423.999691009521,5112.397306249224
forecast_0899,2025-02-07 11:00:00,14147.999382019043,10476.000308990479,7782.05771802289
forecast_0900,2025-02-07 12:00:00,14688.00015449524,12635.999536514282,10124.434355441072
forecast_0901,2025-02-07 13:00:00,15768.000411987305,13500.0,10218.024426778507
forecast_0902,2025-02-07 14:00:00,15768.000411987305,14147.999382019043,10879.750808532808
forecast_0903,2025-02-07 15:00:00,15768.000411987305,14147.999382019043,10830.659362612194
forecast_0904,2025-02-07 16:00:00,15768.000411987305,14147.999382019043,10587.459471031882
forecast_0905,2025-02-07 17:00:00,15119.999742507935,13607.999897003174,10054.87067465541
forecast_0906,2025-02-07 18:00:00,15119.999742507935,14039.99948501587,10569.382593190316
forecast_0907,2025-02-07 19:00:00,14580.000257492065,12743.999433517456,11932.068575214107
forecast_0908,2025-02-07 20:00:00,14580.000257492065,14580.000257492065,12130.29326835924
forecast_0909,2025-02-07 21:00:00,14688.00015449524,16523.99969100952,13967.103526319594
forecast_0910,2025-02-07 22:00:00,19547.999382019043,16956.000566482544,14002.483529384104
forecast_0911,2025-02-07 23:00:00,19547.999382019043,16956.000566482544,13847.746705053502
forecast_0912,2025-02-08 00:00:00,19547.999382019043,17064.000463485718,14294.36027122422
forecast_0913,2025-02-08 01:00:00,19547.999382019043,16523.99969100952,13636.758446493335
forecast_0914,2025-02-08 02:00:00,19547.999382019043,17280.000257492065,13699.39369619348
forecast_0915,2025-02-08 03:00:00,19980.000257492065,17172.00036048889,14058.306430428302
forecast_0916,2025-02-08 04:00:00,19980.000257492065,17172.00036048889,14511.392048978909
forecast_0917,2025-02-08 05:00:00,19980.000257492065,17280.000257492065,14308.994881634946
forecast_0918,2025-02-08 06:00:00,19980.000257492065,16739.99948501587,14327.30143185952
forecast_0919,2025-02-08 07:00:00,19980.000257492065,16092.000102996826,13326.738295170986
forecast_0920,2025-02-08 08:00:00,19547.999382019043,14472.000360488892,11084.316698687424
forecast_0921,2025-02-08 09:00:00,19439.99948501587,14796.000051498413,10041.215042300915
forecast_0922,2025-02-08 10:00:00,15552.000617980957,11556.000566482544,7783.18127237076
forecast_0923,2025-02-08 11:00:00,10259.999871253967,9288.00015449524,7593.32052244254
forecast_0924,2025-02-08 12:00:00,5615.999794006348,7344.00007724762,6537.647970696705
forecast_0925,2025-02-08 13:00:00,4968.000090122223,5723.9996910095215,5948.062058043027
forecast_0926,2025-02-08 14:00:00,4211.999845504761,5292.000102996826,5149.378088504834
forecast_0927,2025-02-08 15:00:00,4211.999845504761,4968.000090122223,5048.890858576406
forecast_0928,2025-02-08 16:00:00,4211.999845504761,5075.999987125397,5018.846296058853
forecast_0929,2025-02-08 17:00:00,8100.0,6588.000154495239,4894.294914046631
forecast_0930,2025-02-08 18:00:00,8315.999794006348,7128.000283241272,5837.15454023743
forecast_0931,2025-02-08 19:00:00,12743.999433517456,9071.999716758728,7683.74113532023
forecast_0932,2025-02-08 20:00:00,13500.0,9071.999716758728,7766.815692003499
forecast_0933,2025-02-08 21:00:00,14256.000566482544,11447.999382019043,9231.505000903377
forecast_0934,2025-02-08 22:00:00,17496.000051498413,15876.000308990479,12348.532972642452
forecast_0935,2025-02-08 23:00:00,19980.000257492065,16631.999588012695,14527.361751442364
forecast_0936,2025-02-09 00:00:00,19980.000257492065,17603.999948501587,14318.790226956708
forecast_0937,2025-02-09 01:00:00,19547.999382019043,16631.999588012695,13676.318898522986
forecast_0938,2025-02-09 02:00:00,19980.000257492065,16523.99969100952,14212.579856790537
forecast_0939,2025-02-09 03:00:00,19980.000257492065,16631.999588012695,13833.249851691287
forecast_0940,2025-02-09 04:00:00,19980.000257492065,17172.00036048889,14279.223095143872
forecast_0941,2025-02-09 05:00:00,19980.000257492065,18035.999536514282,15055.79898051584
forecast_0942,2025-02-09 06:00:00,19980.000257492065,18035.999536514282,15116.560166765976
forecast_0943,2025-02-09 07:00:00,19980.000257492065,17280.000257492065,14687.914057692731
forecast_0944,2025-02-09 08:00:00,19547.999382019043,16739.99948501587,13031.788099850362
forecast_0945,2025-02-09 09:00:00,19547.999382019043,16631.999588012695,11652.42174799204
forecast_0946,2025-02-09 10:00:00,17819.999742507935,14903.999948501587,10431.486296861594
forecast_0947,2025-02-09 11:00:00,13931.999588012695,13500.0,9120.378803109046
forecast_0948,2025-02-09 12:00:00,10584.000205993652,11880.000257492065,7808.743673004868
forecast_0949,2025-02-09 13:00:00,10044.00007724762,9719.999742507935,7439.400545153477
forecast_0950,2025-02-09 14:00:00,10476.000308990479,10584.000205993652,7347.511208333482
forecast_0951,2025-02-09 15:00:00,11339.99948501587,10692.000102996826,8668.473117664005
forecast_0952,2025-02-09 16:00:00,15984.000205993652,11015.999794006348,8918.51622057812
forecast_0953,2025-02-09 17:00:00,15984.000205993652,11988.00015449524,9864.513990594623
forecast_0954,2025-02-09 18:00:00,16739.99948501587,12960.00051498413,11077.341495387238
forecast_0955,2025-02-09 19:00:00,17172.00036048889,14580.000257492065,11957.872950855532
forecast_0956,2025-02-09 20:00:00,17603.999948501587,15552.000617980957,12456.580099526984
forecast_0957,2025-02-09 21:00:00,16307.999897003174,16739.99948501587,12223.01123105989
forecast_0958,2025-02-09 22:00:00,16307.999897003174,17819.999742507935,13182.281538487689
forecast_0959,2025-02-09 23:00:00,18468.000411987305,17819.999742507935,14066.10007144933
forecast_0960,2025-02-10 00:00:00,19547.999382019043,18143.999433517456,14440.605278462202
forecast_0961,2025-02-10 01:00:00,19547.999382019043,17927.99963951111,14034.88947780981
forecast_0962,2025-02-10 02:00:00,19547.999382019043,18035.999536514282,14604.754531199109
forecast_0963,2025-02-10 03:00:00,19547.999382019043,18143.999433517456,15522.471055091211
forecast_0964,2025-02-10 04:00:00,19547.999382019043,18576.00030899048,16166.17803005641
forecast_0965,2025-02-10 05:00:00,19980.000257492065,18792.000102996826,16909.04313490864
forecast_0966,2025-02-10 06:00:00,19980.000257492065,19439.99948501587,16710.45970886874
forecast_0967,2025-02-10 07:00:00,19980.000257492065,19439.99948501587,16482.58106264588
forecast_0968,2025-02-10 08:00:00,19980.000257492065,18900.0,16055.165810016113
forecast_0969,2025-02-10 09:00:00,19547.999382019043,18792.000102996826,15023.621654033528
forecast_0970,2025-02-10 10:00:00,16200.0,17496.000051498413,13119.296438802528
forecast_0971,2025-02-10 11:00:00,14796.000051498413,15876.000308990479,12333.360884870346
forecast_0972,2025-02-10 12:00:00,14472.000360488892,13607.999897003174,10243.816439736513
forecast_0973,2025-02-10 13:00:00,14796.000051498413,12960.00051498413,10289.033600906132
forecast_0974,2025-02-10 14:00:00,14580.000257492065,12852.000617980957,9692.089046872534
forecast_0975,2025-02-10 15:00:00,14580.000257492065,12635.999536514282,9747.57814546801
forecast_0976,2025-02-10 16:00:00,14364.000463485718,12743.999433517456,9997.0089162704
forecast_0977,2025-02-10 17:00:00,14039.99948501587,12743.999433517456,9966.195058960837
forecast_0978,2025-02-10 18:00:00,14147.999382019043,12743.999433517456,10874.726612730288
forecast_0979,2025-02-10 19:00:00,14796.000051498413,13284.000205993652,10834.268434288711
forecast_0980,2025-02-10 20:00:00,13931.999588012695,13392.000102996826,10274.955344720578
forecast_0981,2025-02-10 21:00:00,12203.999948501587,12311.99984550476,9003.702947018928
forecast_0982,2025-02-10 22:00:00,13931.999588012695,13931.999588012695,9293.670614336064
forecast_0983,2025-02-10 23:00:00,10367.999768257141,11339.99948501587,8599.14635574892
forecast_0984,2025-02-11 00:00:00,10151.999974250793,10367.999768257141,8109.978002172497
forecast_0985,2025-02-11 01:00:00,11231.999588012695,10692.000102996826,8336.953656216796
forecast_0986,2025-02-11 02:00:00,13068.000411987305,11556.000566482544,8537.45427460555
forecast_0987,2025-02-11 03:00:00,13500.0,12527.999639511108,9727.856147459364
forecast_0988,2025-02-11 04:00:00,12852.000617980957,11772.000360488892,9546.7159520486
forecast_0989,2025-02-11 05:00:00,10044.00007724762,10044.00007724762,7255.620273836528
forecast_0990,2025-02-11 06:00:00,7344.00007724762,8423.999691009521,6454.507032983503
forecast_0991,2025-02-11 07:00:00,7776.0003089904785,6588.000154495239,6304.784838823677
forecast_0992,2025-02-11 08:00:00,7559.999871253967,6263.999819755554,5268.539851377101
forecast_0993,2025-02-11 09:00:00,7884.000205993652,4968.000090122223,4649.068249455572
forecast_0994,2025-02-11 10:00:00,4968.000090122223,4211.999845504761,3752.939402844737
forecast_0995,2025-02-11 11:00:00,4427.99996137619,3888.0001544952393,3371.597522332599
forecast_0996,2025-02-11 12:00:00,3888.0001544952393,3888.0001544952393,2923.1443947395555
forecast_0997,2025-02-11 13:00:00,6155.99992275238,3996.000051498413,3157.0697578735108
forecast_0998,2025-02-11 14:00:00,3888.0001544952393,3996.000051498413,2943.0092243689282
forecast_0999,2025-02-11 15:00:00,3888.0001544952393,3996.000051498413,2894.941393903375
forecast_1000,2025-02-11 16:00:00,3888.0001544952393,3779.9999356269836,2596.8949562017847
forecast_1001,2025-02-11 17:00:00,3888.0001544952393,3779.9999356269836,2856.590594805893
forecast_1002,2025-02-11 18:00:00,4211.999845504761,4320.000064373016,3442.943116235469
forecast_1003,2025-02-11 19:00:00,8963.999819755554,7344.00007724762,6097.468763360693
forecast_1004,2025-02-11 20:00:00,10044.00007724762,9719.999742507935,7031.275144275861
forecast_1005,2025-02-11 21:00:00,13500.0,11339.99948501587,7549.428463974791
forecast_1006,2025-02-11 22:00:00,11231.999588012695,12852.000617980957,7928.641063413192
forecast_1007,2025-02-11 23:00:00,19547.999382019043,16631.999588012695,12575.78062468638
forecast_1008,2025-02-12 00:00:00,19980.000257492065,18468.000411987305,14379.71628784246
forecast_1009,2025-02-12 01:00:00,16739.99948501587,17819.999742507935,12181.489805503446
forecast_1010,2025-02-12 02:00:00,19547.999382019043,18684.000205993652,13341.130389621929
forecast_1011,2025-02-12 03:00:00,19547.999382019043,18684.000205993652,13072.712663092654
forecast_1012,2025-02-12 04:00:00,19547.999382019043,18792.000102996826,13158.545146234344
forecast_1013,2025-02-12 05:00:00,19547.999382019043,18143.999433517456,12213.257614582277
forecast_1014,2025-02-12 06:00:00,14256.000566482544,14903.999948501587,10707.979321100103
forecast_1015,2025-02-12 07:00:00,12419.999742507935,10692.000102996826,6724.805490992302
forecast_1016,2025-02-12 08:00:00,6263.999819755554,8423.999691009521,3884.285564473156
forecast_1017,2025-02-12 09:00:00,6263.999819755554,8855.99992275238,4835.684926978049
forecast_1018,2025-02-12 10:00:00,6263.999819755554,9071.999716758728,5148.737511640447
forecast_1019,2025-02-12 11:00:00,10476.000308990479,12096.000051498413,7512.62741968213
forecast_1020,2025-02-12 12:00:00,12743.999433517456,13500.0,9895.575472970218
forecast_1021,2025-02-12 13:00:00,14580.000257492065,14472.000360488892,11336.485366816754
forecast_1022,2025-02-12 14:00:00,14688.00015449524,15335.999536514282,11975.914452491745
forecast_1023,2025-02-12 15:00:00,15660.00051498413,16200.0,13244.313520578922
forecast_1024,2025-02-12 16:00:00,16847.999382019043,16739.99948501587,14098.765476830427
forecast_1025,2025-02-12 17:00:00,17819.999742507935,17172.00036048889,14375.127161842542
forecast_1026,2025-02-12 18:00:00,17819.999742507935,17819.999742507935,14449.79906081296
forecast_1027,2025-02-12 19:00:00,17819.999742507935,17819.999742507935,14716.972912866837
forecast_1028,2025-02-12 20:00:00,17819.999742507935,16956.000566482544,13618.81105754627
forecast_1029,2025-02-12 21:00:00,17711.99984550476,16200.0,12453.685922147804
forecast_1030,2025-02-12 22:00:00,17280.000257492065,16200.0,12733.050013528022
forecast_1031,2025-02-12 23:00:00,17280.000257492065,16200.0,12163.027895273946
forecast_1032,2025-02-13 00:00:00,17064.000463485718,14688.00015449524,11600.39768119236
forecast_1033,2025-02-13 01:00:00,16200.0,13392.000102996826,10820.05026859145
forecast_1034,2025-02-13 02:00:00,16200.0,13607.999897003174,10696.39384707925
forecast_1035,2025-02-13 03:00:00,15768.000411987305,13607.999897003174,10828.846781619646
forecast_1036,2025-02-13 04:00:00,14147.999382019043,12743.999433517456,9523.816159834516
forecast_1037,2025-02-13 05:00:00,13931.999588012695,13607.999897003174,9979.679097943368
forecast_1038,2025-02-13 06:00:00,14688.00015449524,14256.000566482544,12356.316726815205
forecast_1039,2025-02-13 07:00:00,17064.000463485718,15660.00051498413,13245.27982674518
forecast_1040,2025-02-13 08:00:00,17064.000463485718,15876.000308990479,13297.714375385514
forecast_1041,2025-02-13 09:00:00,18035.999536514282,17388.00015449524,13338.125670860354
forecast_1042,2025-02-13 10:00:00,15119.999742507935,16956.000566482544,13061.27797756729
forecast_1043,2025-02-13 11:00:00,15119.999742507935,16092.000102996826,12906.596826210716
forecast_1044,2025-02-13 12:00:00,14796.000051498413,15227.999639511108,12356.71533395522
forecast_1045,2025-02-13 13:00:00,14796.000051498413,15227.999639511108,12965.680521891913
forecast_1046,2025-02-13 14:00:00,15552.000617980957,15552.000617980957,13163.145301940647
forecast_1047,2025-02-13 15:00:00,15119.999742507935,15660.00051498413,13127.679472150094
forecast_1048,2025-02-13 16:00:00,15768.000411987305,15768.000411987305,13284.094541275415
forecast_1049,2025-02-13 17:00:00,17388.00015449524,16956.000566482544,14138.1885044809
forecast_1050,2025-02-13 18:00:00,19331.999588012695,18143.999433517456,15774.762418747328
forecast_1051,2025-02-13 19:00:00,19331.999588012695,18360.00051498413,16097.574228382968
forecast_1052,2025-02-13 20:00:00,19547.999382019043,18684.000205993652,16702.902332821322
forecast_1053,2025-02-13 21:00:00,19656.000566482544,18900.0,17381.743969426934
forecast_1054,2025-02-13 22:00:00,19980.000257492065,19223.99969100952,17384.898112180585
forecast_1055,2025-02-13 23:00:00,19980.000257492065,19223.99969100952,17505.282400789012
forecast_1056,2025-02-14 00:00:00,19980.000257492065,19223.99969100952,17671.31382860605
forecast_1057,2025-02-14 01:00:00,19980.000257492065,19656.000566482544,17590.605189856182
forecast_1058,2025-02-14 02:00:00,19980.000257492065,19656.000566482544,17427.89702936515
forecast_1059,2025-02-14 03:00:00,19980.000257492065,19656.000566482544,17414.524663672142
forecast_1060,2025-02-14 04:00:00,19980.000257492065,19656.000566482544,16978.197061813255
forecast_1061,2025-02-14 05:00:00,19980.000257492065,19656.000566482544,17542.80193398167
forecast_1062,2025-02-14 06:00:00,19980.000257492065,19656.000566482544,17725.548223414906
forecast_1063,2025-02-14 07:00:00,19980.000257492065,19656.000566482544,17612.578377712143
forecast_1064,2025-02-14 08:00:00,19980.000257492065,19656.000566482544,17483.0415311691
forecast_1065,2025-02-14 09:00:00,19980.000257492065,19331.999588012695,16281.47205205068
forecast_1066,2025-02-14 10:00:00,14903.999948501587,17280.000257492065,12465.933385139046
forecast_1067,2025-02-14 11:00:00,12960.00051498413,14796.000051498413,10313.121547228497
forecast_1068,2025-02-14 12:00:00,10692.000102996826,13823.999691009521,9852.896005381284
forecast_1069,2025-02-14 13:00:00,10692.000102996826,12096.000051498413,8619.05792763968
forecast_1070,2025-02-14 14:00:00,11447.999382019043,10476.000308990479,8579.325138371056
forecast_1071,2025-02-14 15:00:00,11447.999382019043,10367.999768257141,8890.30929850443
forecast_1072,2025-02-14 16:00:00,12096.000051498413,12096.000051498413,9690.574797157144
forecast_1073,2025-02-14 17:00:00,12096.000051498413,14147.999382019043,11563.893353993843
forecast_1074,2025-02-14 18:00:00,14580.000257492065,15443.999433517456,12603.83014731102
forecast_1075,2025-02-14 19:00:00,18792.000102996826,16415.999794006348,12597.17905157484
forecast_1076,2025-02-14 20:00:00,19547.999382019043,16092.000102996826,11144.966404987972
forecast_1077,2025-02-14 21:00:00,19547.999382019043,16847.999382019043,11641.141394990775
forecast_1078,2025-02-14 22:00:00,19547.999382019043,17927.99963951111,13437.044016409622
forecast_1079,2025-02-14 23:00:00,19547.999382019043,17280.000257492065,13546.312436910715
forecast_1080,2025-02-15 00:00:00,19980.000257492065,17711.99984550476,14560.888792641608
forecast_1081,2025-02-15 01:00:00,19980.000257492065,16415.999794006348,13080.958392936518
forecast_1082,2025-02-15 02:00:00,19980.000257492065,16956.000566482544,12846.749455829076
forecast_1083,2025-02-15 03:00:00,19547.999382019043,16631.999588012695,12541.832069931206
forecast_1084,2025-02-15 04:00:00,19547.999382019043,16631.999588012695,13026.575951401932
forecast_1085,2025-02-15 05:00:00,19547.999382019043,16631.999588012695,12409.808053911962
forecast_1086,2025-02-15 06:00:00,19439.99948501587,16415.999794006348,12160.023499550223
forecast_1087,2025-02-15 07:00:00,17603.999948501587,15552.000617980957,11232.370191597083
forecast_1088,2025-02-15 08:00:00,15552.000617980957,12852.000617980957,8217.276931704377
forecast_1089,2025-02-15 09:00:00,14039.99948501587,13176.000308990479,7818.750580959816
forecast_1090,2025-02-15 10:00:00,10259.999871253967,11664.000463485718,7240.627605289553
forecast_1091,2025-02-15 11:00:00,13068.000411987305,11339.99948501587,7384.969699334719
forecast_1092,2025-02-15 12:00:00,10476.000308990479,12419.999742507935,8154.389174623083
forecast_1093,2025-02-15 13:00:00,13607.999897003174,13392.000102996826,9605.029417262467
forecast_1094,2025-02-15 14:00:00,15984.000205993652,13823.999691009521,11404.932465000264
forecast_1095,2025-02-15 15:00:00,16200.0,14256.000566482544,11864.396035826883
forecast_1096,2025-02-15 16:00:00,15984.000205993652,14580.000257492065,11805.430559575489
forecast_1097,2025-02-15 17:00:00,17496.000051498413,15984.000205993652,14280.773854289257
forecast_1098,2025-02-15 18:00:00,19331.999588012695,16739.99948501587,14642.912991820462
forecast_1099,2025-02-15 19:00:00,19547.999382019043,18360.00051498413,15584.344507033418
forecast_1100,2025-02-15 20:00:00,19980.000257492065,18684.000205993652,16520.73354112366
forecast_1101,2025-02-15 21:00:00,19980.000257492065,18684.000205993652,16134.09912581408
forecast_1102,2025-02-15 22:00:00,19547.999382019043,19007.999897003174,15515.448622611995
forecast_1103,2025-02-15 23:00:00,19980.000257492065,19115.999794006348,15331.712183582891
forecast_1104,2025-02-16 00:00:00,19980.000257492065,19223.99969100952,15304.623266916366
forecast_1105,2025-02-16 01:00:00,19980.000257492065,19007.999897003174,16686.13231175417
forecast_1106,2025-02-16 02:00:00,19980.000257492065,19115.999794006348,16698.765800912508
forecast_1107,2025-02-16 03:00:00,19980.000257492065,18792.000102996826,15973.090075236754
forecast_1108,2025-02-16 04:00:00,19547.999382019043,18360.00051498413,14823.495101867751
forecast_1109,2025-02-16 05:00:00,17064.000463485718,16739.99948501587,13548.11568635072
forecast_1110,2025-02-16 06:00:00,15335.999536514282,16307.999897003174,12567.819275685712
forecast_1111,2025-02-16 07:00:00,15335.999536514282,15876.000308990479,11782.379600114084
forecast_1112,2025-02-16 08:00:00,15335.999536514282,14364.000463485718,10422.669400595769
forecast_1113,2025-02-16 09:00:00,14472.000360488892,13500.0,9896.432016141622
forecast_1114,2025-02-16 10:00:00,9936.000180244446,10800.0,7790.477375343539
forecast_1115,2025-02-16 11:00:00,9936.000180244446,11339.99948501587,7800.631341226713
forecast_1116,2025-02-16 12:00:00,12096.000051498413,11123.999691009521,6909.755939614004
forecast_1117,2025-02-16 13:00:00,13607.999897003174,11556.000566482544,8548.07992591231
forecast_1118,2025-02-16 14:00:00,14147.999382019043,13392.000102996826,11156.914037897735
forecast_1119,2025-02-16 15:00:00,15660.00051498413,15443.999433517456,13620.931596858583
forecast_1120,2025-02-16 16:00:00,16092.000102996826,17496.000051498413,14863.381953096698
forecast_1121,2025-02-16 17:00:00,17927.99963951111,17280.000257492065,15354.27621942703
forecast_1122,2025-02-16 18:00:00,17927.99963951111,17819.999742507935,15617.381704240846
forecast_1123,2025-02-16 19:00:00,17927.99963951111,17927.99963951111,15650.496372101974
forecast_1124,2025-02-16 20:00:00,17927.99963951111,17927.99963951111,15280.6558405489
forecast_1125,2025-02-16 21:00:00,17819.999742507935,17496.000051498413,14952.352927526115
forecast_1126,2025-02-16 22:00:00,18360.00051498413,18360.00051498413,15581.316400295498
forecast_1127,2025-02-16 23:00:00,17064.000463485718,17280.000257492065,14680.646880706976
forecast_1128,2025-02-17 00:00:00,16847.999382019043,15660.00051498413,13830.48278133228
forecast_1129,2025-02-17 01:00:00,15119.999742507935,13607.999897003174,11468.106027801681
forecast_1130,2025-02-17 02:00:00,15119.999742507935,13607.999897003174,11293.522803512074
forecast_1131,2025-02-17 03:00:00,14688.00015449524,13607.999897003174,11045.09614564662
forecast_1132,2025-02-17 04:00:00,14688.00015449524,13500.0,10630.47776282224
forecast_1133,2025-02-17 05:00:00,14147.999382019043,12203.999948501587,9052.5966491244
forecast_1134,2025-02-17 06:00:00,14147.999382019043,12203.999948501587,8266.321320160323
forecast_1135,2025-02-17 07:00:00,14580.000257492065,12419.999742507935,9197.972451328716
forecast_1136,2025-02-17 08:00:00,14580.000257492065,12743.999433517456,9448.782290259744
forecast_1137,2025-02-17 09:00:00,14580.000257492065,12852.000617980957,9804.686314179204
forecast_1138,2025-02-17 10:00:00,14688.00015449524,12852.000617980957,10061.768839969704
forecast_1139,2025-02-17 11:00:00,14688.00015449524,12635.999536514282,10197.09080126444
forecast_1140,2025-02-17 12:00:00,14688.00015449524,12635.999536514282,9990.611631900543
forecast_1141,2025-02-17 13:00:00,14688.00015449524,12419.999742507935,9516.504782953782
forecast_1142,2025-02-17 14:00:00,14147.999382019043,12096.000051498413,9024.37029187916
forecast_1143,2025-02-17 15:00:00,14147.999382019043,11664.000463485718,8450.012946921503
forecast_1144,2025-02-17 16:00:00,13715.999794006348,10800.0,7950.084613739335
forecast_1145,2025-02-17 17:00:00,12096.000051498413,9719.999742507935,6719.619439127769
forecast_1146,2025-02-17 18:00:00,12096.000051498413,8855.99992275238,5671.778323627461
forecast_1147,2025-02-17 19:00:00,10907.999897003174,7992.000102996826,4931.025590601024
forecast_1148,2025-02-17 20:00:00,10907.999897003174,8100.0,4599.972836939313
forecast_1149,2025-02-17 21:00:00,10476.000308990479,8532.000231742859,5350.3779450162565
forecast_1150,2025-02-17 22:00:00,9936.000180244446,8640.000128746033,5049.262251601348
forecast_1151,2025-02-17 23:00:00,9936.000180244446,9071.999716758728,5906.659849147798
forecast_1152,2025-02-18 00:00:00,9936.000180244446,9503.999948501587,6209.125066341072
forecast_1153,2025-02-18 01:00:00,10367.999768257141,10692.000102996826,7328.466203015863
forecast_1154,2025-02-18 02:00:00,13392.000102996826,12311.99984550476,8894.655970817654
forecast_1155,2025-02-18 03:00:00,13392.000102996826,11880.000257492065,9260.904520180538
forecast_1156,2025-02-18 04:00:00,13392.000102996826,12203.999948501587,10014.134474981647
forecast_1157,2025-02-18 05:00:00,13392.000102996826,13068.000411987305,9712.378037488026
forecast_1158,2025-02-18 06:00:00,13392.000102996826,13715.999794006348,10278.754526451385
forecast_1159,2025-02-18 07:00:00,14147.999382019043,14147.999382019043,10826.203679569508
forecast_1160,2025-02-18 08:00:00,13392.000102996826,13715.999794006348,9084.78849787518
forecast_1161,2025-02-18 09:00:00,13392.000102996826,12635.999536514282,9314.255145742743
forecast_1162,2025-02-18 10:00:00,13715.999794006348,12096.000051498413,8910.479979747863
forecast_1163,2025-02-18 11:00:00,13715.999794006348,12743.999433517456,9846.077935586422
forecast_1164,2025-02-18 12:00:00,14580.000257492065,12419.999742507935,9539.1157467885
forecast_1165,2025-02-18 13:00:00,14796.000051498413,12311.99984550476,9657.544722809653
forecast_1166,2025-02-18 14:00:00,14796.000051498413,12311.99984550476,9588.10889974352
forecast_1167,2025-02-18 15:00:00,14796.000051498413,12096.000051498413,9710.268725636077
forecast_1168,2025-02-18 16:00:00,14796.000051498413,12096.000051498413,9374.578352619468
forecast_1169,2025-02-18 17:00:00,14147.999382019043,11231.999588012695,8884.065155468234
forecast_1170,2025-02-18 18:00:00,14147.999382019043,10584.000205993652,8032.367471078879
forecast_1171,2025-02-18 19:00:00,13392.000102996826,10907.999897003174,8035.537284544036
forecast_1172,2025-02-18 20:00:00,13392.000102996826,10367.999768257141,7462.840339307462
forecast_1173,2025-02-18 21:00:00,12527.999639511108,9719.999742507935,7703.669406326896
forecast_1174,2025-02-18 22:00:00,11447.999382019043,13068.000411987305,9010.042092779247
forecast_1175,2025-02-18 23:00:00,12635.999536514282,13715.999794006348,7969.853741410863
forecast_1176,2025-02-19 00:00:00,13931.999588012695,14147.999382019043,8792.1821904796
forecast_1177,2025-02-19 01:00:00,9180.000257492065,11988.00015449524,7034.539403767506
forecast_1178,2025-02-19 02:00:00,13931.999588012695,14147.999382019043,8603.639112343879
forecast_1179,2025-02-19 03:00:00,13931.999588012695,13931.999588012695,7922.393819269827
forecast_1180,2025-02-19 04:00:00,15335.999536514282,13931.999588012695,8594.491398171742
forecast_1181,2025-02-19 05:00:00,15984.000205993652,14364.000463485718,9759.481689828044
forecast_1182,2025-02-19 06:00:00,15984.000205993652,14472.000360488892,10308.69156375054
forecast_1183,2025-02-19 07:00:00,15984.000205993652,14256.000566482544,9455.90084435455
forecast_1184,2025-02-19 08:00:00,14580.000257492065,12635.999536514282,8190.581651187185
forecast_1185,2025-02-19 09:00:00,13500.0,11447.999382019043,7037.4302481902405
forecast_1186,2025-02-19 10:00:00,9828.000283241272,7344.00007724762,5163.439589281763
forecast_1187,2025-02-19 11:00:00,5183.999884128571,5832.000231742859,4571.661445398714
forecast_1188,2025-02-19 12:00:00,5183.999884128571,4644.00007724762,4101.821637223012
forecast_1189,2025-02-19 13:00:00,5183.999884128571,4644.00007724762,3337.2701939954704
forecast_1190,2025-02-19 14:00:00,6696.000051498413,4644.00007724762,3554.795948784323
forecast_1191,2025-02-19 15:00:00,6696.000051498413,5183.999884128571,3497.156791997315
forecast_1192,2025-02-19 16:00:00,6696.000051498413,5183.999884128571,3353.2975808366405
forecast_1193,2025-02-19 17:00:00,6696.000051498413,5832.000231742859,3435.7451199808584
forecast_1194,2025-02-19 18:00:00,6696.000051498413,6155.99992275238,4611.971864078683
forecast_1195,2025-02-19 19:00:00,8100.0,6803.999948501587,5732.216041420224
forecast_1196,2025-02-19 20:00:00,9396.000051498413,7128.000283241272,5451.179220345855
forecast_1197,2025-02-19 21:00:00,9396.000051498413,7559.999871253967,5628.134340241687
forecast_1198,2025-02-19 22:00:00,9180.000257492065,10692.000102996826,7280.765455458532
forecast_1199,2025-02-19 23:00:00,9936.000180244446,10259.999871253967,6814.649019676973
forecast_1200,2025-02-20 00:00:00,11231.999588012695,10259.999871253967,6824.701798793309
forecast_1201,2025-02-20 01:00:00,11231.999588012695,9503.999948501587,5633.577555424594
forecast_1202,2025-02-20 02:00:00,11447.999382019043,10151.999974250793,6162.978311050202
forecast_1203,2025-02-20 03:00:00,12852.000617980957,10692.000102996826,6175.20516106907
forecast_1204,2025-02-20 04:00:00,12852.000617980957,11123.999691009521,6404.586618132093
forecast_1205,2025-02-20 05:00:00,13284.000205993652,11447.999382019043,6626.597845067872
forecast_1206,2025-02-20 06:00:00,13715.999794006348,11988.00015449524,6795.899993810245
forecast_1207,2025-02-20 07:00:00,15552.000617980957,14472.000360488892,8078.641149828837
forecast_1208,2025-02-20 08:00:00,15984.000205993652,13176.000308990479,8743.701563449467
forecast_1209,2025-02-20 09:00:00,15443.999433517456,13068.000411987305,9303.958988451544
forecast_1210,2025-02-20 10:00:00,13823.999691009521,11880.000257492065,8243.066105184855
forecast_1211,2025-02-20 11:00:00,11556.000566482544,9503.999948501587,6911.985067482731
forecast_1212,2025-02-20 12:00:00,11556.000566482544,9719.999742507935,7025.31114274256
forecast_1213,2025-02-20 13:00:00,11556.000566482544,9611.99984550476,7128.205822408669
forecast_1214,2025-02-20 14:00:00,13500.0,10151.999974250793,7949.387434706131
forecast_1215,2025-02-20 15:00:00,12096.000051498413,10367.999768257141,7399.259507519197
forecast_1216,2025-02-20 16:00:00,12527.999639511108,8640.000128746033,6182.241298480007
forecast_1217,2025-02-20 17:00:00,12203.999948501587,7884.000205993652,5957.508442515759
forecast_1218,2025-02-20 18:00:00,12203.999948501587,9611.99984550476,7480.693898619503
forecast_1219,2025-02-20 19:00:00,12527.999639511108,10367.999768257141,7801.356217343712
forecast_1220,2025-02-20 20:00:00,13392.000102996826,11015.999794006348,9014.767487329498
forecast_1221,2025-02-20 21:00:00,12635.999536514282,11664.000463485718,8440.458143835645
forecast_1222,2025-02-20 22:00:00,10476.000308990479,12311.99984550476,7922.416440028243
forecast_1223,2025-02-20 23:00:00,10476.000308990479,11231.999588012695,6616.651239238614
forecast_1224,2025-02-21 00:00:00,11231.999588012695,11988.00015449524,6851.583678256195
forecast_1225,2025-02-21 01:00:00,10907.999897003174,9719.999742507935,5533.288898822927
forecast_1226,2025-02-21 02:00:00,12635.999536514282,11231.999588012695,5780.598358948609
forecast_1227,2025-02-21 03:00:00,12635.999536514282,11123.999691009521,5839.618090035336
forecast_1228,2025-02-21 04:00:00,13068.000411987305,11664.000463485718,5888.919270547852
forecast_1229,2025-02-21 05:00:00,12852.000617980957,11988.00015449524,6499.936427070638
forecast_1230,2025-02-21 06:00:00,12852.000617980957,11880.000257492065,6591.478131765526
forecast_1231,2025-02-21 07:00:00,12852.000617980957,11988.00015449524,7030.952761646367
forecast_1232,2025-02-21 08:00:00,12960.00051498413,11231.999588012695,7134.015235738234
forecast_1233,2025-02-21 09:00:00,12852.000617980957,10907.999897003174,7096.582675423346
forecast_1234,2025-02-21 10:00:00,8100.0,7344.00007724762,5631.993489285308
forecast_1235,2025-02-21 11:00:00,4211.999845504761,4751.9999742507935,4351.983165372068
forecast_1236,2025-02-21 12:00:00,4320.000064373016,4644.00007724762,3920.6588414993016
forecast_1237,2025-02-21 13:00:00,6696.000051498413,5832.000231742859,4760.382193716032
forecast_1238,2025-02-21 14:00:00,8100.0,5832.000231742859,4948.968051676256
forecast_1239,2025-02-21 15:00:00,8100.0,5615.999794006348,4446.749096918939
forecast_1240,2025-02-21 16:00:00,8100.0,5615.999794006348,4260.976212140238
forecast_1241,2025-02-21 17:00:00,10476.000308990479,7019.999742507935,4943.957592767569
forecast_1242,2025-02-21 18:00:00,12096.000051498413,8855.99992275238,6796.875736740125
forecast_1243,2025-02-21 19:00:00,13392.000102996826,9719.999742507935,8490.157690290167
forecast_1244,2025-02-21 20:00:00,13392.000102996826,9503.999948501587,7803.901530113081
forecast_1245,2025-02-21 21:00:00,13500.0,11556.000566482544,9014.052611646
forecast_1246,2025-02-21 22:00:00,13392.000102996826,12527.999639511108,9411.615979881237
forecast_1247,2025-02-21 23:00:00,13392.000102996826,12852.000617980957,9638.19283716057
forecast_1248,2025-02-22 00:00:00,13392.000102996826,13176.000308990479,9934.7334982521
forecast_1249,2025-02-22 01:00:00,13715.999794006348,14364.000463485718,10615.581846527051
forecast_1250,2025-02-22 02:00:00,14256.000566482544,14147.999382019043,11497.543044314052
forecast_1251,2025-02-22 03:00:00,15119.999742507935,13392.000102996826,11294.632143624029
forecast_1252,2025-02-22 04:00:00,14688.00015449524,12852.000617980957,11172.801420627882
forecast_1253,2025-02-22 05:00:00,14688.00015449524,12635.999536514282,11111.34880360173
forecast_1254,2025-02-22 06:00:00,13931.999588012695,12527.999639511108,9172.541592667372
forecast_1255,2025-02-22 07:00:00,13176.000308990479,12311.99984550476,8335.051337755865
forecast_1256,2025-02-22 08:00:00,11123.999691009521,10044.00007724762,7208.967583075036
forecast_1257,2025-02-22 09:00:00,10259.999871253967,9396.000051498413,6938.297946040972
forecast_1258,2025-02-22 10:00:00,5075.999987125397,6371.999716758728,5225.534926068191
forecast_1259,2025-02-22 11:00:00,3888.0001544952393,4211.999845504761,4371.197131389715
forecast_1260,2025-02-22 12:00:00,3888.0001544952393,3888.0001544952393,4101.997240474919
forecast_1261,2025-02-22 13:00:00,6696.000051498413,4859.999871253967,4486.897311414108
forecast_1262,2025-02-22 14:00:00,8100.0,6155.99992275238,5656.929595812358
forecast_1263,2025-02-22 15:00:00,8100.0,7128.000283241272,5495.274144443916
forecast_1264,2025-02-22 16:00:00,8100.0,6371.999716758728,5007.908604701776
forecast_1265,2025-02-22 17:00:00,10476.000308990479,7884.000205993652,6234.111103236642
forecast_1266,2025-02-22 18:00:00,10476.000308990479,9719.999742507935,7943.049551484966
forecast_1267,2025-02-22 19:00:00,14256.000566482544,11988.00015449524,9440.945146674463
forecast_1268,2025-02-22 20:00:00,15660.00051498413,13176.000308990479,10723.722538304492
forecast_1269,2025-02-22 21:00:00,16200.0,15011.99984550476,13102.675036177015
forecast_1270,2025-02-22 22:00:00,19115.999794006348,16739.99948501587,14916.025375128764
forecast_1271,2025-02-22 23:00:00,19439.99948501587,17064.000463485718,14633.97878885672
forecast_1272,2025-02-23 00:00:00,19547.999382019043,17172.00036048889,15127.64895287312
forecast_1273,2025-02-23 01:00:00,18576.00030899048,17280.000257492065,14322.73922315259
forecast_1274,2025-02-23 02:00:00,19547.999382019043,17388.00015449524,14954.742823716506
forecast_1275,2025-02-23 03:00:00,19547.999382019043,17603.999948501587,15004.071155852716
forecast_1276,2025-02-23 04:00:00,19547.999382019043,17819.999742507935,15399.410478537451
forecast_1277,2025-02-23 05:00:00,19547.999382019043,18143.999433517456,15236.362423130686
forecast_1278,2025-02-23 06:00:00,19547.999382019043,18360.00051498413,15617.727864382214
forecast_1279,2025-02-23 07:00:00,19547.999382019043,18035.999536514282,15770.838342324265
forecast_1280,2025-02-23 08:00:00,19547.999382019043,17927.99963951111,15343.454007129403
forecast_1281,2025-02-23 09:00:00,19439.99948501587,17172.00036048889,14282.954915289269
forecast_1282,2025-02-23 10:00:00,15011.99984550476,16200.0,13327.82213987006
forecast_1283,2025-02-23 11:00:00,15011.99984550476,15335.999536514282,12728.288786127085
forecast_1284,2025-02-23 12:00:00,14796.000051498413,14903.999948501587,12438.786789062224
forecast_1285,2025-02-23 13:00:00,14688.00015449524,14688.00015449524,12009.48552479262
forecast_1286,2025-02-23 14:00:00,14688.00015449524,14580.000257492065,11349.345344473213
forecast_1287,2025-02-23 15:00:00,14688.00015449524,14472.000360488892,11176.196389970062
forecast_1288,2025-02-23 16:00:00,14147.999382019043,13392.000102996826,10602.416067300184
forecast_1289,2025-02-23 17:00:00,14147.999382019043,11123.999691009521,9582.352236560171
forecast_1290,2025-02-23 18:00:00,13715.999794006348,11015.999794006348,8886.980396577863
forecast_1291,2025-02-23 19:00:00,13068.000411987305,11231.999588012695,8699.479115151777
forecast_1292,2025-02-23 20:00:00,12096.000051498413,11231.999588012695,9265.965433835963
forecast_1293,2025-02-23 21:00:00,12635.999536514282,11664.000463485718,10113.513313422289
forecast_1294,2025-02-23 22:00:00,14472.000360488892,15768.000411987305,11421.654240988775
forecast_1295,2025-02-23 23:00:00,15552.000617980957,14580.000257492065,10653.96565840404
forecast_1296,2025-02-24 00:00:00,15984.000205993652,15552.000617980957,11221.760023674817
forecast_1297,2025-02-24 01:00:00,17172.00036048889,15660.00051498413,12001.64415760966
forecast_1298,2025-02-24 02:00:00,18468.000411987305,16631.999588012695,12922.641540543162
forecast_1299,2025-02-24 03:00:00,19547.999382019043,17280.000257492065,13458.16379543343
forecast_1300,2025-02-24 04:00:00,19547.999382019043,17819.999742507935,13871.403201395477
forecast_1301,2025-02-24 05:00:00,19547.999382019043,17711.99984550476,12816.457351520508
forecast_1302,2025-02-24 06:00:00,18468.000411987305,17280.000257492065,12522.68495039724
forecast_1303,2025-02-24 07:00:00,18035.999536514282,16739.99948501587,12214.197171948566
forecast_1304,2025-02-24 08:00:00,18468.000411987305,15011.99984550476,10868.816120984826
forecast_1305,2025-02-24 09:00:00,18468.000411987305,14688.00015449524,11071.747814809052
forecast_1306,2025-02-24 10:00:00,13500.0,11988.00015449524,9718.88008419448
forecast_1307,2025-02-24 11:00:00,10259.999871253967,10692.000102996826,8786.841065851673
forecast_1308,2025-02-24 12:00:00,10259.999871253967,9719.999742507935,7201.849742143751
forecast_1309,2025-02-24 13:00:00,10476.000308990479,9503.999948501587,6732.247846701979
forecast_1310,2025-02-24 14:00:00,11447.999382019043,9719.999742507935,6636.606693415432
forecast_1311,2025-02-24 15:00:00,11556.000566482544,10907.999897003174,7776.427397200392
forecast_1312,2025-02-24 16:00:00,11556.000566482544,10907.999897003174,8106.397715924687
forecast_1313,2025-02-24 17:00:00,11447.999382019043,11880.000257492065,9066.482643016878
forecast_1314,2025-02-24 18:00:00,12203.999948501587,14256.000566482544,10879.430515868416
forecast_1315,2025-02-24 19:00:00,15984.000205993652,14903.999948501587,11742.773774540115
forecast_1316,2025-02-24 20:00:00,17496.000051498413,16631.999588012695,13275.940966816312
forecast_1317,2025-02-24 21:00:00,19547.999382019043,17064.000463485718,14364.17509123034
forecast_1318,2025-02-24 22:00:00,19980.000257492065,19115.999794006348,16808.33979209031
forecast_1319,2025-02-24 23:00:00,19980.000257492065,19331.999588012695,16991.099038022156
forecast_1320,2025-02-25 00:00:00,19980.000257492065,19764.000463485718,17196.759826155267
forecast_1321,2025-02-25 01:00:00,19980.000257492065,19764.000463485718,17093.29520183279
forecast_1322,2025-02-25 02:00:00,19980.000257492065,19764.000463485718,17737.7435025821
forecast_1323,2025-02-25 03:00:00,19980.000257492065,19980.000257492065,18265.486052962624
forecast_1324,2025-02-25 04:00:00,19980.000257492065,20088.00015449524,18141.4594196436
forecast_1325,2025-02-25 05:00:00,19980.000257492065,20088.00015449524,18012.19934517041
forecast_1326,2025-02-25 06:00:00,19980.000257492065,20088.00015449524,18298.779007641377
forecast_1327,2025-02-25 07:00:00,19980.000257492065,20088.00015449524,18389.47115946582
forecast_1328,2025-02-25 08:00:00,19980.000257492065,20088.00015449524,17924.615060196273
forecast_1329,2025-02-25 09:00:00,19980.000257492065,19980.000257492065,18560.79474566622
forecast_1330,2025-02-25 10:00:00,19980.000257492065,19764.000463485718,17722.453900813696
forecast_1331,2025-02-25 11:00:00,19547.999382019043,19547.999382019043,17067.688747180953
forecast_1332,2025-02-25 12:00:00,19547.999382019043,18252.000617980957,16023.126742490182
forecast_1333,2025-02-25 13:00:00,15660.00051498413,16631.999588012695,14138.901719884587
forecast_1334,2025-02-25 14:00:00,18900.0,16847.999382019043,15208.61160875374
forecast_1335,2025-02-25 15:00:00,19331.999588012695,17388.00015449524,15107.433817983394
forecast_1336,2025-02-25 16:00:00,19331.999588012695,18252.000617980957,15405.477348710538
forecast_1337,2025-02-25 17:00:00,18900.0,19115.999794006348,15894.69469080946
forecast_1338,2025-02-25 18:00:00,19547.999382019043,19331.999588012695,17462.998431517146
forecast_1339,2025-02-25 19:00:00,19656.000566482544,19547.999382019043,18088.495943895126
forecast_1340,2025-02-25 20:00:00,19980.000257492065,19547.999382019043,18567.860017916348
forecast_1341,2025-02-25 21:00:00,19656.000566482544,19547.999382019043,18689.29709753646
forecast_1342,2025-02-25 22:00:00,19656.000566482544,19656.000566482544,18650.81347056649
forecast_1343,2025-02-25 23:00:00,19656.000566482544,19439.99948501587,18492.69863864303
forecast_1344,2025-02-26 00:00:00,19656.000566482544,19439.99948501587,18047.050006686528
forecast_1345,2025-02-26 01:00:00,19331.999588012695,19007.999897003174,18242.47076437677
forecast_1346,2025-02-26 02:00:00,19331.999588012695,19115.999794006348,18602.16184988775
forecast_1347,2025-02-26 03:00:00,19331.999588012695,19223.99969100952,18602.462473858603
forecast_1348,2025-02-26 04:00:00,19223.99969100952,19007.999897003174,18381.25390471444
forecast_1349,2025-02-26 05:00:00,19331.999588012695,19115.999794006348,18142.29126287173
forecast_1350,2025-02-26 06:00:00,19331.999588012695,19115.999794006348,17092.739580043602
forecast_1351,2025-02-26 07:00:00,18684.000205993652,19223.99969100952,16441.157329287544
forecast_1352,2025-02-26 08:00:00,17388.00015449524,18684.000205993652,15723.007525403138
forecast_1353,2025-02-26 09:00:00,15335.999536514282,18143.999433517456,14615.39397524561
forecast_1354,2025-02-26 10:00:00,14688.00015449524,15984.000205993652,11990.725796303685
forecast_1355,2025-02-26 11:00:00,14796.000051498413,14256.000566482544,11108.028164091043
forecast_1356,2025-02-26 12:00:00,14147.999382019043,14796.000051498413,11202.51154464922
forecast_1357,2025-02-26 13:00:00,14796.000051498413,13607.999897003174,11274.073762509805
forecast_1358,2025-02-26 14:00:00,14796.000051498413,13284.000205993652,10903.57613793962
forecast_1359,2025-02-26 15:00:00,14796.000051498413,14039.99948501587,10812.598906612006
forecast_1360,2025-02-26 16:00:00,14796.000051498413,14580.000257492065,11253.632671885794
forecast_1361,2025-02-26 17:00:00,14796.000051498413,14580.000257492065,11712.33309118503
forecast_1362,2025-02-26 18:00:00,14796.000051498413,15660.00051498413,12889.263495938005
forecast_1363,2025-02-26 19:00:00,15119.999742507935,17172.00036048889,13812.931561129586
forecast_1364,2025-02-26 20:00:00,17388.00015449524,18684.000205993652,14992.032847698636
forecast_1365,2025-02-26 21:00:00,19331.999588012695,19547.999382019043,16319.723976554184
forecast_1366,2025-02-26 22:00:00,19115.999794006348,19547.999382019043,16305.373326046209
forecast_1367,2025-02-26 23:00:00,16200.0,19223.99969100952,15649.56283563733
forecast_1368,2025-02-27 00:00:00,19547.999382019043,19547.999382019043,16410.14405945847
forecast_1369,2025-02-27 01:00:00,19980.000257492065,19656.000566482544,17353.590347583904
forecast_1370,2025-02-27 02:00:00,19980.000257492065,19764.000463485718,17050.637655904346
forecast_1371,2025-02-27 03:00:00,19980.000257492065,19656.000566482544,17247.460828930154
forecast_1372,2025-02-27 04:00:00,19980.000257492065,19656.000566482544,17041.911688829452
forecast_1373,2025-02-27 05:00:00,19980.000257492065,19439.99948501587,16888.142872153607
forecast_1374,2025-02-27 06:00:00,19980.000257492065,19656.000566482544,16844.535856942603
forecast_1375,2025-02-27 07:00:00,19980.000257492065,19656.000566482544,16256.501011392807
forecast_1376,2025-02-27 08:00:00,19980.000257492065,19223.99969100952,15781.377718721353
forecast_1377,2025-02-27 09:00:00,19980.000257492065,18684.000205993652,15202.617130303364
forecast_1378,2025-02-27 10:00:00,17280.000257492065,17388.00015449524,14693.402729440011
forecast_1379,2025-02-27 11:00:00,15984.000205993652,14796.000051498413,12865.434161914378
forecast_1380,2025-02-27 12:00:00,14580.000257492065,13392.000102996826,11990.748890762105
forecast_1381,2025-02-27 13:00:00,13392.000102996826,11447.999382019043,10311.442536624829
forecast_1382,2025-02-27 14:00:00,11988.00015449524,9071.999716758728,8116.387498824004
forecast_1383,2025-02-27 15:00:00,10692.000102996826,8423.999691009521,6953.715212845982
forecast_1384,2025-02-27 16:00:00,10692.000102996826,8100.0,6875.313128826352
forecast_1385,2025-02-27 17:00:00,10476.000308990479,8640.000128746033,5858.101607295634
forecast_1386,2025-02-27 18:00:00,10907.999897003174,8963.999819755554,5351.552102022802
forecast_1387,2025-02-27 19:00:00,13068.000411987305,11015.999794006348,7569.937827616083
forecast_1388,2025-02-27 20:00:00,13500.0,12203.999948501587,8606.226567329895
forecast_1389,2025-02-27 21:00:00,15984.000205993652,15227.999639511108,10123.783483607262
forecast_1390,2025-02-27 22:00:00,16307.999897003174,16847.999382019043,10718.39415769366
forecast_1391,2025-02-27 23:00:00,16092.000102996826,17172.00036048889,10794.292221334188
forecast_1392,2025-02-28 00:00:00,15984.000205993652,17280.000257492065,9524.914562643446
forecast_1393,2025-02-28 01:00:00,14472.000360488892,16307.999897003174,11402.207308189283
forecast_1394,2025-02-28 02:00:00,15984.000205993652,16415.999794006348,11595.057987840171
forecast_1395,2025-02-28 03:00:00,19331.999588012695,16523.99969100952,12716.73442612818
forecast_1396,2025-02-28 04:00:00,19007.999897003174,17172.00036048889,14513.456571064742
forecast_1397,2025-02-28 05:00:00,19547.999382019043,17927.99963951111,15583.21351563545
forecast_1398,2025-02-28 06:00:00,19547.999382019043,18468.000411987305,16022.475595684518
forecast_1399,2025-02-28 07:00:00,19547.999382019043,18684.000205993652,15732.902467772712
forecast_1400,2025-02-28 08:00:00,17603.999948501587,17280.000257492065,15010.386252317538
forecast_1401,2025-02-28 09:00:00,19547.999382019043,18684.000205993652,16098.801999014591
forecast_1402,2025-02-28 10:00:00,17819.999742507935,17711.99984550476,15517.428023262351
forecast_1403,2025-02-28 11:00:00,15660.00051498413,16847.999382019043,14581.144636443416
forecast_1404,2025-02-28 12:00:00,13823.999691009521,14364.000463485718,10920.601661691202
forecast_1405,2025-02-28 13:00:00,12096.000051498413,13715.999794006348,10441.332448146564
forecast_1406,2025-02-28 14:00:00,12096.000051498413,13068.000411987305,10985.210914540135
forecast_1407,2025-02-28 15:00:00,12096.000051498413,12311.99984550476,10382.20183637496
forecast_1408,2025-02-28 16:00:00,13823.999691009521,12527.999639511108,10285.321226069282
forecast_1409,2025-02-28 17:00:00,15335.999536514282,15443.999433517456,12891.757864653648
forecast_1410,2025-02-28 18:00:00,16739.99948501587,14688.00015449524,12933.63066150458
forecast_1411,2025-02-28 19:00:00,17603.999948501587,14796.000051498413,11372.776254000171
forecast_1412,2025-02-28 20:00:00,17927.99963951111,14256.000566482544,9586.485062728629
forecast_1413,2025-02-28 21:00:00,14256.000566482544,11447.999382019043,8678.688954563982
forecast_1414,2025-02-28 22:00:00,12852.000617980957,11664.000463485718,9362.12823516649
forecast_1415,2025-02-28 23:00:00,13284.000205993652,10800.0,9955.869713111038
forecast_1416,2025-03-01 00:00:00,11123.999691009521,8855.99992275238,6929.991579833546
forecast_1417,2025-03-01 01:00:00,16739.99948501587,11339.99948501587,8893.5151224884
forecast_1418,2025-03-01 02:00:00,9611.99984550476,7884.000205993652,5613.713714161869
forecast_1419,2025-03-01 03:00:00,9396.000051498413,6371.999716758728,4639.154680837405
forecast_1420,2025-03-01 04:00:00,4751.9999742507935,4644.00007724762,3699.362397126582
forecast_1421,2025-03-01 05:00:00,4535.999858379364,3888.0001544952393,3305.0887190967555
forecast_1422,2025-03-01 06:00:00,3888.0001544952393,3888.0001544952393,3470.4211651182313
forecast_1423,2025-03-01 07:00:00,3888.0001544952393,3888.0001544952393,2866.441216020384
forecast_1424,2025-03-01 08:00:00,3888.0001544952393,3779.9999356269836,2836.8771530743734
forecast_1425,2025-03-01 09:00:00,3888.0001544952393,3779.9999356269836,2683.6664629013603
forecast_1426,2025-03-01 10:00:00,3888.0001544952393,3564.000141620636,2605.796649473226
forecast_1427,2025-03-01 11:00:00,3888.0001544952393,3564.000141620636,2749.1754532363525
forecast_1428,2025-03-01 12:00:00,3888.0001544952393,3779.9999356269836,2697.4721382583166
forecast_1429,2025-03-01 13:00:00,3888.0001544952393,3779.9999356269836,2191.33497943445
forecast_1430,2025-03-01 14:00:00,4968.000090122223,4211.999845504761,2734.6294149704736
forecast_1431,2025-03-01 15:00:00,5183.999884128571,4644.00007724762,3132.157863199062
forecast_1432,2025-03-01 16:00:00,6155.99992275238,4644.00007724762,3905.3991466881516
forecast_1433,2025-03-01 17:00:00,6048.0000257492065,4859.999871253967,3997.9571636167634
forecast_1434,2025-03-01 18:00:00,6048.0000257492065,5183.999884128571,3959.993245330541
forecast_1435,2025-03-01 19:00:00,4320.000064373016,4211.999845504761,2670.903266841666
forecast_1436,2025-03-01 20:00:00,3888.0001544952393,3888.0001544952393,2876.1860836741707
forecast_1437,2025-03-01 21:00:00,3996.000051498413,3888.0001544952393,3564.348242456239
forecast_1438,2025-03-01 22:00:00,3888.0001544952393,4103.999948501587,3954.514099865181
forecast_1439,2025-03-01 23:00:00,3888.0001544952393,3779.9999356269836,3907.303471763929
forecast_1440,2025-03-02 00:00:00,3888.0001544952393,3779.9999356269836,3868.435518420814
forecast_1441,2025-03-02 01:00:00,6155.99992275238,6048.0000257492065,3834.846637622605
forecast_1442,2025-03-02 02:00:00,6155.99992275238,5075.999987125397,3623.528637996301
forecast_1443,2025-03-02 03:00:00,6155.99992275238,5075.999987125397,3593.4235135804806
forecast_1444,2025-03-02 04:00:00,6155.99992275238,4644.00007724762,3301.048500618909
forecast_1445,2025-03-02 05:00:00,4644.00007724762,4427.99996137619,3316.39683274354
forecast_1446,2025-03-02 06:00:00,3888.0001544952393,3779.9999356269836,2602.5474079363603
forecast_1447,2025-03-02 07:00:00,3888.0001544952393,3672.00003862381,3016.5230458156016
forecast_1448,2025-03-02 08:00:00,3564.000141620636,3564.000141620636,2794.9013615624926
forecast_1449,2025-03-02 09:00:00,3888.0001544952393,3888.0001544952393,2753.5775693496407
forecast_1450,2025-03-02 10:00:00,4103.999948501587,3888.0001544952393,2708.8622173285894
forecast_1451,2025-03-02 11:00:00,3888.0001544952393,4644.00007724762,2910.5656234708918
forecast_1452,2025-03-02 12:00:00,4103.999948501587,4644.00007724762,3389.5371096496247
forecast_1453,2025-03-02 13:00:00,4644.00007724762,5292.000102996826,3707.6341869920266
forecast_1454,2025-03-02 14:00:00,4644.00007724762,5723.9996910095215,4387.953794457556
forecast_1455,2025-03-02 15:00:00,4751.9999742507935,6588.000154495239,4516.223390582618
forecast_1456,2025-03-02 16:00:00,5723.9996910095215,7992.000102996826,5341.4690398337225
forecast_1457,2025-03-02 17:00:00,6371.999716758728,9288.00015449524,6550.564164379277
forecast_1458,2025-03-02 18:00:00,12419.999742507935,10584.000205993652,8008.892677804295
forecast_1459,2025-03-02 19:00:00,12743.999433517456,13284.000205993652,10000.225890045249
forecast_1460,2025-03-02 20:00:00,12743.999433517456,13284.000205993652,10262.38886245724
forecast_1461,2025-03-02 21:00:00,12743.999433517456,13284.000205993652,10164.643847207706
forecast_1462,2025-03-02 22:00:00,14256.000566482544,14580.000257492065,11669.285364387171
forecast_1463,2025-03-02 23:00:00,14580.000257492065,14580.000257492065,11134.1167493737
forecast_1464,2025-03-03 00:00:00,12743.999433517456,11988.00015449524,10136.125769912533
forecast_1465,2025-03-03 01:00:00,14256.000566482544,16307.999897003174,12404.6546721809
forecast_1466,2025-03-03 02:00:00,14256.000566482544,15876.000308990479,11911.363881673193
forecast_1467,2025-03-03 03:00:00,14256.000566482544,15876.000308990479,12092.26361596621
forecast_1468,2025-03-03 04:00:00,14256.000566482544,16092.000102996826,12551.137287102718
forecast_1469,2025-03-03 05:00:00,14256.000566482544,16200.0,12557.232378560713
forecast_1470,2025-03-03 06:00:00,14472.000360488892,17819.999742507935,12922.29177884266
forecast_1471,2025-03-03 07:00:00,14472.000360488892,17819.999742507935,12870.534978644711
forecast_1472,2025-03-03 08:00:00,14472.000360488892,17819.999742507935,13039.454578519691
forecast_1473,2025-03-03 09:00:00,14472.000360488892,17819.999742507935,12965.401274922802
forecast_1474,2025-03-03 10:00:00,14472.000360488892,17064.000463485718,13038.8941852307
forecast_1475,2025-03-03 11:00:00,14472.000360488892,16847.999382019043,12206.867205991764
forecast_1476,2025-03-03 12:00:00,14472.000360488892,15984.000205993652,12138.205932032655
forecast_1477,2025-03-03 13:00:00,14472.000360488892,15876.000308990479,11428.315397495518
forecast_1478,2025-03-03 14:00:00,14039.99948501587,15660.00051498413,10875.133526098163
forecast_1479,2025-03-03 15:00:00,14039.99948501587,15660.00051498413,10900.972175233917
forecast_1480,2025-03-03 16:00:00,13068.000411987305,15443.999433517456,11565.877809809766
forecast_1481,2025-03-03 17:00:00,13068.000411987305,15768.000411987305,11831.90306779903
forecast_1482,2025-03-03 18:00:00,13823.999691009521,15768.000411987305,11587.35945321676
forecast_1483,2025-03-03 19:00:00,13823.999691009521,15768.000411987305,11323.84202849608
forecast_1484,2025-03-03 20:00:00,13823.999691009521,15443.999433517456,11188.657422991504
forecast_1485,2025-03-03 21:00:00,13823.999691009521,15768.000411987305,11086.718819477264
forecast_1486,2025-03-03 22:00:00,13823.999691009521,16200.0,11714.833930230348
forecast_1487,2025-03-03 23:00:00,13823.999691009521,16200.0,11620.432681313205
forecast_1488,2025-03-04 00:00:00,14256.000566482544,16956.000566482544,11795.119866476032
forecast_1489,2025-03-04 01:00:00,14256.000566482544,17711.99984550476,11526.580578588822
forecast_1490,2025-03-04 02:00:00,14256.000566482544,17603.999948501587,12129.296568354266
forecast_1491,2025-03-04 03:00:00,14256.000566482544,17172.00036048889,11760.44006631686
forecast_1492,2025-03-04 04:00:00,14256.000566482544,17496.000051498413,12349.280135707008
forecast_1493,2025-03-04 05:00:00,14256.000566482544,17496.000051498413,12163.359436294524
forecast_1494,2025-03-04 06:00:00,14256.000566482544,17819.999742507935,12416.661219582704
forecast_1495,2025-03-04 07:00:00,13823.999691009521,17603.999948501587,12530.576633499091
forecast_1496,2025-03-04 08:00:00,13823.999691009521,17603.999948501587,12745.705908009444
forecast_1497,2025-03-04 09:00:00,13823.999691009521,17603.999948501587,13169.112720686951
forecast_1498,2025-03-04 10:00:00,13823.999691009521,17280.000257492065,12969.014123306017
forecast_1499,2025-03-04 11:00:00,13823.999691009521,17280.000257492065,12793.26244462873
forecast_1500,2025-03-04 12:00:00,13823.999691009521,17280.000257492065,12830.806668622838
forecast_1501,2025-03-04 13:00:00,13823.999691009521,17280.000257492065,13249.75897204427
forecast_1502,2025-03-04 14:00:00,13823.999691009521,17280.000257492065,13257.351357928472
forecast_1503,2025-03-04 15:00:00,14039.99948501587,17496.000051498413,12848.214395515151
forecast_1504,2025-03-04 16:00:00,14039.99948501587,17711.99984550476,13081.752961528731
forecast_1505,2025-03-04 17:00:00,14039.99948501587,17496.000051498413,12996.163098553086
forecast_1506,2025-03-04 18:00:00,13823.999691009521,17064.000463485718,12851.608726155904
forecast_1507,2025-03-04 19:00:00,13823.999691009521,16847.999382019043,13005.430058719943
forecast_1508,2025-03-04 20:00:00,13823.999691009521,16200.0,13190.95106628445
forecast_1509,2025-03-04 21:00:00,13823.999691009521,16956.000566482544,12408.653173410723
forecast_1510,2025-03-04 22:00:00,14039.99948501587,16631.999588012695,12327.30950405309
forecast_1511,2025-03-04 23:00:00,14039.99948501587,16200.0,12155.68196210037
forecast_1512,2025-03-05 00:00:00,13823.999691009521,14580.000257492065,11741.017011963018
forecast_1513,2025-03-05 01:00:00,6588.000154495239,8100.0,6210.686240558664
forecast_1514,2025-03-05 02:00:00,5292.000102996826,8100.0,5039.367113712379
forecast_1515,2025-03-05 03:00:00,6803.999948501587,8100.0,5870.829762660901
forecast_1516,2025-03-05 04:00:00,4211.999845504761,5615.999794006348,4792.520452456769
forecast_1517,2025-03-05 05:00:00,4211.999845504761,5292.000102996826,4002.170914720573
forecast_1518,2025-03-05 06:00:00,4103.999948501587,5292.000102996826,4411.878741714154
forecast_1519,2025-03-05 07:00:00,4103.999948501587,4211.999845504761,3614.511862424007
forecast_1520,2025-03-05 08:00:00,3996.000051498413,4751.9999742507935,4135.999598980251
forecast_1521,2025-03-05 09:00:00,4103.999948501587,4859.999871253967,3925.58045084336
forecast_1522,2025-03-05 10:00:00,3888.0001544952393,3888.0001544952393,3121.7997571471874
forecast_1523,2025-03-05 11:00:00,3888.0001544952393,3888.0001544952393,2791.550789525052
forecast_1524,2025-03-05 12:00:00,3888.0001544952393,3455.9999227523804,2744.609332395095
forecast_1525,2025-03-05 13:00:00,3888.0001544952393,3348.0000257492065,2709.0672861217386
forecast_1526,2025-03-05 14:00:00,3779.9999356269836,3564.000141620636,2571.8603764078034
forecast_1527,2025-03-05 15:00:00,3779.9999356269836,3564.000141620636,2382.817133828836
forecast_1528,2025-03-05 16:00:00,3888.0001544952393,3348.0000257492065,2316.2199372442046
forecast_1529,2025-03-05 17:00:00,3888.0001544952393,3348.0000257492065,2214.312586358537
forecast_1530,2025-03-05 18:00:00,3888.0001544952393,3240.0001287460327,2283.801222910005
forecast_1531,2025-03-05 19:00:00,3888.0001544952393,3455.9999227523804,2314.598168059275
forecast_1532,2025-03-05 20:00:00,3888.0001544952393,3779.9999356269836,2495.645166599227
forecast_1533,2025-03-05 21:00:00,3888.0001544952393,3888.0001544952393,2896.294618558577
forecast_1534,2025-03-05 22:00:00,3888.0001544952393,3888.0001544952393,3150.494366436852
forecast_1535,2025-03-05 23:00:00,3888.0001544952393,3779.9999356269836,3013.583912837212
forecast_1536,2025-03-06 00:00:00,3888.0001544952393,3888.0001544952393,2860.335791122929
forecast_1537,2025-03-06 01:00:00,3888.0001544952393,3779.9999356269836,2737.703805444531
forecast_1538,2025-03-06 02:00:00,3888.0001544952393,3779.9999356269836,2725.039965161506
forecast_1539,2025-03-06 03:00:00,3888.0001544952393,3564.000141620636,2649.1532648358866
forecast_1540,2025-03-06 04:00:00,3888.0001544952393,3564.000141620636,2441.934559827848
forecast_1541,2025-03-06 05:00:00,3888.0001544952393,3564.000141620636,2336.8792365647337
forecast_1542,2025-03-06 06:00:00,3888.0001544952393,3348.0000257492065,2900.8287985417555
forecast_1543,2025-03-06 07:00:00,3564.000141620636,3348.0000257492065,2671.894535262524
forecast_1544,2025-03-06 08:00:00,3564.000141620636,3348.0000257492065,2518.519731760298
forecast_1545,2025-03-06 09:00:00,3455.9999227523804,3131.999909877777,2481.5239272828967
forecast_1546,2025-03-06 10:00:00,3779.9999356269836,3240.0001287460327,2295.9746668555026
forecast_1547,2025-03-06 11:00:00,3779.9999356269836,2916.0001158714294,2279.415442115715
forecast_1548,2025-03-06 12:00:00,3779.9999356269836,3240.0001287460327,2198.240805026228
forecast_1549,2025-03-06 13:00:00,3779.9999356269836,3131.999909877777,2349.997579263571
forecast_1550,2025-03-06 14:00:00,3779.9999356269836,3131.999909877777,2347.3315653882123
forecast_1551,2025-03-06 15:00:00,3779.9999356269836,3131.999909877777,2292.2159320220944
forecast_1552,2025-03-06 16:00:00,3564.000141620636,3348.0000257492065,2261.854478131436
forecast_1553,2025-03-06 17:00:00,3564.000141620636,3348.0000257492065,2184.11680212202
forecast_1554,2025-03-06 18:00:00,3564.000141620636,2916.0001158714294,2255.3960530722707
forecast_1555,2025-03-06 19:00:00,3564.000141620636,3131.999909877777,2101.9266125268828
forecast_1556,2025-03-06 20:00:00,3564.000141620636,3455.9999227523804,2406.238412890976
forecast_1557,2025-03-06 21:00:00,3888.0001544952393,3564.000141620636,3436.3163046563923
forecast_1558,2025-03-06 22:00:00,3888.0001544952393,3779.9999356269836,3539.5340723968543
forecast_1559,2025-03-06 23:00:00,3888.0001544952393,3564.000141620636,3441.220786620388
forecast_1560,2025-03-07 00:00:00,3888.0001544952393,3564.000141620636,3171.462695371445
forecast_1561,2025-03-07 01:00:00,3888.0001544952393,3672.00003862381,2795.512198344621
forecast_1562,2025-03-07 02:00:00,3888.0001544952393,3564.000141620636,2873.623681933013
forecast_1563,2025-03-07 03:00:00,3888.0001544952393,3455.9999227523804,2524.265140846251
forecast_1564,2025-03-07 04:00:00,3888.0001544952393,3455.9999227523804,2564.229793850642
forecast_1565,2025-03-07 05:00:00,3888.0001544952393,3564.000141620636,2736.5499381014943
forecast_1566,2025-03-07 06:00:00,3888.0001544952393,3564.000141620636,2707.943035261288
forecast_1567,2025-03-07 07:00:00,3888.0001544952393,3455.9999227523804,2434.4762946414035
forecast_1568,2025-03-07 08:00:00,3888.0001544952393,3455.9999227523804,2587.9183488521458
forecast_1569,2025-03-07 09:00:00,3779.9999356269836,3564.000141620636,2777.877562299445
forecast_1570,2025-03-07 10:00:00,3888.0001544952393,3348.0000257492065,2646.970564423212
forecast_1571,2025-03-07 11:00:00,3779.9999356269836,3455.9999227523804,2366.078458104408
forecast_1572,2025-03-07 12:00:00,3779.9999356269836,3455.9999227523804,2532.839367727446
forecast_1573,2025-03-07 13:00:00,3779.9999356269836,3240.0001287460327,2465.991137052832
forecast_1574,2025-03-07 14:00:00,3779.9999356269836,2700.0,2547.2611510913093
forecast_1575,2025-03-07 15:00:00,3888.0001544952393,3455.9999227523804,2766.309177387542
forecast_1576,2025-03-07 16:00:00,3455.9999227523804,3348.0000257492065,2376.086889790163
forecast_1577,2025-03-07 17:00:00,3779.9999356269836,3455.9999227523804,2594.6082402700204
forecast_1578,2025-03-07 18:00:00,3779.9999356269836,3348.0000257492065,2869.158924375001
forecast_1579,2025-03-07 19:00:00,3779.9999356269836,3564.000141620636,3004.055406534127
forecast_1580,2025-03-07 20:00:00,3888.0001544952393,3564.000141620636,2412.369778932526
forecast_1581,2025-03-07 21:00:00,3888.0001544952393,3455.9999227523804,2367.3981634583606
forecast_1582,2025-03-07 22:00:00,3888.0001544952393,3564.000141620636,2517.835399683768
forecast_1583,2025-03-07 23:00:00,3888.0001544952393,3888.0001544952393,2670.244157635277
forecast_1584,2025-03-08 00:00:00,3888.0001544952393,3888.0001544952393,2885.830512882193
forecast_1585,2025-03-08 01:00:00,4320.000064373016,3888.0001544952393,3687.8310848877272
forecast_1586,2025-03-08 02:00:00,4320.000064373016,3996.000051498413,3504.1059155039434
forecast_1587,2025-03-08 03:00:00,5940.000128746033,4859.999871253967,3517.266186128292
forecast_1588,2025-03-08 04:00:00,6263.999819755554,6803.999948501587,4120.162585514797
forecast_1589,2025-03-08 05:00:00,5940.000128746033,6371.999716758728,3786.2286025739736
forecast_1590,2025-03-08 06:00:00,6263.999819755554,7884.000205993652,4265.043384797887
forecast_1591,2025-03-08 07:00:00,4320.000064373016,7559.999871253967,3792.161929709524
forecast_1592,2025-03-08 08:00:00,6263.999819755554,7559.999871253967,3839.887052781058
forecast_1593,2025-03-08 09:00:00,5940.000128746033,7559.999871253967,4188.709133629536
forecast_1594,2025-03-08 10:00:00,6263.999819755554,6048.0000257492065,4113.439412062403
forecast_1595,2025-03-08 11:00:00,5615.999794006348,5075.999987125397,4198.189239862287
forecast_1596,2025-03-08 12:00:00,4211.999845504761,5075.999987125397,3997.377503947368
forecast_1597,2025-03-08 13:00:00,4211.999845504761,4320.000064373016,3880.0536850480944
forecast_1598,2025-03-08 14:00:00,6048.0000257492065,5832.000231742859,4855.057189663082
forecast_1599,2025-03-08 15:00:00,9288.00015449524,7128.000283241272,4808.1371088445285
forecast_1600,2025-03-08 16:00:00,8100.0,6371.999716758728,5215.96784851096
forecast_1601,2025-03-08 17:00:00,6696.000051498413,7884.000205993652,5986.402235956797
forecast_1602,2025-03-08 18:00:00,10584.000205993652,7884.000205993652,6768.95281933334
forecast_1603,2025-03-08 19:00:00,10907.999897003174,9071.999716758728,8005.268848347216
forecast_1604,2025-03-08 20:00:00,10476.000308990479,9503.999948501587,7305.449776442097
forecast_1605,2025-03-08 21:00:00,10151.999974250793,9180.000257492065,6680.265828295049
forecast_1606,2025-03-08 22:00:00,12311.99984550476,10692.000102996826,6950.2834050507045
forecast_1607,2025-03-08 23:00:00,12311.99984550476,10692.000102996826,6974.462661614353
forecast_1608,2025-03-09 00:00:00,11231.999588012695,10584.000205993652,7357.739225223156
forecast_1609,2025-03-09 01:00:00,7128.000283241272,7344.00007724762,4181.527388064509
forecast_1610,2025-03-09 02:00:00,6263.999819755554,7019.999742507935,4557.079950454321
forecast_1611,2025-03-09 03:00:00,6263.999819755554,6155.99992275238,3986.237981725043
forecast_1612,2025-03-09 04:00:00,4427.99996137619,4320.000064373016,3651.814431545477
forecast_1613,2025-03-09 05:00:00,4103.999948501587,3888.0001544952393,3119.5538393134816
forecast_1614,2025-03-09 06:00:00,4751.9999742507935,3888.0001544952393,3174.1053167774944
forecast_1615,2025-03-09 07:00:00,4859.999871253967,4103.999948501587,3799.419522419523
forecast_1616,2025-03-09 08:00:00,3888.0001544952393,3564.000141620636,2834.7421973288683
forecast_1617,2025-03-09 09:00:00,3779.9999356269836,3240.0001287460327,2354.073208309491
forecast_1618,2025-03-09 10:00:00,3348.0000257492065,2916.0001158714294,2017.6901537067413
forecast_1619,2025-03-09 11:00:00,3348.0000257492065,3024.0000128746033,2220.417201081415
forecast_1620,2025-03-09 12:00:00,3131.999909877777,2267.999929189682,2067.01699332838
forecast_1621,2025-03-09 13:00:00,3455.9999227523804,2916.0001158714294,1965.5636889235368
forecast_1622,2025-03-09 14:00:00,3455.9999227523804,2916.0001158714294,1974.6004877081537
forecast_1623,2025-03-09 15:00:00,3564.000141620636,3024.0000128746033,1823.3257298770127
forecast_1624,2025-03-09 16:00:00,3779.9999356269836,2916.0001158714294,1883.21411851249
forecast_1625,2025-03-09 17:00:00,3455.9999227523804,2807.999897003174,1839.8665352919809
forecast_1626,2025-03-09 18:00:00,3455.9999227523804,3024.0000128746033,2164.500129662255
forecast_1627,2025-03-09 19:00:00,3888.0001544952393,3024.0000128746033,2137.9439606025057
forecast_1628,2025-03-09 20:00:00,3888.0001544952393,3240.0001287460327,2242.666402652462
forecast_1629,2025-03-09 21:00:00,3888.0001544952393,3024.0000128746033,2385.936523055543
forecast_1630,2025-03-09 22:00:00,3888.0001544952393,3131.999909877777,2611.958170285552
forecast_1631,2025-03-09 23:00:00,3888.0001544952393,3564.000141620636,2978.380534256724
forecast_1632,2025-03-10 00:00:00,4103.999948501587,4211.999845504761,3148.9940338182346
forecast_1633,2025-03-10 01:00:00,5075.999987125397,6155.99992275238,4206.288996765017
forecast_1634,2025-03-10 02:00:00,7451.9999742507935,7884.000205993652,4874.49706768438
forecast_1635,2025-03-10 03:00:00,6480.000257492065,7344.00007724762,4352.125946936166
forecast_1636,2025-03-10 04:00:00,6911.999845504761,7559.999871253967,4092.171794781696
forecast_1637,2025-03-10 05:00:00,5615.999794006348,5400.0,3812.5561710288807
forecast_1638,2025-03-10 06:00:00,5615.999794006348,5292.000102996826,3800.330143596965
forecast_1639,2025-03-10 07:00:00,8963.999819755554,7128.000283241272,4482.230949748704
forecast_1640,2025-03-10 08:00:00,8855.99992275238,5615.999794006348,3843.790244190877
forecast_1641,2025-03-10 09:00:00,4644.00007724762,4320.000064373016,3071.7511749093496
forecast_1642,2025-03-10 10:00:00,3888.0001544952393,3888.0001544952393,2927.700043389415
forecast_1643,2025-03-10 11:00:00,3888.0001544952393,3888.0001544952393,3188.400587332186
forecast_1644,2025-03-10 12:00:00,3888.0001544952393,3888.0001544952393,3178.0754642206616
forecast_1645,2025-03-10 13:00:00,3888.0001544952393,3888.0001544952393,3406.7658485813686
forecast_1646,2025-03-10 14:00:00,3888.0001544952393,3888.0001544952393,3006.793382779197
forecast_1647,2025-03-10 15:00:00,3996.000051498413,3888.0001544952393,3333.2508764032355
forecast_1648,2025-03-10 16:00:00,4320.000064373016,4320.000064373016,3228.789166321648
forecast_1649,2025-03-10 17:00:00,4320.000064373016,4320.000064373016,3719.465372722522
forecast_1650,2025-03-10 18:00:00,4427.99996137619,6263.999819755554,4793.131098557624
forecast_1651,2025-03-10 19:00:00,5183.999884128571,7992.000102996826,5178.293827551959
forecast_1652,2025-03-10 20:00:00,9180.000257492065,9503.999948501587,6179.593276078183
forecast_1653,2025-03-10 21:00:00,9180.000257492065,11123.999691009521,7386.120194340909
forecast_1654,2025-03-10 22:00:00,12960.00051498413,15660.00051498413,9992.134996069277
forecast_1655,2025-03-10 23:00:00,13392.000102996826,16307.999897003174,11553.751359639466
forecast_1656,2025-03-11 00:00:00,16307.999897003174,17064.000463485718,13832.365164022158
forecast_1657,2025-03-11 01:00:00,19547.999382019043,18468.000411987305,13552.466363225753
forecast_1658,2025-03-11 02:00:00,19547.999382019043,18576.00030899048,13853.2570632755
forecast_1659,2025-03-11 03:00:00,19547.999382019043,18792.000102996826,14569.168661798356
forecast_1660,2025-03-11 04:00:00,19980.000257492065,19331.999588012695,14447.238650726158
forecast_1661,2025-03-11 05:00:00,19980.000257492065,19331.999588012695,14891.450800995714
forecast_1662,2025-03-11 06:00:00,19980.000257492065,16523.99969100952,12974.040729556957
forecast_1663,2025-03-11 07:00:00,13500.0,11339.99948501587,8882.42784655588
forecast_1664,2025-03-11 08:00:00,11231.999588012695,8100.0,6067.302239410009
forecast_1665,2025-03-11 09:00:00,6048.0000257492065,4211.999845504761,4007.3919065129166
forecast_1666,2025-03-11 10:00:00,4535.999858379364,3888.0001544952393,3105.564000968804
forecast_1667,2025-03-11 11:00:00,3888.0001544952393,3888.0001544952393,2449.0494641062483
forecast_1668,2025-03-11 12:00:00,3888.0001544952393,3888.0001544952393,3034.487014474809
forecast_1669,2025-03-11 13:00:00,3888.0001544952393,3888.0001544952393,2598.414270847274
forecast_1670,2025-03-11 14:00:00,3888.0001544952393,3888.0001544952393,2392.435731329983
forecast_1671,2025-03-11 15:00:00,3888.0001544952393,3888.0001544952393,2333.5644423607764
forecast_1672,2025-03-11 16:00:00,3888.0001544952393,3888.0001544952393,2763.050622235113
forecast_1673,2025-03-11 17:00:00,3888.0001544952393,3888.0001544952393,2933.1991060585083
forecast_1674,2025-03-11 18:00:00,4751.9999742507935,3888.0001544952393,3693.8066430208737
forecast_1675,2025-03-11 19:00:00,5615.999794006348,4751.9999742507935,4746.476714350299
forecast_1676,2025-03-11 20:00:00,7559.999871253967,7128.000283241272,5043.291202566695
forecast_1677,2025-03-11 21:00:00,8963.999819755554,8423.999691009521,6766.643500499929
forecast_1678,2025-03-11 22:00:00,9611.99984550476,9719.999742507935,6084.370044087039
forecast_1679,2025-03-11 23:00:00,18468.000411987305,15227.999639511108,11903.193243868338
forecast_1680,2025-03-12 00:00:00,19980.000257492065,17172.00036048889,13347.008703670352
forecast_1681,2025-03-12 01:00:00,18900.0,15552.000617980957,12024.791889870012
forecast_1682,2025-03-12 02:00:00,17172.00036048889,16200.0,12302.136271271447
forecast_1683,2025-03-12 03:00:00,13500.0,13823.999691009521,9324.067028839763
forecast_1684,2025-03-12 04:00:00,16415.999794006348,16739.99948501587,11511.967379090334
forecast_1685,2025-03-12 05:00:00,19547.999382019043,17819.999742507935,11649.00831555736
forecast_1686,2025-03-12 06:00:00,19547.999382019043,18684.000205993652,14198.178218324314
forecast_1687,2025-03-12 07:00:00,19547.999382019043,18360.00051498413,14591.816897944866
forecast_1688,2025-03-12 08:00:00,19764.000463485718,19007.999897003174,15355.503770012116
forecast_1689,2025-03-12 09:00:00,19980.000257492065,19547.999382019043,16511.59890613698
forecast_1690,2025-03-12 10:00:00,19980.000257492065,18576.00030899048,15278.320785834976
forecast_1691,2025-03-12 11:00:00,19547.999382019043,18035.999536514282,15543.099714235632
forecast_1692,2025-03-12 12:00:00,19547.999382019043,17927.99963951111,14785.321993354935
forecast_1693,2025-03-12 13:00:00,19331.999588012695,17819.999742507935,14828.92392951584
forecast_1694,2025-03-12 14:00:00,19331.999588012695,17927.99963951111,15399.626487450108
forecast_1695,2025-03-12 15:00:00,19331.999588012695,18792.000102996826,15916.768669769748
forecast_1696,2025-03-12 16:00:00,19331.999588012695,19439.99948501587,17334.753604531776
forecast_1697,2025-03-12 17:00:00,19331.999588012695,19223.99969100952,17448.227607871508
forecast_1698,2025-03-12 18:00:00,18900.0,19007.999897003174,16766.339876018214
forecast_1699,2025-03-12 19:00:00,18900.0,18360.00051498413,15640.885582577772
forecast_1700,2025-03-12 20:00:00,17388.00015449524,16200.0,12816.91777286798
forecast_1701,2025-03-12 21:00:00,15227.999639511108,15119.999742507935,13638.265967123933
forecast_1702,2025-03-12 22:00:00,14903.999948501587,14580.000257492065,12699.073248683031
forecast_1703,2025-03-12 23:00:00,14147.999382019043,12960.00051498413,11506.792855524493
forecast_1704,2025-03-13 00:00:00,14580.000257492065,13500.0,11524.304615217805
forecast_1705,2025-03-13 01:00:00,14688.00015449524,13068.000411987305,10252.995771157295
forecast_1706,2025-03-13 02:00:00,16092.000102996826,13607.999897003174,10173.32579053588
forecast_1707,2025-03-13 03:00:00,16200.0,13392.000102996826,10184.92527430356
forecast_1708,2025-03-13 04:00:00,15119.999742507935,13284.000205993652,10284.741581317388
forecast_1709,2025-03-13 05:00:00,14256.000566482544,13823.999691009521,10784.315118023018
forecast_1710,2025-03-13 06:00:00,12960.00051498413,12419.999742507935,9444.684892792317
forecast_1711,2025-03-13 07:00:00,10367.999768257141,11123.999691009521,7784.595076806649
forecast_1712,2025-03-13 08:00:00,11231.999588012695,10692.000102996826,7081.746927917035
forecast_1713,2025-03-13 09:00:00,10259.999871253967,9288.00015449524,6840.402008658551
forecast_1714,2025-03-13 10:00:00,8748.000025749207,7236.000180244446,5285.040759869406
forecast_1715,2025-03-13 11:00:00,4968.000090122223,4211.999845504761,3679.4576198859713
forecast_1716,2025-03-13 12:00:00,4968.000090122223,3888.0001544952393,3548.953109838166
forecast_1717,2025-03-13 13:00:00,4968.000090122223,3996.000051498413,3509.9337142954532
forecast_1718,2025-03-13 14:00:00,3888.0001544952393,3672.00003862381,2705.7359927669686
forecast_1719,2025-03-13 15:00:00,3888.0001544952393,3348.0000257492065,2230.660851812914
forecast_1720,2025-03-13 16:00:00,3888.0001544952393,3131.999909877777,1954.4504564655329
forecast_1721,2025-03-13 17:00:00,3779.9999356269836,2916.0001158714294,1950.112044277531
forecast_1722,2025-03-13 18:00:00,3888.0001544952393,3024.0000128746033,2104.284583276603
forecast_1723,2025-03-13 19:00:00,3888.0001544952393,3455.9999227523804,2302.814468692364
forecast_1724,2025-03-13 20:00:00,4644.00007724762,3888.0001544952393,2987.810863877464
forecast_1725,2025-03-13 21:00:00,4968.000090122223,3888.0001544952393,3156.6913413412185
forecast_1726,2025-03-13 22:00:00,6155.99992275238,4644.00007724762,3648.5956991134976
forecast_1727,2025-03-13 23:00:00,6263.999819755554,4644.00007724762,3532.7716527567845
forecast_1728,2025-03-14 00:00:00,5075.999987125397,3888.0001544952393,2882.309487742497
forecast_1729,2025-03-14 01:00:00,4211.999845504761,3996.000051498413,2998.799473529717
forecast_1730,2025-03-14 02:00:00,3888.0001544952393,3455.9999227523804,2415.6702181672304
forecast_1731,2025-03-14 03:00:00,3888.0001544952393,3455.9999227523804,2327.799245427448
forecast_1732,2025-03-14 04:00:00,3888.0001544952393,3240.0001287460327,2073.8888991019944
forecast_1733,2025-03-14 05:00:00,3888.0001544952393,3131.999909877777,2087.1628166928795
forecast_1734,2025-03-14 06:00:00,3888.0001544952393,3348.0000257492065,2322.535269932793
forecast_1735,2025-03-14 07:00:00,3455.9999227523804,3240.0001287460327,2380.7171861387105
forecast_1736,2025-03-14 08:00:00,3455.9999227523804,3455.9999227523804,2362.5963163694987
forecast_1737,2025-03-14 09:00:00,3455.9999227523804,3240.0001287460327,2153.8796521846
forecast_1738,2025-03-14 10:00:00,3455.9999227523804,3131.999909877777,1945.9866962184897
forecast_1739,2025-03-14 11:00:00,3455.9999227523804,3131.999909877777,2068.8550994997445
forecast_1740,2025-03-14 12:00:00,3455.9999227523804,3131.999909877777,2101.823841744681
forecast_1741,2025-03-14 13:00:00,3455.9999227523804,2916.0001158714294,2002.4328079372967
forecast_1742,2025-03-14 14:00:00,3564.000141620636,2807.999897003174,1921.5831947712463
forecast_1743,2025-03-14 15:00:00,3455.9999227523804,2916.0001158714294,2110.6024700254243
forecast_1744,2025-03-14 16:00:00,3564.000141620636,2591.9999420642853,1932.006950151826
forecast_1745,2025-03-14 17:00:00,3779.9999356269836,2700.0,1803.8748291891663
forecast_1746,2025-03-14 18:00:00,3779.9999356269836,3024.0000128746033,2122.36874349584
forecast_1747,2025-03-14 19:00:00,3888.0001544952393,3564.000141620636,2260.052988316976
forecast_1748,2025-03-14 20:00:00,4103.999948501587,3888.0001544952393,2444.8575731414458
forecast_1749,2025-03-14 21:00:00,4103.999948501587,3888.0001544952393,2675.55927223842
forecast_1750,2025-03-14 22:00:00,4535.999858379364,3888.0001544952393,2621.45898851357
forecast_1751,2025-03-14 23:00:00,4103.999948501587,4103.999948501587,2778.1340364266166
forecast_1752,2025-03-15 00:00:00,4103.999948501587,4103.999948501587,2887.159863349052
forecast_1753,2025-03-15 01:00:00,4535.999858379364,4644.00007724762,3453.8974745731093
forecast_1754,2025-03-15 02:00:00,4535.999858379364,5183.999884128571,3623.94603396052
forecast_1755,2025-03-15 03:00:00,4535.999858379364,5292.000102996826,3476.134272116044
forecast_1756,2025-03-15 04:00:00,4535.999858379364,5615.999794006348,3814.2199922097607
forecast_1757,2025-03-15 05:00:00,4535.999858379364,5615.999794006348,3752.0172757322202
forecast_1758,2025-03-15 06:00:00,4535.999858379364,5292.000102996826,3430.6749733933566
forecast_1759,2025-03-15 07:00:00,4751.9999742507935,5615.999794006348,3242.2237698678555
forecast_1760,2025-03-15 08:00:00,5723.9996910095215,6588.000154495239,3554.2183624719846
forecast_1761,2025-03-15 09:00:00,5723.9996910095215,7128.000283241272,3587.789855589712
forecast_1762,2025-03-15 10:00:00,6803.999948501587,6048.0000257492065,3101.0316010056767
forecast_1763,2025-03-15 11:00:00,3888.0001544952393,5183.999884128571,2979.830223784996
forecast_1764,2025-03-15 12:00:00,3888.0001544952393,5183.999884128571,2964.3688668768714
forecast_1765,2025-03-15 13:00:00,3888.0001544952393,5075.999987125397,3451.8589209496986
forecast_1766,2025-03-15 14:00:00,3888.0001544952393,4427.99996137619,2960.658146217116
forecast_1767,2025-03-15 15:00:00,3888.0001544952393,3888.0001544952393,2821.564127521842
forecast_1768,2025-03-15 16:00:00,3779.9999356269836,3888.0001544952393,2546.193523898704
forecast_1769,2025-03-15 17:00:00,3888.0001544952393,3888.0001544952393,2450.0521363232533
forecast_1770,2025-03-15 18:00:00,3888.0001544952393,3888.0001544952393,2753.57977090906
forecast_1771,2025-03-15 19:00:00,3888.0001544952393,3888.0001544952393,2670.787588372563
forecast_1772,2025-03-15 20:00:00,4103.999948501587,4427.99996137619,3125.101498152128
forecast_1773,2025-03-15 21:00:00,4211.999845504761,4644.00007724762,3190.0739310009935
forecast_1774,2025-03-15 22:00:00,4211.999845504761,4427.99996137619,3480.398534631869
forecast_1775,2025-03-15 23:00:00,3888.0001544952393,3888.0001544952393,2869.435926188469
forecast_1776,2025-03-16 00:00:00,3888.0001544952393,3888.0001544952393,2902.427745546867
forecast_1777,2025-03-16 01:00:00,3996.000051498413,3888.0001544952393,2376.999409041214
forecast_1778,2025-03-16 02:00:00,3888.0001544952393,3779.9999356269836,2217.402264069895
forecast_1779,2025-03-16 03:00:00,3888.0001544952393,3564.000141620636,2291.93971706026
forecast_1780,2025-03-16 04:00:00,3888.0001544952393,3455.9999227523804,2285.165811698316
forecast_1781,2025-03-16 05:00:00,3888.0001544952393,3348.0000257492065,2151.1501367975343
forecast_1782,2025-03-16 06:00:00,3888.0001544952393,3240.0001287460327,2285.849178557597
forecast_1783,2025-03-16 07:00:00,3888.0001544952393,3240.0001287460327,2461.2448847339406
forecast_1784,2025-03-16 08:00:00,3888.0001544952393,3131.999909877777,2538.540329679433
forecast_1785,2025-03-16 09:00:00,3888.0001544952393,3240.0001287460327,2412.318689019882
forecast_1786,2025-03-16 10:00:00,3888.0001544952393,3348.0000257492065,2428.3166401516955
forecast_1787,2025-03-16 11:00:00,3888.0001544952393,3672.00003862381,2541.722256415549
forecast_1788,2025-03-16 12:00:00,3888.0001544952393,3779.9999356269836,2852.705634912682
forecast_1789,2025-03-16 13:00:00,3888.0001544952393,3779.9999356269836,3087.5644141569287
forecast_1790,2025-03-16 14:00:00,3888.0001544952393,3888.0001544952393,3417.837756541779
forecast_1791,2025-03-16 15:00:00,4427.99996137619,4968.000090122223,4353.676411282193
forecast_1792,2025-03-16 16:00:00,5292.000102996826,7451.9999742507935,5861.925823560161
forecast_1793,2025-03-16 17:00:00,6911.999845504761,7884.000205993652,6511.456576531906
forecast_1794,2025-03-16 18:00:00,5507.999897003174,7019.999742507935,6682.357359078956
forecast_1795,2025-03-16 19:00:00,7344.00007724762,8207.999897003174,7235.921931948597
forecast_1796,2025-03-16 20:00:00,12960.00051498413,10692.000102996826,9417.661788958943
forecast_1797,2025-03-16 21:00:00,14039.99948501587,12203.999948501587,11923.8334049509
forecast_1798,2025-03-16 22:00:00,13500.0,13068.000411987305,11961.95066546899
forecast_1799,2025-03-16 23:00:00,12852.000617980957,11880.000257492065,8078.542633605716
forecast_1800,2025-03-17 00:00:00,9936.000180244446,7776.0003089904785,4745.552743701815
forecast_1801,2025-03-17 01:00:00,15119.999742507935,15984.000205993652,12589.035623605185
forecast_1802,2025-03-17 02:00:00,14580.000257492065,14364.000463485718,10117.33584532232
forecast_1803,2025-03-17 03:00:00,10907.999897003174,10476.000308990479,6345.261586546279
forecast_1804,2025-03-17 04:00:00,9936.000180244446,9288.00015449524,6826.197769667189
forecast_1805,2025-03-17 05:00:00,7019.999742507935,8100.0,7841.442649245398
forecast_1806,2025-03-17 06:00:00,10692.000102996826,8855.99992275238,8076.482764545123
forecast_1807,2025-03-17 07:00:00,4644.00007724762,4859.999871253967,4314.765157904868
forecast_1808,2025-03-17 08:00:00,4320.000064373016,4320.000064373016,3916.610672715711
forecast_1809,2025-03-17 09:00:00,3888.0001544952393,3888.0001544952393,4300.309766157523
forecast_1810,2025-03-17 10:00:00,3888.0001544952393,3888.0001544952393,3903.321922516008
forecast_1811,2025-03-17 11:00:00,3888.0001544952393,3888.0001544952393,4200.718317803508
forecast_1812,2025-03-17 12:00:00,4211.999845504761,4644.00007724762,3946.039742290903
forecast_1813,2025-03-17 13:00:00,6371.999716758728,7128.000283241272,5831.942474502893
forecast_1814,2025-03-17 14:00:00,9288.00015449524,7128.000283241272,6952.294446604181
forecast_1815,2025-03-17 15:00:00,11988.00015449524,8532.000231742859,8317.565993121223
forecast_1816,2025-03-17 16:00:00,11664.000463485718,8963.999819755554,7359.484667547286
forecast_1817,2025-03-17 17:00:00,11664.000463485718,8423.999691009521,6997.467876430455
forecast_1818,2025-03-17 18:00:00,11772.000360488892,8963.999819755554,6539.223738279552
forecast_1819,2025-03-17 19:00:00,11015.999794006348,9936.000180244446,7204.39607406897
forecast_1820,2025-03-17 20:00:00,9936.000180244446,10044.00007724762,7450.990620872981
forecast_1821,2025-03-17 21:00:00,11664.000463485718,10692.000102996826,9780.570647518907
forecast_1822,2025-03-17 22:00:00,13500.0,13823.999691009521,11308.904233863905
forecast_1823,2025-03-17 23:00:00,12203.999948501587,12096.000051498413,9724.368278353111
forecast_1824,2025-03-18 00:00:00,10151.999974250793,9180.000257492065,7036.822854623723
forecast_1825,2025-03-18 01:00:00,7236.000180244446,9288.00015449524,4930.686911199498
forecast_1826,2025-03-18 02:00:00,5940.000128746033,6263.999819755554,4368.695623478991
forecast_1827,2025-03-18 03:00:00,4968.000090122223,5940.000128746033,4326.265213213124
forecast_1828,2025-03-18 04:00:00,4968.000090122223,5832.000231742859,3885.8475541776033
forecast_1829,2025-03-18 05:00:00,4968.000090122223,5075.999987125397,3436.4251458390677
forecast_1830,2025-03-18 06:00:00,4968.000090122223,4859.999871253967,3308.4449619713014
forecast_1831,2025-03-18 07:00:00,3888.0001544952393,3888.0001544952393,2719.304442875106
forecast_1832,2025-03-18 08:00:00,3888.0001544952393,3888.0001544952393,3114.877552490492
forecast_1833,2025-03-18 09:00:00,4320.000064373016,3996.000051498413,3668.7903364339577
forecast_1834,2025-03-18 10:00:00,3888.0001544952393,3888.0001544952393,3397.8595253347808
forecast_1835,2025-03-18 11:00:00,3888.0001544952393,3779.9999356269836,3021.3794236733243
forecast_1836,2025-03-18 12:00:00,3888.0001544952393,3888.0001544952393,2966.34124478404
forecast_1837,2025-03-18 13:00:00,3888.0001544952393,3564.000141620636,2548.744563556947
forecast_1838,2025-03-18 14:00:00,4320.000064373016,3888.0001544952393,3249.51696260726
forecast_1839,2025-03-18 15:00:00,4644.00007724762,4859.999871253967,4572.673770616295
forecast_1840,2025-03-18 16:00:00,10692.000102996826,8100.0,6514.954622221402
forecast_1841,2025-03-18 17:00:00,13068.000411987305,12635.999536514282,10747.140735889736
forecast_1842,2025-03-18 18:00:00,13068.000411987305,12419.999742507935,11259.060001023348
forecast_1843,2025-03-18 19:00:00,12635.999536514282,11772.000360488892,10872.278397447793
forecast_1844,2025-03-18 20:00:00,12635.999536514282,11231.999588012695,10060.011631920566
forecast_1845,2025-03-18 21:00:00,11447.999382019043,9611.99984550476,8381.043412442885
forecast_1846,2025-03-18 22:00:00,7451.9999742507935,8100.0,7461.563337546822
forecast_1847,2025-03-18 23:00:00,5940.000128746033,6803.999948501587,5311.979299676853
forecast_1848,2025-03-19 00:00:00,5940.000128746033,5723.9996910095215,4252.374091462404
forecast_1849,2025-03-19 01:00:00,4535.999858379364,3888.0001544952393,2375.7436927783283
forecast_1850,2025-03-19 02:00:00,4320.000064373016,3888.0001544952393,2320.4293171180207
forecast_1851,2025-03-19 03:00:00,4320.000064373016,3888.0001544952393,2361.857677556184
forecast_1852,2025-03-19 04:00:00,3888.0001544952393,3888.0001544952393,2689.372954303009
forecast_1853,2025-03-19 05:00:00,3888.0001544952393,3888.0001544952393,3036.258499818879
forecast_1854,2025-03-19 06:00:00,3888.0001544952393,3888.0001544952393,2952.3809396983
forecast_1855,2025-03-19 07:00:00,4320.000064373016,4211.999845504761,3069.760468623726
forecast_1856,2025-03-19 08:00:00,4320.000064373016,5075.999987125397,4660.977509552006
forecast_1857,2025-03-19 09:00:00,4535.999858379364,6155.99992275238,4921.790615992326
forecast_1858,2025-03-19 10:00:00,4211.999845504761,6263.999819755554,5242.80844789837
forecast_1859,2025-03-19 11:00:00,5615.999794006348,5400.0,5283.509819513706
forecast_1860,2025-03-19 12:00:00,6371.999716758728,5832.000231742859,5746.370522642665
forecast_1861,2025-03-19 13:00:00,6696.000051498413,7128.000283241272,6830.6917697589715
forecast_1862,2025-03-19 14:00:00,8100.0,6371.999716758728,5809.106324054057
forecast_1863,2025-03-19 15:00:00,10476.000308990479,7884.000205993652,6770.8937622772455
forecast_1864,2025-03-19 16:00:00,11772.000360488892,9071.999716758728,7726.813867519009
forecast_1865,2025-03-19 17:00:00,11231.999588012695,9071.999716758728,7509.407904057351
forecast_1866,2025-03-19 18:00:00,12635.999536514282,10044.00007724762,9143.403862118135
forecast_1867,2025-03-19 19:00:00,13823.999691009521,11556.000566482544,10533.870321307706
forecast_1868,2025-03-19 20:00:00,14688.00015449524,13607.999897003174,10963.500414995138
forecast_1869,2025-03-19 21:00:00,14688.00015449524,14364.000463485718,11853.51418596167
forecast_1870,2025-03-19 22:00:00,14364.000463485718,16092.000102996826,12709.185375298408
forecast_1871,2025-03-19 23:00:00,14364.000463485718,16307.999897003174,11921.69021829395
forecast_1872,2025-03-20 00:00:00,14688.00015449524,17819.999742507935,13526.12367685873
forecast_1873,2025-03-20 01:00:00,15335.999536514282,17711.99984550476,13238.335953800914
forecast_1874,2025-03-20 02:00:00,19439.99948501587,17927.99963951111,14025.185087423351
forecast_1875,2025-03-20 03:00:00,19115.999794006348,17927.99963951111,14170.244676357906
forecast_1876,2025-03-20 04:00:00,19547.999382019043,17927.99963951111,14270.500164806375
forecast_1877,2025-03-20 05:00:00,19547.999382019043,18900.0,15124.721083504006
forecast_1878,2025-03-20 06:00:00,19547.999382019043,19547.999382019043,16418.072244819086
forecast_1879,2025-03-20 07:00:00,19980.000257492065,19331.999588012695,16961.611817723122
forecast_1880,2025-03-20 08:00:00,19980.000257492065,19439.99948501587,16644.23403575883
forecast_1881,2025-03-20 09:00:00,19980.000257492065,18792.000102996826,16543.622913078343
forecast_1882,2025-03-20 10:00:00,18468.000411987305,17819.999742507935,15779.184388470838
forecast_1883,2025-03-20 11:00:00,18360.00051498413,17711.99984550476,16017.164515779705
forecast_1884,2025-03-20 12:00:00,17819.999742507935,17496.000051498413,15449.020615771306
forecast_1885,2025-03-20 13:00:00,17388.00015449524,17496.000051498413,15522.615318994043
forecast_1886,2025-03-20 14:00:00,18360.00051498413,18900.0,16501.01430456109
forecast_1887,2025-03-20 15:00:00,17927.99963951111,19007.999897003174,16841.794529789382
forecast_1888,2025-03-20 16:00:00,17927.99963951111,18792.000102996826,17052.89935497303
forecast_1889,2025-03-20 17:00:00,18360.00051498413,18792.000102996826,16979.684193864454
forecast_1890,2025-03-20 18:00:00,19331.999588012695,18684.000205993652,17028.028502131347
forecast_1891,2025-03-20 19:00:00,19331.999588012695,18792.000102996826,16918.152935923983
forecast_1892,2025-03-20 20:00:00,19547.999382019043,19115.999794006348,17303.842772660886
forecast_1893,2025-03-20 21:00:00,18900.0,19115.999794006348,17656.230418590887
forecast_1894,2025-03-20 22:00:00,19547.999382019043,19547.999382019043,17997.265632283204
forecast_1895,2025-03-20 23:00:00,19656.000566482544,19547.999382019043,18217.625777986697
forecast_1896,2025-03-21 00:00:00,19980.000257492065,19547.999382019043,18321.717439458163
forecast_1897,2025-03-21 01:00:00,19331.999588012695,19223.99969100952,17675.74572062861
forecast_1898,2025-03-21 02:00:00,19331.999588012695,19547.999382019043,18473.623793176303
forecast_1899,2025-03-21 03:00:00,19547.999382019043,19547.999382019043,18844.89275924044
forecast_1900,2025-03-21 04:00:00,19331.999588012695,19547.999382019043,18858.361401445552
forecast_1901,2025-03-21 05:00:00,19547.999382019043,19547.999382019043,18854.71569283692
forecast_1902,2025-03-21 06:00:00,19547.999382019043,19547.999382019043,18933.491905571973
forecast_1903,2025-03-21 07:00:00,19547.999382019043,19547.999382019043,18818.358848144395
forecast_1904,2025-03-21 08:00:00,19547.999382019043,19547.999382019043,18343.088697268973
forecast_1905,2025-03-21 09:00:00,19547.999382019043,19547.999382019043,17890.342769540097
forecast_1906,2025-03-21 10:00:00,19331.999588012695,19547.999382019043,17821.450064098786
forecast_1907,2025-03-21 11:00:00,18468.000411987305,19547.999382019043,17268.895716121584
forecast_1908,2025-03-21 12:00:00,18360.00051498413,19223.99969100952,16482.82328585098
forecast_1909,2025-03-21 13:00:00,18143.999433517456,19223.99969100952,17121.30248191626
forecast_1910,2025-03-21 14:00:00,18468.000411987305,19223.99969100952,17100.55029253549
forecast_1911,2025-03-21 15:00:00,18143.999433517456,19223.99969100952,16653.34262718101
forecast_1912,2025-03-21 16:00:00,18035.999536514282,19007.999897003174,16175.831229882113
forecast_1913,2025-03-21 17:00:00,18252.000617980957,18684.000205993652,16068.145068347116
forecast_1914,2025-03-21 18:00:00,18468.000411987305,19007.999897003174,16892.579250095197
forecast_1915,2025-03-21 19:00:00,18900.0,18684.000205993652,17170.850299405734
forecast_1916,2025-03-21 20:00:00,18468.000411987305,18684.000205993652,17623.307440553737
forecast_1917,2025-03-21 21:00:00,19331.999588012695,19007.999897003174,17743.57028620198
forecast_1918,2025-03-21 22:00:00,17388.00015449524,18360.00051498413,16438.99582012777
forecast_1919,2025-03-21 23:00:00,19547.999382019043,19223.99969100952,17168.60878390869
forecast_1920,2025-03-22 00:00:00,19547.999382019043,19547.999382019043,16670.973731392685
forecast_1921,2025-03-22 01:00:00,19331.999588012695,19547.999382019043,17122.516229227782
forecast_1922,2025-03-22 02:00:00,19547.999382019043,19547.999382019043,17155.758760245986
forecast_1923,2025-03-22 03:00:00,19547.999382019043,19547.999382019043,17222.975891470207
forecast_1924,2025-03-22 04:00:00,19547.999382019043,19547.999382019043,17314.2261707485
forecast_1925,2025-03-22 05:00:00,19547.999382019043,19547.999382019043,17650.532114323345
forecast_1926,2025-03-22 06:00:00,19656.000566482544,19547.999382019043,17647.35908943447
forecast_1927,2025-03-22 07:00:00,19980.000257492065,19547.999382019043,17767.7145223727
forecast_1928,2025-03-22 08:00:00,19980.000257492065,19547.999382019043,17780.29749032819
forecast_1929,2025-03-22 09:00:00,19980.000257492065,19547.999382019043,18146.603541858767
forecast_1930,2025-03-22 10:00:00,19331.999588012695,19223.99969100952,17403.563954516034
forecast_1931,2025-03-22 11:00:00,18468.000411987305,19223.99969100952,16911.781201311565
forecast_1932,2025-03-22 12:00:00,18468.000411987305,19223.99969100952,16723.377168850442
forecast_1933,2025-03-22 13:00:00,18252.000617980957,19115.999794006348,16781.139315912325
forecast_1934,2025-03-22 14:00:00,18143.999433517456,19007.999897003174,16665.215596137503
forecast_1935,2025-03-22 15:00:00,18252.000617980957,18684.000205993652,16161.398687782204
forecast_1936,2025-03-22 16:00:00,18252.000617980957,18468.000411987305,15350.378150463332
forecast_1937,2025-03-22 17:00:00,17711.99984550476,17711.99984550476,14818.34668538725
forecast_1938,2025-03-22 18:00:00,15768.000411987305,17496.000051498413,15150.870328047316
forecast_1939,2025-03-22 19:00:00,17711.99984550476,17603.999948501587,14958.510558847029
forecast_1940,2025-03-22 20:00:00,17711.99984550476,18360.00051498413,16113.72934995574
forecast_1941,2025-03-22 21:00:00,17388.00015449524,18900.0,16883.54333183772
forecast_1942,2025-03-22 22:00:00,17388.00015449524,19223.99969100952,17887.08899104839
forecast_1943,2025-03-22 23:00:00,19547.999382019043,19007.999897003174,16809.344869004784
forecast_1944,2025-03-23 00:00:00,19980.000257492065,19223.99969100952,16892.18395963152
forecast_1945,2025-03-23 01:00:00,19331.999588012695,18900.0,15521.70106083423
forecast_1946,2025-03-23 02:00:00,19547.999382019043,18684.000205993652,15251.37157511362
forecast_1947,2025-03-23 03:00:00,19980.000257492065,18576.00030899048,15710.51137422503
forecast_1948,2025-03-23 04:00:00,19980.000257492065,17927.99963951111,15558.278149153084
forecast_1949,2025-03-23 05:00:00,18576.00030899048,17496.000051498413,14769.611442381816
forecast_1950,2025-03-23 06:00:00,17388.00015449524,16307.999897003174,14260.452186419723
forecast_1951,2025-03-23 07:00:00,13500.0,12743.999433517456,9724.477822759329
forecast_1952,2025-03-23 08:00:00,6155.99992275238,8100.0,4606.356297576598
forecast_1953,2025-03-23 09:00:00,3888.0001544952393,3888.0001544952393,3469.0133523918457
forecast_1954,2025-03-23 10:00:00,3888.0001544952393,3779.9999356269836,2308.2185491953774
forecast_1955,2025-03-23 11:00:00,3888.0001544952393,3455.9999227523804,2282.6132300040613
forecast_1956,2025-03-23 12:00:00,3888.0001544952393,3348.0000257492065,2628.506872952888
forecast_1957,2025-03-23 13:00:00,3888.0001544952393,3455.9999227523804,2672.72447065683
forecast_1958,2025-03-23 14:00:00,3888.0001544952393,3564.000141620636,2651.424171955271
forecast_1959,2025-03-23 15:00:00,4211.999845504761,3888.0001544952393,2812.5391243998565
forecast_1960,2025-03-23 16:00:00,4211.999845504761,3888.0001544952393,3256.697529145528
forecast_1961,2025-03-23 17:00:00,4320.000064373016,4751.9999742507935,3175.828775981563
forecast_1962,2025-03-23 18:00:00,3888.0001544952393,3888.0001544952393,3009.898200327946
forecast_1963,2025-03-23 19:00:00,4320.000064373016,4751.9999742507935,3215.5126452149707
forecast_1964,2025-03-23 20:00:00,6588.000154495239,7884.000205993652,4670.718968328842
forecast_1965,2025-03-23 21:00:00,9936.000180244446,11231.999588012695,6988.6484016331215
forecast_1966,2025-03-23 22:00:00,13176.000308990479,13931.999588012695,9110.60558376678
forecast_1967,2025-03-23 23:00:00,13500.0,14147.999382019043,10216.77525883862
forecast_1968,2025-03-24 00:00:00,13392.000102996826,14472.000360488892,11344.478786789085
forecast_1969,2025-03-24 01:00:00,14147.999382019043,14796.000051498413,12335.356751364048
forecast_1970,2025-03-24 02:00:00,12527.999639511108,13931.999588012695,9961.746645421395
forecast_1971,2025-03-24 03:00:00,14472.000360488892,14796.000051498413,11821.641134357254
forecast_1972,2025-03-24 04:00:00,14039.99948501587,14580.000257492065,9663.08574872949
forecast_1973,2025-03-24 05:00:00,10259.999871253967,13500.0,9555.968506354711
forecast_1974,2025-03-24 06:00:00,14688.00015449524,15660.00051498413,12356.256255743796
forecast_1975,2025-03-24 07:00:00,15660.00051498413,15443.999433517456,12746.205935748509
forecast_1976,2025-03-24 08:00:00,14039.99948501587,15227.999639511108,11897.434092454783
forecast_1977,2025-03-24 09:00:00,14256.000566482544,15768.000411987305,12477.624884611208
forecast_1978,2025-03-24 10:00:00,16092.000102996826,16631.999588012695,13486.637957505902
forecast_1979,2025-03-24 11:00:00,16092.000102996826,16739.99948501587,14189.71044760758
forecast_1980,2025-03-24 12:00:00,17496.000051498413,17172.00036048889,14925.433710428819
forecast_1981,2025-03-24 13:00:00,17496.000051498413,16847.999382019043,14718.62439634085
forecast_1982,2025-03-24 14:00:00,15443.999433517456,16523.99969100952,14117.168095033328
forecast_1983,2025-03-24 15:00:00,14688.00015449524,15876.000308990479,13476.484314100924
forecast_1984,2025-03-24 16:00:00,15119.999742507935,15119.999742507935,13212.405515562186
forecast_1985,2025-03-24 17:00:00,14039.99948501587,14688.00015449524,12713.61529966532
forecast_1986,2025-03-24 18:00:00,14039.99948501587,12960.00051498413,11652.485746338867
forecast_1987,2025-03-24 19:00:00,14039.99948501587,15011.99984550476,12861.159990938151
forecast_1988,2025-03-24 20:00:00,14039.99948501587,16307.999897003174,12690.542968592034
forecast_1989,2025-03-24 21:00:00,15660.00051498413,17064.000463485718,13119.388571640737
forecast_1990,2025-03-24 22:00:00,15660.00051498413,17819.999742507935,14747.07768664277
forecast_1991,2025-03-24 23:00:00,19547.999382019043,19115.999794006348,17199.382491116023
forecast_1992,2025-03-25 00:00:00,19547.999382019043,19223.99969100952,17603.297816034235
forecast_1993,2025-03-25 01:00:00,19547.999382019043,19331.999588012695,16877.66535856558
forecast_1994,2025-03-25 02:00:00,19547.999382019043,19331.999588012695,16910.68530200856
forecast_1995,2025-03-25 03:00:00,19980.000257492065,18143.999433517456,14991.52608940586
forecast_1996,2025-03-25 04:00:00,18684.000205993652,17496.000051498413,14028.989086274549
forecast_1997,2025-03-25 05:00:00,12960.00051498413,13500.0,9635.24582056747
forecast_1998,2025-03-25 06:00:00,7559.999871253967,10259.999871253967,5713.572628897044
forecast_1999,2025-03-25 07:00:00,7559.999871253967,9936.000180244446,5303.802873839063
forecast_2000,2025-03-25 08:00:00,7559.999871253967,10151.999974250793,5230.174671698235
forecast_2001,2025-03-25 09:00:00,6263.999819755554,9396.000051498413,4719.353405255503
forecast_2002,2025-03-25 10:00:00,9936.000180244446,9611.99984550476,6409.929571171978
forecast_2003,2025-03-25 11:00:00,10692.000102996826,11447.999382019043,8473.64353503057
forecast_2004,2025-03-25 12:00:00,10259.999871253967,11123.999691009521,9968.053482939016
forecast_2005,2025-03-25 13:00:00,13500.0,15119.999742507935,11953.127571918158
forecast_2006,2025-03-25 14:00:00,15011.99984550476,17711.99984550476,14088.074600207548
forecast_2007,2025-03-25 15:00:00,15119.999742507935,18143.999433517456,15483.860808394735
forecast_2008,2025-03-25 16:00:00,15443.999433517456,17927.99963951111,15665.310717988988
forecast_2009,2025-03-25 17:00:00,18360.00051498413,18143.999433517456,16570.754110952403
forecast_2010,2025-03-25 18:00:00,18900.0,18576.00030899048,16433.83735514066
forecast_2011,2025-03-25 19:00:00,18900.0,18252.000617980957,16511.168983635012
forecast_2012,2025-03-25 20:00:00,18900.0,18360.00051498413,17253.167865038322
forecast_2013,2025-03-25 21:00:00,18900.0,18792.000102996826,17297.560852997263
forecast_2014,2025-03-25 22:00:00,18900.0,19223.99969100952,18032.12029006231
forecast_2015,2025-03-25 23:00:00,18900.0,19223.99969100952,18182.52765950833
forecast_2016,2025-03-26 00:00:00,19331.999588012695,19223.99969100952,17981.45697194183
forecast_2017,2025-03-26 01:00:00,19547.999382019043,19223.99969100952,17178.157969169242
forecast_2018,2025-03-26 02:00:00,19547.999382019043,19223.99969100952,16986.675216155953
forecast_2019,2025-03-26 03:00:00,19331.999588012695,19007.999897003174,16292.293763573633
forecast_2020,2025-03-26 04:00:00,16200.0,16200.0,13175.367381801678
forecast_2021,2025-03-26 05:00:00,14688.00015449524,15227.999639511108,11796.97739988588
forecast_2022,2025-03-26 06:00:00,13500.0,12096.000051498413,7410.457682786648
forecast_2023,2025-03-26 07:00:00,6155.99992275238,6263.999819755554,3646.5600853596034
forecast_2024,2025-03-26 08:00:00,4320.000064373016,4103.999948501587,3354.701867247177
forecast_2025,2025-03-26 09:00:00,3888.0001544952393,3888.0001544952393,3400.706494245056
forecast_2026,2025-03-26 10:00:00,3888.0001544952393,3564.000141620636,2427.2004509814283
forecast_2027,2025-03-26 11:00:00,3888.0001544952393,3888.0001544952393,2863.282153423393
forecast_2028,2025-03-26 12:00:00,3888.0001544952393,3888.0001544952393,2898.6230156934816
forecast_2029,2025-03-26 13:00:00,3888.0001544952393,3888.0001544952393,2760.3170183823877
forecast_2030,2025-03-26 14:00:00,4211.999845504761,3888.0001544952393,2917.6509335950327
forecast_2031,2025-03-26 15:00:00,4320.000064373016,4320.000064373016,2897.9242122482938
forecast_2032,2025-03-26 16:00:00,4320.000064373016,3888.0001544952393,2966.5941245002764
forecast_2033,2025-03-26 17:00:00,3888.0001544952393,3888.0001544952393,3018.5940152531743
forecast_2034,2025-03-26 18:00:00,5615.999794006348,6263.999819755554,3879.696581519365
forecast_2035,2025-03-26 19:00:00,7451.9999742507935,8100.0,4982.904502811311
forecast_2036,2025-03-26 20:00:00,9611.99984550476,9719.999742507935,6302.247014979115
forecast_2037,2025-03-26 21:00:00,10584.000205993652,12419.999742507935,7407.123741863433
forecast_2038,2025-03-26 22:00:00,14472.000360488892,14796.000051498413,9520.50194002982
forecast_2039,2025-03-26 23:00:00,14688.00015449524,17603.999948501587,13042.810977959703
forecast_2040,2025-03-27 00:00:00,16307.999897003174,19331.999588012695,14845.996029139984
forecast_2041,2025-03-27 01:00:00,17819.999742507935,19223.99969100952,15934.800587838079
forecast_2042,2025-03-27 02:00:00,18035.999536514282,19223.99969100952,16062.344121116408
forecast_2043,2025-03-27 03:00:00,18468.000411987305,19115.999794006348,16676.244178766883
forecast_2044,2025-03-27 04:00:00,18684.000205993652,19115.999794006348,16867.486758287698
forecast_2045,2025-03-27 05:00:00,16739.99948501587,18360.00051498413,15370.122698805071
forecast_2046,2025-03-27 06:00:00,13500.0,15443.999433517456,11349.368213340727
forecast_2047,2025-03-27 07:00:00,14039.99948501587,15876.000308990479,12607.0101378874
forecast_2048,2025-03-27 08:00:00,15660.00051498413,16523.99969100952,13495.842231267525
forecast_2049,2025-03-27 09:00:00,11880.000257492065,16307.999897003174,13160.75917615294
forecast_2050,2025-03-27 10:00:00,11880.000257492065,15119.999742507935,11876.566547687204
forecast_2051,2025-03-27 11:00:00,11880.000257492065,14364.000463485718,11261.1343970785
forecast_2052,2025-03-27 12:00:00,11880.000257492065,13068.000411987305,9714.996620281066
forecast_2053,2025-03-27 13:00:00,10476.000308990479,11231.999588012695,8358.64296306635
forecast_2054,2025-03-27 14:00:00,10476.000308990479,11772.000360488892,8827.712333898105
forecast_2055,2025-03-27 15:00:00,10259.999871253967,10476.000308990479,9756.639681850033
forecast_2056,2025-03-27 16:00:00,10259.999871253967,8855.99992275238,5985.835669426495
forecast_2057,2025-03-27 17:00:00,10259.999871253967,8855.99992275238,5881.149421047211
forecast_2058,2025-03-27 18:00:00,10476.000308990479,9828.000283241272,6655.876673114874
forecast_2059,2025-03-27 19:00:00,10476.000308990479,9396.000051498413,5626.720994122935
forecast_2060,2025-03-27 20:00:00,11339.99948501587,10476.000308990479,6895.268115722665
forecast_2061,2025-03-27 21:00:00,11339.99948501587,10692.000102996826,8773.198321778418
forecast_2062,2025-03-27 22:00:00,14472.000360488892,13500.0,10327.134010282884
forecast_2063,2025-03-27 23:00:00,14147.999382019043,13392.000102996826,11146.830955307643
forecast_2064,2025-03-28 00:00:00,12527.999639511108,11988.00015449524,10241.523986783182
forecast_2065,2025-03-28 01:00:00,4320.000064373016,3888.0001544952393,2440.6842361896047
forecast_2066,2025-03-28 02:00:00,4427.99996137619,4211.999845504761,2303.5103437203898
forecast_2067,2025-03-28 03:00:00,3996.000051498413,3888.0001544952393,2261.430925565538
forecast_2068,2025-03-28 04:00:00,6048.0000257492065,4320.000064373016,2946.8714762389286
forecast_2069,2025-03-28 05:00:00,4535.999858379364,3996.000051498413,2705.233993097544
forecast_2070,2025-03-28 06:00:00,3888.0001544952393,3672.00003862381,2184.490419698495
forecast_2071,2025-03-28 07:00:00,3888.0001544952393,3888.0001544952393,2290.783762646747
forecast_2072,2025-03-28 08:00:00,3888.0001544952393,3564.000141620636,2228.006291435542
forecast_2073,2025-03-28 09:00:00,3888.0001544952393,3779.9999356269836,2455.309651978029
forecast_2074,2025-03-28 10:00:00,3888.0001544952393,3564.000141620636,2063.053754141264
forecast_2075,2025-03-28 11:00:00,3888.0001544952393,3779.9999356269836,2164.148429742734
forecast_2076,2025-03-28 12:00:00,3888.0001544952393,3564.000141620636,2029.9287170330333
forecast_2077,2025-03-28 13:00:00,4103.999948501587,3455.9999227523804,2137.3331166452867
forecast_2078,2025-03-28 14:00:00,4211.999845504761,3455.9999227523804,2037.7112424571912
forecast_2079,2025-03-28 15:00:00,4644.00007724762,3455.9999227523804,2096.5736710969745
forecast_2080,2025-03-28 16:00:00,4320.000064373016,3131.999909877777,1708.8500809991028
forecast_2081,2025-03-28 17:00:00,3888.0001544952393,3348.0000257492065,2130.476700337608
forecast_2082,2025-03-28 18:00:00,4211.999845504761,3888.0001544952393,2482.2101374124672
forecast_2083,2025-03-28 19:00:00,4427.99996137619,4211.999845504761,2410.596110068588
forecast_2084,2025-03-28 20:00:00,7236.000180244446,7128.000283241272,4195.657989947623
forecast_2085,2025-03-28 21:00:00,8100.0,7992.000102996826,4294.517004029528
forecast_2086,2025-03-28 22:00:00,8315.999794006348,7344.00007724762,4137.505354960247
forecast_2087,2025-03-28 23:00:00,8963.999819755554,7559.999871253967,4356.655594054472
forecast_2088,2025-03-29 00:00:00,10044.00007724762,8100.0,4492.765223472909
forecast_2089,2025-03-29 01:00:00,3888.0001544952393,3564.000141620636,2088.9720555963995
forecast_2090,2025-03-29 02:00:00,3888.0001544952393,3564.000141620636,1948.765712025959
forecast_2091,2025-03-29 03:00:00,3888.0001544952393,3564.000141620636,2048.50828748102
forecast_2092,2025-03-29 04:00:00,3888.0001544952393,3779.9999356269836,2160.000793844204
forecast_2093,2025-03-29 05:00:00,6588.000154495239,4859.999871253967,3352.453692350647
forecast_2094,2025-03-29 06:00:00,5507.999897003174,7559.999871253967,4826.335921621439
forecast_2095,2025-03-29 07:00:00,5507.999897003174,8315.999794006348,4853.888843752807
forecast_2096,2025-03-29 08:00:00,6263.999819755554,9503.999948501587,6752.28008230771
forecast_2097,2025-03-29 09:00:00,5075.999987125397,7992.000102996826,4978.074616880829
forecast_2098,2025-03-29 10:00:00,6696.000051498413,7992.000102996826,5964.651201284889
forecast_2099,2025-03-29 11:00:00,9611.99984550476,8855.99992275238,6507.347893266909
forecast_2100,2025-03-29 12:00:00,12096.000051498413,10692.000102996826,8561.32037951197
forecast_2101,2025-03-29 13:00:00,14256.000566482544,12527.999639511108,10599.809177497502
forecast_2102,2025-03-29 14:00:00,14256.000566482544,13500.0,11485.386791743964
forecast_2103,2025-03-29 15:00:00,14688.00015449524,14039.99948501587,11545.771695690026
forecast_2104,2025-03-29 16:00:00,14688.00015449524,14688.00015449524,12470.26061484515
forecast_2105,2025-03-29 17:00:00,14688.00015449524,12852.000617980957,9529.676439400422
forecast_2106,2025-03-29 18:00:00,14688.00015449524,12960.00051498413,9843.829653373115
forecast_2107,2025-03-29 19:00:00,14580.000257492065,12311.99984550476,9092.704884873596
forecast_2108,2025-03-29 20:00:00,14580.000257492065,12527.999639511108,9473.228835984391
forecast_2109,2025-03-29 21:00:00,14580.000257492065,12960.00051498413,9644.743519396136
forecast_2110,2025-03-29 22:00:00,14580.000257492065,12960.00051498413,9432.953617411902
forecast_2111,2025-03-29 23:00:00,14147.999382019043,12635.999536514282,8709.514772778331
forecast_2112,2025-03-30 00:00:00,14147.999382019043,12419.999742507935,8444.596505469157
forecast_2113,2025-03-30 01:00:00,14147.999382019043,12419.999742507935,8134.819528727037
forecast_2114,2025-03-30 02:00:00,14147.999382019043,11772.000360488892,7682.235806147458
forecast_2115,2025-03-30 03:00:00,14147.999382019043,11123.999691009521,7400.527157510303
forecast_2116,2025-03-30 04:00:00,14039.99948501587,11123.999691009521,7184.94546302521
forecast_2117,2025-03-30 05:00:00,13715.999794006348,10151.999974250793,6743.438500689834
forecast_2118,2025-03-30 06:00:00,13715.999794006348,10259.999871253967,7248.177545913937
forecast_2119,2025-03-30 07:00:00,12960.00051498413,9611.99984550476,6868.269098916159
forecast_2120,2025-03-30 08:00:00,11447.999382019043,8855.99992275238,5575.372640957651
forecast_2121,2025-03-30 09:00:00,11447.999382019043,8532.000231742859,5323.418777293635
forecast_2122,2025-03-30 10:00:00,10692.000102996826,8640.000128746033,5340.362180162199
forecast_2123,2025-03-30 11:00:00,10584.000205993652,8315.999794006348,5650.473116555714
forecast_2124,2025-03-30 12:00:00,10692.000102996826,7128.000283241272,5652.366489658126
forecast_2125,2025-03-30 13:00:00,11339.99948501587,8640.000128746033,7788.201433542462
forecast_2126,2025-03-30 14:00:00,11231.999588012695,8315.999794006348,7301.347330472119
forecast_2127,2025-03-30 15:00:00,10476.000308990479,7884.000205993652,5916.666386975699
forecast_2128,2025-03-30 16:00:00,8748.000025749207,6155.99992275238,4749.97185864244
forecast_2129,2025-03-30 17:00:00,9180.000257492065,6155.99992275238,4526.817397451752
forecast_2130,2025-03-30 18:00:00,9180.000257492065,6155.99992275238,5355.961766309725
forecast_2131,2025-03-30 19:00:00,9180.000257492065,6696.000051498413,4503.187975182376
forecast_2132,2025-03-30 20:00:00,10476.000308990479,9611.99984550476,6149.113346373144
forecast_2133,2025-03-30 21:00:00,9719.999742507935,8423.999691009521,4810.696950346085
forecast_2134,2025-03-30 22:00:00,10476.000308990479,10692.000102996826,6377.3506294363015
forecast_2135,2025-03-30 23:00:00,10476.000308990479,10692.000102996826,8213.490544566233
forecast_2136,2025-03-31 00:00:00,10476.000308990479,10692.000102996826,7718.259809855761
forecast_2137,2025-03-31 01:00:00,16092.000102996826,16415.999794006348,14657.534916956409
forecast_2138,2025-03-31 02:00:00,15011.99984550476,16415.999794006348,14285.591583423036
forecast_2139,2025-03-31 03:00:00,16092.000102996826,16523.99969100952,14073.72667750748
forecast_2140,2025-03-31 04:00:00,14688.00015449524,15984.000205993652,13364.000761073596
forecast_2141,2025-03-31 05:00:00,14688.00015449524,16092.000102996826,13640.50420965598
forecast_2142,2025-03-31 06:00:00,15335.999536514282,16739.99948501587,13434.29520474816
forecast_2143,2025-03-31 07:00:00,12852.000617980957,11339.99948501587,7764.74036711604
forecast_2144,2025-03-31 08:00:00,9180.000257492065,10476.000308990479,6726.299182925592
forecast_2145,2025-03-31 09:00:00,8315.999794006348,7344.00007724762,5223.515557324806
forecast_2146,2025-03-31 10:00:00,4211.999845504761,3996.000051498413,3913.8477693522123
forecast_2147,2025-03-31 11:00:00,3888.0001544952393,3888.0001544952393,3378.167167349201
forecast_2148,2025-03-31 12:00:00,4211.999845504761,3888.0001544952393,3320.226458384869
forecast_2149,2025-03-31 13:00:00,5940.000128746033,4644.00007724762,3541.7173678009685
forecast_2150,2025-03-31 14:00:00,5183.999884128571,4644.00007724762,3447.7280642616283
forecast_2151,2025-03-31 15:00:00,5615.999794006348,4644.00007724762,3407.503248510068
forecast_2152,2025-03-31 16:00:00,5183.999884128571,4644.00007724762,3232.143007940102
forecast_2153,2025-03-31 17:00:00,4320.000064373016,4644.00007724762,3278.076757481515
forecast_2154,2025-03-31 18:00:00,5075.999987125397,5292.000102996826,4718.440379989116
forecast_2155,2025-03-31 19:00:00,6696.000051498413,6911.999845504761,5673.029648496826
forecast_2156,2025-03-31 20:00:00,12743.999433517456,9719.999742507935,7544.605159332616
forecast_2157,2025-03-31 21:00:00,12419.999742507935,10476.000308990479,8399.519573024396
forecast_2158,2025-03-31 22:00:00,14472.000360488892,13607.999897003174,9972.03221307824
forecast_2159,2025-03-31 23:00:00,15660.00051498413,14472.000360488892,11912.450858188327
forecast_2160,2025-04-01 00:00:00,15227.999639511108,13284.000205993652,10983.468284121363
forecast_2161,2025-04-01 01:00:00,7559.999871253967,7884.000205993652,5443.864819058993
forecast_2162,2025-04-01 02:00:00,8963.999819755554,7884.000205993652,5747.739088696858
forecast_2163,2025-04-01 03:00:00,8963.999819755554,7451.9999742507935,5426.978344819507
forecast_2164,2025-04-01 04:00:00,9611.99984550476,7884.000205993652,5956.654486878232
forecast_2165,2025-04-01 05:00:00,8748.000025749207,6371.999716758728,4884.247458153427
forecast_2166,2025-04-01 06:00:00,7559.999871253967,5183.999884128571,4888.024266121184
forecast_2167,2025-04-01 07:00:00,4859.999871253967,4644.00007724762,4088.3117463002113
forecast_2168,2025-04-01 08:00:00,4751.9999742507935,3888.0001544952393,3749.036301874899
forecast_2169,2025-04-01 09:00:00,3888.0001544952393,3888.0001544952393,3130.1752818081686
forecast_2170,2025-04-01 10:00:00,3779.9999356269836,3564.000141620636,2584.121076216172
forecast_2171,2025-04-01 11:00:00,3455.9999227523804,3240.0001287460327,2280.8709765146405
forecast_2172,2025-04-01 12:00:00,3240.0001287460327,2700.0,1698.3195080210253
forecast_2173,2025-04-01 13:00:00,3240.0001287460327,2916.0001158714294,1801.8543377934016
forecast_2174,2025-04-01 14:00:00,3455.9999227523804,3131.999909877777,1920.999795101758
forecast_2175,2025-04-01 15:00:00,3455.9999227523804,3240.0001287460327,1936.630839560328
forecast_2176,2025-04-01 16:00:00,3455.9999227523804,3455.9999227523804,2099.2820063583627
forecast_2177,2025-04-01 17:00:00,3455.9999227523804,3240.0001287460327,1877.703976057132
forecast_2178,2025-04-01 18:00:00,3564.000141620636,3131.999909877777,2093.008737597469
forecast_2179,2025-04-01 19:00:00,3888.0001544952393,3455.9999227523804,2115.030401640128
forecast_2180,2025-04-01 20:00:00,3888.0001544952393,3455.9999227523804,2419.11091370094
forecast_2181,2025-04-01 21:00:00,3888.0001544952393,3564.000141620636,2618.029841392027
forecast_2182,2025-04-01 22:00:00,3888.0001544952393,3564.000141620636,3049.19297994622
forecast_2183,2025-04-01 23:00:00,3888.0001544952393,3564.000141620636,3281.1489444462272
forecast_2184,2025-04-02 00:00:00,3888.0001544952393,3564.000141620636,3301.9683800367093
forecast_2185,2025-04-02 01:00:00,3888.0001544952393,3131.999909877777,2281.4720598347044
forecast_2186,2025-04-02 02:00:00,3888.0001544952393,3240.0001287460327,2411.298473042416
forecast_2187,2025-04-02 03:00:00,3888.0001544952393,3240.0001287460327,2456.2352100166795
forecast_2188,2025-04-02 04:00:00,3888.0001544952393,3131.999909877777,2142.910342241123
forecast_2189,2025-04-02 05:00:00,3779.9999356269836,3240.0001287460327,2205.6696295681745
forecast_2190,2025-04-02 06:00:00,3779.9999356269836,3348.0000257492065,2237.1851175765823
forecast_2191,2025-04-02 07:00:00,3564.000141620636,3240.0001287460327,2550.0253337542254
forecast_2192,2025-04-02 08:00:00,3455.9999227523804,3240.0001287460327,2407.8706073575745
forecast_2193,2025-04-02 09:00:00,3455.9999227523804,3240.0001287460327,1999.300578364397
forecast_2194,2025-04-02 10:00:00,3455.9999227523804,2807.999897003174,1732.9124124828559
forecast_2195,2025-04-02 11:00:00,3455.9999227523804,3131.999909877777,1900.3332286937573
forecast_2196,2025-04-02 12:00:00,3348.0000257492065,2916.0001158714294,1786.2478867379505
forecast_2197,2025-04-02 13:00:00,3348.0000257492065,3024.0000128746033,2021.681107560856
forecast_2198,2025-04-02 14:00:00,3564.000141620636,3240.0001287460327,2332.7138375893446
forecast_2199,2025-04-02 15:00:00,3564.000141620636,3455.9999227523804,2378.0348903914246
forecast_2200,2025-04-02 16:00:00,3564.000141620636,3455.9999227523804,2369.279206189072
forecast_2201,2025-04-02 17:00:00,3564.000141620636,3348.0000257492065,2190.611860894652
forecast_2202,2025-04-02 18:00:00,3455.9999227523804,3240.0001287460327,2505.063973550261
forecast_2203,2025-04-02 19:00:00,3455.9999227523804,3455.9999227523804,2481.5478256581096
forecast_2204,2025-04-02 20:00:00,3455.9999227523804,3455.9999227523804,2339.3692676264554
forecast_2205,2025-04-02 21:00:00,3888.0001544952393,3348.0000257492065,2161.1391036037385
forecast_2206,2025-04-02 22:00:00,3996.000051498413,3240.0001287460327,2258.037949681604
forecast_2207,2025-04-02 23:00:00,3888.0001544952393,3564.000141620636,2290.479578617066
forecast_2208,2025-04-03 00:00:00,3888.0001544952393,3564.000141620636,2510.890205473987
forecast_2209,2025-04-03 01:00:00,3888.0001544952393,3564.000141620636,2470.632187747608
forecast_2210,2025-04-03 02:00:00,3888.0001544952393,3672.00003862381,2522.5457526734326
forecast_2211,2025-04-03 03:00:00,3888.0001544952393,3564.000141620636,2492.1755502146443
forecast_2212,2025-04-03 04:00:00,3888.0001544952393,3455.9999227523804,2529.527071141204
forecast_2213,2025-04-03 05:00:00,3888.0001544952393,3564.000141620636,2553.605626399704
forecast_2214,2025-04-03 06:00:00,3888.0001544952393,3672.00003862381,2679.676969362235
forecast_2215,2025-04-03 07:00:00,3888.0001544952393,3672.00003862381,2544.496584345536
forecast_2216,2025-04-03 08:00:00,3888.0001544952393,3779.9999356269836,2531.018047679719
forecast_2217,2025-04-03 09:00:00,3455.9999227523804,3455.9999227523804,2159.9761398941337
forecast_2218,2025-04-03 10:00:00,3455.9999227523804,3240.0001287460327,2240.120961634192
forecast_2219,2025-04-03 11:00:00,3455.9999227523804,3024.0000128746033,1988.1822100484344
forecast_2220,2025-04-03 12:00:00,3455.9999227523804,3024.0000128746033,2029.303661109596
forecast_2221,2025-04-03 13:00:00,3455.9999227523804,3024.0000128746033,2287.293289935243
forecast_2222,2025-04-03 14:00:00,3455.9999227523804,3131.999909877777,2251.62186375694
forecast_2223,2025-04-03 15:00:00,3455.9999227523804,3024.0000128746033,1854.161168372458
forecast_2224,2025-04-03 16:00:00,3455.9999227523804,3024.0000128746033,2210.198253195685
forecast_2225,2025-04-03 17:00:00,3455.9999227523804,3131.999909877777,2248.330559485439
forecast_2226,2025-04-03 18:00:00,3455.9999227523804,2916.0001158714294,2334.605903673733
forecast_2227,2025-04-03 19:00:00,3455.9999227523804,3455.9999227523804,2807.041696885768
forecast_2228,2025-04-03 20:00:00,3888.0001544952393,3779.9999356269836,3040.8998555089984
forecast_2229,2025-04-03 21:00:00,3888.0001544952393,3779.9999356269836,3021.171593076212
forecast_2230,2025-04-03 22:00:00,4211.999845504761,4751.9999742507935,4032.811965053055
forecast_2231,2025-04-03 23:00:00,4427.99996137619,5292.000102996826,4417.431326745866
forecast_2232,2025-04-04 00:00:00,4427.99996137619,6480.000257492065,5431.6909461595615
forecast_2233,2025-04-04 01:00:00,6263.999819755554,7019.999742507935,5364.872161198754
forecast_2234,2025-04-04 02:00:00,7128.000283241272,7559.999871253967,5529.3919999325
forecast_2235,2025-04-04 03:00:00,7128.000283241272,7451.9999742507935,5592.631048258776
forecast_2236,2025-04-04 04:00:00,8963.999819755554,9611.99984550476,6576.196270844917
forecast_2237,2025-04-04 05:00:00,11664.000463485718,10692.000102996826,7738.300537922889
forecast_2238,2025-04-04 06:00:00,12852.000617980957,10692.000102996826,7250.268464748951
forecast_2239,2025-04-04 07:00:00,10044.00007724762,9936.000180244446,5862.046098396248
forecast_2240,2025-04-04 08:00:00,7776.0003089904785,8315.999794006348,5356.085510383398
forecast_2241,2025-04-04 09:00:00,8963.999819755554,6371.999716758728,4163.453880783294
forecast_2242,2025-04-04 10:00:00,3888.0001544952393,3888.0001544952393,2859.690252793912
forecast_2243,2025-04-04 11:00:00,3888.0001544952393,3779.9999356269836,2754.256937517068
forecast_2244,2025-04-04 12:00:00,3888.0001544952393,3455.9999227523804,2554.821801333227
forecast_2245,2025-04-04 13:00:00,3779.9999356269836,3564.000141620636,2491.875420188565
forecast_2246,2025-04-04 14:00:00,3779.9999356269836,3455.9999227523804,2337.1097108571607
forecast_2247,2025-04-04 15:00:00,3888.0001544952393,3564.000141620636,2683.9209202065995
forecast_2248,2025-04-04 16:00:00,3888.0001544952393,3888.0001544952393,2461.46867495498
forecast_2249,2025-04-04 17:00:00,3888.0001544952393,3779.9999356269836,2482.908299484817
forecast_2250,2025-04-04 18:00:00,3888.0001544952393,3888.0001544952393,2518.735775352378
forecast_2251,2025-04-04 19:00:00,3888.0001544952393,3888.0001544952393,3143.859113494603
forecast_2252,2025-04-04 20:00:00,3888.0001544952393,3888.0001544952393,3554.809533707981
forecast_2253,2025-04-04 21:00:00,4427.99996137619,4644.00007724762,3772.422849147762
forecast_2254,2025-04-04 22:00:00,3888.0001544952393,4103.999948501587,3613.7152591003264
forecast_2255,2025-04-04 23:00:00,4644.00007724762,6048.0000257492065,3683.07053455132
forecast_2256,2025-04-05 00:00:00,6048.0000257492065,6371.999716758728,4455.092826393966
forecast_2257,2025-04-05 01:00:00,7451.9999742507935,10584.000205993652,5529.517444250321
forecast_2258,2025-04-05 02:00:00,10584.000205993652,10800.0,6551.390156710595
forecast_2259,2025-04-05 03:00:00,10476.000308990479,10367.999768257141,5473.746228892601
forecast_2260,2025-04-05 04:00:00,10259.999871253967,11664.000463485718,6237.017696812162
forecast_2261,2025-04-05 05:00:00,10367.999768257141,10151.999974250793,5959.818469071111
forecast_2262,2025-04-05 06:00:00,10476.000308990479,10907.999897003174,6388.955901151736
forecast_2263,2025-04-05 07:00:00,7992.000102996826,9503.999948501587,4981.316025966972
forecast_2264,2025-04-05 08:00:00,5940.000128746033,8855.99992275238,4547.833346675556
forecast_2265,2025-04-05 09:00:00,6803.999948501587,9071.999716758728,4405.4274835926335
forecast_2266,2025-04-05 10:00:00,3996.000051498413,6263.999819755554,4437.327021417691
forecast_2267,2025-04-05 11:00:00,6696.000051498413,7884.000205993652,5330.488752276612
forecast_2268,2025-04-05 12:00:00,7992.000102996826,10259.999871253967,6559.745891164829
forecast_2269,2025-04-05 13:00:00,9936.000180244446,12960.00051498413,9204.429738095165
forecast_2270,2025-04-05 14:00:00,12527.999639511108,13823.999691009521,9870.28514417917
forecast_2271,2025-04-05 15:00:00,12960.00051498413,13931.999588012695,10375.82006627479
forecast_2272,2025-04-05 16:00:00,14472.000360488892,16307.999897003174,12994.147663002996
forecast_2273,2025-04-05 17:00:00,14688.00015449524,16847.999382019043,14210.148879753671
forecast_2274,2025-04-05 18:00:00,15768.000411987305,17388.00015449524,14876.178207438608
forecast_2275,2025-04-05 19:00:00,15119.999742507935,16200.0,13831.607261106088
forecast_2276,2025-04-05 20:00:00,15660.00051498413,15660.00051498413,13931.166477757122
forecast_2277,2025-04-05 21:00:00,14688.00015449524,14796.000051498413,12503.14988748785
forecast_2278,2025-04-05 22:00:00,13392.000102996826,13715.999794006348,11832.341035600992
forecast_2279,2025-04-05 23:00:00,13607.999897003174,16415.999794006348,13111.203129373256
forecast_2280,2025-04-06 00:00:00,15660.00051498413,17064.000463485718,14223.864491446671
forecast_2281,2025-04-06 01:00:00,14688.00015449524,16307.999897003174,14221.240197523102
forecast_2282,2025-04-06 02:00:00,14580.000257492065,16092.000102996826,13451.51128445553
forecast_2283,2025-04-06 03:00:00,15119.999742507935,15552.000617980957,13604.020263711262
forecast_2284,2025-04-06 04:00:00,14580.000257492065,14903.999948501587,13173.236835860023
forecast_2285,2025-04-06 05:00:00,14688.00015449524,15552.000617980957,12966.08488234591
forecast_2286,2025-04-06 06:00:00,14688.00015449524,15660.00051498413,13444.434768900835
forecast_2287,2025-04-06 07:00:00,15011.99984550476,15660.00051498413,14185.311760583574
forecast_2288,2025-04-06 08:00:00,15443.999433517456,16200.0,14027.733172676102
forecast_2289,2025-04-06 09:00:00,15119.999742507935,15660.00051498413,12406.661634440456
forecast_2290,2025-04-06 10:00:00,14796.000051498413,14364.000463485718,11321.102376656369
forecast_2291,2025-04-06 11:00:00,14147.999382019043,13176.000308990479,9942.683575679606
forecast_2292,2025-04-06 12:00:00,14147.999382019043,13392.000102996826,10217.914134559878
forecast_2293,2025-04-06 13:00:00,14796.000051498413,14256.000566482544,11755.20549500679
forecast_2294,2025-04-06 14:00:00,14796.000051498413,14364.000463485718,12638.43437426139
forecast_2295,2025-04-06 15:00:00,14796.000051498413,14256.000566482544,12564.083156514069
forecast_2296,2025-04-06 16:00:00,14796.000051498413,13607.999897003174,11812.768809448871
forecast_2297,2025-04-06 17:00:00,14796.000051498413,14039.99948501587,11791.295247153475
forecast_2298,2025-04-06 18:00:00,14147.999382019043,12960.00051498413,11180.544443954916
forecast_2299,2025-04-06 19:00:00,14256.000566482544,13068.000411987305,11388.324535754502
forecast_2300,2025-04-06 20:00:00,14688.00015449524,13500.0,11571.02409086662
forecast_2301,2025-04-06 21:00:00,14688.00015449524,14580.000257492065,11095.705541231777
forecast_2302,2025-04-06 22:00:00,14688.00015449524,15552.000617980957,12597.439534156443
forecast_2303,2025-04-06 23:00:00,14688.00015449524,15768.000411987305,12205.464317697051
forecast_2304,2025-04-07 00:00:00,14364.000463485718,14688.00015449524,11872.078661805464
forecast_2305,2025-04-07 01:00:00,15119.999742507935,16523.99969100952,13798.839277994413
forecast_2306,2025-04-07 02:00:00,15119.999742507935,16307.999897003174,13548.0617207809
forecast_2307,2025-04-07 03:00:00,14903.999948501587,14688.00015449524,11147.92367121052
forecast_2308,2025-04-07 04:00:00,14580.000257492065,13715.999794006348,10374.04519657747
forecast_2309,2025-04-07 05:00:00,14688.00015449524,13931.999588012695,11237.755389080645
forecast_2310,2025-04-07 06:00:00,14472.000360488892,13931.999588012695,11870.955938320332
forecast_2311,2025-04-07 07:00:00,14688.00015449524,14472.000360488892,12151.407163254324
forecast_2312,2025-04-07 08:00:00,14688.00015449524,15984.000205993652,11703.43801000635
forecast_2313,2025-04-07 09:00:00,14364.000463485718,15660.00051498413,11313.101164624122
forecast_2314,2025-04-07 10:00:00,13068.000411987305,14147.999382019043,10144.29095326517
forecast_2315,2025-04-07 11:00:00,12096.000051498413,11988.00015449524,8019.228246764685
forecast_2316,2025-04-07 12:00:00,12096.000051498413,10367.999768257141,7734.361459524583
forecast_2317,2025-04-07 13:00:00,12096.000051498413,10476.000308990479,7163.379849745575
forecast_2318,2025-04-07 14:00:00,12096.000051498413,12311.99984550476,9411.872418444564
forecast_2319,2025-04-07 15:00:00,14039.99948501587,14364.000463485718,12036.600665152013
forecast_2320,2025-04-07 16:00:00,15227.999639511108,15876.000308990479,13507.51523227538
forecast_2321,2025-04-07 17:00:00,17819.999742507935,17064.000463485718,14049.517311582493
forecast_2322,2025-04-07 18:00:00,18468.000411987305,17819.999742507935,14231.98092889185
forecast_2323,2025-04-07 19:00:00,17388.00015449524,18684.000205993652,15580.43858492092
forecast_2324,2025-04-07 20:00:00,18360.00051498413,19439.99948501587,17229.246344822473
forecast_2325,2025-04-07 21:00:00,18360.00051498413,19547.999382019043,17971.188564186876
forecast_2326,2025-04-07 22:00:00,18900.0,19547.999382019043,18285.587329611742
forecast_2327,2025-04-07 23:00:00,19331.999588012695,19547.999382019043,18274.27507944287
forecast_2328,2025-04-08 00:00:00,18900.0,19547.999382019043,18022.70904839229
forecast_2329,2025-04-08 01:00:00,19331.999588012695,19547.999382019043,18460.37971676933
forecast_2330,2025-04-08 02:00:00,19331.999588012695,19547.999382019043,18357.665323248148
forecast_2331,2025-04-08 03:00:00,18900.0,19547.999382019043,18863.658365802137
forecast_2332,2025-04-08 04:00:00,19331.999588012695,19547.999382019043,18455.861192938
forecast_2333,2025-04-08 05:00:00,19331.999588012695,19547.999382019043,17616.490378301114
forecast_2334,2025-04-08 06:00:00,18900.0,19223.99969100952,17400.08539565199
forecast_2335,2025-04-08 07:00:00,18360.00051498413,18684.000205993652,16367.033525778452
forecast_2336,2025-04-08 08:00:00,18360.00051498413,18252.000617980957,14784.864945838204
forecast_2337,2025-04-08 09:00:00,15660.00051498413,16847.999382019043,14036.166729647592
forecast_2338,2025-04-08 10:00:00,15011.99984550476,15443.999433517456,12755.697570397127
forecast_2339,2025-04-08 11:00:00,14364.000463485718,14256.000566482544,10568.29305557014
forecast_2340,2025-04-08 12:00:00,14364.000463485718,13392.000102996826,10250.535300153042
forecast_2341,2025-04-08 13:00:00,13823.999691009521,12960.00051498413,9849.88967145793
forecast_2342,2025-04-08 14:00:00,14039.99948501587,11123.999691009521,8838.35382248224
forecast_2343,2025-04-08 15:00:00,13500.0,10151.999974250793,7831.359665409645
forecast_2344,2025-04-08 16:00:00,8855.99992275238,5615.999794006348,3905.1550256480773
forecast_2345,2025-04-08 17:00:00,4211.999845504761,4320.000064373016,2788.7167077588865
forecast_2346,2025-04-08 18:00:00,3888.0001544952393,3348.0000257492065,2458.982507802865
forecast_2347,2025-04-08 19:00:00,3888.0001544952393,3672.00003862381,2807.071358106561
forecast_2348,2025-04-08 20:00:00,3888.0001544952393,3779.9999356269836,3306.1024165449635
forecast_2349,2025-04-08 21:00:00,3888.0001544952393,3779.9999356269836,3333.634962106092
forecast_2350,2025-04-08 22:00:00,3888.0001544952393,3564.000141620636,3208.609059924766
forecast_2351,2025-04-08 23:00:00,3888.0001544952393,3564.000141620636,3038.6715101665845
forecast_2352,2025-04-09 00:00:00,3888.0001544952393,3672.00003862381,3200.6113328850897
forecast_2353,2025-04-09 01:00:00,3888.0001544952393,3455.9999227523804,2686.3915406730825
forecast_2354,2025-04-09 02:00:00,3888.0001544952393,3672.00003862381,2588.276526154694
forecast_2355,2025-04-09 03:00:00,3888.0001544952393,3672.00003862381,2558.665510275041
forecast_2356,2025-04-09 04:00:00,3888.0001544952393,3455.9999227523804,2629.8268823332805
forecast_2357,2025-04-09 05:00:00,3888.0001544952393,3888.0001544952393,2563.062316689234
forecast_2358,2025-04-09 06:00:00,3888.0001544952393,3779.9999356269836,2813.0721058513577
forecast_2359,2025-04-09 07:00:00,3888.0001544952393,3779.9999356269836,3175.7650280612083
forecast_2360,2025-04-09 08:00:00,3888.0001544952393,3779.9999356269836,3156.7674907213486
forecast_2361,2025-04-09 09:00:00,3888.0001544952393,3779.9999356269836,2958.5852810437104
forecast_2362,2025-04-09 10:00:00,3888.0001544952393,3888.0001544952393,3069.169219495496
forecast_2363,2025-04-09 11:00:00,3888.0001544952393,3888.0001544952393,3295.9231285897126
forecast_2364,2025-04-09 12:00:00,3888.0001544952393,3996.000051498413,3614.701242666563
forecast_2365,2025-04-09 13:00:00,3888.0001544952393,4103.999948501587,3590.5839385761024
forecast_2366,2025-04-09 14:00:00,3888.0001544952393,5075.999987125397,3766.4151627849706
forecast_2367,2025-04-09 15:00:00,5615.999794006348,5615.999794006348,4310.558258368474
forecast_2368,2025-04-09 16:00:00,9611.99984550476,6911.999845504761,5275.219995234854
forecast_2369,2025-04-09 17:00:00,9180.000257492065,6588.000154495239,6180.124167669348
forecast_2370,2025-04-09 18:00:00,9719.999742507935,7992.000102996826,6342.149633677567
forecast_2371,2025-04-09 19:00:00,6371.999716758728,6263.999819755554,4007.7465964407
forecast_2372,2025-04-09 20:00:00,5292.000102996826,6155.99992275238,3775.023464780576
forecast_2373,2025-04-09 21:00:00,5075.999987125397,7776.0003089904785,3108.769652774633
forecast_2374,2025-04-09 22:00:00,5940.000128746033,9503.999948501587,4983.454463353265
forecast_2375,2025-04-09 23:00:00,9071.999716758728,8855.99992275238,5791.058814153419
forecast_2376,2025-04-10 00:00:00,10044.00007724762,9611.99984550476,6430.214159767349
forecast_2377,2025-04-10 01:00:00,6155.99992275238,8963.999819755554,4943.967099117517
forecast_2378,2025-04-10 02:00:00,9396.000051498413,9611.99984550476,6218.987571128844
forecast_2379,2025-04-10 03:00:00,9071.999716758728,9288.00015449524,5949.017411517703
forecast_2380,2025-04-10 04:00:00,10151.999974250793,8423.999691009521,4704.3743497437445
forecast_2381,2025-04-10 05:00:00,10259.999871253967,6696.000051498413,5681.819217018589
forecast_2382,2025-04-10 06:00:00,6048.0000257492065,6263.999819755554,5445.641909238632
forecast_2383,2025-04-10 07:00:00,4968.000090122223,4644.00007724762,4437.34286187155
forecast_2384,2025-04-10 08:00:00,4968.000090122223,5183.999884128571,3574.200217714447
forecast_2385,2025-04-10 09:00:00,4644.00007724762,5075.999987125397,3922.0437377822
forecast_2386,2025-04-10 10:00:00,4211.999845504761,5183.999884128571,3440.2740165495834
forecast_2387,2025-04-10 11:00:00,4103.999948501587,3888.0001544952393,3185.947775148667
forecast_2388,2025-04-10 12:00:00,3888.0001544952393,3888.0001544952393,3452.4737782651696
forecast_2389,2025-04-10 13:00:00,3888.0001544952393,3888.0001544952393,3355.721873300496
forecast_2390,2025-04-10 14:00:00,3779.9999356269836,3672.00003862381,2771.385996041784
forecast_2391,2025-04-10 15:00:00,3888.0001544952393,3888.0001544952393,2946.76965322499
forecast_2392,2025-04-10 16:00:00,4211.999845504761,3888.0001544952393,4248.008521397203
forecast_2393,2025-04-10 17:00:00,4211.999845504761,3888.0001544952393,3819.436382979751
forecast_2394,2025-04-10 18:00:00,3996.000051498413,3888.0001544952393,3291.800295772115
forecast_2395,2025-04-10 19:00:00,4211.999845504761,3888.0001544952393,3308.146375079987
forecast_2396,2025-04-10 20:00:00,4427.99996137619,3888.0001544952393,3432.7125189405333
forecast_2397,2025-04-10 21:00:00,3888.0001544952393,4211.999845504761,3576.512584009351
forecast_2398,2025-04-10 22:00:00,4320.000064373016,3996.000051498413,3677.5430950808886
forecast_2399,2025-04-10 23:00:00,4427.99996137619,3996.000051498413,3847.444918274354
forecast_2400,2025-04-11 00:00:00,3888.0001544952393,4211.999845504761,3726.1121746302815
forecast_2401,2025-04-11 01:00:00,3888.0001544952393,3564.000141620636,2657.3098845367604
forecast_2402,2025-04-11 02:00:00,3888.0001544952393,3564.000141620636,2650.9207255009683
forecast_2403,2025-04-11 03:00:00,3888.0001544952393,3672.00003862381,2613.887382230112
forecast_2404,2025-04-11 04:00:00,3888.0001544952393,3348.0000257492065,2676.930449320505
forecast_2405,2025-04-11 05:00:00,3888.0001544952393,3131.999909877777,2525.765419973926
forecast_2406,2025-04-11 06:00:00,3888.0001544952393,2916.0001158714294,2384.1938172413543
forecast_2407,2025-04-11 07:00:00,3888.0001544952393,2916.0001158714294,2198.4703450075785
forecast_2408,2025-04-11 08:00:00,3888.0001544952393,3131.999909877777,2195.972800424617
forecast_2409,2025-04-11 09:00:00,3779.9999356269836,3131.999909877777,1996.5168516602266
forecast_2410,2025-04-11 10:00:00,3455.9999227523804,2700.0,1579.9142741365424
forecast_2411,2025-04-11 11:00:00,3348.0000257492065,2700.0,1781.449249131478
forecast_2412,2025-04-11 12:00:00,3348.0000257492065,2700.0,1704.8858563553254
forecast_2413,2025-04-11 13:00:00,3455.9999227523804,2807.999897003174,2189.8929171508025
forecast_2414,2025-04-11 14:00:00,3455.9999227523804,3131.999909877777,2404.7501644103336
forecast_2415,2025-04-11 15:00:00,3348.0000257492065,3131.999909877777,2268.3261960735576
forecast_2416,2025-04-11 16:00:00,3455.9999227523804,3240.0001287460327,2234.3050766348715
forecast_2417,2025-04-11 17:00:00,3888.0001544952393,3240.0001287460327,2497.45690424894
forecast_2418,2025-04-11 18:00:00,3779.9999356269836,3455.9999227523804,2544.52809659746
forecast_2419,2025-04-11 19:00:00,3888.0001544952393,3564.000141620636,2585.556775031535
forecast_2420,2025-04-11 20:00:00,3996.000051498413,3888.0001544952393,2970.898635868859
forecast_2421,2025-04-11 21:00:00,3996.000051498413,3888.0001544952393,2970.347885694793
forecast_2422,2025-04-11 22:00:00,5507.999897003174,4751.9999742507935,4082.0884163508167
forecast_2423,2025-04-11 23:00:00,4427.99996137619,4751.9999742507935,4018.404481809775
forecast_2424,2025-04-12 00:00:00,4535.999858379364,4103.999948501587,3557.6289261385077
forecast_2425,2025-04-12 01:00:00,3888.0001544952393,3888.0001544952393,3310.8785978720807
forecast_2426,2025-04-12 02:00:00,3888.0001544952393,3888.0001544952393,3521.0134199072118
forecast_2427,2025-04-12 03:00:00,3888.0001544952393,4427.99996137619,3986.6620602159246
forecast_2428,2025-04-12 04:00:00,6588.000154495239,6155.99992275238,4283.269410550946
forecast_2429,2025-04-12 05:00:00,4211.999845504761,6155.99992275238,4733.812388924258
forecast_2430,2025-04-12 06:00:00,4320.000064373016,5292.000102996826,5021.804423701887
forecast_2431,2025-04-12 07:00:00,4427.99996137619,6263.999819755554,4447.244703807994
forecast_2432,2025-04-12 08:00:00,7344.00007724762,8207.999897003174,4208.024353163042
forecast_2433,2025-04-12 09:00:00,6911.999845504761,9611.99984550476,5532.628785274722
forecast_2434,2025-04-12 10:00:00,7992.000102996826,9503.999948501587,6754.822981273089
forecast_2435,2025-04-12 11:00:00,10692.000102996826,9503.999948501587,7044.366409055062
forecast_2436,2025-04-12 12:00:00,10692.000102996826,10800.0,7694.499580838021
forecast_2437,2025-04-12 13:00:00,11772.000360488892,12311.99984550476,8249.042182934234
forecast_2438,2025-04-12 14:00:00,12960.00051498413,12743.999433517456,8326.977121337772
forecast_2439,2025-04-12 15:00:00,12311.99984550476,10259.999871253967,7716.364632585382
forecast_2440,2025-04-12 16:00:00,12960.00051498413,9719.999742507935,8071.078399248253
forecast_2441,2025-04-12 17:00:00,12419.999742507935,10692.000102996826,7887.377617226177
forecast_2442,2025-04-12 18:00:00,14472.000360488892,14256.000566482544,10228.251371987571
forecast_2443,2025-04-12 19:00:00,14472.000360488892,14580.000257492065,10551.553680876566
forecast_2444,2025-04-12 20:00:00,14472.000360488892,15768.000411987305,12157.71797410381
forecast_2445,2025-04-12 21:00:00,14472.000360488892,16200.0,12817.106541849227
forecast_2446,2025-04-12 22:00:00,14472.000360488892,16307.999897003174,12912.119532465857
forecast_2447,2025-04-12 23:00:00,14472.000360488892,17711.99984550476,14195.430061107012
forecast_2448,2025-04-13 00:00:00,14472.000360488892,17819.999742507935,14543.315920822444
forecast_2449,2025-04-13 01:00:00,14472.000360488892,16956.000566482544,12818.92492670456
forecast_2450,2025-04-13 02:00:00,15660.00051498413,15227.999639511108,11467.651422149513
forecast_2451,2025-04-13 03:00:00,14472.000360488892,17819.999742507935,16085.171964345116
forecast_2452,2025-04-13 04:00:00,19331.999588012695,19115.999794006348,17065.143079401176
forecast_2453,2025-04-13 05:00:00,18360.00051498413,18900.0,15078.32957352432
forecast_2454,2025-04-13 06:00:00,17927.99963951111,18684.000205993652,15464.191975961823
forecast_2455,2025-04-13 07:00:00,18252.000617980957,19007.999897003174,16580.81785118857
forecast_2456,2025-04-13 08:00:00,19223.99969100952,19547.999382019043,17958.65034112008
forecast_2457,2025-04-13 09:00:00,18792.000102996826,19007.999897003174,18026.281496711817
forecast_2458,2025-04-13 10:00:00,18792.000102996826,19007.999897003174,17829.573169403255
forecast_2459,2025-04-13 11:00:00,18792.000102996826,18792.000102996826,17601.98926302935
forecast_2460,2025-04-13 12:00:00,18360.00051498413,18684.000205993652,16868.732755656285
forecast_2461,2025-04-13 13:00:00,18360.00051498413,18576.00030899048,17283.416911495002
forecast_2462,2025-04-13 14:00:00,18252.000617980957,18576.00030899048,16959.295535424182
forecast_2463,2025-04-13 15:00:00,18360.00051498413,18576.00030899048,16928.2215219913
forecast_2464,2025-04-13 16:00:00,18360.00051498413,18684.000205993652,17402.929456024587
forecast_2465,2025-04-13 17:00:00,18792.000102996826,19223.99969100952,17689.19794650125
forecast_2466,2025-04-13 18:00:00,19331.999588012695,19439.99948501587,17243.965643780302
forecast_2467,2025-04-13 19:00:00,18900.0,19007.999897003174,16942.155968769188
forecast_2468,2025-04-13 20:00:00,19331.999588012695,19007.999897003174,16979.939241307937
forecast_2469,2025-04-13 21:00:00,18900.0,18576.00030899048,17307.96735932672
forecast_2470,2025-04-13 22:00:00,18900.0,18684.000205993652,16959.74791422008
forecast_2471,2025-04-13 23:00:00,18035.999536514282,18252.000617980957,16083.441700948488
forecast_2472,2025-04-14 00:00:00,17496.000051498413,18252.000617980957,16071.33627024899
forecast_2473,2025-04-14 01:00:00,15119.999742507935,15876.000308990479,12965.065786105062
forecast_2474,2025-04-14 02:00:00,13068.000411987305,14688.00015449524,9699.08854145112
forecast_2475,2025-04-14 03:00:00,9936.000180244446,12419.999742507935,8128.146590346987
forecast_2476,2025-04-14 04:00:00,8748.000025749207,11231.999588012695,7254.39705013497
forecast_2477,2025-04-14 05:00:00,7019.999742507935,10800.0,7472.192271868856
forecast_2478,2025-04-14 06:00:00,4644.00007724762,7128.000283241272,5724.515245536365
forecast_2479,2025-04-14 07:00:00,4859.999871253967,6371.999716758728,4902.681537981584
forecast_2480,2025-04-14 08:00:00,4320.000064373016,4968.000090122223,4832.416651817952
forecast_2481,2025-04-14 09:00:00,3996.000051498413,4320.000064373016,4756.650165318107
forecast_2482,2025-04-14 10:00:00,3888.0001544952393,4320.000064373016,3819.5742021967367
forecast_2483,2025-04-14 11:00:00,3888.0001544952393,4644.00007724762,4085.548126177891
forecast_2484,2025-04-14 12:00:00,3888.0001544952393,4427.99996137619,3436.986634239973
forecast_2485,2025-04-14 13:00:00,3888.0001544952393,4427.99996137619,3824.170732667722
forecast_2486,2025-04-14 14:00:00,3888.0001544952393,4103.999948501587,3413.740918067777
forecast_2487,2025-04-14 15:00:00,3888.0001544952393,3779.9999356269836,3083.192578375676
forecast_2488,2025-04-14 16:00:00,3888.0001544952393,3672.00003862381,3403.5478562457306
forecast_2489,2025-04-14 17:00:00,3888.0001544952393,3779.9999356269836,3288.758326873717
forecast_2490,2025-04-14 18:00:00,3888.0001544952393,3779.9999356269836,3614.079815358547
forecast_2491,2025-04-14 19:00:00,3888.0001544952393,4103.999948501587,4251.258847135374
forecast_2492,2025-04-14 20:00:00,3888.0001544952393,3996.000051498413,3778.839597644092
forecast_2493,2025-04-14 21:00:00,3888.0001544952393,4211.999845504761,3966.38501820649
forecast_2494,2025-04-14 22:00:00,4427.99996137619,5075.999987125397,5572.933239220203
forecast_2495,2025-04-14 23:00:00,4427.99996137619,5183.999884128571,5407.924458483025
forecast_2496,2025-04-15 00:00:00,5940.000128746033,5940.000128746033,5173.275957437225
forecast_2497,2025-04-15 01:00:00,6371.999716758728,6588.000154495239,4667.870121840447
forecast_2498,2025-04-15 02:00:00,7451.9999742507935,7559.999871253967,4649.322507757903
forecast_2499,2025-04-15 03:00:00,6696.000051498413,6588.000154495239,4582.320718553001
forecast_2500,2025-04-15 04:00:00,5940.000128746033,6371.999716758728,4198.249272480673
forecast_2501,2025-04-15 05:00:00,7451.9999742507935,6371.999716758728,3995.7971724718627
forecast_2502,2025-04-15 06:00:00,6588.000154495239,5940.000128746033,4127.610388506912
forecast_2503,2025-04-15 07:00:00,7451.9999742507935,8100.0,5030.472228842647
forecast_2504,2025-04-15 08:00:00,7236.000180244446,9071.999716758728,4581.621718900594
forecast_2505,2025-04-15 09:00:00,9180.000257492065,8423.999691009521,4726.293629183371
forecast_2506,2025-04-15 10:00:00,7884.000205993652,8423.999691009521,5575.810554354587
forecast_2507,2025-04-15 11:00:00,9719.999742507935,9071.999716758728,5941.0489000982125
forecast_2508,2025-04-15 12:00:00,10476.000308990479,9180.000257492065,5955.258333616334
forecast_2509,2025-04-15 13:00:00,10476.000308990479,8963.999819755554,5928.138949080953
forecast_2510,2025-04-15 14:00:00,12096.000051498413,9719.999742507935,6846.297764002538
forecast_2511,2025-04-15 15:00:00,12096.000051498413,10367.999768257141,7806.446408769099
forecast_2512,2025-04-15 16:00:00,13715.999794006348,11123.999691009521,7961.36770123304
forecast_2513,2025-04-15 17:00:00,14039.99948501587,11231.999588012695,8885.856234842391
forecast_2514,2025-04-15 18:00:00,14039.99948501587,12743.999433517456,10701.858688632448
forecast_2515,2025-04-15 19:00:00,14039.99948501587,13176.000308990479,11585.297301526343
forecast_2516,2025-04-15 20:00:00,15119.999742507935,16200.0,14260.719353985873
forecast_2517,2025-04-15 21:00:00,15119.999742507935,15876.000308990479,14764.44895221054
forecast_2518,2025-04-15 22:00:00,16092.000102996826,17064.000463485718,15804.163951886723
forecast_2519,2025-04-15 23:00:00,17388.00015449524,17711.99984550476,16357.03607421775
forecast_2520,2025-04-16 00:00:00,19331.999588012695,17603.999948501587,16480.59060157342
forecast_2521,2025-04-16 01:00:00,19547.999382019043,17711.99984550476,14638.060410441854
forecast_2522,2025-04-16 02:00:00,19331.999588012695,17172.00036048889,14213.607099099576
forecast_2523,2025-04-16 03:00:00,19223.99969100952,17280.000257492065,13981.985656438514
forecast_2524,2025-04-16 04:00:00,17064.000463485718,15876.000308990479,12598.14342461171
forecast_2525,2025-04-16 05:00:00,17064.000463485718,16092.000102996826,13505.09371902872
forecast_2526,2025-04-16 06:00:00,19007.999897003174,16307.999897003174,14233.575428090726
forecast_2527,2025-04-16 07:00:00,15768.000411987305,14472.000360488892,11790.694280557662
forecast_2528,2025-04-16 08:00:00,14688.00015449524,14580.000257492065,11896.358332082784
forecast_2529,2025-04-16 09:00:00,10367.999768257141,13823.999691009521,9595.607360833195
forecast_2530,2025-04-16 10:00:00,9936.000180244446,11772.000360488892,8685.836923569392
forecast_2531,2025-04-16 11:00:00,12960.00051498413,12852.000617980957,9230.62421383808
forecast_2532,2025-04-16 12:00:00,14039.99948501587,13392.000102996826,10776.687688965989
forecast_2533,2025-04-16 13:00:00,14256.000566482544,15119.999742507935,11786.576051165306
forecast_2534,2025-04-16 14:00:00,15768.000411987305,16956.000566482544,14146.239109431412
forecast_2535,2025-04-16 15:00:00,16092.000102996826,17711.99984550476,15179.34836758333
forecast_2536,2025-04-16 16:00:00,18143.999433517456,18035.999536514282,16004.404453831115
forecast_2537,2025-04-16 17:00:00,18468.000411987305,18684.000205993652,16324.96645578798
forecast_2538,2025-04-16 18:00:00,18468.000411987305,18792.000102996826,16680.50494340926
forecast_2539,2025-04-16 19:00:00,18900.0,19115.999794006348,17268.127229909045
forecast_2540,2025-04-16 20:00:00,18900.0,19115.999794006348,17819.784141194636
forecast_2541,2025-04-16 21:00:00,19331.999588012695,19223.99969100952,17592.358926483903
forecast_2542,2025-04-16 22:00:00,19331.999588012695,19439.99948501587,17085.975858458707
forecast_2543,2025-04-16 23:00:00,19331.999588012695,19547.999382019043,16982.19591791076
forecast_2544,2025-04-17 00:00:00,19980.000257492065,19547.999382019043,16993.84294446684
forecast_2545,2025-04-17 01:00:00,18468.000411987305,18792.000102996826,15698.758525560565
forecast_2546,2025-04-17 02:00:00,18684.000205993652,18900.0,15914.755945683282
forecast_2547,2025-04-17 03:00:00,19223.99969100952,19115.999794006348,16360.936514441217
forecast_2548,2025-04-17 04:00:00,18035.999536514282,18035.999536514282,14888.64798274329
forecast_2549,2025-04-17 05:00:00,16739.99948501587,17927.99963951111,14223.164852556025
forecast_2550,2025-04-17 06:00:00,18900.0,17496.000051498413,14598.185263877816
forecast_2551,2025-04-17 07:00:00,18360.00051498413,17172.00036048889,14639.9943588943
forecast_2552,2025-04-17 08:00:00,15660.00051498413,16847.999382019043,14425.88477795187
forecast_2553,2025-04-17 09:00:00,14256.000566482544,16092.000102996826,11207.729560275078
forecast_2554,2025-04-17 10:00:00,10044.00007724762,12311.99984550476,8190.484117823505
forecast_2555,2025-04-17 11:00:00,10259.999871253967,11988.00015449524,8847.696400361803
forecast_2556,2025-04-17 12:00:00,10259.999871253967,11988.00015449524,8997.975973713077
forecast_2557,2025-04-17 13:00:00,10259.999871253967,10907.999897003174,8805.35730315441
forecast_2558,2025-04-17 14:00:00,10259.999871253967,10692.000102996826,8891.94343392379
forecast_2559,2025-04-17 15:00:00,10692.000102996826,10259.999871253967,8825.590785756214
forecast_2560,2025-04-17 16:00:00,11880.000257492065,12852.000617980957,10436.090020630165
forecast_2561,2025-04-17 17:00:00,12096.000051498413,13500.0,11519.892534931289
forecast_2562,2025-04-17 18:00:00,12096.000051498413,13500.0,12014.12915130728
forecast_2563,2025-04-17 19:00:00,14688.00015449524,15660.00051498413,13425.978439842633
forecast_2564,2025-04-17 20:00:00,15443.999433517456,16307.999897003174,13304.266071361018
forecast_2565,2025-04-17 21:00:00,15119.999742507935,16092.000102996826,11931.70059904751
forecast_2566,2025-04-17 22:00:00,14688.00015449524,17819.999742507935,13384.393651640485
forecast_2567,2025-04-17 23:00:00,14472.000360488892,17603.999948501587,11724.695439970174
forecast_2568,2025-04-18 00:00:00,18360.00051498413,19007.999897003174,15272.431435871236
forecast_2569,2025-04-18 01:00:00,17388.00015449524,18792.000102996826,16582.079338041312
forecast_2570,2025-04-18 02:00:00,17711.99984550476,19223.99969100952,17145.600620104913
forecast_2571,2025-04-18 03:00:00,18360.00051498413,19223.99969100952,17255.49947966248
forecast_2572,2025-04-18 04:00:00,19331.999588012695,19331.999588012695,17384.75779865772
forecast_2573,2025-04-18 05:00:00,18792.000102996826,19331.999588012695,16608.25802612278
forecast_2574,2025-04-18 06:00:00,16847.999382019043,18468.000411987305,14650.864578542947
forecast_2575,2025-04-18 07:00:00,15119.999742507935,17064.000463485718,13048.419333029213
forecast_2576,2025-04-18 08:00:00,14688.00015449524,15984.000205993652,13202.149208573925
forecast_2577,2025-04-18 09:00:00,12960.00051498413,14256.000566482544,11301.396981060663
forecast_2578,2025-04-18 10:00:00,12096.000051498413,12960.00051498413,10880.795142558003
forecast_2579,2025-04-18 11:00:00,12096.000051498413,11556.000566482544,9877.932740743898
forecast_2580,2025-04-18 12:00:00,12096.000051498413,11664.000463485718,9358.883816621112
forecast_2581,2025-04-18 13:00:00,9288.00015449524,10476.000308990479,7742.759824192922
forecast_2582,2025-04-18 14:00:00,10044.00007724762,9503.999948501587,7138.899220328007
forecast_2583,2025-04-18 15:00:00,9288.00015449524,8748.000025749207,5730.706462633445
forecast_2584,2025-04-18 16:00:00,8855.99992275238,7559.999871253967,5472.278649391341
forecast_2585,2025-04-18 17:00:00,7344.00007724762,7451.9999742507935,5680.011978180401
forecast_2586,2025-04-18 18:00:00,9719.999742507935,8423.999691009521,5975.215770516036
forecast_2587,2025-04-18 19:00:00,9936.000180244446,9071.999716758728,6195.139851285414
forecast_2588,2025-04-18 20:00:00,11772.000360488892,11447.999382019043,8558.006581992744
forecast_2589,2025-04-18 21:00:00,12743.999433517456,11880.000257492065,8727.448212460456
forecast_2590,2025-04-18 22:00:00,13068.000411987305,15011.99984550476,10195.425807892056
forecast_2591,2025-04-18 23:00:00,10259.999871253967,11988.00015449524,8250.712178563748
forecast_2592,2025-04-19 00:00:00,13176.000308990479,13607.999897003174,9330.929688308315
forecast_2593,2025-04-19 01:00:00,13176.000308990479,15119.999742507935,9758.04582725614
forecast_2594,2025-04-19 02:00:00,14256.000566482544,15335.999536514282,11523.809486346843
forecast_2595,2025-04-19 03:00:00,14688.00015449524,16956.000566482544,13020.483163094785
forecast_2596,2025-04-19 04:00:00,15660.00051498413,16631.999588012695,12949.93864885984
forecast_2597,2025-04-19 05:00:00,16200.0,16307.999897003174,12607.169351652645
forecast_2598,2025-04-19 06:00:00,14688.00015449524,15119.999742507935,10317.987012479098
forecast_2599,2025-04-19 07:00:00,13392.000102996826,13500.0,10075.807851971376
forecast_2600,2025-04-19 08:00:00,11880.000257492065,13500.0,10791.482839494429
forecast_2601,2025-04-19 09:00:00,13392.000102996826,13068.000411987305,10476.472730568948
forecast_2602,2025-04-19 10:00:00,13392.000102996826,14580.000257492065,11984.467864271295
forecast_2603,2025-04-19 11:00:00,14039.99948501587,15443.999433517456,13036.33535981808
forecast_2604,2025-04-19 12:00:00,14580.000257492065,17603.999948501587,14015.137260279089
forecast_2605,2025-04-19 13:00:00,15443.999433517456,17927.99963951111,15043.487841241236
forecast_2606,2025-04-19 14:00:00,15443.999433517456,18252.000617980957,15774.96910582595
forecast_2607,2025-04-19 15:00:00,15443.999433517456,18252.000617980957,15634.142487819676
forecast_2608,2025-04-19 16:00:00,16092.000102996826,17927.99963951111,15771.217155275688
forecast_2609,2025-04-19 17:00:00,16847.999382019043,18576.00030899048,16701.18913123669
forecast_2610,2025-04-19 18:00:00,18360.00051498413,18576.00030899048,16394.407159018298
forecast_2611,2025-04-19 19:00:00,18360.00051498413,18360.00051498413,15861.866851834506
forecast_2612,2025-04-19 20:00:00,18900.0,18360.00051498413,16609.959559762035
forecast_2613,2025-04-19 21:00:00,18900.0,17819.999742507935,16289.809710298125
forecast_2614,2025-04-19 22:00:00,17388.00015449524,16631.999588012695,14166.515417614915
forecast_2615,2025-04-19 23:00:00,13392.000102996826,13500.0,12062.885503423526
forecast_2616,2025-04-20 00:00:00,11231.999588012695,13500.0,9982.426969686983
forecast_2617,2025-04-20 01:00:00,10151.999974250793,10476.000308990479,8046.624635441764
forecast_2618,2025-04-20 02:00:00,10151.999974250793,9611.99984550476,6306.546660670007
forecast_2619,2025-04-20 03:00:00,5832.000231742859,6263.999819755554,4004.377012004849
forecast_2620,2025-04-20 04:00:00,4320.000064373016,4211.999845504761,3591.070024724394
forecast_2621,2025-04-20 05:00:00,4427.99996137619,3888.0001544952393,2958.5564867507123
forecast_2622,2025-04-20 06:00:00,3888.0001544952393,3779.9999356269836,3267.80268846225
forecast_2623,2025-04-20 07:00:00,3888.0001544952393,3564.000141620636,2969.177411947676
forecast_2624,2025-04-20 08:00:00,3888.0001544952393,3564.000141620636,2618.275403551221
forecast_2625,2025-04-20 09:00:00,3888.0001544952393,3564.000141620636,2650.801349797163
forecast_2626,2025-04-20 10:00:00,3455.9999227523804,3564.000141620636,2521.482445947505
forecast_2627,2025-04-20 11:00:00,3455.9999227523804,3348.0000257492065,2559.8926743911284
forecast_2628,2025-04-20 12:00:00,3455.9999227523804,3240.0001287460327,2420.9376645211355
forecast_2629,2025-04-20 13:00:00,3455.9999227523804,3131.999909877777,2645.850734564918
forecast_2630,2025-04-20 14:00:00,3455.9999227523804,3024.0000128746033,2714.1473321945364
forecast_2631,2025-04-20 15:00:00,3455.9999227523804,3024.0000128746033,2692.512967718645
forecast_2632,2025-04-20 16:00:00,3455.9999227523804,3131.999909877777,2289.52821798398
forecast_2633,2025-04-20 17:00:00,3455.9999227523804,3240.0001287460327,2241.839201960061
forecast_2634,2025-04-20 18:00:00,3888.0001544952393,3131.999909877777,2769.842830236251
forecast_2635,2025-04-20 19:00:00,3888.0001544952393,3455.9999227523804,2965.028435611395
forecast_2636,2025-04-20 20:00:00,3888.0001544952393,3564.000141620636,3205.6316390122606
forecast_2637,2025-04-20 21:00:00,3888.0001544952393,3564.000141620636,3112.1223215353007
forecast_2638,2025-04-20 22:00:00,3888.0001544952393,3564.000141620636,3138.35369110858
forecast_2639,2025-04-20 23:00:00,3888.0001544952393,3564.000141620636,3012.03342309204
forecast_2640,2025-04-21 00:00:00,3888.0001544952393,3564.000141620636,3156.83076799636
forecast_2641,2025-04-21 01:00:00,3779.9999356269836,3564.000141620636,2935.49944479301
forecast_2642,2025-04-21 02:00:00,3888.0001544952393,3564.000141620636,2792.300343578705
forecast_2643,2025-04-21 03:00:00,3888.0001544952393,3564.000141620636,2867.135754694069
forecast_2644,2025-04-21 04:00:00,3888.0001544952393,3455.9999227523804,2874.00217993687
forecast_2645,2025-04-21 05:00:00,3888.0001544952393,3455.9999227523804,2859.8565339600227
forecast_2646,2025-04-21 06:00:00,3888.0001544952393,3564.000141620636,2986.9651940351646
forecast_2647,2025-04-21 07:00:00,3888.0001544952393,3564.000141620636,3129.545525282435
forecast_2648,2025-04-21 08:00:00,3455.9999227523804,3672.00003862381,3799.213748639228
forecast_2649,2025-04-21 09:00:00,3455.9999227523804,3779.9999356269836,3303.4652368475367
forecast_2650,2025-04-21 10:00:00,3779.9999356269836,3564.000141620636,2757.4898625360333
forecast_2651,2025-04-21 11:00:00,3779.9999356269836,3888.0001544952393,2933.513163346893
forecast_2652,2025-04-21 12:00:00,3779.9999356269836,3888.0001544952393,2891.9873301235084
forecast_2653,2025-04-21 13:00:00,3779.9999356269836,3779.9999356269836,3048.490331899824
forecast_2654,2025-04-21 14:00:00,3779.9999356269836,3779.9999356269836,3113.556601242002
forecast_2655,2025-04-21 15:00:00,3779.9999356269836,3779.9999356269836,3242.5571137245693
forecast_2656,2025-04-21 16:00:00,3888.0001544952393,3672.00003862381,2730.383286256676
forecast_2657,2025-04-21 17:00:00,3888.0001544952393,3888.0001544952393,2225.281290321277
forecast_2658,2025-04-21 18:00:00,3888.0001544952393,3888.0001544952393,2601.498589980817
forecast_2659,2025-04-21 19:00:00,3996.000051498413,3996.000051498413,3087.9108789697684
forecast_2660,2025-04-21 20:00:00,6911.999845504761,7667.999768257141,4519.899196234367
forecast_2661,2025-04-21 21:00:00,6155.99992275238,7884.000205993652,4365.27187673253
forecast_2662,2025-04-21 22:00:00,8748.000025749207,11015.999794006348,6074.4304645662805
forecast_2663,2025-04-21 23:00:00,8748.000025749207,11447.999382019043,5944.076568313077
forecast_2664,2025-04-22 00:00:00,9071.999716758728,10584.000205993652,5917.348218771975
forecast_2665,2025-04-22 01:00:00,10151.999974250793,9611.99984550476,6023.326658293343
forecast_2666,2025-04-22 02:00:00,11556.000566482544,11231.999588012695,6464.959316702949
forecast_2667,2025-04-22 03:00:00,9071.999716758728,8748.000025749207,5127.00572958979
forecast_2668,2025-04-22 04:00:00,6480.000257492065,8532.000231742859,4694.323292810494
forecast_2669,2025-04-22 05:00:00,5940.000128746033,6263.999819755554,3925.848835131701
forecast_2670,2025-04-22 06:00:00,3888.0001544952393,4427.99996137619,3990.694040182579
forecast_2671,2025-04-22 07:00:00,3888.0001544952393,4211.999845504761,3849.069957661505
forecast_2672,2025-04-22 08:00:00,3888.0001544952393,4968.000090122223,4166.584325852655
forecast_2673,2025-04-22 09:00:00,6911.999845504761,8640.000128746033,5911.965284466643
forecast_2674,2025-04-22 10:00:00,4751.9999742507935,8207.999897003174,6422.610228910346
forecast_2675,2025-04-22 11:00:00,7451.9999742507935,8963.999819755554,7226.471309765392
forecast_2676,2025-04-22 12:00:00,7451.9999742507935,9611.99984550476,7950.673167700481
forecast_2677,2025-04-22 13:00:00,8423.999691009521,10151.999974250793,8255.269610500593
forecast_2678,2025-04-22 14:00:00,7992.000102996826,8315.999794006348,6825.207484743355
forecast_2679,2025-04-22 15:00:00,6803.999948501587,7128.000283241272,5441.565026610411
forecast_2680,2025-04-22 16:00:00,4211.999845504761,6263.999819755554,4249.270331303257
forecast_2681,2025-04-22 17:00:00,3888.0001544952393,3779.9999356269836,3860.123365367442
forecast_2682,2025-04-22 18:00:00,3888.0001544952393,3779.9999356269836,4044.8041319039567
forecast_2683,2025-04-22 19:00:00,3996.000051498413,4103.999948501587,3629.16202960765
forecast_2684,2025-04-22 20:00:00,4535.999858379364,5183.999884128571,3945.2120924138576
forecast_2685,2025-04-22 21:00:00,4320.000064373016,4427.99996137619,3475.123785099437
forecast_2686,2025-04-22 22:00:00,4427.99996137619,5183.999884128571,4290.109764752093
forecast_2687,2025-04-22 23:00:00,5507.999897003174,5723.9996910095215,3779.926192980266
forecast_2688,2025-04-23 00:00:00,5183.999884128571,4859.999871253967,3625.940547338774
forecast_2689,2025-04-23 01:00:00,6803.999948501587,6803.999948501587,6214.88314779535
forecast_2690,2025-04-23 02:00:00,5507.999897003174,6371.999716758728,4369.211969300768
forecast_2691,2025-04-23 03:00:00,5940.000128746033,5940.000128746033,3803.390264318816
forecast_2692,2025-04-23 04:00:00,5940.000128746033,6371.999716758728,4391.474587422627
forecast_2693,2025-04-23 05:00:00,5940.000128746033,5832.000231742859,3811.709403464432
forecast_2694,2025-04-23 06:00:00,4211.999845504761,4211.999845504761,3268.5740544248943
forecast_2695,2025-04-23 07:00:00,4427.99996137619,4211.999845504761,3299.7054542262017
forecast_2696,2025-04-23 08:00:00,4103.999948501587,4103.999948501587,3125.5156820085945
forecast_2697,2025-04-23 09:00:00,3888.0001544952393,3888.0001544952393,2902.3482457450928
forecast_2698,2025-04-23 10:00:00,3888.0001544952393,3455.9999227523804,2730.5491009349
forecast_2699,2025-04-23 11:00:00,3779.9999356269836,3348.0000257492065,2484.641186945434
forecast_2700,2025-04-23 12:00:00,3779.9999356269836,3024.0000128746033,2546.819494164118
forecast_2701,2025-04-23 13:00:00,3779.9999356269836,2916.0001158714294,2408.103216735341
forecast_2702,2025-04-23 14:00:00,3888.0001544952393,3024.0000128746033,2373.8232062775032
forecast_2703,2025-04-23 15:00:00,3888.0001544952393,3240.0001287460327,2589.7792165852966
forecast_2704,2025-04-23 16:00:00,3888.0001544952393,3348.0000257492065,2304.3277319397653
forecast_2705,2025-04-23 17:00:00,3888.0001544952393,3779.9999356269836,2458.7871787613376
forecast_2706,2025-04-23 18:00:00,3996.000051498413,3888.0001544952393,2721.023661355706
forecast_2707,2025-04-23 19:00:00,3888.0001544952393,3888.0001544952393,2723.677057881193
forecast_2708,2025-04-23 20:00:00,6048.0000257492065,6048.0000257492065,3834.130887896503
forecast_2709,2025-04-23 21:00:00,6588.000154495239,7667.999768257141,4675.214194929859
forecast_2710,2025-04-23 22:00:00,11447.999382019043,13392.000102996826,8000.473451214487
forecast_2711,2025-04-23 23:00:00,15119.999742507935,15660.00051498413,10338.776533786684
forecast_2712,2025-04-24 00:00:00,14688.00015449524,17280.000257492065,13272.24461246152
forecast_2713,2025-04-24 01:00:00,17388.00015449524,16307.999897003174,13830.00978244479
forecast_2714,2025-04-24 02:00:00,19547.999382019043,17603.999948501587,15170.11474007243
forecast_2715,2025-04-24 03:00:00,17388.00015449524,17819.999742507935,15275.536099419587
forecast_2716,2025-04-24 04:00:00,19547.999382019043,18143.999433517456,16350.071242242122
forecast_2717,2025-04-24 05:00:00,19115.999794006348,17819.999742507935,14959.398928520364
forecast_2718,2025-04-24 06:00:00,17172.00036048889,17280.000257492065,14561.806594398367
forecast_2719,2025-04-24 07:00:00,17172.00036048889,17496.000051498413,13552.26519312267
forecast_2720,2025-04-24 08:00:00,15335.999536514282,16739.99948501587,12099.64736962122
forecast_2721,2025-04-24 09:00:00,12960.00051498413,13931.999588012695,8304.37862859735
forecast_2722,2025-04-24 10:00:00,9828.000283241272,10476.000308990479,6885.9119918872
forecast_2723,2025-04-24 11:00:00,11447.999382019043,11123.999691009521,8853.102940774292
forecast_2724,2025-04-24 12:00:00,11880.000257492065,13068.000411987305,11343.377695445844
forecast_2725,2025-04-24 13:00:00,12960.00051498413,13931.999588012695,12601.692314939228
forecast_2726,2025-04-24 14:00:00,14364.000463485718,16415.999794006348,13672.011525824772
forecast_2727,2025-04-24 15:00:00,17927.99963951111,18360.00051498413,14546.170031890946
forecast_2728,2025-04-24 16:00:00,18252.000617980957,18684.000205993652,15014.04028271452
forecast_2729,2025-04-24 17:00:00,18252.000617980957,18360.00051498413,14877.390207324846
forecast_2730,2025-04-24 18:00:00,18252.000617980957,18576.00030899048,15331.81291111711
forecast_2731,2025-04-24 19:00:00,18252.000617980957,19115.999794006348,15755.951703468818
forecast_2732,2025-04-24 20:00:00,18900.0,19007.999897003174,16272.100704445254
forecast_2733,2025-04-24 21:00:00,18468.000411987305,19007.999897003174,16320.1533616874
forecast_2734,2025-04-24 22:00:00,18252.000617980957,18143.999433517456,14063.441601808723
forecast_2735,2025-04-24 23:00:00,16847.999382019043,16631.999588012695,12550.252404616263
forecast_2736,2025-04-25 00:00:00,16631.999588012695,16200.0,11698.593549036015
forecast_2737,2025-04-25 01:00:00,14688.00015449524,14796.000051498413,10693.929341718074
forecast_2738,2025-04-25 02:00:00,14688.00015449524,14364.000463485718,10851.657150318491
forecast_2739,2025-04-25 03:00:00,14688.00015449524,14364.000463485718,11368.63463081922
forecast_2740,2025-04-25 04:00:00,14580.000257492065,13607.999897003174,10921.78012696054
forecast_2741,2025-04-25 05:00:00,14688.00015449524,14364.000463485718,10927.46906568195
forecast_2742,2025-04-25 06:00:00,14796.000051498413,14256.000566482544,10408.300683303543
forecast_2743,2025-04-25 07:00:00,14796.000051498413,13068.000411987305,9797.624493598028
forecast_2744,2025-04-25 08:00:00,14796.000051498413,12635.999536514282,9803.699449797956
forecast_2745,2025-04-25 09:00:00,14796.000051498413,12311.99984550476,9996.750396427804
forecast_2746,2025-04-25 10:00:00,14796.000051498413,12635.999536514282,10139.59012027425
forecast_2747,2025-04-25 11:00:00,14580.000257492065,11231.999588012695,10107.942204815474
forecast_2748,2025-04-25 12:00:00,14796.000051498413,10907.999897003174,9699.459740054594
forecast_2749,2025-04-25 13:00:00,14039.99948501587,10692.000102996826,9372.548804332486
forecast_2750,2025-04-25 14:00:00,14039.99948501587,10800.0,8992.715201112413
forecast_2751,2025-04-25 15:00:00,14039.99948501587,10800.0,8820.858696464707
forecast_2752,2025-04-25 16:00:00,14039.99948501587,11231.999588012695,8889.468025265864
forecast_2753,2025-04-25 17:00:00,14796.000051498413,11231.999588012695,8985.366904566152
forecast_2754,2025-04-25 18:00:00,14364.000463485718,11231.999588012695,9417.77873066935
forecast_2755,2025-04-25 19:00:00,14039.99948501587,11556.000566482544,8912.91568678117
forecast_2756,2025-04-25 20:00:00,14147.999382019043,12311.99984550476,9499.528099249534
forecast_2757,2025-04-25 21:00:00,14796.000051498413,13931.999588012695,11481.752231922046
forecast_2758,2025-04-25 22:00:00,15660.00051498413,14903.999948501587,12133.24992185609
forecast_2759,2025-04-25 23:00:00,13392.000102996826,11880.000257492065,9795.98877066082
forecast_2760,2025-04-26 00:00:00,13392.000102996826,11015.999794006348,8861.221271233906
forecast_2761,2025-04-26 01:00:00,10476.000308990479,11123.999691009521,8150.556763263734
forecast_2762,2025-04-26 02:00:00,13931.999588012695,13931.999588012695,9387.531136386597
forecast_2763,2025-04-26 03:00:00,14688.00015449524,15119.999742507935,11399.190427357791
forecast_2764,2025-04-26 04:00:00,16200.0,14364.000463485718,11266.624814987676
forecast_2765,2025-04-26 05:00:00,16631.999588012695,14580.000257492065,11137.827922535003
forecast_2766,2025-04-26 06:00:00,16307.999897003174,15660.00051498413,11688.08877928036
forecast_2767,2025-04-26 07:00:00,16739.99948501587,16200.0,11504.679655866004
forecast_2768,2025-04-26 08:00:00,15335.999536514282,17280.000257492065,13117.93830496102
forecast_2769,2025-04-26 09:00:00,14688.00015449524,15227.999639511108,11988.856628251977
forecast_2770,2025-04-26 10:00:00,14256.000566482544,14472.000360488892,11553.47556484088
forecast_2771,2025-04-26 11:00:00,14147.999382019043,15011.99984550476,11429.488285982556
forecast_2772,2025-04-26 12:00:00,14796.000051498413,15443.999433517456,12462.590568638252
forecast_2773,2025-04-26 13:00:00,14796.000051498413,15119.999742507935,12190.042291685852
forecast_2774,2025-04-26 14:00:00,15119.999742507935,15335.999536514282,13116.630646802883
forecast_2775,2025-04-26 15:00:00,17711.99984550476,17280.000257492065,14462.10826381125
forecast_2776,2025-04-26 16:00:00,17711.99984550476,17496.000051498413,14915.808119374076
forecast_2777,2025-04-26 17:00:00,17711.99984550476,17496.000051498413,15150.856179953294
forecast_2778,2025-04-26 18:00:00,17711.99984550476,18576.00030899048,16463.913107583503
forecast_2779,2025-04-26 19:00:00,18360.00051498413,18684.000205993652,17206.478390981934
forecast_2780,2025-04-26 20:00:00,19331.999588012695,19223.99969100952,18042.14492581764
forecast_2781,2025-04-26 21:00:00,19331.999588012695,19223.99969100952,18422.22410554704
forecast_2782,2025-04-26 22:00:00,19547.999382019043,19223.99969100952,18949.983888023467
forecast_2783,2025-04-26 23:00:00,19547.999382019043,19547.999382019043,18908.3704951196
forecast_2784,2025-04-27 00:00:00,19547.999382019043,19547.999382019043,19053.778917562435
forecast_2785,2025-04-27 01:00:00,19547.999382019043,19547.999382019043,18133.48450623886
forecast_2786,2025-04-27 02:00:00,19547.999382019043,19547.999382019043,18614.78957738329
forecast_2787,2025-04-27 03:00:00,19547.999382019043,19547.999382019043,18305.982689160155
forecast_2788,2025-04-27 04:00:00,19656.000566482544,19547.999382019043,18055.08745698199
forecast_2789,2025-04-27 05:00:00,19547.999382019043,19547.999382019043,17778.778559379632
forecast_2790,2025-04-27 06:00:00,19980.000257492065,19547.999382019043,17657.271219212987
forecast_2791,2025-04-27 07:00:00,19547.999382019043,19547.999382019043,16753.897117296765
forecast_2792,2025-04-27 08:00:00,19547.999382019043,19547.999382019043,16648.283495411477
forecast_2793,2025-04-27 09:00:00,17388.00015449524,19223.99969100952,15490.702476259732
forecast_2794,2025-04-27 10:00:00,17388.00015449524,18360.00051498413,15301.917401450057
forecast_2795,2025-04-27 11:00:00,18143.999433517456,18252.000617980957,15167.486508168402
forecast_2796,2025-04-27 12:00:00,18143.999433517456,18252.000617980957,14502.915917550605
forecast_2797,2025-04-27 13:00:00,18143.999433517456,18684.000205993652,14741.62317392275
forecast_2798,2025-04-27 14:00:00,18468.000411987305,18143.999433517456,14476.821692709473
forecast_2799,2025-04-27 15:00:00,18143.999433517456,17603.999948501587,14030.532266395769
forecast_2800,2025-04-27 16:00:00,18252.000617980957,17388.00015449524,13723.15616609454
forecast_2801,2025-04-27 17:00:00,18252.000617980957,17388.00015449524,14153.545141191857
forecast_2802,2025-04-27 18:00:00,17388.00015449524,17172.00036048889,14456.723437615536
forecast_2803,2025-04-27 19:00:00,15768.000411987305,17711.99984550476,14738.748801679392
forecast_2804,2025-04-27 20:00:00,15660.00051498413,18684.000205993652,15711.16296264036
forecast_2805,2025-04-27 21:00:00,15660.00051498413,18252.000617980957,14676.992884496543
forecast_2806,2025-04-27 22:00:00,17388.00015449524,18684.000205993652,15960.856754088742
forecast_2807,2025-04-27 23:00:00,18360.00051498413,19223.99969100952,16260.88691694851
forecast_2808,2025-04-28 00:00:00,16956.000566482544,17496.000051498413,14704.215270908337
forecast_2809,2025-04-28 01:00:00,16092.000102996826,17927.99963951111,13634.689144569822
forecast_2810,2025-04-28 02:00:00,16092.000102996826,17927.99963951111,13865.67008696382
forecast_2811,2025-04-28 03:00:00,16739.99948501587,16847.999382019043,14123.284522790187
forecast_2812,2025-04-28 04:00:00,13500.0,15443.999433517456,11066.901324113283
forecast_2813,2025-04-28 05:00:00,12635.999536514282,13284.000205993652,9522.249086057614
forecast_2814,2025-04-28 06:00:00,11988.00015449524,11772.000360488892,9007.376108973924
forecast_2815,2025-04-28 07:00:00,10476.000308990479,11339.99948501587,8517.638329879162
forecast_2816,2025-04-28 08:00:00,7451.9999742507935,9071.999716758728,5007.81831011407
forecast_2817,2025-04-28 09:00:00,4211.999845504761,5292.000102996826,3319.578946738206
forecast_2818,2025-04-28 10:00:00,5183.999884128571,5183.999884128571,3343.027166033572
forecast_2819,2025-04-28 11:00:00,10044.00007724762,6911.999845504761,5118.814514888807
forecast_2820,2025-04-28 12:00:00,12096.000051498413,10044.00007724762,9627.80439684952
forecast_2821,2025-04-28 13:00:00,13392.000102996826,9719.999742507935,8247.541347392957
forecast_2822,2025-04-28 14:00:00,13823.999691009521,10044.00007724762,8283.663073666514
forecast_2823,2025-04-28 15:00:00,13500.0,9180.000257492065,7801.191170664622
forecast_2824,2025-04-28 16:00:00,8855.99992275238,6155.99992275238,4905.617392909951
forecast_2825,2025-04-28 17:00:00,7128.000283241272,4644.00007724762,3629.989246136355
forecast_2826,2025-04-28 18:00:00,4320.000064373016,3996.000051498413,2897.3547904241555
forecast_2827,2025-04-28 19:00:00,4320.000064373016,3888.0001544952393,2629.9514758512014
forecast_2828,2025-04-28 20:00:00,5183.999884128571,4859.999871253967,3229.2532443796185
forecast_2829,2025-04-28 21:00:00,5183.999884128571,4859.999871253967,3504.0116357720735
forecast_2830,2025-04-28 22:00:00,7344.00007724762,6263.999819755554,4747.962992914698
forecast_2831,2025-04-28 23:00:00,6263.999819755554,5940.000128746033,4493.996682218221
forecast_2832,2025-04-29 00:00:00,6263.999819755554,5723.9996910095215,3868.38933223078
forecast_2833,2025-04-29 01:00:00,4211.999845504761,3996.000051498413,2780.544844103152
forecast_2834,2025-04-29 02:00:00,3888.0001544952393,3779.9999356269836,2759.528975770036
forecast_2835,2025-04-29 03:00:00,3888.0001544952393,3888.0001544952393,2886.07061084785
forecast_2836,2025-04-29 04:00:00,4320.000064373016,3779.9999356269836,3061.921420162032
forecast_2837,2025-04-29 05:00:00,4320.000064373016,4211.999845504761,3292.5305560661886
forecast_2838,2025-04-29 06:00:00,4535.999858379364,5075.999987125397,4534.383413798284
forecast_2839,2025-04-29 07:00:00,5507.999897003174,7559.999871253967,4814.706099156122
forecast_2840,2025-04-29 08:00:00,5075.999987125397,6911.999845504761,5563.850507151336
forecast_2841,2025-04-29 09:00:00,5075.999987125397,7559.999871253967,4304.038638028075
forecast_2842,2025-04-29 10:00:00,6371.999716758728,5615.999794006348,4676.344847972076
forecast_2843,2025-04-29 11:00:00,6696.000051498413,5615.999794006348,4568.212594657206
forecast_2844,2025-04-29 12:00:00,6696.000051498413,5615.999794006348,4596.513923572828
forecast_2845,2025-04-29 13:00:00,8100.0,5615.999794006348,4816.164373829323
forecast_2846,2025-04-29 14:00:00,9719.999742507935,5615.999794006348,5174.982051629543
forecast_2847,2025-04-29 15:00:00,9611.99984550476,5615.999794006348,5553.492207253194
forecast_2848,2025-04-29 16:00:00,11447.999382019043,6263.999819755554,5642.873613497897
forecast_2849,2025-04-29 17:00:00,9180.000257492065,6696.000051498413,5441.369931158904
forecast_2850,2025-04-29 18:00:00,6371.999716758728,7559.999871253967,6580.7487521935545
forecast_2851,2025-04-29 19:00:00,10476.000308990479,11447.999382019043,8743.736367586358
forecast_2852,2025-04-29 20:00:00,13392.000102996826,15443.999433517456,12248.345268467778
forecast_2853,2025-04-29 21:00:00,14688.00015449524,16200.0,13626.17219649835
forecast_2854,2025-04-29 22:00:00,16739.99948501587,18035.999536514282,15609.710468297695
forecast_2855,2025-04-29 23:00:00,19547.999382019043,18792.000102996826,16977.704636644157
forecast_2856,2025-04-30 00:00:00,19547.999382019043,19223.99969100952,16818.84010199643
forecast_2857,2025-04-30 01:00:00,19547.999382019043,18576.00030899048,16402.564671451306
forecast_2858,2025-04-30 02:00:00,19980.000257492065,19223.99969100952,17049.2206106582
forecast_2859,2025-04-30 03:00:00,19980.000257492065,19547.999382019043,17253.21026092707
forecast_2860,2025-04-30 04:00:00,19980.000257492065,19547.999382019043,17818.07800929843
forecast_2861,2025-04-30 05:00:00,19980.000257492065,19547.999382019043,17817.875265842416
forecast_2862,2025-04-30 06:00:00,19980.000257492065,19547.999382019043,17032.77792771506
forecast_2863,2025-04-30 07:00:00,19547.999382019043,18792.000102996826,15811.104433816026
forecast_2864,2025-04-30 08:00:00,19547.999382019043,19223.99969100952,15928.835486090496
forecast_2865,2025-04-30 09:00:00,17927.99963951111,17927.99963951111,15398.113454092634
forecast_2866,2025-04-30 10:00:00,14580.000257492065,16847.999382019043,14579.48178355358
forecast_2867,2025-04-30 11:00:00,14472.000360488892,16200.0,13413.348258252676
forecast_2868,2025-04-30 12:00:00,13068.000411987305,15119.999742507935,12823.88630738041
forecast_2869,2025-04-30 13:00:00,11880.000257492065,13068.000411987305,11094.327622083034
forecast_2870,2025-04-30 14:00:00,11880.000257492065,12311.99984550476,9981.422495822211
forecast_2871,2025-04-30 15:00:00,11447.999382019043,11447.999382019043,9222.711365620784
forecast_2872,2025-04-30 16:00:00,9288.00015449524,10476.000308990479,8116.9669677199145
forecast_2873,2025-04-30 17:00:00,8855.99992275238,8855.99992275238,6244.109886531529
forecast_2874,2025-04-30 18:00:00,8855.99992275238,7992.000102996826,5570.155541089941
forecast_2875,2025-04-30 19:00:00,5615.999794006348,8207.999897003174,5423.0002620145815
forecast_2876,2025-04-30 20:00:00,7451.9999742507935,8748.000025749207,5465.589228892976
forecast_2877,2025-04-30 21:00:00,8963.999819755554,9719.999742507935,6118.71671107172
forecast_2878,2025-04-30 22:00:00,10259.999871253967,10692.000102996826,7062.558351450544
forecast_2879,2025-04-30 23:00:00,12743.999433517456,13392.000102996826,7990.0198460019155
forecast_2880,2025-05-01 00:00:00,13176.000308990479,12960.00051498413,7735.315525688446
forecast_2881,2025-05-01 01:00:00,14472.000360488892,15660.00051498413,11762.66629714114
forecast_2882,2025-05-01 02:00:00,14472.000360488892,16307.999897003174,12559.959564211613
forecast_2883,2025-05-01 03:00:00,14472.000360488892,17280.000257492065,13595.011554362802
forecast_2884,2025-05-01 04:00:00,15660.00051498413,17819.999742507935,14910.452659642637
forecast_2885,2025-05-01 05:00:00,18360.00051498413,18252.000617980957,15471.50163257567
forecast_2886,2025-05-01 06:00:00,18360.00051498413,18576.00030899048,16048.807852179763
forecast_2887,2025-05-01 07:00:00,17711.99984550476,18792.000102996826,16178.883783304907
forecast_2888,2025-05-01 08:00:00,17711.99984550476,18792.000102996826,16142.658680807584
forecast_2889,2025-05-01 09:00:00,17927.99963951111,18252.000617980957,15695.387349533064
forecast_2890,2025-05-01 10:00:00,17711.99984550476,18252.000617980957,15531.759745335301
forecast_2891,2025-05-01 11:00:00,17711.99984550476,18252.000617980957,16162.68410630443
forecast_2892,2025-05-01 12:00:00,18035.999536514282,18252.000617980957,15607.214612418493
forecast_2893,2025-05-01 13:00:00,17711.99984550476,17711.99984550476,15637.094703784544
forecast_2894,2025-05-01 14:00:00,14472.000360488892,17064.000463485718,13365.506115937722
forecast_2895,2025-05-01 15:00:00,14472.000360488892,17388.00015449524,13174.651704316384
forecast_2896,2025-05-01 16:00:00,17927.99963951111,17388.00015449524,14072.089425165212
forecast_2897,2025-05-01 17:00:00,15011.99984550476,17927.99963951111,14196.481312704058
forecast_2898,2025-05-01 18:00:00,14147.999382019043,16307.999897003174,12869.182628107512
forecast_2899,2025-05-01 19:00:00,13607.999897003174,16307.999897003174,12172.86573383433
forecast_2900,2025-05-01 20:00:00,14472.000360488892,16307.999897003174,12528.891844275546
forecast_2901,2025-05-01 21:00:00,10259.999871253967,14364.000463485718,8550.183119531875
forecast_2902,2025-05-01 22:00:00,14472.000360488892,15660.00051498413,11280.896157386773
forecast_2903,2025-05-01 23:00:00,14903.999948501587,16739.99948501587,14336.871754815702
forecast_2904,2025-05-02 00:00:00,19331.999588012695,18576.00030899048,15553.420022555889
forecast_2905,2025-05-02 01:00:00,18900.0,18252.000617980957,16142.162798849944
forecast_2906,2025-05-02 02:00:00,17064.000463485718,18252.000617980957,15351.85530049793
forecast_2907,2025-05-02 03:00:00,18468.000411987305,17280.000257492065,14820.787565769586
forecast_2908,2025-05-02 04:00:00,18468.000411987305,16739.99948501587,13603.368869915374
forecast_2909,2025-05-02 05:00:00,16956.000566482544,17280.000257492065,14419.11006055282
forecast_2910,2025-05-02 06:00:00,17064.000463485718,17496.000051498413,14214.105765540226
forecast_2911,2025-05-02 07:00:00,15768.000411987305,15660.00051498413,13235.859394483734
forecast_2912,2025-05-02 08:00:00,15119.999742507935,15443.999433517456,11050.327184305805
forecast_2913,2025-05-02 09:00:00,15660.00051498413,14039.99948501587,10069.378727289792
forecast_2914,2025-05-02 10:00:00,14039.99948501587,12960.00051498413,9290.71038701248
forecast_2915,2025-05-02 11:00:00,11988.00015449524,10259.999871253967,7448.342670797118
forecast_2916,2025-05-02 12:00:00,11556.000566482544,8963.999819755554,6895.930767060657
forecast_2917,2025-05-02 13:00:00,11556.000566482544,7559.999871253967,5953.007388475238
forecast_2918,2025-05-02 14:00:00,11556.000566482544,8100.0,5639.514768233755
forecast_2919,2025-05-02 15:00:00,11556.000566482544,7559.999871253967,5435.43625069628
forecast_2920,2025-05-02 16:00:00,11123.999691009521,5940.000128746033,4640.158192833842
forecast_2921,2025-05-02 17:00:00,10476.000308990479,5940.000128746033,3972.499124711225
forecast_2922,2025-05-02 18:00:00,12096.000051498413,7992.000102996826,5219.555492539529
forecast_2923,2025-05-02 19:00:00,12096.000051498413,9180.000257492065,6372.17033734812
forecast_2924,2025-05-02 20:00:00,13715.999794006348,10907.999897003174,8580.397246373248
forecast_2925,2025-05-02 21:00:00,14039.99948501587,11880.000257492065,9951.8489565264
forecast_2926,2025-05-02 22:00:00,13068.000411987305,13823.999691009521,11846.21245197404
forecast_2927,2025-05-02 23:00:00,14472.000360488892,14364.000463485718,11150.200163765849
forecast_2928,2025-05-03 00:00:00,13500.0,13176.000308990479,9506.527238768444
forecast_2929,2025-05-03 01:00:00,14256.000566482544,14796.000051498413,9414.372167963114
forecast_2930,2025-05-03 02:00:00,13392.000102996826,14039.99948501587,10566.674531967074
forecast_2931,2025-05-03 03:00:00,10367.999768257141,11447.999382019043,8335.296651717472
forecast_2932,2025-05-03 04:00:00,9180.000257492065,9936.000180244446,5435.761419953764
forecast_2933,2025-05-03 05:00:00,10151.999974250793,9503.999948501587,6018.488968573445
forecast_2934,2025-05-03 06:00:00,6803.999948501587,7559.999871253967,4651.5180272538255
forecast_2935,2025-05-03 07:00:00,4320.000064373016,5723.9996910095215,3927.667156744999
forecast_2936,2025-05-03 08:00:00,4968.000090122223,6371.999716758728,3675.864428498323
forecast_2937,2025-05-03 09:00:00,5615.999794006348,7884.000205993652,4715.759305204606
forecast_2938,2025-05-03 10:00:00,7451.9999742507935,9503.999948501587,6387.424822135369
forecast_2939,2025-05-03 11:00:00,11664.000463485718,12527.999639511108,9876.09270437025
forecast_2940,2025-05-03 12:00:00,14039.99948501587,14147.999382019043,11864.54292380732
forecast_2941,2025-05-03 13:00:00,14039.99948501587,14580.000257492065,12338.992655709892
forecast_2942,2025-05-03 14:00:00,12096.000051498413,12743.999433517456,11644.225866520534
forecast_2943,2025-05-03 15:00:00,15119.999742507935,15119.999742507935,12407.72911023869
forecast_2944,2025-05-03 16:00:00,14580.000257492065,14688.00015449524,11876.30306135756
forecast_2945,2025-05-03 17:00:00,14039.99948501587,12311.99984550476,10403.231856474036
forecast_2946,2025-05-03 18:00:00,13392.000102996826,12527.999639511108,9980.724613768589
forecast_2947,2025-05-03 19:00:00,14039.99948501587,13607.999897003174,10942.38092735373
forecast_2948,2025-05-03 20:00:00,15119.999742507935,14580.000257492065,12309.371777911025
forecast_2949,2025-05-03 21:00:00,15119.999742507935,13607.999897003174,12017.432630570367
forecast_2950,2025-05-03 22:00:00,15119.999742507935,13931.999588012695,11472.418579727508
forecast_2951,2025-05-03 23:00:00,14580.000257492065,13607.999897003174,11958.055360332544
forecast_2952,2025-05-04 00:00:00,14688.00015449524,15011.99984550476,12341.290590204131
forecast_2953,2025-05-04 01:00:00,15335.999536514282,15660.00051498413,13602.230538181617
forecast_2954,2025-05-04 02:00:00,14903.999948501587,15552.000617980957,13933.57059557233
forecast_2955,2025-05-04 03:00:00,14903.999948501587,14688.00015449524,11893.32557838979
forecast_2956,2025-05-04 04:00:00,15335.999536514282,15335.999536514282,12137.80228762609
forecast_2957,2025-05-04 05:00:00,16631.999588012695,15552.000617980957,12765.127900327292
forecast_2958,2025-05-04 06:00:00,16200.0,15552.000617980957,12736.597538698114
forecast_2959,2025-05-04 07:00:00,16200.0,14688.00015449524,12360.247384840466
forecast_2960,2025-05-04 08:00:00,15768.000411987305,14688.00015449524,12247.472320370009
forecast_2961,2025-05-04 09:00:00,14796.000051498413,13607.999897003174,11292.39275006979
forecast_2962,2025-05-04 10:00:00,14688.00015449524,13607.999897003174,10412.512674752244
forecast_2963,2025-05-04 11:00:00,15119.999742507935,13607.999897003174,10432.80891632012
forecast_2964,2025-05-04 12:00:00,15443.999433517456,13607.999897003174,10597.628284789102
forecast_2965,2025-05-04 13:00:00,15768.000411987305,15119.999742507935,13335.25839600673
forecast_2966,2025-05-04 14:00:00,18252.000617980957,17172.00036048889,14464.713130675786
forecast_2967,2025-05-04 15:00:00,18468.000411987305,17388.00015449524,15181.419169976789
forecast_2968,2025-05-04 16:00:00,18252.000617980957,17172.00036048889,14264.25508294868
forecast_2969,2025-05-04 17:00:00,17819.999742507935,16415.999794006348,12462.868450166932
forecast_2970,2025-05-04 18:00:00,16200.0,15660.00051498413,12012.378570635658
forecast_2971,2025-05-04 19:00:00,16200.0,14688.00015449524,11233.747144857023
forecast_2972,2025-05-04 20:00:00,16200.0,13715.999794006348,11030.269768007114
forecast_2973,2025-05-04 21:00:00,14364.000463485718,11988.00015449524,9885.8643810851
forecast_2974,2025-05-04 22:00:00,12096.000051498413,8855.99992275238,6221.045416469489
forecast_2975,2025-05-04 23:00:00,7992.000102996826,6263.999819755554,3918.2130120726915
forecast_2976,2025-05-05 00:00:00,4644.00007724762,4644.00007724762,3621.295486389756
forecast_2977,2025-05-05 01:00:00,5507.999897003174,4320.000064373016,2451.7110439360576
forecast_2978,2025-05-05 02:00:00,4211.999845504761,3996.000051498413,2777.158196659034
forecast_2979,2025-05-05 03:00:00,4211.999845504761,4320.000064373016,3573.3475321492397
forecast_2980,2025-05-05 04:00:00,4103.999948501587,3888.0001544952393,3088.2399195080475
forecast_2981,2025-05-05 05:00:00,3888.0001544952393,3888.0001544952393,3037.948158991019
forecast_2982,2025-05-05 06:00:00,3888.0001544952393,3564.000141620636,3217.359983691308
forecast_2983,2025-05-05 07:00:00,3888.0001544952393,3455.9999227523804,3269.5095463277744
forecast_2984,2025-05-05 08:00:00,3888.0001544952393,3564.000141620636,3040.9487127390003
forecast_2985,2025-05-05 09:00:00,3455.9999227523804,3455.9999227523804,2504.9000777951164
forecast_2986,2025-05-05 10:00:00,3779.9999356269836,3240.0001287460327,2319.5826811307334
forecast_2987,2025-05-05 11:00:00,3348.0000257492065,2916.0001158714294,1801.2348306738418
forecast_2988,2025-05-05 12:00:00,3888.0001544952393,2916.0001158714294,1821.7117931130936
forecast_2989,2025-05-05 13:00:00,3779.9999356269836,3131.999909877777,1812.921557207712
forecast_2990,2025-05-05 14:00:00,3455.9999227523804,3131.999909877777,1788.259162900407
forecast_2991,2025-05-05 15:00:00,3779.9999356269836,3131.999909877777,1866.606056265459
forecast_2992,2025-05-05 16:00:00,3779.9999356269836,3348.0000257492065,2386.9674864485896
forecast_2993,2025-05-05 17:00:00,3779.9999356269836,3240.0001287460327,2531.507603114542
forecast_2994,2025-05-05 18:00:00,3779.9999356269836,3348.0000257492065,2661.491018115257
forecast_2995,2025-05-05 19:00:00,4211.999845504761,3996.000051498413,3075.4566140095935
forecast_2996,2025-05-05 20:00:00,3888.0001544952393,3888.0001544952393,3076.160141116792
forecast_2997,2025-05-05 21:00:00,3888.0001544952393,3888.0001544952393,3015.169262315129
forecast_2998,2025-05-05 22:00:00,5507.999897003174,5832.000231742859,3556.9040462498606
forecast_2999,2025-05-05 23:00:00,3888.0001544952393,3888.0001544952393,3374.352249530801
forecast_3000,2025-05-06 00:00:00,4644.00007724762,4211.999845504761,3494.706673092817
forecast_3001,2025-05-06 01:00:00,3888.0001544952393,3564.000141620636,2749.095093441588
forecast_3002,2025-05-06 02:00:00,3888.0001544952393,3564.000141620636,3039.6581887437187
forecast_3003,2025-05-06 03:00:00,3888.0001544952393,3564.000141620636,2775.508740475672
forecast_3004,2025-05-06 04:00:00,3779.9999356269836,3455.9999227523804,2721.357612985307
forecast_3005,2025-05-06 05:00:00,3888.0001544952393,3564.000141620636,2615.0506295371333
forecast_3006,2025-05-06 06:00:00,3888.0001544952393,3455.9999227523804,2651.905422452472
forecast_3007,2025-05-06 07:00:00,3888.0001544952393,3672.00003862381,2847.244334654468
forecast_3008,2025-05-06 08:00:00,3455.9999227523804,3455.9999227523804,2700.011268490005
forecast_3009,2025-05-06 09:00:00,3672.00003862381,3348.0000257492065,2579.088524395151
forecast_3010,2025-05-06 10:00:00,3455.9999227523804,3131.999909877777,2254.8793110452057
forecast_3011,2025-05-06 11:00:00,3455.9999227523804,3131.999909877777,2301.3110711418435
forecast_3012,2025-05-06 12:00:00,3564.000141620636,3240.0001287460327,2384.33966036872
forecast_3013,2025-05-06 13:00:00,3564.000141620636,3131.999909877777,2266.356329259699
forecast_3014,2025-05-06 14:00:00,3564.000141620636,3455.9999227523804,2394.9113347391585
forecast_3015,2025-05-06 15:00:00,3348.0000257492065,3455.9999227523804,2221.962736220134
forecast_3016,2025-05-06 16:00:00,3888.0001544952393,3240.0001287460327,2281.4926279337005
forecast_3017,2025-05-06 17:00:00,3888.0001544952393,3455.9999227523804,2363.18368947087
forecast_3018,2025-05-06 18:00:00,3888.0001544952393,3240.0001287460327,2628.769378681232
forecast_3019,2025-05-06 19:00:00,3888.0001544952393,3564.000141620636,2865.4211325218826
forecast_3020,2025-05-06 20:00:00,3455.9999227523804,3564.000141620636,3103.5464880049126
forecast_3021,2025-05-06 21:00:00,3888.0001544952393,3564.000141620636,3220.6337907656143
forecast_3022,2025-05-06 22:00:00,3888.0001544952393,3779.9999356269836,3073.6846735957783
forecast_3023,2025-05-06 23:00:00,3888.0001544952393,3779.9999356269836,3336.317622956365
forecast_3024,2025-05-07 00:00:00,3888.0001544952393,3888.0001544952393,3816.5208556140574
forecast_3025,2025-05-07 01:00:00,3996.000051498413,3888.0001544952393,3097.542333004223
forecast_3026,2025-05-07 02:00:00,3888.0001544952393,3996.000051498413,2899.633273063838
forecast_3027,2025-05-07 03:00:00,3888.0001544952393,3996.000051498413,2868.192343531925
forecast_3028,2025-05-07 04:00:00,3888.0001544952393,3888.0001544952393,3117.680849188386
forecast_3029,2025-05-07 05:00:00,4427.99996137619,3888.0001544952393,3519.72917899095
forecast_3030,2025-05-07 06:00:00,4103.999948501587,4211.999845504761,3849.22254130519
forecast_3031,2025-05-07 07:00:00,4427.99996137619,4211.999845504761,4076.275901289242
forecast_3032,2025-05-07 08:00:00,4751.9999742507935,3888.0001544952393,3552.293922114224
forecast_3033,2025-05-07 09:00:00,3888.0001544952393,3888.0001544952393,2859.2447590731285
forecast_3034,2025-05-07 10:00:00,3888.0001544952393,3672.00003862381,2802.9258634402795
forecast_3035,2025-05-07 11:00:00,3888.0001544952393,3672.00003862381,2650.2661377764857
forecast_3036,2025-05-07 12:00:00,3888.0001544952393,3672.00003862381,2780.9644209713074
forecast_3037,2025-05-07 13:00:00,3888.0001544952393,3672.00003862381,2629.769425564726
forecast_3038,2025-05-07 14:00:00,3672.00003862381,3779.9999356269836,2961.12604608057
forecast_3039,2025-05-07 15:00:00,3888.0001544952393,3455.9999227523804,2903.798093553473
forecast_3040,2025-05-07 16:00:00,3888.0001544952393,3348.0000257492065,2460.03649696797
forecast_3041,2025-05-07 17:00:00,3888.0001544952393,3348.0000257492065,2784.537108945832
forecast_3042,2025-05-07 18:00:00,3888.0001544952393,3240.0001287460327,2770.5534370056407
forecast_3043,2025-05-07 19:00:00,3888.0001544952393,3888.0001544952393,2950.47166540591
forecast_3044,2025-05-07 20:00:00,3888.0001544952393,3888.0001544952393,3398.9743707317543
forecast_3045,2025-05-07 21:00:00,5075.999987125397,4644.00007724762,4013.0215442855983
forecast_3046,2025-05-07 22:00:00,6155.99992275238,6263.999819755554,4615.553908099651
forecast_3047,2025-05-07 23:00:00,7559.999871253967,7559.999871253967,5196.737765975639
forecast_3048,2025-05-08 00:00:00,6155.99992275238,6263.999819755554,4555.280243566823
forecast_3049,2025-05-08 01:00:00,4751.9999742507935,6263.999819755554,4027.436998053854
forecast_3050,2025-05-08 02:00:00,6480.000257492065,6588.000154495239,3985.315750596311
forecast_3051,2025-05-08 03:00:00,6480.000257492065,8532.000231742859,5056.217595800134
forecast_3052,2025-05-08 04:00:00,11556.000566482544,10692.000102996826,6955.468538308389
forecast_3053,2025-05-08 05:00:00,11123.999691009521,9828.000283241272,6351.997520285144
forecast_3054,2025-05-08 06:00:00,9288.00015449524,6588.000154495239,5677.871920551566
forecast_3055,2025-05-08 07:00:00,4427.99996137619,4859.999871253967,4422.599615181067
forecast_3056,2025-05-08 08:00:00,4103.999948501587,3996.000051498413,3930.526070258543
forecast_3057,2025-05-08 09:00:00,3888.0001544952393,3888.0001544952393,3355.181589501993
forecast_3058,2025-05-08 10:00:00,3779.9999356269836,3564.000141620636,3045.7674653521253
forecast_3059,2025-05-08 11:00:00,3888.0001544952393,3455.9999227523804,2600.4119713166824
forecast_3060,2025-05-08 12:00:00,3455.9999227523804,3564.000141620636,2674.0070598551
forecast_3061,2025-05-08 13:00:00,3888.0001544952393,3564.000141620636,2326.2052384931244
forecast_3062,2025-05-08 14:00:00,3888.0001544952393,3888.0001544952393,2174.4706946323254
forecast_3063,2025-05-08 15:00:00,3888.0001544952393,3564.000141620636,2214.966269231382
forecast_3064,2025-05-08 16:00:00,3888.0001544952393,3779.9999356269836,2418.0500809874607
forecast_3065,2025-05-08 17:00:00,3888.0001544952393,3888.0001544952393,2339.6939486068536
forecast_3066,2025-05-08 18:00:00,3888.0001544952393,3996.000051498413,3091.389965956523
forecast_3067,2025-05-08 19:00:00,4320.000064373016,4968.000090122223,3588.0271557370625
forecast_3068,2025-05-08 20:00:00,3888.0001544952393,3888.0001544952393,3321.836736187568
forecast_3069,2025-05-08 21:00:00,3888.0001544952393,3888.0001544952393,3504.784353792169
forecast_3070,2025-05-08 22:00:00,3888.0001544952393,4103.999948501587,3723.980306691945
forecast_3071,2025-05-08 23:00:00,3888.0001544952393,4103.999948501587,3488.822976260425
forecast_3072,2025-05-09 00:00:00,3996.000051498413,4211.999845504761,2916.1712194229635
forecast_3073,2025-05-09 01:00:00,6155.99992275238,7344.00007724762,4321.299766243163
forecast_3074,2025-05-09 02:00:00,5940.000128746033,6803.999948501587,4195.416059826585
forecast_3075,2025-05-09 03:00:00,5940.000128746033,6263.999819755554,3922.1699331073537
forecast_3076,2025-05-09 04:00:00,5940.000128746033,6155.99992275238,3760.881956611004
forecast_3077,2025-05-09 05:00:00,4427.99996137619,4427.99996137619,3222.736552453614
forecast_3078,2025-05-09 06:00:00,3888.0001544952393,4103.999948501587,3157.049920299656
forecast_3079,2025-05-09 07:00:00,3888.0001544952393,3888.0001544952393,3354.667670299485
forecast_3080,2025-05-09 08:00:00,3888.0001544952393,3888.0001544952393,3190.942256112945
forecast_3081,2025-05-09 09:00:00,3888.0001544952393,3888.0001544952393,3032.539800337238
forecast_3082,2025-05-09 10:00:00,3888.0001544952393,4751.9999742507935,4115.565328984047
forecast_3083,2025-05-09 11:00:00,3888.0001544952393,5075.999987125397,3625.17962666216
forecast_3084,2025-05-09 12:00:00,5615.999794006348,8207.999897003174,5395.958147300087
forecast_3085,2025-05-09 13:00:00,6803.999948501587,9503.999948501587,6545.655265076604
forecast_3086,2025-05-09 14:00:00,7992.000102996826,11231.999588012695,9364.860815567392
forecast_3087,2025-05-09 15:00:00,12960.00051498413,11988.00015449524,9343.384786493703
forecast_3088,2025-05-09 16:00:00,12743.999433517456,11988.00015449524,9555.719103571457
forecast_3089,2025-05-09 17:00:00,12527.999639511108,11988.00015449524,10428.71417878829
forecast_3090,2025-05-09 18:00:00,11772.000360488892,10259.999871253967,9007.34713174723
forecast_3091,2025-05-09 19:00:00,6371.999716758728,8207.999897003174,7147.247276717814
forecast_3092,2025-05-09 20:00:00,5615.999794006348,6588.000154495239,4333.905729585523
forecast_3093,2025-05-09 21:00:00,4535.999858379364,5183.999884128571,3896.818488926681
forecast_3094,2025-05-09 22:00:00,3996.000051498413,4644.00007724762,3669.1417724427774
forecast_3095,2025-05-09 23:00:00,4859.999871253967,6480.000257492065,3826.460901669031
forecast_3096,2025-05-10 00:00:00,10151.999974250793,9503.999948501587,6954.994884583226
forecast_3097,2025-05-10 01:00:00,14472.000360488892,13931.999588012695,11726.426057028526
forecast_3098,2025-05-10 02:00:00,15660.00051498413,16307.999897003174,12232.33179839509
forecast_3099,2025-05-10 03:00:00,16523.99969100952,17388.00015449524,14063.180579142963
forecast_3100,2025-05-10 04:00:00,17603.999948501587,17603.999948501587,14043.11977838668
forecast_3101,2025-05-10 05:00:00,18035.999536514282,17603.999948501587,14428.393732533454
forecast_3102,2025-05-10 06:00:00,18360.00051498413,18252.000617980957,16552.48708238242
forecast_3103,2025-05-10 07:00:00,18900.0,19223.99969100952,17661.8404369799
forecast_3104,2025-05-10 08:00:00,19223.99969100952,19223.99969100952,17837.16117636791
forecast_3105,2025-05-10 09:00:00,19223.99969100952,19223.99969100952,18154.324860464872
forecast_3106,2025-05-10 10:00:00,19223.99969100952,19223.99969100952,17865.24815509699
forecast_3107,2025-05-10 11:00:00,19223.99969100952,19223.99969100952,17569.183740715773
forecast_3108,2025-05-10 12:00:00,19331.999588012695,19223.99969100952,17672.61937918859
forecast_3109,2025-05-10 13:00:00,18900.0,18792.000102996826,17317.188398975126
forecast_3110,2025-05-10 14:00:00,18900.0,19007.999897003174,17060.945775009328
forecast_3111,2025-05-10 15:00:00,18900.0,18684.000205993652,16647.646065436325
forecast_3112,2025-05-10 16:00:00,18792.000102996826,18252.000617980957,16287.623334502508
forecast_3113,2025-05-10 17:00:00,17603.999948501587,17603.999948501587,15093.771766824286
forecast_3114,2025-05-10 18:00:00,16092.000102996826,16092.000102996826,14409.181606262302
forecast_3115,2025-05-10 19:00:00,14039.99948501587,13068.000411987305,10756.173946746268
forecast_3116,2025-05-10 20:00:00,13392.000102996826,13068.000411987305,10004.068636423928
forecast_3117,2025-05-10 21:00:00,12096.000051498413,11772.000360488892,7735.982565439953
forecast_3118,2025-05-10 22:00:00,10476.000308990479,11447.999382019043,8856.942257981724
forecast_3119,2025-05-10 23:00:00,12419.999742507935,12311.99984550476,8653.35112603648
forecast_3120,2025-05-11 00:00:00,10259.999871253967,8963.999819755554,6889.301453468075
forecast_3121,2025-05-11 01:00:00,10259.999871253967,9936.000180244446,6851.401330464238
forecast_3122,2025-05-11 02:00:00,10476.000308990479,10584.000205993652,7198.714044004292
forecast_3123,2025-05-11 03:00:00,10044.00007724762,10367.999768257141,6447.505635462133
forecast_3124,2025-05-11 04:00:00,9503.999948501587,9611.99984550476,5554.328405554359
forecast_3125,2025-05-11 05:00:00,10151.999974250793,9288.00015449524,5941.892326523683
forecast_3126,2025-05-11 06:00:00,6155.99992275238,6263.999819755554,4710.504143457403
forecast_3127,2025-05-11 07:00:00,5832.000231742859,5940.000128746033,4601.288597259295
forecast_3128,2025-05-11 08:00:00,4751.9999742507935,4211.999845504761,3854.432327218968
forecast_3129,2025-05-11 09:00:00,3996.000051498413,3888.0001544952393,3223.704941982263
forecast_3130,2025-05-11 10:00:00,3888.0001544952393,3888.0001544952393,2567.551163567969
forecast_3131,2025-05-11 11:00:00,3888.0001544952393,3455.9999227523804,2609.2495574353134
forecast_3132,2025-05-11 12:00:00,3888.0001544952393,3564.000141620636,2432.27289073548
forecast_3133,2025-05-11 13:00:00,3888.0001544952393,3564.000141620636,2663.2891322820087
forecast_3134,2025-05-11 14:00:00,4211.999845504761,3888.0001544952393,3027.496216613281
forecast_3135,2025-05-11 15:00:00,6048.0000257492065,4211.999845504761,3464.01996438206
forecast_3136,2025-05-11 16:00:00,4211.999845504761,3888.0001544952393,2599.483269273206
forecast_3137,2025-05-11 17:00:00,5183.999884128571,4644.00007724762,3651.121371348019
forecast_3138,2025-05-11 18:00:00,4859.999871253967,4211.999845504761,3268.375380030601
forecast_3139,2025-05-11 19:00:00,4427.99996137619,4751.9999742507935,3432.415149460467
forecast_3140,2025-05-11 20:00:00,5075.999987125397,5832.000231742859,4131.536188471769
forecast_3141,2025-05-11 21:00:00,11123.999691009521,9611.99984550476,6709.685339338592
forecast_3142,2025-05-11 22:00:00,12960.00051498413,13607.999897003174,10248.809076916565
forecast_3143,2025-05-11 23:00:00,13392.000102996826,14903.999948501587,11549.803874892496
forecast_3144,2025-05-12 00:00:00,15335.999536514282,15552.000617980957,12610.307033891213
forecast_3145,2025-05-12 01:00:00,14039.99948501587,15335.999536514282,11323.817003708167
forecast_3146,2025-05-12 02:00:00,15335.999536514282,16092.000102996826,12397.272434228693
forecast_3147,2025-05-12 03:00:00,14688.00015449524,15984.000205993652,12938.806316168258
forecast_3148,2025-05-12 04:00:00,15768.000411987305,16200.0,14331.724463107266
forecast_3149,2025-05-12 05:00:00,15768.000411987305,16092.000102996826,14385.91918257429
forecast_3150,2025-05-12 06:00:00,15335.999536514282,15119.999742507935,12711.657621850278
forecast_3151,2025-05-12 07:00:00,15768.000411987305,15011.99984550476,11986.423852671107
forecast_3152,2025-05-12 08:00:00,14580.000257492065,13823.999691009521,11582.296091397096
forecast_3153,2025-05-12 09:00:00,12960.00051498413,12419.999742507935,9400.245978653778
forecast_3154,2025-05-12 10:00:00,12096.000051498413,10692.000102996826,8439.59741548684
forecast_3155,2025-05-12 11:00:00,10476.000308990479,8423.999691009521,6659.901153689963
forecast_3156,2025-05-12 12:00:00,10476.000308990479,8640.000128746033,7047.122181542049
forecast_3157,2025-05-12 13:00:00,10476.000308990479,9396.000051498413,7296.129539415639
forecast_3158,2025-05-12 14:00:00,9396.000051498413,7884.000205993652,6236.283918344524
forecast_3159,2025-05-12 15:00:00,9396.000051498413,7344.00007724762,5787.792980809346
forecast_3160,2025-05-12 16:00:00,8855.99992275238,7776.0003089904785,6228.401416465753
forecast_3161,2025-05-12 17:00:00,10476.000308990479,8423.999691009521,6283.750864017411
forecast_3162,2025-05-12 18:00:00,10476.000308990479,9071.999716758728,7139.561825804565
forecast_3163,2025-05-12 19:00:00,11123.999691009521,11664.000463485718,8565.701218408107
forecast_3164,2025-05-12 20:00:00,13068.000411987305,12960.00051498413,9121.323478510216
forecast_3165,2025-05-12 21:00:00,16092.000102996826,16200.0,11952.31501391275
forecast_3166,2025-05-12 22:00:00,17064.000463485718,17388.00015449524,15171.408487161008
forecast_3167,2025-05-12 23:00:00,19547.999382019043,17927.99963951111,15264.90438457712
forecast_3168,2025-05-13 00:00:00,19547.999382019043,17927.99963951111,15963.878116588692
forecast_3169,2025-05-13 01:00:00,19980.000257492065,19223.99969100952,17576.08828854974
forecast_3170,2025-05-13 02:00:00,19980.000257492065,19223.99969100952,17591.3056334587
forecast_3171,2025-05-13 03:00:00,19980.000257492065,19223.99969100952,17539.4480542772
forecast_3172,2025-05-13 04:00:00,19980.000257492065,19115.999794006348,17414.321102972564
forecast_3173,2025-05-13 05:00:00,19980.000257492065,19007.999897003174,17338.16716954774
forecast_3174,2025-05-13 06:00:00,19547.999382019043,18684.000205993652,16517.58700602271
forecast_3175,2025-05-13 07:00:00,19547.999382019043,18143.999433517456,15293.320498582012
forecast_3176,2025-05-13 08:00:00,18468.000411987305,17819.999742507935,14298.675257458168
forecast_3177,2025-05-13 09:00:00,16092.000102996826,17064.000463485718,13930.811657034088
forecast_3178,2025-05-13 10:00:00,15660.00051498413,16415.999794006348,14183.700752906414
forecast_3179,2025-05-13 11:00:00,14472.000360488892,15876.000308990479,14035.197117399552
forecast_3180,2025-05-13 12:00:00,14472.000360488892,15443.999433517456,13840.722369464242
forecast_3181,2025-05-13 13:00:00,14472.000360488892,15119.999742507935,13261.220536349601
forecast_3182,2025-05-13 14:00:00,14472.000360488892,14580.000257492065,12627.02813569718
forecast_3183,2025-05-13 15:00:00,14147.999382019043,14364.000463485718,12620.4512689874
forecast_3184,2025-05-13 16:00:00,14472.000360488892,13607.999897003174,12554.053858157347
forecast_3185,2025-05-13 17:00:00,14472.000360488892,14472.000360488892,12662.830874542322
forecast_3186,2025-05-13 18:00:00,14796.000051498413,14580.000257492065,12301.967285256487
forecast_3187,2025-05-13 19:00:00,17280.000257492065,15984.000205993652,14083.172816816312
forecast_3188,2025-05-13 20:00:00,19547.999382019043,16956.000566482544,15007.291444510069
forecast_3189,2025-05-13 21:00:00,19547.999382019043,18143.999433517456,16150.454256592931
forecast_3190,2025-05-13 22:00:00,19980.000257492065,18792.000102996826,17361.57778511201
forecast_3191,2025-05-13 23:00:00,19980.000257492065,19115.999794006348,17131.208066927094
forecast_3192,2025-05-14 00:00:00,19980.000257492065,19331.999588012695,17315.418000707177
forecast_3193,2025-05-14 01:00:00,19980.000257492065,19331.999588012695,17131.653229950367
forecast_3194,2025-05-14 02:00:00,19980.000257492065,19331.999588012695,17657.16465206454
forecast_3195,2025-05-14 03:00:00,19980.000257492065,19547.999382019043,17656.599868964935
forecast_3196,2025-05-14 04:00:00,19980.000257492065,19331.999588012695,17364.127838875636
forecast_3197,2025-05-14 05:00:00,19980.000257492065,19331.999588012695,17715.284234243474
forecast_3198,2025-05-14 06:00:00,19980.000257492065,18684.000205993652,16547.501880101438
forecast_3199,2025-05-14 07:00:00,19547.999382019043,16739.99948501587,13738.055090801568
forecast_3200,2025-05-14 08:00:00,13500.0,13715.999794006348,10624.846256563887
forecast_3201,2025-05-14 09:00:00,13500.0,11231.999588012695,8886.159998536175
forecast_3202,2025-05-14 10:00:00,11447.999382019043,9071.999716758728,7461.374942623027
forecast_3203,2025-05-14 11:00:00,7128.000283241272,7344.00007724762,5580.304675033557
forecast_3204,2025-05-14 12:00:00,5615.999794006348,5292.000102996826,4213.144932230274
forecast_3205,2025-05-14 13:00:00,5615.999794006348,4320.000064373016,3800.509689667247
forecast_3206,2025-05-14 14:00:00,4968.000090122223,3888.0001544952393,3854.478737679823
forecast_3207,2025-05-14 15:00:00,4968.000090122223,3888.0001544952393,3740.901522688625
forecast_3208,2025-05-14 16:00:00,5183.999884128571,5075.999987125397,3304.785263009182
forecast_3209,2025-05-14 17:00:00,4211.999845504761,5075.999987125397,3342.615080696366
forecast_3210,2025-05-14 18:00:00,4320.000064373016,5075.999987125397,3771.9392501373
forecast_3211,2025-05-14 19:00:00,6155.99992275238,6911.999845504761,3905.670998532237
forecast_3212,2025-05-14 20:00:00,7559.999871253967,7559.999871253967,4332.881643978368
forecast_3213,2025-05-14 21:00:00,7559.999871253967,7992.000102996826,5459.52607779132
forecast_3214,2025-05-14 22:00:00,9828.000283241272,11123.999691009521,6125.778459608168
forecast_3215,2025-05-14 23:00:00,7992.000102996826,10151.999974250793,5579.365351214294
forecast_3216,2025-05-15 00:00:00,7992.000102996826,10151.999974250793,6352.458295485447
forecast_3217,2025-05-15 01:00:00,12743.999433517456,13931.999588012695,9269.58786033621
forecast_3218,2025-05-15 02:00:00,13931.999588012695,15011.99984550476,10001.779489997209
forecast_3219,2025-05-15 03:00:00,14256.000566482544,14688.00015449524,8875.623319482427
forecast_3220,2025-05-15 04:00:00,14472.000360488892,15335.999536514282,10188.471436032693
forecast_3221,2025-05-15 05:00:00,14580.000257492065,15660.00051498413,12276.202429269584
forecast_3222,2025-05-15 06:00:00,15227.999639511108,15876.000308990479,12912.341908334987
forecast_3223,2025-05-15 07:00:00,17388.00015449524,18143.999433517456,14515.93942392545
forecast_3224,2025-05-15 08:00:00,18360.00051498413,18252.000617980957,16675.124220496058
forecast_3225,2025-05-15 09:00:00,16847.999382019043,18252.000617980957,15849.03194472795
forecast_3226,2025-05-15 10:00:00,15660.00051498413,18035.999536514282,15265.61748213916
forecast_3227,2025-05-15 11:00:00,15119.999742507935,16631.999588012695,14028.737305004166
forecast_3228,2025-05-15 12:00:00,15119.999742507935,16739.99948501587,13358.667914529226
forecast_3229,2025-05-15 13:00:00,17388.00015449524,17711.99984550476,14553.355016131498
forecast_3230,2025-05-15 14:00:00,18900.0,17927.99963951111,16132.009653995698
forecast_3231,2025-05-15 15:00:00,18900.0,17280.000257492065,15889.445132299988
forecast_3232,2025-05-15 16:00:00,17388.00015449524,16200.0,14507.602256231588
forecast_3233,2025-05-15 17:00:00,17388.00015449524,16092.000102996826,13836.614295789532
forecast_3234,2025-05-15 18:00:00,18792.000102996826,16631.999588012695,14466.883912108378
forecast_3235,2025-05-15 19:00:00,19439.99948501587,17172.00036048889,15821.891279910224
forecast_3236,2025-05-15 20:00:00,19331.999588012695,17711.99984550476,16694.79038692412
forecast_3237,2025-05-15 21:00:00,17388.00015449524,18035.999536514282,17247.442785773645
forecast_3238,2025-05-15 22:00:00,19439.99948501587,18252.000617980957,17864.864129791014
forecast_3239,2025-05-15 23:00:00,19439.99948501587,18035.999536514282,17166.37862703694
forecast_3240,2025-05-16 00:00:00,16092.000102996826,17927.99963951111,16549.683598881078
forecast_3241,2025-05-16 01:00:00,19547.999382019043,18252.000617980957,15984.178635591003
forecast_3242,2025-05-16 02:00:00,19331.999588012695,18576.00030899048,16358.584330301812
forecast_3243,2025-05-16 03:00:00,19331.999588012695,18684.000205993652,16608.811823125972
forecast_3244,2025-05-16 04:00:00,19547.999382019043,18576.00030899048,16615.040497704
forecast_3245,2025-05-16 05:00:00,19547.999382019043,18252.000617980957,16239.65942378082
forecast_3246,2025-05-16 06:00:00,19223.99969100952,17711.99984550476,14895.340324611843
forecast_3247,2025-05-16 07:00:00,17388.00015449524,16847.999382019043,14362.009009638256
forecast_3248,2025-05-16 08:00:00,16092.000102996826,16847.999382019043,14482.736051905733
forecast_3249,2025-05-16 09:00:00,16092.000102996826,16200.0,13114.036335433297
forecast_3250,2025-05-16 10:00:00,14472.000360488892,14580.000257492065,11664.334128994156
forecast_3251,2025-05-16 11:00:00,12096.000051498413,11556.000566482544,9170.867486247354
forecast_3252,2025-05-16 12:00:00,10692.000102996826,10907.999897003174,8870.817581560546
forecast_3253,2025-05-16 13:00:00,10367.999768257141,10151.999974250793,7023.082453576192
forecast_3254,2025-05-16 14:00:00,5615.999794006348,9396.000051498413,6084.2193477860055
forecast_3255,2025-05-16 15:00:00,5615.999794006348,7776.0003089904785,4399.475976486806
forecast_3256,2025-05-16 16:00:00,6155.99992275238,7344.00007724762,4281.578302537921
forecast_3257,2025-05-16 17:00:00,7019.999742507935,6588.000154495239,3853.6282813023126
forecast_3258,2025-05-16 18:00:00,6696.000051498413,6696.000051498413,3277.704375557513
forecast_3259,2025-05-16 19:00:00,5723.9996910095215,6480.000257492065,3255.293983641008
forecast_3260,2025-05-16 20:00:00,5723.9996910095215,6155.99992275238,3546.7926486716183
forecast_3261,2025-05-16 21:00:00,4535.999858379364,5400.0,4508.636413476303
forecast_3262,2025-05-16 22:00:00,4535.999858379364,3996.000051498413,3649.844364242528
forecast_3263,2025-05-16 23:00:00,4535.999858379364,6155.99992275238,4334.7129672259325
forecast_3264,2025-05-17 00:00:00,4535.999858379364,4320.000064373016,3678.9323533595966
forecast_3265,2025-05-17 01:00:00,4320.000064373016,4427.99996137619,3608.8436638328194
forecast_3266,2025-05-17 02:00:00,3996.000051498413,5183.999884128571,3889.571067738818
forecast_3267,2025-05-17 03:00:00,4320.000064373016,5400.0,4866.714706178717
forecast_3268,2025-05-17 04:00:00,4968.000090122223,6263.999819755554,5136.459333613269
forecast_3269,2025-05-17 05:00:00,3888.0001544952393,3996.000051498413,3812.689168836055
forecast_3270,2025-05-17 06:00:00,3888.0001544952393,3888.0001544952393,3198.642515847346
forecast_3271,2025-05-17 07:00:00,3888.0001544952393,3779.9999356269836,3407.318545033532
forecast_3272,2025-05-17 08:00:00,4320.000064373016,4211.999845504761,3543.2302360478207
forecast_3273,2025-05-17 09:00:00,4427.99996137619,5832.000231742859,3787.534304515682
forecast_3274,2025-05-17 10:00:00,4320.000064373016,4211.999845504761,2918.395441409025
forecast_3275,2025-05-17 11:00:00,5183.999884128571,3996.000051498413,2753.113027757947
forecast_3276,2025-05-17 12:00:00,5615.999794006348,5615.999794006348,4176.12905505312
forecast_3277,2025-05-17 13:00:00,10259.999871253967,7992.000102996826,6231.382352978521
forecast_3278,2025-05-17 14:00:00,11664.000463485718,10907.999897003174,9954.36805784109
forecast_3279,2025-05-17 15:00:00,12096.000051498413,13068.000411987305,12189.353485647913
forecast_3280,2025-05-17 16:00:00,14147.999382019043,15876.000308990479,12467.25816389484
forecast_3281,2025-05-17 17:00:00,15443.999433517456,17927.99963951111,14450.764689405569
forecast_3282,2025-05-17 18:00:00,15768.000411987305,17927.99963951111,16681.657272274468
forecast_3283,2025-05-17 19:00:00,18360.00051498413,18252.000617980957,17205.394403553215
forecast_3284,2025-05-17 20:00:00,18900.0,18360.00051498413,17243.464201632967
forecast_3285,2025-05-17 21:00:00,19331.999588012695,18360.00051498413,17843.24852635868
forecast_3286,2025-05-17 22:00:00,19656.000566482544,18792.000102996826,17788.29892491903
forecast_3287,2025-05-17 23:00:00,19656.000566482544,19223.99969100952,18501.96205405092
forecast_3288,2025-05-18 00:00:00,19547.999382019043,19223.99969100952,17409.18353176413
forecast_3289,2025-05-18 01:00:00,19331.999588012695,18684.000205993652,15989.174973941555
forecast_3290,2025-05-18 02:00:00,19439.99948501587,17927.99963951111,15135.2995994504
forecast_3291,2025-05-18 03:00:00,17388.00015449524,15984.000205993652,12071.376324389284
forecast_3292,2025-05-18 04:00:00,15443.999433517456,13715.999794006348,9279.66012243058
forecast_3293,2025-05-18 05:00:00,15335.999536514282,13607.999897003174,9966.294954298914
forecast_3294,2025-05-18 06:00:00,10907.999897003174,9611.99984550476,5916.1765059440595
forecast_3295,2025-05-18 07:00:00,4320.000064373016,3996.000051498413,2443.97184808078
forecast_3296,2025-05-18 08:00:00,3888.0001544952393,3779.9999356269836,2311.287606385826
forecast_3297,2025-05-18 09:00:00,3888.0001544952393,3131.999909877777,2038.441573600618
forecast_3298,2025-05-18 10:00:00,3888.0001544952393,3024.0000128746033,2077.498627689657
forecast_3299,2025-05-18 11:00:00,3888.0001544952393,3131.999909877777,1902.267387637179
forecast_3300,2025-05-18 12:00:00,3888.0001544952393,3348.0000257492065,1663.7272869289736
forecast_3301,2025-05-18 13:00:00,4211.999845504761,3672.00003862381,1623.5828937888764
forecast_3302,2025-05-18 14:00:00,5183.999884128571,4103.999948501587,2166.4772598335285
forecast_3303,2025-05-18 15:00:00,6696.000051498413,4535.999858379364,2473.1304371107503
forecast_3304,2025-05-18 16:00:00,6371.999716758728,4644.00007724762,2180.4723169451217
forecast_3305,2025-05-18 17:00:00,9719.999742507935,5292.000102996826,3442.895747546838
forecast_3306,2025-05-18 18:00:00,10476.000308990479,5832.000231742859,4580.071663656696
forecast_3307,2025-05-18 19:00:00,11339.99948501587,8640.000128746033,6646.89917657141
forecast_3308,2025-05-18 20:00:00,12096.000051498413,11123.999691009521,9399.367135181114
forecast_3309,2025-05-18 21:00:00,13607.999897003174,13068.000411987305,10929.239577890829
forecast_3310,2025-05-18 22:00:00,14039.99948501587,13607.999897003174,12106.593997215114
forecast_3311,2025-05-18 23:00:00,15984.000205993652,14688.00015449524,11355.140233362274
forecast_3312,2025-05-19 00:00:00,13823.999691009521,14472.000360488892,11590.925923395138
forecast_3313,2025-05-19 01:00:00,13176.000308990479,13284.000205993652,9092.934640725953
forecast_3314,2025-05-19 02:00:00,12960.00051498413,12096.000051498413,8334.14763550174
forecast_3315,2025-05-19 03:00:00,10259.999871253967,11339.99948501587,7104.257005205803
forecast_3316,2025-05-19 04:00:00,10259.999871253967,10692.000102996826,6593.060228812727
forecast_3317,2025-05-19 05:00:00,8423.999691009521,10692.000102996826,6849.654335698395
forecast_3318,2025-05-19 06:00:00,9180.000257492065,11772.000360488892,7009.847119755324
forecast_3319,2025-05-19 07:00:00,12960.00051498413,13931.999588012695,8234.085147723128
forecast_3320,2025-05-19 08:00:00,14472.000360488892,15660.00051498413,9400.30500294779
forecast_3321,2025-05-19 09:00:00,13068.000411987305,14903.999948501587,9758.127853042724
forecast_3322,2025-05-19 10:00:00,14039.99948501587,14688.00015449524,12155.927493196778
forecast_3323,2025-05-19 11:00:00,14472.000360488892,15443.999433517456,13178.946632078289
forecast_3324,2025-05-19 12:00:00,15443.999433517456,17064.000463485718,14233.18864700928
forecast_3325,2025-05-19 13:00:00,15443.999433517456,17819.999742507935,14728.320150923548
forecast_3326,2025-05-19 14:00:00,15443.999433517456,18035.999536514282,15678.99209715994
forecast_3327,2025-05-19 15:00:00,16092.000102996826,18035.999536514282,15921.967350563438
forecast_3328,2025-05-19 16:00:00,18360.00051498413,18252.000617980957,15928.262900948976
forecast_3329,2025-05-19 17:00:00,18468.000411987305,18252.000617980957,17070.450418001867
forecast_3330,2025-05-19 18:00:00,18792.000102996826,18143.999433517456,16794.752715463557
forecast_3331,2025-05-19 19:00:00,18900.0,18360.00051498413,17054.846030283905
forecast_3332,2025-05-19 20:00:00,18900.0,18576.00030899048,17521.399014523024
forecast_3333,2025-05-19 21:00:00,18900.0,18792.000102996826,17883.67112576273
forecast_3334,2025-05-19 22:00:00,19331.999588012695,18252.000617980957,18223.288355091525
forecast_3335,2025-05-19 23:00:00,18900.0,18252.000617980957,17521.530374411584
forecast_3336,2025-05-20 00:00:00,18252.000617980957,18143.999433517456,17543.055443387646
forecast_3337,2025-05-20 01:00:00,18900.0,18252.000617980957,17537.829460340243
forecast_3338,2025-05-20 02:00:00,18900.0,18252.000617980957,17701.61540185937
forecast_3339,2025-05-20 03:00:00,18468.000411987305,18252.000617980957,17852.157478094177
forecast_3340,2025-05-20 04:00:00,18900.0,18252.000617980957,17991.004365620905
forecast_3341,2025-05-20 05:00:00,18900.0,18252.000617980957,17767.742756587817
forecast_3342,2025-05-20 06:00:00,18900.0,18252.000617980957,16951.048323096787
forecast_3343,2025-05-20 07:00:00,18360.00051498413,18252.000617980957,16512.725686012833
forecast_3344,2025-05-20 08:00:00,18360.00051498413,18035.999536514282,15966.3922409516
forecast_3345,2025-05-20 09:00:00,17711.99984550476,17819.999742507935,16110.600859467333
forecast_3346,2025-05-20 10:00:00,16092.000102996826,16847.999382019043,15258.205338652466
forecast_3347,2025-05-20 11:00:00,14472.000360488892,15119.999742507935,13688.954754469538
forecast_3348,2025-05-20 12:00:00,15119.999742507935,14364.000463485718,12865.916847495757
forecast_3349,2025-05-20 13:00:00,15119.999742507935,14472.000360488892,13753.276897062202
forecast_3350,2025-05-20 14:00:00,15660.00051498413,15011.99984550476,14017.254296304553
forecast_3351,2025-05-20 15:00:00,16092.000102996826,15443.999433517456,14302.977888567391
forecast_3352,2025-05-20 16:00:00,17280.000257492065,15768.000411987305,14474.176711524511
forecast_3353,2025-05-20 17:00:00,17280.000257492065,15876.000308990479,14823.750011939568
forecast_3354,2025-05-20 18:00:00,16092.000102996826,15876.000308990479,14803.338678714954
forecast_3355,2025-05-20 19:00:00,17280.000257492065,16415.999794006348,15147.351030668236
forecast_3356,2025-05-20 20:00:00,17927.99963951111,16739.99948501587,15634.255396186116
forecast_3357,2025-05-20 21:00:00,18684.000205993652,17603.999948501587,16503.85975486095
forecast_3358,2025-05-20 22:00:00,19223.99969100952,18035.999536514282,17115.040481243617
forecast_3359,2025-05-20 23:00:00,19223.99969100952,18143.999433517456,16600.28235526767
forecast_3360,2025-05-21 00:00:00,19331.999588012695,18252.000617980957,16453.54129329693
forecast_3361,2025-05-21 01:00:00,19547.999382019043,17819.999742507935,14588.642946411283
forecast_3362,2025-05-21 02:00:00,19547.999382019043,17711.99984550476,14542.748585304746
forecast_3363,2025-05-21 03:00:00,17172.00036048889,17711.99984550476,14990.052150478405
forecast_3364,2025-05-21 04:00:00,15660.00051498413,15984.000205993652,13592.681620293151
forecast_3365,2025-05-21 05:00:00,16307.999897003174,15011.99984550476,11517.272734430726
forecast_3366,2025-05-21 06:00:00,14688.00015449524,12203.999948501587,8681.778084869396
forecast_3367,2025-05-21 07:00:00,6480.000257492065,6263.999819755554,5378.179062592593
forecast_3368,2025-05-21 08:00:00,6048.0000257492065,5183.999884128571,5032.811412728237
forecast_3369,2025-05-21 09:00:00,5400.0,4644.00007724762,3893.95583204979
forecast_3370,2025-05-21 10:00:00,3888.0001544952393,3888.0001544952393,2986.023136550707
forecast_3371,2025-05-21 11:00:00,3888.0001544952393,3888.0001544952393,2833.4926049216533
forecast_3372,2025-05-21 12:00:00,3888.0001544952393,3888.0001544952393,2725.0992877073627
forecast_3373,2025-05-21 13:00:00,3888.0001544952393,3779.9999356269836,3035.878243435172
forecast_3374,2025-05-21 14:00:00,5615.999794006348,3888.0001544952393,3355.6549563953463
forecast_3375,2025-05-21 15:00:00,3888.0001544952393,3672.00003862381,2875.144559812518
forecast_3376,2025-05-21 16:00:00,3888.0001544952393,3564.000141620636,2998.030503550518
forecast_3377,2025-05-21 17:00:00,3888.0001544952393,3240.0001287460327,2444.308645098711
forecast_3378,2025-05-21 18:00:00,3888.0001544952393,3564.000141620636,2625.687889691938
forecast_3379,2025-05-21 19:00:00,3779.9999356269836,3564.000141620636,2700.182229815604
forecast_3380,2025-05-21 20:00:00,3888.0001544952393,3779.9999356269836,3028.313090916542
forecast_3381,2025-05-21 21:00:00,3888.0001544952393,3779.9999356269836,3218.8922289631446
forecast_3382,2025-05-21 22:00:00,3888.0001544952393,3779.9999356269836,3115.046782113097
forecast_3383,2025-05-21 23:00:00,3888.0001544952393,3779.9999356269836,3298.496698665232
forecast_3384,2025-05-22 00:00:00,3779.9999356269836,3672.00003862381,3333.0762654226382
forecast_3385,2025-05-22 01:00:00,3888.0001544952393,3779.9999356269836,2950.1624638964563
forecast_3386,2025-05-22 02:00:00,3888.0001544952393,3779.9999356269836,2969.996806791101
forecast_3387,2025-05-22 03:00:00,3888.0001544952393,3888.0001544952393,2942.6870158049933
forecast_3388,2025-05-22 04:00:00,3888.0001544952393,3888.0001544952393,2857.174280975062
forecast_3389,2025-05-22 05:00:00,3888.0001544952393,3779.9999356269836,2934.985789737537
forecast_3390,2025-05-22 06:00:00,3888.0001544952393,3779.9999356269836,3191.622494329129
forecast_3391,2025-05-22 07:00:00,3779.9999356269836,3564.000141620636,3330.238458695391
forecast_3392,2025-05-22 08:00:00,3888.0001544952393,3564.000141620636,3114.3680071123126
forecast_3393,2025-05-22 09:00:00,3888.0001544952393,3888.0001544952393,2961.446308232229
forecast_3394,2025-05-22 10:00:00,3996.000051498413,3996.000051498413,3052.659142464226
forecast_3395,2025-05-22 11:00:00,3888.0001544952393,4103.999948501587,3121.712208675269
forecast_3396,2025-05-22 12:00:00,3888.0001544952393,4103.999948501587,3150.950116870359
forecast_3397,2025-05-22 13:00:00,3888.0001544952393,4211.999845504761,2909.1347183659886
forecast_3398,2025-05-22 14:00:00,3888.0001544952393,3888.0001544952393,2938.1931392408983
forecast_3399,2025-05-22 15:00:00,3779.9999356269836,3888.0001544952393,2848.76634041562
forecast_3400,2025-05-22 16:00:00,3455.9999227523804,3564.000141620636,2586.3228103917136
forecast_3401,2025-05-22 17:00:00,3455.9999227523804,3455.9999227523804,2456.62694116116
forecast_3402,2025-05-22 18:00:00,3455.9999227523804,3348.0000257492065,2665.9299979037314
forecast_3403,2025-05-22 19:00:00,3779.9999356269836,3564.000141620636,2982.192767316962
forecast_3404,2025-05-22 20:00:00,3888.0001544952393,3564.000141620636,2947.421595750498
forecast_3405,2025-05-22 21:00:00,3888.0001544952393,3779.9999356269836,2856.1146886982856
forecast_3406,2025-05-22 22:00:00,3888.0001544952393,3564.000141620636,2959.409823897917
forecast_3407,2025-05-22 23:00:00,4103.999948501587,3779.9999356269836,2685.2475640480257
forecast_3408,2025-05-23 00:00:00,3888.0001544952393,3779.9999356269836,2631.8572555353826
forecast_3409,2025-05-23 01:00:00,3996.000051498413,3888.0001544952393,2781.330394814825
forecast_3410,2025-05-23 02:00:00,3996.000051498413,3672.00003862381,2828.0637450739664
forecast_3411,2025-05-23 03:00:00,3888.0001544952393,3779.9999356269836,2824.9146293022204
forecast_3412,2025-05-23 04:00:00,4103.999948501587,3996.000051498413,2681.3447526406976
forecast_3413,2025-05-23 05:00:00,3888.0001544952393,3888.0001544952393,2725.198290277612
forecast_3414,2025-05-23 06:00:00,3888.0001544952393,3888.0001544952393,2858.8245823479115
forecast_3415,2025-05-23 07:00:00,3888.0001544952393,3888.0001544952393,3040.1416417640075
forecast_3416,2025-05-23 08:00:00,3888.0001544952393,3888.0001544952393,3121.049825691025
forecast_3417,2025-05-23 09:00:00,3888.0001544952393,3888.0001544952393,2866.963517427708
forecast_3418,2025-05-23 10:00:00,3888.0001544952393,3888.0001544952393,3024.803405776287
forecast_3419,2025-05-23 11:00:00,3888.0001544952393,3888.0001544952393,2564.846918010052
forecast_3420,2025-05-23 12:00:00,3779.9999356269836,3888.0001544952393,2527.742095055765
forecast_3421,2025-05-23 13:00:00,3779.9999356269836,3455.9999227523804,2685.197052433044
forecast_3422,2025-05-23 14:00:00,3779.9999356269836,3564.000141620636,2665.6553123133413
forecast_3423,2025-05-23 15:00:00,3564.000141620636,3455.9999227523804,2713.3054518767863
forecast_3424,2025-05-23 16:00:00,3564.000141620636,3564.000141620636,2609.8233574869028
forecast_3425,2025-05-23 17:00:00,3779.9999356269836,3455.9999227523804,2736.223995321715
forecast_3426,2025-05-23 18:00:00,3888.0001544952393,3888.0001544952393,2792.155049320969
forecast_3427,2025-05-23 19:00:00,3888.0001544952393,3888.0001544952393,2698.9014657957723
forecast_3428,2025-05-23 20:00:00,3888.0001544952393,3888.0001544952393,2845.544388740036
forecast_3429,2025-05-23 21:00:00,4103.999948501587,4103.999948501587,3097.4906025455466
forecast_3430,2025-05-23 22:00:00,4535.999858379364,4535.999858379364,3074.982326108045
forecast_3431,2025-05-23 23:00:00,4320.000064373016,3996.000051498413,3151.0781954085646
forecast_3432,2025-05-24 00:00:00,3888.0001544952393,3888.0001544952393,2980.27009079098
forecast_3433,2025-05-24 01:00:00,5723.9996910095215,5292.000102996826,3271.064624446255
forecast_3434,2025-05-24 02:00:00,6048.0000257492065,5400.0,3408.22202860336
forecast_3435,2025-05-24 03:00:00,4644.00007724762,4535.999858379364,3310.6806456738377
forecast_3436,2025-05-24 04:00:00,4535.999858379364,4535.999858379364,3578.5333890228103
forecast_3437,2025-05-24 05:00:00,4320.000064373016,4427.99996137619,3413.1749454625447
forecast_3438,2025-05-24 06:00:00,4535.999858379364,5292.000102996826,3600.785913963137
forecast_3439,2025-05-24 07:00:00,4320.000064373016,5292.000102996826,3698.90243294098
forecast_3440,2025-05-24 08:00:00,4859.999871253967,5292.000102996826,3863.402797731305
forecast_3441,2025-05-24 09:00:00,4320.000064373016,5292.000102996826,3911.290712441442
forecast_3442,2025-05-24 10:00:00,4320.000064373016,4859.999871253967,3628.219633273553
forecast_3443,2025-05-24 11:00:00,3888.0001544952393,4859.999871253967,3592.688450258892
forecast_3444,2025-05-24 12:00:00,4320.000064373016,4644.00007724762,3652.59071427659
forecast_3445,2025-05-24 13:00:00,4320.000064373016,4644.00007724762,3723.3783396872286
forecast_3446,2025-05-24 14:00:00,3888.0001544952393,4644.00007724762,3598.1683233010217
forecast_3447,2025-05-24 15:00:00,4103.999948501587,5292.000102996826,3797.656615843889
forecast_3448,2025-05-24 16:00:00,5723.9996910095215,5832.000231742859,4426.409716658152
forecast_3449,2025-05-24 17:00:00,6480.000257492065,7559.999871253967,4993.840221332024
forecast_3450,2025-05-24 18:00:00,6371.999716758728,7884.000205993652,5134.940708588167
forecast_3451,2025-05-24 19:00:00,6048.0000257492065,6588.000154495239,4604.0642733018685
forecast_3452,2025-05-24 20:00:00,5723.9996910095215,6588.000154495239,4147.901801972629
forecast_3453,2025-05-24 21:00:00,4644.00007724762,6480.000257492065,4352.939897410807
forecast_3454,2025-05-24 22:00:00,4968.000090122223,6480.000257492065,4585.849378473492
forecast_3455,2025-05-24 23:00:00,4535.999858379364,5940.000128746033,4313.187659045768
forecast_3456,2025-05-25 00:00:00,4535.999858379364,5832.000231742859,4114.661732215809
forecast_3457,2025-05-25 01:00:00,5615.999794006348,5292.000102996826,3980.295838568256
forecast_3458,2025-05-25 02:00:00,4535.999858379364,4644.00007724762,3230.5255732061287
forecast_3459,2025-05-25 03:00:00,3996.000051498413,4211.999845504761,2851.20624414743
forecast_3460,2025-05-25 04:00:00,3888.0001544952393,3779.9999356269836,2915.3409830473747
forecast_3461,2025-05-25 05:00:00,4644.00007724762,4211.999845504761,2803.22985868812
forecast_3462,2025-05-25 06:00:00,3888.0001544952393,4211.999845504761,2923.580287703692
forecast_3463,2025-05-25 07:00:00,4320.000064373016,4211.999845504761,3353.792969701919
forecast_3464,2025-05-25 08:00:00,3888.0001544952393,3888.0001544952393,3206.6954956690256
forecast_3465,2025-05-25 09:00:00,3888.0001544952393,3672.00003862381,2680.6445282881145
forecast_3466,2025-05-25 10:00:00,3455.9999227523804,3455.9999227523804,2393.6149422705384
forecast_3467,2025-05-25 11:00:00,3455.9999227523804,3131.999909877777,2151.177522501983
forecast_3468,2025-05-25 12:00:00,3888.0001544952393,3672.00003862381,2473.883522963378
forecast_3469,2025-05-25 13:00:00,3888.0001544952393,3888.0001544952393,2678.0786045603404
forecast_3470,2025-05-25 14:00:00,3888.0001544952393,3779.9999356269836,2579.779846031927
forecast_3471,2025-05-25 15:00:00,3888.0001544952393,3672.00003862381,3066.4453793752887
forecast_3472,2025-05-25 16:00:00,3888.0001544952393,3779.9999356269836,3026.0108520144195
forecast_3473,2025-05-25 17:00:00,3888.0001544952393,3888.0001544952393,3210.019297065878
forecast_3474,2025-05-25 18:00:00,3996.000051498413,3888.0001544952393,2978.545799201777
forecast_3475,2025-05-25 19:00:00,4320.000064373016,4644.00007724762,3142.3556916430725
forecast_3476,2025-05-25 20:00:00,4859.999871253967,6263.999819755554,4171.222806312245
forecast_3477,2025-05-25 21:00:00,5832.000231742859,6911.999845504761,4330.022918178968
forecast_3478,2025-05-25 22:00:00,7559.999871253967,9288.00015449524,6068.681626574798
forecast_3479,2025-05-25 23:00:00,10044.00007724762,9503.999948501587,6804.308690694036
forecast_3480,2025-05-26 00:00:00,8963.999819755554,9396.000051498413,7001.889996060014
forecast_3481,2025-05-26 01:00:00,10259.999871253967,8423.999691009521,7134.046326448361
forecast_3482,2025-05-26 02:00:00,10044.00007724762,8315.999794006348,6213.333455282229
forecast_3483,2025-05-26 03:00:00,7667.999768257141,7884.000205993652,5692.914462493431
forecast_3484,2025-05-26 04:00:00,7128.000283241272,6371.999716758728,4318.832314179981
forecast_3485,2025-05-26 05:00:00,4751.9999742507935,3996.000051498413,3683.693308127873
forecast_3486,2025-05-26 06:00:00,4103.999948501587,3888.0001544952393,3278.6950792794664
forecast_3487,2025-05-26 07:00:00,3888.0001544952393,4103.999948501587,2988.949393335441
forecast_3488,2025-05-26 08:00:00,3779.9999356269836,3672.00003862381,2868.394272824703
forecast_3489,2025-05-26 09:00:00,3455.9999227523804,3455.9999227523804,2270.7310495392767
forecast_3490,2025-05-26 10:00:00,3779.9999356269836,3240.0001287460327,2313.921265112238
forecast_3491,2025-05-26 11:00:00,3779.9999356269836,3131.999909877777,2476.6060476270195
forecast_3492,2025-05-26 12:00:00,3779.9999356269836,3131.999909877777,2277.200953238286
forecast_3493,2025-05-26 13:00:00,3564.000141620636,3348.0000257492065,2634.013498753946
forecast_3494,2025-05-26 14:00:00,3779.9999356269836,3348.0000257492065,2606.6514376400964
forecast_3495,2025-05-26 15:00:00,3888.0001544952393,3240.0001287460327,2340.8966683201475
forecast_3496,2025-05-26 16:00:00,3888.0001544952393,3240.0001287460327,2488.574680432842
forecast_3497,2025-05-26 17:00:00,3888.0001544952393,3348.0000257492065,2635.678324750557
forecast_3498,2025-05-26 18:00:00,3564.000141620636,3024.0000128746033,2397.2942229180985
forecast_3499,2025-05-26 19:00:00,3888.0001544952393,3779.9999356269836,2777.7453815231675
forecast_3500,2025-05-26 20:00:00,3888.0001544952393,3888.0001544952393,2875.421464796519
forecast_3501,2025-05-26 21:00:00,3888.0001544952393,3888.0001544952393,2933.6047973657774
forecast_3502,2025-05-26 22:00:00,4103.999948501587,3888.0001544952393,3034.9517600002614
forecast_3503,2025-05-26 23:00:00,4644.00007724762,4644.00007724762,3133.746627735051
forecast_3504,2025-05-27 00:00:00,5507.999897003174,5832.000231742859,3521.778280982075
forecast_3505,2025-05-27 01:00:00,5832.000231742859,5832.000231742859,4382.876441189326
forecast_3506,2025-05-27 02:00:00,4751.9999742507935,6371.999716758728,4459.691655286508
forecast_3507,2025-05-27 03:00:00,7128.000283241272,7019.999742507935,4275.806342885978
forecast_3508,2025-05-27 04:00:00,4427.99996137619,6155.99992275238,4085.247790822269
forecast_3509,2025-05-27 05:00:00,3996.000051498413,4320.000064373016,3770.504160629043
forecast_3510,2025-05-27 06:00:00,3888.0001544952393,3888.0001544952393,3373.285716885267
forecast_3511,2025-05-27 07:00:00,3888.0001544952393,3672.00003862381,3017.437473438936
forecast_3512,2025-05-27 08:00:00,3455.9999227523804,3672.00003862381,2554.7760272390547
forecast_3513,2025-05-27 09:00:00,3455.9999227523804,3240.0001287460327,2106.258196888088
forecast_3514,2025-05-27 10:00:00,3888.0001544952393,3348.0000257492065,1962.4586865289823
forecast_3515,2025-05-27 11:00:00,3888.0001544952393,3131.999909877777,1716.9227918044623
forecast_3516,2025-05-27 12:00:00,3455.9999227523804,3348.0000257492065,2719.8615031846807
forecast_3517,2025-05-27 13:00:00,3564.000141620636,3348.0000257492065,2505.09207670712
forecast_3518,2025-05-27 14:00:00,3888.0001544952393,3564.000141620636,2441.1516138779234
forecast_3519,2025-05-27 15:00:00,3888.0001544952393,3131.999909877777,2113.010941945749
forecast_3520,2025-05-27 16:00:00,3888.0001544952393,3131.999909877777,1913.7837770651247
forecast_3521,2025-05-27 17:00:00,3888.0001544952393,3131.999909877777,2150.489240706973
forecast_3522,2025-05-27 18:00:00,3779.9999356269836,3240.0001287460327,1940.913831125998
forecast_3523,2025-05-27 19:00:00,3564.000141620636,3348.0000257492065,2622.6735055203458
forecast_3524,2025-05-27 20:00:00,3779.9999356269836,3564.000141620636,2579.1988014227845
forecast_3525,2025-05-27 21:00:00,3888.0001544952393,3779.9999356269836,3005.548887330734
forecast_3526,2025-05-27 22:00:00,3888.0001544952393,3672.00003862381,3117.593036682977
forecast_3527,2025-05-27 23:00:00,3888.0001544952393,3888.0001544952393,2988.988780464387
forecast_3528,2025-05-28 00:00:00,3888.0001544952393,3888.0001544952393,2688.455734441352
forecast_3529,2025-05-28 01:00:00,4427.99996137619,4320.000064373016,4341.963282668073
forecast_3530,2025-05-28 02:00:00,6371.999716758728,6155.99992275238,4163.781080302626
forecast_3531,2025-05-28 03:00:00,6371.999716758728,6371.999716758728,4221.007413197361
forecast_3532,2025-05-28 04:00:00,6263.999819755554,6588.000154495239,4332.071886442626
forecast_3533,2025-05-28 05:00:00,6263.999819755554,6371.999716758728,4354.663037636944
forecast_3534,2025-05-28 06:00:00,4427.99996137619,3888.0001544952393,3348.378140288545
forecast_3535,2025-05-28 07:00:00,3888.0001544952393,3888.0001544952393,2675.363516845986
forecast_3536,2025-05-28 08:00:00,3888.0001544952393,3564.000141620636,2304.5333619675703
forecast_3537,2025-05-28 09:00:00,3455.9999227523804,3240.0001287460327,2046.2113530214478
forecast_3538,2025-05-28 10:00:00,3779.9999356269836,3024.0000128746033,1980.633126417316
forecast_3539,2025-05-28 11:00:00,3779.9999356269836,3240.0001287460327,2113.9070209266943
forecast_3540,2025-05-28 12:00:00,3455.9999227523804,3240.0001287460327,1942.1291250114402
forecast_3541,2025-05-28 13:00:00,3888.0001544952393,3240.0001287460327,1703.402041554369
forecast_3542,2025-05-28 14:00:00,3888.0001544952393,3455.9999227523804,2186.4362526969167
forecast_3543,2025-05-28 15:00:00,3564.000141620636,3455.9999227523804,2543.047759366485
forecast_3544,2025-05-28 16:00:00,3888.0001544952393,3779.9999356269836,2796.092493300556
forecast_3545,2025-05-28 17:00:00,3888.0001544952393,3564.000141620636,2844.485260595559
forecast_3546,2025-05-28 18:00:00,3888.0001544952393,3564.000141620636,2911.251869803364
forecast_3547,2025-05-28 19:00:00,3888.0001544952393,3779.9999356269836,2935.6219755051043
forecast_3548,2025-05-28 20:00:00,3888.0001544952393,3888.0001544952393,2963.4275324692653
forecast_3549,2025-05-28 21:00:00,3888.0001544952393,3888.0001544952393,3131.156893247273
forecast_3550,2025-05-28 22:00:00,3888.0001544952393,3996.000051498413,3174.2112958296884
forecast_3551,2025-05-28 23:00:00,3888.0001544952393,3888.0001544952393,2930.199621900627
forecast_3552,2025-05-29 00:00:00,3888.0001544952393,3779.9999356269836,2606.574194557263
forecast_3553,2025-05-29 01:00:00,3888.0001544952393,3779.9999356269836,2615.0010051822887
forecast_3554,2025-05-29 02:00:00,3888.0001544952393,3564.000141620636,2911.128739362219
forecast_3555,2025-05-29 03:00:00,3888.0001544952393,3888.0001544952393,2730.0018247037738
forecast_3556,2025-05-29 04:00:00,3888.0001544952393,3888.0001544952393,2838.196377110766
forecast_3557,2025-05-29 05:00:00,3888.0001544952393,3779.9999356269836,2418.6694693079658
forecast_3558,2025-05-29 06:00:00,3779.9999356269836,3672.00003862381,2502.719239820281
forecast_3559,2025-05-29 07:00:00,3455.9999227523804,3455.9999227523804,2392.584570298403
forecast_3560,2025-05-29 08:00:00,3564.000141620636,3131.999909877777,2315.7674324689297
forecast_3561,2025-05-29 09:00:00,3348.0000257492065,2700.0,2108.2567716259105
forecast_3562,2025-05-29 10:00:00,3348.0000257492065,2807.999897003174,2033.2317405505253
forecast_3563,2025-05-29 11:00:00,3455.9999227523804,2807.999897003174,1899.801761438412
forecast_3564,2025-05-29 12:00:00,3348.0000257492065,2591.9999420642853,1743.7243334597115
forecast_3565,2025-05-29 13:00:00,3348.0000257492065,2807.999897003174,1750.423555161586
forecast_3566,2025-05-29 14:00:00,3564.000141620636,2807.999897003174,1943.738612631859
forecast_3567,2025-05-29 15:00:00,3564.000141620636,2916.0001158714294,1937.885900177717
forecast_3568,2025-05-29 16:00:00,3455.9999227523804,3131.999909877777,2241.9876077901217
forecast_3569,2025-05-29 17:00:00,3455.9999227523804,3131.999909877777,1958.792978493914
forecast_3570,2025-05-29 18:00:00,3455.9999227523804,2916.0001158714294,1995.5020003835025
forecast_3571,2025-05-29 19:00:00,3564.000141620636,3348.0000257492065,2208.428335082651
forecast_3572,2025-05-29 20:00:00,3888.0001544952393,3240.0001287460327,2336.9178033374155
forecast_3573,2025-05-29 21:00:00,3888.0001544952393,3455.9999227523804,2593.021366904036
forecast_3574,2025-05-29 22:00:00,3888.0001544952393,3779.9999356269836,2892.732159306083
forecast_3575,2025-05-29 23:00:00,3888.0001544952393,3672.00003862381,2859.373589919886
forecast_3576,2025-05-30 00:00:00,3888.0001544952393,3564.000141620636,2661.9691028672096
forecast_3577,2025-05-30 01:00:00,3888.0001544952393,3348.0000257492065,2767.131760547264
forecast_3578,2025-05-30 02:00:00,3888.0001544952393,3672.00003862381,2844.2983401052056
forecast_3579,2025-05-30 03:00:00,3888.0001544952393,3672.00003862381,2768.345425764184
forecast_3580,2025-05-30 04:00:00,3888.0001544952393,3779.9999356269836,2911.3487199539004
forecast_3581,2025-05-30 05:00:00,3888.0001544952393,3779.9999356269836,2746.0593652605835
forecast_3582,2025-05-30 06:00:00,3888.0001544952393,3779.9999356269836,2512.7506705485484
forecast_3583,2025-05-30 07:00:00,3888.0001544952393,3672.00003862381,2740.6863456033725
forecast_3584,2025-05-30 08:00:00,3888.0001544952393,3455.9999227523804,2540.1536994457274
forecast_3585,2025-05-30 09:00:00,3455.9999227523804,3348.0000257492065,2333.644672300079
forecast_3586,2025-05-30 10:00:00,3564.000141620636,3348.0000257492065,2323.470319712288
forecast_3587,2025-05-30 11:00:00,3455.9999227523804,3131.999909877777,2204.5754724657795
forecast_3588,2025-05-30 12:00:00,3455.9999227523804,2916.0001158714294,2152.8050904498286
forecast_3589,2025-05-30 13:00:00,3455.9999227523804,2916.0001158714294,1843.0204235719104
forecast_3590,2025-05-30 14:00:00,3455.9999227523804,2807.999897003174,2076.8868087632404
forecast_3591,2025-05-30 15:00:00,3779.9999356269836,2807.999897003174,1813.2331291994328
forecast_3592,2025-05-30 16:00:00,3455.9999227523804,3024.0000128746033,1688.762286196387
forecast_3593,2025-05-30 17:00:00,3564.000141620636,3131.999909877777,1963.577321870431
forecast_3594,2025-05-30 18:00:00,3564.000141620636,2807.999897003174,1621.8307232423304
forecast_3595,2025-05-30 19:00:00,3888.0001544952393,2916.0001158714294,2435.8926705825024
forecast_3596,2025-05-30 20:00:00,3888.0001544952393,3240.0001287460327,2473.856174174847
forecast_3597,2025-05-30 21:00:00,3888.0001544952393,3455.9999227523804,2830.533517343177
forecast_3598,2025-05-30 22:00:00,3888.0001544952393,3564.000141620636,3112.15359840928
forecast_3599,2025-05-30 23:00:00,3888.0001544952393,3455.9999227523804,2935.659385560457
forecast_3600,2025-05-31 00:00:00,3888.0001544952393,3348.0000257492065,2737.4221744528736
forecast_3601,2025-05-31 01:00:00,3888.0001544952393,3348.0000257492065,2209.339017493276
forecast_3602,2025-05-31 02:00:00,3888.0001544952393,3455.9999227523804,2399.342442607692
forecast_3603,2025-05-31 03:00:00,3888.0001544952393,3240.0001287460327,2284.226306602288
forecast_3604,2025-05-31 04:00:00,3888.0001544952393,3131.999909877777,2136.580636835384
forecast_3605,2025-05-31 05:00:00,3888.0001544952393,2807.999897003174,2016.6034814333104
forecast_3606,2025-05-31 06:00:00,3888.0001544952393,3240.0001287460327,2365.705492559127
forecast_3607,2025-05-31 07:00:00,3888.0001544952393,3131.999909877777,2299.883058352442
forecast_3608,2025-05-31 08:00:00,3888.0001544952393,3348.0000257492065,2347.459255858505
forecast_3609,2025-05-31 09:00:00,3779.9999356269836,3348.0000257492065,2196.510036476695
forecast_3610,2025-05-31 10:00:00,3564.000141620636,3455.9999227523804,2220.980506160972
forecast_3611,2025-05-31 11:00:00,3455.9999227523804,3348.0000257492065,2348.8407401448867
forecast_3612,2025-05-31 12:00:00,3455.9999227523804,3131.999909877777,2115.279375782713
forecast_3613,2025-05-31 13:00:00,3455.9999227523804,2916.0001158714294,1960.260254817088
forecast_3614,2025-05-31 14:00:00,3455.9999227523804,3131.999909877777,2030.0141540146128
forecast_3615,2025-05-31 15:00:00,3455.9999227523804,3024.0000128746033,1677.6042139413207
forecast_3616,2025-05-31 16:00:00,3564.000141620636,2807.999897003174,1523.13297844127
forecast_3617,2025-05-31 17:00:00,3888.0001544952393,2700.0,1672.6932266865615
forecast_3618,2025-05-31 18:00:00,3888.0001544952393,2916.0001158714294,1828.0682509047665
forecast_3619,2025-05-31 19:00:00,3888.0001544952393,3348.0000257492065,2355.651808426491
forecast_3620,2025-05-31 20:00:00,3888.0001544952393,3564.000141620636,2582.1183794551466
forecast_3621,2025-05-31 21:00:00,3888.0001544952393,3564.000141620636,2547.865646381367
forecast_3622,2025-05-31 22:00:00,3888.0001544952393,3564.000141620636,2647.185863396054
forecast_3623,2025-05-31 23:00:00,3888.0001544952393,3888.0001544952393,2475.687559684951
forecast_3624,2025-06-01 00:00:00,3888.0001544952393,3131.999909877777,2511.514865404129
forecast_3625,2025-06-01 01:00:00,3888.0001544952393,3131.999909877777,1984.0788519155558
forecast_3626,2025-06-01 02:00:00,3888.0001544952393,3131.999909877777,1897.757036152327
forecast_3627,2025-06-01 03:00:00,3888.0001544952393,3131.999909877777,2100.273775668857
forecast_3628,2025-06-01 04:00:00,3888.0001544952393,3348.0000257492065,2390.492394563344
forecast_3629,2025-06-01 05:00:00,3888.0001544952393,3131.999909877777,2064.72858015531
forecast_3630,2025-06-01 06:00:00,3888.0001544952393,3131.999909877777,2170.01961957516
forecast_3631,2025-06-01 07:00:00,3779.9999356269836,3024.0000128746033,2009.363260202842
forecast_3632,2025-06-01 08:00:00,3779.9999356269836,2807.999897003174,1862.8098438407123
forecast_3633,2025-06-01 09:00:00,3455.9999227523804,2700.0,1944.4126638905325
forecast_3634,2025-06-01 10:00:00,3455.9999227523804,2916.0001158714294,1863.4568752267965
forecast_3635,2025-06-01 11:00:00,3779.9999356269836,2700.0,1698.7485313524053
forecast_3636,2025-06-01 12:00:00,3455.9999227523804,2591.9999420642853,1505.0980105130673
forecast_3637,2025-06-01 13:00:00,3455.9999227523804,2916.0001158714294,1870.5814072145783
forecast_3638,2025-06-01 14:00:00,3455.9999227523804,2916.0001158714294,2160.1903209622897
forecast_3639,2025-06-01 15:00:00,3779.9999356269836,3240.0001287460327,1794.403112459979
forecast_3640,2025-06-01 16:00:00,3455.9999227523804,3131.999909877777,2110.4969070264297
forecast_3641,2025-06-01 17:00:00,3779.9999356269836,3131.999909877777,2690.635182632776
forecast_3642,2025-06-01 18:00:00,3888.0001544952393,3348.0000257492065,2078.83350977861
forecast_3643,2025-06-01 19:00:00,3888.0001544952393,3888.0001544952393,3012.218019475648
forecast_3644,2025-06-01 20:00:00,4427.99996137619,3996.000051498413,4088.1639907857434
forecast_3645,2025-06-01 21:00:00,4751.9999742507935,5832.000231742859,4487.464598926872
forecast_3646,2025-06-01 22:00:00,7559.999871253967,7128.000283241272,4988.238286542065
forecast_3647,2025-06-01 23:00:00,4644.00007724762,5075.999987125397,4313.978077400605
forecast_3648,2025-06-02 00:00:00,6048.0000257492065,6588.000154495239,5278.6559741184365
forecast_3649,2025-06-02 01:00:00,4751.9999742507935,4859.999871253967,3855.218831418963
forecast_3650,2025-06-02 02:00:00,4103.999948501587,3888.0001544952393,3164.7447314013016
forecast_3651,2025-06-02 03:00:00,6263.999819755554,6155.99992275238,4050.350841957355
forecast_3652,2025-06-02 04:00:00,3888.0001544952393,3888.0001544952393,3282.4179015681025
forecast_3653,2025-06-02 05:00:00,4320.000064373016,4320.000064373016,3161.44310598059
forecast_3654,2025-06-02 06:00:00,3888.0001544952393,3888.0001544952393,2840.7384021486423
forecast_3655,2025-06-02 07:00:00,3888.0001544952393,3888.0001544952393,2641.625549822369
forecast_3656,2025-06-02 08:00:00,3888.0001544952393,3888.0001544952393,2494.238667992173
forecast_3657,2025-06-02 09:00:00,3888.0001544952393,3888.0001544952393,2404.511387557146
forecast_3658,2025-06-02 10:00:00,3888.0001544952393,3564.000141620636,2658.794879599021
forecast_3659,2025-06-02 11:00:00,3888.0001544952393,3564.000141620636,2381.225343085919
forecast_3660,2025-06-02 12:00:00,3888.0001544952393,3455.9999227523804,2434.154325746684
forecast_3661,2025-06-02 13:00:00,3888.0001544952393,3455.9999227523804,2114.6304561272545
forecast_3662,2025-06-02 14:00:00,3888.0001544952393,3455.9999227523804,2310.5075405810016
forecast_3663,2025-06-02 15:00:00,3888.0001544952393,3888.0001544952393,2951.2307452679192
forecast_3664,2025-06-02 16:00:00,3996.000051498413,3888.0001544952393,3568.419831750617
forecast_3665,2025-06-02 17:00:00,3996.000051498413,3888.0001544952393,3331.824414533236
forecast_3666,2025-06-02 18:00:00,4103.999948501587,4103.999948501587,2851.3508310730394
forecast_3667,2025-06-02 19:00:00,4103.999948501587,3888.0001544952393,2611.744285624812
forecast_3668,2025-06-02 20:00:00,3888.0001544952393,3888.0001544952393,2935.468569795107
forecast_3669,2025-06-02 21:00:00,3888.0001544952393,3779.9999356269836,2929.411648905316
forecast_3670,2025-06-02 22:00:00,3888.0001544952393,3779.9999356269836,2747.326022091685
forecast_3671,2025-06-02 23:00:00,3888.0001544952393,3888.0001544952393,3193.421275887018
forecast_3672,2025-06-03 00:00:00,3996.000051498413,3888.0001544952393,3005.301824643525
forecast_3673,2025-06-03 01:00:00,3888.0001544952393,3779.9999356269836,2764.1534229232666
forecast_3674,2025-06-03 02:00:00,3888.0001544952393,3888.0001544952393,3005.813035738802
forecast_3675,2025-06-03 03:00:00,4211.999845504761,3996.000051498413,2830.977425417426
forecast_3676,2025-06-03 04:00:00,3888.0001544952393,3996.000051498413,3019.87516079975
forecast_3677,2025-06-03 05:00:00,3996.000051498413,4211.999845504761,2932.9000006391125
forecast_3678,2025-06-03 06:00:00,3996.000051498413,4535.999858379364,3287.357555436248
forecast_3679,2025-06-03 07:00:00,3888.0001544952393,4211.999845504761,3085.6426235415843
forecast_3680,2025-06-03 08:00:00,3888.0001544952393,4427.99996137619,3474.750450385348
forecast_3681,2025-06-03 09:00:00,3888.0001544952393,4211.999845504761,3494.425976962773
forecast_3682,2025-06-03 10:00:00,3888.0001544952393,4211.999845504761,3866.80894033668
forecast_3683,2025-06-03 11:00:00,4211.999845504761,3888.0001544952393,3445.666880836412
forecast_3684,2025-06-03 12:00:00,6696.000051498413,5615.999794006348,3759.547977362134
forecast_3685,2025-06-03 13:00:00,10044.00007724762,7019.999742507935,5941.427677033079
forecast_3686,2025-06-03 14:00:00,11556.000566482544,9180.000257492065,7517.72355594448
forecast_3687,2025-06-03 15:00:00,13392.000102996826,10584.000205993652,8897.549229551294
forecast_3688,2025-06-03 16:00:00,14039.99948501587,10800.0,8938.035305994592
forecast_3689,2025-06-03 17:00:00,14147.999382019043,11447.999382019043,9469.519649048148
forecast_3690,2025-06-03 18:00:00,14147.999382019043,13392.000102996826,11152.957566040972
forecast_3691,2025-06-03 19:00:00,14147.999382019043,12743.999433517456,10911.66225757627
forecast_3692,2025-06-03 20:00:00,14580.000257492065,13500.0,11629.1536825719
forecast_3693,2025-06-03 21:00:00,16200.0,16200.0,14033.35687190019
forecast_3694,2025-06-03 22:00:00,16631.999588012695,16307.999897003174,13387.614572358472
forecast_3695,2025-06-03 23:00:00,16307.999897003174,15335.999536514282,11668.762089440856
forecast_3696,2025-06-04 00:00:00,16200.0,14688.00015449524,11939.739605859791
forecast_3697,2025-06-04 01:00:00,14688.00015449524,14147.999382019043,11081.61433314587
forecast_3698,2025-06-04 02:00:00,15119.999742507935,16092.000102996826,12932.60071494246
forecast_3699,2025-06-04 03:00:00,15768.000411987305,16739.99948501587,14033.728135143352
forecast_3700,2025-06-04 04:00:00,15768.000411987305,17496.000051498413,15163.848241312457
forecast_3701,2025-06-04 05:00:00,15768.000411987305,17388.00015449524,14618.813360069476
forecast_3702,2025-06-04 06:00:00,18360.00051498413,17280.000257492065,15060.849157820878
forecast_3703,2025-06-04 07:00:00,18900.0,17711.99984550476,15415.34929972979
forecast_3704,2025-06-04 08:00:00,18900.0,17927.99963951111,15843.356491484006
forecast_3705,2025-06-04 09:00:00,18900.0,18035.999536514282,15805.090769449887
forecast_3706,2025-06-04 10:00:00,18900.0,18035.999536514282,16401.21321280536
forecast_3707,2025-06-04 11:00:00,18252.000617980957,17819.999742507935,15649.5824193119
forecast_3708,2025-06-04 12:00:00,18035.999536514282,17603.999948501587,15109.630608831145
forecast_3709,2025-06-04 13:00:00,17819.999742507935,17280.000257492065,14080.13371836151
forecast_3710,2025-06-04 14:00:00,15443.999433517456,16631.999588012695,12311.966665173908
forecast_3711,2025-06-04 15:00:00,15119.999742507935,13931.999588012695,11079.99799255166
forecast_3712,2025-06-04 16:00:00,15119.999742507935,13392.000102996826,10322.498095245855
forecast_3713,2025-06-04 17:00:00,15119.999742507935,13284.000205993652,10402.396326057824
forecast_3714,2025-06-04 18:00:00,14039.99948501587,11231.999588012695,8683.655482937054
forecast_3715,2025-06-04 19:00:00,14472.000360488892,11231.999588012695,8610.291274833424
forecast_3716,2025-06-04 20:00:00,14580.000257492065,12311.99984550476,9033.063403229782
forecast_3717,2025-06-04 21:00:00,14796.000051498413,13176.000308990479,9655.87213003958
forecast_3718,2025-06-04 22:00:00,13392.000102996826,11447.999382019043,8517.678406629324
forecast_3719,2025-06-04 23:00:00,14472.000360488892,13500.0,10227.938490298417
forecast_3720,2025-06-05 00:00:00,15660.00051498413,14472.000360488892,11572.980895993382
forecast_3721,2025-06-05 01:00:00,13500.0,12852.000617980957,8074.824800649388
forecast_3722,2025-06-05 02:00:00,16307.999897003174,15660.00051498413,10176.482239417055
forecast_3723,2025-06-05 03:00:00,16307.999897003174,15984.000205993652,11145.199225555856
forecast_3724,2025-06-05 04:00:00,17064.000463485718,15552.000617980957,11759.007153262935
forecast_3725,2025-06-05 05:00:00,15335.999536514282,15119.999742507935,11677.192368296412
forecast_3726,2025-06-05 06:00:00,14580.000257492065,13715.999794006348,8824.991518887773
forecast_3727,2025-06-05 07:00:00,15335.999536514282,14580.000257492065,10237.340454976023
forecast_3728,2025-06-05 08:00:00,13068.000411987305,12635.999536514282,8790.61617202919
forecast_3729,2025-06-05 09:00:00,11556.000566482544,10692.000102996826,7177.375625472132
forecast_3730,2025-06-05 10:00:00,10259.999871253967,8640.000128746033,5814.890874553362
forecast_3731,2025-06-05 11:00:00,5615.999794006348,7344.00007724762,4898.049793245438
forecast_3732,2025-06-05 12:00:00,6696.000051498413,7884.000205993652,4297.672664852234
forecast_3733,2025-06-05 13:00:00,6696.000051498413,6480.000257492065,3894.2155798531135
forecast_3734,2025-06-05 14:00:00,6696.000051498413,6263.999819755554,4041.1925400381406
forecast_3735,2025-06-05 15:00:00,9719.999742507935,6048.0000257492065,4654.810997665879
forecast_3736,2025-06-05 16:00:00,10259.999871253967,7559.999871253967,5608.149197619691
forecast_3737,2025-06-05 17:00:00,11988.00015449524,8532.000231742859,6887.244500842645
forecast_3738,2025-06-05 18:00:00,11880.000257492065,9611.99984550476,8826.040183083434
forecast_3739,2025-06-05 19:00:00,14580.000257492065,11556.000566482544,10299.428121497747
forecast_3740,2025-06-05 20:00:00,18035.999536514282,14364.000463485718,11611.500861987011
forecast_3741,2025-06-05 21:00:00,19547.999382019043,16415.999794006348,14021.537742411916
forecast_3742,2025-06-05 22:00:00,19980.000257492065,17711.99984550476,16087.098763008296
forecast_3743,2025-06-05 23:00:00,19980.000257492065,17927.99963951111,16197.485657879795
forecast_3744,2025-06-06 00:00:00,19980.000257492065,17927.99963951111,16345.42234525661
forecast_3745,2025-06-06 01:00:00,19980.000257492065,17927.99963951111,15632.411622031985
forecast_3746,2025-06-06 02:00:00,19980.000257492065,17927.99963951111,15931.157870443289
forecast_3747,2025-06-06 03:00:00,19980.000257492065,18684.000205993652,16408.193000498708
forecast_3748,2025-06-06 04:00:00,19980.000257492065,17927.99963951111,16251.414482884818
forecast_3749,2025-06-06 05:00:00,19980.000257492065,18035.999536514282,16218.9482849771
forecast_3750,2025-06-06 06:00:00,19980.000257492065,17496.000051498413,15327.87857878291
forecast_3751,2025-06-06 07:00:00,19980.000257492065,17280.000257492065,15357.978199677118
forecast_3752,2025-06-06 08:00:00,16092.000102996826,17496.000051498413,15790.619735062968
forecast_3753,2025-06-06 09:00:00,15660.00051498413,16956.000566482544,14751.61092459944
forecast_3754,2025-06-06 10:00:00,14147.999382019043,15768.000411987305,14230.6785339729
forecast_3755,2025-06-06 11:00:00,14472.000360488892,15227.999639511108,13769.677860200003
forecast_3756,2025-06-06 12:00:00,14039.99948501587,14796.000051498413,13978.405162924142
forecast_3757,2025-06-06 13:00:00,14039.99948501587,14256.000566482544,13470.285864255691
forecast_3758,2025-06-06 14:00:00,14147.999382019043,14147.999382019043,13928.607952575983
forecast_3759,2025-06-06 15:00:00,14147.999382019043,14796.000051498413,13955.343623130251
forecast_3760,2025-06-06 16:00:00,15660.00051498413,14580.000257492065,13731.050836245086
forecast_3761,2025-06-06 17:00:00,15660.00051498413,15227.999639511108,13336.070577339213
forecast_3762,2025-06-06 18:00:00,15660.00051498413,16307.999897003174,13936.882914031334
forecast_3763,2025-06-06 19:00:00,15768.000411987305,17711.99984550476,15893.6345962664
forecast_3764,2025-06-06 20:00:00,15768.000411987305,17819.999742507935,16507.501735642003
forecast_3765,2025-06-06 21:00:00,17388.00015449524,18143.999433517456,17430.115417174773
forecast_3766,2025-06-06 22:00:00,19331.999588012695,18360.00051498413,17861.96807706618
forecast_3767,2025-06-06 23:00:00,19547.999382019043,18360.00051498413,17246.954257640296
forecast_3768,2025-06-07 00:00:00,19331.999588012695,18252.000617980957,16344.878263296916
forecast_3769,2025-06-07 01:00:00,19547.999382019043,17927.99963951111,17313.536611061932
forecast_3770,2025-06-07 02:00:00,19980.000257492065,17927.99963951111,16895.743818382856
forecast_3771,2025-06-07 03:00:00,19547.999382019043,18143.999433517456,17326.761242013232
forecast_3772,2025-06-07 04:00:00,19980.000257492065,17927.99963951111,17187.78713794211
forecast_3773,2025-06-07 05:00:00,19980.000257492065,18468.000411987305,16759.90216291537
forecast_3774,2025-06-07 06:00:00,19980.000257492065,17927.99963951111,16382.51997395042
forecast_3775,2025-06-07 07:00:00,19547.999382019043,16956.000566482544,15705.206477979982
forecast_3776,2025-06-07 08:00:00,18792.000102996826,16847.999382019043,15314.838474944225
forecast_3777,2025-06-07 09:00:00,15984.000205993652,14472.000360488892,12348.003614030491
forecast_3778,2025-06-07 10:00:00,13392.000102996826,11447.999382019043,10556.645747870927
forecast_3779,2025-06-07 11:00:00,11123.999691009521,8963.999819755554,8679.034762185933
forecast_3780,2025-06-07 12:00:00,9611.99984550476,8855.99992275238,6022.0613163182425
forecast_3781,2025-06-07 13:00:00,6696.000051498413,5832.000231742859,4465.76568098601
forecast_3782,2025-06-07 14:00:00,5615.999794006348,5507.999897003174,4069.599540539708
forecast_3783,2025-06-07 15:00:00,5615.999794006348,5507.999897003174,3882.3480412093
forecast_3784,2025-06-07 16:00:00,4320.000064373016,5507.999897003174,3609.501856375833
forecast_3785,2025-06-07 17:00:00,5615.999794006348,6155.99992275238,4032.893507064382
forecast_3786,2025-06-07 18:00:00,6371.999716758728,7992.000102996826,5589.444891613357
forecast_3787,2025-06-07 19:00:00,7451.9999742507935,9071.999716758728,6535.374079946699
forecast_3788,2025-06-07 20:00:00,7451.9999742507935,10151.999974250793,7478.839682460199
forecast_3789,2025-06-07 21:00:00,15443.999433517456,12852.000617980957,10474.84319486454
forecast_3790,2025-06-07 22:00:00,16739.99948501587,14903.999948501587,12748.643453545736
forecast_3791,2025-06-07 23:00:00,16307.999897003174,14580.000257492065,12429.08573108766
forecast_3792,2025-06-08 00:00:00,16307.999897003174,15552.000617980957,12135.92015952872
forecast_3793,2025-06-08 01:00:00,13931.999588012695,14256.000566482544,8675.35624214404
forecast_3794,2025-06-08 02:00:00,13392.000102996826,14688.00015449524,8568.196033078804
forecast_3795,2025-06-08 03:00:00,14472.000360488892,14688.00015449524,8928.206404762444
forecast_3796,2025-06-08 04:00:00,13500.0,13931.999588012695,9167.861065228682
forecast_3797,2025-06-08 05:00:00,13500.0,13284.000205993652,7670.564993732345
forecast_3798,2025-06-08 06:00:00,6155.99992275238,8315.999794006348,4479.55190294761
forecast_3799,2025-06-08 07:00:00,4427.99996137619,4427.99996137619,3548.975978607498
forecast_3800,2025-06-08 08:00:00,4103.999948501587,3888.0001544952393,3606.644523480967
forecast_3801,2025-06-08 09:00:00,3888.0001544952393,3779.9999356269836,2787.613527456641
forecast_3802,2025-06-08 10:00:00,3779.9999356269836,3348.0000257492065,2457.410009440944
forecast_3803,2025-06-08 11:00:00,3779.9999356269836,3131.999909877777,2408.286074385072
forecast_3804,2025-06-08 12:00:00,3888.0001544952393,2916.0001158714294,2029.7359620202133
forecast_3805,2025-06-08 13:00:00,3888.0001544952393,3024.0000128746033,2207.61162880504
forecast_3806,2025-06-08 14:00:00,3888.0001544952393,2916.0001158714294,1963.27240487157
forecast_3807,2025-06-08 15:00:00,3888.0001544952393,3024.0000128746033,2229.340933155161
forecast_3808,2025-06-08 16:00:00,3888.0001544952393,3131.999909877777,2224.8509520212338
forecast_3809,2025-06-08 17:00:00,3779.9999356269836,3131.999909877777,2320.944097449217
forecast_3810,2025-06-08 18:00:00,3888.0001544952393,3240.0001287460327,2390.7341412557003
forecast_3811,2025-06-08 19:00:00,3888.0001544952393,3564.000141620636,2379.0825794011785
forecast_3812,2025-06-08 20:00:00,3888.0001544952393,3888.0001544952393,3120.74686677152
forecast_3813,2025-06-08 21:00:00,3888.0001544952393,3888.0001544952393,3595.4902394893534
forecast_3814,2025-06-08 22:00:00,4535.999858379364,4644.00007724762,3905.6824873440037
forecast_3815,2025-06-08 23:00:00,7128.000283241272,7884.000205993652,5058.621870204507
forecast_3816,2025-06-09 00:00:00,13068.000411987305,10692.000102996826,7455.871948093796
forecast_3817,2025-06-09 01:00:00,10259.999871253967,10692.000102996826,6375.384614189722
forecast_3818,2025-06-09 02:00:00,11664.000463485718,11231.999588012695,7247.50816191772
forecast_3819,2025-06-09 03:00:00,11015.999794006348,10151.999974250793,6251.688897081586
forecast_3820,2025-06-09 04:00:00,7667.999768257141,8748.000025749207,5195.869401682935
forecast_3821,2025-06-09 05:00:00,6155.99992275238,7128.000283241272,4343.838615527435
forecast_3822,2025-06-09 06:00:00,6155.99992275238,5183.999884128571,3979.527145357889
forecast_3823,2025-06-09 07:00:00,4427.99996137619,3888.0001544952393,3005.7295648699364
forecast_3824,2025-06-09 08:00:00,3888.0001544952393,3888.0001544952393,3116.9278471326315
forecast_3825,2025-06-09 09:00:00,3779.9999356269836,3672.00003862381,2944.672434904643
forecast_3826,2025-06-09 10:00:00,3888.0001544952393,3672.00003862381,2584.476938003812
forecast_3827,2025-06-09 11:00:00,3888.0001544952393,3672.00003862381,2465.6499748584283
forecast_3828,2025-06-09 12:00:00,3888.0001544952393,3348.0000257492065,2267.444769834613
forecast_3829,2025-06-09 13:00:00,3888.0001544952393,3455.9999227523804,2197.360753303822
forecast_3830,2025-06-09 14:00:00,3888.0001544952393,3888.0001544952393,2359.213491339808
forecast_3831,2025-06-09 15:00:00,3888.0001544952393,3888.0001544952393,3044.8555437819937
forecast_3832,2025-06-09 16:00:00,3996.000051498413,3888.0001544952393,3670.655000870332
forecast_3833,2025-06-09 17:00:00,3888.0001544952393,3888.0001544952393,2810.37065633928
forecast_3834,2025-06-09 18:00:00,3888.0001544952393,3888.0001544952393,3048.645125365175
forecast_3835,2025-06-09 19:00:00,3888.0001544952393,3888.0001544952393,3204.460995510892
forecast_3836,2025-06-09 20:00:00,3888.0001544952393,4535.999858379364,3405.997983551457
forecast_3837,2025-06-09 21:00:00,6155.99992275238,6588.000154495239,5699.237286601704
forecast_3838,2025-06-09 22:00:00,10259.999871253967,12096.000051498413,7960.08689525059
forecast_3839,2025-06-09 23:00:00,11556.000566482544,12096.000051498413,7720.931592278417
forecast_3840,2025-06-10 00:00:00,13500.0,12096.000051498413,8696.877164271846
forecast_3841,2025-06-10 01:00:00,14472.000360488892,15768.000411987305,11215.712790700896
forecast_3842,2025-06-10 02:00:00,14688.00015449524,15768.000411987305,12054.92517467048
forecast_3843,2025-06-10 03:00:00,16092.000102996826,15984.000205993652,14007.27780731487
forecast_3844,2025-06-10 04:00:00,16092.000102996826,16092.000102996826,14642.359611368567
forecast_3845,2025-06-10 05:00:00,16092.000102996826,16307.999897003174,14402.949708507898
forecast_3846,2025-06-10 06:00:00,17603.999948501587,14903.999948501587,13029.288903159806
forecast_3847,2025-06-10 07:00:00,14688.00015449524,13392.000102996826,11491.048471605198
forecast_3848,2025-06-10 08:00:00,15335.999536514282,13284.000205993652,10313.556598112324
forecast_3849,2025-06-10 09:00:00,10259.999871253967,9719.999742507935,6817.203534380537
forecast_3850,2025-06-10 10:00:00,7776.0003089904785,7451.9999742507935,3706.5119396980126
forecast_3851,2025-06-10 11:00:00,4211.999845504761,5075.999987125397,3643.809321215377
forecast_3852,2025-06-10 12:00:00,4320.000064373016,5075.999987125397,3496.200592885175
forecast_3853,2025-06-10 13:00:00,5075.999987125397,5075.999987125397,3652.493183264816
forecast_3854,2025-06-10 14:00:00,5940.000128746033,6911.999845504761,4486.406161048745
forecast_3855,2025-06-10 15:00:00,8855.99992275238,7992.000102996826,5701.740916924069
forecast_3856,2025-06-10 16:00:00,9719.999742507935,7992.000102996826,6056.461885745771
forecast_3857,2025-06-10 17:00:00,11772.000360488892,10044.00007724762,7962.385999146789
forecast_3858,2025-06-10 18:00:00,11772.000360488892,10044.00007724762,8871.415667840665
forecast_3859,2025-06-10 19:00:00,12096.000051498413,10367.999768257141,8741.328352933657
forecast_3860,2025-06-10 20:00:00,13500.0,11231.999588012695,10153.38493915874
forecast_3861,2025-06-10 21:00:00,14147.999382019043,12635.999536514282,11701.940626079431
forecast_3862,2025-06-10 22:00:00,14580.000257492065,14364.000463485718,12445.544218850311
forecast_3863,2025-06-10 23:00:00,15119.999742507935,15227.999639511108,13415.167805129067
forecast_3864,2025-06-11 00:00:00,15119.999742507935,15443.999433517456,13661.999145780104
forecast_3865,2025-06-11 01:00:00,12852.000617980957,15119.999742507935,11734.770378763144
forecast_3866,2025-06-11 02:00:00,14472.000360488892,14580.000257492065,11376.024850269028
forecast_3867,2025-06-11 03:00:00,14472.000360488892,14256.000566482544,10930.36328859912
forecast_3868,2025-06-11 04:00:00,15335.999536514282,14364.000463485718,11813.619408057742
forecast_3869,2025-06-11 05:00:00,15227.999639511108,14472.000360488892,11663.3302733471
forecast_3870,2025-06-11 06:00:00,14147.999382019043,12527.999639511108,9704.984279431
forecast_3871,2025-06-11 07:00:00,14039.99948501587,12527.999639511108,10432.985304291971
forecast_3872,2025-06-11 08:00:00,10044.00007724762,9719.999742507935,7430.790368342142
forecast_3873,2025-06-11 09:00:00,9719.999742507935,7776.0003089904785,5812.915972200343
forecast_3874,2025-06-11 10:00:00,7884.000205993652,7776.0003089904785,5290.495094019489
forecast_3875,2025-06-11 11:00:00,6696.000051498413,6371.999716758728,4823.99069792188
forecast_3876,2025-06-11 12:00:00,6696.000051498413,5940.000128746033,4531.666722678677
forecast_3877,2025-06-11 13:00:00,6696.000051498413,5615.999794006348,3785.682027628453
forecast_3878,2025-06-11 14:00:00,6696.000051498413,5615.999794006348,3803.6785197416216
forecast_3879,2025-06-11 15:00:00,6696.000051498413,5615.999794006348,3856.9799037937773
forecast_3880,2025-06-11 16:00:00,6696.000051498413,5292.000102996826,4120.234003509568
forecast_3881,2025-06-11 17:00:00,8315.999794006348,4644.00007724762,4621.9452551344375
forecast_3882,2025-06-11 18:00:00,6371.999716758728,4427.99996137619,3174.3559339330545
forecast_3883,2025-06-11 19:00:00,4320.000064373016,4644.00007724762,2940.2471267409846
forecast_3884,2025-06-11 20:00:00,4427.99996137619,4751.9999742507935,3730.367565637568
forecast_3885,2025-06-11 21:00:00,4859.999871253967,4968.000090122223,3838.7104620587
forecast_3886,2025-06-11 22:00:00,6155.99992275238,8423.999691009521,5341.922897730444
forecast_3887,2025-06-11 23:00:00,6155.99992275238,8423.999691009521,5777.993497966249
forecast_3888,2025-06-12 00:00:00,6588.000154495239,7559.999871253967,5358.1006175494185
forecast_3889,2025-06-12 01:00:00,4751.9999742507935,5292.000102996826,3409.65640147229
forecast_3890,2025-06-12 02:00:00,6048.0000257492065,4644.00007724762,3432.27892154178
forecast_3891,2025-06-12 03:00:00,4427.99996137619,3888.0001544952393,3071.2486649650377
forecast_3892,2025-06-12 04:00:00,4427.99996137619,3888.0001544952393,3094.230974647267
forecast_3893,2025-06-12 05:00:00,3888.0001544952393,3779.9999356269836,2932.147196374333
forecast_3894,2025-06-12 06:00:00,3888.0001544952393,3564.000141620636,2475.1600543008267
forecast_3895,2025-06-12 07:00:00,3564.000141620636,3348.0000257492065,2298.2199279850274
forecast_3896,2025-06-12 08:00:00,3779.9999356269836,3455.9999227523804,2138.63375758199
forecast_3897,2025-06-12 09:00:00,3348.0000257492065,3240.0001287460327,1854.5109203959323
forecast_3898,2025-06-12 10:00:00,3779.9999356269836,3240.0001287460327,1818.613229896516
forecast_3899,2025-06-12 11:00:00,3779.9999356269836,2916.0001158714294,1764.5223322631389
forecast_3900,2025-06-12 12:00:00,3779.9999356269836,2916.0001158714294,1795.137723456255
forecast_3901,2025-06-12 13:00:00,3779.9999356269836,2916.0001158714294,2195.418010145947
forecast_3902,2025-06-12 14:00:00,3779.9999356269836,2916.0001158714294,2142.9497965450887
forecast_3903,2025-06-12 15:00:00,3779.9999356269836,2916.0001158714294,2226.0957140765045
forecast_3904,2025-06-12 16:00:00,3888.0001544952393,3024.0000128746033,2217.0809748501497
forecast_3905,2025-06-12 17:00:00,3455.9999227523804,3024.0000128746033,2116.6715456147017
forecast_3906,2025-06-12 18:00:00,3779.9999356269836,3240.0001287460327,2451.0044721203544
forecast_3907,2025-06-12 19:00:00,3779.9999356269836,3779.9999356269836,2832.9705859515284
forecast_3908,2025-06-12 20:00:00,3888.0001544952393,3779.9999356269836,2647.7436585117657
forecast_3909,2025-06-12 21:00:00,3888.0001544952393,3888.0001544952393,3080.451902733474
forecast_3910,2025-06-12 22:00:00,3888.0001544952393,3888.0001544952393,3545.571388161038
forecast_3911,2025-06-12 23:00:00,3888.0001544952393,3888.0001544952393,3612.148122225958
forecast_3912,2025-06-13 00:00:00,3888.0001544952393,3888.0001544952393,3101.5089890078584
forecast_3913,2025-06-13 01:00:00,4211.999845504761,6155.99992275238,4359.0795442131
forecast_3914,2025-06-13 02:00:00,4427.99996137619,6155.99992275238,5426.347734573345
forecast_3915,2025-06-13 03:00:00,6263.999819755554,7884.000205993652,4904.504602797555
forecast_3916,2025-06-13 04:00:00,4751.9999742507935,5075.999987125397,4011.892335415568
forecast_3917,2025-06-13 05:00:00,4103.999948501587,3888.0001544952393,3572.981143683508
forecast_3918,2025-06-13 06:00:00,3888.0001544952393,3888.0001544952393,3123.971184835675
forecast_3919,2025-06-13 07:00:00,3888.0001544952393,3672.00003862381,2897.7269384114134
forecast_3920,2025-06-13 08:00:00,3455.9999227523804,3564.000141620636,2577.575009870798
forecast_3921,2025-06-13 09:00:00,3455.9999227523804,3455.9999227523804,2583.0569349481416
forecast_3922,2025-06-13 10:00:00,3455.9999227523804,3240.0001287460327,2046.3571838951925
forecast_3923,2025-06-13 11:00:00,3455.9999227523804,3131.999909877777,2192.742928404719
forecast_3924,2025-06-13 12:00:00,3455.9999227523804,3131.999909877777,2076.140706850019
forecast_3925,2025-06-13 13:00:00,3888.0001544952393,3240.0001287460327,1982.8696857790362
forecast_3926,2025-06-13 14:00:00,3888.0001544952393,3455.9999227523804,2191.535555228622
forecast_3927,2025-06-13 15:00:00,3888.0001544952393,3888.0001544952393,2896.3049061472902
forecast_3928,2025-06-13 16:00:00,3888.0001544952393,3888.0001544952393,2798.048782959292
forecast_3929,2025-06-13 17:00:00,3888.0001544952393,3888.0001544952393,2970.2405936266605
forecast_3930,2025-06-13 18:00:00,3996.000051498413,3888.0001544952393,3409.6069842944225
forecast_3931,2025-06-13 19:00:00,3888.0001544952393,3888.0001544952393,2905.093603024803
forecast_3932,2025-06-13 20:00:00,3888.0001544952393,3888.0001544952393,3080.3836897817305
forecast_3933,2025-06-13 21:00:00,3996.000051498413,3888.0001544952393,3212.884246890844
forecast_3934,2025-06-13 22:00:00,3888.0001544952393,3888.0001544952393,2776.902908040355
forecast_3935,2025-06-13 23:00:00,4535.999858379364,4968.000090122223,3754.639160531786
forecast_3936,2025-06-14 00:00:00,3996.000051498413,3996.000051498413,3139.5279775484737
forecast_3937,2025-06-14 01:00:00,9936.000180244446,10151.999974250793,6930.953967036538
forecast_3938,2025-06-14 02:00:00,10044.00007724762,9936.000180244446,6685.521719180741
forecast_3939,2025-06-14 03:00:00,5832.000231742859,9503.999948501587,5874.166318853952
forecast_3940,2025-06-14 04:00:00,6155.99992275238,9071.999716758728,5008.099285012823
forecast_3941,2025-06-14 05:00:00,5400.0,8423.999691009521,5208.01874737855
forecast_3942,2025-06-14 06:00:00,4320.000064373016,6155.99992275238,4055.602648221602
forecast_3943,2025-06-14 07:00:00,3888.0001544952393,3888.0001544952393,3449.295199710364
forecast_3944,2025-06-14 08:00:00,3564.000141620636,3564.000141620636,3489.8525315194333
forecast_3945,2025-06-14 09:00:00,3888.0001544952393,3888.0001544952393,3181.4064157325442
forecast_3946,2025-06-14 10:00:00,3888.0001544952393,3888.0001544952393,3048.9402766640046
forecast_3947,2025-06-14 11:00:00,3779.9999356269836,3779.9999356269836,2635.3801997238947
forecast_3948,2025-06-14 12:00:00,3888.0001544952393,3564.000141620636,2799.543218689006
forecast_3949,2025-06-14 13:00:00,3779.9999356269836,3564.000141620636,2366.0969306747165
forecast_3950,2025-06-14 14:00:00,3888.0001544952393,3348.0000257492065,2578.435115334002
forecast_3951,2025-06-14 15:00:00,3888.0001544952393,3455.9999227523804,2181.1608977258097
forecast_3952,2025-06-14 16:00:00,3888.0001544952393,3131.999909877777,2073.588183189162
forecast_3953,2025-06-14 17:00:00,3888.0001544952393,3240.0001287460327,1964.739056823296
forecast_3954,2025-06-14 18:00:00,3888.0001544952393,3131.999909877777,2149.018483741581
forecast_3955,2025-06-14 19:00:00,3888.0001544952393,3455.9999227523804,2218.152530717985
forecast_3956,2025-06-14 20:00:00,3888.0001544952393,3779.9999356269836,2319.550831588293
forecast_3957,2025-06-14 21:00:00,3888.0001544952393,3779.9999356269836,2328.8498657615805
forecast_3958,2025-06-14 22:00:00,3888.0001544952393,3779.9999356269836,2793.1861856901405
forecast_3959,2025-06-14 23:00:00,3888.0001544952393,3779.9999356269836,3001.004390709989
forecast_3960,2025-06-15 00:00:00,3888.0001544952393,3888.0001544952393,3055.1562061002664
forecast_3961,2025-06-15 01:00:00,7667.999768257141,7019.999742507935,5019.909032173528
forecast_3962,2025-06-15 02:00:00,7451.9999742507935,7019.999742507935,5208.040167046805
forecast_3963,2025-06-15 03:00:00,6155.99992275238,5183.999884128571,3850.464623167859
forecast_3964,2025-06-15 04:00:00,6155.99992275238,5075.999987125397,4251.680100608623
forecast_3965,2025-06-15 05:00:00,6911.999845504761,7128.000283241272,5550.8715276652265
forecast_3966,2025-06-15 06:00:00,7667.999768257141,7884.000205993652,4775.816656814646
forecast_3967,2025-06-15 07:00:00,4751.9999742507935,4644.00007724762,3646.5277241706513
forecast_3968,2025-06-15 08:00:00,3888.0001544952393,3888.0001544952393,3328.1729133361387
forecast_3969,2025-06-15 09:00:00,3888.0001544952393,3888.0001544952393,3037.027765087175
forecast_3970,2025-06-15 10:00:00,3888.0001544952393,3672.00003862381,2747.4771054821326
forecast_3971,2025-06-15 11:00:00,3888.0001544952393,3672.00003862381,2838.542551135629
forecast_3972,2025-06-15 12:00:00,3888.0001544952393,3888.0001544952393,2731.1138384564424
forecast_3973,2025-06-15 13:00:00,3888.0001544952393,3888.0001544952393,3532.3673948678543
forecast_3974,2025-06-15 14:00:00,3888.0001544952393,3888.0001544952393,3550.9862618259326
forecast_3975,2025-06-15 15:00:00,3888.0001544952393,3888.0001544952393,3549.1780669395303
forecast_3976,2025-06-15 16:00:00,3888.0001544952393,4211.999845504761,3394.271519582726
forecast_3977,2025-06-15 17:00:00,3888.0001544952393,4320.000064373016,3244.649074199504
forecast_3978,2025-06-15 18:00:00,4320.000064373016,5292.000102996826,4009.1091632815273
forecast_3979,2025-06-15 19:00:00,4320.000064373016,8423.999691009521,6233.571782170457
forecast_3980,2025-06-15 20:00:00,4320.000064373016,7992.000102996826,6025.559779697433
forecast_3981,2025-06-15 21:00:00,6480.000257492065,9503.999948501587,6353.606317407562
forecast_3982,2025-06-15 22:00:00,10259.999871253967,12096.000051498413,8767.216773183534
forecast_3983,2025-06-15 23:00:00,11664.000463485718,11988.00015449524,7935.450080441587
forecast_3984,2025-06-16 00:00:00,11664.000463485718,11988.00015449524,8842.293101739777
forecast_3985,2025-06-16 01:00:00,10044.00007724762,12419.999742507935,7712.736475454174
forecast_3986,2025-06-16 02:00:00,10151.999974250793,12852.000617980957,9081.0055786236
forecast_3987,2025-06-16 03:00:00,11231.999588012695,12419.999742507935,9432.505073032387
forecast_3988,2025-06-16 04:00:00,7992.000102996826,10151.999974250793,6469.166163353544
forecast_3989,2025-06-16 05:00:00,5832.000231742859,8640.000128746033,6483.450580235387
forecast_3990,2025-06-16 06:00:00,7236.000180244446,8855.99992275238,6131.401605865996
forecast_3991,2025-06-16 07:00:00,6155.99992275238,10151.999974250793,7463.14987123077
forecast_3992,2025-06-16 08:00:00,7992.000102996826,10907.999897003174,8682.076369271903
forecast_3993,2025-06-16 09:00:00,7992.000102996826,10151.999974250793,7637.340972548475
forecast_3994,2025-06-16 10:00:00,7559.999871253967,10907.999897003174,7885.291749410821
forecast_3995,2025-06-16 11:00:00,7559.999871253967,10584.000205993652,8424.37523760471
forecast_3996,2025-06-16 12:00:00,5615.999794006348,9611.99984550476,7434.265699532873
forecast_3997,2025-06-16 13:00:00,6911.999845504761,9396.000051498413,7194.751810084583
forecast_3998,2025-06-16 14:00:00,10044.00007724762,10476.000308990479,9284.21051400529
forecast_3999,2025-06-16 15:00:00,12096.000051498413,11664.000463485718,11212.427383482189
forecast_4000,2025-06-16 16:00:00,13392.000102996826,12203.999948501587,11542.289294120332
forecast_4001,2025-06-16 17:00:00,14256.000566482544,14039.99948501587,13233.981140194466
forecast_4002,2025-06-16 18:00:00,15119.999742507935,14147.999382019043,12584.386201132384
forecast_4003,2025-06-16 19:00:00,14688.00015449524,14796.000051498413,11958.976271341277
forecast_4004,2025-06-16 20:00:00,13392.000102996826,12852.000617980957,11440.827230146897
forecast_4005,2025-06-16 21:00:00,13392.000102996826,13392.000102996826,11872.213196989258
forecast_4006,2025-06-16 22:00:00,14688.00015449524,16307.999897003174,13604.343308637392
forecast_4007,2025-06-16 23:00:00,15660.00051498413,17711.99984550476,13957.20439764978
forecast_4008,2025-06-17 00:00:00,16307.999897003174,17927.99963951111,15094.751656907978
forecast_4009,2025-06-17 01:00:00,16200.0,18143.999433517456,16049.583752210505
forecast_4010,2025-06-17 02:00:00,16523.99969100952,18252.000617980957,16637.111880692144
forecast_4011,2025-06-17 03:00:00,16092.000102996826,18360.00051498413,16752.73417387004
forecast_4012,2025-06-17 04:00:00,16092.000102996826,18360.00051498413,16801.704220790118
forecast_4013,2025-06-17 05:00:00,17388.00015449524,18252.000617980957,16139.31034683562
forecast_4014,2025-06-17 06:00:00,15660.00051498413,17603.999948501587,14482.154731449227
forecast_4015,2025-06-17 07:00:00,15119.999742507935,16415.999794006348,14303.545845995368
forecast_4016,2025-06-17 08:00:00,14472.000360488892,15443.999433517456,14390.689710530332
forecast_4017,2025-06-17 09:00:00,14039.99948501587,15119.999742507935,13674.649376332283
forecast_4018,2025-06-17 10:00:00,12096.000051498413,13500.0,12922.296584115398
forecast_4019,2025-06-17 11:00:00,12096.000051498413,13068.000411987305,11618.62486436778
forecast_4020,2025-06-17 12:00:00,12096.000051498413,12960.00051498413,11553.440399050529
forecast_4021,2025-06-17 13:00:00,11772.000360488892,11880.000257492065,9784.309727241982
forecast_4022,2025-06-17 14:00:00,11664.000463485718,11231.999588012695,9057.49023151245
forecast_4023,2025-06-17 15:00:00,10367.999768257141,10151.999974250793,8438.022225216631
forecast_4024,2025-06-17 16:00:00,10692.000102996826,9719.999742507935,8834.010604499425
forecast_4025,2025-06-17 17:00:00,10259.999871253967,8748.000025749207,6580.025974716514
forecast_4026,2025-06-17 18:00:00,9288.00015449524,8100.0,6687.5789442821815
forecast_4027,2025-06-17 19:00:00,7451.9999742507935,6803.999948501587,4506.929119953083
forecast_4028,2025-06-17 20:00:00,5940.000128746033,7128.000283241272,4031.531979095658
forecast_4029,2025-06-17 21:00:00,5940.000128746033,7451.9999742507935,4615.0331603800105
forecast_4030,2025-06-17 22:00:00,5940.000128746033,8315.999794006348,5241.656836091028
forecast_4031,2025-06-17 23:00:00,7559.999871253967,8640.000128746033,5418.594419555697
forecast_4032,2025-06-18 00:00:00,8748.000025749207,9503.999948501587,5550.711420674313
forecast_4033,2025-06-18 01:00:00,7992.000102996826,9396.000051498413,5155.223923237567
forecast_4034,2025-06-18 02:00:00,7559.999871253967,9503.999948501587,5411.59256903483
forecast_4035,2025-06-18 03:00:00,7992.000102996826,10367.999768257141,6851.302552076935
forecast_4036,2025-06-18 04:00:00,10151.999974250793,10367.999768257141,7301.788255724959
forecast_4037,2025-06-18 05:00:00,10151.999974250793,10367.999768257141,8056.320258010655
forecast_4038,2025-06-18 06:00:00,8423.999691009521,10907.999897003174,7959.6759021574035
forecast_4039,2025-06-18 07:00:00,7992.000102996826,10692.000102996826,7559.589468944742
forecast_4040,2025-06-18 08:00:00,7451.9999742507935,8423.999691009521,5665.132678760951
forecast_4041,2025-06-18 09:00:00,5075.999987125397,6155.99992275238,4764.42530426872
forecast_4042,2025-06-18 10:00:00,4320.000064373016,4644.00007724762,3969.4196885757274
forecast_4043,2025-06-18 11:00:00,4320.000064373016,4211.999845504761,3479.879651460109
forecast_4044,2025-06-18 12:00:00,4320.000064373016,4320.000064373016,3460.014451198416
forecast_4045,2025-06-18 13:00:00,4320.000064373016,4535.999858379364,3553.996537495743
forecast_4046,2025-06-18 14:00:00,4320.000064373016,4211.999845504761,3234.397625316841
forecast_4047,2025-06-18 15:00:00,4320.000064373016,4535.999858379364,3116.8847357275
forecast_4048,2025-06-18 16:00:00,5940.000128746033,4644.00007724762,3131.5067925385583
forecast_4049,2025-06-18 17:00:00,5615.999794006348,4644.00007724762,3180.8975217957723
forecast_4050,2025-06-18 18:00:00,5075.999987125397,4644.00007724762,3112.781752012211
forecast_4051,2025-06-18 19:00:00,5075.999987125397,4644.00007724762,4128.453802465584
forecast_4052,2025-06-18 20:00:00,5615.999794006348,6155.99992275238,4997.846223579888
forecast_4053,2025-06-18 21:00:00,9936.000180244446,8423.999691009521,6280.853799666154
forecast_4054,2025-06-18 22:00:00,12311.99984550476,11447.999382019043,7792.973565217569
forecast_4055,2025-06-18 23:00:00,13500.0,13176.000308990479,8992.217381616802
forecast_4056,2025-06-19 00:00:00,13500.0,13500.0,9484.402247198675
forecast_4057,2025-06-19 01:00:00,13500.0,14039.99948501587,9184.569659321543
forecast_4058,2025-06-19 02:00:00,15335.999536514282,13931.999588012695,9321.733035874868
forecast_4059,2025-06-19 03:00:00,15227.999639511108,13931.999588012695,10405.2428018027
forecast_4060,2025-06-19 04:00:00,13500.0,13284.000205993652,9653.23788760878
forecast_4061,2025-06-19 05:00:00,13500.0,12311.99984550476,8971.705387871392
forecast_4062,2025-06-19 06:00:00,10259.999871253967,9828.000283241272,6869.498475651949
forecast_4063,2025-06-19 07:00:00,6048.0000257492065,5940.000128746033,5028.271591064983
forecast_4064,2025-06-19 08:00:00,4427.99996137619,3888.0001544952393,4109.642044973363
forecast_4065,2025-06-19 09:00:00,3888.0001544952393,3888.0001544952393,3184.440737320026
forecast_4066,2025-06-19 10:00:00,3888.0001544952393,3348.0000257492065,2694.8719080423166
forecast_4067,2025-06-19 11:00:00,3779.9999356269836,3024.0000128746033,1901.1632392318465
forecast_4068,2025-06-19 12:00:00,3779.9999356269836,2591.9999420642853,1782.421171336838
forecast_4069,2025-06-19 13:00:00,3779.9999356269836,2916.0001158714294,1981.2307758392449
forecast_4070,2025-06-19 14:00:00,3779.9999356269836,2916.0001158714294,2059.94635248643
forecast_4071,2025-06-19 15:00:00,3888.0001544952393,3240.0001287460327,2407.807591381576
forecast_4072,2025-06-19 16:00:00,3888.0001544952393,3240.0001287460327,1864.385932103264
forecast_4073,2025-06-19 17:00:00,3888.0001544952393,3888.0001544952393,2664.407194601142
forecast_4074,2025-06-19 18:00:00,3996.000051498413,3888.0001544952393,3306.42246782042
forecast_4075,2025-06-19 19:00:00,3996.000051498413,3888.0001544952393,2932.0023919800365
forecast_4076,2025-06-19 20:00:00,3996.000051498413,3888.0001544952393,2834.823928222316
forecast_4077,2025-06-19 21:00:00,4427.99996137619,4320.000064373016,3530.476035152516
forecast_4078,2025-06-19 22:00:00,8423.999691009521,7344.00007724762,5194.895606655326
forecast_4079,2025-06-19 23:00:00,8315.999794006348,8423.999691009521,5127.719329032924
forecast_4080,2025-06-20 00:00:00,9396.000051498413,9288.00015449524,4955.311972793624
forecast_4081,2025-06-20 01:00:00,10259.999871253967,11988.00015449524,7486.510932689264
forecast_4082,2025-06-20 02:00:00,10259.999871253967,11988.00015449524,7833.817354036929
forecast_4083,2025-06-20 03:00:00,13068.000411987305,13392.000102996826,9349.971186990108
forecast_4084,2025-06-20 04:00:00,13068.000411987305,14472.000360488892,10007.94576212212
forecast_4085,2025-06-20 05:00:00,13068.000411987305,14472.000360488892,9607.892242404723
forecast_4086,2025-06-20 06:00:00,13068.000411987305,13392.000102996826,8898.347465573697
forecast_4087,2025-06-20 07:00:00,7559.999871253967,12096.000051498413,7553.98559436108
forecast_4088,2025-06-20 08:00:00,7451.9999742507935,10692.000102996826,6288.762394302277
forecast_4089,2025-06-20 09:00:00,7451.9999742507935,10907.999897003174,6663.672244879375
forecast_4090,2025-06-20 10:00:00,7559.999871253967,11988.00015449524,7236.409763232454
forecast_4091,2025-06-20 11:00:00,13068.000411987305,14580.000257492065,10839.496350678164
forecast_4092,2025-06-20 12:00:00,14039.99948501587,15768.000411987305,12993.033899263906
forecast_4093,2025-06-20 13:00:00,15768.000411987305,16523.99969100952,14374.539557328426
forecast_4094,2025-06-20 14:00:00,15768.000411987305,17064.000463485718,14242.655688124425
forecast_4095,2025-06-20 15:00:00,15768.000411987305,17172.00036048889,14212.621012161204
forecast_4096,2025-06-20 16:00:00,17711.99984550476,17927.99963951111,16305.92732909532
forecast_4097,2025-06-20 17:00:00,17711.99984550476,17711.99984550476,16672.690652166468
forecast_4098,2025-06-20 18:00:00,16739.99948501587,17711.99984550476,16999.798976363643
forecast_4099,2025-06-20 19:00:00,16415.999794006348,17711.99984550476,17178.145612972876
forecast_4100,2025-06-20 20:00:00,16739.99948501587,17496.000051498413,16781.324092674644
forecast_4101,2025-06-20 21:00:00,16739.99948501587,17711.99984550476,17220.13261028208
forecast_4102,2025-06-20 22:00:00,16847.999382019043,17711.99984550476,17796.526671703206
forecast_4103,2025-06-20 23:00:00,16415.999794006348,17711.99984550476,17300.028839868668
forecast_4104,2025-06-21 00:00:00,16415.999794006348,17711.99984550476,16974.533718124272
forecast_4105,2025-06-21 01:00:00,15552.000617980957,17711.99984550476,16671.64171345837
forecast_4106,2025-06-21 02:00:00,15552.000617980957,17711.99984550476,16545.814543197506
forecast_4107,2025-06-21 03:00:00,15552.000617980957,17819.999742507935,16003.930446659586
forecast_4108,2025-06-21 04:00:00,15119.999742507935,17496.000051498413,15066.925733069324
forecast_4109,2025-06-21 05:00:00,14472.000360488892,16847.999382019043,13952.889757483244
forecast_4110,2025-06-21 06:00:00,14580.000257492065,15227.999639511108,13904.524770699518
forecast_4111,2025-06-21 07:00:00,14688.00015449524,15335.999536514282,13861.219405206395
forecast_4112,2025-06-21 08:00:00,15119.999742507935,15335.999536514282,13840.766664425248
forecast_4113,2025-06-21 09:00:00,15660.00051498413,14364.000463485718,12522.544296540003
forecast_4114,2025-06-21 10:00:00,11772.000360488892,10907.999897003174,8875.06780746256
forecast_4115,2025-06-21 11:00:00,10044.00007724762,10044.00007724762,7985.400539320864
forecast_4116,2025-06-21 12:00:00,6911.999845504761,10151.999974250793,7687.006902610875
forecast_4117,2025-06-21 13:00:00,6911.999845504761,9396.000051498413,6631.7660488534
forecast_4118,2025-06-21 14:00:00,5507.999897003174,9503.999948501587,6493.02349688977
forecast_4119,2025-06-21 15:00:00,10692.000102996826,9828.000283241272,8983.685559264939
forecast_4120,2025-06-21 16:00:00,12096.000051498413,11664.000463485718,10495.18296485534
forecast_4121,2025-06-21 17:00:00,14256.000566482544,12096.000051498413,8795.835345682497
forecast_4122,2025-06-21 18:00:00,12852.000617980957,10907.999897003174,8672.472091219972
forecast_4123,2025-06-21 19:00:00,13500.0,11447.999382019043,8941.189549740859
forecast_4124,2025-06-21 20:00:00,14472.000360488892,11447.999382019043,8750.589846537814
forecast_4125,2025-06-21 21:00:00,14472.000360488892,13392.000102996826,9670.922750468257
forecast_4126,2025-06-21 22:00:00,14688.00015449524,14039.99948501587,11762.934319099531
forecast_4127,2025-06-21 23:00:00,14472.000360488892,13284.000205993652,11326.964200163731
forecast_4128,2025-06-22 00:00:00,15660.00051498413,15335.999536514282,12787.81055568068
forecast_4129,2025-06-22 01:00:00,15552.000617980957,14903.999948501587,11949.608763443332
forecast_4130,2025-06-22 02:00:00,16415.999794006348,15335.999536514282,12406.174815858074
forecast_4131,2025-06-22 03:00:00,14796.000051498413,14039.99948501587,9546.988328049156
forecast_4132,2025-06-22 04:00:00,14580.000257492065,13500.0,8116.334337729111
forecast_4133,2025-06-22 05:00:00,13392.000102996826,13715.999794006348,8027.1099851529725
forecast_4134,2025-06-22 06:00:00,11231.999588012695,10692.000102996826,6835.059694894544
forecast_4135,2025-06-22 07:00:00,10259.999871253967,10476.000308990479,6239.940407733472
forecast_4136,2025-06-22 08:00:00,7559.999871253967,7884.000205993652,5304.0991778478765
forecast_4137,2025-06-22 09:00:00,5075.999987125397,6263.999819755554,4181.767030386291
forecast_4138,2025-06-22 10:00:00,4211.999845504761,4644.00007724762,2978.383552755945
forecast_4139,2025-06-22 11:00:00,5183.999884128571,4211.999845504761,3367.5114024573154
forecast_4140,2025-06-22 12:00:00,5940.000128746033,4211.999845504761,3807.043765681034
forecast_4141,2025-06-22 13:00:00,6371.999716758728,4644.00007724762,4343.932193894976
forecast_4142,2025-06-22 14:00:00,5940.000128746033,4211.999845504761,3489.738443825939
forecast_4143,2025-06-22 15:00:00,4211.999845504761,3888.0001544952393,2921.373478535109
forecast_4144,2025-06-22 16:00:00,4751.9999742507935,4211.999845504761,2935.8575047489694
forecast_4145,2025-06-22 17:00:00,5075.999987125397,4211.999845504761,2773.892104526328
forecast_4146,2025-06-22 18:00:00,4427.99996137619,4644.00007724762,3076.5328105271315
forecast_4147,2025-06-22 19:00:00,4427.99996137619,4535.999858379364,3819.544152918106
forecast_4148,2025-06-22 20:00:00,5075.999987125397,4644.00007724762,4326.958325871421
forecast_4149,2025-06-22 21:00:00,6155.99992275238,6263.999819755554,5148.946064650411
forecast_4150,2025-06-22 22:00:00,7776.0003089904785,7884.000205993652,6316.149714698962
forecast_4151,2025-06-22 23:00:00,6155.99992275238,7559.999871253967,5752.946668740775
forecast_4152,2025-06-23 00:00:00,6048.0000257492065,6263.999819755554,5376.906875369103
forecast_4153,2025-06-23 01:00:00,3996.000051498413,4320.000064373016,3011.5125276057925
forecast_4154,2025-06-23 02:00:00,3996.000051498413,4103.999948501587,3346.616467093772
forecast_4155,2025-06-23 03:00:00,3996.000051498413,3888.0001544952393,3493.317605298176
forecast_4156,2025-06-23 04:00:00,3996.000051498413,3888.0001544952393,3793.244147317575
forecast_4157,2025-06-23 05:00:00,3996.000051498413,3996.000051498413,3296.245725312081
forecast_4158,2025-06-23 06:00:00,3888.0001544952393,3888.0001544952393,2813.432298037525
forecast_4159,2025-06-23 07:00:00,3888.0001544952393,3888.0001544952393,2504.2495391190782
forecast_4160,2025-06-23 08:00:00,3348.0000257492065,3455.9999227523804,2095.1428462483227
forecast_4161,2025-06-23 09:00:00,3348.0000257492065,3131.999909877777,1954.6358195875432
forecast_4162,2025-06-23 10:00:00,3240.0001287460327,2916.0001158714294,1780.8835449425335
forecast_4163,2025-06-23 11:00:00,3348.0000257492065,3024.0000128746033,1681.257041859612
forecast_4164,2025-06-23 12:00:00,3348.0000257492065,3131.999909877777,1819.4503686517096
forecast_4165,2025-06-23 13:00:00,3455.9999227523804,3024.0000128746033,1630.523189992235
forecast_4166,2025-06-23 14:00:00,3455.9999227523804,3131.999909877777,1743.2670222421857
forecast_4167,2025-06-23 15:00:00,3455.9999227523804,2916.0001158714294,1760.6470402701252
forecast_4168,2025-06-23 16:00:00,3240.0001287460327,2807.999897003174,1846.060711915873
forecast_4169,2025-06-23 17:00:00,3131.999909877777,2916.0001158714294,1891.6152656724248
forecast_4170,2025-06-23 18:00:00,3455.9999227523804,2916.0001158714294,2141.473756127689
forecast_4171,2025-06-23 19:00:00,3455.9999227523804,3348.0000257492065,2295.470980693747
forecast_4172,2025-06-23 20:00:00,3672.00003862381,3455.9999227523804,2912.10062412466
forecast_4173,2025-06-23 21:00:00,3455.9999227523804,3348.0000257492065,2845.8314832121446
forecast_4174,2025-06-23 22:00:00,3455.9999227523804,3348.0000257492065,2701.4401639466128
forecast_4175,2025-06-23 23:00:00,3672.00003862381,3455.9999227523804,2683.803363210147
forecast_4176,2025-06-24 00:00:00,3455.9999227523804,3455.9999227523804,2502.3843374934045
forecast_4177,2025-06-24 01:00:00,3888.0001544952393,3131.999909877777,2225.837475102825
forecast_4178,2025-06-24 02:00:00,3888.0001544952393,3131.999909877777,2476.160688107168
forecast_4179,2025-06-24 03:00:00,3888.0001544952393,2916.0001158714294,2210.192784254939
forecast_4180,2025-06-24 04:00:00,3888.0001544952393,3348.0000257492065,2381.8523251589904
forecast_4181,2025-06-24 05:00:00,3779.9999356269836,3455.9999227523804,2258.974412772337
forecast_4182,2025-06-24 06:00:00,3779.9999356269836,3564.000141620636,2477.49091339874
forecast_4183,2025-06-24 07:00:00,3779.9999356269836,3779.9999356269836,2567.691416535308
forecast_4184,2025-06-24 08:00:00,3888.0001544952393,3888.0001544952393,2585.773079734323
forecast_4185,2025-06-24 09:00:00,3888.0001544952393,3888.0001544952393,2583.4745822066443
forecast_4186,2025-06-24 10:00:00,3888.0001544952393,3779.9999356269836,2324.571441831149
forecast_4187,2025-06-24 11:00:00,3888.0001544952393,3888.0001544952393,2542.4976308691494
forecast_4188,2025-06-24 12:00:00,3888.0001544952393,3888.0001544952393,2458.9445463229417
forecast_4189,2025-06-24 13:00:00,3888.0001544952393,3779.9999356269836,2236.2375657930297
forecast_4190,2025-06-24 14:00:00,3888.0001544952393,3672.00003862381,1975.181470912578
forecast_4191,2025-06-24 15:00:00,3888.0001544952393,3672.00003862381,2022.2305031828128
forecast_4192,2025-06-24 16:00:00,3888.0001544952393,3779.9999356269836,2121.197799530351
forecast_4193,2025-06-24 17:00:00,3888.0001544952393,3888.0001544952393,2222.584447219833
forecast_4194,2025-06-24 18:00:00,3888.0001544952393,3888.0001544952393,2623.351487497845
forecast_4195,2025-06-24 19:00:00,3888.0001544952393,4427.99996137619,2691.696220330938
forecast_4196,2025-06-24 20:00:00,5075.999987125397,5075.999987125397,3287.6164378537123
forecast_4197,2025-06-24 21:00:00,5940.000128746033,6263.999819755554,3450.6311027106344
forecast_4198,2025-06-24 22:00:00,6480.000257492065,7884.000205993652,4501.35523397319
forecast_4199,2025-06-24 23:00:00,6480.000257492065,8100.0,4778.712192599271
forecast_4200,2025-06-25 00:00:00,6480.000257492065,8315.999794006348,4713.661780501193
forecast_4201,2025-06-25 01:00:00,5940.000128746033,6803.999948501587,3753.9710936811975
forecast_4202,2025-06-25 02:00:00,5940.000128746033,5940.000128746033,3229.2186220127373
forecast_4203,2025-06-25 03:00:00,3888.0001544952393,4211.999845504761,3220.1798062656035
forecast_4204,2025-06-25 04:00:00,3888.0001544952393,3888.0001544952393,3160.8080444872235
forecast_4205,2025-06-25 05:00:00,3888.0001544952393,3888.0001544952393,2953.3417130285684
forecast_4206,2025-06-25 06:00:00,3888.0001544952393,3888.0001544952393,2876.298814242598
forecast_4207,2025-06-25 07:00:00,3779.9999356269836,3888.0001544952393,2930.333181918113
forecast_4208,2025-06-25 08:00:00,3779.9999356269836,3888.0001544952393,2754.370556255563
forecast_4209,2025-06-25 09:00:00,3779.9999356269836,3888.0001544952393,2668.535534204166
forecast_4210,2025-06-25 10:00:00,3779.9999356269836,3779.9999356269836,2385.269805256379
forecast_4211,2025-06-25 11:00:00,3779.9999356269836,3564.000141620636,2277.1234713004496
forecast_4212,2025-06-25 12:00:00,3779.9999356269836,3564.000141620636,2317.1505113377825
forecast_4213,2025-06-25 13:00:00,3779.9999356269836,3564.000141620636,2492.489227194747
forecast_4214,2025-06-25 14:00:00,3779.9999356269836,3455.9999227523804,2357.820857350489
forecast_4215,2025-06-25 15:00:00,3888.0001544952393,3348.0000257492065,2378.554415924023
forecast_4216,2025-06-25 16:00:00,3779.9999356269836,3455.9999227523804,2498.42274096095
forecast_4217,2025-06-25 17:00:00,3888.0001544952393,3779.9999356269836,2705.046364124206
forecast_4218,2025-06-25 18:00:00,3888.0001544952393,3779.9999356269836,2892.066628175789
forecast_4219,2025-06-25 19:00:00,3888.0001544952393,3888.0001544952393,3010.999362556653
forecast_4220,2025-06-25 20:00:00,4320.000064373016,4211.999845504761,3306.848763923428
forecast_4221,2025-06-25 21:00:00,4320.000064373016,4211.999845504761,3315.651200926038
forecast_4222,2025-06-25 22:00:00,4320.000064373016,5183.999884128571,3916.1762533685614
forecast_4223,2025-06-25 23:00:00,4427.99996137619,6263.999819755554,4086.117308296966
forecast_4224,2025-06-26 00:00:00,6155.99992275238,6263.999819755554,4077.032324372593
forecast_4225,2025-06-26 01:00:00,9503.999948501587,9611.99984550476,6907.679477229046
forecast_4226,2025-06-26 02:00:00,10476.000308990479,12311.99984550476,9723.223395042289
forecast_4227,2025-06-26 03:00:00,14688.00015449524,14688.00015449524,12309.26796002715
forecast_4228,2025-06-26 04:00:00,14688.00015449524,14039.99948501587,11491.930598641473
forecast_4229,2025-06-26 05:00:00,15660.00051498413,14472.000360488892,11314.574969776657
forecast_4230,2025-06-26 06:00:00,14688.00015449524,14256.000566482544,10336.613922957164
forecast_4231,2025-06-26 07:00:00,13392.000102996826,13931.999588012695,9873.601161048113
forecast_4232,2025-06-26 08:00:00,13068.000411987305,13931.999588012695,10036.356729890276
forecast_4233,2025-06-26 09:00:00,13607.999897003174,14256.000566482544,9901.405872046087
forecast_4234,2025-06-26 10:00:00,9936.000180244446,9611.99984550476,7151.226941043503
forecast_4235,2025-06-26 11:00:00,8963.999819755554,8100.0,5849.112228947477
forecast_4236,2025-06-26 12:00:00,5615.999794006348,7344.00007724762,5809.79610986192
forecast_4237,2025-06-26 13:00:00,5615.999794006348,5832.000231742859,4873.495776503242
forecast_4238,2025-06-26 14:00:00,4320.000064373016,4644.00007724762,4128.0785266997145
forecast_4239,2025-06-26 15:00:00,5940.000128746033,5723.9996910095215,4407.713762049793
forecast_4240,2025-06-26 16:00:00,6371.999716758728,5832.000231742859,5419.697494879675
forecast_4241,2025-06-26 17:00:00,5940.000128746033,5723.9996910095215,5318.901398992758
forecast_4242,2025-06-26 18:00:00,5615.999794006348,5832.000231742859,4830.449996899549
forecast_4243,2025-06-26 19:00:00,6155.99992275238,5940.000128746033,4566.894461047442
forecast_4244,2025-06-26 20:00:00,6155.99992275238,6371.999716758728,5124.447596959747
forecast_4245,2025-06-26 21:00:00,6155.99992275238,6588.000154495239,4835.80711216185
forecast_4246,2025-06-26 22:00:00,6048.0000257492065,7559.999871253967,5271.9685251659
forecast_4247,2025-06-26 23:00:00,5615.999794006348,6263.999819755554,5150.394103934558
forecast_4248,2025-06-27 00:00:00,4427.99996137619,6155.99992275238,4717.767684690168
forecast_4249,2025-06-27 01:00:00,4427.99996137619,5615.999794006348,4428.911148602187
forecast_4250,2025-06-27 02:00:00,4427.99996137619,5292.000102996826,3693.442995588668
forecast_4251,2025-06-27 03:00:00,4427.99996137619,6155.99992275238,5085.24998007281
forecast_4252,2025-06-27 04:00:00,5615.999794006348,6588.000154495239,5766.187048881705
forecast_4253,2025-06-27 05:00:00,4751.9999742507935,4751.9999742507935,3934.520353868136
forecast_4254,2025-06-27 06:00:00,4427.99996137619,3888.0001544952393,3320.2246770242014
forecast_4255,2025-06-27 07:00:00,3888.0001544952393,3888.0001544952393,3131.673960004442
forecast_4256,2025-06-27 08:00:00,3996.000051498413,3888.0001544952393,3006.156275056264
forecast_4257,2025-06-27 09:00:00,3779.9999356269836,3888.0001544952393,2451.576321174449
forecast_4258,2025-06-27 10:00:00,3888.0001544952393,3348.0000257492065,1892.10460378467
forecast_4259,2025-06-27 11:00:00,3779.9999356269836,3131.999909877777,1866.469177333416
forecast_4260,2025-06-27 12:00:00,3888.0001544952393,3024.0000128746033,1768.9472404728613
forecast_4261,2025-06-27 13:00:00,3888.0001544952393,3564.000141620636,2065.855820669364
forecast_4262,2025-06-27 14:00:00,3888.0001544952393,3455.9999227523804,2143.01886340565
forecast_4263,2025-06-27 15:00:00,3888.0001544952393,3564.000141620636,2039.721238156648
forecast_4264,2025-06-27 16:00:00,3996.000051498413,3779.9999356269836,2282.091371860208
forecast_4265,2025-06-27 17:00:00,3888.0001544952393,3888.0001544952393,2245.8983632865657
forecast_4266,2025-06-27 18:00:00,3779.9999356269836,3888.0001544952393,2252.4510565391115
forecast_4267,2025-06-27 19:00:00,3779.9999356269836,3888.0001544952393,2947.7745942315264
forecast_4268,2025-06-27 20:00:00,3888.0001544952393,3888.0001544952393,3106.122997485531
forecast_4269,2025-06-27 21:00:00,3996.000051498413,4320.000064373016,3721.406973029127
forecast_4270,2025-06-27 22:00:00,5832.000231742859,6155.99992275238,4109.718306995988
forecast_4271,2025-06-27 23:00:00,6263.999819755554,7128.000283241272,4193.529755834781
forecast_4272,2025-06-28 00:00:00,6155.99992275238,6588.000154495239,4292.760152469146
forecast_4273,2025-06-28 01:00:00,7667.999768257141,9180.000257492065,6076.227449615464
forecast_4274,2025-06-28 02:00:00,11447.999382019043,10692.000102996826,6004.819503778923
forecast_4275,2025-06-28 03:00:00,13500.0,11339.99948501587,7359.185622788906
forecast_4276,2025-06-28 04:00:00,13500.0,12419.999742507935,8638.108597814386
forecast_4277,2025-06-28 05:00:00,13500.0,12096.000051498413,9717.275773259234
forecast_4278,2025-06-28 06:00:00,11772.000360488892,10692.000102996826,6457.267887944602
forecast_4279,2025-06-28 07:00:00,12203.999948501587,10907.999897003174,6483.083256718363
forecast_4280,2025-06-28 08:00:00,7559.999871253967,8207.999897003174,4503.697292336092
forecast_4281,2025-06-28 09:00:00,4535.999858379364,5940.000128746033,4165.13814239745
forecast_4282,2025-06-28 10:00:00,4320.000064373016,4644.00007724762,3467.2315105785083
forecast_4283,2025-06-28 11:00:00,3996.000051498413,3888.0001544952393,2550.136526162692
forecast_4284,2025-06-28 12:00:00,3779.9999356269836,3240.0001287460327,2475.344752241996
forecast_4285,2025-06-28 13:00:00,3779.9999356269836,3131.999909877777,2524.2728277235174
forecast_4286,2025-06-28 14:00:00,3888.0001544952393,3024.0000128746033,2170.453185380135
forecast_4287,2025-06-28 15:00:00,3888.0001544952393,3240.0001287460327,2465.6873403792188
forecast_4288,2025-06-28 16:00:00,3888.0001544952393,3564.000141620636,2624.8614790713764
forecast_4289,2025-06-28 17:00:00,3888.0001544952393,3672.00003862381,2340.8934536455554
forecast_4290,2025-06-28 18:00:00,5615.999794006348,3996.000051498413,2918.735667763089
forecast_4291,2025-06-28 19:00:00,4427.99996137619,4968.000090122223,3649.6748962046254
forecast_4292,2025-06-28 20:00:00,5832.000231742859,6696.000051498413,3975.343749436884
forecast_4293,2025-06-28 21:00:00,9503.999948501587,8640.000128746033,5748.228480076036
forecast_4294,2025-06-28 22:00:00,7992.000102996826,9828.000283241272,5585.71053473039
forecast_4295,2025-06-28 23:00:00,7559.999871253967,9503.999948501587,5579.200787394185
forecast_4296,2025-06-29 00:00:00,7559.999871253967,9503.999948501587,5772.869958968727
forecast_4297,2025-06-29 01:00:00,10044.00007724762,11123.999691009521,6462.567953416692
forecast_4298,2025-06-29 02:00:00,10044.00007724762,11772.000360488892,7626.351955379038
forecast_4299,2025-06-29 03:00:00,12527.999639511108,13500.0,8594.6002523873
forecast_4300,2025-06-29 04:00:00,12311.99984550476,14256.000566482544,10444.81088802301
forecast_4301,2025-06-29 05:00:00,14688.00015449524,14580.000257492065,11928.611886845914
forecast_4302,2025-06-29 06:00:00,13500.0,14039.99948501587,11052.417801647396
forecast_4303,2025-06-29 07:00:00,13392.000102996826,13176.000308990479,10238.790261999511
forecast_4304,2025-06-29 08:00:00,12852.000617980957,11772.000360488892,8757.41994894902
forecast_4305,2025-06-29 09:00:00,9828.000283241272,9611.99984550476,6052.124230490813
forecast_4306,2025-06-29 10:00:00,4211.999845504761,5832.000231742859,4413.589157293667
forecast_4307,2025-06-29 11:00:00,3888.0001544952393,3888.0001544952393,3230.4726805900214
forecast_4308,2025-06-29 12:00:00,3888.0001544952393,3888.0001544952393,2615.8284272217875
forecast_4309,2025-06-29 13:00:00,3888.0001544952393,3779.9999356269836,2662.465705717254
forecast_4310,2025-06-29 14:00:00,3888.0001544952393,3779.9999356269836,2737.575443799868
forecast_4311,2025-06-29 15:00:00,3888.0001544952393,3888.0001544952393,2483.077227471
forecast_4312,2025-06-29 16:00:00,4211.999845504761,3888.0001544952393,3063.893411552856
forecast_4313,2025-06-29 17:00:00,3888.0001544952393,3888.0001544952393,3004.427637685156
forecast_4314,2025-06-29 18:00:00,4320.000064373016,3996.000051498413,2933.107723866765
forecast_4315,2025-06-29 19:00:00,5075.999987125397,4751.9999742507935,3744.4918014174937
forecast_4316,2025-06-29 20:00:00,4859.999871253967,6263.999819755554,4793.290973092521
forecast_4317,2025-06-29 21:00:00,7559.999871253967,7559.999871253967,5614.524243004213
forecast_4318,2025-06-29 22:00:00,10044.00007724762,10800.0,7708.894613057378
forecast_4319,2025-06-29 23:00:00,12311.99984550476,12096.000051498413,9360.783785660036
forecast_4320,2025-06-30 00:00:00,12311.99984550476,12096.000051498413,9448.25379257766
forecast_4321,2025-06-30 01:00:00,7992.000102996826,9611.99984550476,6046.601507490199
forecast_4322,2025-06-30 02:00:00,10151.999974250793,10151.999974250793,7316.682220250406
forecast_4323,2025-06-30 03:00:00,7992.000102996826,10151.999974250793,7407.498574394559
forecast_4324,2025-06-30 04:00:00,10151.999974250793,10151.999974250793,8167.925088233883
forecast_4325,2025-06-30 05:00:00,11772.000360488892,10907.999897003174,7703.098425447028
forecast_4326,2025-06-30 06:00:00,12527.999639511108,10800.0,7192.489965240241
forecast_4327,2025-06-30 07:00:00,10259.999871253967,8423.999691009521,6082.309277150828
forecast_4328,2025-06-30 08:00:00,6155.99992275238,7559.999871253967,5735.378826259403
forecast_4329,2025-06-30 09:00:00,5075.999987125397,6155.99992275238,4670.442944192511
forecast_4330,2025-06-30 10:00:00,3888.0001544952393,3888.0001544952393,3678.608809846352
forecast_4331,2025-06-30 11:00:00,3888.0001544952393,3672.00003862381,3075.6591598243763
forecast_4332,2025-06-30 12:00:00,3888.0001544952393,3348.0000257492065,2159.857891373027
forecast_4333,2025-06-30 13:00:00,3888.0001544952393,3455.9999227523804,2703.0862187726616
forecast_4334,2025-06-30 14:00:00,4320.000064373016,4320.000064373016,2829.2300533224243
forecast_4335,2025-06-30 15:00:00,4859.999871253967,5075.999987125397,3333.119212563572
forecast_4336,2025-06-30 16:00:00,6696.000051498413,5615.999794006348,4262.798109466148
forecast_4337,2025-06-30 17:00:00,6696.000051498413,6480.000257492065,4684.831946318252
forecast_4338,2025-06-30 18:00:00,9503.999948501587,7776.0003089904785,5748.046394051048
forecast_4339,2025-06-30 19:00:00,10800.0,8640.000128746033,7193.243852441644
forecast_4340,2025-06-30 20:00:00,11339.99948501587,10044.00007724762,8270.610026729633
forecast_4341,2025-06-30 21:00:00,12960.00051498413,11447.999382019043,9636.272639700092
forecast_4342,2025-06-30 22:00:00,14256.000566482544,13715.999794006348,11450.60317686961
forecast_4343,2025-06-30 23:00:00,13500.0,13715.999794006348,12289.248555811286
forecast_4344,2025-07-01 00:00:00,13500.0,13284.000205993652,10738.065666353375
forecast_4345,2025-07-01 01:00:00,10151.999974250793,11772.000360488892,8102.73571958186
forecast_4346,2025-07-01 02:00:00,10151.999974250793,13284.000205993652,8403.044787693572
forecast_4347,2025-07-01 03:00:00,10259.999871253967,12096.000051498413,8493.350978917224
forecast_4348,2025-07-01 04:00:00,10151.999974250793,12311.99984550476,8872.052617425497
forecast_4349,2025-07-01 05:00:00,11339.99948501587,13607.999897003174,10222.367786176334
forecast_4350,2025-07-01 06:00:00,13500.0,12852.000617980957,8648.296188583088
forecast_4351,2025-07-01 07:00:00,9503.999948501587,10692.000102996826,6751.651028673233
forecast_4352,2025-07-01 08:00:00,9828.000283241272,11339.99948501587,6425.26755584733
forecast_4353,2025-07-01 09:00:00,9828.000283241272,9719.999742507935,6651.944599489858
forecast_4354,2025-07-01 10:00:00,5615.999794006348,7776.0003089904785,5400.859734715943
forecast_4355,2025-07-01 11:00:00,5615.999794006348,7128.000283241272,4526.578755722917
forecast_4356,2025-07-01 12:00:00,6371.999716758728,6048.0000257492065,5373.323827559154
forecast_4357,2025-07-01 13:00:00,6911.999845504761,6588.000154495239,4728.1940302982375
forecast_4358,2025-07-01 14:00:00,6371.999716758728,5615.999794006348,4979.152159526413
forecast_4359,2025-07-01 15:00:00,5615.999794006348,5292.000102996826,4227.592889813066
forecast_4360,2025-07-01 16:00:00,5940.000128746033,5075.999987125397,3625.56049020914
forecast_4361,2025-07-01 17:00:00,5075.999987125397,5075.999987125397,3766.328302671217
forecast_4362,2025-07-01 18:00:00,5075.999987125397,5075.999987125397,4191.720253676959
forecast_4363,2025-07-01 19:00:00,6696.000051498413,7884.000205993652,5777.047153355846
forecast_4364,2025-07-01 20:00:00,6696.000051498413,8963.999819755554,6421.260157366976
forecast_4365,2025-07-01 21:00:00,12635.999536514282,11231.999588012695,7622.806216428303
forecast_4366,2025-07-01 22:00:00,12635.999536514282,11772.000360488892,8910.301964700879
forecast_4367,2025-07-01 23:00:00,12960.00051498413,14580.000257492065,10359.774362215168
forecast_4368,2025-07-02 00:00:00,14688.00015449524,14472.000360488892,12723.759771379748
forecast_4369,2025-07-02 01:00:00,14688.00015449524,15443.999433517456,12532.562731219354
forecast_4370,2025-07-02 02:00:00,16092.000102996826,16739.99948501587,14000.123423942629
forecast_4371,2025-07-02 03:00:00,16092.000102996826,16739.99948501587,14399.665352189755
forecast_4372,2025-07-02 04:00:00,15768.000411987305,16739.99948501587,14021.407129761248
forecast_4373,2025-07-02 05:00:00,15335.999536514282,16739.99948501587,14428.84908926244
forecast_4374,2025-07-02 06:00:00,15768.000411987305,16739.99948501587,13361.039933640184
forecast_4375,2025-07-02 07:00:00,15768.000411987305,16307.999897003174,14058.303885807203
forecast_4376,2025-07-02 08:00:00,15552.000617980957,15335.999536514282,14350.571653740511
forecast_4377,2025-07-02 09:00:00,13500.0,12635.999536514282,10950.41002799167
forecast_4378,2025-07-02 10:00:00,10692.000102996826,10044.00007724762,8311.67267433535
forecast_4379,2025-07-02 11:00:00,7776.0003089904785,7451.9999742507935,5891.498585475622
forecast_4380,2025-07-02 12:00:00,7451.9999742507935,6588.000154495239,5588.714231576275
forecast_4381,2025-07-02 13:00:00,8855.99992275238,5832.000231742859,4797.540824184053
forecast_4382,2025-07-02 14:00:00,6696.000051498413,5615.999794006348,4517.349981362308
forecast_4383,2025-07-02 15:00:00,6371.999716758728,5615.999794006348,4316.909879815741
forecast_4384,2025-07-02 16:00:00,5615.999794006348,4644.00007724762,3449.4617879060847
forecast_4385,2025-07-02 17:00:00,4320.000064373016,3996.000051498413,3119.612663020605
forecast_4386,2025-07-02 18:00:00,5615.999794006348,3996.000051498413,3686.3511517918364
forecast_4387,2025-07-02 19:00:00,4320.000064373016,3888.0001544952393,3753.4425376929667
forecast_4388,2025-07-02 20:00:00,5075.999987125397,6480.000257492065,4452.374009392456
forecast_4389,2025-07-02 21:00:00,5615.999794006348,7776.0003089904785,5637.7993215714605
forecast_4390,2025-07-02 22:00:00,9396.000051498413,9936.000180244446,6656.648895746635
forecast_4391,2025-07-02 23:00:00,10044.00007724762,10692.000102996826,7231.380093254446
forecast_4392,2025-07-03 00:00:00,12852.000617980957,11447.999382019043,8176.903022580675
forecast_4393,2025-07-03 01:00:00,13284.000205993652,12960.00051498413,8383.518754286239
forecast_4394,2025-07-03 02:00:00,15227.999639511108,14364.000463485718,10134.028398186423
forecast_4395,2025-07-03 03:00:00,15876.000308990479,15227.999639511108,11904.90369970582
forecast_4396,2025-07-03 04:00:00,14688.00015449524,15876.000308990479,12416.650657689406
forecast_4397,2025-07-03 05:00:00,14688.00015449524,16307.999897003174,13140.461509481367
forecast_4398,2025-07-03 06:00:00,14688.00015449524,15768.000411987305,11924.056532388528
forecast_4399,2025-07-03 07:00:00,13500.0,14039.99948501587,10804.794572744728
forecast_4400,2025-07-03 08:00:00,14688.00015449524,14256.000566482544,11423.84714344432
forecast_4401,2025-07-03 09:00:00,14580.000257492065,14039.99948501587,11641.007934026306
forecast_4402,2025-07-03 10:00:00,11988.00015449524,10907.999897003174,10334.352121500864
forecast_4403,2025-07-03 11:00:00,11772.000360488892,9071.999716758728,8486.801386332167
forecast_4404,2025-07-03 12:00:00,10259.999871253967,7559.999871253967,6651.891687833325
forecast_4405,2025-07-03 13:00:00,10692.000102996826,7451.9999742507935,6613.303297823028
forecast_4406,2025-07-03 14:00:00,10259.999871253967,7451.9999742507935,6914.482335144316
forecast_4407,2025-07-03 15:00:00,11556.000566482544,8532.000231742859,8091.274031715713
forecast_4408,2025-07-03 16:00:00,11556.000566482544,8315.999794006348,8066.720707160566
forecast_4409,2025-07-03 17:00:00,10692.000102996826,8315.999794006348,7515.040768589748
forecast_4410,2025-07-03 18:00:00,10692.000102996826,8640.000128746033,8074.057341134868
forecast_4411,2025-07-03 19:00:00,11447.999382019043,9611.99984550476,8729.299905441538
forecast_4412,2025-07-03 20:00:00,13392.000102996826,11447.999382019043,9519.804032591714
forecast_4413,2025-07-03 21:00:00,14580.000257492065,13176.000308990479,10817.55542029112
forecast_4414,2025-07-03 22:00:00,17064.000463485718,14688.00015449524,12078.55739903962
forecast_4415,2025-07-03 23:00:00,12311.99984550476,15660.00051498413,11674.01351352108
forecast_4416,2025-07-04 00:00:00,15984.000205993652,16847.999382019043,14490.184250166876
forecast_4417,2025-07-04 01:00:00,16092.000102996826,16739.99948501587,14332.213925604638
forecast_4418,2025-07-04 02:00:00,17172.00036048889,16847.999382019043,14861.029275539686
forecast_4419,2025-07-04 03:00:00,15660.00051498413,17388.00015449524,16290.58732811435
forecast_4420,2025-07-04 04:00:00,19331.999588012695,17603.999948501587,16356.812872248913
forecast_4421,2025-07-04 05:00:00,19547.999382019043,17603.999948501587,16579.459233476548
forecast_4422,2025-07-04 06:00:00,19331.999588012695,17172.00036048889,16504.715765189987
forecast_4423,2025-07-04 07:00:00,16092.000102996826,17388.00015449524,16176.875921681149
forecast_4424,2025-07-04 08:00:00,16092.000102996826,16847.999382019043,16625.472809130966
forecast_4425,2025-07-04 09:00:00,16092.000102996826,16307.999897003174,15561.181580280783
forecast_4426,2025-07-04 10:00:00,16092.000102996826,16092.000102996826,14629.665565389356
forecast_4427,2025-07-04 11:00:00,16092.000102996826,15876.000308990479,15156.069331436478
forecast_4428,2025-07-04 12:00:00,15660.00051498413,15660.00051498413,14846.792221669986
forecast_4429,2025-07-04 13:00:00,15660.00051498413,15660.00051498413,14272.966885057736
forecast_4430,2025-07-04 14:00:00,15660.00051498413,15984.000205993652,14725.307852146601
forecast_4431,2025-07-04 15:00:00,16092.000102996826,16092.000102996826,14863.456041314801
forecast_4432,2025-07-04 16:00:00,15768.000411987305,15984.000205993652,14755.181715929286
forecast_4433,2025-07-04 17:00:00,15660.00051498413,16092.000102996826,15011.325440285646
forecast_4434,2025-07-04 18:00:00,15660.00051498413,15768.000411987305,15277.088842360125
forecast_4435,2025-07-04 19:00:00,15552.000617980957,15984.000205993652,16552.59329452745
forecast_4436,2025-07-04 20:00:00,15660.00051498413,15876.000308990479,16772.21111562473
forecast_4437,2025-07-04 21:00:00,16092.000102996826,16739.99948501587,17111.412383230654
forecast_4438,2025-07-04 22:00:00,16092.000102996826,17603.999948501587,17781.412855315382
forecast_4439,2025-07-04 23:00:00,19656.000566482544,17927.99963951111,18206.830259100043
forecast_4440,2025-07-05 00:00:00,19547.999382019043,17819.999742507935,17743.163279382956
forecast_4441,2025-07-05 01:00:00,15119.999742507935,17280.000257492065,16327.302021092944
forecast_4442,2025-07-05 02:00:00,15119.999742507935,17280.000257492065,15945.56349639814
forecast_4443,2025-07-05 03:00:00,15119.999742507935,16847.999382019043,15212.11351166254
forecast_4444,2025-07-05 04:00:00,15119.999742507935,16631.999588012695,15007.058257973984
forecast_4445,2025-07-05 05:00:00,15660.00051498413,16847.999382019043,14740.635322566506
forecast_4446,2025-07-05 06:00:00,15660.00051498413,15660.00051498413,13596.192427030825
forecast_4447,2025-07-05 07:00:00,15660.00051498413,15660.00051498413,14419.812083369085
forecast_4448,2025-07-05 08:00:00,15660.00051498413,15768.000411987305,14261.54532835327
forecast_4449,2025-07-05 09:00:00,14688.00015449524,15227.999639511108,12942.214015860443
forecast_4450,2025-07-05 10:00:00,13392.000102996826,12743.999433517456,11267.643654808013
forecast_4451,2025-07-05 11:00:00,11988.00015449524,10692.000102996826,9478.58118568721
forecast_4452,2025-07-05 12:00:00,11556.000566482544,9288.00015449524,8673.599239616726
forecast_4453,2025-07-05 13:00:00,11988.00015449524,9396.000051498413,8904.731369667807
forecast_4454,2025-07-05 14:00:00,14256.000566482544,9611.99984550476,9746.40253809368
forecast_4455,2025-07-05 15:00:00,14256.000566482544,9719.999742507935,9926.001511908516
forecast_4456,2025-07-05 16:00:00,14256.000566482544,10367.999768257141,10214.054578501502
forecast_4457,2025-07-05 17:00:00,14472.000360488892,10692.000102996826,9853.614109921828
forecast_4458,2025-07-05 18:00:00,14256.000566482544,10259.999871253967,10092.53246629766
forecast_4459,2025-07-05 19:00:00,15552.000617980957,11880.000257492065,12013.06088528318
forecast_4460,2025-07-05 20:00:00,15660.00051498413,14147.999382019043,12919.765735294472
forecast_4461,2025-07-05 21:00:00,16092.000102996826,15984.000205993652,15148.693387135056
forecast_4462,2025-07-05 22:00:00,15660.00051498413,16847.999382019043,16357.60990683389
forecast_4463,2025-07-05 23:00:00,16092.000102996826,16847.999382019043,16332.98720971884
forecast_4464,2025-07-06 00:00:00,16847.999382019043,17064.000463485718,16421.617556023073
forecast_4465,2025-07-06 01:00:00,19547.999382019043,17388.00015449524,16450.77679092688
forecast_4466,2025-07-06 02:00:00,19547.999382019043,17388.00015449524,16849.10172570919
forecast_4467,2025-07-06 03:00:00,19547.999382019043,17388.00015449524,16669.03513901025
forecast_4468,2025-07-06 04:00:00,19980.000257492065,17388.00015449524,16937.10612258675
forecast_4469,2025-07-06 05:00:00,19547.999382019043,17280.000257492065,16930.458920214263
forecast_4470,2025-07-06 06:00:00,16200.0,16847.999382019043,16302.68397306447
forecast_4471,2025-07-06 07:00:00,16092.000102996826,16847.999382019043,16015.741925746515
forecast_4472,2025-07-06 08:00:00,15660.00051498413,15984.000205993652,14757.084728067748
forecast_4473,2025-07-06 09:00:00,14580.000257492065,14472.000360488892,13025.18343592124
forecast_4474,2025-07-06 10:00:00,11556.000566482544,11447.999382019043,9901.972520049443
forecast_4475,2025-07-06 11:00:00,10259.999871253967,9071.999716758728,8328.140738882474
forecast_4476,2025-07-06 12:00:00,8855.99992275238,7019.999742507935,6057.62974102305
forecast_4477,2025-07-06 13:00:00,5183.999884128571,5615.999794006348,4906.7796311047705
forecast_4478,2025-07-06 14:00:00,5615.999794006348,4751.9999742507935,3778.691766195962
forecast_4479,2025-07-06 15:00:00,3888.0001544952393,3996.000051498413,3131.916598590214
forecast_4480,2025-07-06 16:00:00,3888.0001544952393,3888.0001544952393,3528.1074209921658
forecast_4481,2025-07-06 17:00:00,3888.0001544952393,3888.0001544952393,4007.376648292004
forecast_4482,2025-07-06 18:00:00,4211.999845504761,3888.0001544952393,3974.774039998533
forecast_4483,2025-07-06 19:00:00,7344.00007724762,4535.999858379364,4888.0604577070935
forecast_4484,2025-07-06 20:00:00,10259.999871253967,7019.999742507935,6347.472479562993
forecast_4485,2025-07-06 21:00:00,10907.999897003174,9071.999716758728,7812.187105055216
forecast_4486,2025-07-06 22:00:00,13500.0,11988.00015449524,8923.18744096448
forecast_4487,2025-07-06 23:00:00,13500.0,12096.000051498413,9114.793207633124
forecast_4488,2025-07-07 00:00:00,15119.999742507935,11772.000360488892,8981.480025508901
forecast_4489,2025-07-07 01:00:00,13500.0,11123.999691009521,7899.685134856975
forecast_4490,2025-07-07 02:00:00,13500.0,11339.99948501587,8215.07181689537
forecast_4491,2025-07-07 03:00:00,12419.999742507935,10476.000308990479,7988.517363457951
forecast_4492,2025-07-07 04:00:00,10044.00007724762,8748.000025749207,5892.747864066462
forecast_4493,2025-07-07 05:00:00,4751.9999742507935,4427.99996137619,3672.131491353801
forecast_4494,2025-07-07 06:00:00,3996.000051498413,3888.0001544952393,2853.4476766559505
forecast_4495,2025-07-07 07:00:00,3996.000051498413,3888.0001544952393,2961.3028931733134
forecast_4496,2025-07-07 08:00:00,3779.9999356269836,3564.000141620636,2497.1689374097377
forecast_4497,2025-07-07 09:00:00,3455.9999227523804,3348.0000257492065,2234.269725357698
forecast_4498,2025-07-07 10:00:00,3779.9999356269836,3131.999909877777,2206.608840272236
forecast_4499,2025-07-07 11:00:00,3779.9999356269836,2916.0001158714294,1927.7919227438776
forecast_4500,2025-07-07 12:00:00,3779.9999356269836,2700.0,1962.9056779500909
forecast_4501,2025-07-07 13:00:00,3455.9999227523804,2807.999897003174,2086.405401959946
forecast_4502,2025-07-07 14:00:00,3779.9999356269836,2807.999897003174,2089.006251826996
forecast_4503,2025-07-07 15:00:00,3348.0000257492065,2916.0001158714294,1955.6357965203824
forecast_4504,2025-07-07 16:00:00,3348.0000257492065,2916.0001158714294,2298.28652544784
forecast_4505,2025-07-07 17:00:00,3455.9999227523804,2916.0001158714294,2064.1692949102835
forecast_4506,2025-07-07 18:00:00,3348.0000257492065,2916.0001158714294,1983.5139384605293
forecast_4507,2025-07-07 19:00:00,3455.9999227523804,3240.0001287460327,2444.966553761952
forecast_4508,2025-07-07 20:00:00,3455.9999227523804,3240.0001287460327,2523.3576388980746
forecast_4509,2025-07-07 21:00:00,3455.9999227523804,2916.0001158714294,2441.6558275299712
forecast_4510,2025-07-07 22:00:00,3564.000141620636,3024.0000128746033,2769.736074380178
forecast_4511,2025-07-07 23:00:00,3564.000141620636,3024.0000128746033,2738.6216009495683
forecast_4512,2025-07-08 00:00:00,3455.9999227523804,3024.0000128746033,2572.049671186064
forecast_4513,2025-07-08 01:00:00,3888.0001544952393,3024.0000128746033,2293.4215628851475
forecast_4514,2025-07-08 02:00:00,3779.9999356269836,3024.0000128746033,2244.133081613538
forecast_4515,2025-07-08 03:00:00,3888.0001544952393,3131.999909877777,2325.73001926783
forecast_4516,2025-07-08 04:00:00,3564.000141620636,3348.0000257492065,2396.022551704407
forecast_4517,2025-07-08 05:00:00,3779.9999356269836,3455.9999227523804,2585.607555915512
forecast_4518,2025-07-08 06:00:00,3455.9999227523804,3240.0001287460327,2750.573307644732
forecast_4519,2025-07-08 07:00:00,3455.9999227523804,3024.0000128746033,2499.3843327691416
forecast_4520,2025-07-08 08:00:00,3779.9999356269836,2916.0001158714294,2161.018645675658
forecast_4521,2025-07-08 09:00:00,3779.9999356269836,2700.0,1893.56491844466
forecast_4522,2025-07-08 10:00:00,3779.9999356269836,2484.0000450611115,2063.772677831018
forecast_4523,2025-07-08 11:00:00,3779.9999356269836,2484.0000450611115,1941.8302527381463
forecast_4524,2025-07-08 12:00:00,3779.9999356269836,2484.0000450611115,1867.740450491548
forecast_4525,2025-07-08 13:00:00,3455.9999227523804,2700.0,2202.5186909920567
forecast_4526,2025-07-08 14:00:00,3779.9999356269836,2700.0,1945.713952128828
forecast_4527,2025-07-08 15:00:00,3455.9999227523804,2700.0,2179.1106908718693
forecast_4528,2025-07-08 16:00:00,3779.9999356269836,2807.999897003174,2177.540438365246
forecast_4529,2025-07-08 17:00:00,3779.9999356269836,2916.0001158714294,2365.9795612301746
forecast_4530,2025-07-08 18:00:00,3779.9999356269836,2916.0001158714294,2487.2059055136447
forecast_4531,2025-07-08 19:00:00,3564.000141620636,3131.999909877777,2845.0420467874046
forecast_4532,2025-07-08 20:00:00,3672.00003862381,3455.9999227523804,2796.2030190658534
forecast_4533,2025-07-08 21:00:00,3888.0001544952393,3455.9999227523804,3055.740024849151
forecast_4534,2025-07-08 22:00:00,3779.9999356269836,3455.9999227523804,3022.076858540556
forecast_4535,2025-07-08 23:00:00,3779.9999356269836,3564.000141620636,2761.352847305248
forecast_4536,2025-07-09 00:00:00,3779.9999356269836,3564.000141620636,2806.262437506351
forecast_4537,2025-07-09 01:00:00,3779.9999356269836,3348.0000257492065,2346.444673779132
forecast_4538,2025-07-09 02:00:00,3888.0001544952393,3348.0000257492065,2271.1810755959746
forecast_4539,2025-07-09 03:00:00,3888.0001544952393,3348.0000257492065,2433.627843870602
forecast_4540,2025-07-09 04:00:00,3779.9999356269836,3348.0000257492065,2478.370341657899
forecast_4541,2025-07-09 05:00:00,3888.0001544952393,3455.9999227523804,2474.246525167198
forecast_4542,2025-07-09 06:00:00,3888.0001544952393,3564.000141620636,2539.458227646136
forecast_4543,2025-07-09 07:00:00,3779.9999356269836,3455.9999227523804,2544.070799094601
forecast_4544,2025-07-09 08:00:00,3455.9999227523804,3455.9999227523804,2331.5442249593566
forecast_4545,2025-07-09 09:00:00,3455.9999227523804,3348.0000257492065,2135.025360818134
forecast_4546,2025-07-09 10:00:00,3455.9999227523804,2916.0001158714294,1949.3063690496238
forecast_4547,2025-07-09 11:00:00,3455.9999227523804,3024.0000128746033,1922.707704244778
forecast_4548,2025-07-09 12:00:00,3455.9999227523804,2916.0001158714294,1971.8770951719391
forecast_4549,2025-07-09 13:00:00,3455.9999227523804,2807.999897003174,1834.2702916484404
forecast_4550,2025-07-09 14:00:00,3564.000141620636,2916.0001158714294,1959.2531068746869
forecast_4551,2025-07-09 15:00:00,3455.9999227523804,2916.0001158714294,2155.1321233777708
forecast_4552,2025-07-09 16:00:00,3455.9999227523804,2807.999897003174,2113.7104874943807
forecast_4553,2025-07-09 17:00:00,3564.000141620636,2916.0001158714294,2064.461154098931
forecast_4554,2025-07-09 18:00:00,3455.9999227523804,3024.0000128746033,2133.006339178437
forecast_4555,2025-07-09 19:00:00,3672.00003862381,3240.0001287460327,1949.6701998935678
forecast_4556,2025-07-09 20:00:00,3779.9999356269836,3564.000141620636,2102.6206594386576
forecast_4557,2025-07-09 21:00:00,3888.0001544952393,3888.0001544952393,2143.634540720904
forecast_4558,2025-07-09 22:00:00,3888.0001544952393,3888.0001544952393,2427.042960224848
forecast_4559,2025-07-09 23:00:00,3888.0001544952393,3888.0001544952393,2600.643648796126
forecast_4560,2025-07-10 00:00:00,3888.0001544952393,3996.000051498413,2741.1219313770393
forecast_4561,2025-07-10 01:00:00,3888.0001544952393,3996.000051498413,2503.8711297739464
forecast_4562,2025-07-10 02:00:00,3888.0001544952393,3996.000051498413,2375.585488353454
forecast_4563,2025-07-10 03:00:00,3888.0001544952393,3996.000051498413,2495.5570748387586
forecast_4564,2025-07-10 04:00:00,3888.0001544952393,3996.000051498413,2836.290586997913
forecast_4565,2025-07-10 05:00:00,4211.999845504761,4644.00007724762,2795.3619490967926
forecast_4566,2025-07-10 06:00:00,3888.0001544952393,5075.999987125397,2992.359981720625
forecast_4567,2025-07-10 07:00:00,4211.999845504761,5400.0,3395.960720643437
forecast_4568,2025-07-10 08:00:00,5723.9996910095215,6803.999948501587,3848.509339690317
forecast_4569,2025-07-10 09:00:00,6803.999948501587,6911.999845504761,3935.331916002912
forecast_4570,2025-07-10 10:00:00,5292.000102996826,5292.000102996826,4177.445013517577
forecast_4571,2025-07-10 11:00:00,3888.0001544952393,5183.999884128571,3980.798359980533
forecast_4572,2025-07-10 12:00:00,3888.0001544952393,5183.999884128571,3302.4999900040702
forecast_4573,2025-07-10 13:00:00,3888.0001544952393,4644.00007724762,3174.0282467011352
forecast_4574,2025-07-10 14:00:00,3888.0001544952393,4644.00007724762,3132.707997323721
forecast_4575,2025-07-10 15:00:00,3888.0001544952393,4644.00007724762,3222.3937748028293
forecast_4576,2025-07-10 16:00:00,3888.0001544952393,4644.00007724762,3164.115899748464
forecast_4577,2025-07-10 17:00:00,3888.0001544952393,4644.00007724762,2916.9279174641583
forecast_4578,2025-07-10 18:00:00,3888.0001544952393,4644.00007724762,3396.8775956355207
forecast_4579,2025-07-10 19:00:00,5292.000102996826,5723.9996910095215,3587.764863778032
forecast_4580,2025-07-10 20:00:00,5723.9996910095215,6480.000257492065,3558.331743503647
forecast_4581,2025-07-10 21:00:00,6480.000257492065,7667.999768257141,4064.196306562055
forecast_4582,2025-07-10 22:00:00,7019.999742507935,8640.000128746033,5003.589920963323
forecast_4583,2025-07-10 23:00:00,7019.999742507935,8640.000128746033,4944.018103397248
forecast_4584,2025-07-11 00:00:00,7019.999742507935,8640.000128746033,5194.7403342913685
forecast_4585,2025-07-11 01:00:00,7451.9999742507935,8532.000231742859,4422.542960797626
forecast_4586,2025-07-11 02:00:00,6480.000257492065,8532.000231742859,4703.498272225944
forecast_4587,2025-07-11 03:00:00,7451.9999742507935,8855.99992275238,4631.11069324226
forecast_4588,2025-07-11 04:00:00,7019.999742507935,9071.999716758728,4867.816938963605
forecast_4589,2025-07-11 05:00:00,7451.9999742507935,9180.000257492065,5143.428934817788
forecast_4590,2025-07-11 06:00:00,6588.000154495239,8640.000128746033,4742.333832582961
forecast_4591,2025-07-11 07:00:00,7019.999742507935,9288.00015449524,5516.3287403118975
forecast_4592,2025-07-11 08:00:00,7451.9999742507935,9288.00015449524,5485.3473375438225
forecast_4593,2025-07-11 09:00:00,7667.999768257141,9503.999948501587,5565.493079298125
forecast_4594,2025-07-11 10:00:00,6911.999845504761,8100.0,4122.563138673743
forecast_4595,2025-07-11 11:00:00,6803.999948501587,7019.999742507935,4410.529809133763
forecast_4596,2025-07-11 12:00:00,6911.999845504761,7019.999742507935,4507.272737173396
forecast_4597,2025-07-11 13:00:00,5723.9996910095215,6155.99992275238,4167.49263047491
forecast_4598,2025-07-11 14:00:00,3888.0001544952393,5183.999884128571,3574.42878670855
forecast_4599,2025-07-11 15:00:00,3888.0001544952393,4751.9999742507935,3321.0941708715936
forecast_4600,2025-07-11 16:00:00,3888.0001544952393,4644.00007724762,3138.007621091993
forecast_4601,2025-07-11 17:00:00,3888.0001544952393,4644.00007724762,3150.2706480481565
forecast_4602,2025-07-11 18:00:00,6803.999948501587,5292.000102996826,3234.419518289195
forecast_4603,2025-07-11 19:00:00,6480.000257492065,5940.000128746033,3330.3613503588117
forecast_4604,2025-07-11 20:00:00,6480.000257492065,6803.999948501587,3611.468558086077
forecast_4605,2025-07-11 21:00:00,7451.9999742507935,7451.9999742507935,3964.978522534851
forecast_4606,2025-07-11 22:00:00,7019.999742507935,7884.000205993652,4394.271337751537
forecast_4607,2025-07-11 23:00:00,7451.9999742507935,7992.000102996826,4400.187920558923
forecast_4608,2025-07-12 00:00:00,7019.999742507935,7776.0003089904785,4379.716917320321
forecast_4609,2025-07-12 01:00:00,6155.99992275238,7236.000180244446,3596.330986623202
forecast_4610,2025-07-12 02:00:00,5723.9996910095215,6263.999819755554,3422.8271883534885
forecast_4611,2025-07-12 03:00:00,4644.00007724762,5183.999884128571,3327.974601625578
forecast_4612,2025-07-12 04:00:00,4211.999845504761,5183.999884128571,3147.2769746854806
forecast_4613,2025-07-12 05:00:00,4427.99996137619,4535.999858379364,2833.8045052829893
forecast_4614,2025-07-12 06:00:00,4320.000064373016,4535.999858379364,2676.760528669038
forecast_4615,2025-07-12 07:00:00,3888.0001544952393,4427.99996137619,2743.1001581411333
forecast_4616,2025-07-12 08:00:00,3888.0001544952393,3888.0001544952393,2529.689274070964
forecast_4617,2025-07-12 09:00:00,3888.0001544952393,3564.000141620636,2289.122508284428
forecast_4618,2025-07-12 10:00:00,3455.9999227523804,3131.999909877777,2005.793358931569
forecast_4619,2025-07-12 11:00:00,3455.9999227523804,2916.0001158714294,1815.5687242804227
forecast_4620,2025-07-12 12:00:00,3455.9999227523804,2807.999897003174,1835.672252792949
forecast_4621,2025-07-12 13:00:00,3455.9999227523804,2591.9999420642853,1822.905625360947
forecast_4622,2025-07-12 14:00:00,3672.00003862381,2700.0,1943.202739659105
forecast_4623,2025-07-12 15:00:00,3455.9999227523804,2700.0,1846.7261680250333
forecast_4624,2025-07-12 16:00:00,3455.9999227523804,2591.9999420642853,2153.6636557574247
forecast_4625,2025-07-12 17:00:00,3455.9999227523804,2700.0,2062.139295359008
forecast_4626,2025-07-12 18:00:00,3888.0001544952393,2591.9999420642853,2420.6559773177537
forecast_4627,2025-07-12 19:00:00,3888.0001544952393,3024.0000128746033,2478.867011255835
forecast_4628,2025-07-12 20:00:00,3888.0001544952393,3131.999909877777,2560.675206144412
forecast_4629,2025-07-12 21:00:00,3888.0001544952393,3672.00003862381,2934.76223991621
forecast_4630,2025-07-12 22:00:00,3888.0001544952393,3888.0001544952393,3364.6955093385304
forecast_4631,2025-07-12 23:00:00,3888.0001544952393,3672.00003862381,3091.340984961481
forecast_4632,2025-07-13 00:00:00,3996.000051498413,3888.0001544952393,3153.815177893659
forecast_4633,2025-07-13 01:00:00,4103.999948501587,3888.0001544952393,3166.5774246315464
forecast_4634,2025-07-13 02:00:00,4211.999845504761,3888.0001544952393,3404.1431984778314
forecast_4635,2025-07-13 03:00:00,3996.000051498413,3888.0001544952393,3307.120565609529
forecast_4636,2025-07-13 04:00:00,3888.0001544952393,3779.9999356269836,2966.8430301674293
forecast_4637,2025-07-13 05:00:00,3888.0001544952393,3672.00003862381,2950.9152381374843
forecast_4638,2025-07-13 06:00:00,3888.0001544952393,3455.9999227523804,2774.9737986161826
forecast_4639,2025-07-13 07:00:00,3888.0001544952393,3672.00003862381,2937.7595521004496
forecast_4640,2025-07-13 08:00:00,3455.9999227523804,3348.0000257492065,2750.938468997205
forecast_4641,2025-07-13 09:00:00,3779.9999356269836,3240.0001287460327,2585.4674172867394
forecast_4642,2025-07-13 10:00:00,3455.9999227523804,3348.0000257492065,2560.3467976422257
forecast_4643,2025-07-13 11:00:00,3779.9999356269836,3348.0000257492065,2187.6995845913984
forecast_4644,2025-07-13 12:00:00,3779.9999356269836,3024.0000128746033,2431.9607169733586
forecast_4645,2025-07-13 13:00:00,3779.9999356269836,3024.0000128746033,2057.095536167443
forecast_4646,2025-07-13 14:00:00,3779.9999356269836,3240.0001287460327,2493.8049944625827
forecast_4647,2025-07-13 15:00:00,3779.9999356269836,3131.999909877777,2069.3389548584023
forecast_4648,2025-07-13 16:00:00,3888.0001544952393,3131.999909877777,1940.507317640352
forecast_4649,2025-07-13 17:00:00,3888.0001544952393,3672.00003862381,2707.8006490509656
forecast_4650,2025-07-13 18:00:00,3996.000051498413,3888.0001544952393,2545.9362769809327
forecast_4651,2025-07-13 19:00:00,4211.999845504761,3888.0001544952393,3501.282366050736
forecast_4652,2025-07-13 20:00:00,4211.999845504761,3888.0001544952393,3500.0061956205373
forecast_4653,2025-07-13 21:00:00,3888.0001544952393,3779.9999356269836,2665.989146991681
forecast_4654,2025-07-13 22:00:00,3888.0001544952393,3888.0001544952393,4499.143213323493
forecast_4655,2025-07-13 23:00:00,3888.0001544952393,4644.00007724762,3986.751419162551
forecast_4656,2025-07-14 00:00:00,4320.000064373016,4968.000090122223,5150.547774857807
forecast_4657,2025-07-14 01:00:00,4320.000064373016,6263.999819755554,6391.235602986772
forecast_4658,2025-07-14 02:00:00,4320.000064373016,5075.999987125397,5030.999153437196
forecast_4659,2025-07-14 03:00:00,5832.000231742859,8207.999897003174,6871.47876996932
forecast_4660,2025-07-14 04:00:00,4320.000064373016,6263.999819755554,5351.219476763863
forecast_4661,2025-07-14 05:00:00,5615.999794006348,6696.000051498413,5104.105849434971
forecast_4662,2025-07-14 06:00:00,6048.0000257492065,6588.000154495239,4776.550695591967
forecast_4663,2025-07-14 07:00:00,4320.000064373016,6803.999948501587,4977.159332220765
forecast_4664,2025-07-14 08:00:00,5615.999794006348,5615.999794006348,4894.4317431959125
forecast_4665,2025-07-14 09:00:00,5723.9996910095215,6588.000154495239,5250.021438537069
forecast_4666,2025-07-14 10:00:00,4320.000064373016,5723.9996910095215,4668.722380856002
forecast_4667,2025-07-14 11:00:00,5723.9996910095215,6696.000051498413,4863.567114799012
forecast_4668,2025-07-14 12:00:00,4320.000064373016,5400.0,4921.671041064035
forecast_4669,2025-07-14 13:00:00,4320.000064373016,5723.9996910095215,5310.901225907707
forecast_4670,2025-07-14 14:00:00,4320.000064373016,5940.000128746033,5196.212570063381
forecast_4671,2025-07-14 15:00:00,4320.000064373016,6480.000257492065,5248.435696070388
forecast_4672,2025-07-14 16:00:00,6480.000257492065,6911.999845504761,6064.87194788668
forecast_4673,2025-07-14 17:00:00,6911.999845504761,6803.999948501587,5183.089889421373
forecast_4674,2025-07-14 18:00:00,5723.9996910095215,6588.000154495239,5526.579238675909
forecast_4675,2025-07-14 19:00:00,6048.0000257492065,7128.000283241272,5327.677137775338
forecast_4676,2025-07-14 20:00:00,6263.999819755554,7128.000283241272,5378.639103038154
forecast_4677,2025-07-14 21:00:00,5832.000231742859,8100.0,5730.547653915952
forecast_4678,2025-07-14 22:00:00,5832.000231742859,7128.000283241272,5592.657944200517
forecast_4679,2025-07-14 23:00:00,4644.00007724762,6911.999845504761,6014.303807903815
forecast_4680,2025-07-15 00:00:00,5940.000128746033,6911.999845504761,6358.1957754702125
forecast_4681,2025-07-15 01:00:00,13068.000411987305,10367.999768257141,9352.915119783604
forecast_4682,2025-07-15 02:00:00,13392.000102996826,10367.999768257141,9991.529666412054
forecast_4683,2025-07-15 03:00:00,13068.000411987305,10259.999871253967,9259.19179964122
forecast_4684,2025-07-15 04:00:00,13500.0,11339.99948501587,9273.961583181175
forecast_4685,2025-07-15 05:00:00,13500.0,11772.000360488892,9077.259034401435
forecast_4686,2025-07-15 06:00:00,13500.0,11339.99948501587,8557.85411834683
forecast_4687,2025-07-15 07:00:00,7451.9999742507935,9828.000283241272,7400.575486726422
forecast_4688,2025-07-15 08:00:00,6048.0000257492065,8100.0,6523.301552293195
forecast_4689,2025-07-15 09:00:00,9396.000051498413,7992.000102996826,7599.006127724475
forecast_4690,2025-07-15 10:00:00,5400.0,5400.0,5385.771415313488
forecast_4691,2025-07-15 11:00:00,4320.000064373016,5183.999884128571,4946.943092897602
forecast_4692,2025-07-15 12:00:00,3888.0001544952393,4751.9999742507935,4629.08930579238
forecast_4693,2025-07-15 13:00:00,3996.000051498413,4103.999948501587,4106.568119518968
forecast_4694,2025-07-15 14:00:00,3888.0001544952393,4535.999858379364,4323.824323063552
forecast_4695,2025-07-15 15:00:00,3888.0001544952393,5075.999987125397,4654.200139460128
forecast_4696,2025-07-15 16:00:00,4968.000090122223,4968.000090122223,4676.95552278054
forecast_4697,2025-07-15 17:00:00,3888.0001544952393,4644.00007724762,5162.717503780329
forecast_4698,2025-07-15 18:00:00,3888.0001544952393,4968.000090122223,4763.3065063093945
forecast_4699,2025-07-15 19:00:00,3888.0001544952393,4535.999858379364,4776.662710623527
forecast_4700,2025-07-15 20:00:00,3888.0001544952393,4751.9999742507935,4653.517231443139
forecast_4701,2025-07-15 21:00:00,6588.000154495239,6048.0000257492065,3880.325167614905
forecast_4702,2025-07-15 22:00:00,5832.000231742859,5507.999897003174,4021.0431838511527
forecast_4703,2025-07-15 23:00:00,6480.000257492065,6263.999819755554,4195.009337985557
forecast_4704,2025-07-16 00:00:00,6155.99992275238,9071.999716758728,4672.17360769599
forecast_4705,2025-07-16 01:00:00,13068.000411987305,13176.000308990479,8429.144614906741
forecast_4706,2025-07-16 02:00:00,14472.000360488892,14256.000566482544,10911.411504669855
forecast_4707,2025-07-16 03:00:00,15660.00051498413,14688.00015449524,12255.848231140264
forecast_4708,2025-07-16 04:00:00,16307.999897003174,15227.999639511108,12880.128470274589
forecast_4709,2025-07-16 05:00:00,15660.00051498413,14580.000257492065,12252.058002685231
forecast_4710,2025-07-16 06:00:00,15660.00051498413,13607.999897003174,11481.469863165512
forecast_4711,2025-07-16 07:00:00,13823.999691009521,11988.00015449524,9526.373975550943
forecast_4712,2025-07-16 08:00:00,11231.999588012695,10367.999768257141,9056.096532948042
forecast_4713,2025-07-16 09:00:00,9828.000283241272,8963.999819755554,6612.720618894051
forecast_4714,2025-07-16 10:00:00,10259.999871253967,8207.999897003174,6671.857896016715
forecast_4715,2025-07-16 11:00:00,5723.9996910095215,7344.00007724762,5744.885810317503
forecast_4716,2025-07-16 12:00:00,5615.999794006348,5507.999897003174,4393.942959653984
forecast_4717,2025-07-16 13:00:00,5615.999794006348,6911.999845504761,4672.940643241866
forecast_4718,2025-07-16 14:00:00,4211.999845504761,4103.999948501587,3111.94292241945
forecast_4719,2025-07-16 15:00:00,3888.0001544952393,3996.000051498413,3020.2262355413586
forecast_4720,2025-07-16 16:00:00,4427.99996137619,4859.999871253967,3781.7354513384457
forecast_4721,2025-07-16 17:00:00,4320.000064373016,4859.999871253967,3813.539536280673
forecast_4722,2025-07-16 18:00:00,4320.000064373016,5400.0,4059.5230696033295
forecast_4723,2025-07-16 19:00:00,5075.999987125397,7776.0003089904785,4507.6996763720135
forecast_4724,2025-07-16 20:00:00,4211.999845504761,6803.999948501587,4511.373711362133
forecast_4725,2025-07-16 21:00:00,5940.000128746033,8963.999819755554,4710.602971485437
forecast_4726,2025-07-16 22:00:00,7992.000102996826,10151.999974250793,5696.701092898273
forecast_4727,2025-07-16 23:00:00,10151.999974250793,12419.999742507935,7821.778275728954
forecast_4728,2025-07-17 00:00:00,12096.000051498413,12960.00051498413,9848.902259948414
forecast_4729,2025-07-17 01:00:00,14364.000463485718,14580.000257492065,11196.717447811348
forecast_4730,2025-07-17 02:00:00,14472.000360488892,15227.999639511108,11463.800230308392
forecast_4731,2025-07-17 03:00:00,14472.000360488892,14903.999948501587,10908.609730407394
forecast_4732,2025-07-17 04:00:00,14256.000566482544,14580.000257492065,10739.459196010515
forecast_4733,2025-07-17 05:00:00,14256.000566482544,15227.999639511108,10556.350989003007
forecast_4734,2025-07-17 06:00:00,10476.000308990479,13500.0,9973.462083934452
forecast_4735,2025-07-17 07:00:00,14472.000360488892,15227.999639511108,11556.357043021311
forecast_4736,2025-07-17 08:00:00,14580.000257492065,14472.000360488892,11142.025191794204
forecast_4737,2025-07-17 09:00:00,14039.99948501587,14580.000257492065,11890.009074688018
forecast_4738,2025-07-17 10:00:00,13823.999691009521,14688.00015449524,12790.43765298986
forecast_4739,2025-07-17 11:00:00,12096.000051498413,14580.000257492065,11664.844145664498
forecast_4740,2025-07-17 12:00:00,10151.999974250793,13392.000102996826,9230.911711281704
forecast_4741,2025-07-17 13:00:00,11664.000463485718,13931.999588012695,11038.983731160935
forecast_4742,2025-07-17 14:00:00,12852.000617980957,13392.000102996826,11063.000253654063
forecast_4743,2025-07-17 15:00:00,11772.000360488892,11772.000360488892,9345.922049523462
forecast_4744,2025-07-17 16:00:00,10151.999974250793,10476.000308990479,7235.542578262344
forecast_4745,2025-07-17 17:00:00,7451.9999742507935,10151.999974250793,7570.521875750706
forecast_4746,2025-07-17 18:00:00,7451.9999742507935,10151.999974250793,7248.955639953947
forecast_4747,2025-07-17 19:00:00,7992.000102996826,10476.000308990479,6670.585997849458
forecast_4748,2025-07-17 20:00:00,7992.000102996826,10044.00007724762,6473.560488894423
forecast_4749,2025-07-17 21:00:00,12203.999948501587,12096.000051498413,7927.779816655184
forecast_4750,2025-07-17 22:00:00,7992.000102996826,10151.999974250793,6621.206679457946
forecast_4751,2025-07-17 23:00:00,12743.999433517456,11447.999382019043,7320.43597723445
forecast_4752,2025-07-18 00:00:00,12311.99984550476,12419.999742507935,8465.229878506874
forecast_4753,2025-07-18 01:00:00,14472.000360488892,15119.999742507935,11143.642533133769
forecast_4754,2025-07-18 02:00:00,12527.999639511108,13607.999897003174,9903.692494304552
forecast_4755,2025-07-18 03:00:00,12960.00051498413,14580.000257492065,11145.601149974103
forecast_4756,2025-07-18 04:00:00,13931.999588012695,12096.000051498413,8371.897628839033
forecast_4757,2025-07-18 05:00:00,10259.999871253967,13392.000102996826,9224.100336147576
forecast_4758,2025-07-18 06:00:00,10044.00007724762,11988.00015449524,8906.856928996556
forecast_4759,2025-07-18 07:00:00,10476.000308990479,12527.999639511108,9178.723231142952
forecast_4760,2025-07-18 08:00:00,7451.9999742507935,11556.000566482544,7614.77764637039
forecast_4761,2025-07-18 09:00:00,10476.000308990479,12203.999948501587,8758.376948667576
forecast_4762,2025-07-18 10:00:00,7884.000205993652,9719.999742507935,7220.3312392039215
forecast_4763,2025-07-18 11:00:00,6696.000051498413,6263.999819755554,4699.972340803024
forecast_4764,2025-07-18 12:00:00,3996.000051498413,3996.000051498413,3496.394635669205
forecast_4765,2025-07-18 13:00:00,3996.000051498413,3888.0001544952393,3748.273736897243
forecast_4766,2025-07-18 14:00:00,4320.000064373016,5075.999987125397,3666.3692010624736
forecast_4767,2025-07-18 15:00:00,4320.000064373016,5400.0,4244.97396179806
forecast_4768,2025-07-18 16:00:00,4320.000064373016,5940.000128746033,3871.0250454589295
forecast_4769,2025-07-18 17:00:00,6803.999948501587,7019.999742507935,4788.061662626216
forecast_4770,2025-07-18 18:00:00,7451.9999742507935,7992.000102996826,4665.19927139994
forecast_4771,2025-07-18 19:00:00,5615.999794006348,8640.000128746033,4752.409195883652
forecast_4772,2025-07-18 20:00:00,6803.999948501587,9071.999716758728,5647.479123370608
forecast_4773,2025-07-18 21:00:00,7992.000102996826,9936.000180244446,6193.242085053284
forecast_4774,2025-07-18 22:00:00,10151.999974250793,11447.999382019043,7077.427386333547
forecast_4775,2025-07-18 23:00:00,10044.00007724762,11447.999382019043,6964.194764988418
forecast_4776,2025-07-19 00:00:00,10044.00007724762,11447.999382019043,7313.852621639658
forecast_4777,2025-07-19 01:00:00,7992.000102996826,9611.99984550476,5746.557811062877
forecast_4778,2025-07-19 02:00:00,5940.000128746033,8100.0,4754.5956787607
forecast_4779,2025-07-19 03:00:00,5940.000128746033,6371.999716758728,4487.647120745058
forecast_4780,2025-07-19 04:00:00,5940.000128746033,6588.000154495239,4552.134429677258
forecast_4781,2025-07-19 05:00:00,5832.000231742859,6263.999819755554,4493.26063919928
forecast_4782,2025-07-19 06:00:00,4320.000064373016,6263.999819755554,4584.985479279363
forecast_4783,2025-07-19 07:00:00,5940.000128746033,6696.000051498413,4300.4885121048255
forecast_4784,2025-07-19 08:00:00,6803.999948501587,7884.000205993652,4742.746040264178
forecast_4785,2025-07-19 09:00:00,5507.999897003174,6263.999819755554,4501.665628050279
forecast_4786,2025-07-19 10:00:00,7559.999871253967,9611.99984550476,5475.42771117129
forecast_4787,2025-07-19 11:00:00,7559.999871253967,10907.999897003174,7118.042445340676
forecast_4788,2025-07-19 12:00:00,8855.99992275238,11772.000360488892,7357.732393985607
forecast_4789,2025-07-19 13:00:00,7451.9999742507935,11339.99948501587,7007.368923431666
forecast_4790,2025-07-19 14:00:00,10476.000308990479,12311.99984550476,9358.60398750852
forecast_4791,2025-07-19 15:00:00,11772.000360488892,12203.999948501587,8820.504382161427
forecast_4792,2025-07-19 16:00:00,11772.000360488892,13068.000411987305,10075.2830861703
forecast_4793,2025-07-19 17:00:00,13068.000411987305,12311.99984550476,9970.58435761798
forecast_4794,2025-07-19 18:00:00,13068.000411987305,12311.99984550476,9120.87214417999
forecast_4795,2025-07-19 19:00:00,12203.999948501587,12960.00051498413,8888.89175802041
forecast_4796,2025-07-19 20:00:00,12635.999536514282,12960.00051498413,9284.05805610562
forecast_4797,2025-07-19 21:00:00,12203.999948501587,13715.999794006348,9384.934319602684
forecast_4798,2025-07-19 22:00:00,14472.000360488892,13931.999588012695,11173.977580552795
forecast_4799,2025-07-19 23:00:00,10259.999871253967,11988.00015449524,8007.029075228403
forecast_4800,2025-07-20 00:00:00,10259.999871253967,12419.999742507935,7971.1935580872705
forecast_4801,2025-07-20 01:00:00,13068.000411987305,13931.999588012695,10438.626934127116
forecast_4802,2025-07-20 02:00:00,14039.99948501587,15011.99984550476,11619.290552243949
forecast_4803,2025-07-20 03:00:00,14039.99948501587,14903.999948501587,11969.816304892334
forecast_4804,2025-07-20 04:00:00,14039.99948501587,14688.00015449524,11767.107820513644
forecast_4805,2025-07-20 05:00:00,11772.000360488892,13392.000102996826,9686.564857221718
forecast_4806,2025-07-20 06:00:00,11772.000360488892,13392.000102996826,9583.630172269255
forecast_4807,2025-07-20 07:00:00,11772.000360488892,13284.000205993652,8901.340952858134
forecast_4808,2025-07-20 08:00:00,10044.00007724762,11772.000360488892,8486.254565592839
forecast_4809,2025-07-20 09:00:00,7992.000102996826,11772.000360488892,7548.76252875928
forecast_4810,2025-07-20 10:00:00,9828.000283241272,9719.999742507935,8447.85927400968
forecast_4811,2025-07-20 11:00:00,9396.000051498413,7776.0003089904785,7230.629469730182
forecast_4812,2025-07-20 12:00:00,5615.999794006348,5723.9996910095215,5118.650286511864
forecast_4813,2025-07-20 13:00:00,4320.000064373016,5075.999987125397,4351.632142565181
forecast_4814,2025-07-20 14:00:00,3888.0001544952393,3996.000051498413,3944.928124868391
forecast_4815,2025-07-20 15:00:00,3888.0001544952393,4103.999948501587,3804.9312028315753
forecast_4816,2025-07-20 16:00:00,3888.0001544952393,4103.999948501587,3438.5266090753908
forecast_4817,2025-07-20 17:00:00,3888.0001544952393,4103.999948501587,3470.271681392278
forecast_4818,2025-07-20 18:00:00,3888.0001544952393,4320.000064373016,3559.62202734349
forecast_4819,2025-07-20 19:00:00,4859.999871253967,6263.999819755554,4314.092288712077
forecast_4820,2025-07-20 20:00:00,8855.99992275238,7992.000102996826,5142.596682709816
forecast_4821,2025-07-20 21:00:00,10259.999871253967,10476.000308990479,7128.470336707643
forecast_4822,2025-07-20 22:00:00,11231.999588012695,12852.000617980957,9498.005087506715
forecast_4823,2025-07-20 23:00:00,11231.999588012695,12096.000051498413,9204.618979415323
forecast_4824,2025-07-21 00:00:00,11556.000566482544,12743.999433517456,9730.06267846966
forecast_4825,2025-07-21 01:00:00,12743.999433517456,13500.0,8103.310563001937
forecast_4826,2025-07-21 02:00:00,12527.999639511108,14364.000463485718,9471.96900145142
forecast_4827,2025-07-21 03:00:00,12852.000617980957,13931.999588012695,9831.926076005082
forecast_4828,2025-07-21 04:00:00,13607.999897003174,11447.999382019043,8013.131114690595
forecast_4829,2025-07-21 05:00:00,13500.0,11015.999794006348,7986.722918298327
forecast_4830,2025-07-21 06:00:00,11231.999588012695,10476.000308990479,7885.404002617287
forecast_4831,2025-07-21 07:00:00,13500.0,10476.000308990479,8167.55031778046
forecast_4832,2025-07-21 08:00:00,11339.99948501587,10151.999974250793,7774.135743802232
forecast_4833,2025-07-21 09:00:00,10476.000308990479,9719.999742507935,7388.856779864849
forecast_4834,2025-07-21 10:00:00,8855.99992275238,9611.99984550476,6130.914385127388
forecast_4835,2025-07-21 11:00:00,7344.00007724762,9180.000257492065,6306.075097915109
forecast_4836,2025-07-21 12:00:00,5615.999794006348,5615.999794006348,5161.856706502999
forecast_4837,2025-07-21 13:00:00,5615.999794006348,5723.9996910095215,5654.855642652004
forecast_4838,2025-07-21 14:00:00,5615.999794006348,7344.00007724762,5229.901465228225
forecast_4839,2025-07-21 15:00:00,4751.9999742507935,5075.999987125397,4360.621968478029
forecast_4840,2025-07-21 16:00:00,4320.000064373016,4751.9999742507935,4016.4932664734315
forecast_4841,2025-07-21 17:00:00,4859.999871253967,6048.0000257492065,5133.287950492447
forecast_4842,2025-07-21 18:00:00,4859.999871253967,6155.99992275238,4538.665609769276
forecast_4843,2025-07-21 19:00:00,7776.0003089904785,7559.999871253967,6560.150425762063
forecast_4844,2025-07-21 20:00:00,11988.00015449524,9396.000051498413,7920.261133427368
forecast_4845,2025-07-21 21:00:00,13068.000411987305,11988.00015449524,9435.890780952584
forecast_4846,2025-07-21 22:00:00,15552.000617980957,14688.00015449524,11680.193889791
forecast_4847,2025-07-21 23:00:00,16307.999897003174,15552.000617980957,11943.646688080891
forecast_4848,2025-07-22 00:00:00,14580.000257492065,15227.999639511108,11567.296982366106
forecast_4849,2025-07-22 01:00:00,14256.000566482544,15768.000411987305,10997.328510380728
forecast_4850,2025-07-22 02:00:00,14688.00015449524,16200.0,11803.5026087967
forecast_4851,2025-07-22 03:00:00,14688.00015449524,15443.999433517456,12106.983343633085
forecast_4852,2025-07-22 04:00:00,14688.00015449524,15443.999433517456,12646.869404206853
forecast_4853,2025-07-22 05:00:00,15660.00051498413,15011.99984550476,12877.37784411854
forecast_4854,2025-07-22 06:00:00,15335.999536514282,14472.000360488892,11922.94978073586
forecast_4855,2025-07-22 07:00:00,14688.00015449524,14147.999382019043,10567.415054503768
forecast_4856,2025-07-22 08:00:00,14039.99948501587,13607.999897003174,10085.68526547523
forecast_4857,2025-07-22 09:00:00,11988.00015449524,9611.99984550476,7621.442469068519
forecast_4858,2025-07-22 10:00:00,4320.000064373016,6155.99992275238,4883.960805720848
forecast_4859,2025-07-22 11:00:00,3888.0001544952393,3888.0001544952393,4216.100968828235
forecast_4860,2025-07-22 12:00:00,3888.0001544952393,3672.00003862381,3312.448327051296
forecast_4861,2025-07-22 13:00:00,3888.0001544952393,3455.9999227523804,2966.423897458213
forecast_4862,2025-07-22 14:00:00,3888.0001544952393,3564.000141620636,2889.526306572419
forecast_4863,2025-07-22 15:00:00,3888.0001544952393,3348.0000257492065,3012.717314355167
forecast_4864,2025-07-22 16:00:00,3888.0001544952393,3455.9999227523804,3259.1438115307424
forecast_4865,2025-07-22 17:00:00,3888.0001544952393,3672.00003862381,3098.2552922121845
forecast_4866,2025-07-22 18:00:00,3888.0001544952393,3455.9999227523804,2811.162057476283
forecast_4867,2025-07-22 19:00:00,4211.999845504761,3888.0001544952393,3117.014696678034
forecast_4868,2025-07-22 20:00:00,4427.99996137619,4320.000064373016,4403.442000859765
forecast_4869,2025-07-22 21:00:00,5292.000102996826,5075.999987125397,5034.6235385895225
forecast_4870,2025-07-22 22:00:00,7559.999871253967,7559.999871253967,5904.694539268931
forecast_4871,2025-07-22 23:00:00,7559.999871253967,7884.000205993652,6240.947179140322
forecast_4872,2025-07-23 00:00:00,10044.00007724762,7884.000205993652,6299.828972546206
forecast_4873,2025-07-23 01:00:00,10044.00007724762,7884.000205993652,6739.061833114882
forecast_4874,2025-07-23 02:00:00,11664.000463485718,7884.000205993652,7537.696718294667
forecast_4875,2025-07-23 03:00:00,11664.000463485718,9719.999742507935,7932.3457774999715
forecast_4876,2025-07-23 04:00:00,11231.999588012695,10044.00007724762,7780.603310364547
forecast_4877,2025-07-23 05:00:00,11015.999794006348,9503.999948501587,5863.5888615494605
forecast_4878,2025-07-23 06:00:00,6263.999819755554,7559.999871253967,4896.831739678802
forecast_4879,2025-07-23 07:00:00,6048.0000257492065,5507.999897003174,4207.250436774021
forecast_4880,2025-07-23 08:00:00,4859.999871253967,3888.0001544952393,3254.4216016598803
forecast_4881,2025-07-23 09:00:00,3888.0001544952393,3672.00003862381,2868.6014996320014
forecast_4882,2025-07-23 10:00:00,3779.9999356269836,2916.0001158714294,2394.464821080237
forecast_4883,2025-07-23 11:00:00,3779.9999356269836,2807.999897003174,2160.449157228889
forecast_4884,2025-07-23 12:00:00,3779.9999356269836,2700.0,1901.6951033295368
forecast_4885,2025-07-23 13:00:00,3779.9999356269836,2484.0000450611115,1943.6991804789488
forecast_4886,2025-07-23 14:00:00,3455.9999227523804,2484.0000450611115,2066.00452855318
forecast_4887,2025-07-23 15:00:00,3888.0001544952393,2916.0001158714294,2090.1146440018447
forecast_4888,2025-07-23 16:00:00,3779.9999356269836,2807.999897003174,2088.386186853706
forecast_4889,2025-07-23 17:00:00,3888.0001544952393,3131.999909877777,2426.241429111019
forecast_4890,2025-07-23 18:00:00,3888.0001544952393,3131.999909877777,2385.4944465837343
forecast_4891,2025-07-23 19:00:00,3888.0001544952393,3888.0001544952393,3316.2396998510753
forecast_4892,2025-07-23 20:00:00,3888.0001544952393,3888.0001544952393,3023.1739922414936
forecast_4893,2025-07-23 21:00:00,4211.999845504761,3888.0001544952393,3839.933001346112
forecast_4894,2025-07-23 22:00:00,4535.999858379364,4644.00007724762,4608.860900275949
forecast_4895,2025-07-23 23:00:00,4644.00007724762,4644.00007724762,4698.518223953271
forecast_4896,2025-07-24 00:00:00,4211.999845504761,5075.999987125397,4913.383726017857
forecast_4897,2025-07-24 01:00:00,4751.9999742507935,4751.9999742507935,4493.671745544509
forecast_4898,2025-07-24 02:00:00,7128.000283241272,6696.000051498413,4968.372147869287
forecast_4899,2025-07-24 03:00:00,7667.999768257141,8315.999794006348,5678.091427318331
forecast_4900,2025-07-24 04:00:00,7667.999768257141,8315.999794006348,5861.874950248699
forecast_4901,2025-07-24 05:00:00,6263.999819755554,7884.000205993652,5403.668724458258
forecast_4902,2025-07-24 06:00:00,6155.99992275238,6263.999819755554,5140.402108031176
forecast_4903,2025-07-24 07:00:00,4751.9999742507935,4211.999845504761,4011.983921333976
forecast_4904,2025-07-24 08:00:00,3996.000051498413,3888.0001544952393,3162.500815233183
forecast_4905,2025-07-24 09:00:00,3455.9999227523804,3348.0000257492065,2700.9426705887704
forecast_4906,2025-07-24 10:00:00,3455.9999227523804,2916.0001158714294,2191.149384167655
forecast_4907,2025-07-24 11:00:00,3779.9999356269836,2700.0,2235.302695687583
forecast_4908,2025-07-24 12:00:00,3779.9999356269836,2700.0,2117.6760713582903
forecast_4909,2025-07-24 13:00:00,3779.9999356269836,2916.0001158714294,2097.3760560841806
forecast_4910,2025-07-24 14:00:00,3779.9999356269836,2807.999897003174,2446.80471850364
forecast_4911,2025-07-24 15:00:00,3779.9999356269836,3131.999909877777,2233.127174947734
forecast_4912,2025-07-24 16:00:00,3888.0001544952393,3131.999909877777,2368.8424537024025
forecast_4913,2025-07-24 17:00:00,3779.9999356269836,2916.0001158714294,2545.676363907121
forecast_4914,2025-07-24 18:00:00,3779.9999356269836,2807.999897003174,2562.8481950015503
forecast_4915,2025-07-24 19:00:00,3888.0001544952393,3348.0000257492065,2982.335855195921
forecast_4916,2025-07-24 20:00:00,3888.0001544952393,3455.9999227523804,2809.1188412692522
forecast_4917,2025-07-24 21:00:00,3888.0001544952393,3348.0000257492065,2978.64597114829
forecast_4918,2025-07-24 22:00:00,3888.0001544952393,3672.00003862381,3220.859940839261
forecast_4919,2025-07-24 23:00:00,3888.0001544952393,3888.0001544952393,3345.753470117462
forecast_4920,2025-07-25 00:00:00,3888.0001544952393,3888.0001544952393,3167.3835502182064
forecast_4921,2025-07-25 01:00:00,3888.0001544952393,3888.0001544952393,3314.7353923497794
forecast_4922,2025-07-25 02:00:00,4103.999948501587,4103.999948501587,3620.908520096902
forecast_4923,2025-07-25 03:00:00,4211.999845504761,3888.0001544952393,3982.941338150064
forecast_4924,2025-07-25 04:00:00,4427.99996137619,3888.0001544952393,4141.21043954757
forecast_4925,2025-07-25 05:00:00,4320.000064373016,3888.0001544952393,4202.281194183297
forecast_4926,2025-07-25 06:00:00,4427.99996137619,3888.0001544952393,4158.174381888631
forecast_4927,2025-07-25 07:00:00,3888.0001544952393,3888.0001544952393,3788.396679965678
forecast_4928,2025-07-25 08:00:00,3779.9999356269836,3564.000141620636,3159.9255393648896
forecast_4929,2025-07-25 09:00:00,3779.9999356269836,3564.000141620636,2637.5372180176773
forecast_4930,2025-07-25 10:00:00,3348.0000257492065,3131.999909877777,2386.652438978959
forecast_4931,2025-07-25 11:00:00,3779.9999356269836,2916.0001158714294,2232.8212770991227
forecast_4932,2025-07-25 12:00:00,3455.9999227523804,2807.999897003174,2258.665828891947
forecast_4933,2025-07-25 13:00:00,2700.0,2484.0000450611115,2303.1930038018527
forecast_4934,2025-07-25 14:00:00,3779.9999356269836,2807.999897003174,2422.2648212761264
forecast_4935,2025-07-25 15:00:00,3455.9999227523804,2916.0001158714294,2384.108182955324
forecast_4936,2025-07-25 16:00:00,3455.9999227523804,2807.999897003174,2478.383764384545
forecast_4937,2025-07-25 17:00:00,3455.9999227523804,2916.0001158714294,2073.58888902126
forecast_4938,2025-07-25 18:00:00,3888.0001544952393,3131.999909877777,2477.4233578019807
forecast_4939,2025-07-25 19:00:00,3888.0001544952393,3455.9999227523804,2989.1897246506255
forecast_4940,2025-07-25 20:00:00,3888.0001544952393,3888.0001544952393,3054.631199195256
forecast_4941,2025-07-25 21:00:00,3888.0001544952393,3888.0001544952393,3302.556432608626
forecast_4942,2025-07-25 22:00:00,4103.999948501587,3888.0001544952393,3934.207598151601
forecast_4943,2025-07-25 23:00:00,4211.999845504761,4320.000064373016,4003.6458282420585
forecast_4944,2025-07-26 00:00:00,4535.999858379364,4644.00007724762,4072.496874652845
forecast_4945,2025-07-26 01:00:00,8748.000025749207,7884.000205993652,6171.065676386992
forecast_4946,2025-07-26 02:00:00,7451.9999742507935,7451.9999742507935,5448.023323396018
forecast_4947,2025-07-26 03:00:00,7451.9999742507935,6803.999948501587,6002.891082247247
forecast_4948,2025-07-26 04:00:00,6155.99992275238,6480.000257492065,5250.558460040791
forecast_4949,2025-07-26 05:00:00,4320.000064373016,4644.00007724762,4296.027075298591
forecast_4950,2025-07-26 06:00:00,3996.000051498413,3888.0001544952393,3721.381231781228
forecast_4951,2025-07-26 07:00:00,3996.000051498413,3888.0001544952393,3345.6311672642496
forecast_4952,2025-07-26 08:00:00,3888.0001544952393,3564.000141620636,3067.6459938610806
forecast_4953,2025-07-26 09:00:00,3888.0001544952393,3348.0000257492065,2780.977934730218
forecast_4954,2025-07-26 10:00:00,3888.0001544952393,3131.999909877777,2617.470079429656
forecast_4955,2025-07-26 11:00:00,3779.9999356269836,3131.999909877777,2787.4962965239047
forecast_4956,2025-07-26 12:00:00,3455.9999227523804,2916.0001158714294,2679.425313456294
forecast_4957,2025-07-26 13:00:00,3779.9999356269836,2916.0001158714294,2581.6874248162617
forecast_4958,2025-07-26 14:00:00,3779.9999356269836,2700.0,2542.25648810027
forecast_4959,2025-07-26 15:00:00,3455.9999227523804,2916.0001158714294,2306.2011717969613
forecast_4960,2025-07-26 16:00:00,3779.9999356269836,2591.9999420642853,2551.831922913162
forecast_4961,2025-07-26 17:00:00,3779.9999356269836,2700.0,2723.760248326986
forecast_4962,2025-07-26 18:00:00,3348.0000257492065,2916.0001158714294,2713.11114958977
forecast_4963,2025-07-26 19:00:00,3888.0001544952393,3348.0000257492065,2736.249423790496
forecast_4964,2025-07-26 20:00:00,3888.0001544952393,3888.0001544952393,3030.6782942653617
forecast_4965,2025-07-26 21:00:00,3888.0001544952393,3888.0001544952393,3240.701889872404
forecast_4966,2025-07-26 22:00:00,3996.000051498413,3888.0001544952393,3886.446510066477
forecast_4967,2025-07-26 23:00:00,4103.999948501587,4320.000064373016,3951.529010784445
forecast_4968,2025-07-27 00:00:00,4751.9999742507935,6155.99992275238,5314.634077298093
forecast_4969,2025-07-27 01:00:00,9719.999742507935,9828.000283241272,7565.232801481932
forecast_4970,2025-07-27 02:00:00,8423.999691009521,9611.99984550476,7033.719105289704
forecast_4971,2025-07-27 03:00:00,7667.999768257141,9180.000257492065,6517.792910547121
forecast_4972,2025-07-27 04:00:00,7667.999768257141,8315.999794006348,5749.448724257359
forecast_4973,2025-07-27 05:00:00,7451.9999742507935,7451.9999742507935,5497.249292027954
forecast_4974,2025-07-27 06:00:00,7559.999871253967,6588.000154495239,5127.730874372184
forecast_4975,2025-07-27 07:00:00,5832.000231742859,4751.9999742507935,4787.629936065843
forecast_4976,2025-07-27 08:00:00,3888.0001544952393,3996.000051498413,3792.4702006104
forecast_4977,2025-07-27 09:00:00,3888.0001544952393,3888.0001544952393,3151.021263824252
forecast_4978,2025-07-27 10:00:00,3888.0001544952393,3455.9999227523804,2964.1358702816697
forecast_4979,2025-07-27 11:00:00,3888.0001544952393,3240.0001287460327,2791.124960206033
forecast_4980,2025-07-27 12:00:00,3888.0001544952393,3348.0000257492065,2571.854518894518
forecast_4981,2025-07-27 13:00:00,3888.0001544952393,3348.0000257492065,2542.605347922368
forecast_4982,2025-07-27 14:00:00,3888.0001544952393,3348.0000257492065,2454.008379569129
forecast_4983,2025-07-27 15:00:00,3888.0001544952393,3455.9999227523804,2765.6420421887574
forecast_4984,2025-07-27 16:00:00,3888.0001544952393,3131.999909877777,2071.1122133642903
forecast_4985,2025-07-27 17:00:00,3888.0001544952393,3131.999909877777,2475.817303989605
forecast_4986,2025-07-27 18:00:00,3888.0001544952393,3240.0001287460327,2712.326148196228
forecast_4987,2025-07-27 19:00:00,3888.0001544952393,3672.00003862381,2840.814578623607
forecast_4988,2025-07-27 20:00:00,4427.99996137619,3888.0001544952393,3565.038123626532
forecast_4989,2025-07-27 21:00:00,4535.999858379364,4320.000064373016,4199.137962562038
forecast_4990,2025-07-27 22:00:00,4751.9999742507935,6371.999716758728,5383.615213430759
forecast_4991,2025-07-27 23:00:00,7451.9999742507935,7776.0003089904785,6006.87491558899
forecast_4992,2025-07-28 00:00:00,8748.000025749207,8748.000025749207,7076.014425045575
forecast_4993,2025-07-28 01:00:00,10044.00007724762,10259.999871253967,8247.218372561827
forecast_4994,2025-07-28 02:00:00,11664.000463485718,9936.000180244446,8551.516489873591
forecast_4995,2025-07-28 03:00:00,11664.000463485718,10367.999768257141,8580.995590935852
forecast_4996,2025-07-28 04:00:00,11664.000463485718,9611.99984550476,7512.635886951004
forecast_4997,2025-07-28 05:00:00,11664.000463485718,8315.999794006348,7037.429146989151
forecast_4998,2025-07-28 06:00:00,6155.99992275238,7128.000283241272,5242.311192653454
forecast_4999,2025-07-28 07:00:00,4751.9999742507935,4968.000090122223,4466.513579783258
forecast_5000,2025-07-28 08:00:00,4751.9999742507935,4103.999948501587,3575.732047126578
forecast_5001,2025-07-28 09:00:00,3888.0001544952393,3672.00003862381,2999.219583773472
forecast_5002,2025-07-28 10:00:00,3779.9999356269836,3131.999909877777,2382.6152831470736
forecast_5003,2025-07-28 11:00:00,3779.9999356269836,2700.0,2287.751594348854
forecast_5004,2025-07-28 12:00:00,3779.9999356269836,2807.999897003174,2334.922194595283
forecast_5005,2025-07-28 13:00:00,3779.9999356269836,2916.0001158714294,3087.078373609762
forecast_5006,2025-07-28 14:00:00,3779.9999356269836,2916.0001158714294,2583.223943451668
forecast_5007,2025-07-28 15:00:00,3455.9999227523804,3024.0000128746033,2459.765911121329
forecast_5008,2025-07-28 16:00:00,3888.0001544952393,3564.000141620636,3513.780179337041
forecast_5009,2025-07-28 17:00:00,3888.0001544952393,3888.0001544952393,3142.0817655415794
forecast_5010,2025-07-28 18:00:00,3888.0001544952393,3564.000141620636,3575.5073286387724
forecast_5011,2025-07-28 19:00:00,3779.9999356269836,3455.9999227523804,2734.9315383654475
forecast_5012,2025-07-28 20:00:00,3779.9999356269836,3455.9999227523804,3067.8812123743714
forecast_5013,2025-07-28 21:00:00,3779.9999356269836,3564.000141620636,3486.524273552639
forecast_5014,2025-07-28 22:00:00,3888.0001544952393,3564.000141620636,3819.388786571641
forecast_5015,2025-07-28 23:00:00,3779.9999356269836,3564.000141620636,3474.6901896368827
forecast_5016,2025-07-29 00:00:00,3888.0001544952393,3564.000141620636,3188.107791189776
forecast_5017,2025-07-29 01:00:00,3888.0001544952393,3779.9999356269836,3378.15635879768
forecast_5018,2025-07-29 02:00:00,4427.99996137619,3779.9999356269836,3627.74602099749
forecast_5019,2025-07-29 03:00:00,3888.0001544952393,3888.0001544952393,3770.607272069125
forecast_5020,2025-07-29 04:00:00,3888.0001544952393,3888.0001544952393,3594.7769223463783
forecast_5021,2025-07-29 05:00:00,3888.0001544952393,3888.0001544952393,3071.9187075295854
forecast_5022,2025-07-29 06:00:00,3564.000141620636,3564.000141620636,3021.422645004786
forecast_5023,2025-07-29 07:00:00,3564.000141620636,3455.9999227523804,2790.040667889331
forecast_5024,2025-07-29 08:00:00,3455.9999227523804,3131.999909877777,2325.015145684242
forecast_5025,2025-07-29 09:00:00,3240.0001287460327,2916.0001158714294,2015.5224163287853
forecast_5026,2025-07-29 10:00:00,3888.0001544952393,2700.0,2371.375819717037
forecast_5027,2025-07-29 11:00:00,3888.0001544952393,2916.0001158714294,2024.3300672357416
forecast_5028,2025-07-29 12:00:00,3888.0001544952393,2700.0,2053.103521474375
forecast_5029,2025-07-29 13:00:00,3455.9999227523804,2916.0001158714294,2103.323009638056
forecast_5030,2025-07-29 14:00:00,3888.0001544952393,3131.999909877777,2557.115480717286
forecast_5031,2025-07-29 15:00:00,3455.9999227523804,3131.999909877777,2582.9460494497807
forecast_5032,2025-07-29 16:00:00,3888.0001544952393,3240.0001287460327,2803.9022021029928
forecast_5033,2025-07-29 17:00:00,3564.000141620636,3455.9999227523804,2794.085093973188
forecast_5034,2025-07-29 18:00:00,3888.0001544952393,3240.0001287460327,2357.121305655458
forecast_5035,2025-07-29 19:00:00,3888.0001544952393,3564.000141620636,2653.7916497197325
forecast_5036,2025-07-29 20:00:00,3888.0001544952393,3455.9999227523804,2975.781463969843
forecast_5037,2025-07-29 21:00:00,3888.0001544952393,3672.00003862381,3265.8860940114805
forecast_5038,2025-07-29 22:00:00,3888.0001544952393,3996.000051498413,3602.534177724813
forecast_5039,2025-07-29 23:00:00,3888.0001544952393,3888.0001544952393,3353.4078652858834
forecast_5040,2025-07-30 00:00:00,3888.0001544952393,3888.0001544952393,3854.798810343287
forecast_5041,2025-07-30 01:00:00,3888.0001544952393,3779.9999356269836,3378.1973637798137
forecast_5042,2025-07-30 02:00:00,3996.000051498413,3888.0001544952393,3379.17482869738
forecast_5043,2025-07-30 03:00:00,3996.000051498413,3888.0001544952393,3148.543482775631
forecast_5044,2025-07-30 04:00:00,3888.0001544952393,3779.9999356269836,3062.7464147412534
forecast_5045,2025-07-30 05:00:00,3888.0001544952393,3672.00003862381,2936.5202087830535
forecast_5046,2025-07-30 06:00:00,3888.0001544952393,3564.000141620636,2978.0618247602984
forecast_5047,2025-07-30 07:00:00,3779.9999356269836,3455.9999227523804,2422.38426070054
forecast_5048,2025-07-30 08:00:00,3455.9999227523804,3240.0001287460327,2355.5365329988085
forecast_5049,2025-07-30 09:00:00,3779.9999356269836,3131.999909877777,2486.2718521120046
forecast_5050,2025-07-30 10:00:00,4211.999845504761,2916.0001158714294,2396.3923688660625
forecast_5051,2025-07-30 11:00:00,4211.999845504761,2916.0001158714294,2289.7330988812014
forecast_5052,2025-07-30 12:00:00,3888.0001544952393,3024.0000128746033,2592.4155883337967
forecast_5053,2025-07-30 13:00:00,3888.0001544952393,3240.0001287460327,2450.8588146179177
forecast_5054,2025-07-30 14:00:00,3888.0001544952393,3240.0001287460327,2490.152617891013
forecast_5055,2025-07-30 15:00:00,3888.0001544952393,3240.0001287460327,2227.301520136649
forecast_5056,2025-07-30 16:00:00,3888.0001544952393,3024.0000128746033,2259.5069091382343
forecast_5057,2025-07-30 17:00:00,3888.0001544952393,3131.999909877777,2391.438566345082
forecast_5058,2025-07-30 18:00:00,3888.0001544952393,2916.0001158714294,2595.3508568328944
forecast_5059,2025-07-30 19:00:00,3888.0001544952393,3240.0001287460327,2726.606151642128
forecast_5060,2025-07-30 20:00:00,3888.0001544952393,3455.9999227523804,2911.1929049760947
forecast_5061,2025-07-30 21:00:00,3888.0001544952393,3455.9999227523804,2769.959082668469
forecast_5062,2025-07-30 22:00:00,3888.0001544952393,3564.000141620636,2919.993568424517
forecast_5063,2025-07-30 23:00:00,3888.0001544952393,3779.9999356269836,2829.7775537646007
forecast_5064,2025-07-31 00:00:00,3888.0001544952393,3779.9999356269836,2800.393426463185
forecast_5065,2025-07-31 01:00:00,3888.0001544952393,3888.0001544952393,3239.0321681493983
forecast_5066,2025-07-31 02:00:00,3888.0001544952393,3888.0001544952393,3303.544962859974
forecast_5067,2025-07-31 03:00:00,3996.000051498413,4427.99996137619,3320.572504018223
forecast_5068,2025-07-31 04:00:00,5832.000231742859,4427.99996137619,3509.4820898497364
forecast_5069,2025-07-31 05:00:00,4427.99996137619,4751.9999742507935,3858.181778071498
forecast_5070,2025-07-31 06:00:00,3888.0001544952393,3888.0001544952393,3685.279168236646
forecast_5071,2025-07-31 07:00:00,3888.0001544952393,3779.9999356269836,3486.1615930554967
forecast_5072,2025-07-31 08:00:00,3888.0001544952393,3779.9999356269836,3635.8431569041973
forecast_5073,2025-07-31 09:00:00,3779.9999356269836,3564.000141620636,3483.3951229683234
forecast_5074,2025-07-31 10:00:00,3564.000141620636,3564.000141620636,3027.988026785479
forecast_5075,2025-07-31 11:00:00,3672.00003862381,3348.0000257492065,2940.8896328760684
forecast_5076,2025-07-31 12:00:00,3672.00003862381,3131.999909877777,2591.696730548339
forecast_5077,2025-07-31 13:00:00,3888.0001544952393,3131.999909877777,2636.785979821052
forecast_5078,2025-07-31 14:00:00,3888.0001544952393,3131.999909877777,2582.8652446229908
forecast_5079,2025-07-31 15:00:00,3888.0001544952393,3348.0000257492065,2599.55531140672
forecast_5080,2025-07-31 16:00:00,3888.0001544952393,3240.0001287460327,2787.840409311056
forecast_5081,2025-07-31 17:00:00,3888.0001544952393,3131.999909877777,2856.0982089467875
forecast_5082,2025-07-31 18:00:00,3779.9999356269836,2916.0001158714294,2351.7241627536177
forecast_5083,2025-07-31 19:00:00,3888.0001544952393,3240.0001287460327,2719.311491978325
forecast_5084,2025-07-31 20:00:00,3888.0001544952393,3455.9999227523804,3007.336158165302
forecast_5085,2025-07-31 21:00:00,3888.0001544952393,3348.0000257492065,2912.123500330016
forecast_5086,2025-07-31 22:00:00,3888.0001544952393,3348.0000257492065,2777.160610721392
forecast_5087,2025-07-31 23:00:00,3779.9999356269836,3455.9999227523804,2567.767050428228
forecast_5088,2025-08-01 00:00:00,3779.9999356269836,3455.9999227523804,2723.3107388088406
forecast_5089,2025-08-01 01:00:00,3888.0001544952393,3672.00003862381,2629.9498660965305
forecast_5090,2025-08-01 02:00:00,3888.0001544952393,3672.00003862381,3135.4434896189823
forecast_5091,2025-08-01 03:00:00,3888.0001544952393,3672.00003862381,3000.830516854549
forecast_5092,2025-08-01 04:00:00,3888.0001544952393,3672.00003862381,2919.701148462324
forecast_5093,2025-08-01 05:00:00,3888.0001544952393,3455.9999227523804,2511.327899926732
forecast_5094,2025-08-01 06:00:00,3455.9999227523804,3348.0000257492065,2618.236658371367
forecast_5095,2025-08-01 07:00:00,3455.9999227523804,3348.0000257492065,2265.285787809818
forecast_5096,2025-08-01 08:00:00,3455.9999227523804,3131.999909877777,2079.341251127706
forecast_5097,2025-08-01 09:00:00,3888.0001544952393,3024.0000128746033,1994.6684851381576
forecast_5098,2025-08-01 10:00:00,3455.9999227523804,1944.0000772476196,1829.5613435465643
forecast_5099,2025-08-01 11:00:00,3564.000141620636,1944.0000772476196,1815.160001842983
forecast_5100,2025-08-01 12:00:00,3455.9999227523804,2375.9999871253967,1877.0268651017848
forecast_5101,2025-08-01 13:00:00,3455.9999227523804,2916.0001158714294,1775.4492434945892
forecast_5102,2025-08-01 14:00:00,3455.9999227523804,2700.0,1959.8865138709184
forecast_5103,2025-08-01 15:00:00,3888.0001544952393,2700.0,2332.600951872959
forecast_5104,2025-08-01 16:00:00,3131.999909877777,2916.0001158714294,2263.3219919914413
forecast_5105,2025-08-01 17:00:00,3564.000141620636,2916.0001158714294,2381.5065373554394
forecast_5106,2025-08-01 18:00:00,3888.0001544952393,2916.0001158714294,2326.1843927080176
forecast_5107,2025-08-01 19:00:00,3888.0001544952393,3564.000141620636,2885.505582202867
forecast_5108,2025-08-01 20:00:00,3888.0001544952393,3564.000141620636,2990.7123816120734
forecast_5109,2025-08-01 21:00:00,3888.0001544952393,3888.0001544952393,3137.5233733430614
forecast_5110,2025-08-01 22:00:00,3779.9999356269836,3779.9999356269836,3569.445247393023
forecast_5111,2025-08-01 23:00:00,3779.9999356269836,3564.000141620636,3349.212070120923
forecast_5112,2025-08-02 00:00:00,3779.9999356269836,3564.000141620636,3390.226034938376
forecast_5113,2025-08-02 01:00:00,4751.9999742507935,4427.99996137619,3873.5066532222186
forecast_5114,2025-08-02 02:00:00,6155.99992275238,5507.999897003174,4380.285765986262
forecast_5115,2025-08-02 03:00:00,7019.999742507935,7128.000283241272,4861.276268369985
forecast_5116,2025-08-02 04:00:00,6155.99992275238,7884.000205993652,5428.470761756316
forecast_5117,2025-08-02 05:00:00,7559.999871253967,8640.000128746033,5641.605267344712
forecast_5118,2025-08-02 06:00:00,7559.999871253967,8532.000231742859,6041.722323815231
forecast_5119,2025-08-02 07:00:00,7559.999871253967,8640.000128746033,5957.649097707282
forecast_5120,2025-08-02 08:00:00,6155.99992275238,7776.0003089904785,4735.167307497619
forecast_5121,2025-08-02 09:00:00,6155.99992275238,5507.999897003174,3998.774973477984
forecast_5122,2025-08-02 10:00:00,3888.0001544952393,3888.0001544952393,3240.5129435959566
forecast_5123,2025-08-02 11:00:00,3888.0001544952393,3455.9999227523804,2767.983861006144
forecast_5124,2025-08-02 12:00:00,3888.0001544952393,3240.0001287460327,2765.138881102451
forecast_5125,2025-08-02 13:00:00,3888.0001544952393,3024.0000128746033,2286.3683519973065
forecast_5126,2025-08-02 14:00:00,3888.0001544952393,3024.0000128746033,2252.1382684069
forecast_5127,2025-08-02 15:00:00,3888.0001544952393,3024.0000128746033,2763.499468632449
forecast_5128,2025-08-02 16:00:00,3779.9999356269836,3240.0001287460327,2375.6156654052697
forecast_5129,2025-08-02 17:00:00,3779.9999356269836,2807.999897003174,2728.187632670012
forecast_5130,2025-08-02 18:00:00,3779.9999356269836,2700.0,2580.8641414138697
forecast_5131,2025-08-02 19:00:00,3888.0001544952393,3348.0000257492065,2750.0875151669
forecast_5132,2025-08-02 20:00:00,3888.0001544952393,3888.0001544952393,3040.512356639096
forecast_5133,2025-08-02 21:00:00,3888.0001544952393,3888.0001544952393,3541.935309107514
forecast_5134,2025-08-02 22:00:00,3996.000051498413,3888.0001544952393,3435.129512749111
forecast_5135,2025-08-02 23:00:00,3996.000051498413,3888.0001544952393,3561.991120102244
forecast_5136,2025-08-03 00:00:00,4211.999845504761,3888.0001544952393,3641.240452376141
forecast_5137,2025-08-03 01:00:00,4103.999948501587,3888.0001544952393,3973.731615100444
forecast_5138,2025-08-03 02:00:00,4751.9999742507935,4320.000064373016,3889.972575275708
forecast_5139,2025-08-03 03:00:00,4751.9999742507935,4427.99996137619,3669.213690138523
forecast_5140,2025-08-03 04:00:00,4427.99996137619,3888.0001544952393,3508.2822494112925
forecast_5141,2025-08-03 05:00:00,4103.999948501587,3888.0001544952393,3294.3233927548376
forecast_5142,2025-08-03 06:00:00,3888.0001544952393,3672.00003862381,3217.6212042523025
forecast_5143,2025-08-03 07:00:00,3779.9999356269836,3564.000141620636,2811.6281667720245
forecast_5144,2025-08-03 08:00:00,3455.9999227523804,3455.9999227523804,2924.924644549835
forecast_5145,2025-08-03 09:00:00,3779.9999356269836,3348.0000257492065,2455.649963271328
forecast_5146,2025-08-03 10:00:00,3779.9999356269836,3240.0001287460327,2219.8581761573687
forecast_5147,2025-08-03 11:00:00,3888.0001544952393,3240.0001287460327,2503.693264223962
forecast_5148,2025-08-03 12:00:00,3888.0001544952393,3240.0001287460327,2410.903825593813
forecast_5149,2025-08-03 13:00:00,3888.0001544952393,3240.0001287460327,2319.297337574052
forecast_5150,2025-08-03 14:00:00,3888.0001544952393,3564.000141620636,2937.324456144748
forecast_5151,2025-08-03 15:00:00,3996.000051498413,3888.0001544952393,2790.824032034913
forecast_5152,2025-08-03 16:00:00,3888.0001544952393,3888.0001544952393,2794.79574961346
forecast_5153,2025-08-03 17:00:00,3888.0001544952393,3888.0001544952393,2571.252094785862
forecast_5154,2025-08-03 18:00:00,3888.0001544952393,3888.0001544952393,2769.487276477773
forecast_5155,2025-08-03 19:00:00,4427.99996137619,3888.0001544952393,3715.891673164141
forecast_5156,2025-08-03 20:00:00,4427.99996137619,4535.999858379364,4223.126461465309
forecast_5157,2025-08-03 21:00:00,3888.0001544952393,4320.000064373016,3687.102935098645
forecast_5158,2025-08-03 22:00:00,4427.99996137619,4427.99996137619,4539.971403435055
forecast_5159,2025-08-03 23:00:00,5832.000231742859,5723.9996910095215,4574.284497714442
forecast_5160,2025-08-04 00:00:00,5940.000128746033,7236.000180244446,5264.20710388907
forecast_5161,2025-08-04 01:00:00,5507.999897003174,6155.99992275238,4206.726342359536
forecast_5162,2025-08-04 02:00:00,5615.999794006348,8315.999794006348,5510.301409295629
forecast_5163,2025-08-04 03:00:00,5940.000128746033,7667.999768257141,4765.455053749999
forecast_5164,2025-08-04 04:00:00,7776.0003089904785,9503.999948501587,5476.024819088541
forecast_5165,2025-08-04 05:00:00,9611.99984550476,9719.999742507935,5530.372609984942
forecast_5166,2025-08-04 06:00:00,6155.99992275238,8640.000128746033,4788.928862180163
forecast_5167,2025-08-04 07:00:00,4859.999871253967,7992.000102996826,4268.512326150398
forecast_5168,2025-08-04 08:00:00,5832.000231742859,8532.000231742859,4958.851290949379
forecast_5169,2025-08-04 09:00:00,7559.999871253967,8315.999794006348,4603.015942412929
forecast_5170,2025-08-04 10:00:00,6155.99992275238,8423.999691009521,4581.366625010376
forecast_5171,2025-08-04 11:00:00,8207.999897003174,9503.999948501587,5164.58110825746
forecast_5172,2025-08-04 12:00:00,7344.00007724762,9503.999948501587,5625.8562872759685
forecast_5173,2025-08-04 13:00:00,5940.000128746033,5832.000231742859,4479.614599039829
forecast_5174,2025-08-04 14:00:00,4211.999845504761,4968.000090122223,4045.2360521231503
forecast_5175,2025-08-04 15:00:00,4211.999845504761,4968.000090122223,4541.991950601645
forecast_5176,2025-08-04 16:00:00,5723.9996910095215,5723.9996910095215,4807.713963343534
forecast_5177,2025-08-04 17:00:00,5723.9996910095215,5615.999794006348,4260.883310891414
forecast_5178,2025-08-04 18:00:00,6048.0000257492065,6588.000154495239,4810.287183344944
forecast_5179,2025-08-04 19:00:00,10259.999871253967,7451.9999742507935,5565.838859405606
forecast_5180,2025-08-04 20:00:00,6263.999819755554,7667.999768257141,5730.300338577031
forecast_5181,2025-08-04 21:00:00,10259.999871253967,8963.999819755554,6698.723559243905
forecast_5182,2025-08-04 22:00:00,10259.999871253967,9071.999716758728,7886.296507571262
forecast_5183,2025-08-04 23:00:00,11664.000463485718,9180.000257492065,7756.913416562575
forecast_5184,2025-08-05 00:00:00,11556.000566482544,8963.999819755554,8449.673759511377
forecast_5185,2025-08-05 01:00:00,9396.000051498413,6696.000051498413,4982.911535447051
forecast_5186,2025-08-05 02:00:00,5832.000231742859,6263.999819755554,4404.1189108569
forecast_5187,2025-08-05 03:00:00,4644.00007724762,4427.99996137619,4021.28754017194
forecast_5188,2025-08-05 04:00:00,5400.0,4211.999845504761,3410.462207125136
forecast_5189,2025-08-05 05:00:00,4427.99996137619,3888.0001544952393,3346.9979095578665
forecast_5190,2025-08-05 06:00:00,3888.0001544952393,3888.0001544952393,3050.4193870790755
forecast_5191,2025-08-05 07:00:00,3888.0001544952393,3888.0001544952393,3377.2705310224405
forecast_5192,2025-08-05 08:00:00,3888.0001544952393,3888.0001544952393,2901.227342732996
forecast_5193,2025-08-05 09:00:00,3888.0001544952393,3888.0001544952393,2766.8306269538525
forecast_5194,2025-08-05 10:00:00,3888.0001544952393,3888.0001544952393,2499.65239269442
forecast_5195,2025-08-05 11:00:00,3888.0001544952393,3888.0001544952393,2900.973407077191
forecast_5196,2025-08-05 12:00:00,3888.0001544952393,3888.0001544952393,3140.430114002828
forecast_5197,2025-08-05 13:00:00,3888.0001544952393,3888.0001544952393,3140.589381904582
forecast_5198,2025-08-05 14:00:00,5615.999794006348,5615.999794006348,3778.0342315316807
forecast_5199,2025-08-05 15:00:00,6371.999716758728,7344.00007724762,6175.595974363734
forecast_5200,2025-08-05 16:00:00,10692.000102996826,7559.999871253967,5996.716281318365
forecast_5201,2025-08-05 17:00:00,10151.999974250793,7884.000205993652,6473.363230200244
forecast_5202,2025-08-05 18:00:00,9288.00015449524,7128.000283241272,4669.974099758033
forecast_5203,2025-08-05 19:00:00,6696.000051498413,6911.999845504761,4293.456521670832
forecast_5204,2025-08-05 20:00:00,6263.999819755554,8963.999819755554,4956.403796502023
forecast_5205,2025-08-05 21:00:00,10044.00007724762,10044.00007724762,6061.547880134583
forecast_5206,2025-08-05 22:00:00,10044.00007724762,11231.999588012695,6296.387435183097
forecast_5207,2025-08-05 23:00:00,10151.999974250793,11231.999588012695,6274.208144118623
forecast_5208,2025-08-06 00:00:00,9071.999716758728,11447.999382019043,6195.778508021674
forecast_5209,2025-08-06 01:00:00,14472.000360488892,14472.000360488892,12452.971921232254
forecast_5210,2025-08-06 02:00:00,15552.000617980957,15660.00051498413,12699.689576375718
forecast_5211,2025-08-06 03:00:00,16092.000102996826,15011.99984550476,11959.610894671085
forecast_5212,2025-08-06 04:00:00,14039.99948501587,14796.000051498413,11205.346735499825
forecast_5213,2025-08-06 05:00:00,15660.00051498413,15660.00051498413,12090.028808805668
forecast_5214,2025-08-06 06:00:00,15768.000411987305,16415.999794006348,12112.964054907861
forecast_5215,2025-08-06 07:00:00,16092.000102996826,16631.999588012695,11854.533328958072
forecast_5216,2025-08-06 08:00:00,15876.000308990479,14903.999948501587,10928.881793212797
forecast_5217,2025-08-06 09:00:00,15984.000205993652,15335.999536514282,12012.814815762447
forecast_5218,2025-08-06 10:00:00,16092.000102996826,15660.00051498413,11850.04292098891
forecast_5219,2025-08-06 11:00:00,16092.000102996826,16092.000102996826,12146.422011278984
forecast_5220,2025-08-06 12:00:00,16092.000102996826,16523.99969100952,13031.649749775712
forecast_5221,2025-08-06 13:00:00,16092.000102996826,17172.00036048889,14252.328884872451
forecast_5222,2025-08-06 14:00:00,15768.000411987305,17172.00036048889,12899.643558189355
forecast_5223,2025-08-06 15:00:00,16092.000102996826,17711.99984550476,14103.824018456466
forecast_5224,2025-08-06 16:00:00,16092.000102996826,16847.999382019043,13509.714795703932
forecast_5225,2025-08-06 17:00:00,16092.000102996826,17496.000051498413,14326.363502979406
forecast_5226,2025-08-06 18:00:00,16092.000102996826,17603.999948501587,14304.136046261863
forecast_5227,2025-08-06 19:00:00,16092.000102996826,17388.00015449524,14617.53892319211
forecast_5228,2025-08-06 20:00:00,15660.00051498413,16200.0,12628.833081453122
forecast_5229,2025-08-06 21:00:00,15660.00051498413,16847.999382019043,14027.20668060956
forecast_5230,2025-08-06 22:00:00,16092.000102996826,17388.00015449524,15507.545332741109
forecast_5231,2025-08-06 23:00:00,15660.00051498413,17280.000257492065,15792.015229923081
forecast_5232,2025-08-07 00:00:00,15660.00051498413,17496.000051498413,15686.125482301592
forecast_5233,2025-08-07 01:00:00,14580.000257492065,15119.999742507935,12388.14852333032
forecast_5234,2025-08-07 02:00:00,14580.000257492065,16200.0,14079.265591272786
forecast_5235,2025-08-07 03:00:00,15119.999742507935,16415.999794006348,14319.764197109396
forecast_5236,2025-08-07 04:00:00,15011.99984550476,16200.0,14250.63491310426
forecast_5237,2025-08-07 05:00:00,15011.99984550476,16092.000102996826,14457.898928142702
forecast_5238,2025-08-07 06:00:00,15011.99984550476,15660.00051498413,13809.563943733094
forecast_5239,2025-08-07 07:00:00,15011.99984550476,14688.00015449524,12263.038289528176
forecast_5240,2025-08-07 08:00:00,14147.999382019043,12419.999742507935,10660.396517366582
forecast_5241,2025-08-07 09:00:00,10476.000308990479,8963.999819755554,6681.375098574424
forecast_5242,2025-08-07 10:00:00,6371.999716758728,5615.999794006348,4682.755761813927
forecast_5243,2025-08-07 11:00:00,4211.999845504761,3888.0001544952393,3418.0146993123312
forecast_5244,2025-08-07 12:00:00,3888.0001544952393,3888.0001544952393,3086.9719566959443
forecast_5245,2025-08-07 13:00:00,3888.0001544952393,3672.00003862381,2889.916843645782
forecast_5246,2025-08-07 14:00:00,3888.0001544952393,3348.0000257492065,3344.7558410551324
forecast_5247,2025-08-07 15:00:00,3888.0001544952393,3348.0000257492065,3231.103206474651
forecast_5248,2025-08-07 16:00:00,3888.0001544952393,3348.0000257492065,3358.750876010185
forecast_5249,2025-08-07 17:00:00,3888.0001544952393,3455.9999227523804,2795.5741564371565
forecast_5250,2025-08-07 18:00:00,3888.0001544952393,3564.000141620636,2836.7223875512886
forecast_5251,2025-08-07 19:00:00,3888.0001544952393,3888.0001544952393,2928.818398620226
forecast_5252,2025-08-07 20:00:00,3888.0001544952393,3888.0001544952393,3539.523119548297
forecast_5253,2025-08-07 21:00:00,3888.0001544952393,3888.0001544952393,3948.755477232544
forecast_5254,2025-08-07 22:00:00,4644.00007724762,5075.999987125397,4242.842824569731
forecast_5255,2025-08-07 23:00:00,6588.000154495239,6263.999819755554,4479.270644112088
forecast_5256,2025-08-08 00:00:00,7451.9999742507935,7884.000205993652,6160.679253513807
forecast_5257,2025-08-08 01:00:00,6155.99992275238,7884.000205993652,5250.005096177006
forecast_5258,2025-08-08 02:00:00,7559.999871253967,7884.000205993652,5730.774743933053
forecast_5259,2025-08-08 03:00:00,6048.0000257492065,7884.000205993652,5086.932945378795
forecast_5260,2025-08-08 04:00:00,6048.0000257492065,6263.999819755554,4304.903894611366
forecast_5261,2025-08-08 05:00:00,4751.9999742507935,4211.999845504761,3617.8573754551785
forecast_5262,2025-08-08 06:00:00,3996.000051498413,3888.0001544952393,3221.44412052542
forecast_5263,2025-08-08 07:00:00,3888.0001544952393,3888.0001544952393,2912.2216702874443
forecast_5264,2025-08-08 08:00:00,3779.9999356269836,3564.000141620636,2839.547103836956
forecast_5265,2025-08-08 09:00:00,3348.0000257492065,3564.000141620636,2614.71279903642
forecast_5266,2025-08-08 10:00:00,3348.0000257492065,3348.0000257492065,2513.9822935315487
forecast_5267,2025-08-08 11:00:00,3455.9999227523804,2916.0001158714294,2450.209476937661
forecast_5268,2025-08-08 12:00:00,3348.0000257492065,2916.0001158714294,2237.2395488654192
forecast_5269,2025-08-08 13:00:00,3888.0001544952393,3131.999909877777,2251.884136679293
forecast_5270,2025-08-08 14:00:00,3888.0001544952393,3564.000141620636,2715.294374743395
forecast_5271,2025-08-08 15:00:00,3888.0001544952393,3564.000141620636,3104.9047463601933
forecast_5272,2025-08-08 16:00:00,3888.0001544952393,3564.000141620636,2538.810044733789
forecast_5273,2025-08-08 17:00:00,3564.000141620636,3455.9999227523804,2798.025808020316
forecast_5274,2025-08-08 18:00:00,3779.9999356269836,3240.0001287460327,2511.4018393902834
forecast_5275,2025-08-08 19:00:00,3779.9999356269836,3564.000141620636,2424.890565169386
forecast_5276,2025-08-08 20:00:00,3779.9999356269836,3888.0001544952393,3345.0477271107948
forecast_5277,2025-08-08 21:00:00,3779.9999356269836,3888.0001544952393,3289.9540243439446
forecast_5278,2025-08-08 22:00:00,3888.0001544952393,3564.000141620636,3488.400528707262
forecast_5279,2025-08-08 23:00:00,3888.0001544952393,3888.0001544952393,3441.755515293801
forecast_5280,2025-08-09 00:00:00,3888.0001544952393,3888.0001544952393,3633.3577119761
forecast_5281,2025-08-09 01:00:00,3888.0001544952393,3888.0001544952393,2861.7519110190888
forecast_5282,2025-08-09 02:00:00,3888.0001544952393,3888.0001544952393,3100.0714943145776
forecast_5283,2025-08-09 03:00:00,3888.0001544952393,3888.0001544952393,3339.3968778267304
forecast_5284,2025-08-09 04:00:00,4427.99996137619,3888.0001544952393,3660.431939521584
forecast_5285,2025-08-09 05:00:00,4427.99996137619,4211.999845504761,3487.4094995109285
forecast_5286,2025-08-09 06:00:00,4427.99996137619,3888.0001544952393,3503.980950934685
forecast_5287,2025-08-09 07:00:00,3888.0001544952393,4103.999948501587,3579.755444423828
forecast_5288,2025-08-09 08:00:00,4427.99996137619,4103.999948501587,3617.983954829412
forecast_5289,2025-08-09 09:00:00,3888.0001544952393,3672.00003862381,3323.197654616313
forecast_5290,2025-08-09 10:00:00,3888.0001544952393,3888.0001544952393,3231.7529071907293
forecast_5291,2025-08-09 11:00:00,3888.0001544952393,3888.0001544952393,2792.989380825355
forecast_5292,2025-08-09 12:00:00,3996.000051498413,3888.0001544952393,2678.701693345736
forecast_5293,2025-08-09 13:00:00,3888.0001544952393,3888.0001544952393,2550.128862171236
forecast_5294,2025-08-09 14:00:00,3888.0001544952393,3888.0001544952393,2453.7471883581206
forecast_5295,2025-08-09 15:00:00,3779.9999356269836,3672.00003862381,2609.724252795618
forecast_5296,2025-08-09 16:00:00,3888.0001544952393,3348.0000257492065,2597.225616869024
forecast_5297,2025-08-09 17:00:00,3888.0001544952393,3888.0001544952393,2615.8830584196694
forecast_5298,2025-08-09 18:00:00,3888.0001544952393,3672.00003862381,2784.1023728658624
forecast_5299,2025-08-09 19:00:00,3888.0001544952393,3888.0001544952393,2936.3300171203555
forecast_5300,2025-08-09 20:00:00,3888.0001544952393,4211.999845504761,3595.648862004631
forecast_5301,2025-08-09 21:00:00,4103.999948501587,4103.999948501587,3881.652447540797
forecast_5302,2025-08-09 22:00:00,3888.0001544952393,3888.0001544952393,3341.225347032391
forecast_5303,2025-08-09 23:00:00,3888.0001544952393,3779.9999356269836,3109.181525732234
forecast_5304,2025-08-10 00:00:00,3888.0001544952393,3779.9999356269836,3171.547861844604
forecast_5305,2025-08-10 01:00:00,3888.0001544952393,3672.00003862381,2809.125799169613
forecast_5306,2025-08-10 02:00:00,3888.0001544952393,3455.9999227523804,2422.90658603332
forecast_5307,2025-08-10 03:00:00,3888.0001544952393,3564.000141620636,2418.970885437494
forecast_5308,2025-08-10 04:00:00,3888.0001544952393,3779.9999356269836,2278.5604018638783
forecast_5309,2025-08-10 05:00:00,3888.0001544952393,3672.00003862381,2293.7163573903736
forecast_5310,2025-08-10 06:00:00,3888.0001544952393,3564.000141620636,2420.227718432692
forecast_5311,2025-08-10 07:00:00,3888.0001544952393,3672.00003862381,2512.5125315398145
forecast_5312,2025-08-10 08:00:00,3564.000141620636,3564.000141620636,2413.1459904102235
forecast_5313,2025-08-10 09:00:00,3672.00003862381,3348.0000257492065,2313.9701404465263
forecast_5314,2025-08-10 10:00:00,3455.9999227523804,3024.0000128746033,2106.958261730353
forecast_5315,2025-08-10 11:00:00,3455.9999227523804,3131.999909877777,2440.6536451268503
forecast_5316,2025-08-10 12:00:00,3348.0000257492065,3240.0001287460327,2534.223703972921
forecast_5317,2025-08-10 13:00:00,3348.0000257492065,3131.999909877777,2395.048975500096
forecast_5318,2025-08-10 14:00:00,3348.0000257492065,3240.0001287460327,2267.76381399714
forecast_5319,2025-08-10 15:00:00,3348.0000257492065,3131.999909877777,2224.3285102219465
forecast_5320,2025-08-10 16:00:00,3348.0000257492065,3024.0000128746033,2439.3585361973323
forecast_5321,2025-08-10 17:00:00,3779.9999356269836,3024.0000128746033,2422.0165833116275
forecast_5322,2025-08-10 18:00:00,3455.9999227523804,3024.0000128746033,2748.908459659361
forecast_5323,2025-08-10 19:00:00,3240.0001287460327,3131.999909877777,2387.4417540583017
forecast_5324,2025-08-10 20:00:00,3455.9999227523804,3348.0000257492065,3030.479876087763
forecast_5325,2025-08-10 21:00:00,3455.9999227523804,3455.9999227523804,2733.74423495074
forecast_5326,2025-08-10 22:00:00,3888.0001544952393,3564.000141620636,3044.456743020027
forecast_5327,2025-08-10 23:00:00,3888.0001544952393,3564.000141620636,3033.393795348248
forecast_5328,2025-08-11 00:00:00,3455.9999227523804,3564.000141620636,2700.7177073001094
forecast_5329,2025-08-11 01:00:00,3672.00003862381,3348.0000257492065,2343.584920964431
forecast_5330,2025-08-11 02:00:00,3779.9999356269836,3455.9999227523804,2474.946066120275
forecast_5331,2025-08-11 03:00:00,3779.9999356269836,3564.000141620636,2326.005639453499
forecast_5332,2025-08-11 04:00:00,3779.9999356269836,3564.000141620636,2161.796155594593
forecast_5333,2025-08-11 05:00:00,3455.9999227523804,3564.000141620636,2267.950764498561
forecast_5334,2025-08-11 06:00:00,3672.00003862381,3564.000141620636,2313.220605217363
forecast_5335,2025-08-11 07:00:00,3672.00003862381,3348.0000257492065,2265.284337050561
forecast_5336,2025-08-11 08:00:00,3672.00003862381,3240.0001287460327,2274.6442658658966
forecast_5337,2025-08-11 09:00:00,3888.0001544952393,3348.0000257492065,2330.7160737446025
forecast_5338,2025-08-11 10:00:00,3779.9999356269836,3131.999909877777,2242.4358935105784
forecast_5339,2025-08-11 11:00:00,3779.9999356269836,2700.0,2188.931970542064
forecast_5340,2025-08-11 12:00:00,3779.9999356269836,3348.0000257492065,2140.933370972283
forecast_5341,2025-08-11 13:00:00,3888.0001544952393,3131.999909877777,2367.2449385283544
forecast_5342,2025-08-11 14:00:00,3888.0001544952393,3348.0000257492065,2344.016855326493
forecast_5343,2025-08-11 15:00:00,3888.0001544952393,3348.0000257492065,2523.697174274987
forecast_5344,2025-08-11 16:00:00,3888.0001544952393,3348.0000257492065,2422.064177119646
forecast_5345,2025-08-11 17:00:00,3888.0001544952393,3240.0001287460327,2234.347150649017
forecast_5346,2025-08-11 18:00:00,3888.0001544952393,3564.000141620636,2838.287995784777
forecast_5347,2025-08-11 19:00:00,3672.00003862381,3564.000141620636,2913.8290922275564
forecast_5348,2025-08-11 20:00:00,3672.00003862381,3564.000141620636,2853.2157669005464
forecast_5349,2025-08-11 21:00:00,3779.9999356269836,3564.000141620636,2895.62391118297
forecast_5350,2025-08-11 22:00:00,3888.0001544952393,3564.000141620636,2868.5683645268687
forecast_5351,2025-08-11 23:00:00,3779.9999356269836,3564.000141620636,3067.4503375577115
forecast_5352,2025-08-12 00:00:00,3564.000141620636,3564.000141620636,2764.4552397832467
forecast_5353,2025-08-12 01:00:00,3888.0001544952393,3455.9999227523804,2812.395401018789
forecast_5354,2025-08-12 02:00:00,3888.0001544952393,3888.0001544952393,2670.9544756687023
forecast_5355,2025-08-12 03:00:00,3996.000051498413,3888.0001544952393,2723.8989697985926
forecast_5356,2025-08-12 04:00:00,3888.0001544952393,3888.0001544952393,2540.782664412268
forecast_5357,2025-08-12 05:00:00,3888.0001544952393,3779.9999356269836,2443.001850677109
forecast_5358,2025-08-12 06:00:00,3888.0001544952393,3779.9999356269836,2500.3582017999875
forecast_5359,2025-08-12 07:00:00,3779.9999356269836,3455.9999227523804,2431.558675431332
forecast_5360,2025-08-12 08:00:00,3564.000141620636,3348.0000257492065,2257.817990603182
forecast_5361,2025-08-12 09:00:00,3672.00003862381,3131.999909877777,2056.758000753069
forecast_5362,2025-08-12 10:00:00,3455.9999227523804,3131.999909877777,2128.012703803201
forecast_5363,2025-08-12 11:00:00,3455.9999227523804,3024.0000128746033,2255.3202827162854
forecast_5364,2025-08-12 12:00:00,3455.9999227523804,3024.0000128746033,2148.758850554342
forecast_5365,2025-08-12 13:00:00,3455.9999227523804,3024.0000128746033,2190.720246183844
forecast_5366,2025-08-12 14:00:00,3888.0001544952393,3131.999909877777,2193.6580441901133
forecast_5367,2025-08-12 15:00:00,3888.0001544952393,3240.0001287460327,2179.6446354662985
forecast_5368,2025-08-12 16:00:00,3888.0001544952393,3240.0001287460327,2434.2203617444065
forecast_5369,2025-08-12 17:00:00,3888.0001544952393,3455.9999227523804,2504.52271800942
forecast_5370,2025-08-12 18:00:00,3888.0001544952393,3564.000141620636,2608.958404258213
forecast_5371,2025-08-12 19:00:00,3888.0001544952393,3888.0001544952393,2697.0842963081072
forecast_5372,2025-08-12 20:00:00,3888.0001544952393,3888.0001544952393,2903.5441256127697
forecast_5373,2025-08-12 21:00:00,3888.0001544952393,3888.0001544952393,3140.841803129172
forecast_5374,2025-08-12 22:00:00,3996.000051498413,4427.99996137619,3766.0490467943255
forecast_5375,2025-08-12 23:00:00,3888.0001544952393,3888.0001544952393,2932.262958690072
forecast_5376,2025-08-13 00:00:00,4427.99996137619,6155.99992275238,4028.974341463688
forecast_5377,2025-08-13 01:00:00,4427.99996137619,3888.0001544952393,3194.049421366582
forecast_5378,2025-08-13 02:00:00,4427.99996137619,3888.0001544952393,3493.946640882242
forecast_5379,2025-08-13 03:00:00,5507.999897003174,4211.999845504761,3446.243433445337
forecast_5380,2025-08-13 04:00:00,4320.000064373016,3996.000051498413,3481.859570199192
forecast_5381,2025-08-13 05:00:00,4320.000064373016,4103.999948501587,3360.417827849249
forecast_5382,2025-08-13 06:00:00,4320.000064373016,4644.00007724762,3560.162455853332
forecast_5383,2025-08-13 07:00:00,4320.000064373016,4751.9999742507935,3932.056931113559
forecast_5384,2025-08-13 08:00:00,4859.999871253967,6911.999845504761,4710.8070900200855
forecast_5385,2025-08-13 09:00:00,6155.99992275238,8207.999897003174,4908.714645917641
forecast_5386,2025-08-13 10:00:00,7451.9999742507935,9611.99984550476,6089.27486450074
forecast_5387,2025-08-13 11:00:00,7451.9999742507935,9503.999948501587,5908.203380885001
forecast_5388,2025-08-13 12:00:00,5507.999897003174,8423.999691009521,4768.274910969265
forecast_5389,2025-08-13 13:00:00,4320.000064373016,7992.000102996826,3970.5750666932568
forecast_5390,2025-08-13 14:00:00,4320.000064373016,8423.999691009521,4606.344987946737
forecast_5391,2025-08-13 15:00:00,7451.9999742507935,9180.000257492065,6596.525757388899
forecast_5392,2025-08-13 16:00:00,9719.999742507935,9071.999716758728,8389.563879895499
forecast_5393,2025-08-13 17:00:00,9180.000257492065,9180.000257492065,8599.131339319614
forecast_5394,2025-08-13 18:00:00,9180.000257492065,10907.999897003174,8945.61901886966
forecast_5395,2025-08-13 19:00:00,12096.000051498413,14147.999382019043,9744.988436523838
forecast_5396,2025-08-13 20:00:00,14580.000257492065,15768.000411987305,12589.342371268644
forecast_5397,2025-08-13 21:00:00,16092.000102996826,17064.000463485718,15168.62213531162
forecast_5398,2025-08-13 22:00:00,16092.000102996826,17927.99963951111,16827.424242332272
forecast_5399,2025-08-13 23:00:00,15660.00051498413,17927.99963951111,17399.029405409285
forecast_5400,2025-08-14 00:00:00,15660.00051498413,17927.99963951111,17014.195871216565
forecast_5401,2025-08-14 01:00:00,16092.000102996826,17927.99963951111,17796.329850394755
forecast_5402,2025-08-14 02:00:00,16092.000102996826,18252.000617980957,17795.74849324607
forecast_5403,2025-08-14 03:00:00,15768.000411987305,18252.000617980957,18013.730257441748
forecast_5404,2025-08-14 04:00:00,15660.00051498413,17927.99963951111,17258.80330776396
forecast_5405,2025-08-14 05:00:00,15768.000411987305,17927.99963951111,15465.733543610077
forecast_5406,2025-08-14 06:00:00,15443.999433517456,17496.000051498413,14871.12778851935
forecast_5407,2025-08-14 07:00:00,14688.00015449524,16307.999897003174,13038.233926014287
forecast_5408,2025-08-14 08:00:00,14580.000257492065,16200.0,13753.294321876238
forecast_5409,2025-08-14 09:00:00,14580.000257492065,16523.99969100952,14458.3224395816
forecast_5410,2025-08-14 10:00:00,14472.000360488892,14688.00015449524,13364.117644572854
forecast_5411,2025-08-14 11:00:00,12635.999536514282,11447.999382019043,11247.534701518034
forecast_5412,2025-08-14 12:00:00,11772.000360488892,10151.999974250793,9777.468830546564
forecast_5413,2025-08-14 13:00:00,8855.99992275238,10259.999871253967,7098.082895037695
forecast_5414,2025-08-14 14:00:00,11556.000566482544,11664.000463485718,9807.010539195133
forecast_5415,2025-08-14 15:00:00,10584.000205993652,11015.999794006348,8967.002555725583
forecast_5416,2025-08-14 16:00:00,11772.000360488892,12311.99984550476,10024.250518459232
forecast_5417,2025-08-14 17:00:00,12419.999742507935,12852.000617980957,11071.950258614252
forecast_5418,2025-08-14 18:00:00,12635.999536514282,12527.999639511108,10793.106573637851
forecast_5419,2025-08-14 19:00:00,13068.000411987305,12203.999948501587,9696.900036720264
forecast_5420,2025-08-14 20:00:00,14039.99948501587,14364.000463485718,10968.44565652878
forecast_5421,2025-08-14 21:00:00,14147.999382019043,15552.000617980957,12077.64865609232
forecast_5422,2025-08-14 22:00:00,14688.00015449524,16200.0,13923.154863873628
forecast_5423,2025-08-14 23:00:00,14688.00015449524,15876.000308990479,12147.049925359812
forecast_5424,2025-08-15 00:00:00,14688.00015449524,15443.999433517456,11420.848927994455
forecast_5425,2025-08-15 01:00:00,15984.000205993652,14147.999382019043,10595.75635426544
forecast_5426,2025-08-15 02:00:00,14580.000257492065,12635.999536514282,8557.643069174928
forecast_5427,2025-08-15 03:00:00,13500.0,12311.99984550476,8658.214237156915
forecast_5428,2025-08-15 04:00:00,13500.0,11339.99948501587,8459.87245385524
forecast_5429,2025-08-15 05:00:00,11231.999588012695,10476.000308990479,6854.783532514578
forecast_5430,2025-08-15 06:00:00,11231.999588012695,8748.000025749207,5402.073148287845
forecast_5431,2025-08-15 07:00:00,9288.00015449524,6371.999716758728,4475.534007225784
forecast_5432,2025-08-15 08:00:00,6048.0000257492065,5075.999987125397,3938.258003266867
forecast_5433,2025-08-15 09:00:00,3888.0001544952393,3888.0001544952393,3099.194914309954
forecast_5434,2025-08-15 10:00:00,3888.0001544952393,3564.000141620636,2862.7539691670036
forecast_5435,2025-08-15 11:00:00,3779.9999356269836,3131.999909877777,2396.1380557458183
forecast_5436,2025-08-15 12:00:00,3779.9999356269836,3131.999909877777,2464.9468662829336
forecast_5437,2025-08-15 13:00:00,3779.9999356269836,3024.0000128746033,2236.795722262046
forecast_5438,2025-08-15 14:00:00,3779.9999356269836,3024.0000128746033,2222.2191455461566
forecast_5439,2025-08-15 15:00:00,3672.00003862381,3240.0001287460327,2289.4450699642407
forecast_5440,2025-08-15 16:00:00,3779.9999356269836,3024.0000128746033,2033.7290494770805
forecast_5441,2025-08-15 17:00:00,3779.9999356269836,3240.0001287460327,2149.763750786487
forecast_5442,2025-08-15 18:00:00,3779.9999356269836,3455.9999227523804,2542.3243462958
forecast_5443,2025-08-15 19:00:00,3888.0001544952393,3888.0001544952393,2832.924557986175
forecast_5444,2025-08-15 20:00:00,3888.0001544952393,3888.0001544952393,3478.340759266704
forecast_5445,2025-08-15 21:00:00,4320.000064373016,4320.000064373016,4707.080894824569
forecast_5446,2025-08-15 22:00:00,5832.000231742859,5183.999884128571,4544.589037390134
forecast_5447,2025-08-15 23:00:00,7451.9999742507935,7884.000205993652,4738.561421258144
forecast_5448,2025-08-16 00:00:00,9611.99984550476,9611.99984550476,6074.166297024219
forecast_5449,2025-08-16 01:00:00,11447.999382019043,11664.000463485718,7662.267132919758
forecast_5450,2025-08-16 02:00:00,12743.999433517456,13392.000102996826,8929.89824360947
forecast_5451,2025-08-16 03:00:00,13068.000411987305,13823.999691009521,9589.102954393124
forecast_5452,2025-08-16 04:00:00,12852.000617980957,13068.000411987305,8603.966031644324
forecast_5453,2025-08-16 05:00:00,11772.000360488892,11772.000360488892,7993.024852372604
forecast_5454,2025-08-16 06:00:00,12311.99984550476,10692.000102996826,6796.833338197947
forecast_5455,2025-08-16 07:00:00,10259.999871253967,10692.000102996826,6264.9064534802765
forecast_5456,2025-08-16 08:00:00,7667.999768257141,9071.999716758728,5637.612988086485
forecast_5457,2025-08-16 09:00:00,6263.999819755554,8315.999794006348,5136.10817766151
forecast_5458,2025-08-16 10:00:00,5615.999794006348,6588.000154495239,4896.9991855954695
forecast_5459,2025-08-16 11:00:00,5615.999794006348,5615.999794006348,4892.693814073517
forecast_5460,2025-08-16 12:00:00,5615.999794006348,5615.999794006348,4654.230921504772
forecast_5461,2025-08-16 13:00:00,6371.999716758728,5615.999794006348,3713.468020610103
forecast_5462,2025-08-16 14:00:00,10259.999871253967,7559.999871253967,5496.416120007283
forecast_5463,2025-08-16 15:00:00,11556.000566482544,7992.000102996826,6364.983885406492
forecast_5464,2025-08-16 16:00:00,10259.999871253967,7884.000205993652,6397.841422697853
forecast_5465,2025-08-16 17:00:00,10259.999871253967,9180.000257492065,7381.601348830327
forecast_5466,2025-08-16 18:00:00,11880.000257492065,9611.99984550476,8058.800268861766
forecast_5467,2025-08-16 19:00:00,15660.00051498413,12852.000617980957,10135.786824804183
forecast_5468,2025-08-16 20:00:00,13068.000411987305,14256.000566482544,10669.084769638563
forecast_5469,2025-08-16 21:00:00,15660.00051498413,16092.000102996826,12433.044119232996
forecast_5470,2025-08-16 22:00:00,19547.999382019043,17927.99963951111,15962.422020648672
forecast_5471,2025-08-16 23:00:00,19547.999382019043,17927.99963951111,16525.50982911516
forecast_5472,2025-08-17 00:00:00,19547.999382019043,17927.99963951111,16653.535563856854
forecast_5473,2025-08-17 01:00:00,19547.999382019043,18684.000205993652,16687.11950313668
forecast_5474,2025-08-17 02:00:00,19547.999382019043,18684.000205993652,16350.148461770264
forecast_5475,2025-08-17 03:00:00,19547.999382019043,18468.000411987305,15957.862923468538
forecast_5476,2025-08-17 04:00:00,19547.999382019043,17927.99963951111,16475.04360681366
forecast_5477,2025-08-17 05:00:00,19764.000463485718,17819.999742507935,16031.1702344973
forecast_5478,2025-08-17 06:00:00,19547.999382019043,16956.000566482544,14800.454586627387
forecast_5479,2025-08-17 07:00:00,19223.99969100952,16200.0,13633.826024769069
forecast_5480,2025-08-17 08:00:00,18035.999536514282,15768.000411987305,13276.324043648261
forecast_5481,2025-08-17 09:00:00,14580.000257492065,13715.999794006348,11996.591813846813
forecast_5482,2025-08-17 10:00:00,9719.999742507935,9611.99984550476,7027.339505004246
forecast_5483,2025-08-17 11:00:00,4320.000064373016,6155.99992275238,4560.669806596048
forecast_5484,2025-08-17 12:00:00,3888.0001544952393,3888.0001544952393,3362.010510885452
forecast_5485,2025-08-17 13:00:00,3888.0001544952393,3888.0001544952393,3116.9327740568506
forecast_5486,2025-08-17 14:00:00,4211.999845504761,3888.0001544952393,2756.0237299492514
forecast_5487,2025-08-17 15:00:00,4103.999948501587,3888.0001544952393,2759.714725291375
forecast_5488,2025-08-17 16:00:00,4211.999845504761,3996.000051498413,2629.8103801793422
forecast_5489,2025-08-17 17:00:00,3888.0001544952393,3888.0001544952393,2651.4112424570194
forecast_5490,2025-08-17 18:00:00,4211.999845504761,3888.0001544952393,3318.897290158157
forecast_5491,2025-08-17 19:00:00,4859.999871253967,4320.000064373016,4085.725636609681
forecast_5492,2025-08-17 20:00:00,5292.000102996826,6155.99992275238,4462.5833005809845
forecast_5493,2025-08-17 21:00:00,6048.0000257492065,6588.000154495239,5023.940841006856
forecast_5494,2025-08-17 22:00:00,11015.999794006348,8207.999897003174,5575.112148203869
forecast_5495,2025-08-17 23:00:00,6155.99992275238,6588.000154495239,4807.403859638481
forecast_5496,2025-08-18 00:00:00,10259.999871253967,7992.000102996826,5084.906245235563
forecast_5497,2025-08-18 01:00:00,11123.999691009521,10476.000308990479,6886.38431479516
forecast_5498,2025-08-18 02:00:00,9611.99984550476,9071.999716758728,6048.702518500141
forecast_5499,2025-08-18 03:00:00,13068.000411987305,10692.000102996826,7131.195766234291
forecast_5500,2025-08-18 04:00:00,11015.999794006348,9071.999716758728,5218.275818388726
forecast_5501,2025-08-18 05:00:00,11447.999382019043,10692.000102996826,6334.248729766379
forecast_5502,2025-08-18 06:00:00,11015.999794006348,10476.000308990479,6691.593084163892
forecast_5503,2025-08-18 07:00:00,10259.999871253967,10476.000308990479,6262.081016611644
forecast_5504,2025-08-18 08:00:00,12852.000617980957,10692.000102996826,5846.568752245905
forecast_5505,2025-08-18 09:00:00,10259.999871253967,10151.999974250793,6171.049335039847
forecast_5506,2025-08-18 10:00:00,9828.000283241272,8100.0,5962.717688576896
forecast_5507,2025-08-18 11:00:00,10259.999871253967,9071.999716758728,6683.6036983035365
forecast_5508,2025-08-18 12:00:00,6155.99992275238,6263.999819755554,5062.699861611704
forecast_5509,2025-08-18 13:00:00,5615.999794006348,4859.999871253967,3565.561600439446
forecast_5510,2025-08-18 14:00:00,5183.999884128571,5292.000102996826,3598.103051640359
forecast_5511,2025-08-18 15:00:00,5615.999794006348,6048.0000257492065,4120.156674429704
forecast_5512,2025-08-18 16:00:00,11123.999691009521,7667.999768257141,6496.297142651522
forecast_5513,2025-08-18 17:00:00,10259.999871253967,7884.000205993652,5973.119931606131
forecast_5514,2025-08-18 18:00:00,10692.000102996826,7667.999768257141,6038.17795368407
forecast_5515,2025-08-18 19:00:00,11880.000257492065,9396.000051498413,7887.009215286189
forecast_5516,2025-08-18 20:00:00,13500.0,11339.99948501587,9645.19346452351
forecast_5517,2025-08-18 21:00:00,13500.0,13068.000411987305,9100.799474806065
forecast_5518,2025-08-18 22:00:00,15552.000617980957,15552.000617980957,11400.14095003518
forecast_5519,2025-08-18 23:00:00,15552.000617980957,15011.99984550476,11460.34604522521
forecast_5520,2025-08-19 00:00:00,17172.00036048889,16200.0,12761.520023385783
forecast_5521,2025-08-19 01:00:00,16092.000102996826,17280.000257492065,13274.26306906393
forecast_5522,2025-08-19 02:00:00,15660.00051498413,17172.00036048889,14261.39532280474
forecast_5523,2025-08-19 03:00:00,16092.000102996826,16631.999588012695,13785.156279600718
forecast_5524,2025-08-19 04:00:00,16092.000102996826,16523.99969100952,13856.30778307026
forecast_5525,2025-08-19 05:00:00,16092.000102996826,17172.00036048889,14544.847043775771
forecast_5526,2025-08-19 06:00:00,16092.000102996826,16739.99948501587,14088.567334211206
forecast_5527,2025-08-19 07:00:00,15660.00051498413,16631.999588012695,12806.0449456635
forecast_5528,2025-08-19 08:00:00,16092.000102996826,16523.99969100952,13548.56487231275
forecast_5529,2025-08-19 09:00:00,15660.00051498413,16631.999588012695,13872.910920974173
forecast_5530,2025-08-19 10:00:00,14796.000051498413,14688.00015449524,11553.369038410265
forecast_5531,2025-08-19 11:00:00,13931.999588012695,13068.000411987305,10479.891055085822
forecast_5532,2025-08-19 12:00:00,14039.99948501587,11988.00015449524,9568.808955521105
forecast_5533,2025-08-19 13:00:00,11880.000257492065,11447.999382019043,9107.26551105836
forecast_5534,2025-08-19 14:00:00,10476.000308990479,9936.000180244446,7703.180584096349
forecast_5535,2025-08-19 15:00:00,11339.99948501587,9828.000283241272,8607.929513852503
forecast_5536,2025-08-19 16:00:00,11556.000566482544,9611.99984550476,8993.23022833865
forecast_5537,2025-08-19 17:00:00,11339.99948501587,9719.999742507935,9200.016966613595
forecast_5538,2025-08-19 18:00:00,13392.000102996826,12743.999433517456,9979.851410488294
forecast_5539,2025-08-19 19:00:00,13392.000102996826,13931.999588012695,9804.041596076811
forecast_5540,2025-08-19 20:00:00,15984.000205993652,15552.000617980957,11706.680678970582
forecast_5541,2025-08-19 21:00:00,15660.00051498413,16307.999897003174,12663.07246587732
forecast_5542,2025-08-19 22:00:00,15660.00051498413,16847.999382019043,14663.903026149608
forecast_5543,2025-08-19 23:00:00,15660.00051498413,16847.999382019043,14182.633845871014
forecast_5544,2025-08-20 00:00:00,15660.00051498413,17496.000051498413,15641.532695347822
forecast_5545,2025-08-20 01:00:00,15660.00051498413,17711.99984550476,16198.259991196432
forecast_5546,2025-08-20 02:00:00,15660.00051498413,17711.99984550476,16591.55485626979
forecast_5547,2025-08-20 03:00:00,15660.00051498413,17927.99963951111,16498.539097446723
forecast_5548,2025-08-20 04:00:00,15660.00051498413,17927.99963951111,16547.517609928098
forecast_5549,2025-08-20 05:00:00,15660.00051498413,17603.999948501587,16525.44781436509
forecast_5550,2025-08-20 06:00:00,15660.00051498413,17603.999948501587,15885.64864911462
forecast_5551,2025-08-20 07:00:00,15552.000617980957,16631.999588012695,13930.246824991173
forecast_5552,2025-08-20 08:00:00,15660.00051498413,16415.999794006348,13606.582956292907
forecast_5553,2025-08-20 09:00:00,14256.000566482544,13392.000102996826,10946.844367628386
forecast_5554,2025-08-20 10:00:00,11556.000566482544,9611.99984550476,8391.566975445376
forecast_5555,2025-08-20 11:00:00,11556.000566482544,9071.999716758728,7578.453108666546
forecast_5556,2025-08-20 12:00:00,10259.999871253967,7559.999871253967,6249.206726531177
forecast_5557,2025-08-20 13:00:00,5615.999794006348,4859.999871253967,4704.711209114215
forecast_5558,2025-08-20 14:00:00,5615.999794006348,5400.0,4093.0386152132432
forecast_5559,2025-08-20 15:00:00,5615.999794006348,5615.999794006348,4925.897874507484
forecast_5560,2025-08-20 16:00:00,5940.000128746033,5075.999987125397,4574.139169432724
forecast_5561,2025-08-20 17:00:00,5615.999794006348,5400.0,5079.880059539673
forecast_5562,2025-08-20 18:00:00,5723.9996910095215,4320.000064373016,3366.587827985002
forecast_5563,2025-08-20 19:00:00,4320.000064373016,4535.999858379364,3886.4074308285617
forecast_5564,2025-08-20 20:00:00,6155.99992275238,7236.000180244446,4969.947576883188
forecast_5565,2025-08-20 21:00:00,5183.999884128571,7559.999871253967,5177.585797756971
forecast_5566,2025-08-20 22:00:00,7559.999871253967,9071.999716758728,6163.274633901572
forecast_5567,2025-08-20 23:00:00,9828.000283241272,11231.999588012695,7614.970861803175
forecast_5568,2025-08-21 00:00:00,14256.000566482544,12960.00051498413,10294.250508944266
forecast_5569,2025-08-21 01:00:00,10151.999974250793,11880.000257492065,7761.727500598782
forecast_5570,2025-08-21 02:00:00,13500.0,14472.000360488892,9787.737280702022
forecast_5571,2025-08-21 03:00:00,15119.999742507935,13823.999691009521,10119.937837159172
forecast_5572,2025-08-21 04:00:00,13500.0,14688.00015449524,11713.94400551636
forecast_5573,2025-08-21 05:00:00,15660.00051498413,14580.000257492065,10557.792696301902
forecast_5574,2025-08-21 06:00:00,11339.99948501587,10476.000308990479,7099.092132789036
forecast_5575,2025-08-21 07:00:00,11231.999588012695,7128.000283241272,5992.043243165133
forecast_5576,2025-08-21 08:00:00,6048.0000257492065,5075.999987125397,4475.889318014217
forecast_5577,2025-08-21 09:00:00,3888.0001544952393,3888.0001544952393,3266.0624083471503
forecast_5578,2025-08-21 10:00:00,3888.0001544952393,3564.000141620636,2522.181518399419
forecast_5579,2025-08-21 11:00:00,3779.9999356269836,3240.0001287460327,2186.017693338453
forecast_5580,2025-08-21 12:00:00,3779.9999356269836,3024.0000128746033,2216.7290409524
forecast_5581,2025-08-21 13:00:00,3779.9999356269836,2807.999897003174,2017.299403713817
forecast_5582,2025-08-21 14:00:00,3779.9999356269836,2700.0,1984.3672972725549
forecast_5583,2025-08-21 15:00:00,3348.0000257492065,2807.999897003174,1955.6686293425576
forecast_5584,2025-08-21 16:00:00,3779.9999356269836,2807.999897003174,2028.2916915707497
forecast_5585,2025-08-21 17:00:00,3779.9999356269836,3131.999909877777,1958.6359451475855
forecast_5586,2025-08-21 18:00:00,3888.0001544952393,3348.0000257492065,2944.8216527673985
forecast_5587,2025-08-21 19:00:00,3779.9999356269836,3888.0001544952393,3045.142115732061
forecast_5588,2025-08-21 20:00:00,3779.9999356269836,3564.000141620636,3150.750107647714
forecast_5589,2025-08-21 21:00:00,3888.0001544952393,3888.0001544952393,3346.610197070192
forecast_5590,2025-08-21 22:00:00,3888.0001544952393,3888.0001544952393,3617.76399363829
forecast_5591,2025-08-21 23:00:00,4427.99996137619,3888.0001544952393,3763.1805376380976
forecast_5592,2025-08-22 00:00:00,4427.99996137619,3888.0001544952393,3906.795780824728
forecast_5593,2025-08-22 01:00:00,4103.999948501587,3888.0001544952393,3758.5914869347566
forecast_5594,2025-08-22 02:00:00,4427.99996137619,3888.0001544952393,3880.1096802225866
forecast_5595,2025-08-22 03:00:00,4751.9999742507935,4211.999845504761,4130.928090534445
forecast_5596,2025-08-22 04:00:00,6155.99992275238,7128.000283241272,4917.583500593262
forecast_5597,2025-08-22 05:00:00,7667.999768257141,7884.000205993652,5751.7352897772425
forecast_5598,2025-08-22 06:00:00,11664.000463485718,9071.999716758728,6907.684637091311
forecast_5599,2025-08-22 07:00:00,11664.000463485718,8963.999819755554,6776.104071856504
forecast_5600,2025-08-22 08:00:00,7667.999768257141,8315.999794006348,6496.690961960086
forecast_5601,2025-08-22 09:00:00,6155.99992275238,6588.000154495239,5268.421283125624
forecast_5602,2025-08-22 10:00:00,4535.999858379364,4320.000064373016,4000.600845313385
forecast_5603,2025-08-22 11:00:00,3888.0001544952393,3888.0001544952393,3181.777522471342
forecast_5604,2025-08-22 12:00:00,3888.0001544952393,3455.9999227523804,2752.5007011489647
forecast_5605,2025-08-22 13:00:00,3888.0001544952393,3455.9999227523804,2748.4791396676706
forecast_5606,2025-08-22 14:00:00,3888.0001544952393,3455.9999227523804,3037.360477255946
forecast_5607,2025-08-22 15:00:00,3888.0001544952393,3779.9999356269836,3526.416684028514
forecast_5608,2025-08-22 16:00:00,5615.999794006348,3888.0001544952393,2947.853411979007
forecast_5609,2025-08-22 17:00:00,5615.999794006348,4644.00007724762,3310.3676279496162
forecast_5610,2025-08-22 18:00:00,5075.999987125397,4644.00007724762,4474.661642924034
forecast_5611,2025-08-22 19:00:00,5292.000102996826,6263.999819755554,5428.016119911975
forecast_5612,2025-08-22 20:00:00,10259.999871253967,7559.999871253967,6857.962637162442
forecast_5613,2025-08-22 21:00:00,10259.999871253967,9936.000180244446,8473.623685397446
forecast_5614,2025-08-22 22:00:00,13500.0,13284.000205993652,11439.696724346171
forecast_5615,2025-08-22 23:00:00,15335.999536514282,15119.999742507935,11981.54231592442
forecast_5616,2025-08-23 00:00:00,17064.000463485718,15660.00051498413,12582.647731883322
forecast_5617,2025-08-23 01:00:00,17172.00036048889,16200.0,12037.076775207432
forecast_5618,2025-08-23 02:00:00,17172.00036048889,14796.000051498413,11481.888723089169
forecast_5619,2025-08-23 03:00:00,17172.00036048889,14580.000257492065,11561.676598164406
forecast_5620,2025-08-23 04:00:00,15984.000205993652,13176.000308990479,10460.700253913874
forecast_5621,2025-08-23 05:00:00,13500.0,11556.000566482544,8927.450459796144
forecast_5622,2025-08-23 06:00:00,11231.999588012695,8532.000231742859,6503.0625825742345
forecast_5623,2025-08-23 07:00:00,6155.99992275238,6371.999716758728,4917.712579543287
forecast_5624,2025-08-23 08:00:00,4751.9999742507935,3888.0001544952393,3837.418038369964
forecast_5625,2025-08-23 09:00:00,3996.000051498413,3888.0001544952393,3236.8725946362147
forecast_5626,2025-08-23 10:00:00,3455.9999227523804,3348.0000257492065,2617.320976065083
forecast_5627,2025-08-23 11:00:00,3779.9999356269836,2916.0001158714294,2158.791965503584
forecast_5628,2025-08-23 12:00:00,3455.9999227523804,2700.0,2149.6513678312144
forecast_5629,2025-08-23 13:00:00,3455.9999227523804,2591.9999420642853,2117.541861382432
forecast_5630,2025-08-23 14:00:00,3779.9999356269836,2916.0001158714294,2163.293478698674
forecast_5631,2025-08-23 15:00:00,3779.9999356269836,2700.0,2225.623595306159
forecast_5632,2025-08-23 16:00:00,3779.9999356269836,3240.0001287460327,2739.080194524683
forecast_5633,2025-08-23 17:00:00,3888.0001544952393,3348.0000257492065,2500.317424552506
forecast_5634,2025-08-23 18:00:00,3888.0001544952393,3348.0000257492065,2885.248164388919
forecast_5635,2025-08-23 19:00:00,3779.9999356269836,3564.000141620636,2777.494111190028
forecast_5636,2025-08-23 20:00:00,3888.0001544952393,3888.0001544952393,3788.724873235224
forecast_5637,2025-08-23 21:00:00,3888.0001544952393,3888.0001544952393,3753.961170935619
forecast_5638,2025-08-23 22:00:00,4751.9999742507935,3888.0001544952393,4007.669656113921
forecast_5639,2025-08-23 23:00:00,4751.9999742507935,3888.0001544952393,3502.5466591117483
forecast_5640,2025-08-24 00:00:00,4751.9999742507935,3888.0001544952393,3824.2830395559636
forecast_5641,2025-08-24 01:00:00,4103.999948501587,3888.0001544952393,2958.446572652529
forecast_5642,2025-08-24 02:00:00,4103.999948501587,3888.0001544952393,2845.800340203573
forecast_5643,2025-08-24 03:00:00,3888.0001544952393,3888.0001544952393,3023.2170620898946
forecast_5644,2025-08-24 04:00:00,3888.0001544952393,3888.0001544952393,3026.228275072226
forecast_5645,2025-08-24 05:00:00,3888.0001544952393,3564.000141620636,2783.45067521394
forecast_5646,2025-08-24 06:00:00,3996.000051498413,3564.000141620636,2651.1730452709303
forecast_5647,2025-08-24 07:00:00,3888.0001544952393,3564.000141620636,3069.950451268166
forecast_5648,2025-08-24 08:00:00,3888.0001544952393,3564.000141620636,2842.147711285374
forecast_5649,2025-08-24 09:00:00,3455.9999227523804,3564.000141620636,2834.818624852147
forecast_5650,2025-08-24 10:00:00,3455.9999227523804,3131.999909877777,2551.2285763586083
forecast_5651,2025-08-24 11:00:00,3455.9999227523804,3024.0000128746033,2358.19250769054
forecast_5652,2025-08-24 12:00:00,3455.9999227523804,3024.0000128746033,2327.347867952164
forecast_5653,2025-08-24 13:00:00,3455.9999227523804,3131.999909877777,2197.966641817774
forecast_5654,2025-08-24 14:00:00,3455.9999227523804,2916.0001158714294,2379.0143906628928
forecast_5655,2025-08-24 15:00:00,3888.0001544952393,2916.0001158714294,2199.0065135085165
forecast_5656,2025-08-24 16:00:00,3888.0001544952393,3564.000141620636,2545.6055590822248
forecast_5657,2025-08-24 17:00:00,3779.9999356269836,3672.00003862381,2860.8053657706078
forecast_5658,2025-08-24 18:00:00,3888.0001544952393,3672.00003862381,2955.3086964473564
forecast_5659,2025-08-24 19:00:00,4427.99996137619,3888.0001544952393,3398.3559720168214
forecast_5660,2025-08-24 20:00:00,4751.9999742507935,3888.0001544952393,3221.51564540804
forecast_5661,2025-08-24 21:00:00,4751.9999742507935,3888.0001544952393,3714.24575357761
forecast_5662,2025-08-24 22:00:00,3888.0001544952393,3888.0001544952393,3612.666362859744
forecast_5663,2025-08-24 23:00:00,3996.000051498413,3888.0001544952393,3576.852602489192
forecast_5664,2025-08-25 00:00:00,3888.0001544952393,3888.0001544952393,3371.190375132232
forecast_5665,2025-08-25 01:00:00,4427.99996137619,3888.0001544952393,3295.3941338949458
forecast_5666,2025-08-25 02:00:00,4103.999948501587,3888.0001544952393,3183.950562264263
forecast_5667,2025-08-25 03:00:00,4103.999948501587,3888.0001544952393,3607.542915762222
forecast_5668,2025-08-25 04:00:00,4427.99996137619,3888.0001544952393,3522.0385481433323
forecast_5669,2025-08-25 05:00:00,4103.999948501587,3888.0001544952393,3300.6514708147483
forecast_5670,2025-08-25 06:00:00,4103.999948501587,3888.0001544952393,3544.2179087482823
forecast_5671,2025-08-25 07:00:00,4751.9999742507935,3888.0001544952393,3782.6072325135633
forecast_5672,2025-08-25 08:00:00,4427.99996137619,3888.0001544952393,3330.863329170583
forecast_5673,2025-08-25 09:00:00,3888.0001544952393,3455.9999227523804,2716.7418471943533
forecast_5674,2025-08-25 10:00:00,3779.9999356269836,3455.9999227523804,2692.850723651076
forecast_5675,2025-08-25 11:00:00,3888.0001544952393,3024.0000128746033,2260.461445229348
forecast_5676,2025-08-25 12:00:00,3888.0001544952393,3348.0000257492065,3783.6106218846576
forecast_5677,2025-08-25 13:00:00,3888.0001544952393,3888.0001544952393,3331.9558897403563
forecast_5678,2025-08-25 14:00:00,3888.0001544952393,3888.0001544952393,3022.5759484150685
forecast_5679,2025-08-25 15:00:00,3996.000051498413,3888.0001544952393,3649.390031702793
forecast_5680,2025-08-25 16:00:00,3996.000051498413,3888.0001544952393,3075.2564662771224
forecast_5681,2025-08-25 17:00:00,3996.000051498413,3779.9999356269836,3976.6350510317407
forecast_5682,2025-08-25 18:00:00,4751.9999742507935,5507.999897003174,4336.157624849204
forecast_5683,2025-08-25 19:00:00,4859.999871253967,6263.999819755554,4368.172194018476
forecast_5684,2025-08-25 20:00:00,9180.000257492065,9503.999948501587,6478.829873722609
forecast_5685,2025-08-25 21:00:00,10476.000308990479,11015.999794006348,8112.040448951572
forecast_5686,2025-08-25 22:00:00,11339.99948501587,13392.000102996826,10389.168732330332
forecast_5687,2025-08-25 23:00:00,11664.000463485718,14796.000051498413,12218.63657003155
forecast_5688,2025-08-26 00:00:00,14472.000360488892,15876.000308990479,12784.525586469785
forecast_5689,2025-08-26 01:00:00,14039.99948501587,16956.000566482544,12996.560297890554
forecast_5690,2025-08-26 02:00:00,14688.00015449524,17280.000257492065,13341.151059450482
forecast_5691,2025-08-26 03:00:00,14688.00015449524,17388.00015449524,13960.79134705198
forecast_5692,2025-08-26 04:00:00,14688.00015449524,17388.00015449524,14372.939763448245
forecast_5693,2025-08-26 05:00:00,14688.00015449524,17388.00015449524,14317.305114774475
forecast_5694,2025-08-26 06:00:00,14688.00015449524,17064.000463485718,14278.47223546193
forecast_5695,2025-08-26 07:00:00,14039.99948501587,16739.99948501587,13768.52288292974
forecast_5696,2025-08-26 08:00:00,14039.99948501587,16092.000102996826,13312.818891182573
forecast_5697,2025-08-26 09:00:00,14580.000257492065,15443.999433517456,14255.884828827271
forecast_5698,2025-08-26 10:00:00,12096.000051498413,13500.0,12815.640878902366
forecast_5699,2025-08-26 11:00:00,13392.000102996826,15011.99984550476,13130.040870898662
forecast_5700,2025-08-26 12:00:00,12096.000051498413,13607.999897003174,10757.498445444466
forecast_5701,2025-08-26 13:00:00,12096.000051498413,13392.000102996826,12802.447986881178
forecast_5702,2025-08-26 14:00:00,14039.99948501587,14472.000360488892,13556.796993198906
forecast_5703,2025-08-26 15:00:00,14147.999382019043,14256.000566482544,13099.175526609062
forecast_5704,2025-08-26 16:00:00,13392.000102996826,12527.999639511108,11376.595562582608
forecast_5705,2025-08-26 17:00:00,13392.000102996826,12960.00051498413,11100.485334061876
forecast_5706,2025-08-26 18:00:00,13392.000102996826,12527.999639511108,9750.559735109628
forecast_5707,2025-08-26 19:00:00,12096.000051498413,11339.99948501587,8842.738395408165
forecast_5708,2025-08-26 20:00:00,11339.99948501587,10692.000102996826,7481.90097656027
forecast_5709,2025-08-26 21:00:00,10044.00007724762,10800.0,7952.56096807448
forecast_5710,2025-08-26 22:00:00,11664.000463485718,13392.000102996826,9119.993119705334
forecast_5711,2025-08-26 23:00:00,12852.000617980957,12096.000051498413,9053.495043525949
forecast_5712,2025-08-27 00:00:00,12419.999742507935,11880.000257492065,8014.506333005239
forecast_5713,2025-08-27 01:00:00,11988.00015449524,10151.999974250793,6971.451104583552
forecast_5714,2025-08-27 02:00:00,10151.999974250793,7884.000205993652,5623.614078102401
forecast_5715,2025-08-27 03:00:00,6155.99992275238,6263.999819755554,4235.733333748392
forecast_5716,2025-08-27 04:00:00,4751.9999742507935,4320.000064373016,3455.827010623148
forecast_5717,2025-08-27 05:00:00,3996.000051498413,3888.0001544952393,2979.2847267516554
forecast_5718,2025-08-27 06:00:00,3888.0001544952393,3888.0001544952393,2841.482005868242
forecast_5719,2025-08-27 07:00:00,3779.9999356269836,3672.00003862381,2566.213404905948
forecast_5720,2025-08-27 08:00:00,3455.9999227523804,3564.000141620636,2289.392397843635
forecast_5721,2025-08-27 09:00:00,3455.9999227523804,3348.0000257492065,2131.997688434209
forecast_5722,2025-08-27 10:00:00,3888.0001544952393,3024.0000128746033,2389.7084653336383
forecast_5723,2025-08-27 11:00:00,3888.0001544952393,3024.0000128746033,1984.3633212833472
forecast_5724,2025-08-27 12:00:00,3779.9999356269836,2916.0001158714294,2207.4667811373247
forecast_5725,2025-08-27 13:00:00,3672.00003862381,3024.0000128746033,2224.9470542385216
forecast_5726,2025-08-27 14:00:00,3455.9999227523804,3131.999909877777,2429.7431781753594
forecast_5727,2025-08-27 15:00:00,3455.9999227523804,3131.999909877777,2266.9028266807736
forecast_5728,2025-08-27 16:00:00,3455.9999227523804,3240.0001287460327,2210.9619662796545
forecast_5729,2025-08-27 17:00:00,3455.9999227523804,3240.0001287460327,2388.062169852507
forecast_5730,2025-08-27 18:00:00,3888.0001544952393,3240.0001287460327,2464.681234479162
forecast_5731,2025-08-27 19:00:00,3672.00003862381,3348.0000257492065,2526.058171634479
forecast_5732,2025-08-27 20:00:00,4103.999948501587,3564.000141620636,2626.0666996221107
forecast_5733,2025-08-27 21:00:00,3888.0001544952393,3564.000141620636,2820.50878753505
forecast_5734,2025-08-27 22:00:00,3888.0001544952393,3564.000141620636,2781.8632697988487
forecast_5735,2025-08-27 23:00:00,3888.0001544952393,3779.9999356269836,2789.286138846232
forecast_5736,2025-08-28 00:00:00,3779.9999356269836,3779.9999356269836,2712.449251499381
forecast_5737,2025-08-28 01:00:00,3888.0001544952393,3779.9999356269836,2993.472039052175
forecast_5738,2025-08-28 02:00:00,3888.0001544952393,3779.9999356269836,3182.3662641387655
forecast_5739,2025-08-28 03:00:00,3888.0001544952393,3888.0001544952393,3034.326462524424
forecast_5740,2025-08-28 04:00:00,3888.0001544952393,3888.0001544952393,3319.369527299632
forecast_5741,2025-08-28 05:00:00,3996.000051498413,4211.999845504761,3547.567453562766
forecast_5742,2025-08-28 06:00:00,4211.999845504761,4535.999858379364,3507.382280463813
forecast_5743,2025-08-28 07:00:00,3996.000051498413,4320.000064373016,3606.6887209251763
forecast_5744,2025-08-28 08:00:00,3888.0001544952393,3888.0001544952393,3617.3840568227706
forecast_5745,2025-08-28 09:00:00,3888.0001544952393,3888.0001544952393,3413.362739295011
forecast_5746,2025-08-28 10:00:00,3888.0001544952393,3888.0001544952393,3505.4739472994947
forecast_5747,2025-08-28 11:00:00,3888.0001544952393,3779.9999356269836,3444.576519332445
forecast_5748,2025-08-28 12:00:00,3888.0001544952393,3564.000141620636,3756.037252160225
forecast_5749,2025-08-28 13:00:00,3888.0001544952393,3672.00003862381,3523.269149329057
forecast_5750,2025-08-28 14:00:00,3888.0001544952393,3888.0001544952393,3163.2240721450944
forecast_5751,2025-08-28 15:00:00,3888.0001544952393,3888.0001544952393,3059.0739984238703
forecast_5752,2025-08-28 16:00:00,4320.000064373016,3888.0001544952393,3041.4683229625016
forecast_5753,2025-08-28 17:00:00,4320.000064373016,4320.000064373016,3648.0669778102338
forecast_5754,2025-08-28 18:00:00,4320.000064373016,6263.999819755554,4516.404194099085
forecast_5755,2025-08-28 19:00:00,4320.000064373016,6371.999716758728,4904.352137764746
forecast_5756,2025-08-28 20:00:00,9180.000257492065,9503.999948501587,5745.867866523366
forecast_5757,2025-08-28 21:00:00,10151.999974250793,10476.000308990479,6730.7120567864895
forecast_5758,2025-08-28 22:00:00,10151.999974250793,13500.0,8937.100335753872
forecast_5759,2025-08-28 23:00:00,11339.99948501587,15660.00051498413,11391.054255480542
forecast_5760,2025-08-29 00:00:00,14472.000360488892,16631.999588012695,12823.17077102221
forecast_5761,2025-08-29 01:00:00,15660.00051498413,17927.99963951111,15283.877525340064
forecast_5762,2025-08-29 02:00:00,16092.000102996826,18252.000617980957,15427.697162163733
forecast_5763,2025-08-29 03:00:00,16092.000102996826,18576.00030899048,15197.32505718079
forecast_5764,2025-08-29 04:00:00,15660.00051498413,18252.000617980957,15650.367896335758
forecast_5765,2025-08-29 05:00:00,15660.00051498413,18252.000617980957,16081.328543065283
forecast_5766,2025-08-29 06:00:00,16092.000102996826,17927.99963951111,16321.005014332564
forecast_5767,2025-08-29 07:00:00,15660.00051498413,17927.99963951111,16093.248196777598
forecast_5768,2025-08-29 08:00:00,15660.00051498413,18252.000617980957,16514.824367874273
forecast_5769,2025-08-29 09:00:00,15660.00051498413,17711.99984550476,16079.27210951993
forecast_5770,2025-08-29 10:00:00,16739.99948501587,16092.000102996826,13438.50232567926
forecast_5771,2025-08-29 11:00:00,15660.00051498413,13392.000102996826,11829.709691793025
forecast_5772,2025-08-29 12:00:00,14364.000463485718,11556.000566482544,10559.773014622673
forecast_5773,2025-08-29 13:00:00,13823.999691009521,10367.999768257141,9638.330338410118
forecast_5774,2025-08-29 14:00:00,11556.000566482544,9611.99984550476,9761.553670444033
forecast_5775,2025-08-29 15:00:00,11880.000257492065,11015.999794006348,10147.104514657569
forecast_5776,2025-08-29 16:00:00,11339.99948501587,9719.999742507935,9604.065617688471
forecast_5777,2025-08-29 17:00:00,11339.99948501587,9719.999742507935,9451.646469236252
forecast_5778,2025-08-29 18:00:00,11772.000360488892,10044.00007724762,8947.610697379292
forecast_5779,2025-08-29 19:00:00,12096.000051498413,12096.000051498413,9108.766032248606
forecast_5780,2025-08-29 20:00:00,13068.000411987305,13823.999691009521,10634.200505965851
forecast_5781,2025-08-29 21:00:00,13823.999691009521,13715.999794006348,11456.157945812634
forecast_5782,2025-08-29 22:00:00,16307.999897003174,15768.000411987305,12965.64621504219
forecast_5783,2025-08-29 23:00:00,15552.000617980957,15876.000308990479,12631.83463450496
forecast_5784,2025-08-30 00:00:00,15227.999639511108,15335.999536514282,11660.43370436041
forecast_5785,2025-08-30 01:00:00,15660.00051498413,15011.99984550476,12689.960616978333
forecast_5786,2025-08-30 02:00:00,15552.000617980957,14903.999948501587,12430.426836692446
forecast_5787,2025-08-30 03:00:00,15119.999742507935,14256.000566482544,10697.145620477138
forecast_5788,2025-08-30 04:00:00,13500.0,13068.000411987305,9872.455354823534
forecast_5789,2025-08-30 05:00:00,13068.000411987305,11988.00015449524,8626.752523113697
forecast_5790,2025-08-30 06:00:00,11231.999588012695,10907.999897003174,7640.859099646294
forecast_5791,2025-08-30 07:00:00,11231.999588012695,9071.999716758728,6778.553427323881
forecast_5792,2025-08-30 08:00:00,10259.999871253967,7128.000283241272,5672.26161204839
forecast_5793,2025-08-30 09:00:00,6155.99992275238,5507.999897003174,4280.564213454213
forecast_5794,2025-08-30 10:00:00,3888.0001544952393,3996.000051498413,3140.9079608627985
forecast_5795,2025-08-30 11:00:00,3888.0001544952393,3455.9999227523804,2599.214706602279
forecast_5796,2025-08-30 12:00:00,3888.0001544952393,3240.0001287460327,2455.640202871264
forecast_5797,2025-08-30 13:00:00,3888.0001544952393,3131.999909877777,2306.15579257881
forecast_5798,2025-08-30 14:00:00,3888.0001544952393,3240.0001287460327,2333.42066442516
forecast_5799,2025-08-30 15:00:00,3888.0001544952393,3348.0000257492065,2288.1374615029204
forecast_5800,2025-08-30 16:00:00,3888.0001544952393,3455.9999227523804,2020.9129139374263
forecast_5801,2025-08-30 17:00:00,3888.0001544952393,3240.0001287460327,2030.5668374860868
forecast_5802,2025-08-30 18:00:00,3888.0001544952393,3779.9999356269836,2487.802391341351
forecast_5803,2025-08-30 19:00:00,4427.99996137619,3888.0001544952393,2688.4949552041107
forecast_5804,2025-08-30 20:00:00,4644.00007724762,3888.0001544952393,3564.2547239810315
forecast_5805,2025-08-30 21:00:00,4859.999871253967,4211.999845504761,3676.755793057451
forecast_5806,2025-08-30 22:00:00,4427.99996137619,4644.00007724762,4493.500536191858
forecast_5807,2025-08-30 23:00:00,4859.999871253967,4427.99996137619,3875.526079183592
forecast_5808,2025-08-31 00:00:00,4859.999871253967,4427.99996137619,3755.398021242575
forecast_5809,2025-08-31 01:00:00,5832.000231742859,6588.000154495239,3961.66176559202
forecast_5810,2025-08-31 02:00:00,6263.999819755554,6588.000154495239,4307.950098990533
forecast_5811,2025-08-31 03:00:00,7128.000283241272,7344.00007724762,4290.241248409364
forecast_5812,2025-08-31 04:00:00,5832.000231742859,5940.000128746033,3846.515457613635
forecast_5813,2025-08-31 05:00:00,4751.9999742507935,4427.99996137619,3761.8267164989434
forecast_5814,2025-08-31 06:00:00,3888.0001544952393,3888.0001544952393,3520.002805346998
forecast_5815,2025-08-31 07:00:00,3888.0001544952393,3888.0001544952393,3406.982692400176
forecast_5816,2025-08-31 08:00:00,3888.0001544952393,3779.9999356269836,3057.2226838687307
forecast_5817,2025-08-31 09:00:00,3888.0001544952393,3672.00003862381,2586.707299671831
forecast_5818,2025-08-31 10:00:00,3779.9999356269836,3672.00003862381,3026.873089040307
forecast_5819,2025-08-31 11:00:00,3779.9999356269836,3564.000141620636,2952.255751874518
forecast_5820,2025-08-31 12:00:00,3888.0001544952393,3672.00003862381,3196.6677183669203
forecast_5821,2025-08-31 13:00:00,3888.0001544952393,3888.0001544952393,3394.5084600094515
forecast_5822,2025-08-31 14:00:00,3888.0001544952393,3779.9999356269836,3286.4925289320677
forecast_5823,2025-08-31 15:00:00,3888.0001544952393,3888.0001544952393,3550.9595782655683
forecast_5824,2025-08-31 16:00:00,3888.0001544952393,3888.0001544952393,3217.839699555488
forecast_5825,2025-08-31 17:00:00,3888.0001544952393,3888.0001544952393,2704.01490216548
forecast_5826,2025-08-31 18:00:00,3996.000051498413,4535.999858379364,3315.231109781503
forecast_5827,2025-08-31 19:00:00,4427.99996137619,7559.999871253967,4842.274619261511
forecast_5828,2025-08-31 20:00:00,8423.999691009521,9936.000180244446,5503.784378856057
forecast_5829,2025-08-31 21:00:00,8423.999691009521,9611.99984550476,5857.483630227553
forecast_5830,2025-08-31 22:00:00,10151.999974250793,11988.00015449524,7064.67148054428
forecast_5831,2025-08-31 23:00:00,10151.999974250793,11880.000257492065,7141.080777258206
forecast_5832,2025-09-01 00:00:00,10151.999974250793,12419.999742507935,7870.157861817846
forecast_5833,2025-09-01 01:00:00,13068.000411987305,14688.00015449524,9758.57876238414
forecast_5834,2025-09-01 02:00:00,10907.999897003174,12419.999742507935,8436.769004067324
forecast_5835,2025-09-01 03:00:00,12096.000051498413,14039.99948501587,10265.752146997756
forecast_5836,2025-09-01 04:00:00,13392.000102996826,14903.999948501587,11957.884562558253
forecast_5837,2025-09-01 05:00:00,14688.00015449524,15227.999639511108,12784.874786509288
forecast_5838,2025-09-01 06:00:00,14472.000360488892,14903.999948501587,11777.848800585263
forecast_5839,2025-09-01 07:00:00,12096.000051498413,13500.0,10406.453748836171
forecast_5840,2025-09-01 08:00:00,10476.000308990479,12311.99984550476,8685.376015091004
forecast_5841,2025-09-01 09:00:00,9503.999948501587,11556.000566482544,7842.075873384081
forecast_5842,2025-09-01 10:00:00,8855.99992275238,9828.000283241272,6135.738028887224
forecast_5843,2025-09-01 11:00:00,4751.9999742507935,7559.999871253967,5017.179231119679
forecast_5844,2025-09-01 12:00:00,5615.999794006348,7992.000102996826,5227.354225892457
forecast_5845,2025-09-01 13:00:00,5615.999794006348,7667.999768257141,5786.474301303755
forecast_5846,2025-09-01 14:00:00,5615.999794006348,7992.000102996826,6290.268155916967
forecast_5847,2025-09-01 15:00:00,10259.999871253967,8423.999691009521,7228.21312161144
forecast_5848,2025-09-01 16:00:00,10259.999871253967,8423.999691009521,6638.84167326696
forecast_5849,2025-09-01 17:00:00,10259.999871253967,9071.999716758728,7422.406333002689
forecast_5850,2025-09-01 18:00:00,9828.000283241272,9071.999716758728,7303.298762855584
forecast_5851,2025-09-01 19:00:00,10044.00007724762,8855.99992275238,6130.145320639496
forecast_5852,2025-09-01 20:00:00,9719.999742507935,9180.000257492065,5968.88784839387
forecast_5853,2025-09-01 21:00:00,6588.000154495239,8963.999819755554,4921.824599819887
forecast_5854,2025-09-01 22:00:00,7019.999742507935,10044.00007724762,5194.206231904497
forecast_5855,2025-09-01 23:00:00,10259.999871253967,10476.000308990479,7021.983130563037
forecast_5856,2025-09-02 00:00:00,10259.999871253967,10476.000308990479,7083.09725113258
forecast_5857,2025-09-02 01:00:00,13068.000411987305,13607.999897003174,10854.843463393028
forecast_5858,2025-09-02 02:00:00,13068.000411987305,12419.999742507935,8381.989846124428
forecast_5859,2025-09-02 03:00:00,11231.999588012695,11988.00015449524,8878.629890272128
forecast_5860,2025-09-02 04:00:00,11231.999588012695,11231.999588012695,7790.518011119389
forecast_5861,2025-09-02 05:00:00,7776.0003089904785,9503.999948501587,6290.434946729855
forecast_5862,2025-09-02 06:00:00,7776.0003089904785,9288.00015449524,5621.794913299977
forecast_5863,2025-09-02 07:00:00,6155.99992275238,7559.999871253967,4613.14964837646
forecast_5864,2025-09-02 08:00:00,6155.99992275238,6696.000051498413,4141.715202572094
forecast_5865,2025-09-02 09:00:00,4427.99996137619,5507.999897003174,3204.416447275495
forecast_5866,2025-09-02 10:00:00,4320.000064373016,3996.000051498413,2788.006052624408
forecast_5867,2025-09-02 11:00:00,4320.000064373016,3888.0001544952393,2599.612559902416
forecast_5868,2025-09-02 12:00:00,3888.0001544952393,3672.00003862381,2883.506747264556
forecast_5869,2025-09-02 13:00:00,3888.0001544952393,3240.0001287460327,2629.210679017513
forecast_5870,2025-09-02 14:00:00,3779.9999356269836,3240.0001287460327,2078.25526537378
forecast_5871,2025-09-02 15:00:00,3888.0001544952393,3024.0000128746033,2225.152655201849
forecast_5872,2025-09-02 16:00:00,3779.9999356269836,2916.0001158714294,2190.465598463113
forecast_5873,2025-09-02 17:00:00,3779.9999356269836,3024.0000128746033,2414.333600392825
forecast_5874,2025-09-02 18:00:00,3888.0001544952393,2807.999897003174,2258.559576331676
forecast_5875,2025-09-02 19:00:00,3888.0001544952393,3024.0000128746033,2419.8035089790296
forecast_5876,2025-09-02 20:00:00,3888.0001544952393,3455.9999227523804,2642.3478287545736
forecast_5877,2025-09-02 21:00:00,3779.9999356269836,3564.000141620636,2933.733676238161
forecast_5878,2025-09-02 22:00:00,3888.0001544952393,3672.00003862381,3208.542128535326
forecast_5879,2025-09-02 23:00:00,3888.0001544952393,3672.00003862381,3098.022456430181
forecast_5880,2025-09-03 00:00:00,3888.0001544952393,3672.00003862381,2928.655551145121
forecast_5881,2025-09-03 01:00:00,3455.9999227523804,3564.000141620636,2619.748789873484
forecast_5882,2025-09-03 02:00:00,3888.0001544952393,3564.000141620636,2584.3341262119843
forecast_5883,2025-09-03 03:00:00,3888.0001544952393,3564.000141620636,2619.738667187371
forecast_5884,2025-09-03 04:00:00,3888.0001544952393,3455.9999227523804,2457.1958405863606
forecast_5885,2025-09-03 05:00:00,3888.0001544952393,3564.000141620636,2709.4183048126188
forecast_5886,2025-09-03 06:00:00,3672.00003862381,3564.000141620636,2370.34057038303
forecast_5887,2025-09-03 07:00:00,3455.9999227523804,3564.000141620636,2328.74371195738
forecast_5888,2025-09-03 08:00:00,3455.9999227523804,3455.9999227523804,2523.1958228711733
forecast_5889,2025-09-03 09:00:00,3240.0001287460327,3024.0000128746033,1984.124349895978
forecast_5890,2025-09-03 10:00:00,3348.0000257492065,2484.0000450611115,1915.0801644912096
forecast_5891,2025-09-03 11:00:00,3779.9999356269836,2375.9999871253967,1826.0446955296763
forecast_5892,2025-09-03 12:00:00,3455.9999227523804,2916.0001158714294,1747.3393183483702
forecast_5893,2025-09-03 13:00:00,3455.9999227523804,2916.0001158714294,1906.740762134417
forecast_5894,2025-09-03 14:00:00,3455.9999227523804,3024.0000128746033,1921.5518104583
forecast_5895,2025-09-03 15:00:00,3455.9999227523804,2916.0001158714294,1840.71967337912
forecast_5896,2025-09-03 16:00:00,3455.9999227523804,2916.0001158714294,2033.1876943362083
forecast_5897,2025-09-03 17:00:00,3348.0000257492065,3024.0000128746033,2198.195678111464
forecast_5898,2025-09-03 18:00:00,3779.9999356269836,3024.0000128746033,2378.1269983515085
forecast_5899,2025-09-03 19:00:00,3564.000141620636,2916.0001158714294,2706.814040254344
forecast_5900,2025-09-03 20:00:00,3455.9999227523804,3240.0001287460327,2645.499984483299
forecast_5901,2025-09-03 21:00:00,3779.9999356269836,3240.0001287460327,2655.417990712432
forecast_5902,2025-09-03 22:00:00,3779.9999356269836,3348.0000257492065,2556.085026801047
forecast_5903,2025-09-03 23:00:00,3888.0001544952393,3240.0001287460327,2393.159793277968
forecast_5904,2025-09-04 00:00:00,3779.9999356269836,3240.0001287460327,2367.916096286233
forecast_5905,2025-09-04 01:00:00,3779.9999356269836,3240.0001287460327,2206.571081317891
forecast_5906,2025-09-04 02:00:00,3888.0001544952393,3348.0000257492065,2263.0401202334183
forecast_5907,2025-09-04 03:00:00,3564.000141620636,3131.999909877777,2391.5797337195622
forecast_5908,2025-09-04 04:00:00,3564.000141620636,3348.0000257492065,2284.141094750558
forecast_5909,2025-09-04 05:00:00,3455.9999227523804,3348.0000257492065,2313.769403751281
forecast_5910,2025-09-04 06:00:00,3888.0001544952393,3455.9999227523804,2393.832898772778
forecast_5911,2025-09-04 07:00:00,3888.0001544952393,3455.9999227523804,2347.0641936484644
forecast_5912,2025-09-04 08:00:00,3888.0001544952393,3455.9999227523804,2254.865789313808
forecast_5913,2025-09-04 09:00:00,3888.0001544952393,3348.0000257492065,2106.322909416441
forecast_5914,2025-09-04 10:00:00,3672.00003862381,3240.0001287460327,1950.151132458265
forecast_5915,2025-09-04 11:00:00,3455.9999227523804,3240.0001287460327,1885.4171972462475
forecast_5916,2025-09-04 12:00:00,3672.00003862381,3131.999909877777,1759.8039576975568
forecast_5917,2025-09-04 13:00:00,3672.00003862381,3240.0001287460327,1816.8153070188
forecast_5918,2025-09-04 14:00:00,3672.00003862381,3240.0001287460327,1812.929012141304
forecast_5919,2025-09-04 15:00:00,3455.9999227523804,3348.0000257492065,1860.4607565989384
forecast_5920,2025-09-04 16:00:00,3779.9999356269836,3564.000141620636,1916.2303221081793
forecast_5921,2025-09-04 17:00:00,3779.9999356269836,3672.00003862381,2101.215090480692
forecast_5922,2025-09-04 18:00:00,3779.9999356269836,3564.000141620636,1968.0866535644493
forecast_5923,2025-09-04 19:00:00,3779.9999356269836,3672.00003862381,2451.4251695546664
forecast_5924,2025-09-04 20:00:00,3888.0001544952393,3779.9999356269836,2563.318540070323
forecast_5925,2025-09-04 21:00:00,3888.0001544952393,3996.000051498413,2454.503000503432
forecast_5926,2025-09-04 22:00:00,3888.0001544952393,3779.9999356269836,2417.970002136813
forecast_5927,2025-09-04 23:00:00,3888.0001544952393,3888.0001544952393,2324.649271842347
forecast_5928,2025-09-05 00:00:00,3888.0001544952393,3779.9999356269836,2429.6404525733988
forecast_5929,2025-09-05 01:00:00,3888.0001544952393,3564.000141620636,2273.551804429326
forecast_5930,2025-09-05 02:00:00,3888.0001544952393,3779.9999356269836,2451.0587346393045
forecast_5931,2025-09-05 03:00:00,4103.999948501587,3779.9999356269836,2501.739498651193
forecast_5932,2025-09-05 04:00:00,3996.000051498413,3779.9999356269836,2454.572188687723
forecast_5933,2025-09-05 05:00:00,3888.0001544952393,3888.0001544952393,2463.8893080085254
forecast_5934,2025-09-05 06:00:00,3888.0001544952393,3888.0001544952393,2467.749657173004
forecast_5935,2025-09-05 07:00:00,3888.0001544952393,3888.0001544952393,2389.7447856251447
forecast_5936,2025-09-05 08:00:00,3779.9999356269836,3672.00003862381,2276.697022659668
forecast_5937,2025-09-05 09:00:00,3888.0001544952393,3348.0000257492065,1965.607860837321
forecast_5938,2025-09-05 10:00:00,3455.9999227523804,3131.999909877777,2091.347133384954
forecast_5939,2025-09-05 11:00:00,3455.9999227523804,3131.999909877777,2227.4994201856484
forecast_5940,2025-09-05 12:00:00,3779.9999356269836,3024.0000128746033,2105.432066325313
forecast_5941,2025-09-05 13:00:00,3779.9999356269836,2807.999897003174,1967.686719638324
forecast_5942,2025-09-05 14:00:00,3455.9999227523804,2807.999897003174,1985.0764951080976
forecast_5943,2025-09-05 15:00:00,3348.0000257492065,2807.999897003174,2024.7573927728308
forecast_5944,2025-09-05 16:00:00,3455.9999227523804,2700.0,2088.095904419428
forecast_5945,2025-09-05 17:00:00,3564.000141620636,2916.0001158714294,2073.3008661723247
forecast_5946,2025-09-05 18:00:00,3779.9999356269836,3348.0000257492065,2538.851120289652
forecast_5947,2025-09-05 19:00:00,3888.0001544952393,3779.9999356269836,3052.88528106991
forecast_5948,2025-09-05 20:00:00,3888.0001544952393,3779.9999356269836,3278.24021350916
forecast_5949,2025-09-05 21:00:00,3888.0001544952393,3779.9999356269836,3420.398146129556
forecast_5950,2025-09-05 22:00:00,3888.0001544952393,4103.999948501587,3585.1983585579283
forecast_5951,2025-09-05 23:00:00,4211.999845504761,6155.99992275238,3907.573442905023
forecast_5952,2025-09-06 00:00:00,4211.999845504761,6480.000257492065,4016.153429125877
forecast_5953,2025-09-06 01:00:00,9828.000283241272,11123.999691009521,6564.027163737808
forecast_5954,2025-09-06 02:00:00,10151.999974250793,13392.000102996826,7542.6906159205955
forecast_5955,2025-09-06 03:00:00,11556.000566482544,14472.000360488892,8575.047087255603
forecast_5956,2025-09-06 04:00:00,12311.99984550476,15011.99984550476,10202.039718462076
forecast_5957,2025-09-06 05:00:00,15119.999742507935,15119.999742507935,10328.454822993874
forecast_5958,2025-09-06 06:00:00,15660.00051498413,15443.999433517456,11447.911501947445
forecast_5959,2025-09-06 07:00:00,16956.000566482544,15768.000411987305,12297.766755162036
forecast_5960,2025-09-06 08:00:00,16307.999897003174,14688.00015449524,11155.80933954919
forecast_5961,2025-09-06 09:00:00,15984.000205993652,14256.000566482544,11378.78471195857
forecast_5962,2025-09-06 10:00:00,14039.99948501587,13068.000411987305,11078.158595580266
forecast_5963,2025-09-06 11:00:00,14039.99948501587,12527.999639511108,11180.82683459136
forecast_5964,2025-09-06 12:00:00,14039.99948501587,14364.000463485718,12090.89358243345
forecast_5965,2025-09-06 13:00:00,11664.000463485718,15119.999742507935,12452.949593584472
forecast_5966,2025-09-06 14:00:00,11880.000257492065,14039.99948501587,11910.224732560426
forecast_5967,2025-09-06 15:00:00,14039.99948501587,14903.999948501587,12611.847708024548
forecast_5968,2025-09-06 16:00:00,17603.999948501587,15876.000308990479,12981.651378429193
forecast_5969,2025-09-06 17:00:00,14039.99948501587,15876.000308990479,13690.634317179894
forecast_5970,2025-09-06 18:00:00,14147.999382019043,16739.99948501587,13397.365613981588
forecast_5971,2025-09-06 19:00:00,14580.000257492065,17280.000257492065,13910.912886271088
forecast_5972,2025-09-06 20:00:00,14580.000257492065,17388.00015449524,13852.92859181408
forecast_5973,2025-09-06 21:00:00,14580.000257492065,17603.999948501587,14650.27669668867
forecast_5974,2025-09-06 22:00:00,14688.00015449524,17711.99984550476,15502.148140901398
forecast_5975,2025-09-06 23:00:00,14580.000257492065,17711.99984550476,15443.070451677728
forecast_5976,2025-09-07 00:00:00,14688.00015449524,17927.99963951111,15330.863705782302
forecast_5977,2025-09-07 01:00:00,15552.000617980957,17927.99963951111,16461.55316644439
forecast_5978,2025-09-07 02:00:00,15119.999742507935,17927.99963951111,16464.35967390013
forecast_5979,2025-09-07 03:00:00,15119.999742507935,17927.99963951111,15420.02183949644
forecast_5980,2025-09-07 04:00:00,15119.999742507935,17711.99984550476,14926.926639291109
forecast_5981,2025-09-07 05:00:00,15119.999742507935,17388.00015449524,14071.22005410568
forecast_5982,2025-09-07 06:00:00,14688.00015449524,15660.00051498413,12592.26428810454
forecast_5983,2025-09-07 07:00:00,14688.00015449524,14364.000463485718,12174.549877260939
forecast_5984,2025-09-07 08:00:00,14580.000257492065,14364.000463485718,11994.480510987352
forecast_5985,2025-09-07 09:00:00,13392.000102996826,11988.00015449524,9148.853334042644
forecast_5986,2025-09-07 10:00:00,10476.000308990479,10044.00007724762,7659.347408318419
forecast_5987,2025-09-07 11:00:00,10151.999974250793,10476.000308990479,6941.995022261283
forecast_5988,2025-09-07 12:00:00,5615.999794006348,5400.0,3587.473571896703
forecast_5989,2025-09-07 13:00:00,3888.0001544952393,4320.000064373016,3559.9958109715403
forecast_5990,2025-09-07 14:00:00,5615.999794006348,3996.000051498413,3272.530982718321
forecast_5991,2025-09-07 15:00:00,4211.999845504761,5075.999987125397,3590.4125036935493
forecast_5992,2025-09-07 16:00:00,4211.999845504761,3996.000051498413,3227.396652749381
forecast_5993,2025-09-07 17:00:00,5183.999884128571,4644.00007724762,3689.817532867097
forecast_5994,2025-09-07 18:00:00,6263.999819755554,6048.0000257492065,5156.0774666359885
forecast_5995,2025-09-07 19:00:00,10259.999871253967,8100.0,6037.923727168765
forecast_5996,2025-09-07 20:00:00,13392.000102996826,10476.000308990479,8109.433569740881
forecast_5997,2025-09-07 21:00:00,12527.999639511108,11664.000463485718,7103.223883484998
forecast_5998,2025-09-07 22:00:00,12852.000617980957,11988.00015449524,8550.079658353057
forecast_5999,2025-09-07 23:00:00,12852.000617980957,11988.00015449524,9122.41207771746
forecast_6000,2025-09-08 00:00:00,13284.000205993652,12960.00051498413,9722.675222462029
forecast_6001,2025-09-08 01:00:00,10044.00007724762,10151.999974250793,6105.196739652585
forecast_6002,2025-09-08 02:00:00,7559.999871253967,9828.000283241272,6434.175869442642
forecast_6003,2025-09-08 03:00:00,7559.999871253967,7884.000205993652,5239.800345323035
forecast_6004,2025-09-08 04:00:00,8963.999819755554,6371.999716758728,4628.830844152576
forecast_6005,2025-09-08 05:00:00,7128.000283241272,4644.00007724762,3988.606581789814
forecast_6006,2025-09-08 06:00:00,3996.000051498413,3888.0001544952393,2823.3107000654422
forecast_6007,2025-09-08 07:00:00,3888.0001544952393,3564.000141620636,3084.895747046698
forecast_6008,2025-09-08 08:00:00,3455.9999227523804,3564.000141620636,3013.6165712231104
forecast_6009,2025-09-08 09:00:00,3455.9999227523804,3455.9999227523804,2536.5110846036628
forecast_6010,2025-09-08 10:00:00,3779.9999356269836,3131.999909877777,2145.45491810711
forecast_6011,2025-09-08 11:00:00,3779.9999356269836,3240.0001287460327,2176.4757202647606
forecast_6012,2025-09-08 12:00:00,3888.0001544952393,3348.0000257492065,2462.8664295644007
forecast_6013,2025-09-08 13:00:00,3888.0001544952393,3455.9999227523804,2551.9672810194324
forecast_6014,2025-09-08 14:00:00,3779.9999356269836,3348.0000257492065,2870.152367356732
forecast_6015,2025-09-08 15:00:00,3455.9999227523804,3348.0000257492065,2356.398546003448
forecast_6016,2025-09-08 16:00:00,3888.0001544952393,3888.0001544952393,2690.238365389428
forecast_6017,2025-09-08 17:00:00,4427.99996137619,3888.0001544952393,2805.1276815757005
forecast_6018,2025-09-08 18:00:00,3888.0001544952393,3779.9999356269836,2685.829205328196
forecast_6019,2025-09-08 19:00:00,4427.99996137619,3888.0001544952393,3164.895762114822
forecast_6020,2025-09-08 20:00:00,3888.0001544952393,3888.0001544952393,2740.253472129245
forecast_6021,2025-09-08 21:00:00,3888.0001544952393,3888.0001544952393,3083.842311129402
forecast_6022,2025-09-08 22:00:00,3888.0001544952393,3888.0001544952393,2911.00363815138
forecast_6023,2025-09-08 23:00:00,3888.0001544952393,3779.9999356269836,2539.1011396166105
forecast_6024,2025-09-09 00:00:00,3888.0001544952393,3779.9999356269836,2690.1188332671845
forecast_6025,2025-09-09 01:00:00,3888.0001544952393,3888.0001544952393,3116.414364235536
forecast_6026,2025-09-09 02:00:00,3888.0001544952393,3888.0001544952393,2990.7217453500725
forecast_6027,2025-09-09 03:00:00,3888.0001544952393,3888.0001544952393,2522.5726883606835
forecast_6028,2025-09-09 04:00:00,3888.0001544952393,3779.9999356269836,2609.603563000144
forecast_6029,2025-09-09 05:00:00,3888.0001544952393,3779.9999356269836,2630.792700474063
forecast_6030,2025-09-09 06:00:00,3996.000051498413,3888.0001544952393,2710.8114962236573
forecast_6031,2025-09-09 07:00:00,3888.0001544952393,3888.0001544952393,2929.647868496565
forecast_6032,2025-09-09 08:00:00,3888.0001544952393,3564.000141620636,2529.6674838864883
forecast_6033,2025-09-09 09:00:00,3888.0001544952393,3240.0001287460327,2578.788534996332
forecast_6034,2025-09-09 10:00:00,3888.0001544952393,3564.000141620636,2449.732058635905
forecast_6035,2025-09-09 11:00:00,3888.0001544952393,3455.9999227523804,2466.053381021396
forecast_6036,2025-09-09 12:00:00,3888.0001544952393,3779.9999356269836,2415.5663953389403
forecast_6037,2025-09-09 13:00:00,3779.9999356269836,3564.000141620636,2534.9859442850434
forecast_6038,2025-09-09 14:00:00,3779.9999356269836,3564.000141620636,2851.49457405441
forecast_6039,2025-09-09 15:00:00,3779.9999356269836,3564.000141620636,2597.5921262735496
forecast_6040,2025-09-09 16:00:00,3888.0001544952393,3564.000141620636,2738.3086542079964
forecast_6041,2025-09-09 17:00:00,3779.9999356269836,3564.000141620636,2611.447585754488
forecast_6042,2025-09-09 18:00:00,3672.00003862381,3779.9999356269836,2717.227963669151
forecast_6043,2025-09-09 19:00:00,3888.0001544952393,3779.9999356269836,2787.7247928899064
forecast_6044,2025-09-09 20:00:00,3779.9999356269836,3564.000141620636,2626.1091533545937
forecast_6045,2025-09-09 21:00:00,3888.0001544952393,3564.000141620636,2625.09810817359
forecast_6046,2025-09-09 22:00:00,3888.0001544952393,3672.00003862381,2880.0244237945903
forecast_6047,2025-09-09 23:00:00,3888.0001544952393,3672.00003862381,2884.1760813843966
forecast_6048,2025-09-10 00:00:00,3888.0001544952393,3564.000141620636,2806.490713468071
forecast_6049,2025-09-10 01:00:00,3888.0001544952393,3779.9999356269836,2491.60159292771
forecast_6050,2025-09-10 02:00:00,3888.0001544952393,3779.9999356269836,2846.6145558180165
forecast_6051,2025-09-10 03:00:00,3888.0001544952393,3779.9999356269836,2978.3623764304175
forecast_6052,2025-09-10 04:00:00,3888.0001544952393,3779.9999356269836,2841.835495564988
forecast_6053,2025-09-10 05:00:00,3888.0001544952393,3779.9999356269836,2774.994696202458
forecast_6054,2025-09-10 06:00:00,3888.0001544952393,3779.9999356269836,2834.319684978162
forecast_6055,2025-09-10 07:00:00,3888.0001544952393,3888.0001544952393,2889.2823892690444
forecast_6056,2025-09-10 08:00:00,3888.0001544952393,3779.9999356269836,2700.632617472272
forecast_6057,2025-09-10 09:00:00,3888.0001544952393,3672.00003862381,2613.3198475344434
forecast_6058,2025-09-10 10:00:00,3455.9999227523804,3348.0000257492065,2504.064197716053
forecast_6059,2025-09-10 11:00:00,3455.9999227523804,3240.0001287460327,2212.511024275507
forecast_6060,2025-09-10 12:00:00,3455.9999227523804,3131.999909877777,2111.504100101914
forecast_6061,2025-09-10 13:00:00,3455.9999227523804,3024.0000128746033,2041.021197907771
forecast_6062,2025-09-10 14:00:00,3455.9999227523804,2807.999897003174,2229.4650552287644
forecast_6063,2025-09-10 15:00:00,3672.00003862381,2807.999897003174,2342.411105165608
forecast_6064,2025-09-10 16:00:00,3672.00003862381,3024.0000128746033,2345.045801187716
forecast_6065,2025-09-10 17:00:00,3672.00003862381,3024.0000128746033,2307.326686373601
forecast_6066,2025-09-10 18:00:00,3564.000141620636,3131.999909877777,2419.6319570497244
forecast_6067,2025-09-10 19:00:00,3888.0001544952393,3455.9999227523804,2406.2851492854184
forecast_6068,2025-09-10 20:00:00,3888.0001544952393,3672.00003862381,2790.40222738706
forecast_6069,2025-09-10 21:00:00,3888.0001544952393,3672.00003862381,2689.499141117378
forecast_6070,2025-09-10 22:00:00,3888.0001544952393,3779.9999356269836,2883.488687279768
forecast_6071,2025-09-10 23:00:00,3888.0001544952393,3779.9999356269836,2817.8494475335706
forecast_6072,2025-09-11 00:00:00,3888.0001544952393,3779.9999356269836,2675.081562238189
forecast_6073,2025-09-11 01:00:00,3888.0001544952393,3564.000141620636,2727.1677313429664
forecast_6074,2025-09-11 02:00:00,3888.0001544952393,3564.000141620636,2730.8010734682475
forecast_6075,2025-09-11 03:00:00,3888.0001544952393,3672.00003862381,2662.78215342037
forecast_6076,2025-09-11 04:00:00,3888.0001544952393,3888.0001544952393,2759.6883858783312
forecast_6077,2025-09-11 05:00:00,3888.0001544952393,3996.000051498413,2744.864203560748
forecast_6078,2025-09-11 06:00:00,3996.000051498413,4427.99996137619,2926.267192940284
forecast_6079,2025-09-11 07:00:00,4211.999845504761,5400.0,2988.882032917692
forecast_6080,2025-09-11 08:00:00,4103.999948501587,5075.999987125397,2992.703727088449
forecast_6081,2025-09-11 09:00:00,3888.0001544952393,4644.00007724762,2742.053481872405
forecast_6082,2025-09-11 10:00:00,3888.0001544952393,3888.0001544952393,2428.1753055856584
forecast_6083,2025-09-11 11:00:00,3888.0001544952393,3888.0001544952393,2567.983749593915
forecast_6084,2025-09-11 12:00:00,3888.0001544952393,3888.0001544952393,2621.7870657111544
forecast_6085,2025-09-11 13:00:00,3888.0001544952393,3888.0001544952393,2570.8014996589363
forecast_6086,2025-09-11 14:00:00,3888.0001544952393,3888.0001544952393,2554.965790324536
forecast_6087,2025-09-11 15:00:00,3888.0001544952393,3779.9999356269836,2626.1928685402977
forecast_6088,2025-09-11 16:00:00,3779.9999356269836,3779.9999356269836,2286.8979184159543
forecast_6089,2025-09-11 17:00:00,3888.0001544952393,3564.000141620636,2309.5206049403023
forecast_6090,2025-09-11 18:00:00,3888.0001544952393,3888.0001544952393,2565.976230564965
forecast_6091,2025-09-11 19:00:00,3888.0001544952393,5075.999987125397,2846.1251008493696
forecast_6092,2025-09-11 20:00:00,4211.999845504761,5292.000102996826,3328.298991633708
forecast_6093,2025-09-11 21:00:00,4211.999845504761,6263.999819755554,3690.216233570004
forecast_6094,2025-09-11 22:00:00,5723.9996910095215,7128.000283241272,3954.297476036933
forecast_6095,2025-09-11 23:00:00,6480.000257492065,7451.9999742507935,4072.457568118592
forecast_6096,2025-09-12 00:00:00,5723.9996910095215,6803.999948501587,3753.4859816203593
forecast_6097,2025-09-12 01:00:00,5723.9996910095215,6696.000051498413,3402.959867288201
forecast_6098,2025-09-12 02:00:00,5723.9996910095215,6263.999819755554,3237.151665112397
forecast_6099,2025-09-12 03:00:00,4103.999948501587,5183.999884128571,3022.617136773348
forecast_6100,2025-09-12 04:00:00,3996.000051498413,5183.999884128571,2949.3454598625744
forecast_6101,2025-09-12 05:00:00,3996.000051498413,4535.999858379364,2963.787861803614
forecast_6102,2025-09-12 06:00:00,3888.0001544952393,3996.000051498413,2703.2869859402217
forecast_6103,2025-09-12 07:00:00,3888.0001544952393,4427.99996137619,2766.8884051407385
forecast_6104,2025-09-12 08:00:00,3888.0001544952393,4535.999858379364,2715.3899554868312
forecast_6105,2025-09-12 09:00:00,3888.0001544952393,4427.99996137619,2834.4468004646856
forecast_6106,2025-09-12 10:00:00,3888.0001544952393,3888.0001544952393,2583.875194143087
forecast_6107,2025-09-12 11:00:00,3888.0001544952393,4103.999948501587,2768.608938755936
forecast_6108,2025-09-12 12:00:00,3888.0001544952393,3888.0001544952393,2682.075745090621
forecast_6109,2025-09-12 13:00:00,3888.0001544952393,3888.0001544952393,2615.506674210917
forecast_6110,2025-09-12 14:00:00,3779.9999356269836,3779.9999356269836,2396.1534722444394
forecast_6111,2025-09-12 15:00:00,3888.0001544952393,3888.0001544952393,2500.917389649584
forecast_6112,2025-09-12 16:00:00,3888.0001544952393,3996.000051498413,2459.537962208516
forecast_6113,2025-09-12 17:00:00,3888.0001544952393,4427.99996137619,2547.279454107655
forecast_6114,2025-09-12 18:00:00,3888.0001544952393,4427.99996137619,2978.0208074445727
forecast_6115,2025-09-12 19:00:00,3888.0001544952393,3888.0001544952393,2909.5661544919835
forecast_6116,2025-09-12 20:00:00,3888.0001544952393,4968.000090122223,3439.585809862547
forecast_6117,2025-09-12 21:00:00,4211.999845504761,5292.000102996826,3548.5695731235214
forecast_6118,2025-09-12 22:00:00,4859.999871253967,5832.000231742859,3840.0317432482375
forecast_6119,2025-09-12 23:00:00,4427.99996137619,5940.000128746033,3805.353036061047
forecast_6120,2025-09-13 00:00:00,4859.999871253967,5832.000231742859,3634.55122415968
forecast_6121,2025-09-13 01:00:00,4427.99996137619,5400.0,4324.408286169526
forecast_6122,2025-09-13 02:00:00,4427.99996137619,6911.999845504761,5117.751499980145
forecast_6123,2025-09-13 03:00:00,5723.9996910095215,7559.999871253967,5489.712240147533
forecast_6124,2025-09-13 04:00:00,7776.0003089904785,9288.00015449524,6174.82872902907
forecast_6125,2025-09-13 05:00:00,7776.0003089904785,9611.99984550476,6164.150651404162
forecast_6126,2025-09-13 06:00:00,13176.000308990479,11772.000360488892,8349.491325787492
forecast_6127,2025-09-13 07:00:00,13715.999794006348,11772.000360488892,7913.293376360688
forecast_6128,2025-09-13 08:00:00,13176.000308990479,13392.000102996826,11137.2218877566
forecast_6129,2025-09-13 09:00:00,12743.999433517456,12960.00051498413,10504.72496169452
forecast_6130,2025-09-13 10:00:00,12203.999948501587,12419.999742507935,12093.623720810752
forecast_6131,2025-09-13 11:00:00,9396.000051498413,10907.999897003174,7780.163557282234
forecast_6132,2025-09-13 12:00:00,7776.0003089904785,8855.99992275238,6189.5165709900375
forecast_6133,2025-09-13 13:00:00,5183.999884128571,7776.0003089904785,4705.622216379571
forecast_6134,2025-09-13 14:00:00,3888.0001544952393,3996.000051498413,3475.756009744676
forecast_6135,2025-09-13 15:00:00,3888.0001544952393,3888.0001544952393,3511.3435744712865
forecast_6136,2025-09-13 16:00:00,3779.9999356269836,3888.0001544952393,2798.918880250516
forecast_6137,2025-09-13 17:00:00,3888.0001544952393,3996.000051498413,2539.1147670304
forecast_6138,2025-09-13 18:00:00,3888.0001544952393,3996.000051498413,3109.530615384187
forecast_6139,2025-09-13 19:00:00,3888.0001544952393,3672.00003862381,2565.452794847577
forecast_6140,2025-09-13 20:00:00,3888.0001544952393,3348.0000257492065,2573.873082687213
forecast_6141,2025-09-13 21:00:00,3888.0001544952393,3455.9999227523804,2985.5312450118004
forecast_6142,2025-09-13 22:00:00,3888.0001544952393,3348.0000257492065,2621.331782497819
forecast_6143,2025-09-13 23:00:00,3888.0001544952393,3348.0000257492065,2558.2840433177025
forecast_6144,2025-09-14 00:00:00,3888.0001544952393,3131.999909877777,2811.129897537244
forecast_6145,2025-09-14 01:00:00,3888.0001544952393,3779.9999356269836,2762.960127483381
forecast_6146,2025-09-14 02:00:00,3888.0001544952393,3779.9999356269836,2806.656754071525
forecast_6147,2025-09-14 03:00:00,3779.9999356269836,3779.9999356269836,2662.4999215364983
forecast_6148,2025-09-14 04:00:00,3888.0001544952393,3779.9999356269836,2581.603245004236
forecast_6149,2025-09-14 05:00:00,3888.0001544952393,3779.9999356269836,2916.522685692839
forecast_6150,2025-09-14 06:00:00,3888.0001544952393,3779.9999356269836,2889.7816434334
forecast_6151,2025-09-14 07:00:00,3888.0001544952393,3779.9999356269836,3012.3875861369047
forecast_6152,2025-09-14 08:00:00,3888.0001544952393,3779.9999356269836,3018.887068002301
forecast_6153,2025-09-14 09:00:00,3888.0001544952393,3779.9999356269836,2877.3073142901294
forecast_6154,2025-09-14 10:00:00,3888.0001544952393,3888.0001544952393,2849.670469081
forecast_6155,2025-09-14 11:00:00,3888.0001544952393,3672.00003862381,2572.8653266375327
forecast_6156,2025-09-14 12:00:00,3888.0001544952393,3455.9999227523804,2049.5633707215497
forecast_6157,2025-09-14 13:00:00,3888.0001544952393,3348.0000257492065,1938.0248457615303
forecast_6158,2025-09-14 14:00:00,3888.0001544952393,3455.9999227523804,1881.1000893444293
forecast_6159,2025-09-14 15:00:00,3888.0001544952393,3888.0001544952393,2364.1298285631983
forecast_6160,2025-09-14 16:00:00,3996.000051498413,3888.0001544952393,2133.7484339853168
forecast_6161,2025-09-14 17:00:00,4211.999845504761,3888.0001544952393,2898.318575883104
forecast_6162,2025-09-14 18:00:00,5292.000102996826,5075.999987125397,4294.8170880537145
forecast_6163,2025-09-14 19:00:00,6480.000257492065,7344.00007724762,5498.113596206218
forecast_6164,2025-09-14 20:00:00,11339.99948501587,11339.99948501587,7728.415778015216
forecast_6165,2025-09-14 21:00:00,11772.000360488892,13176.000308990479,8772.457612918295
forecast_6166,2025-09-14 22:00:00,16415.999794006348,15768.000411987305,12028.099819398189
forecast_6167,2025-09-14 23:00:00,17172.00036048889,16415.999794006348,13259.184847383664
forecast_6168,2025-09-15 00:00:00,17172.00036048889,16631.999588012695,13840.1116844865
forecast_6169,2025-09-15 01:00:00,17603.999948501587,16523.99969100952,11731.818029137114
forecast_6170,2025-09-15 02:00:00,15984.000205993652,14580.000257492065,10412.135713415924
forecast_6171,2025-09-15 03:00:00,14580.000257492065,12852.000617980957,8844.84939112937
forecast_6172,2025-09-15 04:00:00,14688.00015449524,12960.00051498413,8595.516320260365
forecast_6173,2025-09-15 05:00:00,11231.999588012695,11339.99948501587,6723.370047278408
forecast_6174,2025-09-15 06:00:00,10044.00007724762,7884.000205993652,4890.3805155358295
forecast_6175,2025-09-15 07:00:00,4751.9999742507935,4859.999871253967,3804.426440220013
forecast_6176,2025-09-15 08:00:00,4427.99996137619,3888.0001544952393,3450.05138438168
forecast_6177,2025-09-15 09:00:00,3888.0001544952393,3672.00003862381,2748.9227588237177
forecast_6178,2025-09-15 10:00:00,3779.9999356269836,3455.9999227523804,2610.401392354393
forecast_6179,2025-09-15 11:00:00,3888.0001544952393,3240.0001287460327,2142.61542380479
forecast_6180,2025-09-15 12:00:00,3888.0001544952393,3348.0000257492065,2288.3464632055293
forecast_6181,2025-09-15 13:00:00,3888.0001544952393,3240.0001287460327,2405.155950042865
forecast_6182,2025-09-15 14:00:00,3888.0001544952393,3240.0001287460327,2106.932322019428
forecast_6183,2025-09-15 15:00:00,3888.0001544952393,3672.00003862381,2368.114855414829
forecast_6184,2025-09-15 16:00:00,3888.0001544952393,3564.000141620636,2412.155631090372
forecast_6185,2025-09-15 17:00:00,4211.999845504761,3888.0001544952393,3129.1280368027674
forecast_6186,2025-09-15 18:00:00,4751.9999742507935,3996.000051498413,3905.6448650784105
forecast_6187,2025-09-15 19:00:00,4859.999871253967,4427.99996137619,4252.511272295228
forecast_6188,2025-09-15 20:00:00,8855.99992275238,6696.000051498413,4878.157036244978
forecast_6189,2025-09-15 21:00:00,7451.9999742507935,6371.999716758728,4393.472830895072
forecast_6190,2025-09-15 22:00:00,4751.9999742507935,5292.000102996826,4192.35251772769
forecast_6191,2025-09-15 23:00:00,4211.999845504761,4968.000090122223,3557.5969944625926
forecast_6192,2025-09-16 00:00:00,4211.999845504761,5292.000102996826,3806.7120037961536
forecast_6193,2025-09-16 01:00:00,10259.999871253967,8640.000128746033,5747.910057928246
forecast_6194,2025-09-16 02:00:00,10044.00007724762,9611.99984550476,6733.522826060639
forecast_6195,2025-09-16 03:00:00,10044.00007724762,10259.999871253967,6082.726479468947
forecast_6196,2025-09-16 04:00:00,11231.999588012695,10800.0,6903.118957124048
forecast_6197,2025-09-16 05:00:00,11447.999382019043,11664.000463485718,7618.855386607366
forecast_6198,2025-09-16 06:00:00,13500.0,12852.000617980957,8575.19220037927
forecast_6199,2025-09-16 07:00:00,13500.0,11988.00015449524,7825.117969809125
forecast_6200,2025-09-16 08:00:00,10259.999871253967,9611.99984550476,6078.221327870871
forecast_6201,2025-09-16 09:00:00,9719.999742507935,8532.000231742859,4833.385383648172
forecast_6202,2025-09-16 10:00:00,5615.999794006348,6048.0000257492065,3960.061646329172
forecast_6203,2025-09-16 11:00:00,5615.999794006348,5615.999794006348,4533.710850831064
forecast_6204,2025-09-16 12:00:00,5615.999794006348,6155.99992275238,4463.196968717679
forecast_6205,2025-09-16 13:00:00,6371.999716758728,7128.000283241272,4828.161980288686
forecast_6206,2025-09-16 14:00:00,6911.999845504761,7559.999871253967,5804.5023579662975
forecast_6207,2025-09-16 15:00:00,10259.999871253967,8640.000128746033,7435.914817661066
forecast_6208,2025-09-16 16:00:00,10476.000308990479,7559.999871253967,7141.507666982666
forecast_6209,2025-09-16 17:00:00,6696.000051498413,7344.00007724762,5885.911289120152
forecast_6210,2025-09-16 18:00:00,5292.000102996826,6911.999845504761,5235.591225946462
forecast_6211,2025-09-16 19:00:00,7559.999871253967,9396.000051498413,7776.5266937435745
forecast_6212,2025-09-16 20:00:00,9936.000180244446,9288.00015449524,7731.333198285583
forecast_6213,2025-09-16 21:00:00,10259.999871253967,9719.999742507935,7364.801152366826
forecast_6214,2025-09-16 22:00:00,10151.999974250793,10151.999974250793,7018.799830826957
forecast_6215,2025-09-16 23:00:00,10151.999974250793,10907.999897003174,7698.132767895755
forecast_6216,2025-09-17 00:00:00,10151.999974250793,13392.000102996826,7921.220940071043
forecast_6217,2025-09-17 01:00:00,14688.00015449524,16415.999794006348,13932.662508474506
forecast_6218,2025-09-17 02:00:00,15119.999742507935,17819.999742507935,14305.151607845202
forecast_6219,2025-09-17 03:00:00,15119.999742507935,17819.999742507935,15698.160508429599
forecast_6220,2025-09-17 04:00:00,15552.000617980957,17927.99963951111,16452.451050286767
forecast_6221,2025-09-17 05:00:00,16092.000102996826,17927.99963951111,16643.391961371297
forecast_6222,2025-09-17 06:00:00,14688.00015449524,17496.000051498413,15452.617216226385
forecast_6223,2025-09-17 07:00:00,14688.00015449524,14796.000051498413,12747.81081564719
forecast_6224,2025-09-17 08:00:00,12635.999536514282,10907.999897003174,7558.649947140826
forecast_6225,2025-09-17 09:00:00,7992.000102996826,8640.000128746033,4781.038184181131
forecast_6226,2025-09-17 10:00:00,4859.999871253967,4644.00007724762,3227.2176737506843
forecast_6227,2025-09-17 11:00:00,4320.000064373016,4211.999845504761,3151.0087224030844
forecast_6228,2025-09-17 12:00:00,3888.0001544952393,4211.999845504761,3480.6024053265737
forecast_6229,2025-09-17 13:00:00,3888.0001544952393,3779.9999356269836,3425.0193097452147
forecast_6230,2025-09-17 14:00:00,4427.99996137619,4968.000090122223,4041.0708646617677
forecast_6231,2025-09-17 15:00:00,5292.000102996826,7992.000102996826,6209.228485298014
forecast_6232,2025-09-17 16:00:00,5292.000102996826,6803.999948501587,5286.880083930389
forecast_6233,2025-09-17 17:00:00,4320.000064373016,4211.999845504761,4007.62980910601
forecast_6234,2025-09-17 18:00:00,4320.000064373016,4211.999845504761,3179.0296359292875
forecast_6235,2025-09-17 19:00:00,3888.0001544952393,3564.000141620636,2863.5734082976305
forecast_6236,2025-09-17 20:00:00,3888.0001544952393,3240.0001287460327,2468.04963533923
forecast_6237,2025-09-17 21:00:00,3888.0001544952393,3564.000141620636,2499.686664987401
forecast_6238,2025-09-17 22:00:00,3888.0001544952393,3348.0000257492065,2470.332625040899
forecast_6239,2025-09-17 23:00:00,3888.0001544952393,3131.999909877777,2422.914976465649
forecast_6240,2025-09-18 00:00:00,3888.0001544952393,2916.0001158714294,2465.407937894556
forecast_6241,2025-09-18 01:00:00,3888.0001544952393,3348.0000257492065,2337.38212961213
forecast_6242,2025-09-18 02:00:00,3888.0001544952393,3131.999909877777,2591.312494076258
forecast_6243,2025-09-18 03:00:00,3455.9999227523804,3348.0000257492065,2506.1168223629893
forecast_6244,2025-09-18 04:00:00,3455.9999227523804,3240.0001287460327,2263.490181052004
forecast_6245,2025-09-18 05:00:00,4103.999948501587,3564.000141620636,2472.68202401822
forecast_6246,2025-09-18 06:00:00,4103.999948501587,4211.999845504761,2855.360769006362
forecast_6247,2025-09-18 07:00:00,3888.0001544952393,4644.00007724762,3142.067237975353
forecast_6248,2025-09-18 08:00:00,3888.0001544952393,4644.00007724762,3354.2262933518277
forecast_6249,2025-09-18 09:00:00,3888.0001544952393,4644.00007724762,3314.3860156191736
forecast_6250,2025-09-18 10:00:00,3888.0001544952393,4644.00007724762,3266.8499891709685
forecast_6251,2025-09-18 11:00:00,3888.0001544952393,4644.00007724762,3075.033805995252
forecast_6252,2025-09-18 12:00:00,3888.0001544952393,4211.999845504761,2918.7644851186574
forecast_6253,2025-09-18 13:00:00,3888.0001544952393,3888.0001544952393,3002.801489616775
forecast_6254,2025-09-18 14:00:00,3779.9999356269836,3888.0001544952393,2877.214975920628
forecast_6255,2025-09-18 15:00:00,3779.9999356269836,3888.0001544952393,2932.890431782401
forecast_6256,2025-09-18 16:00:00,3779.9999356269836,3888.0001544952393,2694.0970684168497
forecast_6257,2025-09-18 17:00:00,3779.9999356269836,3888.0001544952393,2989.8406850739834
forecast_6258,2025-09-18 18:00:00,3888.0001544952393,3888.0001544952393,2901.690163764945
forecast_6259,2025-09-18 19:00:00,3888.0001544952393,3888.0001544952393,2932.062349457281
forecast_6260,2025-09-18 20:00:00,3455.9999227523804,3779.9999356269836,2864.491459523352
forecast_6261,2025-09-18 21:00:00,3779.9999356269836,3779.9999356269836,3037.8722039509685
forecast_6262,2025-09-18 22:00:00,3888.0001544952393,3996.000051498413,2923.160584112367
forecast_6263,2025-09-18 23:00:00,3888.0001544952393,3996.000051498413,3016.7491644456672
forecast_6264,2025-09-19 00:00:00,3888.0001544952393,3888.0001544952393,2869.2668977861
forecast_6265,2025-09-19 01:00:00,3888.0001544952393,3888.0001544952393,2729.182635206071
forecast_6266,2025-09-19 02:00:00,3888.0001544952393,3888.0001544952393,2673.3731545122514
forecast_6267,2025-09-19 03:00:00,3888.0001544952393,3888.0001544952393,2680.9342888227943
forecast_6268,2025-09-19 04:00:00,3779.9999356269836,3888.0001544952393,2590.661024218605
forecast_6269,2025-09-19 05:00:00,3779.9999356269836,3888.0001544952393,2475.4381498074968
forecast_6270,2025-09-19 06:00:00,3888.0001544952393,3564.000141620636,2390.911511402171
forecast_6271,2025-09-19 07:00:00,3888.0001544952393,3564.000141620636,2527.543427679797
forecast_6272,2025-09-19 08:00:00,3888.0001544952393,3564.000141620636,2512.715387782205
forecast_6273,2025-09-19 09:00:00,3888.0001544952393,3348.0000257492065,2319.6070972498405
forecast_6274,2025-09-19 10:00:00,3779.9999356269836,3131.999909877777,2186.797277047484
forecast_6275,2025-09-19 11:00:00,3455.9999227523804,3131.999909877777,2326.8332141857986
forecast_6276,2025-09-19 12:00:00,3455.9999227523804,3131.999909877777,2434.532163004038
forecast_6277,2025-09-19 13:00:00,3455.9999227523804,3240.0001287460327,2725.810174538211
forecast_6278,2025-09-19 14:00:00,3455.9999227523804,3240.0001287460327,2765.873211174429
forecast_6279,2025-09-19 15:00:00,3455.9999227523804,3348.0000257492065,2777.408168374709
forecast_6280,2025-09-19 16:00:00,3564.000141620636,3455.9999227523804,2818.389242971756
forecast_6281,2025-09-19 17:00:00,3455.9999227523804,3348.0000257492065,2975.738105297473
forecast_6282,2025-09-19 18:00:00,3672.00003862381,3455.9999227523804,2827.123722955476
forecast_6283,2025-09-19 19:00:00,3779.9999356269836,3564.000141620636,2978.9011662352736
forecast_6284,2025-09-19 20:00:00,3779.9999356269836,3564.000141620636,2843.0992574080447
forecast_6285,2025-09-19 21:00:00,3779.9999356269836,3888.0001544952393,2952.730401342836
forecast_6286,2025-09-19 22:00:00,3888.0001544952393,3888.0001544952393,3024.8676029793974
forecast_6287,2025-09-19 23:00:00,3996.000051498413,3996.000051498413,3156.344720663983
forecast_6288,2025-09-20 00:00:00,4427.99996137619,6263.999819755554,4259.485303912636
forecast_6289,2025-09-20 01:00:00,6480.000257492065,7776.0003089904785,4027.019763200035
forecast_6290,2025-09-20 02:00:00,8532.000231742859,8855.99992275238,5386.2137046322505
forecast_6291,2025-09-20 03:00:00,4320.000064373016,6263.999819755554,4227.027631830688
forecast_6292,2025-09-20 04:00:00,3996.000051498413,5075.999987125397,4228.996503419835
forecast_6293,2025-09-20 05:00:00,5723.9996910095215,6696.000051498413,3952.761850914249
forecast_6294,2025-09-20 06:00:00,8748.000025749207,8855.99992275238,5265.897043185774
forecast_6295,2025-09-20 07:00:00,5723.9996910095215,6480.000257492065,3807.2651829847855
forecast_6296,2025-09-20 08:00:00,4751.9999742507935,5400.0,3615.6461659568586
forecast_6297,2025-09-20 09:00:00,3888.0001544952393,3779.9999356269836,3295.201623818152
forecast_6298,2025-09-20 10:00:00,3888.0001544952393,3672.00003862381,2352.992376922248
forecast_6299,2025-09-20 11:00:00,3888.0001544952393,3779.9999356269836,2860.432213320923
forecast_6300,2025-09-20 12:00:00,4211.999845504761,3888.0001544952393,2729.3391417794405
forecast_6301,2025-09-20 13:00:00,3888.0001544952393,3996.000051498413,2655.317405361913
forecast_6302,2025-09-20 14:00:00,3888.0001544952393,4211.999845504761,2847.3463351717037
forecast_6303,2025-09-20 15:00:00,3888.0001544952393,4211.999845504761,2903.3825984049545
forecast_6304,2025-09-20 16:00:00,3888.0001544952393,3779.9999356269836,2915.449313843048
forecast_6305,2025-09-20 17:00:00,3888.0001544952393,3779.9999356269836,2909.27089697462
forecast_6306,2025-09-20 18:00:00,3888.0001544952393,3564.000141620636,2685.2848522087584
forecast_6307,2025-09-20 19:00:00,3888.0001544952393,3564.000141620636,3000.737573964254
forecast_6308,2025-09-20 20:00:00,3996.000051498413,3888.0001544952393,2948.6038817673107
forecast_6309,2025-09-20 21:00:00,3996.000051498413,4211.999845504761,3194.6753789682766
forecast_6310,2025-09-20 22:00:00,4535.999858379364,4427.99996137619,2870.476103035198
forecast_6311,2025-09-20 23:00:00,4211.999845504761,4427.99996137619,3470.5562635288256
forecast_6312,2025-09-21 00:00:00,3888.0001544952393,5183.999884128571,3432.7710746564817
forecast_6313,2025-09-21 01:00:00,4644.00007724762,5615.999794006348,3645.0188732213646
forecast_6314,2025-09-21 02:00:00,4644.00007724762,5183.999884128571,3355.869487689077
forecast_6315,2025-09-21 03:00:00,4535.999858379364,4644.00007724762,3013.66483332338
forecast_6316,2025-09-21 04:00:00,4535.999858379364,4644.00007724762,2737.1259083654654
forecast_6317,2025-09-21 05:00:00,3996.000051498413,4211.999845504761,2894.479969520398
forecast_6318,2025-09-21 06:00:00,4211.999845504761,4427.99996137619,3224.6321175048465
forecast_6319,2025-09-21 07:00:00,4211.999845504761,5075.999987125397,3544.48809892854
forecast_6320,2025-09-21 08:00:00,3888.0001544952393,5075.999987125397,3464.3769115395144
forecast_6321,2025-09-21 09:00:00,3888.0001544952393,3888.0001544952393,3454.727194171363
forecast_6322,2025-09-21 10:00:00,3888.0001544952393,3888.0001544952393,3208.425501003741
forecast_6323,2025-09-21 11:00:00,3779.9999356269836,3888.0001544952393,2945.0139283418603
forecast_6324,2025-09-21 12:00:00,3455.9999227523804,3455.9999227523804,2548.85793880996
forecast_6325,2025-09-21 13:00:00,3455.9999227523804,3455.9999227523804,2433.9336031226594
forecast_6326,2025-09-21 14:00:00,3455.9999227523804,3564.000141620636,2407.1462087148143
forecast_6327,2025-09-21 15:00:00,3455.9999227523804,3564.000141620636,2317.8841629720305
forecast_6328,2025-09-21 16:00:00,3455.9999227523804,3564.000141620636,2474.3773275977096
forecast_6329,2025-09-21 17:00:00,3455.9999227523804,3779.9999356269836,3010.926113213091
forecast_6330,2025-09-21 18:00:00,3779.9999356269836,3888.0001544952393,2930.064654528708
forecast_6331,2025-09-21 19:00:00,3888.0001544952393,3888.0001544952393,3221.953714996129
forecast_6332,2025-09-21 20:00:00,3888.0001544952393,4103.999948501587,3266.0653299664423
forecast_6333,2025-09-21 21:00:00,3888.0001544952393,4427.99996137619,3519.1882952059964
forecast_6334,2025-09-21 22:00:00,4211.999845504761,5615.999794006348,3681.274207163922
forecast_6335,2025-09-21 23:00:00,5723.9996910095215,6803.999948501587,4021.399498079086
forecast_6336,2025-09-22 00:00:00,5940.000128746033,7559.999871253967,4576.463097926672
forecast_6337,2025-09-22 01:00:00,5940.000128746033,6803.999948501587,3685.993621412142
forecast_6338,2025-09-22 02:00:00,5940.000128746033,7236.000180244446,3805.112366448367
forecast_6339,2025-09-22 03:00:00,6263.999819755554,7667.999768257141,4358.352582633338
forecast_6340,2025-09-22 04:00:00,6263.999819755554,7451.9999742507935,4229.990262689557
forecast_6341,2025-09-22 05:00:00,6263.999819755554,7559.999871253967,4093.852996129912
forecast_6342,2025-09-22 06:00:00,5940.000128746033,7344.00007724762,3960.109591926665
forecast_6343,2025-09-22 07:00:00,4427.99996137619,6263.999819755554,3917.777635708849
forecast_6344,2025-09-22 08:00:00,4211.999845504761,6803.999948501587,3754.958267486872
forecast_6345,2025-09-22 09:00:00,4103.999948501587,6803.999948501587,3900.113572095795
forecast_6346,2025-09-22 10:00:00,5723.9996910095215,7019.999742507935,4344.367354176738
forecast_6347,2025-09-22 11:00:00,5723.9996910095215,5292.000102996826,3732.5347997853896
forecast_6348,2025-09-22 12:00:00,3888.0001544952393,4751.9999742507935,3367.232582653099
forecast_6349,2025-09-22 13:00:00,3888.0001544952393,4644.00007724762,3199.473973412056
forecast_6350,2025-09-22 14:00:00,3888.0001544952393,4644.00007724762,3202.1514313065395
forecast_6351,2025-09-22 15:00:00,3888.0001544952393,4427.99996137619,3078.9516802532535
forecast_6352,2025-09-22 16:00:00,3888.0001544952393,3888.0001544952393,2713.0732529843285
forecast_6353,2025-09-22 17:00:00,3888.0001544952393,3888.0001544952393,2340.6120660117163
forecast_6354,2025-09-22 18:00:00,3888.0001544952393,3888.0001544952393,2558.3052748244445
forecast_6355,2025-09-22 19:00:00,3779.9999356269836,3888.0001544952393,2613.5157228037765
forecast_6356,2025-09-22 20:00:00,3996.000051498413,4103.999948501587,2777.6305248130543
forecast_6357,2025-09-22 21:00:00,3996.000051498413,3996.000051498413,2870.2764771180177
forecast_6358,2025-09-22 22:00:00,3996.000051498413,3996.000051498413,3113.92808558756
forecast_6359,2025-09-22 23:00:00,3996.000051498413,3996.000051498413,2943.924536713728
forecast_6360,2025-09-23 00:00:00,3996.000051498413,3888.0001544952393,2871.333460813276
forecast_6361,2025-09-23 01:00:00,3779.9999356269836,3564.000141620636,2543.2891173757216
forecast_6362,2025-09-23 02:00:00,3779.9999356269836,3564.000141620636,2406.2673519761406
forecast_6363,2025-09-23 03:00:00,3779.9999356269836,3672.00003862381,2485.9676639741806
forecast_6364,2025-09-23 04:00:00,3779.9999356269836,3672.00003862381,2400.164430915876
forecast_6365,2025-09-23 05:00:00,3779.9999356269836,3672.00003862381,2687.4929272495806
forecast_6366,2025-09-23 06:00:00,3779.9999356269836,3564.000141620636,2588.572328280428
forecast_6367,2025-09-23 07:00:00,3888.0001544952393,3888.0001544952393,2641.17029375144
forecast_6368,2025-09-23 08:00:00,3888.0001544952393,3888.0001544952393,2593.833259817878
forecast_6369,2025-09-23 09:00:00,3888.0001544952393,3888.0001544952393,2238.569889188898
forecast_6370,2025-09-23 10:00:00,3672.00003862381,3455.9999227523804,2152.4060125547057
forecast_6371,2025-09-23 11:00:00,3455.9999227523804,3348.0000257492065,2137.1915471161187
forecast_6372,2025-09-23 12:00:00,3455.9999227523804,3131.999909877777,2169.152685872556
forecast_6373,2025-09-23 13:00:00,3455.9999227523804,3024.0000128746033,2138.5067241670413
forecast_6374,2025-09-23 14:00:00,3672.00003862381,3131.999909877777,2195.519226817608
forecast_6375,2025-09-23 15:00:00,3455.9999227523804,3131.999909877777,2070.859338660062
forecast_6376,2025-09-23 16:00:00,3455.9999227523804,2916.0001158714294,2185.067968500139
forecast_6377,2025-09-23 17:00:00,3455.9999227523804,3240.0001287460327,2297.765093457457
forecast_6378,2025-09-23 18:00:00,3779.9999356269836,3779.9999356269836,2419.7896485628453
forecast_6379,2025-09-23 19:00:00,3779.9999356269836,3888.0001544952393,2370.7034796462217
forecast_6380,2025-09-23 20:00:00,3779.9999356269836,3888.0001544952393,2590.8493620782187
forecast_6381,2025-09-23 21:00:00,3779.9999356269836,3564.000141620636,2717.3455360350417
forecast_6382,2025-09-23 22:00:00,3779.9999356269836,3779.9999356269836,2871.3309494983546
forecast_6383,2025-09-23 23:00:00,3779.9999356269836,3888.0001544952393,2925.0223879318537
forecast_6384,2025-09-24 00:00:00,3779.9999356269836,3888.0001544952393,2997.391220444248
forecast_6385,2025-09-24 01:00:00,3996.000051498413,3996.000051498413,3381.592471742927
forecast_6386,2025-09-24 02:00:00,3888.0001544952393,3996.000051498413,3242.600999934767
forecast_6387,2025-09-24 03:00:00,3996.000051498413,3996.000051498413,3506.916176090117
forecast_6388,2025-09-24 04:00:00,3996.000051498413,5507.999897003174,4027.31482869489
forecast_6389,2025-09-24 05:00:00,5940.000128746033,6803.999948501587,4684.634667088273
forecast_6390,2025-09-24 06:00:00,5940.000128746033,6803.999948501587,4683.8314190823485
forecast_6391,2025-09-24 07:00:00,4320.000064373016,5723.9996910095215,4156.933915112992
forecast_6392,2025-09-24 08:00:00,3996.000051498413,5723.9996910095215,4114.021207883548
forecast_6393,2025-09-24 09:00:00,4211.999845504761,6696.000051498413,4445.8874039137545
forecast_6394,2025-09-24 10:00:00,4320.000064373016,6263.999819755554,4473.349098786383
forecast_6395,2025-09-24 11:00:00,7019.999742507935,9071.999716758728,5532.596917847505
forecast_6396,2025-09-24 12:00:00,8855.99992275238,9611.99984550476,6654.310776615493
forecast_6397,2025-09-24 13:00:00,8855.99992275238,10907.999897003174,8235.921343529526
forecast_6398,2025-09-24 14:00:00,8855.99992275238,11339.99948501587,8906.408416673416
forecast_6399,2025-09-24 15:00:00,8855.99992275238,11339.99948501587,8087.792902117329
forecast_6400,2025-09-24 16:00:00,8855.99992275238,11231.999588012695,7840.644060078203
forecast_6401,2025-09-24 17:00:00,6803.999948501587,10692.000102996826,6980.981502197083
forecast_6402,2025-09-24 18:00:00,7451.9999742507935,10692.000102996826,6599.129475374577
forecast_6403,2025-09-24 19:00:00,7451.9999742507935,10907.999897003174,6945.53072693672
forecast_6404,2025-09-24 20:00:00,12852.000617980957,13284.000205993652,8623.855518568595
forecast_6405,2025-09-24 21:00:00,14472.000360488892,16200.0,12188.164911504857
forecast_6406,2025-09-24 22:00:00,15660.00051498413,17711.99984550476,14355.503548571913
forecast_6407,2025-09-24 23:00:00,15119.999742507935,17927.99963951111,15866.400021550187
forecast_6408,2025-09-25 00:00:00,15660.00051498413,17819.999742507935,14993.66530832595
forecast_6409,2025-09-25 01:00:00,15119.999742507935,17711.99984550476,15374.490455868076
forecast_6410,2025-09-25 02:00:00,15660.00051498413,17927.99963951111,16459.69178580551
forecast_6411,2025-09-25 03:00:00,15768.000411987305,18252.000617980957,15684.602623775008
forecast_6412,2025-09-25 04:00:00,15660.00051498413,18252.000617980957,16266.770000546392
forecast_6413,2025-09-25 05:00:00,15660.00051498413,18252.000617980957,16416.228572922668
forecast_6414,2025-09-25 06:00:00,16092.000102996826,18252.000617980957,16049.268296365291
forecast_6415,2025-09-25 07:00:00,15660.00051498413,17280.000257492065,14379.325632822844
forecast_6416,2025-09-25 08:00:00,14688.00015449524,16523.99969100952,12572.736746221974
forecast_6417,2025-09-25 09:00:00,15660.00051498413,16956.000566482544,13179.193818107286
forecast_6418,2025-09-25 10:00:00,16092.000102996826,17064.000463485718,12707.687630105638
forecast_6419,2025-09-25 11:00:00,15660.00051498413,16307.999897003174,12793.26525691074
forecast_6420,2025-09-25 12:00:00,14580.000257492065,16415.999794006348,12550.747696004117
forecast_6421,2025-09-25 13:00:00,16092.000102996826,16307.999897003174,11795.127165671294
forecast_6422,2025-09-25 14:00:00,15552.000617980957,13500.0,10077.01531975159
forecast_6423,2025-09-25 15:00:00,14472.000360488892,12311.99984550476,10121.680692064683
forecast_6424,2025-09-25 16:00:00,15984.000205993652,14039.99948501587,10995.85866104516
forecast_6425,2025-09-25 17:00:00,15660.00051498413,14039.99948501587,10240.020788288832
forecast_6426,2025-09-25 18:00:00,14796.000051498413,16307.999897003174,12471.566749787118
forecast_6427,2025-09-25 19:00:00,16200.0,16415.999794006348,13007.724499889471
forecast_6428,2025-09-25 20:00:00,17064.000463485718,15660.00051498413,13177.475483686432
forecast_6429,2025-09-25 21:00:00,19547.999382019043,17388.00015449524,13643.90628996368
forecast_6430,2025-09-25 22:00:00,18035.999536514282,17496.000051498413,13709.07187985217
forecast_6431,2025-09-25 23:00:00,18035.999536514282,16631.999588012695,11226.625309343612
forecast_6432,2025-09-26 00:00:00,17172.00036048889,16200.0,11544.75572837708
forecast_6433,2025-09-26 01:00:00,11231.999588012695,11447.999382019043,7555.007653051443
forecast_6434,2025-09-26 02:00:00,13500.0,10476.000308990479,7257.321898143307
forecast_6435,2025-09-26 03:00:00,11231.999588012695,8855.99992275238,5756.787654944315
forecast_6436,2025-09-26 04:00:00,6155.99992275238,6371.999716758728,4165.136632026577
forecast_6437,2025-09-26 05:00:00,4751.9999742507935,3888.0001544952393,3090.4677811774495
forecast_6438,2025-09-26 06:00:00,3888.0001544952393,3779.9999356269836,2563.378320684937
forecast_6439,2025-09-26 07:00:00,3888.0001544952393,3564.000141620636,2755.133677665413
forecast_6440,2025-09-26 08:00:00,3455.9999227523804,3348.0000257492065,2583.182636108452
forecast_6441,2025-09-26 09:00:00,3455.9999227523804,3131.999909877777,2165.024704021036
forecast_6442,2025-09-26 10:00:00,3779.9999356269836,3024.0000128746033,1997.7555877925213
forecast_6443,2025-09-26 11:00:00,3779.9999356269836,2807.999897003174,2026.987926735288
forecast_6444,2025-09-26 12:00:00,3779.9999356269836,2700.0,1892.1562663592097
forecast_6445,2025-09-26 13:00:00,3779.9999356269836,2700.0,1975.425178030749
forecast_6446,2025-09-26 14:00:00,3779.9999356269836,3131.999909877777,1994.1026845933627
forecast_6447,2025-09-26 15:00:00,3779.9999356269836,3024.0000128746033,2067.664916383924
forecast_6448,2025-09-26 16:00:00,3888.0001544952393,3024.0000128746033,2129.1866942390784
forecast_6449,2025-09-26 17:00:00,3779.9999356269836,3240.0001287460327,2431.9240332993795
forecast_6450,2025-09-26 18:00:00,3564.000141620636,3455.9999227523804,2788.7706401832224
forecast_6451,2025-09-26 19:00:00,3888.0001544952393,3564.000141620636,2956.1824366044266
forecast_6452,2025-09-26 20:00:00,3888.0001544952393,3564.000141620636,3100.940944292895
forecast_6453,2025-09-26 21:00:00,3455.9999227523804,3455.9999227523804,2974.8602931845853
forecast_6454,2025-09-26 22:00:00,3564.000141620636,3564.000141620636,3036.4721829077903
forecast_6455,2025-09-26 23:00:00,3564.000141620636,3455.9999227523804,2958.025459578889
forecast_6456,2025-09-27 00:00:00,3779.9999356269836,3348.0000257492065,2810.0763393554325
forecast_6457,2025-09-27 01:00:00,3564.000141620636,3455.9999227523804,2518.520709808961
forecast_6458,2025-09-27 02:00:00,3564.000141620636,3455.9999227523804,2895.531095377823
forecast_6459,2025-09-27 03:00:00,3564.000141620636,3348.0000257492065,2752.841235346347
forecast_6460,2025-09-27 04:00:00,3564.000141620636,3455.9999227523804,2616.8902157734724
forecast_6461,2025-09-27 05:00:00,3888.0001544952393,3564.000141620636,2554.595108248327
forecast_6462,2025-09-27 06:00:00,3779.9999356269836,3564.000141620636,2611.271768442152
forecast_6463,2025-09-27 07:00:00,3888.0001544952393,3455.9999227523804,2612.1557957349883
forecast_6464,2025-09-27 08:00:00,3888.0001544952393,3455.9999227523804,2484.383228188912
forecast_6465,2025-09-27 09:00:00,3888.0001544952393,3348.0000257492065,2497.082237087944
forecast_6466,2025-09-27 10:00:00,3455.9999227523804,3240.0001287460327,2209.1844266445646
forecast_6467,2025-09-27 11:00:00,3779.9999356269836,3131.999909877777,1974.9958645737904
forecast_6468,2025-09-27 12:00:00,3888.0001544952393,2916.0001158714294,2378.724088330908
forecast_6469,2025-09-27 13:00:00,3888.0001544952393,3131.999909877777,2520.707901430781
forecast_6470,2025-09-27 14:00:00,3455.9999227523804,3131.999909877777,2475.8730271934555
forecast_6471,2025-09-27 15:00:00,3455.9999227523804,3240.0001287460327,2492.613432579016
forecast_6472,2025-09-27 16:00:00,3779.9999356269836,3131.999909877777,2455.643957521488
forecast_6473,2025-09-27 17:00:00,3455.9999227523804,3348.0000257492065,2638.610581625759
forecast_6474,2025-09-27 18:00:00,3888.0001544952393,3455.9999227523804,2817.785531844846
forecast_6475,2025-09-27 19:00:00,3888.0001544952393,3779.9999356269836,3406.9067196787973
forecast_6476,2025-09-27 20:00:00,3888.0001544952393,3888.0001544952393,3464.0770974336547
forecast_6477,2025-09-27 21:00:00,3888.0001544952393,3888.0001544952393,3723.738148362506
forecast_6478,2025-09-27 22:00:00,3888.0001544952393,4103.999948501587,4075.329335823241
forecast_6479,2025-09-27 23:00:00,3888.0001544952393,4320.000064373016,3683.531287755786
forecast_6480,2025-09-28 00:00:00,3888.0001544952393,4211.999845504761,3553.4629112965986
forecast_6481,2025-09-28 01:00:00,4644.00007724762,5075.999987125397,3523.944044989207
forecast_6482,2025-09-28 02:00:00,5400.0,6263.999819755554,4261.99352700694
forecast_6483,2025-09-28 03:00:00,6371.999716758728,7884.000205993652,4440.432437369887
forecast_6484,2025-09-28 04:00:00,5832.000231742859,6588.000154495239,4760.33059469684
forecast_6485,2025-09-28 05:00:00,5832.000231742859,7884.000205993652,4636.214764170278
forecast_6486,2025-09-28 06:00:00,4644.00007724762,6155.99992275238,4090.233582842056
forecast_6487,2025-09-28 07:00:00,3888.0001544952393,4644.00007724762,3854.233289127446
forecast_6488,2025-09-28 08:00:00,4427.99996137619,4427.99996137619,3549.375245307838
forecast_6489,2025-09-28 09:00:00,3996.000051498413,3888.0001544952393,3488.2778786826993
forecast_6490,2025-09-28 10:00:00,4427.99996137619,6263.999819755554,4278.498671838388
forecast_6491,2025-09-28 11:00:00,4211.999845504761,6263.999819755554,3923.6313859167503
forecast_6492,2025-09-28 12:00:00,3888.0001544952393,4211.999845504761,3748.007715390036
forecast_6493,2025-09-28 13:00:00,3888.0001544952393,3779.9999356269836,3364.430466127478
forecast_6494,2025-09-28 14:00:00,3888.0001544952393,4320.000064373016,3604.874917338246
forecast_6495,2025-09-28 15:00:00,4320.000064373016,6263.999819755554,4001.595429360472
forecast_6496,2025-09-28 16:00:00,4320.000064373016,5723.9996910095215,3752.878105239341
forecast_6497,2025-09-28 17:00:00,3996.000051498413,5832.000231742859,3993.3875652601946
forecast_6498,2025-09-28 18:00:00,3996.000051498413,4211.999845504761,3582.5087010034367
forecast_6499,2025-09-28 19:00:00,4427.99996137619,5832.000231742859,3783.889465115902
forecast_6500,2025-09-28 20:00:00,4644.00007724762,5075.999987125397,3559.2308966416417
forecast_6501,2025-09-28 21:00:00,6155.99992275238,6803.999948501587,4296.847196200677
forecast_6502,2025-09-28 22:00:00,4535.999858379364,4644.00007724762,3936.903639899825
forecast_6503,2025-09-28 23:00:00,4644.00007724762,4211.999845504761,3701.975989673396
forecast_6504,2025-09-29 00:00:00,4644.00007724762,4644.00007724762,3440.942038886656
forecast_6505,2025-09-29 01:00:00,4644.00007724762,4427.99996137619,3127.3294142051186
forecast_6506,2025-09-29 02:00:00,4751.9999742507935,3888.0001544952393,2619.450725504819
forecast_6507,2025-09-29 03:00:00,4427.99996137619,3888.0001544952393,2789.1256044159204
forecast_6508,2025-09-29 04:00:00,4859.999871253967,3996.000051498413,2899.1401057561925
forecast_6509,2025-09-29 05:00:00,3888.0001544952393,3888.0001544952393,2964.421951821279
forecast_6510,2025-09-29 06:00:00,3888.0001544952393,3779.9999356269836,2825.1750884530024
forecast_6511,2025-09-29 07:00:00,3888.0001544952393,3564.000141620636,3060.459775567364
forecast_6512,2025-09-29 08:00:00,3779.9999356269836,3564.000141620636,2974.9641145467745
forecast_6513,2025-09-29 09:00:00,3455.9999227523804,3455.9999227523804,2726.4356526827164
forecast_6514,2025-09-29 10:00:00,3888.0001544952393,3240.0001287460327,2250.0373407956745
forecast_6515,2025-09-29 11:00:00,3888.0001544952393,3348.0000257492065,2252.128563024622
forecast_6516,2025-09-29 12:00:00,3455.9999227523804,3240.0001287460327,2401.469566479861
forecast_6517,2025-09-29 13:00:00,3888.0001544952393,3348.0000257492065,2230.7173495294287
forecast_6518,2025-09-29 14:00:00,3455.9999227523804,3240.0001287460327,2181.796183062694
forecast_6519,2025-09-29 15:00:00,3779.9999356269836,3131.999909877777,2251.2299175842168
forecast_6520,2025-09-29 16:00:00,3455.9999227523804,3348.0000257492065,2543.6970132901583
forecast_6521,2025-09-29 17:00:00,3455.9999227523804,3240.0001287460327,2755.4127562010026
forecast_6522,2025-09-29 18:00:00,3455.9999227523804,3348.0000257492065,3079.3008543373107
forecast_6523,2025-09-29 19:00:00,3455.9999227523804,3348.0000257492065,3116.490839936363
forecast_6524,2025-09-29 20:00:00,3455.9999227523804,3455.9999227523804,2871.7079924525483
forecast_6525,2025-09-29 21:00:00,3888.0001544952393,3348.0000257492065,3075.6175914014984
forecast_6526,2025-09-29 22:00:00,3888.0001544952393,3779.9999356269836,3423.5027220326983
forecast_6527,2025-09-29 23:00:00,3888.0001544952393,4103.999948501587,3483.6092016319026
forecast_6528,2025-09-30 00:00:00,3888.0001544952393,4103.999948501587,3542.5942585417874
forecast_6529,2025-09-30 01:00:00,3888.0001544952393,3888.0001544952393,3529.9093217706863
forecast_6530,2025-09-30 02:00:00,3888.0001544952393,3888.0001544952393,3512.8834503576127
forecast_6531,2025-09-30 03:00:00,3888.0001544952393,3888.0001544952393,3425.5307035075493
forecast_6532,2025-09-30 04:00:00,4427.99996137619,3888.0001544952393,3648.896360004781
forecast_6533,2025-09-30 05:00:00,3888.0001544952393,3888.0001544952393,3505.9196038043606
forecast_6534,2025-09-30 06:00:00,3888.0001544952393,3888.0001544952393,3163.902839128713
forecast_6535,2025-09-30 07:00:00,3888.0001544952393,3888.0001544952393,3082.189572961753
forecast_6536,2025-09-30 08:00:00,3888.0001544952393,3888.0001544952393,2956.9179269309448
forecast_6537,2025-09-30 09:00:00,3888.0001544952393,3564.000141620636,2702.1789305709112
forecast_6538,2025-09-30 10:00:00,3779.9999356269836,3455.9999227523804,2356.13343815787
forecast_6539,2025-09-30 11:00:00,3779.9999356269836,3455.9999227523804,2247.3033768494365
forecast_6540,2025-09-30 12:00:00,3888.0001544952393,3348.0000257492065,2295.6989180860924
forecast_6541,2025-09-30 13:00:00,3888.0001544952393,3348.0000257492065,2296.779602208161
forecast_6542,2025-09-30 14:00:00,3888.0001544952393,3240.0001287460327,2057.52379538823
forecast_6543,2025-09-30 15:00:00,3888.0001544952393,3672.00003862381,2472.0594564272305
forecast_6544,2025-09-30 16:00:00,3888.0001544952393,3672.00003862381,2260.2164804509043
forecast_6545,2025-09-30 17:00:00,3888.0001544952393,3888.0001544952393,2581.991677507864
forecast_6546,2025-09-30 18:00:00,4211.999845504761,3888.0001544952393,3148.232765303976
forecast_6547,2025-09-30 19:00:00,4427.99996137619,3888.0001544952393,3516.0111374866606
forecast_6548,2025-09-30 20:00:00,4427.99996137619,4211.999845504761,4106.264511947015
forecast_6549,2025-09-30 21:00:00,4211.999845504761,6155.99992275238,4607.8622618745485
forecast_6550,2025-09-30 22:00:00,4427.99996137619,6480.000257492065,4979.459064095799
forecast_6551,2025-09-30 23:00:00,4427.99996137619,6588.000154495239,4937.628430863789
forecast_6552,2025-10-01 00:00:00,5615.999794006348,6588.000154495239,5429.237171482268
forecast_6553,2025-10-01 01:00:00,7128.000283241272,7884.000205993652,5401.739945526871
forecast_6554,2025-10-01 02:00:00,7667.999768257141,8100.0,5495.962224172499
forecast_6555,2025-10-01 03:00:00,7667.999768257141,8315.999794006348,5027.1953464362505
forecast_6556,2025-10-01 04:00:00,7667.999768257141,8100.0,5174.716429495284
forecast_6557,2025-10-01 05:00:00,7884.000205993652,8100.0,5039.68552718267
forecast_6558,2025-10-01 06:00:00,7451.9999742507935,7559.999871253967,4875.789444130739
forecast_6559,2025-10-01 07:00:00,6263.999819755554,6588.000154495239,5108.423154401994
forecast_6560,2025-10-01 08:00:00,4535.999858379364,3888.0001544952393,3335.1875077040127
forecast_6561,2025-10-01 09:00:00,3888.0001544952393,3888.0001544952393,2996.9962952715255
forecast_6562,2025-10-01 10:00:00,3888.0001544952393,3672.00003862381,2616.761461421569
forecast_6563,2025-10-01 11:00:00,3888.0001544952393,3564.000141620636,2342.3519991562976
forecast_6564,2025-10-01 12:00:00,3779.9999356269836,3455.9999227523804,2455.4297601270814
forecast_6565,2025-10-01 13:00:00,3888.0001544952393,3348.0000257492065,2436.5374121452646
forecast_6566,2025-10-01 14:00:00,3888.0001544952393,3455.9999227523804,2878.0793055205245
forecast_6567,2025-10-01 15:00:00,3888.0001544952393,3564.000141620636,2767.8649720433573
forecast_6568,2025-10-01 16:00:00,3888.0001544952393,3564.000141620636,2455.467320207448
forecast_6569,2025-10-01 17:00:00,3996.000051498413,3888.0001544952393,2688.5221947296477
forecast_6570,2025-10-01 18:00:00,4211.999845504761,3888.0001544952393,3226.3880897210734
forecast_6571,2025-10-01 19:00:00,4751.9999742507935,6155.99992275238,4313.317103010546
forecast_6572,2025-10-01 20:00:00,6155.99992275238,6155.99992275238,4884.008853466794
forecast_6573,2025-10-01 21:00:00,4751.9999742507935,5292.000102996826,4394.887920994637
forecast_6574,2025-10-01 22:00:00,4427.99996137619,4644.00007724762,4000.492108194332
forecast_6575,2025-10-01 23:00:00,4427.99996137619,4103.999948501587,3804.093123014516
forecast_6576,2025-10-02 00:00:00,4751.9999742507935,4859.999871253967,4194.971705587482
forecast_6577,2025-10-02 01:00:00,7559.999871253967,7559.999871253967,4696.028042164359
forecast_6578,2025-10-02 02:00:00,5832.000231742859,6155.99992275238,4114.87667961527
forecast_6579,2025-10-02 03:00:00,5832.000231742859,6155.99992275238,3646.184903097753
forecast_6580,2025-10-02 04:00:00,4103.999948501587,3888.0001544952393,3140.5346911883503
forecast_6581,2025-10-02 05:00:00,4103.999948501587,3888.0001544952393,3177.7241045185383
forecast_6582,2025-10-02 06:00:00,3888.0001544952393,3672.00003862381,3130.501913033123
forecast_6583,2025-10-02 07:00:00,3888.0001544952393,3672.00003862381,2909.5612185949394
forecast_6584,2025-10-02 08:00:00,3888.0001544952393,3672.00003862381,2818.242980215522
forecast_6585,2025-10-02 09:00:00,3455.9999227523804,3348.0000257492065,2465.768658772
forecast_6586,2025-10-02 10:00:00,2484.0000450611115,2484.0000450611115,2124.2852195271435
forecast_6587,2025-10-02 11:00:00,3779.9999356269836,2700.0,2108.5670402959813
forecast_6588,2025-10-02 12:00:00,3455.9999227523804,2916.0001158714294,2004.83314431897
forecast_6589,2025-10-02 13:00:00,3779.9999356269836,2807.999897003174,2029.7158324849631
forecast_6590,2025-10-02 14:00:00,1836.000019311905,2484.0000450611115,2362.143208782506
forecast_6591,2025-10-02 15:00:00,1944.0000772476196,2375.9999871253967,2036.0833645905168
forecast_6592,2025-10-02 16:00:00,3455.9999227523804,2700.0,2275.995585562625
forecast_6593,2025-10-02 17:00:00,3455.9999227523804,2700.0,2352.5120111704546
forecast_6594,2025-10-02 18:00:00,3564.000141620636,2916.0001158714294,2707.632548111423
forecast_6595,2025-10-02 19:00:00,3455.9999227523804,3024.0000128746033,2444.186945172944
forecast_6596,2025-10-02 20:00:00,3672.00003862381,3240.0001287460327,2926.228990045837
forecast_6597,2025-10-02 21:00:00,3455.9999227523804,3455.9999227523804,2776.81638801313
forecast_6598,2025-10-02 22:00:00,3996.000051498413,3240.0001287460327,3004.263254117031
forecast_6599,2025-10-02 23:00:00,3888.0001544952393,3240.0001287460327,2918.6127517032264
forecast_6600,2025-10-03 00:00:00,3564.000141620636,3348.0000257492065,2812.174506144528
forecast_6601,2025-10-03 01:00:00,3888.0001544952393,3779.9999356269836,3050.911778940672
forecast_6602,2025-10-03 02:00:00,3779.9999356269836,3779.9999356269836,2739.422096334187
forecast_6603,2025-10-03 03:00:00,3779.9999356269836,3779.9999356269836,2720.6742141263067
forecast_6604,2025-10-03 04:00:00,3779.9999356269836,3779.9999356269836,3021.360055130476
forecast_6605,2025-10-03 05:00:00,3779.9999356269836,3779.9999356269836,3123.144869579711
forecast_6606,2025-10-03 06:00:00,3888.0001544952393,3888.0001544952393,3007.2400982385857
forecast_6607,2025-10-03 07:00:00,3779.9999356269836,3888.0001544952393,3055.371560444021
forecast_6608,2025-10-03 08:00:00,3888.0001544952393,4211.999845504761,3623.100469734252
forecast_6609,2025-10-03 09:00:00,3888.0001544952393,4427.99996137619,3442.755076767849
forecast_6610,2025-10-03 10:00:00,3888.0001544952393,5075.999987125397,3686.033541731188
forecast_6611,2025-10-03 11:00:00,3888.0001544952393,3888.0001544952393,3561.487809973358
forecast_6612,2025-10-03 12:00:00,3888.0001544952393,5075.999987125397,3625.076077644178
forecast_6613,2025-10-03 13:00:00,3888.0001544952393,3888.0001544952393,3298.1736086499122
forecast_6614,2025-10-03 14:00:00,3888.0001544952393,3888.0001544952393,2951.482760475385
forecast_6615,2025-10-03 15:00:00,3888.0001544952393,3888.0001544952393,3021.720088010707
forecast_6616,2025-10-03 16:00:00,3888.0001544952393,5075.999987125397,3069.9034478651342
forecast_6617,2025-10-03 17:00:00,4211.999845504761,5292.000102996826,3105.4291473951
forecast_6618,2025-10-03 18:00:00,4211.999845504761,5292.000102996826,3327.9636432563448
forecast_6619,2025-10-03 19:00:00,6480.000257492065,7667.999768257141,4436.4762234470445
forecast_6620,2025-10-03 20:00:00,6803.999948501587,7451.9999742507935,3901.763486082068
forecast_6621,2025-10-03 21:00:00,6480.000257492065,7884.000205993652,4985.091990446995
forecast_6622,2025-10-03 22:00:00,5723.9996910095215,6263.999819755554,3975.946845642106
forecast_6623,2025-10-03 23:00:00,5723.9996910095215,5183.999884128571,3714.412093717785
forecast_6624,2025-10-04 00:00:00,4103.999948501587,4644.00007724762,3886.099749321448
forecast_6625,2025-10-04 01:00:00,3888.0001544952393,3888.0001544952393,3034.0552523224737
forecast_6626,2025-10-04 02:00:00,3779.9999356269836,3779.9999356269836,2732.0029718443798
forecast_6627,2025-10-04 03:00:00,3888.0001544952393,3888.0001544952393,3057.8779726481403
forecast_6628,2025-10-04 04:00:00,3888.0001544952393,3888.0001544952393,2911.49849680383
forecast_6629,2025-10-04 05:00:00,4103.999948501587,3888.0001544952393,2774.454582441948
forecast_6630,2025-10-04 06:00:00,3888.0001544952393,3888.0001544952393,2549.384431854205
forecast_6631,2025-10-04 07:00:00,3888.0001544952393,3888.0001544952393,2780.9273293530846
forecast_6632,2025-10-04 08:00:00,3888.0001544952393,3888.0001544952393,2697.0658213229844
forecast_6633,2025-10-04 09:00:00,3888.0001544952393,3672.00003862381,2506.757950009993
forecast_6634,2025-10-04 10:00:00,3455.9999227523804,3455.9999227523804,2413.4547656509194
forecast_6635,2025-10-04 11:00:00,3455.9999227523804,3455.9999227523804,2269.826984434272
forecast_6636,2025-10-04 12:00:00,3455.9999227523804,3240.0001287460327,2207.480288229601
forecast_6637,2025-10-04 13:00:00,3455.9999227523804,3348.0000257492065,2308.696892402934
forecast_6638,2025-10-04 14:00:00,3455.9999227523804,3348.0000257492065,2269.516994544232
forecast_6639,2025-10-04 15:00:00,3455.9999227523804,3348.0000257492065,2278.4382718737006
forecast_6640,2025-10-04 16:00:00,3455.9999227523804,3240.0001287460327,2268.132084952354
forecast_6641,2025-10-04 17:00:00,3455.9999227523804,3348.0000257492065,2280.292892572081
forecast_6642,2025-10-04 18:00:00,3888.0001544952393,3348.0000257492065,2443.377605203576
forecast_6643,2025-10-04 19:00:00,3888.0001544952393,3564.000141620636,2557.962354613928
forecast_6644,2025-10-04 20:00:00,3888.0001544952393,3779.9999356269836,2714.001776411052
forecast_6645,2025-10-04 21:00:00,3888.0001544952393,3564.000141620636,2518.476201450046
forecast_6646,2025-10-04 22:00:00,3455.9999227523804,3348.0000257492065,2607.983577334791
forecast_6647,2025-10-04 23:00:00,3455.9999227523804,3348.0000257492065,2392.591523446399
forecast_6648,2025-10-05 00:00:00,3455.9999227523804,3131.999909877777,2345.389976255629
forecast_6649,2025-10-05 01:00:00,3455.9999227523804,3564.000141620636,2477.221968564803
forecast_6650,2025-10-05 02:00:00,3672.00003862381,3348.0000257492065,2286.2427701739884
forecast_6651,2025-10-05 03:00:00,3779.9999356269836,3455.9999227523804,2274.8987616744103
forecast_6652,2025-10-05 04:00:00,3672.00003862381,3455.9999227523804,2249.821608705874
forecast_6653,2025-10-05 05:00:00,3455.9999227523804,3348.0000257492065,2164.973008640564
forecast_6654,2025-10-05 06:00:00,3455.9999227523804,3455.9999227523804,2731.139723710277
forecast_6655,2025-10-05 07:00:00,3672.00003862381,3564.000141620636,2593.4080666825025
forecast_6656,2025-10-05 08:00:00,3672.00003862381,3348.0000257492065,2462.619655629431
forecast_6657,2025-10-05 09:00:00,3672.00003862381,3564.000141620636,2583.994484117738
forecast_6658,2025-10-05 10:00:00,3672.00003862381,3348.0000257492065,2185.026057492793
forecast_6659,2025-10-05 11:00:00,3672.00003862381,3564.000141620636,2304.6038753095613
forecast_6660,2025-10-05 12:00:00,3888.0001544952393,3348.0000257492065,2481.339941770892
forecast_6661,2025-10-05 13:00:00,3779.9999356269836,3240.0001287460327,2152.6183098902416
forecast_6662,2025-10-05 14:00:00,3779.9999356269836,3348.0000257492065,2468.623233533532
forecast_6663,2025-10-05 15:00:00,3779.9999356269836,3348.0000257492065,2069.1315413856782
forecast_6664,2025-10-05 16:00:00,3672.00003862381,3348.0000257492065,2688.1039339547974
forecast_6665,2025-10-05 17:00:00,3564.000141620636,3455.9999227523804,2583.0931999197
forecast_6666,2025-10-05 18:00:00,3455.9999227523804,3348.0000257492065,2503.7861126304506
forecast_6667,2025-10-05 19:00:00,3564.000141620636,3564.000141620636,2734.160629189307
forecast_6668,2025-10-05 20:00:00,3779.9999356269836,3564.000141620636,2786.4521438782363
forecast_6669,2025-10-05 21:00:00,3888.0001544952393,3564.000141620636,2628.5424030516465
forecast_6670,2025-10-05 22:00:00,3888.0001544952393,3564.000141620636,2861.2596729838883
forecast_6671,2025-10-05 23:00:00,3779.9999356269836,3564.000141620636,2678.9907778905126
forecast_6672,2025-10-06 00:00:00,3455.9999227523804,3564.000141620636,2611.674913627841
forecast_6673,2025-10-06 01:00:00,3888.0001544952393,3779.9999356269836,2726.8247975115005
forecast_6674,2025-10-06 02:00:00,3888.0001544952393,3779.9999356269836,2782.613673192673
forecast_6675,2025-10-06 03:00:00,3996.000051498413,4427.99996137619,2989.953444229692
forecast_6676,2025-10-06 04:00:00,3996.000051498413,3996.000051498413,3192.2760206507005
forecast_6677,2025-10-06 05:00:00,3996.000051498413,4211.999845504761,3162.4238360427607
forecast_6678,2025-10-06 06:00:00,4427.99996137619,7667.999768257141,5558.555018605098
forecast_6679,2025-10-06 07:00:00,6371.999716758728,9288.00015449524,5764.334181384305
forecast_6680,2025-10-06 08:00:00,7451.9999742507935,9503.999948501587,6878.066197954131
forecast_6681,2025-10-06 09:00:00,7992.000102996826,10692.000102996826,7914.160276787425
forecast_6682,2025-10-06 10:00:00,7992.000102996826,9503.999948501587,7435.468681110859
forecast_6683,2025-10-06 11:00:00,6911.999845504761,9288.00015449524,5341.323937383781
forecast_6684,2025-10-06 12:00:00,5723.9996910095215,7884.000205993652,4906.335164075151
forecast_6685,2025-10-06 13:00:00,4320.000064373016,5723.9996910095215,3647.575070009308
forecast_6686,2025-10-06 14:00:00,4320.000064373016,5400.0,3347.877028474402
forecast_6687,2025-10-06 15:00:00,3996.000051498413,5615.999794006348,3539.6605453687143
forecast_6688,2025-10-06 16:00:00,4103.999948501587,5615.999794006348,3548.8741384556115
forecast_6689,2025-10-06 17:00:00,4320.000064373016,6263.999819755554,3916.981931916594
forecast_6690,2025-10-06 18:00:00,5292.000102996826,6588.000154495239,5686.888075326124
forecast_6691,2025-10-06 19:00:00,7019.999742507935,7884.000205993652,6674.6979704252735
forecast_6692,2025-10-06 20:00:00,10692.000102996826,10476.000308990479,8295.110306901075
forecast_6693,2025-10-06 21:00:00,12743.999433517456,14580.000257492065,10155.38473222882
forecast_6694,2025-10-06 22:00:00,13068.000411987305,15011.99984550476,10727.349573355194
forecast_6695,2025-10-06 23:00:00,13068.000411987305,15011.99984550476,11078.353110864467
forecast_6696,2025-10-07 00:00:00,13068.000411987305,16200.0,12264.020070273058
forecast_6697,2025-10-07 01:00:00,10367.999768257141,14580.000257492065,9517.457238443008
forecast_6698,2025-10-07 02:00:00,8855.99992275238,11988.00015449524,6389.6574043876
forecast_6699,2025-10-07 03:00:00,7451.9999742507935,11123.999691009521,6568.480217552814
forecast_6700,2025-10-07 04:00:00,7451.9999742507935,10476.000308990479,6246.53273519302
forecast_6701,2025-10-07 05:00:00,7451.9999742507935,10476.000308990479,6428.3836863965125
forecast_6702,2025-10-07 06:00:00,10367.999768257141,10800.0,6267.606494811456
forecast_6703,2025-10-07 07:00:00,6480.000257492065,9503.999948501587,5764.556156969503
forecast_6704,2025-10-07 08:00:00,6048.0000257492065,8207.999897003174,5291.395889552182
forecast_6705,2025-10-07 09:00:00,5615.999794006348,8100.0,5034.361355864457
forecast_6706,2025-10-07 10:00:00,3888.0001544952393,5075.999987125397,3805.933136800402
forecast_6707,2025-10-07 11:00:00,4211.999845504761,5075.999987125397,3622.293945024743
forecast_6708,2025-10-07 12:00:00,3888.0001544952393,3996.000051498413,3246.1736448315005
forecast_6709,2025-10-07 13:00:00,3888.0001544952393,3996.000051498413,2969.0045687435536
forecast_6710,2025-10-07 14:00:00,3779.9999356269836,3888.0001544952393,3155.1466319324013
forecast_6711,2025-10-07 15:00:00,3888.0001544952393,3888.0001544952393,2959.0544322318656
forecast_6712,2025-10-07 16:00:00,3888.0001544952393,3888.0001544952393,3061.377591465278
forecast_6713,2025-10-07 17:00:00,3888.0001544952393,3779.9999356269836,2701.7867783770766
forecast_6714,2025-10-07 18:00:00,3888.0001544952393,3672.00003862381,2827.340862594044
forecast_6715,2025-10-07 19:00:00,3888.0001544952393,3564.000141620636,3111.3697434407622
forecast_6716,2025-10-07 20:00:00,3888.0001544952393,3564.000141620636,2955.8986063870257
forecast_6717,2025-10-07 21:00:00,3888.0001544952393,3455.9999227523804,2939.6701217548766
forecast_6718,2025-10-07 22:00:00,3888.0001544952393,3455.9999227523804,2942.279873624313
forecast_6719,2025-10-07 23:00:00,3888.0001544952393,3455.9999227523804,2883.5430194959677
forecast_6720,2025-10-08 00:00:00,3888.0001544952393,3564.000141620636,3126.485167637709
forecast_6721,2025-10-08 01:00:00,3888.0001544952393,3564.000141620636,2774.399786863237
forecast_6722,2025-10-08 02:00:00,3888.0001544952393,3564.000141620636,2884.356328187291
forecast_6723,2025-10-08 03:00:00,3888.0001544952393,3564.000141620636,2853.153866709095
forecast_6724,2025-10-08 04:00:00,3888.0001544952393,3564.000141620636,2834.579361834078
forecast_6725,2025-10-08 05:00:00,3888.0001544952393,3564.000141620636,2730.892748860835
forecast_6726,2025-10-08 06:00:00,3888.0001544952393,3564.000141620636,2426.1927129554083
forecast_6727,2025-10-08 07:00:00,3996.000051498413,3564.000141620636,2639.4610117402685
forecast_6728,2025-10-08 08:00:00,3888.0001544952393,3564.000141620636,2424.2116798649367
forecast_6729,2025-10-08 09:00:00,3888.0001544952393,3455.9999227523804,2521.945595520632
forecast_6730,2025-10-08 10:00:00,3564.000141620636,3240.0001287460327,2352.808385710052
forecast_6731,2025-10-08 11:00:00,3455.9999227523804,3240.0001287460327,2425.158376389797
forecast_6732,2025-10-08 12:00:00,3455.9999227523804,3131.999909877777,2406.298792158885
forecast_6733,2025-10-08 13:00:00,3888.0001544952393,3024.0000128746033,2392.311641177504
forecast_6734,2025-10-08 14:00:00,3455.9999227523804,3131.999909877777,2391.935791827672
forecast_6735,2025-10-08 15:00:00,3455.9999227523804,3024.0000128746033,2420.5156542190875
forecast_6736,2025-10-08 16:00:00,3455.9999227523804,3240.0001287460327,2577.45537104161
forecast_6737,2025-10-08 17:00:00,3779.9999356269836,3348.0000257492065,2633.11188638623
forecast_6738,2025-10-08 18:00:00,3779.9999356269836,3564.000141620636,2909.860376356957
forecast_6739,2025-10-08 19:00:00,3888.0001544952393,3888.0001544952393,2901.6006348337105
forecast_6740,2025-10-08 20:00:00,3996.000051498413,4427.99996137619,2937.768533051711
forecast_6741,2025-10-08 21:00:00,3996.000051498413,4427.99996137619,3146.95420068102
forecast_6742,2025-10-08 22:00:00,4211.999845504761,5183.999884128571,3298.1582679390763
forecast_6743,2025-10-08 23:00:00,4211.999845504761,5183.999884128571,3656.8090138884186
forecast_6744,2025-10-09 00:00:00,5615.999794006348,6588.000154495239,4233.571367612959
forecast_6745,2025-10-09 01:00:00,5723.9996910095215,7667.999768257141,4755.465777303349
forecast_6746,2025-10-09 02:00:00,6155.99992275238,8532.000231742859,5202.59759026936
forecast_6747,2025-10-09 03:00:00,6155.99992275238,7667.999768257141,4477.63190173475
forecast_6748,2025-10-09 04:00:00,4535.999858379364,5615.999794006348,4141.260983871172
forecast_6749,2025-10-09 05:00:00,5723.9996910095215,7128.000283241272,4330.063043079592
forecast_6750,2025-10-09 06:00:00,6155.99992275238,7884.000205993652,4806.733409020601
forecast_6751,2025-10-09 07:00:00,5292.000102996826,7128.000283241272,4132.551213464526
forecast_6752,2025-10-09 08:00:00,4427.99996137619,7128.000283241272,4256.130115450335
forecast_6753,2025-10-09 09:00:00,4211.999845504761,7128.000283241272,4273.132031226211
forecast_6754,2025-10-09 10:00:00,4103.999948501587,5615.999794006348,3713.895879421656
forecast_6755,2025-10-09 11:00:00,3888.0001544952393,5075.999987125397,3334.413472938207
forecast_6756,2025-10-09 12:00:00,3888.0001544952393,4427.99996137619,3075.0713842605987
forecast_6757,2025-10-09 13:00:00,3888.0001544952393,4211.999845504761,3044.740706136126
forecast_6758,2025-10-09 14:00:00,3779.9999356269836,3888.0001544952393,3034.9457088700183
forecast_6759,2025-10-09 15:00:00,3779.9999356269836,3888.0001544952393,2874.8618730842163
forecast_6760,2025-10-09 16:00:00,3779.9999356269836,3888.0001544952393,2667.649960441692
forecast_6761,2025-10-09 17:00:00,3888.0001544952393,3888.0001544952393,2670.776922672924
forecast_6762,2025-10-09 18:00:00,3888.0001544952393,3888.0001544952393,2662.8495675694653
forecast_6763,2025-10-09 19:00:00,4103.999948501587,3888.0001544952393,2692.4146096721047
forecast_6764,2025-10-09 20:00:00,4103.999948501587,3888.0001544952393,2655.498048371383
forecast_6765,2025-10-09 21:00:00,4103.999948501587,3888.0001544952393,3080.307701727205
forecast_6766,2025-10-09 22:00:00,3888.0001544952393,3888.0001544952393,2783.2634497773606
forecast_6767,2025-10-09 23:00:00,3996.000051498413,3564.000141620636,2912.585127701508
forecast_6768,2025-10-10 00:00:00,3888.0001544952393,3455.9999227523804,2676.2404834222584
forecast_6769,2025-10-10 01:00:00,3888.0001544952393,3564.000141620636,2986.41825794658
forecast_6770,2025-10-10 02:00:00,3779.9999356269836,3564.000141620636,2938.7534612981763
forecast_6771,2025-10-10 03:00:00,3888.0001544952393,3672.00003862381,3089.71187441108
forecast_6772,2025-10-10 04:00:00,3888.0001544952393,3779.9999356269836,3136.8744187626394
forecast_6773,2025-10-10 05:00:00,3888.0001544952393,3888.0001544952393,3351.420378453602
forecast_6774,2025-10-10 06:00:00,3888.0001544952393,3888.0001544952393,3335.223202701654
forecast_6775,2025-10-10 07:00:00,3888.0001544952393,3779.9999356269836,3275.028919807719
forecast_6776,2025-10-10 08:00:00,3888.0001544952393,3888.0001544952393,3569.5347468591153
forecast_6777,2025-10-10 09:00:00,3888.0001544952393,3888.0001544952393,3507.869952954537
forecast_6778,2025-10-10 10:00:00,3888.0001544952393,3779.9999356269836,3511.30046850359
forecast_6779,2025-10-10 11:00:00,3888.0001544952393,3888.0001544952393,3167.6542653232927
forecast_6780,2025-10-10 12:00:00,3779.9999356269836,3779.9999356269836,3011.994836648928
forecast_6781,2025-10-10 13:00:00,3888.0001544952393,3779.9999356269836,3152.282706700594
forecast_6782,2025-10-10 14:00:00,3888.0001544952393,3779.9999356269836,3273.4983145659226
forecast_6783,2025-10-10 15:00:00,3888.0001544952393,3779.9999356269836,3046.3097604464606
forecast_6784,2025-10-10 16:00:00,3888.0001544952393,3888.0001544952393,3079.086244830163
forecast_6785,2025-10-10 17:00:00,3888.0001544952393,3888.0001544952393,3021.939995461603
forecast_6786,2025-10-10 18:00:00,3888.0001544952393,3888.0001544952393,3216.3727663511336
forecast_6787,2025-10-10 19:00:00,3888.0001544952393,3888.0001544952393,3162.896316605633
forecast_6788,2025-10-10 20:00:00,3996.000051498413,3888.0001544952393,3318.233653110934
forecast_6789,2025-10-10 21:00:00,3996.000051498413,3996.000051498413,3418.613205076721
forecast_6790,2025-10-10 22:00:00,3996.000051498413,3996.000051498413,3720.838598638322
forecast_6791,2025-10-10 23:00:00,3996.000051498413,3888.0001544952393,3640.550287027374
forecast_6792,2025-10-11 00:00:00,3888.0001544952393,4211.999845504761,3795.156575963434
forecast_6793,2025-10-11 01:00:00,4751.9999742507935,5723.9996910095215,5058.360281454896
forecast_6794,2025-10-11 02:00:00,4427.99996137619,6263.999819755554,4933.322292437499
forecast_6795,2025-10-11 03:00:00,5940.000128746033,7776.0003089904785,4959.937016923937
forecast_6796,2025-10-11 04:00:00,5940.000128746033,9503.999948501587,5387.78274914773
forecast_6797,2025-10-11 05:00:00,9936.000180244446,10692.000102996826,7523.089598878182
forecast_6798,2025-10-11 06:00:00,9180.000257492065,10692.000102996826,6844.612829141435
forecast_6799,2025-10-11 07:00:00,7992.000102996826,10692.000102996826,6175.809367654159
forecast_6800,2025-10-11 08:00:00,7992.000102996826,10692.000102996826,7113.9432798694
forecast_6801,2025-10-11 09:00:00,7451.9999742507935,10692.000102996826,6829.555156580724
forecast_6802,2025-10-11 10:00:00,7992.000102996826,10259.999871253967,7411.076914378638
forecast_6803,2025-10-11 11:00:00,7559.999871253967,10259.999871253967,7049.993232604954
forecast_6804,2025-10-11 12:00:00,7451.9999742507935,10692.000102996826,6963.320672649018
forecast_6805,2025-10-11 13:00:00,9936.000180244446,11231.999588012695,7928.6917629459
forecast_6806,2025-10-11 14:00:00,9288.00015449524,10259.999871253967,8078.364940217347
forecast_6807,2025-10-11 15:00:00,10476.000308990479,11447.999382019043,9138.313825771116
forecast_6808,2025-10-11 16:00:00,11880.000257492065,12527.999639511108,10451.569454867808
forecast_6809,2025-10-11 17:00:00,12096.000051498413,12096.000051498413,9256.138082811362
forecast_6810,2025-10-11 18:00:00,12096.000051498413,12743.999433517456,10229.629436366946
forecast_6811,2025-10-11 19:00:00,14472.000360488892,13931.999588012695,11191.232080095871
forecast_6812,2025-10-11 20:00:00,14472.000360488892,14472.000360488892,11742.545280458651
forecast_6813,2025-10-11 21:00:00,14472.000360488892,14796.000051498413,11574.49565627124
forecast_6814,2025-10-11 22:00:00,14147.999382019043,14364.000463485718,10047.501684482886
forecast_6815,2025-10-11 23:00:00,14472.000360488892,14256.000566482544,10047.67271314045
forecast_6816,2025-10-12 00:00:00,14580.000257492065,13500.0,10005.0778040018
forecast_6817,2025-10-12 01:00:00,14688.00015449524,13392.000102996826,9427.924431793608
forecast_6818,2025-10-12 02:00:00,14256.000566482544,12311.99984550476,9359.1419849939
forecast_6819,2025-10-12 03:00:00,10259.999871253967,9611.99984550476,6717.809423069644
forecast_6820,2025-10-12 04:00:00,10259.999871253967,8855.99992275238,5927.377442617508
forecast_6821,2025-10-12 05:00:00,5940.000128746033,5940.000128746033,4583.752394173325
forecast_6822,2025-10-12 06:00:00,4644.00007724762,4751.9999742507935,2901.5442125670243
forecast_6823,2025-10-12 07:00:00,3888.0001544952393,3888.0001544952393,2496.671762617431
forecast_6824,2025-10-12 08:00:00,3888.0001544952393,3779.9999356269836,3107.9387728207425
forecast_6825,2025-10-12 09:00:00,4320.000064373016,4320.000064373016,3696.426598667944
forecast_6826,2025-10-12 10:00:00,4211.999845504761,5075.999987125397,3592.303021247585
forecast_6827,2025-10-12 11:00:00,5615.999794006348,5832.000231742859,3283.1035772111777
forecast_6828,2025-10-12 12:00:00,4103.999948501587,5832.000231742859,3386.932676028382
forecast_6829,2025-10-12 13:00:00,4211.999845504761,5183.999884128571,3700.819456865164
forecast_6830,2025-10-12 14:00:00,4211.999845504761,6263.999819755554,4040.0055388797177
forecast_6831,2025-10-12 15:00:00,4211.999845504761,6263.999819755554,3626.94383869396
forecast_6832,2025-10-12 16:00:00,4103.999948501587,5400.0,4071.655087818821
forecast_6833,2025-10-12 17:00:00,4320.000064373016,6263.999819755554,3867.257428343565
forecast_6834,2025-10-12 18:00:00,5615.999794006348,6911.999845504761,4201.490321196917
forecast_6835,2025-10-12 19:00:00,5723.9996910095215,7559.999871253967,5083.014789548995
forecast_6836,2025-10-12 20:00:00,5723.9996910095215,7884.000205993652,5178.297893117865
forecast_6837,2025-10-12 21:00:00,5615.999794006348,6911.999845504761,4742.582929062223
forecast_6838,2025-10-12 22:00:00,4535.999858379364,5183.999884128571,3793.007187699409
forecast_6839,2025-10-12 23:00:00,4103.999948501587,5183.999884128571,3543.75142924561
forecast_6840,2025-10-13 00:00:00,4103.999948501587,5183.999884128571,3433.649344512651
forecast_6841,2025-10-13 01:00:00,3888.0001544952393,3996.000051498413,2767.1615439830075
forecast_6842,2025-10-13 02:00:00,3996.000051498413,3888.0001544952393,2556.419834784228
forecast_6843,2025-10-13 03:00:00,3888.0001544952393,3564.000141620636,2364.6326979128803
forecast_6844,2025-10-13 04:00:00,3455.9999227523804,3348.0000257492065,2416.24342717452
forecast_6845,2025-10-13 05:00:00,3888.0001544952393,3672.00003862381,2636.047926282376
forecast_6846,2025-10-13 06:00:00,4103.999948501587,3888.0001544952393,2522.224230248924
forecast_6847,2025-10-13 07:00:00,3888.0001544952393,4427.99996137619,3393.543345402055
forecast_6848,2025-10-13 08:00:00,3888.0001544952393,5075.999987125397,3355.6575601514483
forecast_6849,2025-10-13 09:00:00,3888.0001544952393,4211.999845504761,3236.6411335973016
forecast_6850,2025-10-13 10:00:00,4320.000064373016,5183.999884128571,3096.8661599945544
forecast_6851,2025-10-13 11:00:00,3888.0001544952393,4427.99996137619,3456.9748811289555
forecast_6852,2025-10-13 12:00:00,3888.0001544952393,4644.00007724762,3217.8994744536462
forecast_6853,2025-10-13 13:00:00,3888.0001544952393,5183.999884128571,3144.572767216077
forecast_6854,2025-10-13 14:00:00,3888.0001544952393,4644.00007724762,3120.10009006801
forecast_6855,2025-10-13 15:00:00,3888.0001544952393,4644.00007724762,3379.455777291005
forecast_6856,2025-10-13 16:00:00,4320.000064373016,5292.000102996826,3344.934421604677
forecast_6857,2025-10-13 17:00:00,4535.999858379364,5292.000102996826,3791.737066520742
forecast_6858,2025-10-13 18:00:00,4320.000064373016,5615.999794006348,3176.2873495326708
forecast_6859,2025-10-13 19:00:00,4535.999858379364,5400.0,3737.6304255589775
forecast_6860,2025-10-13 20:00:00,4535.999858379364,5183.999884128571,3595.799434023037
forecast_6861,2025-10-13 21:00:00,4535.999858379364,6588.000154495239,4377.368830178234
forecast_6862,2025-10-13 22:00:00,4751.9999742507935,6588.000154495239,4144.193457732046
forecast_6863,2025-10-13 23:00:00,4535.999858379364,5292.000102996826,3820.1000427636864
forecast_6864,2025-10-14 00:00:00,4751.9999742507935,6588.000154495239,4233.691032610587
forecast_6865,2025-10-14 01:00:00,7019.999742507935,8748.000025749207,4706.916000155458
forecast_6866,2025-10-14 02:00:00,8963.999819755554,9503.999948501587,6630.188070805422
forecast_6867,2025-10-14 03:00:00,6371.999716758728,7128.000283241272,4238.613403387425
forecast_6868,2025-10-14 04:00:00,5723.9996910095215,6803.999948501587,3915.390361174784
forecast_6869,2025-10-14 05:00:00,6048.0000257492065,7884.000205993652,4337.33719898234
forecast_6870,2025-10-14 06:00:00,6263.999819755554,7667.999768257141,4184.559975359508
forecast_6871,2025-10-14 07:00:00,4211.999845504761,6263.999819755554,3946.745226392258
forecast_6872,2025-10-14 08:00:00,4211.999845504761,6263.999819755554,4106.521303665111
forecast_6873,2025-10-14 09:00:00,4320.000064373016,6803.999948501587,4233.387705699982
forecast_6874,2025-10-14 10:00:00,4320.000064373016,6263.999819755554,3940.803154396935
forecast_6875,2025-10-14 11:00:00,4320.000064373016,5292.000102996826,3672.2001247696094
forecast_6876,2025-10-14 12:00:00,4320.000064373016,5292.000102996826,3384.9822142009075
forecast_6877,2025-10-14 13:00:00,4103.999948501587,5183.999884128571,3140.483366895586
forecast_6878,2025-10-14 14:00:00,4320.000064373016,5292.000102996826,3393.114378859602
forecast_6879,2025-10-14 15:00:00,4320.000064373016,5292.000102996826,3513.239095685369
forecast_6880,2025-10-14 16:00:00,3888.0001544952393,4644.00007724762,3172.145553483081
forecast_6881,2025-10-14 17:00:00,4320.000064373016,5292.000102996826,3613.803737058605
forecast_6882,2025-10-14 18:00:00,4320.000064373016,4751.9999742507935,3185.32698900576
forecast_6883,2025-10-14 19:00:00,4535.999858379364,4427.99996137619,3267.511977678554
forecast_6884,2025-10-14 20:00:00,4103.999948501587,5183.999884128571,3582.967432485428
forecast_6885,2025-10-14 21:00:00,4211.999845504761,5183.999884128571,3716.030145841937
forecast_6886,2025-10-14 22:00:00,4535.999858379364,4644.00007724762,3578.0014521857893
forecast_6887,2025-10-14 23:00:00,4535.999858379364,4644.00007724762,3570.251551439189
forecast_6888,2025-10-15 00:00:00,4535.999858379364,4644.00007724762,3547.2303197126425
forecast_6889,2025-10-15 01:00:00,3996.000051498413,4427.99996137619,3084.502175107374
forecast_6890,2025-10-15 02:00:00,3996.000051498413,4211.999845504761,3018.8720281898845
forecast_6891,2025-10-15 03:00:00,3996.000051498413,4427.99996137619,3064.709913363198
forecast_6892,2025-10-15 04:00:00,4535.999858379364,4427.99996137619,2870.2160942491387
forecast_6893,2025-10-15 05:00:00,4535.999858379364,3996.000051498413,2848.7057268536905
forecast_6894,2025-10-15 06:00:00,4535.999858379364,4427.99996137619,2719.3264885241524
forecast_6895,2025-10-15 07:00:00,3888.0001544952393,3996.000051498413,2632.82509210593
forecast_6896,2025-10-15 08:00:00,3888.0001544952393,3888.0001544952393,2686.3859015329745
forecast_6897,2025-10-15 09:00:00,3888.0001544952393,3888.0001544952393,2789.5780979707915
forecast_6898,2025-10-15 10:00:00,3779.9999356269836,3888.0001544952393,2517.7995929327444
forecast_6899,2025-10-15 11:00:00,3455.9999227523804,3888.0001544952393,2551.733071353771
forecast_6900,2025-10-15 12:00:00,3455.9999227523804,3455.9999227523804,2430.7979959933377
forecast_6901,2025-10-15 13:00:00,3672.00003862381,3455.9999227523804,2509.525102746513
forecast_6902,2025-10-15 14:00:00,3672.00003862381,3455.9999227523804,2420.1414273382934
forecast_6903,2025-10-15 15:00:00,3672.00003862381,3455.9999227523804,2254.002262950257
forecast_6904,2025-10-15 16:00:00,3672.00003862381,3240.0001287460327,2357.1094304865155
forecast_6905,2025-10-15 17:00:00,3888.0001544952393,3564.000141620636,2546.670984607704
forecast_6906,2025-10-15 18:00:00,3779.9999356269836,3564.000141620636,2518.485263575257
forecast_6907,2025-10-15 19:00:00,3779.9999356269836,3455.9999227523804,2654.581528714873
forecast_6908,2025-10-15 20:00:00,3888.0001544952393,3888.0001544952393,2969.6688499894544
forecast_6909,2025-10-15 21:00:00,3888.0001544952393,3779.9999356269836,2890.214201474384
forecast_6910,2025-10-15 22:00:00,3888.0001544952393,4211.999845504761,3593.5025933860948
forecast_6911,2025-10-15 23:00:00,5615.999794006348,5400.0,3769.970503850531
forecast_6912,2025-10-16 00:00:00,4427.99996137619,5832.000231742859,4322.30024407132
forecast_6913,2025-10-16 01:00:00,3996.000051498413,3672.00003862381,2746.721680126934
forecast_6914,2025-10-16 02:00:00,3888.0001544952393,3888.0001544952393,2976.906237460003
forecast_6915,2025-10-16 03:00:00,3888.0001544952393,4103.999948501587,3703.010752390779
forecast_6916,2025-10-16 04:00:00,3888.0001544952393,3779.9999356269836,3599.7462566569625
forecast_6917,2025-10-16 05:00:00,3888.0001544952393,3779.9999356269836,3101.808776816727
forecast_6918,2025-10-16 06:00:00,3779.9999356269836,3996.000051498413,3368.5775681379014
forecast_6919,2025-10-16 07:00:00,4211.999845504761,5615.999794006348,3931.047018616088
forecast_6920,2025-10-16 08:00:00,4320.000064373016,5292.000102996826,4077.970767412448
forecast_6921,2025-10-16 09:00:00,4211.999845504761,5183.999884128571,3776.2217117841574
forecast_6922,2025-10-16 10:00:00,4320.000064373016,5183.999884128571,3543.897722747661
forecast_6923,2025-10-16 11:00:00,3888.0001544952393,4644.00007724762,3134.813663331934
forecast_6924,2025-10-16 12:00:00,3996.000051498413,5075.999987125397,3524.9574554299165
forecast_6925,2025-10-16 13:00:00,4103.999948501587,5183.999884128571,4103.566144424144
forecast_6926,2025-10-16 14:00:00,4103.999948501587,5723.9996910095215,4012.0830163007454
forecast_6927,2025-10-16 15:00:00,3888.0001544952393,5183.999884128571,3544.3641221836706
forecast_6928,2025-10-16 16:00:00,3888.0001544952393,4644.00007724762,3384.1096680987825
forecast_6929,2025-10-16 17:00:00,3888.0001544952393,4211.999845504761,3374.764837154393
forecast_6930,2025-10-16 18:00:00,3888.0001544952393,4211.999845504761,3315.15659443001
forecast_6931,2025-10-16 19:00:00,4103.999948501587,4644.00007724762,3452.289945269843
forecast_6932,2025-10-16 20:00:00,4211.999845504761,5183.999884128571,3244.857432128099
forecast_6933,2025-10-16 21:00:00,4211.999845504761,5183.999884128571,3600.7378237364846
forecast_6934,2025-10-16 22:00:00,4427.99996137619,5400.0,3782.6866799866566
forecast_6935,2025-10-16 23:00:00,4427.99996137619,4427.99996137619,3471.075527709517
forecast_6936,2025-10-17 00:00:00,3996.000051498413,4427.99996137619,3449.4717311871027
forecast_6937,2025-10-17 01:00:00,3996.000051498413,4427.99996137619,3395.674365642833
forecast_6938,2025-10-17 02:00:00,3996.000051498413,4427.99996137619,3359.962562367982
forecast_6939,2025-10-17 03:00:00,3996.000051498413,3996.000051498413,3327.4679976793477
forecast_6940,2025-10-17 04:00:00,3996.000051498413,3996.000051498413,3020.2591622677364
forecast_6941,2025-10-17 05:00:00,3888.0001544952393,3996.000051498413,2854.0751636113523
forecast_6942,2025-10-17 06:00:00,3888.0001544952393,3888.0001544952393,2801.087560905953
forecast_6943,2025-10-17 07:00:00,3779.9999356269836,3779.9999356269836,2822.021468006888
forecast_6944,2025-10-17 08:00:00,3779.9999356269836,3888.0001544952393,3013.928163490601
forecast_6945,2025-10-17 09:00:00,3888.0001544952393,3564.000141620636,2617.1496889046493
forecast_6946,2025-10-17 10:00:00,3996.000051498413,3240.0001287460327,2388.767667590747
forecast_6947,2025-10-17 11:00:00,3672.00003862381,3131.999909877777,2310.8120281766387
forecast_6948,2025-10-17 12:00:00,3779.9999356269836,3240.0001287460327,2443.8929068761418
forecast_6949,2025-10-17 13:00:00,3779.9999356269836,3455.9999227523804,2402.145088830232
forecast_6950,2025-10-17 14:00:00,3888.0001544952393,3455.9999227523804,2696.348264308173
forecast_6951,2025-10-17 15:00:00,3779.9999356269836,3455.9999227523804,2547.259414196214
forecast_6952,2025-10-17 16:00:00,3996.000051498413,3455.9999227523804,2720.969613737869
forecast_6953,2025-10-17 17:00:00,3779.9999356269836,3779.9999356269836,2866.131935502431
forecast_6954,2025-10-17 18:00:00,3888.0001544952393,3779.9999356269836,2853.4894844876926
forecast_6955,2025-10-17 19:00:00,3996.000051498413,3888.0001544952393,2932.523945363751
forecast_6956,2025-10-17 20:00:00,3996.000051498413,4103.999948501587,3066.64397299492
forecast_6957,2025-10-17 21:00:00,5832.000231742859,5183.999884128571,3832.913999525475
forecast_6958,2025-10-17 22:00:00,5832.000231742859,6263.999819755554,4064.490920035932
forecast_6959,2025-10-17 23:00:00,5832.000231742859,5940.000128746033,4052.350887285754
forecast_6960,2025-10-18 00:00:00,4211.999845504761,4859.999871253967,3731.820386273047
forecast_6961,2025-10-18 01:00:00,3888.0001544952393,4968.000090122223,4182.583004355056
forecast_6962,2025-10-18 02:00:00,3888.0001544952393,7019.999742507935,4508.170237007132
forecast_6963,2025-10-18 03:00:00,4320.000064373016,5940.000128746033,3798.0762773451625
forecast_6964,2025-10-18 04:00:00,4320.000064373016,5832.000231742859,4177.350909938268
forecast_6965,2025-10-18 05:00:00,4427.99996137619,4427.99996137619,3223.423039633898
forecast_6966,2025-10-18 06:00:00,3888.0001544952393,3779.9999356269836,2668.1177235510268
forecast_6967,2025-10-18 07:00:00,3888.0001544952393,3779.9999356269836,2756.987196868056
forecast_6968,2025-10-18 08:00:00,3888.0001544952393,3779.9999356269836,2747.300039039674
forecast_6969,2025-10-18 09:00:00,3888.0001544952393,3779.9999356269836,2747.4030514221736
forecast_6970,2025-10-18 10:00:00,3888.0001544952393,3564.000141620636,2653.9762101026104
forecast_6971,2025-10-18 11:00:00,3779.9999356269836,3779.9999356269836,2685.5618300840697
forecast_6972,2025-10-18 12:00:00,3888.0001544952393,3779.9999356269836,2601.524151283614
forecast_6973,2025-10-18 13:00:00,3888.0001544952393,3888.0001544952393,2749.3824926265274
forecast_6974,2025-10-18 14:00:00,3888.0001544952393,3888.0001544952393,2865.6657657573965
forecast_6975,2025-10-18 15:00:00,3888.0001544952393,4211.999845504761,2920.9756343353442
forecast_6976,2025-10-18 16:00:00,3888.0001544952393,4644.00007724762,3347.3179680777275
forecast_6977,2025-10-18 17:00:00,3888.0001544952393,4211.999845504761,2880.4857442575835
forecast_6978,2025-10-18 18:00:00,3888.0001544952393,3888.0001544952393,2555.9775024104506
forecast_6979,2025-10-18 19:00:00,3888.0001544952393,3996.000051498413,2527.1822770227946
forecast_6980,2025-10-18 20:00:00,3996.000051498413,3888.0001544952393,2608.5881634647
forecast_6981,2025-10-18 21:00:00,3888.0001544952393,3996.000051498413,2839.2746511570595
forecast_6982,2025-10-18 22:00:00,4103.999948501587,3564.000141620636,2968.87294519334
forecast_6983,2025-10-18 23:00:00,3996.000051498413,3564.000141620636,2831.3187103181253
forecast_6984,2025-10-19 00:00:00,3455.9999227523804,3348.0000257492065,2539.628523666729
forecast_6985,2025-10-19 01:00:00,3564.000141620636,3131.999909877777,2486.5544673350346
forecast_6986,2025-10-19 02:00:00,3888.0001544952393,3240.0001287460327,2572.904771980267
forecast_6987,2025-10-19 03:00:00,3564.000141620636,2916.0001158714294,2442.0177632773903
forecast_6988,2025-10-19 04:00:00,3888.0001544952393,3024.0000128746033,2386.994458878948
forecast_6989,2025-10-19 05:00:00,3888.0001544952393,3240.0001287460327,2450.0047479350496
forecast_6990,2025-10-19 06:00:00,3888.0001544952393,3131.999909877777,2570.779421377301
forecast_6991,2025-10-19 07:00:00,3888.0001544952393,3348.0000257492065,2756.705265541232
forecast_6992,2025-10-19 08:00:00,3888.0001544952393,3455.9999227523804,3050.150061890566
forecast_6993,2025-10-19 09:00:00,3888.0001544952393,3564.000141620636,2968.351026708036
forecast_6994,2025-10-19 10:00:00,3564.000141620636,3348.0000257492065,2769.772585523123
forecast_6995,2025-10-19 11:00:00,3564.000141620636,3564.000141620636,2738.864441591011
forecast_6996,2025-10-19 12:00:00,3564.000141620636,3564.000141620636,2671.210756277297
forecast_6997,2025-10-19 13:00:00,3888.0001544952393,3888.0001544952393,2476.4632972816125
forecast_6998,2025-10-19 14:00:00,3888.0001544952393,3888.0001544952393,2128.346544620375
forecast_6999,2025-10-19 15:00:00,5940.000128746033,4211.999845504761,2620.5464948918257
forecast_7000,2025-10-19 16:00:00,6371.999716758728,5615.999794006348,3518.8613020322287
forecast_7001,2025-10-19 17:00:00,6371.999716758728,5615.999794006348,3780.87117885472
forecast_7002,2025-10-19 18:00:00,6263.999819755554,5615.999794006348,3658.204710278717
forecast_7003,2025-10-19 19:00:00,8423.999691009521,7344.00007724762,4766.783931553734
forecast_7004,2025-10-19 20:00:00,9180.000257492065,7884.000205993652,5362.734969134119
forecast_7005,2025-10-19 21:00:00,5832.000231742859,6911.999845504761,3959.1325640232185
forecast_7006,2025-10-19 22:00:00,5400.0,6263.999819755554,3696.141945961452
forecast_7007,2025-10-19 23:00:00,4535.999858379364,4427.99996137619,3442.9259614918933
forecast_7008,2025-10-20 00:00:00,4320.000064373016,4211.999845504761,3021.302341315617
forecast_7009,2025-10-20 01:00:00,3888.0001544952393,3672.00003862381,2544.5458944059574
forecast_7010,2025-10-20 02:00:00,3888.0001544952393,3672.00003862381,2806.0548895512443
forecast_7011,2025-10-20 03:00:00,3888.0001544952393,3779.9999356269836,2739.708678476026
forecast_7012,2025-10-20 04:00:00,3888.0001544952393,3672.00003862381,2973.6566495509883
forecast_7013,2025-10-20 05:00:00,3888.0001544952393,3779.9999356269836,2872.64124015114
forecast_7014,2025-10-20 06:00:00,3888.0001544952393,3779.9999356269836,2677.645394971564
forecast_7015,2025-10-20 07:00:00,3888.0001544952393,3779.9999356269836,2930.6024120200887
forecast_7016,2025-10-20 08:00:00,3888.0001544952393,3779.9999356269836,2777.1956629673987
forecast_7017,2025-10-20 09:00:00,3996.000051498413,4211.999845504761,3316.1977349991826
forecast_7018,2025-10-20 10:00:00,3888.0001544952393,3996.000051498413,2892.1320425806844
forecast_7019,2025-10-20 11:00:00,3888.0001544952393,3888.0001544952393,2954.312950295598
forecast_7020,2025-10-20 12:00:00,3888.0001544952393,3888.0001544952393,2888.456356033396
forecast_7021,2025-10-20 13:00:00,3888.0001544952393,3888.0001544952393,2566.5152981204824
forecast_7022,2025-10-20 14:00:00,3779.9999356269836,3888.0001544952393,2361.900040765183
forecast_7023,2025-10-20 15:00:00,3779.9999356269836,3564.000141620636,2232.753398085304
forecast_7024,2025-10-20 16:00:00,3888.0001544952393,3240.0001287460327,2187.0774075310173
forecast_7025,2025-10-20 17:00:00,3888.0001544952393,3024.0000128746033,2020.1295366669497
forecast_7026,2025-10-20 18:00:00,3888.0001544952393,2807.999897003174,2076.9263683201293
forecast_7027,2025-10-20 19:00:00,3455.9999227523804,3024.0000128746033,2459.891074964869
forecast_7028,2025-10-20 20:00:00,3455.9999227523804,3131.999909877777,2620.9665465615285
forecast_7029,2025-10-20 21:00:00,3888.0001544952393,3348.0000257492065,3069.660493637636
forecast_7030,2025-10-20 22:00:00,3888.0001544952393,3348.0000257492065,3129.8780893426638
forecast_7031,2025-10-20 23:00:00,3888.0001544952393,3564.000141620636,2672.230378867578
forecast_7032,2025-10-21 00:00:00,3888.0001544952393,3564.000141620636,3175.7652420817067
forecast_7033,2025-10-21 01:00:00,3888.0001544952393,3779.9999356269836,2533.4127363516945
forecast_7034,2025-10-21 02:00:00,3888.0001544952393,3779.9999356269836,2504.369391234482
forecast_7035,2025-10-21 03:00:00,3888.0001544952393,3996.000051498413,2389.881801574836
forecast_7036,2025-10-21 04:00:00,3888.0001544952393,3996.000051498413,2087.076013032419
forecast_7037,2025-10-21 05:00:00,3888.0001544952393,3888.0001544952393,2193.7834904298634
forecast_7038,2025-10-21 06:00:00,3888.0001544952393,3455.9999227523804,2165.784333304777
forecast_7039,2025-10-21 07:00:00,3888.0001544952393,3455.9999227523804,2519.994048332041
forecast_7040,2025-10-21 08:00:00,3888.0001544952393,3455.9999227523804,2380.017820647391
forecast_7041,2025-10-21 09:00:00,3455.9999227523804,3240.0001287460327,2551.379316505285
forecast_7042,2025-10-21 10:00:00,3455.9999227523804,3131.999909877777,2198.144653679179
forecast_7043,2025-10-21 11:00:00,3455.9999227523804,2916.0001158714294,1989.7249594459388
forecast_7044,2025-10-21 12:00:00,3779.9999356269836,2484.0000450611115,1888.241465523821
forecast_7045,2025-10-21 13:00:00,3779.9999356269836,2591.9999420642853,1944.3328452766184
forecast_7046,2025-10-21 14:00:00,2700.0,3131.999909877777,2195.0481361930574
forecast_7047,2025-10-21 15:00:00,3455.9999227523804,2916.0001158714294,2547.44802618878
forecast_7048,2025-10-21 16:00:00,3455.9999227523804,3024.0000128746033,2456.295188802533
forecast_7049,2025-10-21 17:00:00,3455.9999227523804,2916.0001158714294,2695.967105774074
forecast_7050,2025-10-21 18:00:00,3779.9999356269836,3024.0000128746033,2942.866462676623
forecast_7051,2025-10-21 19:00:00,3779.9999356269836,3564.000141620636,3017.920974905862
forecast_7052,2025-10-21 20:00:00,3455.9999227523804,3455.9999227523804,3268.7044836222403
forecast_7053,2025-10-21 21:00:00,3888.0001544952393,3564.000141620636,2970.3145421038444
forecast_7054,2025-10-21 22:00:00,3779.9999356269836,3564.000141620636,3147.252360929253
forecast_7055,2025-10-21 23:00:00,3888.0001544952393,3564.000141620636,3108.664964213608
forecast_7056,2025-10-22 00:00:00,3888.0001544952393,3564.000141620636,2957.713004077533
forecast_7057,2025-10-22 01:00:00,3888.0001544952393,3455.9999227523804,2795.624844986475
forecast_7058,2025-10-22 02:00:00,3888.0001544952393,3564.000141620636,2642.1993856320664
forecast_7059,2025-10-22 03:00:00,3888.0001544952393,3455.9999227523804,2561.482852733414
forecast_7060,2025-10-22 04:00:00,3455.9999227523804,3348.0000257492065,2514.771572308716
forecast_7061,2025-10-22 05:00:00,3455.9999227523804,3455.9999227523804,2578.887102348626
forecast_7062,2025-10-22 06:00:00,3888.0001544952393,3564.000141620636,2615.076036043705
forecast_7063,2025-10-22 07:00:00,3888.0001544952393,3564.000141620636,2844.529850720688
forecast_7064,2025-10-22 08:00:00,3888.0001544952393,3779.9999356269836,2823.174636945149
forecast_7065,2025-10-22 09:00:00,3996.000051498413,4427.99996137619,3215.1613654998714
forecast_7066,2025-10-22 10:00:00,3779.9999356269836,3779.9999356269836,2808.86737150628
forecast_7067,2025-10-22 11:00:00,3888.0001544952393,3888.0001544952393,2785.2847251700537
forecast_7068,2025-10-22 12:00:00,3888.0001544952393,3672.00003862381,2803.9934002862306
forecast_7069,2025-10-22 13:00:00,3888.0001544952393,3564.000141620636,2909.3334875331443
forecast_7070,2025-10-22 14:00:00,3779.9999356269836,3564.000141620636,2612.380762822912
forecast_7071,2025-10-22 15:00:00,3888.0001544952393,3455.9999227523804,2637.120240389667
forecast_7072,2025-10-22 16:00:00,3888.0001544952393,3672.00003862381,2421.2877794915485
forecast_7073,2025-10-22 17:00:00,3888.0001544952393,3564.000141620636,2736.0838980158283
forecast_7074,2025-10-22 18:00:00,3888.0001544952393,3348.0000257492065,2591.1272528026275
forecast_7075,2025-10-22 19:00:00,3996.000051498413,3348.0000257492065,2579.461413984189
forecast_7076,2025-10-22 20:00:00,3888.0001544952393,3455.9999227523804,2951.7594920365964
forecast_7077,2025-10-22 21:00:00,3888.0001544952393,3564.000141620636,3097.806840975661
forecast_7078,2025-10-22 22:00:00,4103.999948501587,3888.0001544952393,3330.8245411476296
forecast_7079,2025-10-22 23:00:00,4535.999858379364,3564.000141620636,3036.606939599996
forecast_7080,2025-10-23 00:00:00,3996.000051498413,3455.9999227523804,2999.623154758937
forecast_7081,2025-10-23 01:00:00,3455.9999227523804,3240.0001287460327,2610.8088524562327
forecast_7082,2025-10-23 02:00:00,3888.0001544952393,3348.0000257492065,2786.4583501186667
forecast_7083,2025-10-23 03:00:00,3888.0001544952393,3564.000141620636,3093.7005977956946
forecast_7084,2025-10-23 04:00:00,3779.9999356269836,3564.000141620636,2822.951329752554
forecast_7085,2025-10-23 05:00:00,3455.9999227523804,3564.000141620636,2710.7957050298846
forecast_7086,2025-10-23 06:00:00,3455.9999227523804,3564.000141620636,2872.958657151388
forecast_7087,2025-10-23 07:00:00,3564.000141620636,3455.9999227523804,2721.9002394116164
forecast_7088,2025-10-23 08:00:00,3564.000141620636,3455.9999227523804,2519.6255873764235
forecast_7089,2025-10-23 09:00:00,3888.0001544952393,3131.999909877777,2589.884699598388
forecast_7090,2025-10-23 10:00:00,4320.000064373016,2375.9999871253967,2340.0368168781874
forecast_7091,2025-10-23 11:00:00,3779.9999356269836,2375.9999871253967,2225.630589511771
forecast_7092,2025-10-23 12:00:00,3779.9999356269836,2375.9999871253967,2215.443981011179
forecast_7093,2025-10-23 13:00:00,3455.9999227523804,2916.0001158714294,2330.6774214751363
forecast_7094,2025-10-23 14:00:00,3888.0001544952393,3348.0000257492065,2419.833099407334
forecast_7095,2025-10-23 15:00:00,3779.9999356269836,3455.9999227523804,2364.000649302165
forecast_7096,2025-10-23 16:00:00,3888.0001544952393,3564.000141620636,2569.610172080998
forecast_7097,2025-10-23 17:00:00,3779.9999356269836,3240.0001287460327,2523.024561096464
forecast_7098,2025-10-23 18:00:00,3455.9999227523804,2916.0001158714294,2515.710439379065
forecast_7099,2025-10-23 19:00:00,3455.9999227523804,3131.999909877777,2568.103351215296
forecast_7100,2025-10-23 20:00:00,3779.9999356269836,3348.0000257492065,2913.7284679920112
forecast_7101,2025-10-23 21:00:00,3564.000141620636,3455.9999227523804,3010.946818640844
forecast_7102,2025-10-23 22:00:00,3564.000141620636,3455.9999227523804,3139.777592990563
forecast_7103,2025-10-23 23:00:00,3564.000141620636,3564.000141620636,3001.9310596737027
forecast_7104,2025-10-24 00:00:00,3888.0001544952393,3564.000141620636,3068.0272577950896
forecast_7105,2025-10-24 01:00:00,3888.0001544952393,3455.9999227523804,2878.4857732597043
forecast_7106,2025-10-24 02:00:00,3888.0001544952393,3564.000141620636,2732.329091177406
forecast_7107,2025-10-24 03:00:00,4103.999948501587,3888.0001544952393,2976.8156178194536
forecast_7108,2025-10-24 04:00:00,4103.999948501587,3455.9999227523804,2890.1452521471265
forecast_7109,2025-10-24 05:00:00,3888.0001544952393,3779.9999356269836,2880.6240723142755
forecast_7110,2025-10-24 06:00:00,4103.999948501587,4211.999845504761,3332.0773075963493
forecast_7111,2025-10-24 07:00:00,4320.000064373016,4320.000064373016,3277.765546406195
forecast_7112,2025-10-24 08:00:00,3888.0001544952393,4103.999948501587,2971.44167720752
forecast_7113,2025-10-24 09:00:00,3888.0001544952393,3888.0001544952393,2570.0319106453426
forecast_7114,2025-10-24 10:00:00,3888.0001544952393,3888.0001544952393,3166.9182729364907
forecast_7115,2025-10-24 11:00:00,3888.0001544952393,3779.9999356269836,3032.721799715553
forecast_7116,2025-10-24 12:00:00,3779.9999356269836,3564.000141620636,2603.5990752030166
forecast_7117,2025-10-24 13:00:00,3888.0001544952393,3672.00003862381,2945.7561825961125
forecast_7118,2025-10-24 14:00:00,3779.9999356269836,3564.000141620636,2622.2229030015365
forecast_7119,2025-10-24 15:00:00,3888.0001544952393,3564.000141620636,2661.0154787826973
forecast_7120,2025-10-24 16:00:00,3888.0001544952393,3455.9999227523804,2364.5058471260304
forecast_7121,2025-10-24 17:00:00,3888.0001544952393,3564.000141620636,2493.7611952548546
forecast_7122,2025-10-24 18:00:00,3888.0001544952393,3564.000141620636,2519.853317721156
forecast_7123,2025-10-24 19:00:00,3888.0001544952393,3779.9999356269836,2758.466331429563
forecast_7124,2025-10-24 20:00:00,3996.000051498413,4103.999948501587,2948.243977077897
forecast_7125,2025-10-24 21:00:00,4103.999948501587,4103.999948501587,3096.77134308195
forecast_7126,2025-10-24 22:00:00,4535.999858379364,4427.99996137619,3562.1727976435777
forecast_7127,2025-10-24 23:00:00,3888.0001544952393,3888.0001544952393,3498.2229467911766
forecast_7128,2025-10-25 00:00:00,3888.0001544952393,3672.00003862381,3079.3544079483413
forecast_7129,2025-10-25 01:00:00,3996.000051498413,3888.0001544952393,3487.5074104932914
forecast_7130,2025-10-25 02:00:00,3888.0001544952393,3888.0001544952393,3444.2783323727454
forecast_7131,2025-10-25 03:00:00,3888.0001544952393,3888.0001544952393,3559.65784535585
forecast_7132,2025-10-25 04:00:00,3888.0001544952393,3888.0001544952393,3554.1915954809674
forecast_7133,2025-10-25 05:00:00,3888.0001544952393,3779.9999356269836,3702.2323166447504
forecast_7134,2025-10-25 06:00:00,3888.0001544952393,3888.0001544952393,3733.587337813943
forecast_7135,2025-10-25 07:00:00,3888.0001544952393,3888.0001544952393,3543.288361201281
forecast_7136,2025-10-25 08:00:00,3888.0001544952393,3779.9999356269836,3471.782139907082
forecast_7137,2025-10-25 09:00:00,3888.0001544952393,3779.9999356269836,3200.835194889801
forecast_7138,2025-10-25 10:00:00,3888.0001544952393,3564.000141620636,2700.807356524536
forecast_7139,2025-10-25 11:00:00,3564.000141620636,3455.9999227523804,2539.437550991954
forecast_7140,2025-10-25 12:00:00,3779.9999356269836,3455.9999227523804,2550.313899339705
forecast_7141,2025-10-25 13:00:00,3888.0001544952393,3455.9999227523804,2530.5130892056904
forecast_7142,2025-10-25 14:00:00,3455.9999227523804,3024.0000128746033,2253.199552246336
forecast_7143,2025-10-25 15:00:00,3779.9999356269836,3131.999909877777,2314.3360644795166
forecast_7144,2025-10-25 16:00:00,3779.9999356269836,3348.0000257492065,2381.1129951402017
forecast_7145,2025-10-25 17:00:00,3888.0001544952393,3240.0001287460327,2163.5312035731995
forecast_7146,2025-10-25 18:00:00,3888.0001544952393,3455.9999227523804,2755.7523994169146
forecast_7147,2025-10-25 19:00:00,3888.0001544952393,3564.000141620636,3221.5167566861687
forecast_7148,2025-10-25 20:00:00,3888.0001544952393,3564.000141620636,3333.067466751594
forecast_7149,2025-10-25 21:00:00,3888.0001544952393,3564.000141620636,3264.1340753718323
forecast_7150,2025-10-25 22:00:00,3888.0001544952393,4103.999948501587,3044.4152648118456
forecast_7151,2025-10-25 23:00:00,3888.0001544952393,4103.999948501587,3511.945054128906
forecast_7152,2025-10-26 00:00:00,3888.0001544952393,4103.999948501587,3410.211928080684
forecast_7153,2025-10-26 01:00:00,3888.0001544952393,3672.00003862381,2881.6582883496817
forecast_7154,2025-10-26 02:00:00,3888.0001544952393,3672.00003862381,2665.624026471088
forecast_7155,2025-10-26 03:00:00,3888.0001544952393,3672.00003862381,2610.8495688317275
forecast_7156,2025-10-26 04:00:00,3888.0001544952393,3672.00003862381,2526.9615457620203
forecast_7157,2025-10-26 05:00:00,4427.99996137619,3888.0001544952393,2571.114446273697
forecast_7158,2025-10-26 06:00:00,3888.0001544952393,3888.0001544952393,2889.396732777247
forecast_7159,2025-10-26 07:00:00,3888.0001544952393,3888.0001544952393,3377.00562851585
forecast_7160,2025-10-26 08:00:00,4535.999858379364,3888.0001544952393,3468.3485082393536
forecast_7161,2025-10-26 09:00:00,4535.999858379364,4211.999845504761,3690.464735267805
forecast_7162,2025-10-26 10:00:00,4427.99996137619,3888.0001544952393,2998.124709078635
forecast_7163,2025-10-26 11:00:00,3888.0001544952393,3888.0001544952393,2915.9665245426336
forecast_7164,2025-10-26 12:00:00,3888.0001544952393,3888.0001544952393,2950.6473180709686
forecast_7165,2025-10-26 13:00:00,3888.0001544952393,3779.9999356269836,2739.7756130418893
forecast_7166,2025-10-26 14:00:00,4211.999845504761,3888.0001544952393,2629.2568683984946
forecast_7167,2025-10-26 15:00:00,4211.999845504761,4211.999845504761,2673.162904822838
forecast_7168,2025-10-26 16:00:00,4427.99996137619,4211.999845504761,2738.692413078129
forecast_7169,2025-10-26 17:00:00,5183.999884128571,4644.00007724762,3152.318241427965
forecast_7170,2025-10-26 18:00:00,5183.999884128571,5832.000231742859,4424.000303600664
forecast_7171,2025-10-26 19:00:00,9396.000051498413,7559.999871253967,5840.004236274555
forecast_7172,2025-10-26 20:00:00,9936.000180244446,10151.999974250793,6553.458884414959
forecast_7173,2025-10-26 21:00:00,12960.00051498413,12419.999742507935,7936.003911342328
forecast_7174,2025-10-26 22:00:00,13392.000102996826,13715.999794006348,10501.170438512867
forecast_7175,2025-10-26 23:00:00,13500.0,13607.999897003174,11017.506921103295
forecast_7176,2025-10-27 00:00:00,14256.000566482544,14472.000360488892,11150.414178567624
forecast_7177,2025-10-27 01:00:00,14903.999948501587,16523.99969100952,14002.860437600886
forecast_7178,2025-10-27 02:00:00,17388.00015449524,17280.000257492065,13771.997716197706
forecast_7179,2025-10-27 03:00:00,18252.000617980957,17819.999742507935,14665.95275997724
forecast_7180,2025-10-27 04:00:00,17819.999742507935,18360.00051498413,14395.022706003903
forecast_7181,2025-10-27 05:00:00,18252.000617980957,17927.99963951111,12939.288155803151
forecast_7182,2025-10-27 06:00:00,15227.999639511108,15660.00051498413,11634.818683926776
forecast_7183,2025-10-27 07:00:00,14147.999382019043,15552.000617980957,11110.869898977484
forecast_7184,2025-10-27 08:00:00,14580.000257492065,15552.000617980957,10579.779953794256
forecast_7185,2025-10-27 09:00:00,14147.999382019043,13931.999588012695,9933.75456469126
forecast_7186,2025-10-27 10:00:00,13500.0,13068.000411987305,9029.954148379187
forecast_7187,2025-10-27 11:00:00,12096.000051498413,12527.999639511108,8651.777257288019
forecast_7188,2025-10-27 12:00:00,14147.999382019043,13176.000308990479,9265.955917437394
forecast_7189,2025-10-27 13:00:00,14147.999382019043,12960.00051498413,9144.123840373815
forecast_7190,2025-10-27 14:00:00,14147.999382019043,13176.000308990479,8979.611142584576
forecast_7191,2025-10-27 15:00:00,14364.000463485718,13392.000102996826,9116.703299222389
forecast_7192,2025-10-27 16:00:00,14472.000360488892,13392.000102996826,9322.068857319964
forecast_7193,2025-10-27 17:00:00,14688.00015449524,14364.000463485718,11374.712037603
forecast_7194,2025-10-27 18:00:00,14364.000463485718,13607.999897003174,10143.366789394217
forecast_7195,2025-10-27 19:00:00,14364.000463485718,13607.999897003174,9623.693303818884
forecast_7196,2025-10-27 20:00:00,14364.000463485718,13500.0,9886.317947584812
forecast_7197,2025-10-27 21:00:00,14364.000463485718,13068.000411987305,10239.507856460432
forecast_7198,2025-10-27 22:00:00,14147.999382019043,13392.000102996826,10061.681917672464
forecast_7199,2025-10-27 23:00:00,14147.999382019043,12852.000617980957,9779.71384063176
forecast_7200,2025-10-28 00:00:00,11231.999588012695,10692.000102996826,8406.200573683085
forecast_7201,2025-10-28 01:00:00,14688.00015449524,15227.999639511108,10882.875960781354
forecast_7202,2025-10-28 02:00:00,15227.999639511108,15227.999639511108,12331.728478608473
forecast_7203,2025-10-28 03:00:00,14580.000257492065,14256.000566482544,10836.22197596941
forecast_7204,2025-10-28 04:00:00,13715.999794006348,13607.999897003174,10523.5751287282
forecast_7205,2025-10-28 05:00:00,12852.000617980957,11772.000360488892,9361.744454510388
forecast_7206,2025-10-28 06:00:00,12527.999639511108,10800.0,8262.856231716216
forecast_7207,2025-10-28 07:00:00,10367.999768257141,10692.000102996826,7814.898954561357
forecast_7208,2025-10-28 08:00:00,10151.999974250793,10692.000102996826,7728.324036052679
forecast_7209,2025-10-28 09:00:00,10151.999974250793,9071.999716758728,5795.924564743224
forecast_7210,2025-10-28 10:00:00,5075.999987125397,4320.000064373016,3695.525918243811
forecast_7211,2025-10-28 11:00:00,3888.0001544952393,3888.0001544952393,3530.5900639179467
forecast_7212,2025-10-28 12:00:00,3996.000051498413,3888.0001544952393,3135.141885580885
forecast_7213,2025-10-28 13:00:00,4211.999845504761,3996.000051498413,2759.6008234076435
forecast_7214,2025-10-28 14:00:00,4211.999845504761,3996.000051498413,3135.8903805258287
forecast_7215,2025-10-28 15:00:00,4211.999845504761,3996.000051498413,3177.916242470588
forecast_7216,2025-10-28 16:00:00,4211.999845504761,3996.000051498413,3094.770817639252
forecast_7217,2025-10-28 17:00:00,4320.000064373016,3996.000051498413,3002.7297667211333
forecast_7218,2025-10-28 18:00:00,7344.00007724762,6155.99992275238,4656.907125251887
forecast_7219,2025-10-28 19:00:00,9180.000257492065,7559.999871253967,5405.678785826095
forecast_7220,2025-10-28 20:00:00,10044.00007724762,8423.999691009521,6096.209846486102
forecast_7221,2025-10-28 21:00:00,10044.00007724762,9719.999742507935,6797.463787414637
forecast_7222,2025-10-28 22:00:00,9611.99984550476,9396.000051498413,5758.580801683262
forecast_7223,2025-10-28 23:00:00,9180.000257492065,8423.999691009521,5495.413021556983
forecast_7224,2025-10-29 00:00:00,9180.000257492065,8100.0,5368.327538209589
forecast_7225,2025-10-29 01:00:00,5832.000231742859,4644.00007724762,3998.1498684868575
forecast_7226,2025-10-29 02:00:00,4535.999858379364,4211.999845504761,3533.979250706458
forecast_7227,2025-10-29 03:00:00,4751.9999742507935,4211.999845504761,3751.214157137888
forecast_7228,2025-10-29 04:00:00,4859.999871253967,3888.0001544952393,3539.8158481811847
forecast_7229,2025-10-29 05:00:00,4535.999858379364,3888.0001544952393,3410.336613982228
forecast_7230,2025-10-29 06:00:00,4535.999858379364,3888.0001544952393,3090.10789900733
forecast_7231,2025-10-29 07:00:00,3888.0001544952393,3888.0001544952393,2979.2358996237663
forecast_7232,2025-10-29 08:00:00,3888.0001544952393,3672.00003862381,2886.567569511726
forecast_7233,2025-10-29 09:00:00,3888.0001544952393,3455.9999227523804,2417.119412406858
forecast_7234,2025-10-29 10:00:00,3779.9999356269836,2916.0001158714294,1662.3704953018516
forecast_7235,2025-10-29 11:00:00,3779.9999356269836,2267.999929189682,1901.291673069648
forecast_7236,2025-10-29 12:00:00,3348.0000257492065,2267.999929189682,1980.1680898425568
forecast_7237,2025-10-29 13:00:00,3348.0000257492065,3024.0000128746033,2147.248489422341
forecast_7238,2025-10-29 14:00:00,2375.9999871253967,2267.999929189682,2328.250904701172
forecast_7239,2025-10-29 15:00:00,3455.9999227523804,2267.999929189682,2737.7992330018847
forecast_7240,2025-10-29 16:00:00,3779.9999356269836,2916.0001158714294,2107.083891931283
forecast_7241,2025-10-29 17:00:00,3240.0001287460327,3024.0000128746033,2599.437056800194
forecast_7242,2025-10-29 18:00:00,3888.0001544952393,3348.0000257492065,2727.775297030608
forecast_7243,2025-10-29 19:00:00,3888.0001544952393,3888.0001544952393,2988.5036745530197
forecast_7244,2025-10-29 20:00:00,3888.0001544952393,3888.0001544952393,3397.7995744898967
forecast_7245,2025-10-29 21:00:00,4103.999948501587,4320.000064373016,3981.9594270911
forecast_7246,2025-10-29 22:00:00,5507.999897003174,6263.999819755554,4590.919815457042
forecast_7247,2025-10-29 23:00:00,4644.00007724762,5183.999884128571,4301.867562967979
forecast_7248,2025-10-30 00:00:00,9288.00015449524,7884.000205993652,4903.345159970142
forecast_7249,2025-10-30 01:00:00,9288.00015449524,8640.000128746033,4984.261205348223
forecast_7250,2025-10-30 02:00:00,11447.999382019043,10044.00007724762,6003.068773240735
forecast_7251,2025-10-30 03:00:00,13500.0,12960.00051498413,9939.9063485161
forecast_7252,2025-10-30 04:00:00,13500.0,13931.999588012695,9260.926979831982
forecast_7253,2025-10-30 05:00:00,15984.000205993652,14580.000257492065,8997.410903346818
forecast_7254,2025-10-30 06:00:00,17172.00036048889,14688.00015449524,10868.88073812992
forecast_7255,2025-10-30 07:00:00,11231.999588012695,10259.999871253967,7585.770872539229
forecast_7256,2025-10-30 08:00:00,11231.999588012695,9071.999716758728,6092.675344263495
forecast_7257,2025-10-30 09:00:00,9396.000051498413,6155.99992275238,5772.724093885826
forecast_7258,2025-10-30 10:00:00,6048.0000257492065,4644.00007724762,4019.5852175729
forecast_7259,2025-10-30 11:00:00,3888.0001544952393,3996.000051498413,3010.290359373103
forecast_7260,2025-10-30 12:00:00,3888.0001544952393,3455.9999227523804,2419.157030014767
forecast_7261,2025-10-30 13:00:00,3888.0001544952393,3348.0000257492065,2205.407387621168
forecast_7262,2025-10-30 14:00:00,3888.0001544952393,3348.0000257492065,2100.4245435379626
forecast_7263,2025-10-30 15:00:00,3779.9999356269836,3240.0001287460327,2112.347969244408
forecast_7264,2025-10-30 16:00:00,3888.0001544952393,3348.0000257492065,2191.8247113600632
forecast_7265,2025-10-30 17:00:00,4427.99996137619,3779.9999356269836,2626.596125483256
forecast_7266,2025-10-30 18:00:00,4427.99996137619,3888.0001544952393,2558.4694109460347
forecast_7267,2025-10-30 19:00:00,4427.99996137619,3888.0001544952393,3231.420487026509
forecast_7268,2025-10-30 20:00:00,4751.9999742507935,3888.0001544952393,3180.2505857470887
forecast_7269,2025-10-30 21:00:00,4427.99996137619,3888.0001544952393,3173.762651938201
forecast_7270,2025-10-30 22:00:00,3888.0001544952393,3779.9999356269836,3128.399129523004
forecast_7271,2025-10-30 23:00:00,3888.0001544952393,3672.00003862381,3082.531918579374
forecast_7272,2025-10-31 00:00:00,3888.0001544952393,3672.00003862381,2786.0435948026657
forecast_7273,2025-10-31 01:00:00,3888.0001544952393,3564.000141620636,2564.157922747211
forecast_7274,2025-10-31 02:00:00,3888.0001544952393,3564.000141620636,2347.888886034641
forecast_7275,2025-10-31 03:00:00,3779.9999356269836,3564.000141620636,2437.3685647024263
forecast_7276,2025-10-31 04:00:00,3888.0001544952393,3564.000141620636,2409.630388385071
forecast_7277,2025-10-31 05:00:00,3672.00003862381,3564.000141620636,2358.560859786819
forecast_7278,2025-10-31 06:00:00,3888.0001544952393,3455.9999227523804,2419.166091296376
forecast_7279,2025-10-31 07:00:00,3672.00003862381,3455.9999227523804,2545.718678466926
forecast_7280,2025-10-31 08:00:00,3564.000141620636,3455.9999227523804,2500.00449802147
forecast_7281,2025-10-31 09:00:00,3455.9999227523804,3455.9999227523804,2191.9294627845466
forecast_7282,2025-10-31 10:00:00,3455.9999227523804,3024.0000128746033,2103.8784382476524
forecast_7283,2025-10-31 11:00:00,3240.0001287460327,3024.0000128746033,2115.8232136356123
forecast_7284,2025-10-31 12:00:00,3779.9999356269836,3240.0001287460327,2296.1210757996514
forecast_7285,2025-10-31 13:00:00,3779.9999356269836,3024.0000128746033,2416.5937947401194
forecast_7286,2025-10-31 14:00:00,3888.0001544952393,3131.999909877777,2612.153204504956
forecast_7287,2025-10-31 15:00:00,3348.0000257492065,3348.0000257492065,2451.315396871667
forecast_7288,2025-10-31 16:00:00,3888.0001544952393,3564.000141620636,2756.9085804476504
forecast_7289,2025-10-31 17:00:00,3779.9999356269836,3564.000141620636,3363.6744584423764
forecast_7290,2025-10-31 18:00:00,3888.0001544952393,3888.0001544952393,3518.8296914778866
forecast_7291,2025-10-31 19:00:00,3888.0001544952393,3888.0001544952393,3535.436297233236
forecast_7292,2025-10-31 20:00:00,4644.00007724762,4644.00007724762,3942.627306139736
forecast_7293,2025-10-31 21:00:00,6263.999819755554,7992.000102996826,5132.451960397745
forecast_7294,2025-10-31 22:00:00,9180.000257492065,9936.000180244446,6481.938337140806
forecast_7295,2025-10-31 23:00:00,11231.999588012695,10692.000102996826,6950.232640022458
forecast_7296,2025-11-01 00:00:00,12419.999742507935,11988.00015449524,7654.632043105783
forecast_7297,2025-11-01 01:00:00,14039.99948501587,12096.000051498413,7903.1011059765715
forecast_7298,2025-11-01 02:00:00,12096.000051498413,12960.00051498413,7591.76177917132
forecast_7299,2025-11-01 03:00:00,10151.999974250793,11447.999382019043,6921.357873714972
forecast_7300,2025-11-01 04:00:00,12635.999536514282,12527.999639511108,9639.157078663957
forecast_7301,2025-11-01 05:00:00,13392.000102996826,13607.999897003174,10504.780929264494
forecast_7302,2025-11-01 06:00:00,13931.999588012695,13607.999897003174,10678.874480777817
forecast_7303,2025-11-01 07:00:00,14039.99948501587,13607.999897003174,10183.336702498573
forecast_7304,2025-11-01 08:00:00,14147.999382019043,14364.000463485718,10684.737914595964
forecast_7305,2025-11-01 09:00:00,14147.999382019043,14472.000360488892,11260.82744800344
forecast_7306,2025-11-01 10:00:00,14796.000051498413,14039.99948501587,11101.224082794266
forecast_7307,2025-11-01 11:00:00,14580.000257492065,13607.999897003174,11023.753385262058
forecast_7308,2025-11-01 12:00:00,14580.000257492065,13607.999897003174,10455.431525637903
forecast_7309,2025-11-01 13:00:00,14039.99948501587,13392.000102996826,10060.530721862417
forecast_7310,2025-11-01 14:00:00,14039.99948501587,13284.000205993652,9715.383111291612
forecast_7311,2025-11-01 15:00:00,14039.99948501587,13068.000411987305,9663.684300447658
forecast_7312,2025-11-01 16:00:00,14147.999382019043,12960.00051498413,9701.878067011903
forecast_7313,2025-11-01 17:00:00,14147.999382019043,13607.999897003174,10745.597004493138
forecast_7314,2025-11-01 18:00:00,14147.999382019043,13607.999897003174,11934.24009545392
forecast_7315,2025-11-01 19:00:00,14147.999382019043,14364.000463485718,12940.513735506862
forecast_7316,2025-11-01 20:00:00,14688.00015449524,15227.999639511108,13108.14693327237
forecast_7317,2025-11-01 21:00:00,14688.00015449524,15660.00051498413,12914.08917010728
forecast_7318,2025-11-01 22:00:00,14688.00015449524,15768.000411987305,13085.732316739835
forecast_7319,2025-11-01 23:00:00,15660.00051498413,17819.999742507935,14686.395262382886
forecast_7320,2025-11-02 00:00:00,17819.999742507935,17927.99963951111,14750.667719978725
forecast_7321,2025-11-02 01:00:00,15119.999742507935,18035.999536514282,14602.17565935667
forecast_7322,2025-11-02 02:00:00,17388.00015449524,17819.999742507935,14833.90677084978
forecast_7323,2025-11-02 03:00:00,15660.00051498413,16523.99969100952,14309.40756773769
forecast_7324,2025-11-02 04:00:00,15660.00051498413,16307.999897003174,14338.637729261982
forecast_7325,2025-11-02 05:00:00,15335.999536514282,16200.0,13976.967248453842
forecast_7326,2025-11-02 06:00:00,15335.999536514282,17280.000257492065,15073.29660643289
forecast_7327,2025-11-02 07:00:00,16200.0,17496.000051498413,15362.809179038471
forecast_7328,2025-11-02 08:00:00,17819.999742507935,18576.00030899048,16184.38601982609
forecast_7329,2025-11-02 09:00:00,17819.999742507935,18684.000205993652,15949.845008452616
forecast_7330,2025-11-02 10:00:00,17819.999742507935,18576.00030899048,14321.867039362563
forecast_7331,2025-11-02 11:00:00,17819.999742507935,18360.00051498413,13566.508623183068
forecast_7332,2025-11-02 12:00:00,16847.999382019043,16956.000566482544,12926.81640997048
forecast_7333,2025-11-02 13:00:00,16200.0,16200.0,11833.853011134564
forecast_7334,2025-11-02 14:00:00,15768.000411987305,15011.99984550476,11377.83528601516
forecast_7335,2025-11-02 15:00:00,16200.0,14580.000257492065,11146.382990606437
forecast_7336,2025-11-02 16:00:00,15768.000411987305,13607.999897003174,10666.215993505715
forecast_7337,2025-11-02 17:00:00,14256.000566482544,13392.000102996826,10059.99193487386
forecast_7338,2025-11-02 18:00:00,14256.000566482544,13176.000308990479,9725.796496653526
forecast_7339,2025-11-02 19:00:00,14580.000257492065,12311.99984550476,9775.74010678866
forecast_7340,2025-11-02 20:00:00,13715.999794006348,11231.999588012695,9905.040484287
forecast_7341,2025-11-02 21:00:00,10476.000308990479,9936.000180244446,6722.2655666203
forecast_7342,2025-11-02 22:00:00,10476.000308990479,11339.99948501587,7698.40506915815
forecast_7343,2025-11-02 23:00:00,10259.999871253967,11339.99948501587,7435.051085340812
forecast_7344,2025-11-03 00:00:00,7559.999871253967,9071.999716758728,6143.317660858122
forecast_7345,2025-11-03 01:00:00,10044.00007724762,8640.000128746033,6437.218064255078
forecast_7346,2025-11-03 02:00:00,5940.000128746033,7776.0003089904785,6207.053134912125
forecast_7347,2025-11-03 03:00:00,5183.999884128571,7667.999768257141,6421.87397954227
forecast_7348,2025-11-03 04:00:00,5940.000128746033,7559.999871253967,6012.149363679828
forecast_7349,2025-11-03 05:00:00,5075.999987125397,6371.999716758728,5874.081759330583
forecast_7350,2025-11-03 06:00:00,4859.999871253967,5075.999987125397,4228.258738366844
forecast_7351,2025-11-03 07:00:00,3888.0001544952393,3888.0001544952393,3712.465006183655
forecast_7352,2025-11-03 08:00:00,3888.0001544952393,4427.99996137619,3440.745511765153
forecast_7353,2025-11-03 09:00:00,3996.000051498413,3888.0001544952393,3238.966388695529
forecast_7354,2025-11-03 10:00:00,3888.0001544952393,3564.000141620636,2617.2612424839817
forecast_7355,2025-11-03 11:00:00,3779.9999356269836,3131.999909877777,2023.687652976961
forecast_7356,2025-11-03 12:00:00,3888.0001544952393,3024.0000128746033,2016.269066710272
forecast_7357,2025-11-03 13:00:00,3888.0001544952393,2807.999897003174,2096.066828788702
forecast_7358,2025-11-03 14:00:00,3888.0001544952393,2700.0,2212.453036313754
forecast_7359,2025-11-03 15:00:00,3888.0001544952393,2916.0001158714294,2210.550890858151
forecast_7360,2025-11-03 16:00:00,3888.0001544952393,2916.0001158714294,2073.8549029066667
forecast_7361,2025-11-03 17:00:00,3888.0001544952393,3455.9999227523804,2453.362550095143
forecast_7362,2025-11-03 18:00:00,3888.0001544952393,3348.0000257492065,2621.800214637024
forecast_7363,2025-11-03 19:00:00,3888.0001544952393,3779.9999356269836,2652.389600832832
forecast_7364,2025-11-03 20:00:00,3888.0001544952393,3888.0001544952393,2702.8848622215205
forecast_7365,2025-11-03 21:00:00,4320.000064373016,3888.0001544952393,3015.274600338864
forecast_7366,2025-11-03 22:00:00,4644.00007724762,4644.00007724762,3552.6149671383923
forecast_7367,2025-11-03 23:00:00,6480.000257492065,6696.000051498413,4148.020397095403
forecast_7368,2025-11-04 00:00:00,10044.00007724762,9719.999742507935,6351.852100447403
forecast_7369,2025-11-04 01:00:00,7992.000102996826,9071.999716758728,5366.207620977552
forecast_7370,2025-11-04 02:00:00,9503.999948501587,10692.000102996826,6247.623538550734
forecast_7371,2025-11-04 03:00:00,7992.000102996826,10151.999974250793,6157.134857315111
forecast_7372,2025-11-04 04:00:00,9503.999948501587,11447.999382019043,6695.078186642287
forecast_7373,2025-11-04 05:00:00,9503.999948501587,11123.999691009521,7154.0096090970255
forecast_7374,2025-11-04 06:00:00,10151.999974250793,12203.999948501587,8656.423601145916
forecast_7375,2025-11-04 07:00:00,10151.999974250793,13284.000205993652,8524.31987523221
forecast_7376,2025-11-04 08:00:00,12852.000617980957,15119.999742507935,8703.69194727639
forecast_7377,2025-11-04 09:00:00,14472.000360488892,16307.999897003174,10415.354335581014
forecast_7378,2025-11-04 10:00:00,12096.000051498413,15984.000205993652,11159.23663866324
forecast_7379,2025-11-04 11:00:00,11880.000257492065,13931.999588012695,9649.617001975615
forecast_7380,2025-11-04 12:00:00,11556.000566482544,11015.999794006348,8746.256993573928
forecast_7381,2025-11-04 13:00:00,10476.000308990479,10151.999974250793,7979.599270507936
forecast_7382,2025-11-04 14:00:00,11556.000566482544,9503.999948501587,7597.143022238681
forecast_7383,2025-11-04 15:00:00,11556.000566482544,9396.000051498413,7601.648294940735
forecast_7384,2025-11-04 16:00:00,10584.000205993652,9611.99984550476,7413.089033765156
forecast_7385,2025-11-04 17:00:00,10476.000308990479,9503.999948501587,7400.253966312435
forecast_7386,2025-11-04 18:00:00,9180.000257492065,9071.999716758728,6259.248767348917
forecast_7387,2025-11-04 19:00:00,10151.999974250793,8423.999691009521,6348.150794930309
forecast_7388,2025-11-04 20:00:00,10044.00007724762,8423.999691009521,6890.517078497833
forecast_7389,2025-11-04 21:00:00,10044.00007724762,8855.99992275238,7043.693768035437
forecast_7390,2025-11-04 22:00:00,10044.00007724762,9288.00015449524,7062.931997904196
forecast_7391,2025-11-04 23:00:00,8423.999691009521,7884.000205993652,6358.961751944248
forecast_7392,2025-11-05 00:00:00,8100.0,6696.000051498413,5823.624060848783
forecast_7393,2025-11-05 01:00:00,9611.99984550476,6803.999948501587,4679.549430138804
forecast_7394,2025-11-05 02:00:00,5075.999987125397,4103.999948501587,3573.408623428009
forecast_7395,2025-11-05 03:00:00,4103.999948501587,3888.0001544952393,3073.0262062759984
forecast_7396,2025-11-05 04:00:00,3888.0001544952393,3779.9999356269836,2775.9127903729795
forecast_7397,2025-11-05 05:00:00,3888.0001544952393,3564.000141620636,2772.9897199236143
forecast_7398,2025-11-05 06:00:00,3455.9999227523804,3455.9999227523804,2729.757801785042
forecast_7399,2025-11-05 07:00:00,3455.9999227523804,3240.0001287460327,2559.469040406508
forecast_7400,2025-11-05 08:00:00,3455.9999227523804,3024.0000128746033,2428.9356258340263
forecast_7401,2025-11-05 09:00:00,3455.9999227523804,3131.999909877777,2211.663406746695
forecast_7402,2025-11-05 10:00:00,3779.9999356269836,3131.999909877777,2043.1506391817047
forecast_7403,2025-11-05 11:00:00,3779.9999356269836,2700.0,2005.423201244764
forecast_7404,2025-11-05 12:00:00,3779.9999356269836,2700.0,2125.8220643515697
forecast_7405,2025-11-05 13:00:00,3779.9999356269836,2700.0,2112.146861763563
forecast_7406,2025-11-05 14:00:00,3779.9999356269836,2700.0,2028.2707538142715
forecast_7407,2025-11-05 15:00:00,3455.9999227523804,2700.0,2041.380487198632
forecast_7408,2025-11-05 16:00:00,3779.9999356269836,3131.999909877777,2307.9100232794776
forecast_7409,2025-11-05 17:00:00,3348.0000257492065,3131.999909877777,2368.5981505461896
forecast_7410,2025-11-05 18:00:00,3455.9999227523804,3024.0000128746033,2397.1305845064435
forecast_7411,2025-11-05 19:00:00,3455.9999227523804,3455.9999227523804,3122.989707392437
forecast_7412,2025-11-05 20:00:00,3455.9999227523804,3455.9999227523804,3148.8100948169213
forecast_7413,2025-11-05 21:00:00,3455.9999227523804,3564.000141620636,3251.296632204108
forecast_7414,2025-11-05 22:00:00,3455.9999227523804,3564.000141620636,3129.1290365818727
forecast_7415,2025-11-05 23:00:00,3888.0001544952393,3564.000141620636,3053.7977938274253
forecast_7416,2025-11-06 00:00:00,3888.0001544952393,3779.9999356269836,3263.7925577750643
forecast_7417,2025-11-06 01:00:00,3888.0001544952393,3779.9999356269836,3380.5149100904787
forecast_7418,2025-11-06 02:00:00,3888.0001544952393,3888.0001544952393,3576.2439288496
forecast_7419,2025-11-06 03:00:00,3888.0001544952393,4320.000064373016,3639.6585245275805
forecast_7420,2025-11-06 04:00:00,4103.999948501587,4644.00007724762,3776.089914383284
forecast_7421,2025-11-06 05:00:00,8423.999691009521,4644.00007724762,3821.4670885276482
forecast_7422,2025-11-06 06:00:00,9396.000051498413,6263.999819755554,4376.537267726483
forecast_7423,2025-11-06 07:00:00,7884.000205993652,4751.9999742507935,3902.450783338057
forecast_7424,2025-11-06 08:00:00,4535.999858379364,3888.0001544952393,3005.585228442642
forecast_7425,2025-11-06 09:00:00,3888.0001544952393,3564.000141620636,2644.0768957613927
forecast_7426,2025-11-06 10:00:00,3779.9999356269836,3131.999909877777,2363.423356273333
forecast_7427,2025-11-06 11:00:00,3779.9999356269836,2916.0001158714294,2033.1561073298271
forecast_7428,2025-11-06 12:00:00,3240.0001287460327,2807.999897003174,2134.2989362211483
forecast_7429,2025-11-06 13:00:00,3348.0000257492065,3024.0000128746033,2234.2505823977594
forecast_7430,2025-11-06 14:00:00,3888.0001544952393,2916.0001158714294,2339.8547037753065
forecast_7431,2025-11-06 15:00:00,3888.0001544952393,2916.0001158714294,2260.5258280218463
forecast_7432,2025-11-06 16:00:00,3564.000141620636,3024.0000128746033,2180.715526727413
forecast_7433,2025-11-06 17:00:00,3564.000141620636,2916.0001158714294,2361.3447955405763
forecast_7434,2025-11-06 18:00:00,3888.0001544952393,3024.0000128746033,2685.290769239968
forecast_7435,2025-11-06 19:00:00,3888.0001544952393,3131.999909877777,2459.8845066161552
forecast_7436,2025-11-06 20:00:00,3888.0001544952393,3131.999909877777,2615.6185693958146
forecast_7437,2025-11-06 21:00:00,3672.00003862381,3240.0001287460327,2671.134473498228
forecast_7438,2025-11-06 22:00:00,3455.9999227523804,3240.0001287460327,2674.415611225709
forecast_7439,2025-11-06 23:00:00,3672.00003862381,3131.999909877777,2487.9068951303266
forecast_7440,2025-11-07 00:00:00,3455.9999227523804,3240.0001287460327,2715.0790812786254
forecast_7441,2025-11-07 01:00:00,3888.0001544952393,3564.000141620636,2632.044278919276
forecast_7442,2025-11-07 02:00:00,3888.0001544952393,3888.0001544952393,3295.205529753998
forecast_7443,2025-11-07 03:00:00,3888.0001544952393,3888.0001544952393,3272.69216894843
forecast_7444,2025-11-07 04:00:00,4103.999948501587,3888.0001544952393,3167.551043994114
forecast_7445,2025-11-07 05:00:00,4103.999948501587,3888.0001544952393,3217.1961646480904
forecast_7446,2025-11-07 06:00:00,4320.000064373016,3888.0001544952393,3538.473647755907
forecast_7447,2025-11-07 07:00:00,3888.0001544952393,3779.9999356269836,3159.238870302464
forecast_7448,2025-11-07 08:00:00,3779.9999356269836,3564.000141620636,2544.53414086188
forecast_7449,2025-11-07 09:00:00,3455.9999227523804,3240.0001287460327,2578.2560957639275
forecast_7450,2025-11-07 10:00:00,3888.0001544952393,3024.0000128746033,2297.3958624125626
forecast_7451,2025-11-07 11:00:00,3888.0001544952393,2916.0001158714294,2321.671856819942
forecast_7452,2025-11-07 12:00:00,3779.9999356269836,3024.0000128746033,2129.49502871946
forecast_7453,2025-11-07 13:00:00,3779.9999356269836,2807.999897003174,2145.593822726598
forecast_7454,2025-11-07 14:00:00,3779.9999356269836,2807.999897003174,2325.873745921295
forecast_7455,2025-11-07 15:00:00,3779.9999356269836,3024.0000128746033,2375.396298678015
forecast_7456,2025-11-07 16:00:00,3455.9999227523804,3131.999909877777,2430.074757376971
forecast_7457,2025-11-07 17:00:00,3779.9999356269836,3348.0000257492065,2532.874058411281
forecast_7458,2025-11-07 18:00:00,3779.9999356269836,3564.000141620636,2593.842632518667
forecast_7459,2025-11-07 19:00:00,3888.0001544952393,3888.0001544952393,2710.9359000465934
forecast_7460,2025-11-07 20:00:00,3888.0001544952393,3888.0001544952393,2887.988213930086
forecast_7461,2025-11-07 21:00:00,3996.000051498413,4211.999845504761,2875.19583987351
forecast_7462,2025-11-07 22:00:00,4103.999948501587,4103.999948501587,2966.6342957281995
forecast_7463,2025-11-07 23:00:00,4103.999948501587,4211.999845504761,3258.5702106125354
forecast_7464,2025-11-08 00:00:00,3996.000051498413,4211.999845504761,2966.2959132637543
forecast_7465,2025-11-08 01:00:00,3779.9999356269836,3779.9999356269836,2772.73176568776
forecast_7466,2025-11-08 02:00:00,3888.0001544952393,3672.00003862381,2677.998926150949
forecast_7467,2025-11-08 03:00:00,3888.0001544952393,3564.000141620636,2761.5510281466186
forecast_7468,2025-11-08 04:00:00,3888.0001544952393,3672.00003862381,2755.922023340426
forecast_7469,2025-11-08 05:00:00,3996.000051498413,3996.000051498413,2832.337143821986
forecast_7470,2025-11-08 06:00:00,3996.000051498413,3888.0001544952393,2728.2592957097017
forecast_7471,2025-11-08 07:00:00,3996.000051498413,3888.0001544952393,2936.413302085562
forecast_7472,2025-11-08 08:00:00,4320.000064373016,3672.00003862381,2997.970827735325
forecast_7473,2025-11-08 09:00:00,3888.0001544952393,3672.00003862381,3065.2471076895363
forecast_7474,2025-11-08 10:00:00,3888.0001544952393,3348.0000257492065,3048.4816649082063
forecast_7475,2025-11-08 11:00:00,3888.0001544952393,3348.0000257492065,2858.0063697038613
forecast_7476,2025-11-08 12:00:00,3888.0001544952393,3455.9999227523804,2995.459523260676
forecast_7477,2025-11-08 13:00:00,3888.0001544952393,3564.000141620636,3169.1794719039963
forecast_7478,2025-11-08 14:00:00,3888.0001544952393,3564.000141620636,2823.961030580096
forecast_7479,2025-11-08 15:00:00,3888.0001544952393,3564.000141620636,3036.88420544357
forecast_7480,2025-11-08 16:00:00,3888.0001544952393,3888.0001544952393,3122.623259017454
forecast_7481,2025-11-08 17:00:00,3888.0001544952393,3888.0001544952393,3223.3509218940217
forecast_7482,2025-11-08 18:00:00,3888.0001544952393,3888.0001544952393,3360.601474129202
forecast_7483,2025-11-08 19:00:00,3996.000051498413,4211.999845504761,3517.2140735910857
forecast_7484,2025-11-08 20:00:00,3888.0001544952393,4535.999858379364,3842.763992312776
forecast_7485,2025-11-08 21:00:00,4320.000064373016,5183.999884128571,4091.349473131811
forecast_7486,2025-11-08 22:00:00,5832.000231742859,7559.999871253967,4559.773431941249
forecast_7487,2025-11-08 23:00:00,9611.99984550476,10476.000308990479,6624.750926896662
forecast_7488,2025-11-09 00:00:00,9936.000180244446,9396.000051498413,6659.793975168148
forecast_7489,2025-11-09 01:00:00,9288.00015449524,8315.999794006348,5601.440335460902
forecast_7490,2025-11-09 02:00:00,9396.000051498413,8963.999819755554,6022.704182956167
forecast_7491,2025-11-09 03:00:00,11231.999588012695,10259.999871253967,6781.154957511462
forecast_7492,2025-11-09 04:00:00,13500.0,12096.000051498413,7289.644293639189
forecast_7493,2025-11-09 05:00:00,13500.0,13823.999691009521,9568.899191358449
forecast_7494,2025-11-09 06:00:00,17603.999948501587,15768.000411987305,11206.980501445494
forecast_7495,2025-11-09 07:00:00,17819.999742507935,16307.999897003174,11932.48782817712
forecast_7496,2025-11-09 08:00:00,15660.00051498413,14039.99948501587,10811.949434749373
forecast_7497,2025-11-09 09:00:00,15984.000205993652,13392.000102996826,9763.877711099678
forecast_7498,2025-11-09 10:00:00,13931.999588012695,11447.999382019043,8917.919159105575
forecast_7499,2025-11-09 11:00:00,13500.0,11015.999794006348,8436.379918284587
forecast_7500,2025-11-09 12:00:00,11447.999382019043,10476.000308990479,7887.040722418317
forecast_7501,2025-11-09 13:00:00,12096.000051498413,12096.000051498413,9136.077831622411
forecast_7502,2025-11-09 14:00:00,13500.0,12311.99984550476,9121.496503497492
forecast_7503,2025-11-09 15:00:00,14472.000360488892,12096.000051498413,9127.514769441132
forecast_7504,2025-11-09 16:00:00,14472.000360488892,12635.999536514282,9313.747810549645
forecast_7505,2025-11-09 17:00:00,14580.000257492065,12960.00051498413,9896.8082675593
forecast_7506,2025-11-09 18:00:00,14580.000257492065,13607.999897003174,11187.138499595963
forecast_7507,2025-11-09 19:00:00,15660.00051498413,15660.00051498413,12805.146128963717
forecast_7508,2025-11-09 20:00:00,18252.000617980957,17064.000463485718,14616.262183104383
forecast_7509,2025-11-09 21:00:00,18252.000617980957,16956.000566482544,14477.12539728539
forecast_7510,2025-11-09 22:00:00,17819.999742507935,16092.000102996826,13164.41234355468
forecast_7511,2025-11-09 23:00:00,16847.999382019043,15227.999639511108,12297.255491025986
forecast_7512,2025-11-10 00:00:00,14688.00015449524,13607.999897003174,11474.588377763466
forecast_7513,2025-11-10 01:00:00,14688.00015449524,13500.0,10919.26075747621
forecast_7514,2025-11-10 02:00:00,14147.999382019043,12203.999948501587,10440.45682901664
forecast_7515,2025-11-10 03:00:00,14147.999382019043,12527.999639511108,9583.35123311917
forecast_7516,2025-11-10 04:00:00,13607.999897003174,12527.999639511108,8615.256589185785
forecast_7517,2025-11-10 05:00:00,13607.999897003174,14364.000463485718,9532.330227915269
forecast_7518,2025-11-10 06:00:00,14688.00015449524,14580.000257492065,11064.510106838088
forecast_7519,2025-11-10 07:00:00,17172.00036048889,15227.999639511108,12273.904245543708
forecast_7520,2025-11-10 08:00:00,15335.999536514282,15443.999433517456,12315.84168020446
forecast_7521,2025-11-10 09:00:00,14688.00015449524,14796.000051498413,12017.192636630283
forecast_7522,2025-11-10 10:00:00,12635.999536514282,13607.999897003174,9788.967663231078
forecast_7523,2025-11-10 11:00:00,11447.999382019043,10907.999897003174,8111.84950487388
forecast_7524,2025-11-10 12:00:00,10476.000308990479,9719.999742507935,7166.206232326985
forecast_7525,2025-11-10 13:00:00,10259.999871253967,7344.00007724762,6489.321456106792
forecast_7526,2025-11-10 14:00:00,10259.999871253967,7344.00007724762,5449.009268984735
forecast_7527,2025-11-10 15:00:00,10259.999871253967,7884.000205993652,4986.610357155804
forecast_7528,2025-11-10 16:00:00,9396.000051498413,7776.0003089904785,4686.243182975878
forecast_7529,2025-11-10 17:00:00,10476.000308990479,8640.000128746033,5111.209478531751
forecast_7530,2025-11-10 18:00:00,13823.999691009521,11447.999382019043,8069.157928273578
forecast_7531,2025-11-10 19:00:00,18252.000617980957,14688.00015449524,10318.516771366814
forecast_7532,2025-11-10 20:00:00,19980.000257492065,16092.000102996826,11687.399443168342
forecast_7533,2025-11-10 21:00:00,19980.000257492065,16523.99969100952,12065.476182847657
forecast_7534,2025-11-10 22:00:00,19980.000257492065,18035.999536514282,13881.80073409356
forecast_7535,2025-11-10 23:00:00,19980.000257492065,17711.99984550476,13282.417846838138
forecast_7536,2025-11-11 00:00:00,19980.000257492065,17819.999742507935,12833.989928776044
forecast_7537,2025-11-11 01:00:00,19980.000257492065,19115.999794006348,15445.806844516075
forecast_7538,2025-11-11 02:00:00,19980.000257492065,18468.000411987305,14060.298523677497
forecast_7539,2025-11-11 03:00:00,19980.000257492065,17388.00015449524,12886.498835032196
forecast_7540,2025-11-11 04:00:00,18468.000411987305,16092.000102996826,10740.280368902611
forecast_7541,2025-11-11 05:00:00,14688.00015449524,12203.999948501587,7384.825335393544
forecast_7542,2025-11-11 06:00:00,8748.000025749207,7344.00007724762,4160.902624703536
forecast_7543,2025-11-11 07:00:00,7451.9999742507935,6371.999716758728,3674.770347975512
forecast_7544,2025-11-11 08:00:00,4859.999871253967,3888.0001544952393,3440.4410761055356
forecast_7545,2025-11-11 09:00:00,4859.999871253967,3888.0001544952393,3295.0348715940127
forecast_7546,2025-11-11 10:00:00,4644.00007724762,3996.000051498413,2813.9960705205117
forecast_7547,2025-11-11 11:00:00,3888.0001544952393,3672.00003862381,2363.65654121173
forecast_7548,2025-11-11 12:00:00,3888.0001544952393,3348.0000257492065,2295.5439257629214
forecast_7549,2025-11-11 13:00:00,3888.0001544952393,3131.999909877777,1916.3804114669797
forecast_7550,2025-11-11 14:00:00,3888.0001544952393,3024.0000128746033,1916.626407707265
forecast_7551,2025-11-11 15:00:00,3888.0001544952393,3024.0000128746033,2049.415788310127
forecast_7552,2025-11-11 16:00:00,3779.9999356269836,3024.0000128746033,2124.14648422359
forecast_7553,2025-11-11 17:00:00,3888.0001544952393,3455.9999227523804,2539.195816328724
forecast_7554,2025-11-11 18:00:00,3888.0001544952393,3564.000141620636,3016.996267183701
forecast_7555,2025-11-11 19:00:00,3779.9999356269836,3348.0000257492065,2973.4717754687817
forecast_7556,2025-11-11 20:00:00,3672.00003862381,3564.000141620636,2988.6495456398065
forecast_7557,2025-11-11 21:00:00,3564.000141620636,3455.9999227523804,2957.5803849979825
forecast_7558,2025-11-11 22:00:00,3564.000141620636,3455.9999227523804,2869.750211935024
forecast_7559,2025-11-11 23:00:00,3888.0001544952393,3348.0000257492065,2764.058068653512
forecast_7560,2025-11-12 00:00:00,3888.0001544952393,3348.0000257492065,2761.4643598766447
forecast_7561,2025-11-12 01:00:00,3888.0001544952393,3564.000141620636,2529.7431356160155
forecast_7562,2025-11-12 02:00:00,3888.0001544952393,3348.0000257492065,2731.197682480808
forecast_7563,2025-11-12 03:00:00,3888.0001544952393,3888.0001544952393,3065.509785390336
forecast_7564,2025-11-12 04:00:00,3888.0001544952393,3564.000141620636,3312.602583587926
forecast_7565,2025-11-12 05:00:00,3888.0001544952393,3564.000141620636,3400.127500644921
forecast_7566,2025-11-12 06:00:00,3888.0001544952393,3888.0001544952393,3831.269792989969
forecast_7567,2025-11-12 07:00:00,3996.000051498413,5292.000102996826,4533.496225116561
forecast_7568,2025-11-12 08:00:00,4320.000064373016,5615.999794006348,4373.307611120441
forecast_7569,2025-11-12 09:00:00,4320.000064373016,5400.0,4532.956841782427
forecast_7570,2025-11-12 10:00:00,4320.000064373016,4320.000064373016,3857.03461422386
forecast_7571,2025-11-12 11:00:00,3888.0001544952393,3996.000051498413,3664.719577073841
forecast_7572,2025-11-12 12:00:00,3888.0001544952393,3888.0001544952393,3762.51357823385
forecast_7573,2025-11-12 13:00:00,3888.0001544952393,3888.0001544952393,3495.1053896715653
forecast_7574,2025-11-12 14:00:00,3888.0001544952393,3888.0001544952393,3719.124423024483
forecast_7575,2025-11-12 15:00:00,4320.000064373016,4751.9999742507935,4254.435333260514
forecast_7576,2025-11-12 16:00:00,5507.999897003174,5832.000231742859,4292.801344338328
forecast_7577,2025-11-12 17:00:00,11123.999691009521,9503.999948501587,7163.357405064275
forecast_7578,2025-11-12 18:00:00,13068.000411987305,11664.000463485718,8443.470353713139
forecast_7579,2025-11-12 19:00:00,17172.00036048889,15227.999639511108,10991.066857778282
forecast_7580,2025-11-12 20:00:00,18035.999536514282,16415.999794006348,11420.878223320711
forecast_7581,2025-11-12 21:00:00,18035.999536514282,17064.000463485718,12186.595581954443
forecast_7582,2025-11-12 22:00:00,19547.999382019043,17711.99984550476,14020.419709629068
forecast_7583,2025-11-12 23:00:00,19980.000257492065,19115.999794006348,14880.800105173968
forecast_7584,2025-11-13 00:00:00,19980.000257492065,19656.000566482544,16783.204471596302
forecast_7585,2025-11-13 01:00:00,19980.000257492065,19331.999588012695,16325.648609296088
forecast_7586,2025-11-13 02:00:00,19980.000257492065,18900.0,16039.660342059979
forecast_7587,2025-11-13 03:00:00,19980.000257492065,18252.000617980957,15742.569561383429
forecast_7588,2025-11-13 04:00:00,19980.000257492065,17496.000051498413,14926.996647323553
forecast_7589,2025-11-13 05:00:00,19547.999382019043,16739.99948501587,14373.802256341773
forecast_7590,2025-11-13 06:00:00,19439.99948501587,16631.999588012695,14011.49325306342
forecast_7591,2025-11-13 07:00:00,18360.00051498413,16415.999794006348,13256.904108384795
forecast_7592,2025-11-13 08:00:00,15768.000411987305,15011.99984550476,12561.05467684499
forecast_7593,2025-11-13 09:00:00,14688.00015449524,13284.000205993652,11337.18982002333
forecast_7594,2025-11-13 10:00:00,11339.99948501587,10907.999897003174,10000.180545695715
forecast_7595,2025-11-13 11:00:00,10476.000308990479,9936.000180244446,9510.811799885236
forecast_7596,2025-11-13 12:00:00,6803.999948501587,6263.999819755554,4337.618452782858
forecast_7597,2025-11-13 13:00:00,4211.999845504761,3888.0001544952393,3057.5869774202324
forecast_7598,2025-11-13 14:00:00,3888.0001544952393,3888.0001544952393,3302.683306990162
forecast_7599,2025-11-13 15:00:00,3888.0001544952393,3564.000141620636,3130.054625769292
forecast_7600,2025-11-13 16:00:00,3888.0001544952393,3888.0001544952393,3673.932728247529
forecast_7601,2025-11-13 17:00:00,4535.999858379364,4320.000064373016,4761.833478429992
forecast_7602,2025-11-13 18:00:00,6048.0000257492065,6155.99992275238,4962.54552345247
forecast_7603,2025-11-13 19:00:00,5832.000231742859,5292.000102996826,4868.935522299003
forecast_7604,2025-11-13 20:00:00,4427.99996137619,4968.000090122223,4568.7850145182765
forecast_7605,2025-11-13 21:00:00,6048.0000257492065,6263.999819755554,4989.232870430397
forecast_7606,2025-11-13 22:00:00,7884.000205993652,7451.9999742507935,4896.865970645033
forecast_7607,2025-11-13 23:00:00,7776.0003089904785,7128.000283241272,5430.688310219231
forecast_7608,2025-11-14 00:00:00,7776.0003089904785,7128.000283241272,5047.507494730318
forecast_7609,2025-11-14 01:00:00,3888.0001544952393,3888.0001544952393,3562.080945697567
forecast_7610,2025-11-14 02:00:00,3888.0001544952393,3888.0001544952393,3803.3201022046665
forecast_7611,2025-11-14 03:00:00,4103.999948501587,3888.0001544952393,3490.4060938903526
forecast_7612,2025-11-14 04:00:00,4103.999948501587,3888.0001544952393,3422.907730283604
forecast_7613,2025-11-14 05:00:00,4103.999948501587,3888.0001544952393,3334.4171205838666
forecast_7614,2025-11-14 06:00:00,4103.999948501587,3888.0001544952393,3351.599055038171
forecast_7615,2025-11-14 07:00:00,4751.9999742507935,3888.0001544952393,3422.3538319675404
forecast_7616,2025-11-14 08:00:00,5400.0,4211.999845504761,4089.181137654489
forecast_7617,2025-11-14 09:00:00,4859.999871253967,3996.000051498413,4099.8953912035
forecast_7618,2025-11-14 10:00:00,4859.999871253967,3888.0001544952393,3649.8014845745033
forecast_7619,2025-11-14 11:00:00,3888.0001544952393,3888.0001544952393,3075.5974774948727
forecast_7620,2025-11-14 12:00:00,3888.0001544952393,3888.0001544952393,2748.653452773062
forecast_7621,2025-11-14 13:00:00,3888.0001544952393,3888.0001544952393,2785.380524773925
forecast_7622,2025-11-14 14:00:00,4103.999948501587,3888.0001544952393,2727.227436529924
forecast_7623,2025-11-14 15:00:00,4968.000090122223,3996.000051498413,3420.841656466406
forecast_7624,2025-11-14 16:00:00,6371.999716758728,4968.000090122223,4009.07018790262
forecast_7625,2025-11-14 17:00:00,8423.999691009521,5832.000231742859,4996.164634534145
forecast_7626,2025-11-14 18:00:00,10259.999871253967,7236.000180244446,6443.044347066892
forecast_7627,2025-11-14 19:00:00,11339.99948501587,9503.999948501587,7227.122765076811
forecast_7628,2025-11-14 20:00:00,12960.00051498413,11015.999794006348,8299.43174096949
forecast_7629,2025-11-14 21:00:00,10907.999897003174,9936.000180244446,7016.7565983730565
forecast_7630,2025-11-14 22:00:00,11231.999588012695,10151.999974250793,6444.277712168093
forecast_7631,2025-11-14 23:00:00,10044.00007724762,9288.00015449524,6695.807140897114
forecast_7632,2025-11-15 00:00:00,10044.00007724762,7776.0003089904785,5894.034983003622
forecast_7633,2025-11-15 01:00:00,6155.99992275238,6588.000154495239,4199.410518191528
forecast_7634,2025-11-15 02:00:00,6155.99992275238,4644.00007724762,3474.0102303705453
forecast_7635,2025-11-15 03:00:00,6371.999716758728,4103.999948501587,3487.835451015546
forecast_7636,2025-11-15 04:00:00,9396.000051498413,4644.00007724762,3591.427204393894
forecast_7637,2025-11-15 05:00:00,5615.999794006348,4644.00007724762,3405.639352259568
forecast_7638,2025-11-15 06:00:00,5400.0,4211.999845504761,3293.9276969332823
forecast_7639,2025-11-15 07:00:00,5400.0,4211.999845504761,3251.1322007594667
forecast_7640,2025-11-15 08:00:00,4751.9999742507935,3888.0001544952393,3143.8647516271317
forecast_7641,2025-11-15 09:00:00,3888.0001544952393,3888.0001544952393,3453.99294971884
forecast_7642,2025-11-15 10:00:00,3888.0001544952393,3672.00003862381,3095.453366157006
forecast_7643,2025-11-15 11:00:00,3888.0001544952393,3455.9999227523804,2766.17009806401
forecast_7644,2025-11-15 12:00:00,3888.0001544952393,3455.9999227523804,2548.8412371535164
forecast_7645,2025-11-15 13:00:00,3455.9999227523804,3024.0000128746033,2125.437300353853
forecast_7646,2025-11-15 14:00:00,3455.9999227523804,3240.0001287460327,2299.453247918844
forecast_7647,2025-11-15 15:00:00,3888.0001544952393,3455.9999227523804,2273.1201968571536
forecast_7648,2025-11-15 16:00:00,3888.0001544952393,3348.0000257492065,2452.5216780389364
forecast_7649,2025-11-15 17:00:00,4427.99996137619,3888.0001544952393,2751.074714778408
forecast_7650,2025-11-15 18:00:00,7992.000102996826,4968.000090122223,3679.427666542112
forecast_7651,2025-11-15 19:00:00,9396.000051498413,7344.00007724762,5168.697866286911
forecast_7652,2025-11-15 20:00:00,10044.00007724762,9180.000257492065,7019.60898111486
forecast_7653,2025-11-15 21:00:00,10044.00007724762,9503.999948501587,7417.346913935803
forecast_7654,2025-11-15 22:00:00,10044.00007724762,10367.999768257141,7275.773930005564
forecast_7655,2025-11-15 23:00:00,10044.00007724762,10367.999768257141,6671.721651816865
forecast_7656,2025-11-16 00:00:00,10044.00007724762,9611.99984550476,6812.800626292446
forecast_7657,2025-11-16 01:00:00,12852.000617980957,10584.000205993652,7437.400054403885
forecast_7658,2025-11-16 02:00:00,9611.99984550476,9288.00015449524,6300.41836568588
forecast_7659,2025-11-16 03:00:00,9611.99984550476,9719.999742507935,7138.95732953022
forecast_7660,2025-11-16 04:00:00,9611.99984550476,10044.00007724762,7083.604410340775
forecast_7661,2025-11-16 05:00:00,12852.000617980957,11339.99948501587,8937.980051135459
forecast_7662,2025-11-16 06:00:00,13500.0,11988.00015449524,9330.335830743705
forecast_7663,2025-11-16 07:00:00,13176.000308990479,13284.000205993652,9626.62958745442
forecast_7664,2025-11-16 08:00:00,12852.000617980957,11664.000463485718,8051.64526010923
forecast_7665,2025-11-16 09:00:00,12960.00051498413,13931.999588012695,8958.857907415433
forecast_7666,2025-11-16 10:00:00,9936.000180244446,12635.999536514282,9219.83792128434
forecast_7667,2025-11-16 11:00:00,9936.000180244446,13715.999794006348,8660.233471319603
forecast_7668,2025-11-16 12:00:00,12960.00051498413,14472.000360488892,11323.25604129104
forecast_7669,2025-11-16 13:00:00,13607.999897003174,14580.000257492065,11736.83789333762
forecast_7670,2025-11-16 14:00:00,13176.000308990479,14147.999382019043,11512.789664323778
forecast_7671,2025-11-16 15:00:00,14256.000566482544,15876.000308990479,12724.797939733508
forecast_7672,2025-11-16 16:00:00,15768.000411987305,18143.999433517456,14320.528926837282
forecast_7673,2025-11-16 17:00:00,19331.999588012695,19115.999794006348,16072.46257413914
forecast_7674,2025-11-16 18:00:00,19439.99948501587,19547.999382019043,17605.327329712978
forecast_7675,2025-11-16 19:00:00,19439.99948501587,19656.000566482544,18475.19851976849
forecast_7676,2025-11-16 20:00:00,19331.999588012695,19656.000566482544,18976.002390384547
forecast_7677,2025-11-16 21:00:00,19547.999382019043,19656.000566482544,19196.519414319027
forecast_7678,2025-11-16 22:00:00,19331.999588012695,19656.000566482544,18949.901074657424
forecast_7679,2025-11-16 23:00:00,19331.999588012695,19547.999382019043,18873.448925798697
forecast_7680,2025-11-17 00:00:00,18900.0,19547.999382019043,18263.778807636536
forecast_7681,2025-11-17 01:00:00,19331.999588012695,19547.999382019043,18635.53075293329
forecast_7682,2025-11-17 02:00:00,19331.999588012695,19547.999382019043,18584.9256500115
forecast_7683,2025-11-17 03:00:00,19331.999588012695,19547.999382019043,18453.26364898925
forecast_7684,2025-11-17 04:00:00,19547.999382019043,19223.99969100952,18198.36862752791
forecast_7685,2025-11-17 05:00:00,19656.000566482544,19223.99969100952,18036.17416766004
forecast_7686,2025-11-17 06:00:00,19656.000566482544,19007.999897003174,17256.698394064628
forecast_7687,2025-11-17 07:00:00,19980.000257492065,18684.000205993652,17021.40545323752
forecast_7688,2025-11-17 08:00:00,19980.000257492065,18900.0,15727.77945123669
forecast_7689,2025-11-17 09:00:00,19115.999794006348,18252.000617980957,13609.714913994674
forecast_7690,2025-11-17 10:00:00,16847.999382019043,16523.99969100952,13008.155566104451
forecast_7691,2025-11-17 11:00:00,15660.00051498413,15443.999433517456,12154.16870271146
forecast_7692,2025-11-17 12:00:00,15660.00051498413,14903.999948501587,10912.836538652447
forecast_7693,2025-11-17 13:00:00,15552.000617980957,13607.999897003174,10035.969911647564
forecast_7694,2025-11-17 14:00:00,15119.999742507935,13500.0,9558.119335597214
forecast_7695,2025-11-17 15:00:00,15119.999742507935,13284.000205993652,9509.811374054749
forecast_7696,2025-11-17 16:00:00,15119.999742507935,13284.000205993652,10114.293606576986
forecast_7697,2025-11-17 17:00:00,15119.999742507935,13931.999588012695,11086.23941773014
forecast_7698,2025-11-17 18:00:00,14688.00015449524,13931.999588012695,11441.026008238636
forecast_7699,2025-11-17 19:00:00,14364.000463485718,14256.000566482544,11303.997066948692
forecast_7700,2025-11-17 20:00:00,14688.00015449524,14256.000566482544,11881.583137857098
forecast_7701,2025-11-17 21:00:00,16200.0,15227.999639511108,12407.892780404294
forecast_7702,2025-11-17 22:00:00,17388.00015449524,16200.0,13755.503293377473
forecast_7703,2025-11-17 23:00:00,18684.000205993652,17172.00036048889,14879.636388525114
forecast_7704,2025-11-18 00:00:00,19007.999897003174,17496.000051498413,14717.321740306255
forecast_7705,2025-11-18 01:00:00,14688.00015449524,17064.000463485718,13376.105381434536
forecast_7706,2025-11-18 02:00:00,16200.0,17280.000257492065,13783.158929295325
forecast_7707,2025-11-18 03:00:00,16200.0,17927.99963951111,14101.753531416454
forecast_7708,2025-11-18 04:00:00,19115.999794006348,17603.999948501587,14767.024829628695
forecast_7709,2025-11-18 05:00:00,19007.999897003174,17711.99984550476,14956.251065549235
forecast_7710,2025-11-18 06:00:00,19547.999382019043,18792.000102996826,15722.264057886969
forecast_7711,2025-11-18 07:00:00,19331.999588012695,19547.999382019043,16480.004889152708
forecast_7712,2025-11-18 08:00:00,15119.999742507935,18900.0,15150.826953932436
forecast_7713,2025-11-18 09:00:00,14688.00015449524,17388.00015449524,13460.173159214228
forecast_7714,2025-11-18 10:00:00,14147.999382019043,15443.999433517456,11442.027556821862
forecast_7715,2025-11-18 11:00:00,14580.000257492065,14796.000051498413,10636.590174983028
forecast_7716,2025-11-18 12:00:00,14364.000463485718,13068.000411987305,9498.340537056172
forecast_7717,2025-11-18 13:00:00,14580.000257492065,11988.00015449524,8654.91365039634
forecast_7718,2025-11-18 14:00:00,14039.99948501587,11231.999588012695,8481.426925819995
forecast_7719,2025-11-18 15:00:00,13500.0,10476.000308990479,8407.358149972164
forecast_7720,2025-11-18 16:00:00,10907.999897003174,7884.000205993652,6088.628965622374
forecast_7721,2025-11-18 17:00:00,10476.000308990479,6371.999716758728,4984.219200356552
forecast_7722,2025-11-18 18:00:00,8855.99992275238,6480.000257492065,4924.034940488313
forecast_7723,2025-11-18 19:00:00,9180.000257492065,8100.0,5646.398281574265
forecast_7724,2025-11-18 20:00:00,9180.000257492065,7884.000205993652,5639.924904070016
forecast_7725,2025-11-18 21:00:00,7451.9999742507935,9071.999716758728,6524.902093409086
forecast_7726,2025-11-18 22:00:00,10044.00007724762,9611.99984550476,6759.510419670272
forecast_7727,2025-11-18 23:00:00,10044.00007724762,9288.00015449524,6619.401390882529
forecast_7728,2025-11-19 00:00:00,10044.00007724762,8963.999819755554,6573.348458768209
forecast_7729,2025-11-19 01:00:00,12852.000617980957,10692.000102996826,7940.175347913327
forecast_7730,2025-11-19 02:00:00,10044.00007724762,10367.999768257141,7578.911391239375
forecast_7731,2025-11-19 03:00:00,8855.99992275238,9180.000257492065,6504.266349231648
forecast_7732,2025-11-19 04:00:00,9180.000257492065,8100.0,6260.363560341664
forecast_7733,2025-11-19 05:00:00,5507.999897003174,5507.999897003174,5446.9050171234
forecast_7734,2025-11-19 06:00:00,5507.999897003174,4427.99996137619,5030.577285812315
forecast_7735,2025-11-19 07:00:00,3888.0001544952393,3888.0001544952393,4639.701726209013
forecast_7736,2025-11-19 08:00:00,4320.000064373016,3888.0001544952393,4525.787008124628
forecast_7737,2025-11-19 09:00:00,4427.99996137619,3996.000051498413,4122.3082497140695
forecast_7738,2025-11-19 10:00:00,3888.0001544952393,3672.00003862381,3587.792741039552
forecast_7739,2025-11-19 11:00:00,3455.9999227523804,3564.000141620636,3188.475615984214
forecast_7740,2025-11-19 12:00:00,3455.9999227523804,3564.000141620636,3019.915921707621
forecast_7741,2025-11-19 13:00:00,3672.00003862381,3564.000141620636,2708.84246313759
forecast_7742,2025-11-19 14:00:00,3888.0001544952393,3672.00003862381,2558.1051745877603
forecast_7743,2025-11-19 15:00:00,3888.0001544952393,3888.0001544952393,3350.608738146612
forecast_7744,2025-11-19 16:00:00,4211.999845504761,3888.0001544952393,4016.258175387946
forecast_7745,2025-11-19 17:00:00,4968.000090122223,5183.999884128571,4695.87316110846
forecast_7746,2025-11-19 18:00:00,10044.00007724762,8100.0,6582.42001856652
forecast_7747,2025-11-19 19:00:00,13500.0,11123.999691009521,8553.449400550591
forecast_7748,2025-11-19 20:00:00,17172.00036048889,13607.999897003174,9823.645722739928
forecast_7749,2025-11-19 21:00:00,19547.999382019043,14796.000051498413,10510.03640717682
forecast_7750,2025-11-19 22:00:00,19980.000257492065,17711.99984550476,13495.754187905592
forecast_7751,2025-11-19 23:00:00,19980.000257492065,18684.000205993652,14737.119337785747
forecast_7752,2025-11-20 00:00:00,19980.000257492065,18792.000102996826,15117.262104666574
forecast_7753,2025-11-20 01:00:00,19980.000257492065,19223.99969100952,16177.94753390048
forecast_7754,2025-11-20 02:00:00,19980.000257492065,19656.000566482544,17042.73726446279
forecast_7755,2025-11-20 03:00:00,19980.000257492065,19656.000566482544,16533.513999357103
forecast_7756,2025-11-20 04:00:00,19980.000257492065,19439.99948501587,15856.491738391698
forecast_7757,2025-11-20 05:00:00,19980.000257492065,19656.000566482544,16385.65823830485
forecast_7758,2025-11-20 06:00:00,19980.000257492065,19547.999382019043,16009.179942996048
forecast_7759,2025-11-20 07:00:00,19980.000257492065,19656.000566482544,16017.358463551833
forecast_7760,2025-11-20 08:00:00,19547.999382019043,19331.999588012695,16692.341618202998
forecast_7761,2025-11-20 09:00:00,19547.999382019043,19547.999382019043,17020.084474289557
forecast_7762,2025-11-20 10:00:00,19547.999382019043,19547.999382019043,17121.613692524814
forecast_7763,2025-11-20 11:00:00,19547.999382019043,19547.999382019043,16550.544396656325
forecast_7764,2025-11-20 12:00:00,19547.999382019043,18684.000205993652,16138.220774414442
forecast_7765,2025-11-20 13:00:00,19547.999382019043,18252.000617980957,16841.53715626303
forecast_7766,2025-11-20 14:00:00,19656.000566482544,19007.999897003174,16981.47571082114
forecast_7767,2025-11-20 15:00:00,19547.999382019043,19223.99969100952,17246.181990223613
forecast_7768,2025-11-20 16:00:00,19331.999588012695,19439.99948501587,17659.83917727511
forecast_7769,2025-11-20 17:00:00,19331.999588012695,19115.999794006348,17727.947415236893
forecast_7770,2025-11-20 18:00:00,19547.999382019043,19223.99969100952,18027.05818937938
forecast_7771,2025-11-20 19:00:00,19331.999588012695,19223.99969100952,17817.112270289927
forecast_7772,2025-11-20 20:00:00,19331.999588012695,19331.999588012695,18312.078418880166
forecast_7773,2025-11-20 21:00:00,19331.999588012695,19547.999382019043,18010.88322781375
forecast_7774,2025-11-20 22:00:00,19331.999588012695,19547.999382019043,17778.55848201733
forecast_7775,2025-11-20 23:00:00,19331.999588012695,19439.99948501587,17533.460513790567
forecast_7776,2025-11-21 00:00:00,19331.999588012695,19331.999588012695,17340.125617114998
forecast_7777,2025-11-21 01:00:00,19331.999588012695,19223.99969100952,15572.078467352176
forecast_7778,2025-11-21 02:00:00,17388.00015449524,18468.000411987305,14822.632678694525
forecast_7779,2025-11-21 03:00:00,17064.000463485718,18035.999536514282,14791.648910205426
forecast_7780,2025-11-21 04:00:00,19007.999897003174,17711.99984550476,14290.758178914371
forecast_7781,2025-11-21 05:00:00,19547.999382019043,18468.000411987305,14826.274411777393
forecast_7782,2025-11-21 06:00:00,19980.000257492065,19115.999794006348,15367.476425519562
forecast_7783,2025-11-21 07:00:00,19980.000257492065,19115.999794006348,15334.173895879592
forecast_7784,2025-11-21 08:00:00,19980.000257492065,19223.99969100952,15596.087560734357
forecast_7785,2025-11-21 09:00:00,19547.999382019043,19007.999897003174,15273.093039468962
forecast_7786,2025-11-21 10:00:00,16200.0,18143.999433517456,14012.46515271044
forecast_7787,2025-11-21 11:00:00,15660.00051498413,17388.00015449524,13538.175445296123
forecast_7788,2025-11-21 12:00:00,15552.000617980957,16739.99948501587,13536.780540157226
forecast_7789,2025-11-21 13:00:00,15768.000411987305,16307.999897003174,12354.664457316085
forecast_7790,2025-11-21 14:00:00,15768.000411987305,16200.0,12464.802640808442
forecast_7791,2025-11-21 15:00:00,15768.000411987305,16739.99948501587,14127.10461460664
forecast_7792,2025-11-21 16:00:00,16200.0,17388.00015449524,14835.30471017286
forecast_7793,2025-11-21 17:00:00,16200.0,17711.99984550476,15195.999341483735
forecast_7794,2025-11-21 18:00:00,17388.00015449524,17927.99963951111,16078.930508285765
forecast_7795,2025-11-21 19:00:00,17388.00015449524,17927.99963951111,16419.3829108069
forecast_7796,2025-11-21 20:00:00,17388.00015449524,17388.00015449524,15714.1574277344
forecast_7797,2025-11-21 21:00:00,19547.999382019043,17819.999742507935,15974.531634171615
forecast_7798,2025-11-21 22:00:00,19547.999382019043,18143.999433517456,15932.316419292045
forecast_7799,2025-11-21 23:00:00,19547.999382019043,18143.999433517456,15841.4906057747
forecast_7800,2025-11-22 00:00:00,19547.999382019043,18900.0,15501.724537636685
forecast_7801,2025-11-22 01:00:00,19547.999382019043,18360.00051498413,14637.157872946238
forecast_7802,2025-11-22 02:00:00,19547.999382019043,18792.000102996826,15062.483387429516
forecast_7803,2025-11-22 03:00:00,19547.999382019043,18684.000205993652,14422.922556210742
forecast_7804,2025-11-22 04:00:00,19547.999382019043,18684.000205993652,14629.089102626633
forecast_7805,2025-11-22 05:00:00,19547.999382019043,19223.99969100952,14859.489662877697
forecast_7806,2025-11-22 06:00:00,19980.000257492065,19547.999382019043,14931.3168280594
forecast_7807,2025-11-22 07:00:00,19980.000257492065,19547.999382019043,15134.261826926277
forecast_7808,2025-11-22 08:00:00,19547.999382019043,18576.00030899048,13488.018314323845
forecast_7809,2025-11-22 09:00:00,19547.999382019043,17280.000257492065,12416.358298496325
forecast_7810,2025-11-22 10:00:00,13823.999691009521,15660.00051498413,10581.204349062646
forecast_7811,2025-11-22 11:00:00,13176.000308990479,14580.000257492065,10068.602832462262
forecast_7812,2025-11-22 12:00:00,13607.999897003174,14256.000566482544,9802.37173945683
forecast_7813,2025-11-22 13:00:00,13931.999588012695,13068.000411987305,9678.487268161458
forecast_7814,2025-11-22 14:00:00,13500.0,11988.00015449524,9931.3599240076
forecast_7815,2025-11-22 15:00:00,14147.999382019043,12527.999639511108,10550.11912947662
forecast_7816,2025-11-22 16:00:00,16847.999382019043,13823.999691009521,11630.424286864416
forecast_7817,2025-11-22 17:00:00,18035.999536514282,16523.99969100952,12800.659824756698
forecast_7818,2025-11-22 18:00:00,19980.000257492065,17927.99963951111,14602.28391631733
forecast_7819,2025-11-22 19:00:00,19980.000257492065,18252.000617980957,14675.882762772242
forecast_7820,2025-11-22 20:00:00,19980.000257492065,18576.00030899048,14770.516359286767
forecast_7821,2025-11-22 21:00:00,19980.000257492065,19007.999897003174,15161.769609429784
forecast_7822,2025-11-22 22:00:00,19980.000257492065,18900.0,16728.97847429026
forecast_7823,2025-11-22 23:00:00,19980.000257492065,18792.000102996826,17145.71709436673
forecast_7824,2025-11-23 00:00:00,19980.000257492065,19331.999588012695,16215.61411818649
forecast_7825,2025-11-23 01:00:00,19980.000257492065,19764.000463485718,17580.616980279934
forecast_7826,2025-11-23 02:00:00,19980.000257492065,19764.000463485718,17661.765097133677
forecast_7827,2025-11-23 03:00:00,19980.000257492065,19764.000463485718,17536.111127554483
forecast_7828,2025-11-23 04:00:00,19980.000257492065,19656.000566482544,17577.19145904057
forecast_7829,2025-11-23 05:00:00,19980.000257492065,19656.000566482544,17609.502165796635
forecast_7830,2025-11-23 06:00:00,19980.000257492065,19764.000463485718,17393.64375298413
forecast_7831,2025-11-23 07:00:00,19980.000257492065,19656.000566482544,17305.375476703346
forecast_7832,2025-11-23 08:00:00,19980.000257492065,18576.00030899048,15599.983599371602
forecast_7833,2025-11-23 09:00:00,19980.000257492065,17603.999948501587,14752.019603069615
forecast_7834,2025-11-23 10:00:00,19547.999382019043,17603.999948501587,14253.69507949839
forecast_7835,2025-11-23 11:00:00,17388.00015449524,17280.000257492065,13303.887681827317
forecast_7836,2025-11-23 12:00:00,18792.000102996826,17927.99963951111,14902.94795613502
forecast_7837,2025-11-23 13:00:00,17496.000051498413,15984.000205993652,12905.214881594233
forecast_7838,2025-11-23 14:00:00,15984.000205993652,14580.000257492065,12175.74695462016
forecast_7839,2025-11-23 15:00:00,14796.000051498413,15227.999639511108,11904.175215836516
forecast_7840,2025-11-23 16:00:00,14796.000051498413,15552.000617980957,12328.187664578829
forecast_7841,2025-11-23 17:00:00,18468.000411987305,16200.0,13194.917547343144
forecast_7842,2025-11-23 18:00:00,19547.999382019043,17496.000051498413,14085.298724516084
forecast_7843,2025-11-23 19:00:00,19547.999382019043,18143.999433517456,15452.781940672545
forecast_7844,2025-11-23 20:00:00,19980.000257492065,18576.00030899048,15714.816759783816
forecast_7845,2025-11-23 21:00:00,19547.999382019043,18252.000617980957,15885.302953656856
forecast_7846,2025-11-23 22:00:00,19547.999382019043,18035.999536514282,15264.00667256746
forecast_7847,2025-11-23 23:00:00,19331.999588012695,17927.99963951111,14637.581260816376
forecast_7848,2025-11-24 00:00:00,19331.999588012695,17711.99984550476,14371.577983019228
forecast_7849,2025-11-24 01:00:00,17064.000463485718,15876.000308990479,12713.624356200356
forecast_7850,2025-11-24 02:00:00,17064.000463485718,15768.000411987305,12602.55792426576
forecast_7851,2025-11-24 03:00:00,14688.00015449524,15227.999639511108,12048.417246372548
forecast_7852,2025-11-24 04:00:00,14688.00015449524,14039.99948501587,10684.613346495627
forecast_7853,2025-11-24 05:00:00,13500.0,13284.000205993652,9336.801214052704
forecast_7854,2025-11-24 06:00:00,14147.999382019043,14364.000463485718,9885.399964495204
forecast_7855,2025-11-24 07:00:00,14688.00015449524,14472.000360488892,10494.001136468363
forecast_7856,2025-11-24 08:00:00,14688.00015449524,14039.99948501587,9892.313130694436
forecast_7857,2025-11-24 09:00:00,14688.00015449524,14039.99948501587,9951.6179296332
forecast_7858,2025-11-24 10:00:00,11772.000360488892,12527.999639511108,8045.195352179026
forecast_7859,2025-11-24 11:00:00,10476.000308990479,10907.999897003174,9335.627795374818
forecast_7860,2025-11-24 12:00:00,11339.99948501587,10907.999897003174,10120.622344740688
forecast_7861,2025-11-24 13:00:00,11880.000257492065,13068.000411987305,10912.605091942
forecast_7862,2025-11-24 14:00:00,14039.99948501587,14147.999382019043,11758.733890725414
forecast_7863,2025-11-24 15:00:00,14039.99948501587,13823.999691009521,11747.338138296816
forecast_7864,2025-11-24 16:00:00,14039.99948501587,12960.00051498413,11616.380398831569
forecast_7865,2025-11-24 17:00:00,13392.000102996826,12960.00051498413,11757.126922622529
forecast_7866,2025-11-24 18:00:00,14147.999382019043,13607.999897003174,11672.4147100486
forecast_7867,2025-11-24 19:00:00,13068.000411987305,12203.999948501587,10270.825011596557
forecast_7868,2025-11-24 20:00:00,13068.000411987305,13931.999588012695,11787.265685879483
forecast_7869,2025-11-24 21:00:00,13068.000411987305,14039.99948501587,10473.62002775142
forecast_7870,2025-11-24 22:00:00,13068.000411987305,13931.999588012695,9465.256243996568
forecast_7871,2025-11-24 23:00:00,13176.000308990479,13931.999588012695,9049.108247425303
forecast_7872,2025-11-25 00:00:00,14256.000566482544,14796.000051498413,9502.054300509542
forecast_7873,2025-11-25 01:00:00,14256.000566482544,14580.000257492065,9932.910584708468
forecast_7874,2025-11-25 02:00:00,14147.999382019043,15011.99984550476,12170.797438571484
forecast_7875,2025-11-25 03:00:00,14472.000360488892,13931.999588012695,11416.411966242573
forecast_7876,2025-11-25 04:00:00,13392.000102996826,13607.999897003174,11616.813014858068
forecast_7877,2025-11-25 05:00:00,13392.000102996826,14688.00015449524,11946.121965216673
forecast_7878,2025-11-25 06:00:00,14688.00015449524,16092.000102996826,12751.658652848088
forecast_7879,2025-11-25 07:00:00,14688.00015449524,16307.999897003174,12687.74180058247
forecast_7880,2025-11-25 08:00:00,15119.999742507935,14472.000360488892,9900.0349748958
forecast_7881,2025-11-25 09:00:00,13500.0,11988.00015449524,7617.1233111718375
forecast_7882,2025-11-25 10:00:00,10476.000308990479,10907.999897003174,7598.836627249856
forecast_7883,2025-11-25 11:00:00,10259.999871253967,9503.999948501587,7644.041222486111
forecast_7884,2025-11-25 12:00:00,9396.000051498413,9396.000051498413,5300.479444013888
forecast_7885,2025-11-25 13:00:00,10476.000308990479,11664.000463485718,7994.634837895801
forecast_7886,2025-11-25 14:00:00,11123.999691009521,9719.999742507935,7490.111800145975
forecast_7887,2025-11-25 15:00:00,12852.000617980957,10907.999897003174,8213.896178909516
forecast_7888,2025-11-25 16:00:00,12096.000051498413,10259.999871253967,7768.886461223742
forecast_7889,2025-11-25 17:00:00,13715.999794006348,12743.999433517456,9665.26376383689
forecast_7890,2025-11-25 18:00:00,13500.0,13068.000411987305,9857.950538417288
forecast_7891,2025-11-25 19:00:00,13392.000102996826,11664.000463485718,8618.317939752123
forecast_7892,2025-11-25 20:00:00,12960.00051498413,10692.000102996826,8017.93735864766
forecast_7893,2025-11-25 21:00:00,10151.999974250793,9288.00015449524,6207.864706556288
forecast_7894,2025-11-25 22:00:00,7992.000102996826,8100.0,5200.161320252199
forecast_7895,2025-11-25 23:00:00,7451.9999742507935,7776.0003089904785,5208.373111297428
forecast_7896,2025-11-26 00:00:00,5940.000128746033,6263.999819755554,4690.889360148968
forecast_7897,2025-11-26 01:00:00,5832.000231742859,5723.9996910095215,3657.742312216522
forecast_7898,2025-11-26 02:00:00,4644.00007724762,4211.999845504761,3371.024659222024
forecast_7899,2025-11-26 03:00:00,4320.000064373016,3888.0001544952393,3059.281440259515
forecast_7900,2025-11-26 04:00:00,3888.0001544952393,4103.999948501587,3318.600850877625
forecast_7901,2025-11-26 05:00:00,3888.0001544952393,4103.999948501587,3394.91558895357
forecast_7902,2025-11-26 06:00:00,3888.0001544952393,3888.0001544952393,3992.667494777014
forecast_7903,2025-11-26 07:00:00,3888.0001544952393,3888.0001544952393,3975.755822844465
forecast_7904,2025-11-26 08:00:00,4320.000064373016,4103.999948501587,4356.557274299174
forecast_7905,2025-11-26 09:00:00,4320.000064373016,3888.0001544952393,4255.000447915534
forecast_7906,2025-11-26 10:00:00,3888.0001544952393,3996.000051498413,4008.8456575679375
forecast_7907,2025-11-26 11:00:00,3888.0001544952393,3888.0001544952393,3599.754070473054
forecast_7908,2025-11-26 12:00:00,3888.0001544952393,3888.0001544952393,2921.5340700214806
forecast_7909,2025-11-26 13:00:00,3888.0001544952393,3888.0001544952393,2779.256195625131
forecast_7910,2025-11-26 14:00:00,4968.000090122223,3888.0001544952393,3045.079225176399
forecast_7911,2025-11-26 15:00:00,5615.999794006348,5292.000102996826,3949.491595420765
forecast_7912,2025-11-26 16:00:00,4968.000090122223,5292.000102996826,4184.967683336143
forecast_7913,2025-11-26 17:00:00,9828.000283241272,7344.00007724762,6005.3331326093485
forecast_7914,2025-11-26 18:00:00,11556.000566482544,11880.000257492065,8658.835360903673
forecast_7915,2025-11-26 19:00:00,17064.000463485718,13392.000102996826,9517.358595126432
forecast_7916,2025-11-26 20:00:00,15552.000617980957,13823.999691009521,9180.264491077329
forecast_7917,2025-11-26 21:00:00,13500.0,14580.000257492065,9307.653962972878
forecast_7918,2025-11-26 22:00:00,15552.000617980957,15984.000205993652,9980.088817631093
forecast_7919,2025-11-26 23:00:00,16739.99948501587,16631.999588012695,11171.513230765124
forecast_7920,2025-11-27 00:00:00,19547.999382019043,18252.000617980957,12919.8680643464
forecast_7921,2025-11-27 01:00:00,18468.000411987305,18360.00051498413,13032.010560654338
forecast_7922,2025-11-27 02:00:00,19547.999382019043,18900.0,13792.478768642228
forecast_7923,2025-11-27 03:00:00,18684.000205993652,18143.999433517456,13662.158531828434
forecast_7924,2025-11-27 04:00:00,19547.999382019043,18360.00051498413,14039.058074224982
forecast_7925,2025-11-27 05:00:00,17064.000463485718,16739.99948501587,12557.764523825092
forecast_7926,2025-11-27 06:00:00,17280.000257492065,18143.999433517456,13470.359759124867
forecast_7927,2025-11-27 07:00:00,13500.0,15552.000617980957,9970.467701058493
forecast_7928,2025-11-27 08:00:00,15119.999742507935,17280.000257492065,13103.966028693152
forecast_7929,2025-11-27 09:00:00,18684.000205993652,18035.999536514282,14708.148109577563
forecast_7930,2025-11-27 10:00:00,17388.00015449524,18035.999536514282,14548.891720272628
forecast_7931,2025-11-27 11:00:00,15660.00051498413,18143.999433517456,15270.100291188455
forecast_7932,2025-11-27 12:00:00,17711.99984550476,18143.999433517456,15856.05442293623
forecast_7933,2025-11-27 13:00:00,15660.00051498413,18684.000205993652,16084.31322135533
forecast_7934,2025-11-27 14:00:00,18360.00051498413,19115.999794006348,16942.17858103866
forecast_7935,2025-11-27 15:00:00,18684.000205993652,18792.000102996826,16586.120033984793
forecast_7936,2025-11-27 16:00:00,18792.000102996826,19223.99969100952,17230.32589758147
forecast_7937,2025-11-27 17:00:00,18792.000102996826,19223.99969100952,17721.518929274935
forecast_7938,2025-11-27 18:00:00,18792.000102996826,19547.999382019043,17948.88828380926
forecast_7939,2025-11-27 19:00:00,17819.999742507935,18900.0,17127.419623468195
forecast_7940,2025-11-27 20:00:00,18035.999536514282,18900.0,15608.26271194804
forecast_7941,2025-11-27 21:00:00,17711.99984550476,18252.000617980957,15085.143516948297
forecast_7942,2025-11-27 22:00:00,17711.99984550476,18252.000617980957,14679.213299338582
forecast_7943,2025-11-27 23:00:00,17711.99984550476,18252.000617980957,15070.615267927918
forecast_7944,2025-11-28 00:00:00,18035.999536514282,18252.000617980957,16739.71501160188
forecast_7945,2025-11-28 01:00:00,19331.999588012695,18900.0,16559.18344215403
forecast_7946,2025-11-28 02:00:00,17819.999742507935,18035.999536514282,15631.638689133482
forecast_7947,2025-11-28 03:00:00,17819.999742507935,18143.999433517456,14862.532601003848
forecast_7948,2025-11-28 04:00:00,19547.999382019043,18252.000617980957,15565.075837517788
forecast_7949,2025-11-28 05:00:00,18468.000411987305,17711.99984550476,15261.809269597752
forecast_7950,2025-11-28 06:00:00,16523.99969100952,17172.00036048889,13961.954448885612
forecast_7951,2025-11-28 07:00:00,17603.999948501587,17172.00036048889,13152.9286181837
forecast_7952,2025-11-28 08:00:00,17496.000051498413,15443.999433517456,10281.937579160876
forecast_7953,2025-11-28 09:00:00,15552.000617980957,13931.999588012695,8824.682105745022
forecast_7954,2025-11-28 10:00:00,13068.000411987305,11556.000566482544,7524.056110985733
forecast_7955,2025-11-28 11:00:00,10259.999871253967,9611.99984550476,6473.0128716358
forecast_7956,2025-11-28 12:00:00,9071.999716758728,8423.999691009521,5873.501137628631
forecast_7957,2025-11-28 13:00:00,8963.999819755554,7236.000180244446,6159.1554809419495
forecast_7958,2025-11-28 14:00:00,8963.999819755554,7236.000180244446,5874.156580236368
forecast_7959,2025-11-28 15:00:00,8748.000025749207,7128.000283241272,5438.496510247447
forecast_7960,2025-11-28 16:00:00,7776.0003089904785,7344.00007724762,5753.41791536753
forecast_7961,2025-11-28 17:00:00,9396.000051498413,7344.00007724762,5391.458331434484
forecast_7962,2025-11-28 18:00:00,9071.999716758728,8100.0,5405.027066183716
forecast_7963,2025-11-28 19:00:00,9180.000257492065,7019.999742507935,4818.64845135639
forecast_7964,2025-11-28 20:00:00,10044.00007724762,6263.999819755554,4826.718010082341
forecast_7965,2025-11-28 21:00:00,7776.0003089904785,6263.999819755554,4876.333956421364
forecast_7966,2025-11-28 22:00:00,7451.9999742507935,6263.999819755554,4502.430836001994
forecast_7967,2025-11-28 23:00:00,7451.9999742507935,7128.000283241272,4986.524940216672
forecast_7968,2025-11-29 00:00:00,10044.00007724762,7559.999871253967,5205.989784969515
forecast_7969,2025-11-29 01:00:00,7451.9999742507935,7344.00007724762,4530.251152527828
forecast_7970,2025-11-29 02:00:00,8855.99992275238,8855.99992275238,5154.266162120322
forecast_7971,2025-11-29 03:00:00,9180.000257492065,10476.000308990479,6179.104592378288
forecast_7972,2025-11-29 04:00:00,13500.0,11988.00015449524,7637.464050362469
forecast_7973,2025-11-29 05:00:00,14472.000360488892,13823.999691009521,10273.175234301749
forecast_7974,2025-11-29 06:00:00,15660.00051498413,15227.999639511108,11894.966569579517
forecast_7975,2025-11-29 07:00:00,15119.999742507935,15335.999536514282,12118.756091748011
forecast_7976,2025-11-29 08:00:00,14688.00015449524,14472.000360488892,10154.58625011317
forecast_7977,2025-11-29 09:00:00,14039.99948501587,13500.0,8037.748219336241
forecast_7978,2025-11-29 10:00:00,9180.000257492065,11123.999691009521,7073.998759463016
forecast_7979,2025-11-29 11:00:00,7451.9999742507935,11123.999691009521,6288.157297591154
forecast_7980,2025-11-29 12:00:00,10476.000308990479,12527.999639511108,9187.3378103589
forecast_7981,2025-11-29 13:00:00,11447.999382019043,14903.999948501587,12582.34965429189
forecast_7982,2025-11-29 14:00:00,15227.999639511108,15768.000411987305,13832.93041363752
forecast_7983,2025-11-29 15:00:00,17388.00015449524,16739.99948501587,14898.861698799416
forecast_7984,2025-11-29 16:00:00,19331.999588012695,18035.999536514282,15396.70245468789
forecast_7985,2025-11-29 17:00:00,19331.999588012695,19331.999588012695,16408.61884902638
forecast_7986,2025-11-29 18:00:00,19331.999588012695,19547.999382019043,18030.46057428651
forecast_7987,2025-11-29 19:00:00,19331.999588012695,19547.999382019043,18651.702667212547
forecast_7988,2025-11-29 20:00:00,19331.999588012695,19547.999382019043,18957.18347556009
forecast_7989,2025-11-29 21:00:00,19331.999588012695,19547.999382019043,19135.73018076859
forecast_7990,2025-11-29 22:00:00,19331.999588012695,19547.999382019043,19301.51934534854
forecast_7991,2025-11-29 23:00:00,19331.999588012695,19547.999382019043,19029.998473916778
forecast_7992,2025-11-30 00:00:00,19331.999588012695,19547.999382019043,18905.3350212998
forecast_7993,2025-11-30 01:00:00,19656.000566482544,19547.999382019043,17778.308570476933
forecast_7994,2025-11-30 02:00:00,19656.000566482544,19223.99969100952,17516.21257399335
forecast_7995,2025-11-30 03:00:00,19547.999382019043,19115.999794006348,17370.275301977348
forecast_7996,2025-11-30 04:00:00,19547.999382019043,18684.000205993652,17050.59035135859
forecast_7997,2025-11-30 05:00:00,19439.99948501587,18252.000617980957,16305.090310663616
forecast_7998,2025-11-30 06:00:00,19331.999588012695,17819.999742507935,15393.959479636162
forecast_7999,2025-11-30 07:00:00,16092.000102996826,16847.999382019043,14129.515771523178
forecast_8000,2025-11-30 08:00:00,15011.99984550476,15876.000308990479,12373.172538577504
forecast_8001,2025-11-30 09:00:00,16307.999897003174,15227.999639511108,11625.107276883273
forecast_8002,2025-11-30 10:00:00,17603.999948501587,13823.999691009521,10707.532312506552
forecast_8003,2025-11-30 11:00:00,15876.000308990479,12960.00051498413,10304.008502217712
forecast_8004,2025-11-30 12:00:00,15876.000308990479,12527.999639511108,9811.250135658423
forecast_8005,2025-11-30 13:00:00,11880.000257492065,11123.999691009521,9328.36973240581
forecast_8006,2025-11-30 14:00:00,11339.99948501587,10907.999897003174,9618.66302447454
forecast_8007,2025-11-30 15:00:00,11664.000463485718,11015.999794006348,9574.704586564509
forecast_8008,2025-11-30 16:00:00,11664.000463485718,13607.999897003174,9801.035635150489
forecast_8009,2025-11-30 17:00:00,11880.000257492065,14256.000566482544,11490.337469166752
forecast_8010,2025-11-30 18:00:00,15660.00051498413,17603.999948501587,14409.513815786424
forecast_8011,2025-11-30 19:00:00,19331.999588012695,19331.999588012695,17108.619869463797
forecast_8012,2025-11-30 20:00:00,19331.999588012695,19547.999382019043,18461.48520540891
forecast_8013,2025-11-30 21:00:00,19547.999382019043,19656.000566482544,18496.27795418345
forecast_8014,2025-11-30 22:00:00,19547.999382019043,19656.000566482544,18726.002164475067
forecast_8015,2025-11-30 23:00:00,19331.999588012695,19656.000566482544,18676.96398818151
forecast_8016,2025-12-01 00:00:00,19331.999588012695,19656.000566482544,18040.825216462978
forecast_8017,2025-12-01 01:00:00,19331.999588012695,19656.000566482544,18073.522790749048
forecast_8018,2025-12-01 02:00:00,19331.999588012695,19547.999382019043,18476.9257792436
forecast_8019,2025-12-01 03:00:00,19331.999588012695,19547.999382019043,18338.18141609798
forecast_8020,2025-12-01 04:00:00,18900.0,19547.999382019043,18041.94467393898
forecast_8021,2025-12-01 05:00:00,19331.999588012695,19547.999382019043,17865.946858096275
forecast_8022,2025-12-01 06:00:00,19547.999382019043,19547.999382019043,18010.365905323182
forecast_8023,2025-12-01 07:00:00,19547.999382019043,19547.999382019043,17735.57456745161
forecast_8024,2025-12-01 08:00:00,19547.999382019043,19439.99948501587,16935.14133124431
forecast_8025,2025-12-01 09:00:00,19331.999588012695,18252.000617980957,14703.5091771709
forecast_8026,2025-12-01 10:00:00,14688.00015449524,15660.00051498413,12071.864074989586
forecast_8027,2025-12-01 11:00:00,11447.999382019043,10692.000102996826,7070.177802742511
forecast_8028,2025-12-01 12:00:00,9828.000283241272,7884.000205993652,4760.87658718284
forecast_8029,2025-12-01 13:00:00,7344.00007724762,6048.0000257492065,4178.765061012923
forecast_8030,2025-12-01 14:00:00,7451.9999742507935,5292.000102996826,3082.1750817720485
forecast_8031,2025-12-01 15:00:00,5615.999794006348,3996.000051498413,3012.063545621215
forecast_8032,2025-12-01 16:00:00,4320.000064373016,5075.999987125397,3647.0993624257135
forecast_8033,2025-12-01 17:00:00,6263.999819755554,5940.000128746033,3659.250920638243
forecast_8034,2025-12-01 18:00:00,7451.9999742507935,6371.999716758728,4180.825975874656
forecast_8035,2025-12-01 19:00:00,7451.9999742507935,6803.999948501587,3670.122156815142
forecast_8036,2025-12-01 20:00:00,9180.000257492065,7992.000102996826,5176.835127715621
forecast_8037,2025-12-01 21:00:00,11015.999794006348,8855.99992275238,6001.107797757631
forecast_8038,2025-12-01 22:00:00,13176.000308990479,11339.99948501587,8096.506437476095
forecast_8039,2025-12-01 23:00:00,14688.00015449524,12960.00051498413,9233.166219849503
forecast_8040,2025-12-02 00:00:00,16307.999897003174,15011.99984550476,10296.744774064526
forecast_8041,2025-12-02 01:00:00,18792.000102996826,16739.99948501587,12974.894074427595
forecast_8042,2025-12-02 02:00:00,19115.999794006348,17280.000257492065,13500.402739063004
forecast_8043,2025-12-02 03:00:00,19547.999382019043,17711.99984550476,14642.281095789069
forecast_8044,2025-12-02 04:00:00,19547.999382019043,17496.000051498413,14162.327483193076
forecast_8045,2025-12-02 05:00:00,18576.00030899048,17388.00015449524,12703.44222485128
forecast_8046,2025-12-02 06:00:00,18143.999433517456,16956.000566482544,12800.739098844455
forecast_8047,2025-12-02 07:00:00,16200.0,15227.999639511108,11686.241250531331
forecast_8048,2025-12-02 08:00:00,13392.000102996826,13284.000205993652,8382.131706720027
forecast_8049,2025-12-02 09:00:00,10907.999897003174,12311.99984550476,6426.6179192875
forecast_8050,2025-12-02 10:00:00,10476.000308990479,10692.000102996826,5787.1095815062645
forecast_8051,2025-12-02 11:00:00,10259.999871253967,9719.999742507935,4871.2427724517975
forecast_8052,2025-12-02 12:00:00,10476.000308990479,10151.999974250793,6039.862450868157
forecast_8053,2025-12-02 13:00:00,11447.999382019043,11123.999691009521,7184.308838254398
forecast_8054,2025-12-02 14:00:00,12096.000051498413,13500.0,8428.727977694392
forecast_8055,2025-12-02 15:00:00,14147.999382019043,14796.000051498413,9339.555769607476
forecast_8056,2025-12-02 16:00:00,14364.000463485718,14796.000051498413,9872.055820119693
forecast_8057,2025-12-02 17:00:00,14688.00015449524,15660.00051498413,11310.877570540464
forecast_8058,2025-12-02 18:00:00,14688.00015449524,16200.0,12626.88221361284
forecast_8059,2025-12-02 19:00:00,15768.000411987305,16523.99969100952,13111.914229323404
forecast_8060,2025-12-02 20:00:00,16307.999897003174,17496.000051498413,13322.745403994606
forecast_8061,2025-12-02 21:00:00,17064.000463485718,17496.000051498413,13590.396275066649
forecast_8062,2025-12-02 22:00:00,18035.999536514282,17388.00015449524,13628.24319155037
forecast_8063,2025-12-02 23:00:00,17064.000463485718,17496.000051498413,14085.932206128133
forecast_8064,2025-12-03 00:00:00,17064.000463485718,17711.99984550476,14264.625711595607
forecast_8065,2025-12-03 01:00:00,18252.000617980957,18468.000411987305,15339.48242581769
forecast_8066,2025-12-03 02:00:00,18360.00051498413,18684.000205993652,15259.057729155644
forecast_8067,2025-12-03 03:00:00,18360.00051498413,18252.000617980957,15045.291811709243
forecast_8068,2025-12-03 04:00:00,18360.00051498413,18143.999433517456,15164.418126802248
forecast_8069,2025-12-03 05:00:00,15768.000411987305,17927.99963951111,13680.766066984052
forecast_8070,2025-12-03 06:00:00,15768.000411987305,17819.999742507935,12392.70352758107
forecast_8071,2025-12-03 07:00:00,15768.000411987305,18035.999536514282,12667.395498293125
forecast_8072,2025-12-03 08:00:00,14688.00015449524,17280.000257492065,11810.121646613105
forecast_8073,2025-12-03 09:00:00,15768.000411987305,17927.99963951111,12609.087016812093
forecast_8074,2025-12-03 10:00:00,16200.0,18252.000617980957,13632.066605694708
forecast_8075,2025-12-03 11:00:00,16200.0,18252.000617980957,13374.694404150256
forecast_8076,2025-12-03 12:00:00,16631.999588012695,18252.000617980957,13794.892425440645
forecast_8077,2025-12-03 13:00:00,16307.999897003174,18252.000617980957,14002.654598758369
forecast_8078,2025-12-03 14:00:00,16631.999588012695,18468.000411987305,14011.507668895045
forecast_8079,2025-12-03 15:00:00,17064.000463485718,18252.000617980957,13951.168155828236
forecast_8080,2025-12-03 16:00:00,16200.0,18252.000617980957,13810.53015265006
forecast_8081,2025-12-03 17:00:00,16307.999897003174,18035.999536514282,13041.37251536699
forecast_8082,2025-12-03 18:00:00,16200.0,17280.000257492065,12589.131580694298
forecast_8083,2025-12-03 19:00:00,15335.999536514282,17064.000463485718,12614.345490007374
forecast_8084,2025-12-03 20:00:00,15768.000411987305,17064.000463485718,13206.241680377534
forecast_8085,2025-12-03 21:00:00,15768.000411987305,16956.000566482544,14132.607911416391
forecast_8086,2025-12-03 22:00:00,15119.999742507935,16956.000566482544,13190.262108898696
forecast_8087,2025-12-03 23:00:00,15119.999742507935,17172.00036048889,12609.103099375376
forecast_8088,2025-12-04 00:00:00,14688.00015449524,17819.999742507935,13180.391881675068
forecast_8089,2025-12-04 01:00:00,14688.00015449524,18035.999536514282,12423.571380009407
forecast_8090,2025-12-04 02:00:00,18900.0,18360.00051498413,13469.100936836385
forecast_8091,2025-12-04 03:00:00,19547.999382019043,18252.000617980957,13748.072471734082
forecast_8092,2025-12-04 04:00:00,19547.999382019043,18576.00030899048,14432.625873141124
forecast_8093,2025-12-04 05:00:00,19980.000257492065,18360.00051498413,15998.558238862428
forecast_8094,2025-12-04 06:00:00,19980.000257492065,18684.000205993652,16178.752862463887
forecast_8095,2025-12-04 07:00:00,19980.000257492065,19223.99969100952,16236.488064939353
forecast_8096,2025-12-04 08:00:00,19980.000257492065,19115.999794006348,16292.82156318384
forecast_8097,2025-12-04 09:00:00,19547.999382019043,19331.999588012695,15505.154876713317
forecast_8098,2025-12-04 10:00:00,16200.0,18468.000411987305,13576.672313228466
forecast_8099,2025-12-04 11:00:00,14903.999948501587,15984.000205993652,11839.838050216686
forecast_8100,2025-12-04 12:00:00,14796.000051498413,14903.999948501587,10721.286303510982
forecast_8101,2025-12-04 13:00:00,14796.000051498413,14688.00015449524,10292.339945804146
forecast_8102,2025-12-04 14:00:00,14796.000051498413,14472.000360488892,9995.575106092736
forecast_8103,2025-12-04 15:00:00,14364.000463485718,15227.999639511108,10748.101947951158
forecast_8104,2025-12-04 16:00:00,14147.999382019043,15443.999433517456,11501.027336164496
forecast_8105,2025-12-04 17:00:00,14688.00015449524,15876.000308990479,11758.555821229647
forecast_8106,2025-12-04 18:00:00,15119.999742507935,17711.99984550476,14579.559057279956
forecast_8107,2025-12-04 19:00:00,17711.99984550476,17711.99984550476,15716.880524806806
forecast_8108,2025-12-04 20:00:00,18035.999536514282,17711.99984550476,15734.918781302444
forecast_8109,2025-12-04 21:00:00,18468.000411987305,17711.99984550476,15905.850013379271
forecast_8110,2025-12-04 22:00:00,17819.999742507935,17603.999948501587,14835.988122963096
forecast_8111,2025-12-04 23:00:00,17064.000463485718,17496.000051498413,14730.955731528094
forecast_8112,2025-12-05 00:00:00,16631.999588012695,17280.000257492065,14393.209309381458
forecast_8113,2025-12-05 01:00:00,16200.0,16956.000566482544,14019.440139361464
forecast_8114,2025-12-05 02:00:00,16631.999588012695,16956.000566482544,14229.290629800436
forecast_8115,2025-12-05 03:00:00,16200.0,16200.0,13445.880751948238
forecast_8116,2025-12-05 04:00:00,15119.999742507935,17172.00036048889,13566.488975796548
forecast_8117,2025-12-05 05:00:00,15119.999742507935,17496.000051498413,13278.417143051103
forecast_8118,2025-12-05 06:00:00,14903.999948501587,18576.00030899048,14599.663659296191
forecast_8119,2025-12-05 07:00:00,16631.999588012695,19331.999588012695,14756.686523024906
forecast_8120,2025-12-05 08:00:00,19547.999382019043,19331.999588012695,14665.598768450927
forecast_8121,2025-12-05 09:00:00,19547.999382019043,19331.999588012695,14451.33510918841
forecast_8122,2025-12-05 10:00:00,18468.000411987305,17711.99984550476,13051.479174145456
forecast_8123,2025-12-05 11:00:00,13931.999588012695,18035.999536514282,12260.677822360574
forecast_8124,2025-12-05 12:00:00,12635.999536514282,16523.99969100952,11188.774315070428
forecast_8125,2025-12-05 13:00:00,10584.000205993652,14364.000463485718,9210.36759417874
forecast_8126,2025-12-05 14:00:00,12527.999639511108,14364.000463485718,11124.430829509132
forecast_8127,2025-12-05 15:00:00,14796.000051498413,16415.999794006348,12948.616041715672
forecast_8128,2025-12-05 16:00:00,16200.0,17280.000257492065,13915.275143799949
forecast_8129,2025-12-05 17:00:00,19547.999382019043,17172.00036048889,13734.116478329855
forecast_8130,2025-12-05 18:00:00,19547.999382019043,17603.999948501587,13148.300629378356
forecast_8131,2025-12-05 19:00:00,19547.999382019043,17388.00015449524,11841.986646732466
forecast_8132,2025-12-05 20:00:00,19547.999382019043,17603.999948501587,12415.19115072657
forecast_8133,2025-12-05 21:00:00,19980.000257492065,17927.99963951111,13408.326264622854
forecast_8134,2025-12-05 22:00:00,19980.000257492065,19115.999794006348,14596.613472812536
forecast_8135,2025-12-05 23:00:00,19980.000257492065,19331.999588012695,15398.930864944276
forecast_8136,2025-12-06 00:00:00,19980.000257492065,19764.000463485718,16441.80789817411
forecast_8137,2025-12-06 01:00:00,19980.000257492065,19764.000463485718,15641.669510578127
forecast_8138,2025-12-06 02:00:00,19980.000257492065,19764.000463485718,17212.73827187278
forecast_8139,2025-12-06 03:00:00,19980.000257492065,19764.000463485718,17168.555579011645
forecast_8140,2025-12-06 04:00:00,19980.000257492065,19764.000463485718,15904.044738615756
forecast_8141,2025-12-06 05:00:00,19980.000257492065,19764.000463485718,16931.21666859131
forecast_8142,2025-12-06 06:00:00,19980.000257492065,19764.000463485718,16699.66386351965
forecast_8143,2025-12-06 07:00:00,19980.000257492065,19764.000463485718,16431.78591151713
forecast_8144,2025-12-06 08:00:00,19547.999382019043,19439.99948501587,15225.162289743032
forecast_8145,2025-12-06 09:00:00,19547.999382019043,19115.999794006348,13941.677441648291
forecast_8146,2025-12-06 10:00:00,16739.99948501587,17927.99963951111,12932.753386945296
forecast_8147,2025-12-06 11:00:00,17927.99963951111,17496.000051498413,13106.248359883124
forecast_8148,2025-12-06 12:00:00,18468.000411987305,17280.000257492065,13865.453049187032
forecast_8149,2025-12-06 13:00:00,18468.000411987305,17603.999948501587,15139.031386273513
forecast_8150,2025-12-06 14:00:00,18684.000205993652,17603.999948501587,14764.487724444638
forecast_8151,2025-12-06 15:00:00,19331.999588012695,18684.000205993652,15477.485370441736
forecast_8152,2025-12-06 16:00:00,19331.999588012695,19331.999588012695,15923.41564986914
forecast_8153,2025-12-06 17:00:00,18360.00051498413,19115.999794006348,16156.222950089264
forecast_8154,2025-12-06 18:00:00,17388.00015449524,19223.99969100952,16511.042764942264
forecast_8155,2025-12-06 19:00:00,18252.000617980957,19223.99969100952,16819.70526030633
forecast_8156,2025-12-06 20:00:00,18792.000102996826,19223.99969100952,17273.117165170745
forecast_8157,2025-12-06 21:00:00,19223.99969100952,19223.99969100952,17774.497727336235
forecast_8158,2025-12-06 22:00:00,19331.999588012695,19547.999382019043,18136.98560583093
forecast_8159,2025-12-06 23:00:00,19331.999588012695,19547.999382019043,17953.037207726178
forecast_8160,2025-12-07 00:00:00,19331.999588012695,19547.999382019043,17783.489974703432
forecast_8161,2025-12-07 01:00:00,19331.999588012695,19547.999382019043,17802.504722195627
forecast_8162,2025-12-07 02:00:00,18792.000102996826,19547.999382019043,17836.349112395732
forecast_8163,2025-12-07 03:00:00,18900.0,19223.99969100952,17673.24365790037
forecast_8164,2025-12-07 04:00:00,18900.0,19223.99969100952,17619.845198383002
forecast_8165,2025-12-07 05:00:00,18900.0,18684.000205993652,17382.405763185634
forecast_8166,2025-12-07 06:00:00,19223.99969100952,19223.99969100952,17685.97423582621
forecast_8167,2025-12-07 07:00:00,19331.999588012695,19547.999382019043,17739.032181505652
forecast_8168,2025-12-07 08:00:00,19547.999382019043,19547.999382019043,16796.34684330217
forecast_8169,2025-12-07 09:00:00,19547.999382019043,19331.999588012695,16533.975123407126
forecast_8170,2025-12-07 10:00:00,19331.999588012695,19115.999794006348,16576.978244731945
forecast_8171,2025-12-07 11:00:00,19223.99969100952,18684.000205993652,16071.159495727265
forecast_8172,2025-12-07 12:00:00,18900.0,18684.000205993652,16237.3203648587
forecast_8173,2025-12-07 13:00:00,18900.0,18684.000205993652,16231.407419672296
forecast_8174,2025-12-07 14:00:00,18900.0,19223.99969100952,16581.10784147965
forecast_8175,2025-12-07 15:00:00,19223.99969100952,19331.999588012695,17065.99632453176
forecast_8176,2025-12-07 16:00:00,18900.0,19547.999382019043,17116.19949662906
forecast_8177,2025-12-07 17:00:00,18900.0,19547.999382019043,17281.77233343045
forecast_8178,2025-12-07 18:00:00,18792.000102996826,19547.999382019043,17531.013089369782
forecast_8179,2025-12-07 19:00:00,18792.000102996826,19547.999382019043,17707.095491285854
forecast_8180,2025-12-07 20:00:00,18792.000102996826,19547.999382019043,17504.363536232388
forecast_8181,2025-12-07 21:00:00,18792.000102996826,19439.99948501587,17694.618626181174
forecast_8182,2025-12-07 22:00:00,18468.000411987305,19547.999382019043,17591.364750830573
forecast_8183,2025-12-07 23:00:00,18900.0,19223.99969100952,17240.84087067433
forecast_8184,2025-12-08 00:00:00,18684.000205993652,19223.99969100952,16337.277641313518
forecast_8185,2025-12-08 01:00:00,18900.0,19223.99969100952,16230.996586918782
forecast_8186,2025-12-08 02:00:00,18468.000411987305,19223.99969100952,16246.308130239022
forecast_8187,2025-12-08 03:00:00,18468.000411987305,19115.999794006348,15425.452054367172
forecast_8188,2025-12-08 04:00:00,18468.000411987305,18468.000411987305,14111.738795759382
forecast_8189,2025-12-08 05:00:00,16200.0,17388.00015449524,12647.235048925066
forecast_8190,2025-12-08 06:00:00,14688.00015449524,17064.000463485718,11818.598223341362
forecast_8191,2025-12-08 07:00:00,14688.00015449524,16307.999897003174,11277.283249255324
forecast_8192,2025-12-08 08:00:00,13823.999691009521,15011.99984550476,9580.589525152787
forecast_8193,2025-12-08 09:00:00,12960.00051498413,13068.000411987305,8720.829009472658
forecast_8194,2025-12-08 10:00:00,11015.999794006348,10476.000308990479,7077.000270879331
forecast_8195,2025-12-08 11:00:00,8855.99992275238,8207.999897003174,5252.340194585528
forecast_8196,2025-12-08 12:00:00,6696.000051498413,5075.999987125397,3793.210344168264
forecast_8197,2025-12-08 13:00:00,5940.000128746033,3996.000051498413,3306.215095906382
forecast_8198,2025-12-08 14:00:00,5183.999884128571,3996.000051498413,3412.9909125857903
forecast_8199,2025-12-08 15:00:00,5183.999884128571,4644.00007724762,3519.182307144983
forecast_8200,2025-12-08 16:00:00,6371.999716758728,5075.999987125397,4221.736150758257
forecast_8201,2025-12-08 17:00:00,8100.0,7128.000283241272,5102.124631202949
forecast_8202,2025-12-08 18:00:00,12960.00051498413,12311.99984550476,9125.751196056202
forecast_8203,2025-12-08 19:00:00,12960.00051498413,14580.000257492065,10364.702320062714
forecast_8204,2025-12-08 20:00:00,14580.000257492065,15552.000617980957,10859.145569453452
forecast_8205,2025-12-08 21:00:00,15876.000308990479,15768.000411987305,11205.209419125547
forecast_8206,2025-12-08 22:00:00,17172.00036048889,17064.000463485718,12727.451673246762
forecast_8207,2025-12-08 23:00:00,16415.999794006348,16847.999382019043,11913.378767290862
forecast_8208,2025-12-09 00:00:00,16307.999897003174,17711.99984550476,12027.629879622657
forecast_8209,2025-12-09 01:00:00,16415.999794006348,17280.000257492065,11998.38788827044
forecast_8210,2025-12-09 02:00:00,18035.999536514282,18792.000102996826,13511.327238880123
forecast_8211,2025-12-09 03:00:00,19547.999382019043,19115.999794006348,13937.28007754106
forecast_8212,2025-12-09 04:00:00,19547.999382019043,19115.999794006348,14230.176774081045
forecast_8213,2025-12-09 05:00:00,19547.999382019043,19331.999588012695,14713.43034026995
forecast_8214,2025-12-09 06:00:00,19547.999382019043,19547.999382019043,14491.659924126016
forecast_8215,2025-12-09 07:00:00,19547.999382019043,19656.000566482544,14941.484604941696
forecast_8216,2025-12-09 08:00:00,19980.000257492065,19656.000566482544,14205.464595532689
forecast_8217,2025-12-09 09:00:00,19223.99969100952,19547.999382019043,14235.813384551877
forecast_8218,2025-12-09 10:00:00,16200.0,18143.999433517456,13332.919179605084
forecast_8219,2025-12-09 11:00:00,14796.000051498413,18035.999536514282,13405.678014815338
forecast_8220,2025-12-09 12:00:00,14796.000051498413,16415.999794006348,11213.374210997205
forecast_8221,2025-12-09 13:00:00,14796.000051498413,14796.000051498413,9984.17454825752
forecast_8222,2025-12-09 14:00:00,14364.000463485718,14472.000360488892,10237.675314130607
forecast_8223,2025-12-09 15:00:00,14580.000257492065,14364.000463485718,10456.651661779666
forecast_8224,2025-12-09 16:00:00,13715.999794006348,14256.000566482544,11200.008209110714
forecast_8225,2025-12-09 17:00:00,13931.999588012695,13607.999897003174,10514.444874571707
forecast_8226,2025-12-09 18:00:00,13931.999588012695,15227.999639511108,11684.37975314378
forecast_8227,2025-12-09 19:00:00,14688.00015449524,15011.99984550476,11621.630296001147
forecast_8228,2025-12-09 20:00:00,14039.99948501587,14903.999948501587,10561.232012882238
forecast_8229,2025-12-09 21:00:00,13176.000308990479,13823.999691009521,10410.189530170946
forecast_8230,2025-12-09 22:00:00,13176.000308990479,14364.000463485718,10756.177499146885
forecast_8231,2025-12-09 23:00:00,13931.999588012695,13392.000102996826,9630.32825427098
forecast_8232,2025-12-10 00:00:00,13931.999588012695,13392.000102996826,9172.026764233597
forecast_8233,2025-12-10 01:00:00,12852.000617980957,13392.000102996826,8362.512837472583
forecast_8234,2025-12-10 02:00:00,13931.999588012695,15335.999536514282,9480.965884248277
forecast_8235,2025-12-10 03:00:00,14364.000463485718,17064.000463485718,11963.615185334966
forecast_8236,2025-12-10 04:00:00,17064.000463485718,17496.000051498413,12587.220551319446
forecast_8237,2025-12-10 05:00:00,17064.000463485718,17280.000257492065,12261.432741265176
forecast_8238,2025-12-10 06:00:00,17603.999948501587,17711.99984550476,12957.842696460008
forecast_8239,2025-12-10 07:00:00,18468.000411987305,17819.999742507935,13087.846201782037
forecast_8240,2025-12-10 08:00:00,18360.00051498413,16739.99948501587,12019.62273603522
forecast_8241,2025-12-10 09:00:00,16307.999897003174,15984.000205993652,11494.180706379737
forecast_8242,2025-12-10 10:00:00,16092.000102996826,14688.00015449524,11128.951785458705
forecast_8243,2025-12-10 11:00:00,13823.999691009521,14039.99948501587,9906.746342850098
forecast_8244,2025-12-10 12:00:00,11339.99948501587,12527.999639511108,8970.085064684032
forecast_8245,2025-12-10 13:00:00,11339.99948501587,11772.000360488892,8079.0699754958705
forecast_8246,2025-12-10 14:00:00,10259.999871253967,10367.999768257141,7697.536974684888
forecast_8247,2025-12-10 15:00:00,9396.000051498413,9611.99984550476,6179.882588335322
forecast_8248,2025-12-10 16:00:00,9071.999716758728,8423.999691009521,5190.636173940321
forecast_8249,2025-12-10 17:00:00,6263.999819755554,8963.999819755554,4479.857527724394
forecast_8250,2025-12-10 18:00:00,6155.99992275238,8640.000128746033,5239.025181280048
forecast_8251,2025-12-10 19:00:00,5832.000231742859,8640.000128746033,5268.253961779795
forecast_8252,2025-12-10 20:00:00,6263.999819755554,9936.000180244446,5753.206962731411
forecast_8253,2025-12-10 21:00:00,10044.00007724762,12203.999948501587,7738.158972366634
forecast_8254,2025-12-10 22:00:00,14580.000257492065,15984.000205993652,11495.450770565025
forecast_8255,2025-12-10 23:00:00,16092.000102996826,17388.00015449524,13040.766228580094
forecast_8256,2025-12-11 00:00:00,14688.00015449524,17172.00036048889,11090.34573058491
forecast_8257,2025-12-11 01:00:00,19007.999897003174,18792.000102996826,15868.395653851258
forecast_8258,2025-12-11 02:00:00,19331.999588012695,19439.99948501587,15714.303896239006
forecast_8259,2025-12-11 03:00:00,19331.999588012695,19656.000566482544,16794.036621100906
forecast_8260,2025-12-11 04:00:00,19331.999588012695,19656.000566482544,17613.086474345844
forecast_8261,2025-12-11 05:00:00,19547.999382019043,19656.000566482544,17996.936755051167
forecast_8262,2025-12-11 06:00:00,19331.999588012695,19656.000566482544,18098.236082431205
forecast_8263,2025-12-11 07:00:00,19331.999588012695,19547.999382019043,17946.974292554107
forecast_8264,2025-12-11 08:00:00,18360.00051498413,19223.99969100952,16359.596814937211
forecast_8265,2025-12-11 09:00:00,15768.000411987305,18143.999433517456,15079.305866068007
forecast_8266,2025-12-11 10:00:00,18360.00051498413,19331.999588012695,15901.201243230813
forecast_8267,2025-12-11 11:00:00,18360.00051498413,18143.999433517456,13699.669097802644
forecast_8268,2025-12-11 12:00:00,17819.999742507935,17496.000051498413,12668.197023825323
forecast_8269,2025-12-11 13:00:00,15119.999742507935,15011.99984550476,10946.437540358322
forecast_8270,2025-12-11 14:00:00,14364.000463485718,14147.999382019043,10179.236892830007
forecast_8271,2025-12-11 15:00:00,14147.999382019043,13607.999897003174,9495.570721332397
forecast_8272,2025-12-11 16:00:00,14147.999382019043,13607.999897003174,9000.706421677149
forecast_8273,2025-12-11 17:00:00,14580.000257492065,14256.000566482544,9423.966799193911
forecast_8274,2025-12-11 18:00:00,14580.000257492065,14364.000463485718,9979.989135371903
forecast_8275,2025-12-11 19:00:00,14147.999382019043,13500.0,8774.892288895571
forecast_8276,2025-12-11 20:00:00,13176.000308990479,12311.99984550476,6043.257573725255
forecast_8277,2025-12-11 21:00:00,8315.999794006348,6803.999948501587,3733.914203548777
forecast_8278,2025-12-11 22:00:00,5940.000128746033,4859.999871253967,3694.6415280680376
forecast_8279,2025-12-11 23:00:00,6263.999819755554,5940.000128746033,3377.044134103632
forecast_8280,2025-12-12 00:00:00,4751.9999742507935,5940.000128746033,3782.958580447088
forecast_8281,2025-12-12 01:00:00,3888.0001544952393,3888.0001544952393,3193.106596703155
forecast_8282,2025-12-12 02:00:00,3888.0001544952393,3996.000051498413,3283.4904833161672
forecast_8283,2025-12-12 03:00:00,3888.0001544952393,3888.0001544952393,3156.30311131323
forecast_8284,2025-12-12 04:00:00,3888.0001544952393,3888.0001544952393,2839.6017282993803
forecast_8285,2025-12-12 05:00:00,3888.0001544952393,3996.000051498413,3042.2565414542746
forecast_8286,2025-12-12 06:00:00,3996.000051498413,3996.000051498413,3040.288178909563
forecast_8287,2025-12-12 07:00:00,3996.000051498413,3888.0001544952393,2627.7172877472035
forecast_8288,2025-12-12 08:00:00,3888.0001544952393,3888.0001544952393,2668.719553074382
forecast_8289,2025-12-12 09:00:00,3888.0001544952393,3888.0001544952393,2419.97309433286
forecast_8290,2025-12-12 10:00:00,3672.00003862381,3455.9999227523804,2453.689624777921
forecast_8291,2025-12-12 11:00:00,3672.00003862381,3455.9999227523804,2356.0028247975342
forecast_8292,2025-12-12 12:00:00,3564.000141620636,3240.0001287460327,2444.359736242185
forecast_8293,2025-12-12 13:00:00,3564.000141620636,3240.0001287460327,2693.3606401453208
forecast_8294,2025-12-12 14:00:00,3779.9999356269836,3131.999909877777,2366.6092679374665
forecast_8295,2025-12-12 15:00:00,3455.9999227523804,3240.0001287460327,2722.8793458734062
forecast_8296,2025-12-12 16:00:00,3455.9999227523804,3348.0000257492065,3016.146172918968
forecast_8297,2025-12-12 17:00:00,3888.0001544952393,3455.9999227523804,2855.768350463032
forecast_8298,2025-12-12 18:00:00,3672.00003862381,3455.9999227523804,2750.2222844087264
forecast_8299,2025-12-12 19:00:00,3888.0001544952393,3455.9999227523804,2565.206777430127
forecast_8300,2025-12-12 20:00:00,3888.0001544952393,3564.000141620636,2101.026945812737
forecast_8301,2025-12-12 21:00:00,3888.0001544952393,3888.0001544952393,2672.7495840528145
forecast_8302,2025-12-12 22:00:00,3996.000051498413,3888.0001544952393,2097.7207341878834
forecast_8303,2025-12-12 23:00:00,3888.0001544952393,3888.0001544952393,2135.60365944233
forecast_8304,2025-12-13 00:00:00,3888.0001544952393,3888.0001544952393,3055.02773192611
forecast_8305,2025-12-13 01:00:00,3888.0001544952393,3888.0001544952393,4079.598655705306
forecast_8306,2025-12-13 02:00:00,4211.999845504761,3888.0001544952393,3814.309053594992
forecast_8307,2025-12-13 03:00:00,4644.00007724762,3888.0001544952393,3747.818090661112
forecast_8308,2025-12-13 04:00:00,5075.999987125397,4427.99996137619,4243.066599211104
forecast_8309,2025-12-13 05:00:00,4427.99996137619,4859.999871253967,4636.446472177031
forecast_8310,2025-12-13 06:00:00,5400.0,5075.999987125397,4441.943786117859
forecast_8311,2025-12-13 07:00:00,5832.000231742859,5507.999897003174,4241.025371273573
forecast_8312,2025-12-13 08:00:00,6263.999819755554,6480.000257492065,4302.625423377022
forecast_8313,2025-12-13 09:00:00,4427.99996137619,5615.999794006348,3869.782924737613
forecast_8314,2025-12-13 10:00:00,3888.0001544952393,3996.000051498413,3634.46929439032
forecast_8315,2025-12-13 11:00:00,3996.000051498413,3996.000051498413,3177.502607361
forecast_8316,2025-12-13 12:00:00,3888.0001544952393,3888.0001544952393,2866.312694039243
forecast_8317,2025-12-13 13:00:00,3888.0001544952393,3888.0001544952393,2721.0451194264588
forecast_8318,2025-12-13 14:00:00,3888.0001544952393,3779.9999356269836,2432.650196273289
forecast_8319,2025-12-13 15:00:00,3888.0001544952393,3779.9999356269836,2844.268168431771
forecast_8320,2025-12-13 16:00:00,3888.0001544952393,3779.9999356269836,3375.949965069202
forecast_8321,2025-12-13 17:00:00,3888.0001544952393,3888.0001544952393,3294.6362771688955
forecast_8322,2025-12-13 18:00:00,3888.0001544952393,3888.0001544952393,3226.308513619569
forecast_8323,2025-12-13 19:00:00,3888.0001544952393,3996.000051498413,3591.6908726093134
forecast_8324,2025-12-13 20:00:00,3888.0001544952393,4320.000064373016,3730.1184663907934
forecast_8325,2025-12-13 21:00:00,4320.000064373016,5075.999987125397,3899.648450745872
forecast_8326,2025-12-13 22:00:00,6155.99992275238,7559.999871253967,5240.440519601623
forecast_8327,2025-12-13 23:00:00,11231.999588012695,9611.99984550476,6232.499308211631
forecast_8328,2025-12-14 00:00:00,10476.000308990479,10692.000102996826,6526.9285385919775
forecast_8329,2025-12-14 01:00:00,14688.00015449524,16631.999588012695,11893.050538228164
forecast_8330,2025-12-14 02:00:00,15119.999742507935,16739.99948501587,12344.327456363168
forecast_8331,2025-12-14 03:00:00,15119.999742507935,16739.99948501587,12689.832604855448
forecast_8332,2025-12-14 04:00:00,15119.999742507935,16739.99948501587,12938.310242171025
forecast_8333,2025-12-14 05:00:00,17280.000257492065,18035.999536514282,14075.393059621645
forecast_8334,2025-12-14 06:00:00,16200.0,18035.999536514282,13924.09595829248
forecast_8335,2025-12-14 07:00:00,17172.00036048889,17496.000051498413,13536.015649572126
forecast_8336,2025-12-14 08:00:00,17388.00015449524,17927.99963951111,13754.506134599063
forecast_8337,2025-12-14 09:00:00,16200.0,17819.999742507935,13228.67385000528
forecast_8338,2025-12-14 10:00:00,16200.0,17280.000257492065,12808.498446242314
forecast_8339,2025-12-14 11:00:00,16200.0,15552.000617980957,11431.776624493088
forecast_8340,2025-12-14 12:00:00,15660.00051498413,15119.999742507935,10750.117523999406
forecast_8341,2025-12-14 13:00:00,14903.999948501587,15335.999536514282,10898.39532746974
forecast_8342,2025-12-14 14:00:00,13068.000411987305,14580.000257492065,9690.062804209072
forecast_8343,2025-12-14 15:00:00,12096.000051498413,14364.000463485718,9268.724121158994
forecast_8344,2025-12-14 16:00:00,13392.000102996826,14364.000463485718,10309.549433491162
forecast_8345,2025-12-14 17:00:00,14039.99948501587,15660.00051498413,11647.871229105094
forecast_8346,2025-12-14 18:00:00,14688.00015449524,16739.99948501587,13234.064143510352
forecast_8347,2025-12-14 19:00:00,15119.999742507935,17280.000257492065,14032.240079740292
forecast_8348,2025-12-14 20:00:00,15119.999742507935,17819.999742507935,14688.176682936106
forecast_8349,2025-12-14 21:00:00,15011.99984550476,17927.99963951111,14462.39201938906
forecast_8350,2025-12-14 22:00:00,14903.999948501587,17927.99963951111,14280.41117234414
forecast_8351,2025-12-14 23:00:00,14688.00015449524,17927.99963951111,14161.324118683438
forecast_8352,2025-12-15 00:00:00,19547.999382019043,18684.000205993652,14605.442853801096
forecast_8353,2025-12-15 01:00:00,19547.999382019043,19331.999588012695,15062.759681277335
forecast_8354,2025-12-15 02:00:00,19547.999382019043,19656.000566482544,15447.694667223132
forecast_8355,2025-12-15 03:00:00,19547.999382019043,19656.000566482544,15518.91094414824
forecast_8356,2025-12-15 04:00:00,19547.999382019043,19656.000566482544,15681.703867098511
forecast_8357,2025-12-15 05:00:00,19547.999382019043,19656.000566482544,15729.62824785708
forecast_8358,2025-12-15 06:00:00,19980.000257492065,19656.000566482544,15834.336449901832
forecast_8359,2025-12-15 07:00:00,19547.999382019043,19656.000566482544,15396.634356093818
forecast_8360,2025-12-15 08:00:00,19547.999382019043,19331.999588012695,14126.786421780944
forecast_8361,2025-12-15 09:00:00,19547.999382019043,18684.000205993652,13447.54511408388
forecast_8362,2025-12-15 10:00:00,19547.999382019043,17172.00036048889,12868.714291306527
forecast_8363,2025-12-15 11:00:00,18035.999536514282,16200.0,11927.772426711024
forecast_8364,2025-12-15 12:00:00,13068.000411987305,15552.000617980957,9465.332013783194
forecast_8365,2025-12-15 13:00:00,13068.000411987305,14364.000463485718,8825.25265519692
forecast_8366,2025-12-15 14:00:00,14580.000257492065,15443.999433517456,10150.211336001244
forecast_8367,2025-12-15 15:00:00,16847.999382019043,16307.999897003174,11392.639682487836
forecast_8368,2025-12-15 16:00:00,16847.999382019043,17819.999742507935,12659.102101933498
forecast_8369,2025-12-15 17:00:00,19547.999382019043,18468.000411987305,14505.10524770959
forecast_8370,2025-12-15 18:00:00,19980.000257492065,19656.000566482544,16305.778496265388
forecast_8371,2025-12-15 19:00:00,19980.000257492065,19764.000463485718,16500.80820550165
forecast_8372,2025-12-15 20:00:00,19980.000257492065,19656.000566482544,17047.948913733107
forecast_8373,2025-12-15 21:00:00,19980.000257492065,19656.000566482544,16500.471332386638
forecast_8374,2025-12-15 22:00:00,19980.000257492065,19656.000566482544,16451.118073455607
forecast_8375,2025-12-15 23:00:00,19980.000257492065,19331.999588012695,15351.8080299609
forecast_8376,2025-12-16 00:00:00,19115.999794006348,17927.99963951111,13787.17015090046
forecast_8377,2025-12-16 01:00:00,19007.999897003174,18252.000617980957,14847.057966676855
forecast_8378,2025-12-16 02:00:00,17496.000051498413,17388.00015449524,13960.165225822057
forecast_8379,2025-12-16 03:00:00,16739.99948501587,16739.99948501587,13123.704874525407
forecast_8380,2025-12-16 04:00:00,14580.000257492065,14903.999948501587,11004.726412072789
forecast_8381,2025-12-16 05:00:00,14256.000566482544,14039.99948501587,10971.11448140126
forecast_8382,2025-12-16 06:00:00,14256.000566482544,14364.000463485718,9844.385247415315
forecast_8383,2025-12-16 07:00:00,13500.0,14364.000463485718,9892.297685287404
forecast_8384,2025-12-16 08:00:00,13500.0,13823.999691009521,9381.067631141002
forecast_8385,2025-12-16 09:00:00,13068.000411987305,13392.000102996826,9979.132472387788
forecast_8386,2025-12-16 10:00:00,13500.0,14580.000257492065,9847.116205174309
forecast_8387,2025-12-16 11:00:00,13500.0,14039.99948501587,11237.321903970258
forecast_8388,2025-12-16 12:00:00,13500.0,13392.000102996826,10931.46489640572
forecast_8389,2025-12-16 13:00:00,13500.0,13392.000102996826,11424.238530253811
forecast_8390,2025-12-16 14:00:00,13500.0,12743.999433517456,11190.288774258242
forecast_8391,2025-12-16 15:00:00,12096.000051498413,11988.00015449524,9422.88304061133
forecast_8392,2025-12-16 16:00:00,12096.000051498413,11988.00015449524,9474.232383668892
forecast_8393,2025-12-16 17:00:00,12096.000051498413,11231.999588012695,8115.934655172316
forecast_8394,2025-12-16 18:00:00,10151.999974250793,10692.000102996826,8121.914332290501
forecast_8395,2025-12-16 19:00:00,9936.000180244446,10259.999871253967,7774.877212268644
forecast_8396,2025-12-16 20:00:00,7451.9999742507935,9611.99984550476,7636.7689359528285
forecast_8397,2025-12-16 21:00:00,9180.000257492065,10259.999871253967,7835.240157321084
forecast_8398,2025-12-16 22:00:00,9288.00015449524,9288.00015449524,6674.136126552487
forecast_8399,2025-12-16 23:00:00,7451.9999742507935,8423.999691009521,6038.01942386198
forecast_8400,2025-12-17 00:00:00,9288.00015449524,9936.000180244446,6587.030065662061
forecast_8401,2025-12-17 01:00:00,10151.999974250793,10692.000102996826,7074.718121933153
forecast_8402,2025-12-17 02:00:00,10259.999871253967,11772.000360488892,6974.82928668688
forecast_8403,2025-12-17 03:00:00,11880.000257492065,11772.000360488892,6847.666677872249
forecast_8404,2025-12-17 04:00:00,9936.000180244446,10151.999974250793,5736.185501353969
forecast_8405,2025-12-17 05:00:00,10044.00007724762,9071.999716758728,4802.997398434614
forecast_8406,2025-12-17 06:00:00,9936.000180244446,10151.999974250793,6274.8535337807425
forecast_8407,2025-12-17 07:00:00,10044.00007724762,10367.999768257141,6595.52949572348
forecast_8408,2025-12-17 08:00:00,7451.9999742507935,8855.99992275238,4814.987732078132
forecast_8409,2025-12-17 09:00:00,8963.999819755554,7992.000102996826,5272.162309974043
forecast_8410,2025-12-17 10:00:00,5615.999794006348,7559.999871253967,5319.200450956607
forecast_8411,2025-12-17 11:00:00,4968.000090122223,6048.0000257492065,4936.335235069952
forecast_8412,2025-12-17 12:00:00,4968.000090122223,5292.000102996826,4476.011052370388
forecast_8413,2025-12-17 13:00:00,4968.000090122223,4211.999845504761,3999.791871389513
forecast_8414,2025-12-17 14:00:00,4211.999845504761,3888.0001544952393,3371.3890471429004
forecast_8415,2025-12-17 15:00:00,3888.0001544952393,3888.0001544952393,3121.054155016001
forecast_8416,2025-12-17 16:00:00,3888.0001544952393,3888.0001544952393,2874.023988251105
forecast_8417,2025-12-17 17:00:00,3888.0001544952393,4211.999845504761,3510.870438699626
forecast_8418,2025-12-17 18:00:00,5507.999897003174,4751.9999742507935,4167.003171324566
forecast_8419,2025-12-17 19:00:00,5507.999897003174,5075.999987125397,4407.111785368363
forecast_8420,2025-12-17 20:00:00,6371.999716758728,5292.000102996826,4991.225616066192
forecast_8421,2025-12-17 21:00:00,7451.9999742507935,7451.9999742507935,4954.655631126129
forecast_8422,2025-12-17 22:00:00,9611.99984550476,8963.999819755554,5898.972907689961
forecast_8423,2025-12-17 23:00:00,10044.00007724762,9611.99984550476,5688.109966709057
forecast_8424,2025-12-18 00:00:00,10044.00007724762,10367.999768257141,6096.543664616273
forecast_8425,2025-12-18 01:00:00,14147.999382019043,15011.99984550476,10585.047837860662
forecast_8426,2025-12-18 02:00:00,15984.000205993652,16307.999897003174,10928.322980053405
forecast_8427,2025-12-18 03:00:00,16307.999897003174,16739.99948501587,10691.609606933212
forecast_8428,2025-12-18 04:00:00,17172.00036048889,16200.0,11078.280394983196
forecast_8429,2025-12-18 05:00:00,17172.00036048889,15768.000411987305,11009.577565217822
forecast_8430,2025-12-18 06:00:00,15984.000205993652,15227.999639511108,11061.161862622144
forecast_8431,2025-12-18 07:00:00,15552.000617980957,14364.000463485718,10552.465882480132
forecast_8432,2025-12-18 08:00:00,13284.000205993652,11447.999382019043,8300.091268027934
forecast_8433,2025-12-18 09:00:00,10044.00007724762,9611.99984550476,6418.991026043132
forecast_8434,2025-12-18 10:00:00,5507.999897003174,7559.999871253967,5537.621480239726
forecast_8435,2025-12-18 11:00:00,5507.999897003174,6588.000154495239,4785.181543155658
forecast_8436,2025-12-18 12:00:00,6263.999819755554,6480.000257492065,3829.427991558206
forecast_8437,2025-12-18 13:00:00,5075.999987125397,4751.9999742507935,3105.965326304867
forecast_8438,2025-12-18 14:00:00,3888.0001544952393,3888.0001544952393,2967.946367172524
forecast_8439,2025-12-18 15:00:00,3996.000051498413,3888.0001544952393,3078.4488341375577
forecast_8440,2025-12-18 16:00:00,3996.000051498413,5400.0,3297.6051199555773
forecast_8441,2025-12-18 17:00:00,8855.99992275238,5940.000128746033,4040.415682726903
forecast_8442,2025-12-18 18:00:00,4751.9999742507935,6263.999819755554,4847.512640521256
forecast_8443,2025-12-18 19:00:00,5832.000231742859,5400.0,5236.242393182996
forecast_8444,2025-12-18 20:00:00,5832.000231742859,7019.999742507935,5484.961100693462
forecast_8445,2025-12-18 21:00:00,8315.999794006348,7559.999871253967,5904.073467224214
forecast_8446,2025-12-18 22:00:00,10044.00007724762,11339.99948501587,7309.165627461122
forecast_8447,2025-12-18 23:00:00,10044.00007724762,13823.999691009521,9056.241351197816
forecast_8448,2025-12-19 00:00:00,12852.000617980957,15660.00051498413,9594.346260327997
forecast_8449,2025-12-19 01:00:00,17172.00036048889,18360.00051498413,14537.926945151208
forecast_8450,2025-12-19 02:00:00,19547.999382019043,18468.000411987305,14701.055041727785
forecast_8451,2025-12-19 03:00:00,19331.999588012695,18035.999536514282,13850.567709202378
forecast_8452,2025-12-19 04:00:00,18792.000102996826,17927.99963951111,12747.963716965627
forecast_8453,2025-12-19 05:00:00,16307.999897003174,17927.99963951111,12447.360611391407
forecast_8454,2025-12-19 06:00:00,19547.999382019043,19007.999897003174,13826.124634589172
forecast_8455,2025-12-19 07:00:00,19547.999382019043,19223.99969100952,14356.073496869529
forecast_8456,2025-12-19 08:00:00,19547.999382019043,19115.999794006348,14295.538211986606
forecast_8457,2025-12-19 09:00:00,19547.999382019043,19115.999794006348,14234.23817141376
forecast_8458,2025-12-19 10:00:00,19547.999382019043,19115.999794006348,15509.33729684368
forecast_8459,2025-12-19 11:00:00,19547.999382019043,19223.99969100952,15350.775771325334
forecast_8460,2025-12-19 12:00:00,19547.999382019043,19331.999588012695,14848.074092695952
forecast_8461,2025-12-19 13:00:00,19331.999588012695,18576.00030899048,15247.22572863139
forecast_8462,2025-12-19 14:00:00,19547.999382019043,18252.000617980957,15407.604762389388
forecast_8463,2025-12-19 15:00:00,19547.999382019043,18792.000102996826,15463.565126804118
forecast_8464,2025-12-19 16:00:00,19547.999382019043,18792.000102996826,15639.334628633304
forecast_8465,2025-12-19 17:00:00,19331.999588012695,18684.000205993652,16137.536443081875
forecast_8466,2025-12-19 18:00:00,19656.000566482544,18684.000205993652,16902.203165182033
forecast_8467,2025-12-19 19:00:00,19547.999382019043,18684.000205993652,17164.688744059928
forecast_8468,2025-12-19 20:00:00,19764.000463485718,18576.00030899048,16363.311985695558
forecast_8469,2025-12-19 21:00:00,19547.999382019043,19007.999897003174,17203.57930594948
forecast_8470,2025-12-19 22:00:00,19547.999382019043,19331.999588012695,17342.321931924493
forecast_8471,2025-12-19 23:00:00,19547.999382019043,19331.999588012695,16863.405819861113
forecast_8472,2025-12-20 00:00:00,19331.999588012695,18792.000102996826,15833.100592829192
forecast_8473,2025-12-20 01:00:00,15768.000411987305,18360.00051498413,13907.283407034693
forecast_8474,2025-12-20 02:00:00,14688.00015449524,17711.99984550476,12231.984792776848
forecast_8475,2025-12-20 03:00:00,14688.00015449524,17711.99984550476,12052.16811467208
forecast_8476,2025-12-20 04:00:00,14688.00015449524,17496.000051498413,12275.479557381545
forecast_8477,2025-12-20 05:00:00,14472.000360488892,16307.999897003174,11984.089005456291
forecast_8478,2025-12-20 06:00:00,14472.000360488892,15876.000308990479,12029.761477120666
forecast_8479,2025-12-20 07:00:00,14039.99948501587,16092.000102996826,12186.201531068178
forecast_8480,2025-12-20 08:00:00,14039.99948501587,16415.999794006348,12749.425272832472
forecast_8481,2025-12-20 09:00:00,14039.99948501587,16739.99948501587,12782.174565233174
forecast_8482,2025-12-20 10:00:00,14472.000360488892,16739.99948501587,13003.663432015166
forecast_8483,2025-12-20 11:00:00,14039.99948501587,16631.999588012695,12939.862998939394
forecast_8484,2025-12-20 12:00:00,14472.000360488892,17388.00015449524,14066.639451905296
forecast_8485,2025-12-20 13:00:00,17496.000051498413,17388.00015449524,14198.383191851342
forecast_8486,2025-12-20 14:00:00,15227.999639511108,16847.999382019043,13457.590139742231
forecast_8487,2025-12-20 15:00:00,14039.99948501587,15443.999433517456,12548.284402239997
forecast_8488,2025-12-20 16:00:00,12311.99984550476,15443.999433517456,11136.081615367986
forecast_8489,2025-12-20 17:00:00,13500.0,14796.000051498413,11249.874577275428
forecast_8490,2025-12-20 18:00:00,13500.0,14796.000051498413,11575.73587833427
forecast_8491,2025-12-20 19:00:00,13500.0,15011.99984550476,11585.629573595628
forecast_8492,2025-12-20 20:00:00,13500.0,15660.00051498413,10981.41659710524
forecast_8493,2025-12-20 21:00:00,13392.000102996826,14688.00015449524,9803.953913068082
forecast_8494,2025-12-20 22:00:00,17064.000463485718,15011.99984550476,10654.40158729333
forecast_8495,2025-12-20 23:00:00,17927.99963951111,16307.999897003174,11607.040629588151
forecast_8496,2025-12-21 00:00:00,19547.999382019043,17927.99963951111,12832.175358113134
forecast_8497,2025-12-21 01:00:00,19547.999382019043,19223.99969100952,17556.96253987243
forecast_8498,2025-12-21 02:00:00,19547.999382019043,19547.999382019043,16724.856033834272
forecast_8499,2025-12-21 03:00:00,19439.99948501587,19547.999382019043,16689.986401406946
forecast_8500,2025-12-21 04:00:00,19331.999588012695,19223.99969100952,14976.28130942241
forecast_8501,2025-12-21 05:00:00,19547.999382019043,19223.99969100952,13777.68594017419
forecast_8502,2025-12-21 06:00:00,19547.999382019043,19331.999588012695,13445.099087123986
forecast_8503,2025-12-21 07:00:00,19547.999382019043,19223.99969100952,12993.441882740955
forecast_8504,2025-12-21 08:00:00,19007.999897003174,19007.999897003174,12039.153192156193
forecast_8505,2025-12-21 09:00:00,16200.0,18143.999433517456,12184.450303275487
forecast_8506,2025-12-21 10:00:00,14796.000051498413,17064.000463485718,12340.298327172237
forecast_8507,2025-12-21 11:00:00,14796.000051498413,16307.999897003174,11036.267722948469
forecast_8508,2025-12-21 12:00:00,14039.99948501587,15011.99984550476,10336.472061278777
forecast_8509,2025-12-21 13:00:00,11880.000257492065,12635.999536514282,8355.507336456656
forecast_8510,2025-12-21 14:00:00,10044.00007724762,9180.000257492065,5721.193262959056
forecast_8511,2025-12-21 15:00:00,5183.999884128571,5183.999884128571,3530.4160460379667
forecast_8512,2025-12-21 16:00:00,5183.999884128571,3888.0001544952393,2396.557456006217
forecast_8513,2025-12-21 17:00:00,5940.000128746033,3996.000051498413,2473.794034209884
forecast_8514,2025-12-21 18:00:00,5832.000231742859,3888.0001544952393,2924.4592337963104
forecast_8515,2025-12-21 19:00:00,5075.999987125397,3996.000051498413,3003.1456263510186
forecast_8516,2025-12-21 20:00:00,5507.999897003174,3888.0001544952393,2912.409395037958
forecast_8517,2025-12-21 21:00:00,4427.99996137619,3672.00003862381,2775.0364967233354
forecast_8518,2025-12-21 22:00:00,4320.000064373016,3455.9999227523804,3115.375665228496
forecast_8519,2025-12-21 23:00:00,4320.000064373016,3564.000141620636,2915.9738062352253
forecast_8520,2025-12-22 00:00:00,3888.0001544952393,3455.9999227523804,2866.307880166817
forecast_8521,2025-12-22 01:00:00,3888.0001544952393,3564.000141620636,2744.973148933614
forecast_8522,2025-12-22 02:00:00,3888.0001544952393,3564.000141620636,2392.7441394469142
forecast_8523,2025-12-22 03:00:00,3779.9999356269836,3348.0000257492065,2339.149251512717
forecast_8524,2025-12-22 04:00:00,3779.9999356269836,3240.0001287460327,1966.2432061094576
forecast_8525,2025-12-22 05:00:00,3779.9999356269836,3131.999909877777,2150.6475371270726
forecast_8526,2025-12-22 06:00:00,3455.9999227523804,3024.0000128746033,1931.724117130684
forecast_8527,2025-12-22 07:00:00,3779.9999356269836,3024.0000128746033,2276.089688669376
forecast_8528,2025-12-22 08:00:00,3455.9999227523804,3131.999909877777,2385.593693011079
forecast_8529,2025-12-22 09:00:00,3779.9999356269836,3240.0001287460327,2093.9403469754293
forecast_8530,2025-12-22 10:00:00,3888.0001544952393,3348.0000257492065,2216.989936450955
forecast_8531,2025-12-22 11:00:00,3779.9999356269836,3240.0001287460327,2272.716098264063
forecast_8532,2025-12-22 12:00:00,3888.0001544952393,3240.0001287460327,2216.994419253933
forecast_8533,2025-12-22 13:00:00,3779.9999356269836,3240.0001287460327,1896.9650346140495
forecast_8534,2025-12-22 14:00:00,3779.9999356269836,3240.0001287460327,2053.233469517698
forecast_8535,2025-12-22 15:00:00,3455.9999227523804,3131.999909877777,2044.217213231244
forecast_8536,2025-12-22 16:00:00,3888.0001544952393,3240.0001287460327,1770.5952892774185
forecast_8537,2025-12-22 17:00:00,3779.9999356269836,3779.9999356269836,1988.65515040498
forecast_8538,2025-12-22 18:00:00,3888.0001544952393,3564.000141620636,2293.9900733717054
forecast_8539,2025-12-22 19:00:00,3888.0001544952393,3779.9999356269836,2301.5324925002164
forecast_8540,2025-12-22 20:00:00,3888.0001544952393,3779.9999356269836,2258.116222968958
forecast_8541,2025-12-22 21:00:00,3888.0001544952393,3888.0001544952393,2722.1009633061585
forecast_8542,2025-12-22 22:00:00,3888.0001544952393,3888.0001544952393,3318.083588353592
forecast_8543,2025-12-22 23:00:00,3888.0001544952393,3888.0001544952393,3451.088524971933
forecast_8544,2025-12-23 00:00:00,3888.0001544952393,3888.0001544952393,3665.246185936332
forecast_8545,2025-12-23 01:00:00,4535.999858379364,4211.999845504761,3719.6308843470624
forecast_8546,2025-12-23 02:00:00,6048.0000257492065,6155.99992275238,3997.19891487149
forecast_8547,2025-12-23 03:00:00,6048.0000257492065,6155.99992275238,4236.10319173391
forecast_8548,2025-12-23 04:00:00,4103.999948501587,4859.999871253967,4385.76263167025
forecast_8549,2025-12-23 05:00:00,4535.999858379364,5183.999884128571,4422.717590940962
forecast_8550,2025-12-23 06:00:00,5400.0,6155.99992275238,3927.748522084294
forecast_8551,2025-12-23 07:00:00,4644.00007724762,6048.0000257492065,4243.100517586884
forecast_8552,2025-12-23 08:00:00,3996.000051498413,4103.999948501587,4439.8171888624265
forecast_8553,2025-12-23 09:00:00,3996.000051498413,4859.999871253967,4457.141042383331
forecast_8554,2025-12-23 10:00:00,4211.999845504761,6263.999819755554,4676.5709355553045
forecast_8555,2025-12-23 11:00:00,7992.000102996826,9396.000051498413,5502.922171149542
forecast_8556,2025-12-23 12:00:00,7019.999742507935,8963.999819755554,5262.171581037631
forecast_8557,2025-12-23 13:00:00,4320.000064373016,7128.000283241272,5193.720117621196
forecast_8558,2025-12-23 14:00:00,4427.99996137619,6480.000257492065,4873.278808292161
forecast_8559,2025-12-23 15:00:00,4320.000064373016,6803.999948501587,4488.39688056425
forecast_8560,2025-12-23 16:00:00,3996.000051498413,5292.000102996826,3974.616039129201
forecast_8561,2025-12-23 17:00:00,4320.000064373016,6696.000051498413,4307.330082067082
forecast_8562,2025-12-23 18:00:00,7451.9999742507935,9180.000257492065,5766.036299068809
forecast_8563,2025-12-23 19:00:00,10044.00007724762,10692.000102996826,6765.824192999426
forecast_8564,2025-12-23 20:00:00,10259.999871253967,11231.999588012695,7350.253090151443
forecast_8565,2025-12-23 21:00:00,10151.999974250793,10692.000102996826,7381.519460557538
forecast_8566,2025-12-23 22:00:00,10259.999871253967,10692.000102996826,7679.940231223981
forecast_8567,2025-12-23 23:00:00,10259.999871253967,10692.000102996826,7583.185582469612
forecast_8568,2025-12-24 00:00:00,10259.999871253967,10692.000102996826,7940.9198728499005
forecast_8569,2025-12-24 01:00:00,6155.99992275238,8423.999691009521,4631.101941309164
forecast_8570,2025-12-24 02:00:00,6155.99992275238,7451.9999742507935,4401.231427351435
forecast_8571,2025-12-24 03:00:00,4644.00007724762,4211.999845504761,3564.4547538698985
forecast_8572,2025-12-24 04:00:00,4644.00007724762,4427.99996137619,3220.72602091161
forecast_8573,2025-12-24 05:00:00,3888.0001544952393,3996.000051498413,3421.3550215674863
forecast_8574,2025-12-24 06:00:00,3888.0001544952393,3996.000051498413,3238.6868112243283
forecast_8575,2025-12-24 07:00:00,3888.0001544952393,4103.999948501587,3177.842313925947
forecast_8576,2025-12-24 08:00:00,3888.0001544952393,3779.9999356269836,2960.2895168515865
forecast_8577,2025-12-24 09:00:00,3888.0001544952393,3564.000141620636,2857.6597469181856
forecast_8578,2025-12-24 10:00:00,3779.9999356269836,3564.000141620636,2505.763060086851
forecast_8579,2025-12-24 11:00:00,3779.9999356269836,3564.000141620636,2608.2548897014367
forecast_8580,2025-12-24 12:00:00,3888.0001544952393,3455.9999227523804,2469.6285140032383
forecast_8581,2025-12-24 13:00:00,3779.9999356269836,3564.000141620636,2518.6415635620774
forecast_8582,2025-12-24 14:00:00,3888.0001544952393,3564.000141620636,2566.973110352168
forecast_8583,2025-12-24 15:00:00,3888.0001544952393,3455.9999227523804,2688.1376791815
forecast_8584,2025-12-24 16:00:00,3564.000141620636,3240.0001287460327,2591.8633686973208
forecast_8585,2025-12-24 17:00:00,3564.000141620636,3024.0000128746033,2562.485930143902
forecast_8586,2025-12-24 18:00:00,3888.0001544952393,3131.999909877777,2854.871926422714
forecast_8587,2025-12-24 19:00:00,3888.0001544952393,3240.0001287460327,2795.175366194396
forecast_8588,2025-12-24 20:00:00,3779.9999356269836,3348.0000257492065,2647.563485660872
forecast_8589,2025-12-24 21:00:00,3888.0001544952393,3564.000141620636,3360.8788253402004
forecast_8590,2025-12-24 22:00:00,3888.0001544952393,3564.000141620636,3403.236030464623
forecast_8591,2025-12-24 23:00:00,3888.0001544952393,3564.000141620636,3311.9844999864545
forecast_8592,2025-12-25 00:00:00,3888.0001544952393,3888.0001544952393,3246.1075353741235
forecast_8593,2025-12-25 01:00:00,3888.0001544952393,3888.0001544952393,2916.240024094027
forecast_8594,2025-12-25 02:00:00,4968.000090122223,3996.000051498413,3855.984720665704
forecast_8595,2025-12-25 03:00:00,7451.9999742507935,6371.999716758728,4792.496443711688
forecast_8596,2025-12-25 04:00:00,9611.99984550476,8855.99992275238,6037.857349320424
forecast_8597,2025-12-25 05:00:00,11231.999588012695,10907.999897003174,7058.970876381407
forecast_8598,2025-12-25 06:00:00,11988.00015449524,12743.999433517456,7540.563145663943
forecast_8599,2025-12-25 07:00:00,14472.000360488892,15660.00051498413,10505.396577009911
forecast_8600,2025-12-25 08:00:00,14903.999948501587,16307.999897003174,11577.05045057757
forecast_8601,2025-12-25 09:00:00,15119.999742507935,16739.99948501587,12017.803943104092
forecast_8602,2025-12-25 10:00:00,14796.000051498413,15660.00051498413,11528.389487101884
forecast_8603,2025-12-25 11:00:00,14796.000051498413,15443.999433517456,11017.632450099343
forecast_8604,2025-12-25 12:00:00,15768.000411987305,15876.000308990479,10760.400604068336
forecast_8605,2025-12-25 13:00:00,16200.0,15876.000308990479,11458.90041743237
forecast_8606,2025-12-25 14:00:00,16200.0,15876.000308990479,11844.236841410975
forecast_8607,2025-12-25 15:00:00,16200.0,16200.0,11958.275515914114
forecast_8608,2025-12-25 16:00:00,16200.0,16739.99948501587,12581.478628102026
forecast_8609,2025-12-25 17:00:00,16200.0,17388.00015449524,12614.015042983605
forecast_8610,2025-12-25 18:00:00,16200.0,18035.999536514282,13484.717740159993
forecast_8611,2025-12-25 19:00:00,15119.999742507935,17819.999742507935,14349.090637511006
forecast_8612,2025-12-25 20:00:00,15119.999742507935,17819.999742507935,14553.760354059714
forecast_8613,2025-12-25 21:00:00,15119.999742507935,17819.999742507935,14927.884121034362
forecast_8614,2025-12-25 22:00:00,15119.999742507935,17819.999742507935,14973.264360425866
forecast_8615,2025-12-25 23:00:00,15119.999742507935,17819.999742507935,15060.260800753058
forecast_8616,2025-12-26 00:00:00,15768.000411987305,17927.99963951111,15367.539983059753
forecast_8617,2025-12-26 01:00:00,15119.999742507935,17927.99963951111,14799.596456260831
forecast_8618,2025-12-26 02:00:00,15119.999742507935,17927.99963951111,14166.651466374322
forecast_8619,2025-12-26 03:00:00,15984.000205993652,19656.000566482544,14224.68808902782
forecast_8620,2025-12-26 04:00:00,16415.999794006348,19656.000566482544,14738.01540273208
forecast_8621,2025-12-26 05:00:00,17172.00036048889,19656.000566482544,13871.720247329771
forecast_8622,2025-12-26 06:00:00,18468.000411987305,19656.000566482544,13631.655143274522
forecast_8623,2025-12-26 07:00:00,16415.999794006348,19115.999794006348,14019.680804983424
forecast_8624,2025-12-26 08:00:00,15876.000308990479,17927.99963951111,12282.7097440749
forecast_8625,2025-12-26 09:00:00,15984.000205993652,18468.000411987305,11986.958969868449
forecast_8626,2025-12-26 10:00:00,15552.000617980957,16631.999588012695,11465.8648027512
forecast_8627,2025-12-26 11:00:00,13068.000411987305,16200.0,10313.833443961106
forecast_8628,2025-12-26 12:00:00,10584.000205993652,13715.999794006348,8352.958453140245
forecast_8629,2025-12-26 13:00:00,10476.000308990479,12527.999639511108,7692.165152682432
forecast_8630,2025-12-26 14:00:00,10476.000308990479,11880.000257492065,7998.152185698937
forecast_8631,2025-12-26 15:00:00,10476.000308990479,11880.000257492065,8123.1007264366035
forecast_8632,2025-12-26 16:00:00,10476.000308990479,12311.99984550476,9106.294651765522
forecast_8633,2025-12-26 17:00:00,12527.999639511108,14147.999382019043,9766.553688286864
forecast_8634,2025-12-26 18:00:00,12635.999536514282,14580.000257492065,10554.890703187908
forecast_8635,2025-12-26 19:00:00,14472.000360488892,16200.0,11306.451055511256
forecast_8636,2025-12-26 20:00:00,15984.000205993652,17280.000257492065,12040.04409283644
forecast_8637,2025-12-26 21:00:00,16307.999897003174,18252.000617980957,12847.023489665173
forecast_8638,2025-12-26 22:00:00,19547.999382019043,19656.000566482544,14738.68494997321
forecast_8639,2025-12-26 23:00:00,19547.999382019043,19547.999382019043,14568.361160893308
forecast_8640,2025-12-27 00:00:00,19547.999382019043,19547.999382019043,13899.44211652856
forecast_8641,2025-12-27 01:00:00,19547.999382019043,19656.000566482544,15118.97736460156
forecast_8642,2025-12-27 02:00:00,19547.999382019043,19656.000566482544,14746.396744409742
forecast_8643,2025-12-27 03:00:00,19547.999382019043,19223.99969100952,14674.16899440793
forecast_8644,2025-12-27 04:00:00,19547.999382019043,18792.000102996826,14306.01230098746
forecast_8645,2025-12-27 05:00:00,19547.999382019043,18684.000205993652,13360.465301267204
forecast_8646,2025-12-27 06:00:00,19547.999382019043,19007.999897003174,13989.039611232103
forecast_8647,2025-12-27 07:00:00,19547.999382019043,19007.999897003174,14440.082186653526
forecast_8648,2025-12-27 08:00:00,19547.999382019043,18468.000411987305,14273.272989396588
forecast_8649,2025-12-27 09:00:00,19439.99948501587,17819.999742507935,13239.94706895948
forecast_8650,2025-12-27 10:00:00,16739.99948501587,16523.99969100952,12229.059077425376
forecast_8651,2025-12-27 11:00:00,14903.999948501587,16631.999588012695,12767.577245758765
forecast_8652,2025-12-27 12:00:00,14796.000051498413,16847.999382019043,12791.013669545438
forecast_8653,2025-12-27 13:00:00,14796.000051498413,17064.000463485718,12560.51839515164
forecast_8654,2025-12-27 14:00:00,14796.000051498413,17280.000257492065,13063.94503494297
forecast_8655,2025-12-27 15:00:00,14796.000051498413,17280.000257492065,13819.615149604966
forecast_8656,2025-12-27 16:00:00,14796.000051498413,17064.000463485718,13628.64252157472
forecast_8657,2025-12-27 17:00:00,15443.999433517456,17496.000051498413,14877.6886437072
forecast_8658,2025-12-27 18:00:00,17388.00015449524,17927.99963951111,15573.941317220117
forecast_8659,2025-12-27 19:00:00,19547.999382019043,18576.00030899048,16754.85722687078
forecast_8660,2025-12-27 20:00:00,19547.999382019043,18035.999536514282,17239.108142798996
forecast_8661,2025-12-27 21:00:00,19547.999382019043,18576.00030899048,17072.989424346706
forecast_8662,2025-12-27 22:00:00,19547.999382019043,18684.000205993652,17149.68519985705
forecast_8663,2025-12-27 23:00:00,19547.999382019043,18576.00030899048,16634.557541253314
forecast_8664,2025-12-28 00:00:00,17064.000463485718,17927.99963951111,15286.611128279985
forecast_8665,2025-12-28 01:00:00,19547.999382019043,18900.0,16515.185698814767
forecast_8666,2025-12-28 02:00:00,19547.999382019043,19331.999588012695,17165.89193013645
forecast_8667,2025-12-28 03:00:00,19980.000257492065,19439.99948501587,17163.10472254561
forecast_8668,2025-12-28 04:00:00,19980.000257492065,19331.999588012695,17074.526232280674
forecast_8669,2025-12-28 05:00:00,19980.000257492065,19656.000566482544,17091.810646501315
forecast_8670,2025-12-28 06:00:00,19980.000257492065,19656.000566482544,16904.176080751527
forecast_8671,2025-12-28 07:00:00,19980.000257492065,19656.000566482544,16360.505493213836
forecast_8672,2025-12-28 08:00:00,19980.000257492065,19656.000566482544,15903.058086690498
forecast_8673,2025-12-28 09:00:00,19547.999382019043,19331.999588012695,15582.160563813142
forecast_8674,2025-12-28 10:00:00,19547.999382019043,18900.0,15232.518759055538
forecast_8675,2025-12-28 11:00:00,19547.999382019043,18143.999433517456,15041.94713097059
forecast_8676,2025-12-28 12:00:00,18143.999433517456,17172.00036048889,14386.56952844166
forecast_8677,2025-12-28 13:00:00,16307.999897003174,15768.000411987305,12504.843805254224
forecast_8678,2025-12-28 14:00:00,14796.000051498413,14364.000463485718,11668.061537196605
forecast_8679,2025-12-28 15:00:00,14472.000360488892,14903.999948501587,12578.342240862194
forecast_8680,2025-12-28 16:00:00,14796.000051498413,14903.999948501587,13338.691859396728
forecast_8681,2025-12-28 17:00:00,14688.00015449524,16200.0,14235.961619271604
forecast_8682,2025-12-28 18:00:00,18468.000411987305,16200.0,13530.015054608317
forecast_8683,2025-12-28 19:00:00,14039.99948501587,15552.000617980957,13048.284094536366
forecast_8684,2025-12-28 20:00:00,14688.00015449524,16200.0,13165.615704299062
forecast_8685,2025-12-28 21:00:00,19547.999382019043,17280.000257492065,14347.04542208839
forecast_8686,2025-12-28 22:00:00,18792.000102996826,17711.99984550476,14837.923810274637
forecast_8687,2025-12-28 23:00:00,18792.000102996826,18143.999433517456,15183.645911500042
forecast_8688,2025-12-29 00:00:00,19223.99969100952,18360.00051498413,15189.72167827826
forecast_8689,2025-12-29 01:00:00,19547.999382019043,18684.000205993652,16521.435758578154
forecast_8690,2025-12-29 02:00:00,19547.999382019043,18684.000205993652,16713.273926279508
forecast_8691,2025-12-29 03:00:00,19547.999382019043,18900.0,17081.67323438064
forecast_8692,2025-12-29 04:00:00,19331.999588012695,19439.99948501587,17397.578874109826
forecast_8693,2025-12-29 05:00:00,19331.999588012695,19547.999382019043,17788.863546673325
forecast_8694,2025-12-29 06:00:00,19331.999588012695,19547.999382019043,17617.3792405616
forecast_8695,2025-12-29 07:00:00,19331.999588012695,19439.99948501587,17702.836901454328
forecast_8696,2025-12-29 08:00:00,19331.999588012695,19439.99948501587,17303.77946648497
forecast_8697,2025-12-29 09:00:00,19223.99969100952,19223.99969100952,17405.280467270644
forecast_8698,2025-12-29 10:00:00,19223.99969100952,18792.000102996826,17318.2666758612
forecast_8699,2025-12-29 11:00:00,19223.99969100952,18900.0,17076.889195032876
forecast_8700,2025-12-29 12:00:00,18792.000102996826,19115.999794006348,17307.39214164857
forecast_8701,2025-12-29 13:00:00,18792.000102996826,19007.999897003174,16464.433310840413
forecast_8702,2025-12-29 14:00:00,18468.000411987305,18900.0,16719.769546664003
forecast_8703,2025-12-29 15:00:00,18252.000617980957,18576.00030899048,15928.031169893497
forecast_8704,2025-12-29 16:00:00,18360.00051498413,18143.999433517456,15599.812741824802
forecast_8705,2025-12-29 17:00:00,18252.000617980957,18360.00051498413,15369.812548360918
forecast_8706,2025-12-29 18:00:00,19439.99948501587,18143.999433517456,15660.942727252808
forecast_8707,2025-12-29 19:00:00,18684.000205993652,17711.99984550476,15206.8325188717
forecast_8708,2025-12-29 20:00:00,17388.00015449524,17172.00036048889,14651.725073829688
forecast_8709,2025-12-29 21:00:00,14688.00015449524,16847.999382019043,14196.686563112477
forecast_8710,2025-12-29 22:00:00,14688.00015449524,16415.999794006348,13157.907529122667
forecast_8711,2025-12-29 23:00:00,14688.00015449524,15876.000308990479,12564.243941026993
forecast_8712,2025-12-30 00:00:00,14688.00015449524,15011.99984550476,11905.861506290452
forecast_8713,2025-12-30 01:00:00,13176.000308990479,14796.000051498413,9710.717821124288
forecast_8714,2025-12-30 02:00:00,13176.000308990479,14903.999948501587,9971.855365548532
forecast_8715,2025-12-30 03:00:00,13068.000411987305,14688.00015449524,11050.982869200985
forecast_8716,2025-12-30 04:00:00,14147.999382019043,14903.999948501587,11540.945319916817
forecast_8717,2025-12-30 05:00:00,14147.999382019043,14903.999948501587,10797.226733311833
forecast_8718,2025-12-30 06:00:00,13823.999691009521,15227.999639511108,10445.33783312523
forecast_8719,2025-12-30 07:00:00,13068.000411987305,15011.99984550476,10208.13598663663
forecast_8720,2025-12-30 08:00:00,12852.000617980957,13823.999691009521,8977.731170571842
forecast_8721,2025-12-30 09:00:00,12635.999536514282,13392.000102996826,8334.539879079945
forecast_8722,2025-12-30 10:00:00,10476.000308990479,10044.00007724762,5627.798675699661
forecast_8723,2025-12-30 11:00:00,10476.000308990479,9396.000051498413,6110.511030544994
forecast_8724,2025-12-30 12:00:00,12096.000051498413,9719.999742507935,6818.090668876164
forecast_8725,2025-12-30 13:00:00,12096.000051498413,11988.00015449524,8255.991963724422
forecast_8726,2025-12-30 14:00:00,13715.999794006348,12096.000051498413,8466.648947117736
forecast_8727,2025-12-30 15:00:00,14147.999382019043,12419.999742507935,8779.851262054694
forecast_8728,2025-12-30 16:00:00,14580.000257492065,12743.999433517456,9219.738822237325
forecast_8729,2025-12-30 17:00:00,14256.000566482544,12743.999433517456,8590.36866032432
forecast_8730,2025-12-30 18:00:00,14256.000566482544,13068.000411987305,8940.131358869688
forecast_8731,2025-12-30 19:00:00,14256.000566482544,13500.0,9843.5510553818
forecast_8732,2025-12-30 20:00:00,14256.000566482544,13823.999691009521,10220.548746105942
forecast_8733,2025-12-30 21:00:00,14688.00015449524,15011.99984550476,11560.970210621146
forecast_8734,2025-12-30 22:00:00,15443.999433517456,15984.000205993652,12565.95196633404
forecast_8735,2025-12-30 23:00:00,15443.999433517456,16307.999897003174,12424.33463920404
forecast_8736,2025-12-31 00:00:00,14688.00015449524,17172.00036048889,12785.029274760323
forecast_8737,2025-12-31 01:00:00,16200.0,17819.999742507935,13895.573059438622
forecast_8738,2025-12-31 02:00:00,16847.999382019043,18035.999536514282,14455.558501764554
forecast_8739,2025-12-31 03:00:00,16847.999382019043,17927.99963951111,14151.675551264583
forecast_8740,2025-12-31 04:00:00,16847.999382019043,17927.99963951111,14074.07592485726
forecast_8741,2025-12-31 05:00:00,15768.000411987305,17927.99963951111,13176.622954711249
forecast_8742,2025-12-31 06:00:00,15443.999433517456,17927.99963951111,12942.48113596912
forecast_8743,2025-12-31 07:00:00,14688.00015449524,17819.999742507935,12912.667266446637
forecast_8744,2025-12-31 08:00:00,14688.00015449524,17172.00036048889,11777.3271250049
forecast_8745,2025-12-31 09:00:00,14796.000051498413,15552.000617980957,10807.473071846252
forecast_8746,2025-12-31 10:00:00,13715.999794006348,13931.999588012695,9450.274664925488
forecast_8747,2025-12-31 11:00:00,11447.999382019043,11880.000257492065,8079.239569307094
forecast_8748,2025-12-31 12:00:00,11447.999382019043,10367.999768257141,7945.91462683846
forecast_8749,2025-12-31 13:00:00,10907.999897003174,9828.000283241272,6977.005122322708
forecast_8750,2025-12-31 14:00:00,10476.000308990479,9828.000283241272,7000.253518884527
forecast_8751,2025-12-31 15:00:00,11339.99948501587,10476.000308990479,7251.303645673864
forecast_8752,2025-12-31 16:00:00,12527.999639511108,10800.0,7604.665799618821
forecast_8753,2025-12-31 17:00:00,11339.99948501587,10476.000308990479,7326.660205093046
forecast_8754,2025-12-31 18:00:00,12527.999639511108,12311.99984550476,8416.833810077944
forecast_8755,2025-12-31 19:00:00,13392.000102996826,13823.999691009521,9748.537571461446
forecast_8756,2025-12-31 20:00:00,12960.00051498413,15011.99984550476,11148.038572166348
forecast_8757,2025-12-31 21:00:00,13823.999691009521,15984.000205993652,11534.081071791596
forecast_8758,2025-12-31 22:00:00,16307.999897003174,16739.99948501587,12404.86053283484
forecast_8759,2025-12-31 23:00:00,16307.999897003174,17388.00015449524,12906.73346022956
forecast_8760,2026-01-01 00:00:00,16307.999897003174,17388.00015449524,12495.823194824634
