forecast_id,forecast_kst_dtm,kpx_group_1,kpx_group_2,kpx_group_3
forecast_0001,2025-01-01 01:00:00,19547.999382019043,18992.878828183573,16998.333858485083
forecast_0002,2025-01-01 02:00:00,19547.999382019043,18979.821398461954,16950.51282745877
forecast_0003,2025-01-01 03:00:00,17388.00015449524,18432.55290975714,16324.318494979125
forecast_0004,2025-01-01 04:00:00,19547.999382019043,18113.600987205256,15265.195802459804
forecast_0005,2025-01-01 05:00:00,19547.999382019043,17788.646541083235,15191.147452271738
forecast_0006,2025-01-01 06:00:00,17388.00015449524,17370.722524996567,14860.027995628025
forecast_0007,2025-01-01 07:00:00,17388.00015449524,14912.477252339519,13439.998518844875
forecast_0008,2025-01-01 08:00:00,17064.000463485718,14884.136057477634,12982.663939397971
forecast_0009,2025-01-01 09:00:00,15768.000411987305,15237.450599233362,12965.104091473928
forecast_0010,2025-01-01 10:00:00,15119.999742507935,15663.855167989668,12840.812122761174
forecast_0011,2025-01-01 11:00:00,14796.000051498413,15306.654305150732,13017.90046069247
forecast_0012,2025-01-01 12:00:00,14796.000051498413,14899.48759583371,12840.22079334217
forecast_0013,2025-01-01 13:00:00,15119.999742507935,14998.336189029958,12533.147475679032
forecast_0014,2025-01-01 14:00:00,15660.00051498413,14810.436937979153,11944.080067797137
forecast_0015,2025-01-01 15:00:00,15119.999742507935,13585.32500735322,11440.7604321674
forecast_0016,2025-01-01 16:00:00,14796.000051498413,13965.23290871492,11354.265486742475
forecast_0017,2025-01-01 17:00:00,14796.000051498413,14060.740719698004,12092.252203452354
forecast_0018,2025-01-01 18:00:00,14688.00015449524,14590.371909430041,12399.945855544524
forecast_0019,2025-01-01 19:00:00,15768.000411987305,14865.42927907442,12797.97597413894
forecast_0020,2025-01-01 20:00:00,18576.00030899048,16378.634732464738,14068.25668102711
forecast_0021,2025-01-01 21:00:00,19223.99969100952,16921.072835603736,14876.64128389008
forecast_0022,2025-01-01 22:00:00,18900.0,16789.839267436164,14922.184868792736
forecast_0023,2025-01-01 23:00:00,18360.00051498413,16917.18512388716,14949.894258923652
forecast_0024,2025-01-02 00:00:00,18035.999536514282,16756.116938498257,14704.878410653077
forecast_0025,2025-01-02 01:00:00,16307.999897003174,15779.13963481915,11992.62174146472
forecast_0026,2025-01-02 02:00:00,16092.000102996826,15716.312865946726,11926.938004566466
forecast_0027,2025-01-02 03:00:00,13931.999588012695,14830.410594630293,10573.464539255445
forecast_0028,2025-01-02 04:00:00,13931.999588012695,14119.78842246444,9812.355965293194
forecast_0029,2025-01-02 05:00:00,13176.000308990479,12561.240976647732,8980.255593963278
forecast_0030,2025-01-02 06:00:00,10044.00007724762,10994.219336943592,8389.466359184335
forecast_0031,2025-01-02 07:00:00,10044.00007724762,10677.2932263126,8086.815923079962
forecast_0032,2025-01-02 08:00:00,10044.00007724762,9283.633823699733,6948.420098155254
forecast_0033,2025-01-02 09:00:00,10259.999871253967,8762.180902077069,5894.030192444108
forecast_0034,2025-01-02 10:00:00,7559.999871253967,6980.452253756336,4401.99276972528
forecast_0035,2025-01-02 11:00:00,5075.999987125397,5966.511415840193,3236.439167826787
forecast_0036,2025-01-02 12:00:00,6155.99992275238,5673.674335203465,3004.8540583193226
forecast_0037,2025-01-02 13:00:00,5940.000128746033,4568.0702504165365,2850.1063965926364
forecast_0038,2025-01-02 14:00:00,6696.000051498413,4666.204285010314,3352.834688666534
forecast_0039,2025-01-02 15:00:00,10044.00007724762,6028.914758257046,4468.901153489839
forecast_0040,2025-01-02 16:00:00,10476.000308990479,7280.786794662071,5138.252146059393
forecast_0041,2025-01-02 17:00:00,12096.000051498413,8764.564041012956,6337.661477218172
forecast_0042,2025-01-02 18:00:00,13392.000102996826,10605.79925813497,7549.1707691870715
forecast_0043,2025-01-02 19:00:00,14364.000463485718,13160.475487002526,9517.834299817365
forecast_0044,2025-01-02 20:00:00,13931.999588012695,12926.789785604444,9575.1975826241
forecast_0045,2025-01-02 21:00:00,13500.0,13680.51423991122,9739.98207449277
forecast_0046,2025-01-02 22:00:00,13500.0,13504.228443590544,10343.962466904672
forecast_0047,2025-01-02 23:00:00,13931.999588012695,14496.934026359648,11178.2131970166
forecast_0048,2025-01-03 00:00:00,13500.0,14823.374484004436,11748.30195983771
forecast_0049,2025-01-03 01:00:00,14256.000566482544,15321.17457516285,11565.677155665164
forecast_0050,2025-01-03 02:00:00,14256.000566482544,14744.120296528092,10789.724380342202
forecast_0051,2025-01-03 03:00:00,14364.000463485718,14956.701214955128,10407.66200960022
forecast_0052,2025-01-03 04:00:00,14256.000566482544,15276.965100798085,10739.56113126985
forecast_0053,2025-01-03 05:00:00,14256.000566482544,15159.521840712228,10849.03876622617
forecast_0054,2025-01-03 06:00:00,14256.000566482544,14378.197610626588,10157.01743217149
forecast_0055,2025-01-03 07:00:00,14256.000566482544,13955.610199984021,8853.341652709696
forecast_0056,2025-01-03 08:00:00,14688.00015449524,13144.965463564344,9876.713771543802
forecast_0057,2025-01-03 09:00:00,14147.999382019043,12814.45413034218,9962.845577454911
forecast_0058,2025-01-03 10:00:00,13500.0,11685.369515766595,10123.72631362122
forecast_0059,2025-01-03 11:00:00,13715.999794006348,11941.511937895182,9561.77472173646
forecast_0060,2025-01-03 12:00:00,13715.999794006348,11559.122536185305,9043.917093466822
forecast_0061,2025-01-03 13:00:00,14147.999382019043,11427.212285812975,9122.491143224215
forecast_0062,2025-01-03 14:00:00,14147.999382019043,11752.459068227192,9524.71598236535
forecast_0063,2025-01-03 15:00:00,14688.00015449524,12377.093683359795,9833.81407938923
forecast_0064,2025-01-03 16:00:00,14688.00015449524,12376.451105006821,10407.0959931648
forecast_0065,2025-01-03 17:00:00,14688.00015449524,12475.29061453585,10563.598674484569
forecast_0066,2025-01-03 18:00:00,13931.999588012695,12070.154654156977,8981.29075929874
forecast_0067,2025-01-03 19:00:00,13607.999897003174,13218.339434033362,10697.86244643786
forecast_0068,2025-01-03 20:00:00,14688.00015449524,14061.188764974162,11925.842943050173
forecast_0069,2025-01-03 21:00:00,16200.0,14717.221063650624,12566.87009185242
forecast_0070,2025-01-03 22:00:00,16200.0,15852.726878896754,13416.923118620763
forecast_0071,2025-01-03 23:00:00,16200.0,16024.73897055082,13757.814174282066
forecast_0072,2025-01-04 00:00:00,16307.999897003174,16810.136545114714,13706.732745168929
forecast_0073,2025-01-04 01:00:00,17388.00015449524,16447.531445217523,14462.176499964417
forecast_0074,2025-01-04 02:00:00,16200.0,16524.867860905488,14380.799282619972
forecast_0075,2025-01-04 03:00:00,16200.0,17074.555970561487,13954.912793298674
forecast_0076,2025-01-04 04:00:00,16307.999897003174,16807.231589392453,13534.371494310815
forecast_0077,2025-01-04 05:00:00,19007.999897003174,17207.665988244516,13613.470362186836
forecast_0078,2025-01-04 06:00:00,19547.999382019043,17146.430883380275,13643.937874348096
forecast_0079,2025-01-04 07:00:00,19223.99969100952,17038.979084111896,12593.700220846316
forecast_0080,2025-01-04 08:00:00,18576.00030899048,16236.577262185829,11425.188773001091
forecast_0081,2025-01-04 09:00:00,15552.000617980957,15578.119125705523,10790.693372888158
forecast_0082,2025-01-04 10:00:00,13931.999588012695,14012.33369269521,9019.160989247976
forecast_0083,2025-01-04 11:00:00,10692.000102996826,12437.23347190051,8213.626122267442
forecast_0084,2025-01-04 12:00:00,11447.999382019043,11440.919173315746,8378.77393398474
forecast_0085,2025-01-04 13:00:00,11556.000566482544,10346.452457829882,8574.34163017914
forecast_0086,2025-01-04 14:00:00,14688.00015449524,10779.676368641283,8781.358657888071
forecast_0087,2025-01-04 15:00:00,15552.000617980957,10424.391220564765,9104.69921209223
forecast_0088,2025-01-04 16:00:00,15984.000205993652,11191.219998936102,10179.232305817746
forecast_0089,2025-01-04 17:00:00,16200.0,12670.297845732406,11111.74712084793
forecast_0090,2025-01-04 18:00:00,16739.99948501587,14206.4310001111,12434.46156294459
forecast_0091,2025-01-04 19:00:00,17064.000463485718,14423.54607870094,12913.6104328163
forecast_0092,2025-01-04 20:00:00,19547.999382019043,16326.342833559062,13786.780677417555
forecast_0093,2025-01-04 21:00:00,18576.00030899048,16451.673176909484,13655.736523293825
forecast_0094,2025-01-04 22:00:00,19547.999382019043,17264.630052125958,14818.044703948535
forecast_0095,2025-01-04 23:00:00,19547.999382019043,17396.379561977887,15776.11982813575
forecast_0096,2025-01-05 00:00:00,19980.000257492065,17875.450304239846,16469.465161149994
forecast_0097,2025-01-05 01:00:00,19547.999382019043,16906.443355970594,14064.065949888804
forecast_0098,2025-01-05 02:00:00,19439.99948501587,16631.741148207515,13810.259545258725
forecast_0099,2025-01-05 03:00:00,19439.99948501587,16660.05600974924,13924.742544163615
forecast_0100,2025-01-05 04:00:00,18035.999536514282,16149.613992576707,13650.949896219556
forecast_0101,2025-01-05 05:00:00,14472.000360488892,15484.808715570178,11859.708694250994
forecast_0102,2025-01-05 06:00:00,14256.000566482544,14717.414626948475,10248.137336222417
forecast_0103,2025-01-05 07:00:00,14256.000566482544,14697.430155069093,9903.3909354252
forecast_0104,2025-01-05 08:00:00,14688.00015449524,14700.556981621838,10426.336942268194
forecast_0105,2025-01-05 09:00:00,14688.00015449524,14731.282980110136,10569.852620943617
forecast_0106,2025-01-05 10:00:00,14580.000257492065,15231.60416686056,11326.086222095188
forecast_0107,2025-01-05 11:00:00,18360.00051498413,15789.928516743035,13646.59747755831
forecast_0108,2025-01-05 12:00:00,17064.000463485718,15515.323380471713,13793.637118609688
forecast_0109,2025-01-05 13:00:00,14796.000051498413,15520.818795945055,13892.474395622176
forecast_0110,2025-01-05 14:00:00,13392.000102996826,14940.251481524716,13154.277677223334
forecast_0111,2025-01-05 15:00:00,13823.999691009521,15253.360484213328,13190.310799440254
forecast_0112,2025-01-05 16:00:00,14039.99948501587,14731.434787597593,11497.053618817914
forecast_0113,2025-01-05 17:00:00,13500.0,13780.741762252994,9856.530245628948
forecast_0114,2025-01-05 18:00:00,12096.000051498413,13706.081101953629,10656.637613437806
forecast_0115,2025-01-05 19:00:00,14472.000360488892,14242.38168360538,12359.551656769625
forecast_0116,2025-01-05 20:00:00,15227.999639511108,15130.108701431836,13382.69197459503
forecast_0117,2025-01-05 21:00:00,17388.00015449524,14814.90883143775,12411.361566455127
forecast_0118,2025-01-05 22:00:00,17064.000463485718,14753.187161169391,13106.27284097307
forecast_0119,2025-01-05 23:00:00,14472.000360488892,14225.46704813152,12708.913642852098
forecast_0120,2025-01-06 00:00:00,13500.0,13875.285380522486,11828.05300917704
forecast_0121,2025-01-06 01:00:00,12311.99984550476,11890.38285656655,8992.757297156884
forecast_0122,2025-01-06 02:00:00,12311.99984550476,11292.04737721024,9009.789312701025
forecast_0123,2025-01-06 03:00:00,11231.999588012695,10701.136410752117,8542.187991755674
forecast_0124,2025-01-06 04:00:00,10476.000308990479,10094.40550460269,8068.308948503251
forecast_0125,2025-01-06 05:00:00,9503.999948501587,7726.432501142076,5358.66761511772
forecast_0126,2025-01-06 06:00:00,4859.999871253967,5407.162681998842,3913.297100687694
forecast_0127,2025-01-06 07:00:00,4320.000064373016,5153.4663652014015,4012.8746444384897
forecast_0128,2025-01-06 08:00:00,4320.000064373016,4804.071585237198,3775.0852679077407
forecast_0129,2025-01-06 09:00:00,4859.999871253967,5917.168985796483,4121.962836600804
forecast_0130,2025-01-06 10:00:00,4427.99996137619,6051.457668772649,4939.318599604234
forecast_0131,2025-01-06 11:00:00,6263.999819755554,6665.889321906019,5041.623296075858
forecast_0132,2025-01-06 12:00:00,6696.000051498413,6179.118766807696,4798.0690192868815
forecast_0133,2025-01-06 13:00:00,7451.9999742507935,6861.866898035069,5200.516446180115
forecast_0134,2025-01-06 14:00:00,7451.9999742507935,6467.209660779562,4708.511420321711
forecast_0135,2025-01-06 15:00:00,7884.000205993652,6741.145076767916,5200.636876688303
forecast_0136,2025-01-06 16:00:00,9719.999742507935,8470.515766221557,6895.412667021627
forecast_0137,2025-01-06 17:00:00,12096.000051498413,10030.047983708986,7994.067486055797
forecast_0138,2025-01-06 18:00:00,13068.000411987305,12284.736742221008,10742.479960400062
forecast_0139,2025-01-06 19:00:00,14688.00015449524,14047.399005309277,12238.170228742338
forecast_0140,2025-01-06 20:00:00,14688.00015449524,15156.62471517477,13044.983950829
forecast_0141,2025-01-06 21:00:00,14688.00015449524,14831.624788082026,13252.66189188998
forecast_0142,2025-01-06 22:00:00,14688.00015449524,16054.280538728555,13627.32849028652
forecast_0143,2025-01-06 23:00:00,15119.999742507935,16391.014830231772,14457.140467675134
forecast_0144,2025-01-07 00:00:00,15119.999742507935,17224.774443518094,14865.102035765638
forecast_0145,2025-01-07 01:00:00,18360.00051498413,17736.17592067983,16289.951052245193
forecast_0146,2025-01-07 02:00:00,19115.999794006348,18052.10709030553,16111.964196525463
forecast_0147,2025-01-07 03:00:00,19115.999794006348,18181.25147231444,16425.209934969524
forecast_0148,2025-01-07 04:00:00,18468.000411987305,17383.410510293594,15759.584556975273
forecast_0149,2025-01-07 05:00:00,17280.000257492065,17056.701740846693,16018.447702806538
forecast_0150,2025-01-07 06:00:00,17280.000257492065,17397.032777875906,15459.842193230725
forecast_0151,2025-01-07 07:00:00,16631.999588012695,17736.398985263037,15492.192231314497
forecast_0152,2025-01-07 08:00:00,16200.0,17595.11013982624,14835.978987212542
forecast_0153,2025-01-07 09:00:00,17388.00015449524,17351.17355363437,14406.66278957649
forecast_0154,2025-01-07 10:00:00,17388.00015449524,17342.89524466418,13722.216368925412
forecast_0155,2025-01-07 11:00:00,17388.00015449524,17435.910147053823,13747.829787858622
forecast_0156,2025-01-07 12:00:00,16847.999382019043,17126.60676779666,13779.87753458586
forecast_0157,2025-01-07 13:00:00,16200.0,16823.699283192836,13662.38602561828
forecast_0158,2025-01-07 14:00:00,16200.0,16580.272444904982,13289.65654694369
forecast_0159,2025-01-07 15:00:00,16200.0,16714.189011449766,13394.193279309806
forecast_0160,2025-01-07 16:00:00,16200.0,16452.42813419875,13766.309646683148
forecast_0161,2025-01-07 17:00:00,16200.0,16350.89128634264,13596.365438556888
forecast_0162,2025-01-07 18:00:00,17388.00015449524,16791.676578597773,14280.197251094283
forecast_0163,2025-01-07 19:00:00,17388.00015449524,17462.19983915756,16170.148588725098
forecast_0164,2025-01-07 20:00:00,18360.00051498413,18147.225116228863,17019.14043390036
forecast_0165,2025-01-07 21:00:00,18468.000411987305,18184.82569265268,16829.489037858035
forecast_0166,2025-01-07 22:00:00,18468.000411987305,18357.00725944068,16829.294542381962
forecast_0167,2025-01-07 23:00:00,18468.000411987305,18320.21361662431,16314.194424554275
forecast_0168,2025-01-08 00:00:00,18360.00051498413,17575.614792815122,15375.87437603752
forecast_0169,2025-01-08 01:00:00,18360.00051498413,17433.048786172658,15062.125310583531
forecast_0170,2025-01-08 02:00:00,18360.00051498413,17169.6755168812,14710.096421885204
forecast_0171,2025-01-08 03:00:00,18360.00051498413,17243.112974009273,14819.817513515474
forecast_0172,2025-01-08 04:00:00,18360.00051498413,16539.79917973743,13556.268520892709
forecast_0173,2025-01-08 05:00:00,16847.999382019043,16241.344577648417,13501.54682262844
forecast_0174,2025-01-08 06:00:00,16956.000566482544,16468.366940048494,13948.006474369466
forecast_0175,2025-01-08 07:00:00,15768.000411987305,16010.317836389971,14075.016899304328
forecast_0176,2025-01-08 08:00:00,15443.999433517456,16178.82120983488,13872.32767146183
forecast_0177,2025-01-08 09:00:00,15768.000411987305,16166.14058262876,14427.332855206056
forecast_0178,2025-01-08 10:00:00,17388.00015449524,16295.368437610678,14423.300656441264
forecast_0179,2025-01-08 11:00:00,18035.999536514282,16696.140023073967,14443.017338373107
forecast_0180,2025-01-08 12:00:00,18252.000617980957,17050.497095281575,15130.131478629422
forecast_0181,2025-01-08 13:00:00,18252.000617980957,17109.63805218954,14650.625254510216
forecast_0182,2025-01-08 14:00:00,17819.999742507935,16996.961239965414,15014.873613870494
forecast_0183,2025-01-08 15:00:00,17819.999742507935,17136.161361332433,14756.6904424872
forecast_0184,2025-01-08 16:00:00,17064.000463485718,16635.741173815968,14278.297938562444
forecast_0185,2025-01-08 17:00:00,16200.0,16504.035674058232,13983.875950553838
forecast_0186,2025-01-08 18:00:00,17280.000257492065,16738.0950161016,14457.909921697576
forecast_0187,2025-01-08 19:00:00,18252.000617980957,17167.360871715442,14660.741439368194
forecast_0188,2025-01-08 20:00:00,18360.00051498413,17396.818558760373,14909.37557200925
forecast_0189,2025-01-08 21:00:00,17388.00015449524,17352.63587912806,14983.602055990565
forecast_0190,2025-01-08 22:00:00,17280.000257492065,17324.71450245045,14936.094470449552
forecast_0191,2025-01-08 23:00:00,17388.00015449524,17737.429940940474,14994.341487077068
forecast_0192,2025-01-09 00:00:00,17280.000257492065,18186.29230263655,15542.57974518255
forecast_0193,2025-01-09 01:00:00,16200.0,17201.990206448376,13714.532193204956
forecast_0194,2025-01-09 02:00:00,17064.000463485718,17253.208728490732,13596.436048224594
forecast_0195,2025-01-09 03:00:00,18252.000617980957,17287.06137248118,13102.926819773818
forecast_0196,2025-01-09 04:00:00,18252.000617980957,17292.932237420184,13205.784681413275
forecast_0197,2025-01-09 05:00:00,17280.000257492065,17156.611809239967,12936.346029409722
forecast_0198,2025-01-09 06:00:00,17064.000463485718,16955.54066389537,12458.901222988037
forecast_0199,2025-01-09 07:00:00,15768.000411987305,16487.267904122724,11794.820309562085
forecast_0200,2025-01-09 08:00:00,15768.000411987305,16094.319716373073,11714.110496645755
forecast_0201,2025-01-09 09:00:00,15768.000411987305,16402.36365728544,11636.48624953912
forecast_0202,2025-01-09 10:00:00,15768.000411987305,16545.450594392747,12398.867589644657
forecast_0203,2025-01-09 11:00:00,15768.000411987305,16733.34049842771,12592.737329983223
forecast_0204,2025-01-09 12:00:00,15768.000411987305,16440.387543435754,12428.931864095774
forecast_0205,2025-01-09 13:00:00,15768.000411987305,16197.218855072648,12024.443059431003
forecast_0206,2025-01-09 14:00:00,15768.000411987305,16426.73983242551,12512.878212326892
forecast_0207,2025-01-09 15:00:00,15768.000411987305,15601.988946486728,11852.818034729107
forecast_0208,2025-01-09 16:00:00,15768.000411987305,14686.322103814931,11363.144616380856
forecast_0209,2025-01-09 17:00:00,15119.999742507935,15670.277914983062,11530.849060948907
forecast_0210,2025-01-09 18:00:00,14796.000051498413,15570.82490681818,11901.487944246355
forecast_0211,2025-01-09 19:00:00,16415.999794006348,16020.399153985412,12063.10188225391
forecast_0212,2025-01-09 20:00:00,17172.00036048889,16432.990162553062,11514.070354320864
forecast_0213,2025-01-09 21:00:00,19547.999382019043,18196.87988370542,12775.158710984368
forecast_0214,2025-01-09 22:00:00,19547.999382019043,19545.9502651796,15429.971207206732
forecast_0215,2025-01-09 23:00:00,19980.000257492065,20037.35949548075,16848.55545416969
forecast_0216,2025-01-10 00:00:00,19980.000257492065,20101.58638354367,17023.57162739894
forecast_0217,2025-01-10 01:00:00,15443.999433517456,14867.529338955634,10311.74473799989
forecast_0218,2025-01-10 02:00:00,15984.000205993652,16830.447908455648,11590.680617919532
forecast_0219,2025-01-10 03:00:00,18035.999536514282,17507.039944723077,13382.660328183923
forecast_0220,2025-01-10 04:00:00,19547.999382019043,17441.4588041702,13979.565014201728
forecast_0221,2025-01-10 05:00:00,19547.999382019043,16771.217096022414,14188.228343907866
forecast_0222,2025-01-10 06:00:00,19547.999382019043,16640.656292284675,13242.200914690864
forecast_0223,2025-01-10 07:00:00,19547.999382019043,15571.62284527023,11869.73937712345
forecast_0224,2025-01-10 08:00:00,15552.000617980957,11620.896927327944,8908.34851366073
forecast_0225,2025-01-10 09:00:00,11231.999588012695,9374.00421552607,7558.271415562958
forecast_0226,2025-01-10 10:00:00,10044.00007724762,6526.429579610474,5537.203726899765
forecast_0227,2025-01-10 11:00:00,4859.999871253967,4761.050509788015,3903.880779822922
forecast_0228,2025-01-10 12:00:00,3888.0001544952393,4010.8828838982618,3572.4261068969877
forecast_0229,2025-01-10 13:00:00,3888.0001544952393,3748.298272873325,2915.784856201765
forecast_0230,2025-01-10 14:00:00,3888.0001544952393,3768.3084045302394,3048.8867405145625
forecast_0231,2025-01-10 15:00:00,3888.0001544952393,3928.5234600513872,3313.546928273948
forecast_0232,2025-01-10 16:00:00,4211.999845504761,3933.997563239805,3274.518518840038
forecast_0233,2025-01-10 17:00:00,7451.9999742507935,4629.225357517315,3670.8958956515817
forecast_0234,2025-01-10 18:00:00,9828.000283241272,6335.738262133426,5165.994816948804
forecast_0235,2025-01-10 19:00:00,9611.99984550476,7713.54199392867,5591.739827069001
forecast_0236,2025-01-10 20:00:00,10044.00007724762,8573.495138732591,6155.270955108987
forecast_0237,2025-01-10 21:00:00,10044.00007724762,8633.663433802561,6390.500793278646
forecast_0238,2025-01-10 22:00:00,11231.999588012695,8714.04365825207,6432.228507644194
forecast_0239,2025-01-10 23:00:00,10044.00007724762,8491.04747363114,6542.8787865858985
forecast_0240,2025-01-11 00:00:00,10044.00007724762,8580.004003302089,6871.93290362762
forecast_0241,2025-01-11 01:00:00,10044.00007724762,8432.951860861493,7265.581977050475
forecast_0242,2025-01-11 02:00:00,10044.00007724762,8693.649937574015,7724.705207455366
forecast_0243,2025-01-11 03:00:00,10044.00007724762,8386.623393864129,8154.975585077862
forecast_0244,2025-01-11 04:00:00,12852.000617980957,9244.192603671498,8009.723672503204
forecast_0245,2025-01-11 05:00:00,13284.000205993652,9078.624874661617,7948.931950141136
forecast_0246,2025-01-11 06:00:00,10044.00007724762,8286.31975279096,7069.068735870265
forecast_0247,2025-01-11 07:00:00,7128.000283241272,8257.972144670955,6608.308284853636
forecast_0248,2025-01-11 08:00:00,6048.0000257492065,7288.069013216332,6399.787133103316
forecast_0249,2025-01-11 09:00:00,7776.0003089904785,6569.312492151331,5839.539549683025
forecast_0250,2025-01-11 10:00:00,4968.000090122223,4610.42825316587,4224.228111163013
forecast_0251,2025-01-11 11:00:00,3996.000051498413,3923.063309871761,3295.930194986562
forecast_0252,2025-01-11 12:00:00,3888.0001544952393,3476.1441452511585,2999.6827822354376
forecast_0253,2025-01-11 13:00:00,3888.0001544952393,3608.927974756217,2671.157948325821
forecast_0254,2025-01-11 14:00:00,3888.0001544952393,3544.229519725998,2890.2171963253963
forecast_0255,2025-01-11 15:00:00,3888.0001544952393,3084.4088056512755,2101.761480857714
forecast_0256,2025-01-11 16:00:00,3888.0001544952393,3175.0388886692685,1926.1586607437039
forecast_0257,2025-01-11 17:00:00,5615.999794006348,3949.381687488724,2721.7221658645085
forecast_0258,2025-01-11 18:00:00,9828.000283241272,5792.99392740128,5008.539690325002
forecast_0259,2025-01-11 19:00:00,11231.999588012695,7797.112322447617,5667.881737350015
forecast_0260,2025-01-11 20:00:00,12852.000617980957,8528.54261913259,5876.038669172711
forecast_0261,2025-01-11 21:00:00,13284.000205993652,9355.54984355726,6376.681648723518
forecast_0262,2025-01-11 22:00:00,13500.0,10824.392799433885,7944.852299432092
forecast_0263,2025-01-11 23:00:00,15984.000205993652,11883.540737047728,9576.506270203488
forecast_0264,2025-01-12 00:00:00,16847.999382019043,12437.613240359786,9980.872523586935
forecast_0265,2025-01-12 01:00:00,13284.000205993652,9639.293984017246,7234.398267274647
forecast_0266,2025-01-12 02:00:00,13284.000205993652,10911.856270550525,7487.847723372166
forecast_0267,2025-01-12 03:00:00,13500.0,12115.727498812144,8925.04576047252
forecast_0268,2025-01-12 04:00:00,15552.000617980957,13208.332352666934,10615.072045940853
forecast_0269,2025-01-12 05:00:00,15984.000205993652,13839.563671596425,10584.094409980757
forecast_0270,2025-01-12 06:00:00,17172.00036048889,14334.648039619304,11252.666034141295
forecast_0271,2025-01-12 07:00:00,17603.999948501587,14437.1881449038,11440.033747988631
forecast_0272,2025-01-12 08:00:00,17603.999948501587,12954.621978493331,9906.370477890485
forecast_0273,2025-01-12 09:00:00,17927.99963951111,13874.325061870926,10122.39539557101
forecast_0274,2025-01-12 10:00:00,13823.999691009521,11509.548522987114,8944.002350548471
forecast_0275,2025-01-12 11:00:00,13068.000411987305,12118.681064327777,8404.74695567793
forecast_0276,2025-01-12 12:00:00,10584.000205993652,9809.372234264483,6061.288241853001
forecast_0277,2025-01-12 13:00:00,10151.999974250793,8519.184329098784,6327.777274602443
forecast_0278,2025-01-12 14:00:00,11447.999382019043,9516.758824165376,6896.234983899967
forecast_0279,2025-01-12 15:00:00,11447.999382019043,9700.505123233275,7609.359032340712
forecast_0280,2025-01-12 16:00:00,11447.999382019043,11299.907964764187,8742.869345449684
forecast_0281,2025-01-12 17:00:00,14364.000463485718,13080.358561055205,10359.59268250247
forecast_0282,2025-01-12 18:00:00,16415.999794006348,14931.620647547974,11237.335805808596
forecast_0283,2025-01-12 19:00:00,18360.00051498413,16184.039414811785,11204.18570282829
forecast_0284,2025-01-12 20:00:00,18468.000411987305,16317.805929330245,11143.286698789503
forecast_0285,2025-01-12 21:00:00,19223.99969100952,16607.697568049785,11412.882278136272
forecast_0286,2025-01-12 22:00:00,19547.999382019043,17361.058097291912,12537.790193094314
forecast_0287,2025-01-12 23:00:00,18468.000411987305,17060.987253724335,12153.539771473907
forecast_0288,2025-01-13 00:00:00,19547.999382019043,17419.713275300124,13633.310954534398
forecast_0289,2025-01-13 01:00:00,19980.000257492065,18635.460270974847,15587.953734587334
forecast_0290,2025-01-13 02:00:00,19980.000257492065,19540.40722303648,17125.673294075987
forecast_0291,2025-01-13 03:00:00,19980.000257492065,19894.76879380856,17268.527509246254
forecast_0292,2025-01-13 04:00:00,19980.000257492065,20294.115876766657,18165.39019145358
forecast_0293,2025-01-13 05:00:00,19980.000257492065,20526.234518544057,18425.03263821249
forecast_0294,2025-01-13 06:00:00,19980.000257492065,20775.388194786585,18546.721680451057
forecast_0295,2025-01-13 07:00:00,19980.000257492065,20617.598535237128,17834.554899612547
forecast_0296,2025-01-13 08:00:00,19980.000257492065,20011.721532433865,16659.031924113093
forecast_0297,2025-01-13 09:00:00,19547.999382019043,20106.68341188514,16750.477150867984
forecast_0298,2025-01-13 10:00:00,19547.999382019043,19410.44851832911,16673.508673985743
forecast_0299,2025-01-13 11:00:00,19547.999382019043,18727.21463176424,16156.698878645166
forecast_0300,2025-01-13 12:00:00,18035.999536514282,17883.920087225666,13876.970114441076
forecast_0301,2025-01-13 13:00:00,14796.000051498413,16334.32681216012,11853.32798836378
forecast_0302,2025-01-13 14:00:00,14796.000051498413,14228.611794723902,10621.813900522666
forecast_0303,2025-01-13 15:00:00,14472.000360488892,13522.72080481911,10915.024098448766
forecast_0304,2025-01-13 16:00:00,14796.000051498413,14789.158428936596,12401.089669676165
forecast_0305,2025-01-13 17:00:00,14688.00015449524,14998.881336089453,12171.835333336669
forecast_0306,2025-01-13 18:00:00,14256.000566482544,14985.703350315269,11368.3341792766
forecast_0307,2025-01-13 19:00:00,14364.000463485718,16530.265898304468,13462.828728866158
forecast_0308,2025-01-13 20:00:00,15119.999742507935,17679.2862077684,14642.381656831589
forecast_0309,2025-01-13 21:00:00,16092.000102996826,17933.44184344769,15012.512101225064
forecast_0310,2025-01-13 22:00:00,19331.999588012695,18274.23245039421,15800.225059857195
forecast_0311,2025-01-13 23:00:00,18792.000102996826,18526.33616591144,16026.051351214186
forecast_0312,2025-01-14 00:00:00,19331.999588012695,19217.356538358683,17366.024214120993
forecast_0313,2025-01-14 01:00:00,18792.000102996826,18991.591748921222,17179.17775709345
forecast_0314,2025-01-14 02:00:00,18792.000102996826,19062.36040476183,17450.58966050101
forecast_0315,2025-01-14 03:00:00,18900.0,19002.98508898801,17745.6346366655
forecast_0316,2025-01-14 04:00:00,19331.999588012695,19057.339452782864,17704.653893830884
forecast_0317,2025-01-14 05:00:00,19331.999588012695,18929.43305920641,17650.36995084419
forecast_0318,2025-01-14 06:00:00,18792.000102996826,19084.794582361425,17793.339698327072
forecast_0319,2025-01-14 07:00:00,18792.000102996826,19123.184384920856,17784.75768498912
forecast_0320,2025-01-14 08:00:00,18468.000411987305,18563.282680950502,16521.35888431242
forecast_0321,2025-01-14 09:00:00,18684.000205993652,18369.64845974668,15992.227688483285
forecast_0322,2025-01-14 10:00:00,18468.000411987305,17355.318838001134,15460.294214996948
forecast_0323,2025-01-14 11:00:00,18252.000617980957,16906.686581639955,14719.96319518322
forecast_0324,2025-01-14 12:00:00,17819.999742507935,15827.550161532645,14058.526576830338
forecast_0325,2025-01-14 13:00:00,17819.999742507935,15371.875518702878,13702.502960881078
forecast_0326,2025-01-14 14:00:00,16092.000102996826,14594.28067867647,13355.30178765499
forecast_0327,2025-01-14 15:00:00,15660.00051498413,13996.480286127888,12635.371795353793
forecast_0328,2025-01-14 16:00:00,15119.999742507935,13720.779306354247,11966.69824480754
forecast_0329,2025-01-14 17:00:00,14364.000463485718,13666.47907865742,10894.905339452383
forecast_0330,2025-01-14 18:00:00,14364.000463485718,13680.899329746548,10652.553435513011
forecast_0331,2025-01-14 19:00:00,14364.000463485718,14108.799447059033,11010.35755408218
forecast_0332,2025-01-14 20:00:00,14364.000463485718,14097.144867321627,10910.663303452135
forecast_0333,2025-01-14 21:00:00,14688.00015449524,13748.482637338251,10932.2850786795
forecast_0334,2025-01-14 22:00:00,14688.00015449524,15064.942371004774,12490.427392752936
forecast_0335,2025-01-14 23:00:00,14688.00015449524,14400.944689917156,10879.42108353596
forecast_0336,2025-01-15 00:00:00,14688.00015449524,14212.658247819809,11162.410500681744
forecast_0337,2025-01-15 01:00:00,14688.00015449524,14409.026074821846,10925.76790565798
forecast_0338,2025-01-15 02:00:00,14580.000257492065,13802.77944655747,11002.031511416708
forecast_0339,2025-01-15 03:00:00,14147.999382019043,12870.731471031984,9143.525162535743
forecast_0340,2025-01-15 04:00:00,13715.999794006348,13580.32198088712,8547.263533063877
forecast_0341,2025-01-15 05:00:00,14147.999382019043,13734.794835856515,9285.865342610088
forecast_0342,2025-01-15 06:00:00,14147.999382019043,14174.826447274,10200.444885858706
forecast_0343,2025-01-15 07:00:00,14688.00015449524,14878.15906205179,11572.619130735604
forecast_0344,2025-01-15 08:00:00,14688.00015449524,14659.227183618985,11502.146847739836
forecast_0345,2025-01-15 09:00:00,14796.000051498413,15274.717046916032,11484.6471509436
forecast_0346,2025-01-15 10:00:00,14796.000051498413,13937.168791805649,10915.25765416232
forecast_0347,2025-01-15 11:00:00,14256.000566482544,13689.00228307375,11158.050174275804
forecast_0348,2025-01-15 12:00:00,14796.000051498413,13362.115622247376,10571.193744412025
forecast_0349,2025-01-15 13:00:00,13715.999794006348,13152.434774718184,10264.878150939896
forecast_0350,2025-01-15 14:00:00,12096.000051498413,11565.852988711737,9272.935736112086
forecast_0351,2025-01-15 15:00:00,12096.000051498413,12095.68735017481,8778.992402751992
forecast_0352,2025-01-15 16:00:00,12096.000051498413,12475.88706294596,9035.114769088732
forecast_0353,2025-01-15 17:00:00,13715.999794006348,13914.50458277389,10831.656895766791
forecast_0354,2025-01-15 18:00:00,14364.000463485718,15576.869238039675,12849.697136335784
forecast_0355,2025-01-15 19:00:00,14688.00015449524,16574.404969925323,13476.288412803562
forecast_0356,2025-01-15 20:00:00,14688.00015449524,16788.39569795733,13518.62621984133
forecast_0357,2025-01-15 21:00:00,16200.0,18183.80949157718,14268.16306980679
forecast_0358,2025-01-15 22:00:00,19547.999382019043,19210.115894679857,15549.28714262553
forecast_0359,2025-01-15 23:00:00,19547.999382019043,19596.78938952214,16720.55241756562
forecast_0360,2025-01-16 00:00:00,19547.999382019043,19621.079500479893,16386.827278427085
forecast_0361,2025-01-16 01:00:00,19547.999382019043,19492.81809314124,14845.279612796276
forecast_0362,2025-01-16 02:00:00,19547.999382019043,19665.91305607325,16025.589489537944
forecast_0363,2025-01-16 03:00:00,19980.000257492065,19929.88010955372,16924.70878908539
forecast_0364,2025-01-16 04:00:00,19980.000257492065,19537.31464903348,16900.828725858504
forecast_0365,2025-01-16 05:00:00,19980.000257492065,19637.20412080473,17102.219587756776
forecast_0366,2025-01-16 06:00:00,19980.000257492065,19639.486656747147,17380.15781264089
forecast_0367,2025-01-16 07:00:00,19980.000257492065,19738.52328921736,17617.280869498612
forecast_0368,2025-01-16 08:00:00,19980.000257492065,19706.304563992584,17668.45316172712
forecast_0369,2025-01-16 09:00:00,19980.000257492065,19915.53598688689,17974.740364595094
forecast_0370,2025-01-16 10:00:00,19980.000257492065,20131.21965072817,18342.09450201488
forecast_0371,2025-01-16 11:00:00,19980.000257492065,19696.792652482603,17908.52421730144
forecast_0372,2025-01-16 12:00:00,19547.999382019043,18850.832259175186,16744.39820532846
forecast_0373,2025-01-16 13:00:00,19547.999382019043,18317.758269939928,16332.757825102171
forecast_0374,2025-01-16 14:00:00,19439.99948501587,18080.28398029632,16252.89601523159
forecast_0375,2025-01-16 15:00:00,18684.000205993652,18035.54065966936,15421.60919451738
forecast_0376,2025-01-16 16:00:00,18035.999536514282,17789.447425787435,15118.546634851027
forecast_0377,2025-01-16 17:00:00,18468.000411987305,17785.99337549623,15771.041181345432
forecast_0378,2025-01-16 18:00:00,19331.999588012695,18325.38822791765,16483.303025388585
forecast_0379,2025-01-16 19:00:00,19439.99948501587,17417.428096735282,15023.75317456917
forecast_0380,2025-01-16 20:00:00,14796.000051498413,13354.994631060094,11596.073421059544
forecast_0381,2025-01-16 21:00:00,13823.999691009521,11531.019733795418,9308.553039861494
forecast_0382,2025-01-16 22:00:00,13392.000102996826,11967.846470227643,8620.66919220477
forecast_0383,2025-01-16 23:00:00,10800.0,8739.32594948569,6399.473341334759
forecast_0384,2025-01-17 00:00:00,5615.999794006348,5346.631223957044,5003.977232466224
forecast_0385,2025-01-17 01:00:00,4427.99996137619,4151.402256548564,3592.377874127585
forecast_0386,2025-01-17 02:00:00,3888.0001544952393,4119.621405730232,3344.631088806391
forecast_0387,2025-01-17 03:00:00,3888.0001544952393,3585.801074773639,2819.6250922239165
forecast_0388,2025-01-17 04:00:00,3888.0001544952393,3346.301805077327,3080.847728355312
forecast_0389,2025-01-17 05:00:00,3779.9999356269836,3109.791663372401,2689.727876060323
forecast_0390,2025-01-17 06:00:00,3779.9999356269836,3063.719304778489,2482.5230603750706
forecast_0391,2025-01-17 07:00:00,3888.0001544952393,3387.121158324226,2772.33917314623
forecast_0392,2025-01-17 08:00:00,3888.0001544952393,3547.160919511033,3323.2654918367843
forecast_0393,2025-01-17 09:00:00,3888.0001544952393,3448.013206521756,3192.2546493598657
forecast_0394,2025-01-17 10:00:00,3888.0001544952393,3235.315789596906,2728.458523236921
forecast_0395,2025-01-17 11:00:00,3888.0001544952393,3285.8996668294294,2832.233414658784
forecast_0396,2025-01-17 12:00:00,3888.0001544952393,3323.6726197891253,2914.731095208699
forecast_0397,2025-01-17 13:00:00,3888.0001544952393,3323.7223468078714,2910.549255622306
forecast_0398,2025-01-17 14:00:00,3888.0001544952393,3795.0954824685123,2935.085834127003
forecast_0399,2025-01-17 15:00:00,3888.0001544952393,3863.187941522724,3257.367355604408
forecast_0400,2025-01-17 16:00:00,3888.0001544952393,4063.157007442004,3381.151236993817
forecast_0401,2025-01-17 17:00:00,4751.9999742507935,4921.217126047342,4418.790299773961
forecast_0402,2025-01-17 18:00:00,5075.999987125397,6403.964718121061,5549.197431940055
forecast_0403,2025-01-17 19:00:00,10044.00007724762,8286.068429955763,6984.353083346939
forecast_0404,2025-01-17 20:00:00,12852.000617980957,9972.541024296208,7852.899319139357
forecast_0405,2025-01-17 21:00:00,15119.999742507935,11658.519696620062,8615.514736358242
forecast_0406,2025-01-17 22:00:00,16631.999588012695,13799.675908265674,10394.159619128402
forecast_0407,2025-01-17 23:00:00,16739.99948501587,13867.035733762235,10690.519038096149
forecast_0408,2025-01-18 00:00:00,17172.00036048889,14256.584817374214,10779.272550862712
forecast_0409,2025-01-18 01:00:00,15984.000205993652,12525.831787438616,9975.899151727785
forecast_0410,2025-01-18 02:00:00,16847.999382019043,12565.853305221295,9304.639480172653
forecast_0411,2025-01-18 03:00:00,18468.000411987305,13814.912783862344,10942.643774584589
forecast_0412,2025-01-18 04:00:00,19223.99969100952,14460.14800839153,11478.224814725692
forecast_0413,2025-01-18 05:00:00,19439.99948501587,14734.80778256474,11661.78024670512
forecast_0414,2025-01-18 06:00:00,18252.000617980957,13321.616535724375,10796.586376438592
forecast_0415,2025-01-18 07:00:00,17388.00015449524,11830.78587644677,10010.88765341066
forecast_0416,2025-01-18 08:00:00,12960.00051498413,8745.102947145318,6698.9862797856895
forecast_0417,2025-01-18 09:00:00,6155.99992275238,6008.713410843056,4612.355172750655
forecast_0418,2025-01-18 10:00:00,5075.999987125397,5005.481428539293,3860.141274935182
forecast_0419,2025-01-18 11:00:00,4103.999948501587,4701.501434258185,3732.757389184153
forecast_0420,2025-01-18 12:00:00,6371.999716758728,5096.00057365466,3722.6512343731615
forecast_0421,2025-01-18 13:00:00,5940.000128746033,4390.680031714649,2672.3985761437507
forecast_0422,2025-01-18 14:00:00,4968.000090122223,4261.300702154605,3232.690579580812
forecast_0423,2025-01-18 15:00:00,3888.0001544952393,4775.648905562725,3646.102138713438
forecast_0424,2025-01-18 16:00:00,6155.99992275238,5308.049864811211,3976.032914540412
forecast_0425,2025-01-18 17:00:00,10907.999897003174,8826.224528713354,6983.400166443224
forecast_0426,2025-01-18 18:00:00,17388.00015449524,12397.763135565165,8874.509860234875
forecast_0427,2025-01-18 19:00:00,19331.999588012695,14914.429483975931,11287.700771796266
forecast_0428,2025-01-18 20:00:00,19980.000257492065,16336.871332676164,13292.845471425971
forecast_0429,2025-01-18 21:00:00,19980.000257492065,17884.541472332625,14245.965953935684
forecast_0430,2025-01-18 22:00:00,19980.000257492065,18834.63660581909,15496.265176014967
forecast_0431,2025-01-18 23:00:00,19547.999382019043,18556.287538145465,14495.447989676171
forecast_0432,2025-01-19 00:00:00,19547.999382019043,18459.071783752413,13833.914799363976
forecast_0433,2025-01-19 01:00:00,19547.999382019043,17456.46231669342,12372.31451069745
forecast_0434,2025-01-19 02:00:00,19547.999382019043,18008.493701729953,12455.80685076739
forecast_0435,2025-01-19 03:00:00,19980.000257492065,18714.02010149506,13807.355984016938
forecast_0436,2025-01-19 04:00:00,19980.000257492065,19020.096428248184,15081.393717047404
forecast_0437,2025-01-19 05:00:00,19980.000257492065,19228.44112557736,15532.194519277862
forecast_0438,2025-01-19 06:00:00,19980.000257492065,19421.365667029444,15683.884304242849
forecast_0439,2025-01-19 07:00:00,19980.000257492065,19370.667553917,15957.619840843196
forecast_0440,2025-01-19 08:00:00,19980.000257492065,18723.80812235839,14762.260346054965
forecast_0441,2025-01-19 09:00:00,19547.999382019043,18255.238166173443,13620.681493433083
forecast_0442,2025-01-19 10:00:00,19547.999382019043,16320.26605592713,11766.173215207624
forecast_0443,2025-01-19 11:00:00,13500.0,14100.320408916064,10269.53903485906
forecast_0444,2025-01-19 12:00:00,13500.0,12456.780645934872,8597.777627472611
forecast_0445,2025-01-19 13:00:00,11772.000360488892,10552.47129609284,8135.594753142088
forecast_0446,2025-01-19 14:00:00,10259.999871253967,9323.567681088316,7025.8410171699525
forecast_0447,2025-01-19 15:00:00,10151.999974250793,7980.653018439065,5615.297843518577
forecast_0448,2025-01-19 16:00:00,9828.000283241272,7809.299880039716,5423.434150130319
forecast_0449,2025-01-19 17:00:00,10584.000205993652,9235.61223675476,6952.637290380452
forecast_0450,2025-01-19 18:00:00,11664.000463485718,10398.060575691376,7876.667567061414
forecast_0451,2025-01-19 19:00:00,13392.000102996826,12991.963155180414,8856.580179519682
forecast_0452,2025-01-19 20:00:00,12960.00051498413,12964.260257136397,8346.861235747609
forecast_0453,2025-01-19 21:00:00,14039.99948501587,12727.570487451763,8116.96026946489
forecast_0454,2025-01-19 22:00:00,14256.000566482544,12844.626262777709,8670.517174256333
forecast_0455,2025-01-19 23:00:00,14039.99948501587,12345.033611893605,9305.535019760237
forecast_0456,2025-01-20 00:00:00,12311.99984550476,10976.330215956712,8718.676419978055
forecast_0457,2025-01-20 01:00:00,11664.000463485718,8424.863709272657,5437.864612527884
forecast_0458,2025-01-20 02:00:00,7451.9999742507935,7923.501943610238,5069.901945471239
forecast_0459,2025-01-20 03:00:00,6263.999819755554,6487.65601766755,4322.417336492017
forecast_0460,2025-01-20 04:00:00,6263.999819755554,5858.644873312729,4272.648358306971
forecast_0461,2025-01-20 05:00:00,5615.999794006348,4570.553803599823,3708.0674974122353
forecast_0462,2025-01-20 06:00:00,4103.999948501587,3308.5208596110015,3221.194574784882
forecast_0463,2025-01-20 07:00:00,3888.0001544952393,3226.638981751407,2956.7081150742165
forecast_0464,2025-01-20 08:00:00,3888.0001544952393,3104.831217293456,2861.788026030794
forecast_0465,2025-01-20 09:00:00,3888.0001544952393,3159.057597162026,2887.19631723607
forecast_0466,2025-01-20 10:00:00,3779.9999356269836,2825.8932021041232,2217.999729068176
forecast_0467,2025-01-20 11:00:00,3779.9999356269836,2538.745516912285,1766.1950858659357
forecast_0468,2025-01-20 12:00:00,3564.000141620636,2422.574221426697,1719.8599562827928
forecast_0469,2025-01-20 13:00:00,3564.000141620636,2566.008206425676,1823.97998424372
forecast_0470,2025-01-20 14:00:00,3564.000141620636,2722.602800518712,1787.7918317989709
forecast_0471,2025-01-20 15:00:00,3564.000141620636,2650.071613370934,2125.008808874362
forecast_0472,2025-01-20 16:00:00,3564.000141620636,2774.085118051359,2082.5470506503325
forecast_0473,2025-01-20 17:00:00,3564.000141620636,2772.937896532764,2220.9799877562914
forecast_0474,2025-01-20 18:00:00,3348.0000257492065,2661.002452915576,2518.183126363452
forecast_0475,2025-01-20 19:00:00,3455.9999227523804,3004.731272627162,2598.339966879665
forecast_0476,2025-01-20 20:00:00,3455.9999227523804,3385.750622833867,2853.6158298429264
forecast_0477,2025-01-20 21:00:00,3779.9999356269836,3351.8647010109903,2935.5664127477257
forecast_0478,2025-01-20 22:00:00,3888.0001544952393,3509.87380193798,2916.0930753344137
forecast_0479,2025-01-20 23:00:00,3888.0001544952393,3305.1634446684325,2861.3668423114987
forecast_0480,2025-01-21 00:00:00,3888.0001544952393,3531.0434136630693,2976.389792632107
forecast_0481,2025-01-21 01:00:00,3888.0001544952393,3601.0018517776216,2890.4105067314217
forecast_0482,2025-01-21 02:00:00,3888.0001544952393,3591.521750233904,3454.366505472536
forecast_0483,2025-01-21 03:00:00,4427.99996137619,3525.5719914772303,3629.523297418326
forecast_0484,2025-01-21 04:00:00,4427.99996137619,3655.657079158423,3595.912292661396
forecast_0485,2025-01-21 05:00:00,4859.999871253967,3808.92142335597,3213.5291624689858
forecast_0486,2025-01-21 06:00:00,4859.999871253967,3459.682201231673,3427.5601337222256
forecast_0487,2025-01-21 07:00:00,4751.9999742507935,3726.551399319923,3483.3453502380676
forecast_0488,2025-01-21 08:00:00,4427.99996137619,3775.8016400722063,3542.4815034926787
forecast_0489,2025-01-21 09:00:00,3996.000051498413,3940.0668514860176,3404.40325605295
forecast_0490,2025-01-21 10:00:00,3888.0001544952393,3839.2382017499203,3269.4675153672715
forecast_0491,2025-01-21 11:00:00,3888.0001544952393,3424.3899823551037,3091.259837694939
forecast_0492,2025-01-21 12:00:00,3888.0001544952393,3473.757104541566,2999.706780546652
forecast_0493,2025-01-21 13:00:00,3888.0001544952393,3768.2753077677057,2877.2112353632992
forecast_0494,2025-01-21 14:00:00,3888.0001544952393,4049.2978961320955,2961.447621772342
forecast_0495,2025-01-21 15:00:00,4103.999948501587,4507.897933657756,3469.862648505243
forecast_0496,2025-01-21 16:00:00,4968.000090122223,4803.952589553725,4187.468131035511
forecast_0497,2025-01-21 17:00:00,6696.000051498413,6329.296669898242,4917.82279703407
forecast_0498,2025-01-21 18:00:00,10044.00007724762,8176.192321560066,6679.105664400903
forecast_0499,2025-01-21 19:00:00,11339.99948501587,10977.559824988248,9032.450871974424
forecast_0500,2025-01-21 20:00:00,13500.0,12721.476360742778,10050.486794768392
forecast_0501,2025-01-21 21:00:00,14580.000257492065,13704.682414589894,10831.058189171992
forecast_0502,2025-01-21 22:00:00,14472.000360488892,14123.179559704156,10817.737294412163
forecast_0503,2025-01-21 23:00:00,14147.999382019043,14443.687781672328,11384.563515555048
forecast_0504,2025-01-22 00:00:00,14147.999382019043,14355.971308675798,10347.66249368654
forecast_0505,2025-01-22 01:00:00,10044.00007724762,11780.97699730147,7194.947467730175
forecast_0506,2025-01-22 02:00:00,13176.000308990479,13199.843284072273,8713.306282274858
forecast_0507,2025-01-22 03:00:00,14147.999382019043,14978.026312965249,10805.51058439984
forecast_0508,2025-01-22 04:00:00,15227.999639511108,15477.744530873186,11139.167972419958
forecast_0509,2025-01-22 05:00:00,13500.0,15157.569904603102,11625.594990869566
forecast_0510,2025-01-22 06:00:00,17603.999948501587,15732.368109829524,12787.84289782808
forecast_0511,2025-01-22 07:00:00,16307.999897003174,14610.932629051347,12021.264007453705
forecast_0512,2025-01-22 08:00:00,16307.999897003174,13941.322090439035,12020.152878191371
forecast_0513,2025-01-22 09:00:00,15660.00051498413,13662.797625858124,11189.80158445372
forecast_0514,2025-01-22 10:00:00,15335.999536514282,12748.944349627487,9732.97233531867
forecast_0515,2025-01-22 11:00:00,13607.999897003174,11496.832952447783,8608.04585357404
forecast_0516,2025-01-22 12:00:00,11988.00015449524,9783.50860133001,7414.470942449318
forecast_0517,2025-01-22 13:00:00,11015.999794006348,8295.734200958283,5359.5521297648265
forecast_0518,2025-01-22 14:00:00,5615.999794006348,6828.572939537211,4356.539748128
forecast_0519,2025-01-22 15:00:00,5183.999884128571,5989.517488462633,3590.0229493288657
forecast_0520,2025-01-22 16:00:00,6155.99992275238,6596.514517851471,4807.384996628915
forecast_0521,2025-01-22 17:00:00,5615.999794006348,5826.15900363323,4480.499660021066
forecast_0522,2025-01-22 18:00:00,10907.999897003174,8812.681031682718,6530.18161431487
forecast_0523,2025-01-22 19:00:00,9396.000051498413,9110.729908626505,6284.14332078086
forecast_0524,2025-01-22 20:00:00,9071.999716758728,9786.056313124844,6697.40050376503
forecast_0525,2025-01-22 21:00:00,9071.999716758728,10611.4037692163,7434.360245022646
forecast_0526,2025-01-22 22:00:00,9071.999716758728,10716.624627722316,7144.554110954351
forecast_0527,2025-01-22 23:00:00,10151.999974250793,11243.93760874639,7695.007864351234
forecast_0528,2025-01-23 00:00:00,11231.999588012695,11569.01757066046,8052.506781095879
forecast_0529,2025-01-23 01:00:00,14580.000257492065,14903.51350752341,11652.472486160428
forecast_0530,2025-01-23 02:00:00,15119.999742507935,15006.708080910585,11754.83145926613
forecast_0531,2025-01-23 03:00:00,14688.00015449524,15196.402470767822,12122.756215219357
forecast_0532,2025-01-23 04:00:00,14688.00015449524,14974.128604061169,11754.774096320289
forecast_0533,2025-01-23 05:00:00,14256.000566482544,14752.245303005078,10937.1851814207
forecast_0534,2025-01-23 06:00:00,14256.000566482544,13876.456427852494,10095.047271650774
forecast_0535,2025-01-23 07:00:00,11231.999588012695,12664.337002693066,9279.109388062085
forecast_0536,2025-01-23 08:00:00,10367.999768257141,11312.61360981089,7819.692912767792
forecast_0537,2025-01-23 09:00:00,9071.999716758728,9409.57479902246,5687.353730284737
forecast_0538,2025-01-23 10:00:00,4427.99996137619,6747.6934729780405,4477.062127939256
forecast_0539,2025-01-23 11:00:00,3888.0001544952393,4879.879082600723,3692.576669426846
forecast_0540,2025-01-23 12:00:00,3888.0001544952393,4163.570435639962,3460.729616794148
forecast_0541,2025-01-23 13:00:00,3888.0001544952393,4003.313774683755,2789.6420620840595
forecast_0542,2025-01-23 14:00:00,3888.0001544952393,3638.0219318645095,2542.973995136642
forecast_0543,2025-01-23 15:00:00,3888.0001544952393,3452.98282161208,2339.550094640533
forecast_0544,2025-01-23 16:00:00,3888.0001544952393,3060.697938624829,2140.216011165682
forecast_0545,2025-01-23 17:00:00,3888.0001544952393,2901.907702153484,2005.59376572316
forecast_0546,2025-01-23 18:00:00,3888.0001544952393,3034.2962513785465,2803.2003178692426
forecast_0547,2025-01-23 19:00:00,3888.0001544952393,3575.7664080997943,3381.9890850618126
forecast_0548,2025-01-23 20:00:00,3888.0001544952393,3740.0712744465727,3515.7141239010484
forecast_0549,2025-01-23 21:00:00,3888.0001544952393,3517.761736483222,3476.129321189349
forecast_0550,2025-01-23 22:00:00,3888.0001544952393,3743.8455135012055,3489.9242387491254
forecast_0551,2025-01-23 23:00:00,4320.000064373016,3875.5559038470337,3782.824332010307
forecast_0552,2025-01-24 00:00:00,4320.000064373016,3764.442059825944,3273.65284948524
forecast_0553,2025-01-24 01:00:00,3888.0001544952393,2942.8074637593813,2765.1496878358103
forecast_0554,2025-01-24 02:00:00,3888.0001544952393,2924.634162643302,2793.0315161891403
forecast_0555,2025-01-24 03:00:00,4103.999948501587,2856.934747422248,2730.065509693102
forecast_0556,2025-01-24 04:00:00,4103.999948501587,2813.807621411908,2435.5288402962688
forecast_0557,2025-01-24 05:00:00,3779.9999356269836,2613.5158517181844,2458.6766575545207
forecast_0558,2025-01-24 06:00:00,3779.9999356269836,2577.814897783666,2305.1796063673028
forecast_0559,2025-01-24 07:00:00,3779.9999356269836,2596.496277306372,2410.460662957144
forecast_0560,2025-01-24 08:00:00,3455.9999227523804,2455.523023508822,2409.61148253911
forecast_0561,2025-01-24 09:00:00,3779.9999356269836,2526.665650671915,2305.612658766851
forecast_0562,2025-01-24 10:00:00,3672.00003862381,2340.6236743131803,2035.8026775026392
forecast_0563,2025-01-24 11:00:00,3779.9999356269836,2346.4596373345294,1988.1333663182115
forecast_0564,2025-01-24 12:00:00,3779.9999356269836,2359.20811097601,2001.6287517989565
forecast_0565,2025-01-24 13:00:00,3348.0000257492065,2419.5021201170784,2240.859042065751
forecast_0566,2025-01-24 14:00:00,3348.0000257492065,2452.5815593765783,2616.214587318241
forecast_0567,2025-01-24 15:00:00,3455.9999227523804,2428.703786862004,2162.120160081529
forecast_0568,2025-01-24 16:00:00,3348.0000257492065,2270.093218891447,2017.0439539636272
forecast_0569,2025-01-24 17:00:00,3455.9999227523804,2513.2682671273446,2306.37011455321
forecast_0570,2025-01-24 18:00:00,3564.000141620636,2910.0005602150936,2456.0264289502416
forecast_0571,2025-01-24 19:00:00,3888.0001544952393,3087.42523637506,2362.724954364583
forecast_0572,2025-01-24 20:00:00,4320.000064373016,3519.3885981459707,2889.8068553564904
forecast_0573,2025-01-24 21:00:00,3888.0001544952393,3727.465171456113,2771.5811907336724
forecast_0574,2025-01-24 22:00:00,4320.000064373016,4242.498278713361,2874.1753837277734
forecast_0575,2025-01-24 23:00:00,4211.999845504761,4701.5664727714375,3229.4985388901187
forecast_0576,2025-01-25 00:00:00,4859.999871253967,5917.220596939561,4353.1374964960505
forecast_0577,2025-01-25 01:00:00,3888.0001544952393,3755.99136245712,2957.3123336904728
forecast_0578,2025-01-25 02:00:00,3888.0001544952393,3951.42259087248,3023.271809202469
forecast_0579,2025-01-25 03:00:00,4859.999871253967,5176.601136857346,3564.9646152795167
forecast_0580,2025-01-25 04:00:00,6480.000257492065,7192.976492517143,4926.163343631518
forecast_0581,2025-01-25 05:00:00,6480.000257492065,6443.383834049907,4476.992490798511
forecast_0582,2025-01-25 06:00:00,6480.000257492065,6666.313683271242,4880.626895952194
forecast_0583,2025-01-25 07:00:00,6588.000154495239,7051.250984831301,4926.381731221005
forecast_0584,2025-01-25 08:00:00,4859.999871253967,6178.152269876952,4656.378576714435
forecast_0585,2025-01-25 09:00:00,4859.999871253967,6223.352273342275,4706.665673812286
forecast_0586,2025-01-25 10:00:00,4644.00007724762,5490.025409415968,4817.443575099659
forecast_0587,2025-01-25 11:00:00,4859.999871253967,5434.378167513262,4906.266971545724
forecast_0588,2025-01-25 12:00:00,3996.000051498413,4945.516237609494,4680.216874682184
forecast_0589,2025-01-25 13:00:00,3996.000051498413,4462.776721710054,4265.629648010625
forecast_0590,2025-01-25 14:00:00,3996.000051498413,4389.030468298855,4343.894687286206
forecast_0591,2025-01-25 15:00:00,3996.000051498413,4126.515273084734,3849.435758244364
forecast_0592,2025-01-25 16:00:00,3996.000051498413,4151.481012230356,3601.461183712998
forecast_0593,2025-01-25 17:00:00,4320.000064373016,4150.791217928186,3856.447536626255
forecast_0594,2025-01-25 18:00:00,4320.000064373016,4145.163708589241,4040.866371608404
forecast_0595,2025-01-25 19:00:00,4320.000064373016,4708.468474760775,4115.795017604612
forecast_0596,2025-01-25 20:00:00,4644.00007724762,4995.219282416738,4430.367812509996
forecast_0597,2025-01-25 21:00:00,6588.000154495239,6228.75688270724,4338.184296327536
forecast_0598,2025-01-25 22:00:00,7451.9999742507935,7835.871202983374,5666.746559896576
forecast_0599,2025-01-25 23:00:00,7451.9999742507935,8204.330326430525,5916.7380487187775
forecast_0600,2025-01-26 00:00:00,6588.000154495239,7647.238667001644,5854.145000191113
forecast_0601,2025-01-26 01:00:00,7451.9999742507935,8429.919095943731,6356.642184072622
forecast_0602,2025-01-26 02:00:00,6480.000257492065,7914.936228979057,5496.542846766024
forecast_0603,2025-01-26 03:00:00,6480.000257492065,7223.209001014801,5180.8806080724935
forecast_0604,2025-01-26 04:00:00,5940.000128746033,5825.505326455684,4336.231179863404
forecast_0605,2025-01-26 05:00:00,4968.000090122223,5446.626070518672,3911.2389100606906
forecast_0606,2025-01-26 06:00:00,4968.000090122223,5099.381146357173,3606.070457307579
forecast_0607,2025-01-26 07:00:00,4968.000090122223,5262.9618833401055,3408.6392346185185
forecast_0608,2025-01-26 08:00:00,3888.0001544952393,4397.911411661099,3002.6129615811733
forecast_0609,2025-01-26 09:00:00,3996.000051498413,3916.264920725773,2535.9388221396216
forecast_0610,2025-01-26 10:00:00,3888.0001544952393,3403.18314346864,2562.159683844336
forecast_0611,2025-01-26 11:00:00,3779.9999356269836,2790.2769340493605,2398.890009279563
forecast_0612,2025-01-26 12:00:00,3672.00003862381,2613.297463542339,2510.405992633659
forecast_0613,2025-01-26 13:00:00,3672.00003862381,2609.649910535816,2188.055861314419
forecast_0614,2025-01-26 14:00:00,3455.9999227523804,2500.1749478160805,2096.6394904274257
forecast_0615,2025-01-26 15:00:00,3779.9999356269836,2834.6044447746094,1955.490308641013
forecast_0616,2025-01-26 16:00:00,3779.9999356269836,2516.9482302873166,2067.9781201570668
forecast_0617,2025-01-26 17:00:00,3888.0001544952393,2578.9299815830764,2101.046686361463
forecast_0618,2025-01-26 18:00:00,3888.0001544952393,2447.77458302013,1868.4967779577848
forecast_0619,2025-01-26 19:00:00,3888.0001544952393,2513.66779830869,1834.772218535406
forecast_0620,2025-01-26 20:00:00,3779.9999356269836,2769.7323771216697,2302.395431781178
forecast_0621,2025-01-26 21:00:00,3888.0001544952393,2988.7106567639803,2395.552159603465
forecast_0622,2025-01-26 22:00:00,3888.0001544952393,3219.406303114546,2527.031798022721
forecast_0623,2025-01-26 23:00:00,3888.0001544952393,2905.620253748696,2482.688394229845
forecast_0624,2025-01-27 00:00:00,3779.9999356269836,3089.6683328182694,3020.4844082728846
forecast_0625,2025-01-27 01:00:00,3888.0001544952393,2915.480154082789,3204.8851498067243
forecast_0626,2025-01-27 02:00:00,3888.0001544952393,2841.539744193628,3150.7184058616467
forecast_0627,2025-01-27 03:00:00,3888.0001544952393,2897.9910822667684,3036.2390990137114
forecast_0628,2025-01-27 04:00:00,3888.0001544952393,3502.139473128856,3251.7319752318954
forecast_0629,2025-01-27 05:00:00,3888.0001544952393,3166.42485027309,3475.656831702669
forecast_0630,2025-01-27 06:00:00,3888.0001544952393,3655.5912574147724,3502.4742386011194
forecast_0631,2025-01-27 07:00:00,3888.0001544952393,4120.914483123294,3849.894991502592
forecast_0632,2025-01-27 08:00:00,4320.000064373016,4291.45638355227,3817.331653923902
forecast_0633,2025-01-27 09:00:00,3888.0001544952393,4634.93064591066,4445.4643167589975
forecast_0634,2025-01-27 10:00:00,3888.0001544952393,5256.19514751165,4246.842641024247
forecast_0635,2025-01-27 11:00:00,4644.00007724762,6528.882807309973,4277.202944035527
forecast_0636,2025-01-27 12:00:00,7128.000283241272,10359.892649760312,6438.311183924906
forecast_0637,2025-01-27 13:00:00,13068.000411987305,13670.696707650224,9750.55546600395
forecast_0638,2025-01-27 14:00:00,15119.999742507935,15484.682851676758,13040.047797761792
forecast_0639,2025-01-27 15:00:00,18468.000411987305,17469.58760740883,15593.697623114422
forecast_0640,2025-01-27 16:00:00,18684.000205993652,17972.43383568446,16487.982582749435
forecast_0641,2025-01-27 17:00:00,17927.99963951111,17750.715734157176,16275.515720790449
forecast_0642,2025-01-27 18:00:00,19331.999588012695,17304.563401096253,15704.202341140332
forecast_0643,2025-01-27 19:00:00,19331.999588012695,16925.378824225772,14976.993892697665
forecast_0644,2025-01-27 20:00:00,19547.999382019043,16566.523636133046,15346.812317811293
forecast_0645,2025-01-27 21:00:00,18360.00051498413,16728.74728400947,15180.022522968602
forecast_0646,2025-01-27 22:00:00,18468.000411987305,17098.793477072864,15662.631667353966
forecast_0647,2025-01-27 23:00:00,18252.000617980957,17101.828854306335,15666.102590205135
forecast_0648,2025-01-28 00:00:00,18468.000411987305,17350.17501558067,15253.560640589489
forecast_0649,2025-01-28 01:00:00,18035.999536514282,17385.411298611783,15944.008210370544
forecast_0650,2025-01-28 02:00:00,18252.000617980957,17610.37286581553,15847.029092884675
forecast_0651,2025-01-28 03:00:00,18468.000411987305,17310.818191193717,17121.022309101085
forecast_0652,2025-01-28 04:00:00,18468.000411987305,17382.624370599242,16401.775002116377
forecast_0653,2025-01-28 05:00:00,18468.000411987305,17553.704028694043,16516.902523420787
forecast_0654,2025-01-28 06:00:00,18468.000411987305,17571.867767810225,16691.42157298963
forecast_0655,2025-01-28 07:00:00,18468.000411987305,17610.391177272195,16726.195537131778
forecast_0656,2025-01-28 08:00:00,18252.000617980957,17189.59461976342,15798.163027619668
forecast_0657,2025-01-28 09:00:00,18468.000411987305,17228.637631828406,16111.144195753215
forecast_0658,2025-01-28 10:00:00,18468.000411987305,16907.104258626365,15850.599852040326
forecast_0659,2025-01-28 11:00:00,18468.000411987305,16289.936357910185,15664.206030147998
forecast_0660,2025-01-28 12:00:00,18468.000411987305,16419.162862414963,15349.042395151504
forecast_0661,2025-01-28 13:00:00,18252.000617980957,15934.68499062534,15163.748670810472
forecast_0662,2025-01-28 14:00:00,18468.000411987305,15854.346519675952,14719.296732401925
forecast_0663,2025-01-28 15:00:00,18035.999536514282,15988.510194359938,14375.612580110774
forecast_0664,2025-01-28 16:00:00,18035.999536514282,16245.77421330288,14774.380810841769
forecast_0665,2025-01-28 17:00:00,17819.999742507935,15995.240837053307,14557.783456601404
forecast_0666,2025-01-28 18:00:00,17388.00015449524,16428.82166966409,14829.09315317384
forecast_0667,2025-01-28 19:00:00,17388.00015449524,16740.972803863213,15621.629418915656
forecast_0668,2025-01-28 20:00:00,18035.999536514282,16972.224333183534,16051.954689270968
forecast_0669,2025-01-28 21:00:00,18035.999536514282,17130.077489235926,16360.714673392366
forecast_0670,2025-01-28 22:00:00,18252.000617980957,17578.68131454801,16850.731433283698
forecast_0671,2025-01-28 23:00:00,18035.999536514282,17492.112940602998,16810.189933181697
forecast_0672,2025-01-29 00:00:00,17927.99963951111,17111.987543987743,16681.173254361376
forecast_0673,2025-01-29 01:00:00,18684.000205993652,16612.506853899566,15847.330639748276
forecast_0674,2025-01-29 02:00:00,18684.000205993652,17039.65763318998,16548.827647433784
forecast_0675,2025-01-29 03:00:00,19331.999588012695,17112.656288048172,16542.669223547284
forecast_0676,2025-01-29 04:00:00,19331.999588012695,17058.22319227039,16274.92598614385
forecast_0677,2025-01-29 05:00:00,19547.999382019043,17193.81538466033,16213.021521472783
forecast_0678,2025-01-29 06:00:00,19547.999382019043,17169.1498251793,16230.539116162729
forecast_0679,2025-01-29 07:00:00,19547.999382019043,17320.131986920875,16438.955759138647
forecast_0680,2025-01-29 08:00:00,19331.999588012695,17314.22328795286,16462.028638965054
forecast_0681,2025-01-29 09:00:00,19331.999588012695,17427.77390320557,16599.90649433908
forecast_0682,2025-01-29 10:00:00,19331.999588012695,17150.746216809068,16378.895855095609
forecast_0683,2025-01-29 11:00:00,19007.999897003174,16463.644049709565,15726.249812300364
forecast_0684,2025-01-29 12:00:00,19007.999897003174,16401.1642340132,15080.128991673142
forecast_0685,2025-01-29 13:00:00,18035.999536514282,16314.617350153596,15628.133321536614
forecast_0686,2025-01-29 14:00:00,18035.999536514282,15968.813811673284,14774.978731523783
forecast_0687,2025-01-29 15:00:00,17388.00015449524,15521.980136069787,14551.742825616884
forecast_0688,2025-01-29 16:00:00,16200.0,14967.92821749571,14288.86225585197
forecast_0689,2025-01-29 17:00:00,16200.0,14512.66048686853,13298.299976179123
forecast_0690,2025-01-29 18:00:00,15768.000411987305,14453.602508830381,12416.152782290415
forecast_0691,2025-01-29 19:00:00,17064.000463485718,14989.226827357976,12793.637760304176
forecast_0692,2025-01-29 20:00:00,16631.999588012695,15199.791527350217,12607.560247830444
forecast_0693,2025-01-29 21:00:00,16200.0,15327.210377646368,12981.196593331331
forecast_0694,2025-01-29 22:00:00,16200.0,15650.922435416112,12772.328756979125
forecast_0695,2025-01-29 23:00:00,16200.0,15527.9541369269,11913.131726853844
forecast_0696,2025-01-30 00:00:00,17064.000463485718,15806.192239595985,11636.935030590785
forecast_0697,2025-01-30 01:00:00,16307.999897003174,16436.122110693414,13391.56103862597
forecast_0698,2025-01-30 02:00:00,17064.000463485718,17180.286850200355,13721.05046997202
forecast_0699,2025-01-30 03:00:00,17280.000257492065,17272.11214176698,13680.519343336622
forecast_0700,2025-01-30 04:00:00,17280.000257492065,17109.72374415968,13247.619380710665
forecast_0701,2025-01-30 05:00:00,17280.000257492065,16809.669713008087,12987.63817186283
forecast_0702,2025-01-30 06:00:00,17280.000257492065,16845.80360988798,13240.238827835596
forecast_0703,2025-01-30 07:00:00,17388.00015449524,16785.156244281534,13544.566801839426
forecast_0704,2025-01-30 08:00:00,17388.00015449524,16714.4487084612,13572.341191823936
forecast_0705,2025-01-30 09:00:00,17388.00015449524,16837.61647075751,13625.711250650069
forecast_0706,2025-01-30 10:00:00,17388.00015449524,16212.327731452331,12897.105233582832
forecast_0707,2025-01-30 11:00:00,16200.0,15748.751153372816,12674.884307540913
forecast_0708,2025-01-30 12:00:00,16200.0,15094.610925500976,12591.74429994569
forecast_0709,2025-01-30 13:00:00,16200.0,14256.16341777311,11865.23207313155
forecast_0710,2025-01-30 14:00:00,15768.000411987305,13791.823046952715,11388.415161132269
forecast_0711,2025-01-30 15:00:00,15768.000411987305,13983.442144709219,11278.946374519208
forecast_0712,2025-01-30 16:00:00,15552.000617980957,13810.780580483484,11403.380461072888
forecast_0713,2025-01-30 17:00:00,15119.999742507935,14615.706805874051,12365.702894678838
forecast_0714,2025-01-30 18:00:00,15660.00051498413,15722.839286837554,12999.487391338753
forecast_0715,2025-01-30 19:00:00,14688.00015449524,15337.480694884913,13009.860675406611
forecast_0716,2025-01-30 20:00:00,15443.999433517456,15731.956233847955,14015.47400155092
forecast_0717,2025-01-30 21:00:00,16200.0,15637.086107754518,14109.359544405455
forecast_0718,2025-01-30 22:00:00,16200.0,15893.279087248657,14161.01558327031
forecast_0719,2025-01-30 23:00:00,15119.999742507935,15849.224061747944,14316.812881616994
forecast_0720,2025-01-31 00:00:00,14688.00015449524,15228.541983051982,13261.668159784096
forecast_0721,2025-01-31 01:00:00,17064.000463485718,15895.580604456389,13255.86214524468
forecast_0722,2025-01-31 02:00:00,17819.999742507935,15955.145283507944,13138.75717053139
forecast_0723,2025-01-31 03:00:00,17064.000463485718,15576.719274902984,12817.658141443133
forecast_0724,2025-01-31 04:00:00,17064.000463485718,15680.486784099312,12631.748655722611
forecast_0725,2025-01-31 05:00:00,16739.99948501587,14470.145209825569,12214.217849321902
forecast_0726,2025-01-31 06:00:00,17388.00015449524,14622.22160795866,12601.906461919363
forecast_0727,2025-01-31 07:00:00,16415.999794006348,14029.21152555679,12152.352022187046
forecast_0728,2025-01-31 08:00:00,16631.999588012695,13568.442014594146,12020.041787300515
forecast_0729,2025-01-31 09:00:00,14688.00015449524,12767.786352632844,10840.576820131728
forecast_0730,2025-01-31 10:00:00,13068.000411987305,11232.842862769685,10014.84535450337
forecast_0731,2025-01-31 11:00:00,12527.999639511108,11263.946879499505,10142.197485182203
forecast_0732,2025-01-31 12:00:00,11664.000463485718,9569.483513762252,9087.723728446585
forecast_0733,2025-01-31 13:00:00,10044.00007724762,7983.457428271364,6999.317960843363
forecast_0734,2025-01-31 14:00:00,6911.999845504761,7660.83846193889,5436.683362988599
forecast_0735,2025-01-31 15:00:00,6155.99992275238,6747.554151784312,4297.766858593232
forecast_0736,2025-01-31 16:00:00,6155.99992275238,5376.1495672742485,4052.302505957893
forecast_0737,2025-01-31 17:00:00,4320.000064373016,4781.628263747782,3118.310129248392
forecast_0738,2025-01-31 18:00:00,4320.000064373016,4930.027552082363,3288.8501117220767
forecast_0739,2025-01-31 19:00:00,4644.00007724762,5148.011192914565,3742.226084577319
forecast_0740,2025-01-31 20:00:00,4644.00007724762,5186.878883087067,3946.3579025364343
forecast_0741,2025-01-31 21:00:00,4644.00007724762,6462.187240305803,4246.602753705953
forecast_0742,2025-01-31 22:00:00,4320.000064373016,5354.955979884744,4442.457361096419
forecast_0743,2025-01-31 23:00:00,4644.00007724762,6575.22744084092,4479.982252873248
forecast_0744,2025-02-01 00:00:00,4644.00007724762,5043.033972371819,4023.068310324676
forecast_0745,2025-02-01 01:00:00,6155.99992275238,6921.3244189726165,4361.252040591656
forecast_0746,2025-02-01 02:00:00,5075.999987125397,5994.670214196263,4191.622202700937
forecast_0747,2025-02-01 03:00:00,4211.999845504761,4995.863379149502,3715.066883835014
forecast_0748,2025-02-01 04:00:00,4211.999845504761,4009.0665957561314,2919.2844293496782
forecast_0749,2025-02-01 05:00:00,3888.0001544952393,3513.8878683360963,2745.641548254935
forecast_0750,2025-02-01 06:00:00,3888.0001544952393,3123.287250106134,2507.340221121673
forecast_0751,2025-02-01 07:00:00,3779.9999356269836,2919.10418134471,2394.601756879743
forecast_0752,2025-02-01 08:00:00,3888.0001544952393,2933.155808851506,2717.7425541516063
forecast_0753,2025-02-01 09:00:00,3564.000141620636,2590.328605177069,2673.426175396022
forecast_0754,2025-02-01 10:00:00,3888.0001544952393,2479.463603125547,2551.956727179016
forecast_0755,2025-02-01 11:00:00,3888.0001544952393,2695.4590793621965,2358.564690540969
forecast_0756,2025-02-01 12:00:00,3888.0001544952393,2651.8382907638697,2316.6756208147594
forecast_0757,2025-02-01 13:00:00,3779.9999356269836,2486.1184693935143,2347.7313550413023
forecast_0758,2025-02-01 14:00:00,3779.9999356269836,2728.1648072992125,2324.684181949646
forecast_0759,2025-02-01 15:00:00,3455.9999227523804,2726.448751051857,2259.730290149242
forecast_0760,2025-02-01 16:00:00,3779.9999356269836,2740.40386369049,2431.6467821154047
forecast_0761,2025-02-01 17:00:00,3779.9999356269836,2674.489614611848,2380.006711820606
forecast_0762,2025-02-01 18:00:00,3455.9999227523804,2633.7386238516574,2569.368585170859
forecast_0763,2025-02-01 19:00:00,3455.9999227523804,2648.4580219873933,2650.2859996560264
forecast_0764,2025-02-01 20:00:00,3455.9999227523804,2630.9843259543622,2694.872976477476
forecast_0765,2025-02-01 21:00:00,3779.9999356269836,2784.9678254792734,2627.4449498333893
forecast_0766,2025-02-01 22:00:00,3779.9999356269836,3102.726947724292,2919.4701085995957
forecast_0767,2025-02-01 23:00:00,3779.9999356269836,3013.371166542041,2898.714042430678
forecast_0768,2025-02-02 00:00:00,3779.9999356269836,3200.2126789199265,3114.630975264264
forecast_0769,2025-02-02 01:00:00,3779.9999356269836,2957.255318527886,2663.3140191907464
forecast_0770,2025-02-02 02:00:00,3888.0001544952393,2964.2073872285787,2752.287284463558
forecast_0771,2025-02-02 03:00:00,3779.9999356269836,2818.711223491296,2662.054345398792
forecast_0772,2025-02-02 04:00:00,3779.9999356269836,2871.6862658153427,2473.035789579365
forecast_0773,2025-02-02 05:00:00,3779.9999356269836,2926.755620887139,2438.55472295115
forecast_0774,2025-02-02 06:00:00,3779.9999356269836,3003.248158272102,2435.2579626762376
forecast_0775,2025-02-02 07:00:00,3888.0001544952393,3182.132788302379,2537.679243692322
forecast_0776,2025-02-02 08:00:00,3888.0001544952393,3244.204964507541,2565.4819393579123
forecast_0777,2025-02-02 09:00:00,3888.0001544952393,3257.95827085662,2819.6701621980656
forecast_0778,2025-02-02 10:00:00,3888.0001544952393,3100.6391170105408,2524.303015419848
forecast_0779,2025-02-02 11:00:00,3888.0001544952393,3114.450691952417,2472.891406046587
forecast_0780,2025-02-02 12:00:00,3888.0001544952393,3346.147320188048,2873.3853451362165
forecast_0781,2025-02-02 13:00:00,3888.0001544952393,3154.9225182260507,2642.7673224406685
forecast_0782,2025-02-02 14:00:00,3779.9999356269836,3141.5180273952533,2735.934894582372
forecast_0783,2025-02-02 15:00:00,3779.9999356269836,2998.944393862264,2601.906263092903
forecast_0784,2025-02-02 16:00:00,3779.9999356269836,3243.8359794135727,2475.659809113678
forecast_0785,2025-02-02 17:00:00,3888.0001544952393,3092.9547277348784,2484.3824335776635
forecast_0786,2025-02-02 18:00:00,4211.999845504761,3940.032061114767,2519.535053730512
forecast_0787,2025-02-02 19:00:00,9071.999716758728,6520.584061582173,4652.905497941619
forecast_0788,2025-02-02 20:00:00,10151.999974250793,8834.504659931583,6847.553870242739
forecast_0789,2025-02-02 21:00:00,11339.99948501587,10275.48344531888,8052.332035194421
forecast_0790,2025-02-02 22:00:00,15984.000205993652,13370.286890117022,10640.71677348572
forecast_0791,2025-02-02 23:00:00,16739.99948501587,15150.82834106126,12765.576729482586
forecast_0792,2025-02-03 00:00:00,16200.0,15422.299363517099,12581.127365194185
forecast_0793,2025-02-03 01:00:00,19331.999588012695,17049.612872658057,14811.832057736208
forecast_0794,2025-02-03 02:00:00,19331.999588012695,17268.50737194924,14924.50159598662
forecast_0795,2025-02-03 03:00:00,19331.999588012695,16683.26235233203,14488.678731048893
forecast_0796,2025-02-03 04:00:00,17819.999742507935,16145.99924557382,14075.357230140891
forecast_0797,2025-02-03 05:00:00,18468.000411987305,15530.957248327166,13118.057944198425
forecast_0798,2025-02-03 06:00:00,18468.000411987305,15368.349679937948,13119.647905492851
forecast_0799,2025-02-03 07:00:00,18468.000411987305,15480.410634223364,13955.887233671452
forecast_0800,2025-02-03 08:00:00,18252.000617980957,15859.682845625804,13354.785593480248
forecast_0801,2025-02-03 09:00:00,18252.000617980957,16271.97997875629,13312.246417039138
forecast_0802,2025-02-03 10:00:00,15768.000411987305,15623.4993979534,13126.005884805503
forecast_0803,2025-02-03 11:00:00,16200.0,15533.75956815762,12663.94426391162
forecast_0804,2025-02-03 12:00:00,17172.00036048889,15576.61213584724,12574.450630963223
forecast_0805,2025-02-03 13:00:00,15768.000411987305,15354.410883280423,12181.160615715244
forecast_0806,2025-02-03 14:00:00,15768.000411987305,15075.686844367316,12124.11815810449
forecast_0807,2025-02-03 15:00:00,15768.000411987305,14803.783752697873,12465.034236380869
forecast_0808,2025-02-03 16:00:00,15768.000411987305,14667.219339640846,12293.989810691912
forecast_0809,2025-02-03 17:00:00,15768.000411987305,14650.887851465615,13149.472769498729
forecast_0810,2025-02-03 18:00:00,15335.999536514282,14697.801856073977,13406.566309500247
forecast_0811,2025-02-03 19:00:00,17064.000463485718,15473.328538131464,14642.02511659911
forecast_0812,2025-02-03 20:00:00,17388.00015449524,15252.967400882746,15257.324750077209
forecast_0813,2025-02-03 21:00:00,17064.000463485718,15397.711712986606,15102.78645491271
forecast_0814,2025-02-03 22:00:00,17388.00015449524,15196.433825722625,14757.03762258386
forecast_0815,2025-02-03 23:00:00,18468.000411987305,15442.15669102441,14974.956767342015
forecast_0816,2025-02-04 00:00:00,18360.00051498413,15823.635704835484,15227.021696970922
forecast_0817,2025-02-04 01:00:00,17388.00015449524,16123.75464920935,15153.742858702975
forecast_0818,2025-02-04 02:00:00,17388.00015449524,16198.126860290928,14898.932799172042
forecast_0819,2025-02-04 03:00:00,17388.00015449524,15805.906767354822,14228.751004567546
forecast_0820,2025-02-04 04:00:00,17388.00015449524,14809.0814359988,13772.87808182613
forecast_0821,2025-02-04 05:00:00,17388.00015449524,15156.80371047801,14154.289627030535
forecast_0822,2025-02-04 06:00:00,19439.99948501587,15875.759833873042,14193.621507670212
forecast_0823,2025-02-04 07:00:00,19547.999382019043,16116.273894870654,14023.688503808313
forecast_0824,2025-02-04 08:00:00,17388.00015449524,15499.69102008489,13684.296288157871
forecast_0825,2025-02-04 09:00:00,17388.00015449524,15564.01601484283,13149.765262634184
forecast_0826,2025-02-04 10:00:00,15768.000411987305,15599.92647861652,12869.748806562318
forecast_0827,2025-02-04 11:00:00,16847.999382019043,15122.812354662128,12637.117741169925
forecast_0828,2025-02-04 12:00:00,17172.00036048889,14743.384632503426,13439.645127600705
forecast_0829,2025-02-04 13:00:00,16739.99948501587,14328.70511503117,12199.62114644507
forecast_0830,2025-02-04 14:00:00,15119.999742507935,13781.708822409044,11462.91041563378
forecast_0831,2025-02-04 15:00:00,15119.999742507935,13943.623714608364,11408.083707652764
forecast_0832,2025-02-04 16:00:00,15119.999742507935,14702.84019633529,11889.209391315257
forecast_0833,2025-02-04 17:00:00,15768.000411987305,14753.673464101294,12625.335113780053
forecast_0834,2025-02-04 18:00:00,17388.00015449524,14814.17949015252,13018.652632696936
forecast_0835,2025-02-04 19:00:00,15768.000411987305,14595.131970513336,13437.774971137922
forecast_0836,2025-02-04 20:00:00,17388.00015449524,15248.832251127984,14431.439723713902
forecast_0837,2025-02-04 21:00:00,17388.00015449524,15760.757772813957,14333.311379886996
forecast_0838,2025-02-04 22:00:00,17388.00015449524,16194.566847077238,14221.923354835124
forecast_0839,2025-02-04 23:00:00,15768.000411987305,15729.864024771308,13825.471563687504
forecast_0840,2025-02-05 00:00:00,15119.999742507935,16245.438322343192,13610.177894025996
forecast_0841,2025-02-05 01:00:00,15119.999742507935,16254.259932687848,14985.487759925532
forecast_0842,2025-02-05 02:00:00,15768.000411987305,16344.736893122175,14482.290993618011
forecast_0843,2025-02-05 03:00:00,18360.00051498413,16229.4935757049,14393.612884495937
forecast_0844,2025-02-05 04:00:00,17280.000257492065,16156.824312773491,14083.525453061558
forecast_0845,2025-02-05 05:00:00,17280.000257492065,16158.509196145513,13504.20829870302
forecast_0846,2025-02-05 06:00:00,18035.999536514282,16322.931788214932,13915.58715390318
forecast_0847,2025-02-05 07:00:00,18252.000617980957,16190.793784374471,14291.413316491837
forecast_0848,2025-02-05 08:00:00,17388.00015449524,15945.329678244887,13059.703708068304
forecast_0849,2025-02-05 09:00:00,15768.000411987305,15709.420072964222,12643.38560796052
forecast_0850,2025-02-05 10:00:00,15768.000411987305,14990.510474914268,11428.475625012818
forecast_0851,2025-02-05 11:00:00,15768.000411987305,14872.309744525362,11619.485117037502
forecast_0852,2025-02-05 12:00:00,15768.000411987305,14892.566300808416,11859.770073734517
forecast_0853,2025-02-05 13:00:00,15768.000411987305,15112.406261069662,12107.41879874299
forecast_0854,2025-02-05 14:00:00,15768.000411987305,15106.487221931142,12375.878349254675
forecast_0855,2025-02-05 15:00:00,15768.000411987305,14925.74823941147,12025.317603494344
forecast_0856,2025-02-05 16:00:00,15768.000411987305,15150.082576276249,12158.072415181154
forecast_0857,2025-02-05 17:00:00,15768.000411987305,14792.661386390851,12165.320768007266
forecast_0858,2025-02-05 18:00:00,15768.000411987305,14272.533380611883,11604.816227416984
forecast_0859,2025-02-05 19:00:00,15335.999536514282,14005.16453144007,11534.57363509926
forecast_0860,2025-02-05 20:00:00,15119.999742507935,14152.162329023324,13122.718155931869
forecast_0861,2025-02-05 21:00:00,15335.999536514282,14385.590986820622,13439.889085988092
forecast_0862,2025-02-05 22:00:00,17388.00015449524,15079.522764791114,14217.34761447655
forecast_0863,2025-02-05 23:00:00,18360.00051498413,15228.90864005168,14438.27978918311
forecast_0864,2025-02-06 00:00:00,18360.00051498413,15157.6283089033,14116.988388959728
forecast_0865,2025-02-06 01:00:00,17388.00015449524,14828.4610207162,14074.943155155956
forecast_0866,2025-02-06 02:00:00,17388.00015449524,15503.06002636938,14232.749449941486
forecast_0867,2025-02-06 03:00:00,18360.00051498413,15983.610016883227,14923.691081910574
forecast_0868,2025-02-06 04:00:00,19439.99948501587,16447.335159827166,15105.04480066406
forecast_0869,2025-02-06 05:00:00,19547.999382019043,16690.110306233688,15592.043310135145
forecast_0870,2025-02-06 06:00:00,19439.99948501587,16502.1256851831,14523.39128646373
forecast_0871,2025-02-06 07:00:00,19331.999588012695,15983.747276781562,13125.640465397311
forecast_0872,2025-02-06 08:00:00,18360.00051498413,15392.026896508702,12740.553920819608
forecast_0873,2025-02-06 09:00:00,17388.00015449524,14847.973117115174,11916.306287988638
forecast_0874,2025-02-06 10:00:00,15768.000411987305,12869.582788243262,10651.296072645904
forecast_0875,2025-02-06 11:00:00,14688.00015449524,12054.000370431795,9929.029508939808
forecast_0876,2025-02-06 12:00:00,15119.999742507935,11896.126652744391,10174.405745403736
forecast_0877,2025-02-06 13:00:00,15119.999742507935,12134.301454675848,10601.94016673815
forecast_0878,2025-02-06 14:00:00,15660.00051498413,12269.691980300397,12222.502049710012
forecast_0879,2025-02-06 15:00:00,15660.00051498413,12942.953670199711,12813.292636663173
forecast_0880,2025-02-06 16:00:00,15660.00051498413,13394.764376036852,12199.34659818994
forecast_0881,2025-02-06 17:00:00,15119.999742507935,12951.61147232951,11938.859437904
forecast_0882,2025-02-06 18:00:00,15119.999742507935,13265.284441138494,11835.966090383365
forecast_0883,2025-02-06 19:00:00,14688.00015449524,13208.22509062024,12237.830843512314
forecast_0884,2025-02-06 20:00:00,15119.999742507935,13447.63938473954,12803.99826388955
forecast_0885,2025-02-06 21:00:00,15119.999742507935,13620.585463294172,12967.324322734676
forecast_0886,2025-02-06 22:00:00,15552.000617980957,12636.77984163056,10855.62874544586
forecast_0887,2025-02-06 23:00:00,16200.0,12105.584059114652,10458.447006672764
forecast_0888,2025-02-07 00:00:00,15119.999742507935,10497.303076755305,9351.105627128254
forecast_0889,2025-02-07 01:00:00,12311.99984550476,10529.325126035024,5945.118645891776
forecast_0890,2025-02-07 02:00:00,9936.000180244446,9674.761610104097,4664.399032739235
forecast_0891,2025-02-07 03:00:00,10044.00007724762,10500.466379775284,4726.060971326684
forecast_0892,2025-02-07 04:00:00,9180.000257492065,9885.777694679908,3964.513935189619
forecast_0893,2025-02-07 05:00:00,9180.000257492065,9912.268854958978,4526.249353089996
forecast_0894,2025-02-07 06:00:00,5940.000128746033,8720.244284834625,3534.687159278601
forecast_0895,2025-02-07 07:00:00,6263.999819755554,6318.295051366366,3918.0006553643534
forecast_0896,2025-02-07 08:00:00,4320.000064373016,5557.129755827216,2744.3548917137214
forecast_0897,2025-02-07 09:00:00,7884.000205993652,7333.753090973193,3180.829266025773
forecast_0898,2025-02-07 10:00:00,10476.000308990479,7912.106828276079,5112.397306249224
forecast_0899,2025-02-07 11:00:00,14147.999382019043,9914.492230561114,7782.05771802289
forecast_0900,2025-02-07 12:00:00,14688.00015449524,12007.482802872064,10124.434355441072
forecast_0901,2025-02-07 13:00:00,15768.000411987305,12863.19549418116,10218.024426778507
forecast_0902,2025-02-07 14:00:00,15768.000411987305,13654.493937270645,10879.750808532808
forecast_0903,2025-02-07 15:00:00,15768.000411987305,13627.76634582084,10830.659362612194
forecast_0904,2025-02-07 16:00:00,15768.000411987305,13777.163325856694,10587.459471031882
forecast_0905,2025-02-07 17:00:00,15119.999742507935,13200.279489312285,10054.87067465541
forecast_0906,2025-02-07 18:00:00,15119.999742507935,13587.189676475631,10569.382593190316
forecast_0907,2025-02-07 19:00:00,14580.000257492065,13035.356173462347,11932.068575214107
forecast_0908,2025-02-07 20:00:00,14580.000257492065,14131.522782681424,12130.29326835924
forecast_0909,2025-02-07 21:00:00,14688.00015449524,15895.71153108149,13967.103526319594
forecast_0910,2025-02-07 22:00:00,19547.999382019043,16381.487298547216,14002.483529384104
forecast_0911,2025-02-07 23:00:00,19547.999382019043,16385.03223446056,13847.746705053502
forecast_0912,2025-02-08 00:00:00,19547.999382019043,16448.65895079891,14294.36027122422
forecast_0913,2025-02-08 01:00:00,19547.999382019043,15876.379839221438,13636.758446493335
forecast_0914,2025-02-08 02:00:00,19547.999382019043,16648.52430803515,13699.39369619348
forecast_0915,2025-02-08 03:00:00,19980.000257492065,16539.042600442706,14058.306430428302
forecast_0916,2025-02-08 04:00:00,19980.000257492065,16629.397466218245,14511.392048978909
forecast_0917,2025-02-08 05:00:00,19980.000257492065,16689.948736929575,14308.994881634946
forecast_0918,2025-02-08 06:00:00,19980.000257492065,16102.114311984298,14327.30143185952
forecast_0919,2025-02-08 07:00:00,19980.000257492065,15548.601571401317,13326.738295170986
forecast_0920,2025-02-08 08:00:00,19547.999382019043,13869.738992352904,11084.316698687424
forecast_0921,2025-02-08 09:00:00,19439.99948501587,14162.559785348083,10041.215042300915
forecast_0922,2025-02-08 10:00:00,15552.000617980957,10972.791905423222,7783.18127237076
forecast_0923,2025-02-08 11:00:00,10259.999871253967,9131.265672821006,7593.32052244254
forecast_0924,2025-02-08 12:00:00,5615.999794006348,7544.686360641671,6537.647970696705
forecast_0925,2025-02-08 13:00:00,4968.000090122223,6354.969236073802,5948.062058043027
forecast_0926,2025-02-08 14:00:00,4211.999845504761,5753.826799941232,5149.378088504834
forecast_0927,2025-02-08 15:00:00,4211.999845504761,5538.208603805755,5048.890858576406
forecast_0928,2025-02-08 16:00:00,4211.999845504761,5669.539009209787,5018.846296058853
forecast_0929,2025-02-08 17:00:00,8100.0,6075.040166813246,4894.294914046631
forecast_0930,2025-02-08 18:00:00,8315.999794006348,6595.723803888067,5837.15454023743
forecast_0931,2025-02-08 19:00:00,12743.999433517456,8570.011074865168,7683.74113532023
forecast_0932,2025-02-08 20:00:00,13500.0,9470.355381865813,7766.815692003499
forecast_0933,2025-02-08 21:00:00,14256.000566482544,11502.045142661304,9231.505000903377
forecast_0934,2025-02-08 22:00:00,17496.000051498413,15297.68505877405,12348.532972642452
forecast_0935,2025-02-08 23:00:00,19980.000257492065,16205.341079263537,14527.361751442364
forecast_0936,2025-02-09 00:00:00,19980.000257492065,17005.504368192105,14318.790226956708
forecast_0937,2025-02-09 01:00:00,19547.999382019043,16031.587169012348,13676.318898522986
forecast_0938,2025-02-09 02:00:00,19980.000257492065,15956.68052084405,14212.579856790537
forecast_0939,2025-02-09 03:00:00,19980.000257492065,16040.081978539049,13833.249851691287
forecast_0940,2025-02-09 04:00:00,19980.000257492065,16604.68145198609,14279.223095143872
forecast_0941,2025-02-09 05:00:00,19980.000257492065,17436.588904927685,15055.79898051584
forecast_0942,2025-02-09 06:00:00,19980.000257492065,17427.778513231824,15116.560166765976
forecast_0943,2025-02-09 07:00:00,19980.000257492065,16668.16278285311,14687.914057692731
forecast_0944,2025-02-09 08:00:00,19547.999382019043,16094.041847838214,13031.788099850362
forecast_0945,2025-02-09 09:00:00,19547.999382019043,15988.491712428222,11652.42174799204
forecast_0946,2025-02-09 10:00:00,17819.999742507935,14306.55558447402,10431.486296861594
forecast_0947,2025-02-09 11:00:00,13931.999588012695,12943.069427133692,9120.378803109046
forecast_0948,2025-02-09 12:00:00,10584.000205993652,11304.79040558658,7808.743673004868
forecast_0949,2025-02-09 13:00:00,10044.00007724762,9482.941450286511,7439.400545153477
forecast_0950,2025-02-09 14:00:00,10476.000308990479,10302.5548427188,7347.511208333482
forecast_0951,2025-02-09 15:00:00,11339.99948501587,11059.847271029908,8668.473117664005
forecast_0952,2025-02-09 16:00:00,15984.000205993652,10557.42055545922,8918.51622057812
forecast_0953,2025-02-09 17:00:00,15984.000205993652,11363.863357125254,9864.513990594623
forecast_0954,2025-02-09 18:00:00,16739.99948501587,12319.123351622116,11077.341495387238
forecast_0955,2025-02-09 19:00:00,17172.00036048889,14118.487216864294,11957.872950855532
forecast_0956,2025-02-09 20:00:00,17603.999948501587,14997.218193052877,12456.580099526984
forecast_0957,2025-02-09 21:00:00,16307.999897003174,16144.33854524648,12223.01123105989
forecast_0958,2025-02-09 22:00:00,16307.999897003174,17182.65043684727,13182.281538487689
forecast_0959,2025-02-09 23:00:00,18468.000411987305,17203.220386861813,14066.10007144933
forecast_0960,2025-02-10 00:00:00,19547.999382019043,17537.71295689373,14440.605278462202
forecast_0961,2025-02-10 01:00:00,19547.999382019043,17291.818405167724,14034.88947780981
forecast_0962,2025-02-10 02:00:00,19547.999382019043,17429.339968892702,14604.754531199109
forecast_0963,2025-02-10 03:00:00,19547.999382019043,17519.07602342974,15522.471055091211
forecast_0964,2025-02-10 04:00:00,19547.999382019043,18004.082521151162,16166.17803005641
forecast_0965,2025-02-10 05:00:00,19980.000257492065,18184.90597085874,16909.04313490864
forecast_0966,2025-02-10 06:00:00,19980.000257492065,18872.09941014654,16710.45970886874
forecast_0967,2025-02-10 07:00:00,19980.000257492065,18807.615053183046,16482.58106264588
forecast_0968,2025-02-10 08:00:00,19980.000257492065,18277.994838855564,16055.165810016113
forecast_0969,2025-02-10 09:00:00,19547.999382019043,18160.42673782584,15023.621654033528
forecast_0970,2025-02-10 10:00:00,16200.0,16946.703814734512,13119.296438802528
forecast_0971,2025-02-10 11:00:00,14796.000051498413,15264.89885566022,12333.360884870346
forecast_0972,2025-02-10 12:00:00,14472.000360488892,13028.851267686012,10243.816439736513
forecast_0973,2025-02-10 13:00:00,14796.000051498413,12674.11387803695,10289.033600906132
forecast_0974,2025-02-10 14:00:00,14580.000257492065,12262.002303159248,9692.089046872534
forecast_0975,2025-02-10 15:00:00,14580.000257492065,11991.597840418484,9747.57814546801
forecast_0976,2025-02-10 16:00:00,14364.000463485718,12104.77959044754,9997.0089162704
forecast_0977,2025-02-10 17:00:00,14039.99948501587,12100.7485327631,9966.195058960837
forecast_0978,2025-02-10 18:00:00,14147.999382019043,12450.481955410076,10874.726612730288
forecast_0979,2025-02-10 19:00:00,14796.000051498413,12637.111536628172,10834.268434288711
forecast_0980,2025-02-10 20:00:00,13931.999588012695,12757.205725985601,10274.955344720578
forecast_0981,2025-02-10 21:00:00,12203.999948501587,12173.84509767086,9003.702947018928
forecast_0982,2025-02-10 22:00:00,13931.999588012695,13289.270592226298,9293.670614336064
forecast_0983,2025-02-10 23:00:00,10367.999768257141,11215.734746779272,8599.14635574892
forecast_0984,2025-02-11 00:00:00,10151.999974250793,10010.060413329918,8109.978002172497
forecast_0985,2025-02-11 01:00:00,11231.999588012695,10170.800307209263,8336.953656216796
forecast_0986,2025-02-11 02:00:00,13068.000411987305,10909.081833483602,8537.45427460555
forecast_0987,2025-02-11 03:00:00,13500.0,11901.23192343029,9727.856147459364
forecast_0988,2025-02-11 04:00:00,12852.000617980957,11641.820455137176,9546.7159520486
forecast_0989,2025-02-11 05:00:00,10044.00007724762,9484.77507452304,7255.620273836528
forecast_0990,2025-02-11 06:00:00,7344.00007724762,7799.365469191002,6454.507032983503
forecast_0991,2025-02-11 07:00:00,7776.0003089904785,7184.76034992609,6304.784838823677
forecast_0992,2025-02-11 08:00:00,7559.999871253967,5727.282187217304,5268.539851377101
forecast_0993,2025-02-11 09:00:00,7884.000205993652,5262.851165933428,4649.068249455572
forecast_0994,2025-02-11 10:00:00,4968.000090122223,4182.539412448347,3752.939402844737
forecast_0995,2025-02-11 11:00:00,4427.99996137619,4260.257797936689,3371.597522332599
forecast_0996,2025-02-11 12:00:00,3888.0001544952393,3876.756337176589,2923.1443947395555
forecast_0997,2025-02-11 13:00:00,6155.99992275238,3600.429740687387,3157.0697578735108
forecast_0998,2025-02-11 14:00:00,3888.0001544952393,3510.3696149094408,2943.0092243689282
forecast_0999,2025-02-11 15:00:00,3888.0001544952393,3496.598777309277,2894.941393903375
forecast_1000,2025-02-11 16:00:00,3888.0001544952393,3139.9012904904243,2596.8949562017847
forecast_1001,2025-02-11 17:00:00,3888.0001544952393,3230.097861493562,2856.590594805893
forecast_1002,2025-02-11 18:00:00,4211.999845504761,4321.073107620475,3442.943116235469
forecast_1003,2025-02-11 19:00:00,8963.999819755554,7273.593466034446,6097.468763360693
forecast_1004,2025-02-11 20:00:00,10044.00007724762,9141.371668696807,7031.275144275861
forecast_1005,2025-02-11 21:00:00,13500.0,10715.109511573311,7549.428463974791
forecast_1006,2025-02-11 22:00:00,11231.999588012695,12264.95345494838,7928.641063413192
forecast_1007,2025-02-11 23:00:00,19547.999382019043,16517.542305103598,12575.78062468638
forecast_1008,2025-02-12 00:00:00,19980.000257492065,17883.71948205656,14379.71628784246
forecast_1009,2025-02-12 01:00:00,16739.99948501587,17223.803558339507,12181.489805503446
forecast_1010,2025-02-12 02:00:00,19547.999382019043,18118.58428861608,13341.130389621929
forecast_1011,2025-02-12 03:00:00,19547.999382019043,18110.24308739058,13072.712663092654
forecast_1012,2025-02-12 04:00:00,19547.999382019043,18177.88188833812,13158.545146234344
forecast_1013,2025-02-12 05:00:00,19547.999382019043,17569.384528268434,12213.257614582277
forecast_1014,2025-02-12 06:00:00,14256.000566482544,14321.9885282324,10707.979321100103
forecast_1015,2025-02-12 07:00:00,12419.999742507935,10493.513576181396,6724.805490992302
forecast_1016,2025-02-12 08:00:00,6263.999819755554,7809.753597718705,3884.285564473156
forecast_1017,2025-02-12 09:00:00,6263.999819755554,8278.615898041176,4835.684926978049
forecast_1018,2025-02-12 10:00:00,6263.999819755554,8842.515395871342,5148.737511640447
forecast_1019,2025-02-12 11:00:00,10476.000308990479,11537.995839679044,7512.62741968213
forecast_1020,2025-02-12 12:00:00,12743.999433517456,13179.565730176262,9895.575472970218
forecast_1021,2025-02-12 13:00:00,14580.000257492065,13878.49377025901,11336.485366816754
forecast_1022,2025-02-12 14:00:00,14688.00015449524,14790.868226649318,11975.914452491745
forecast_1023,2025-02-12 15:00:00,15660.00051498413,15634.22710661578,13244.313520578922
forecast_1024,2025-02-12 16:00:00,16847.999382019043,16138.760364347836,14098.765476830427
forecast_1025,2025-02-12 17:00:00,17819.999742507935,16612.23926303757,14375.127161842542
forecast_1026,2025-02-12 18:00:00,17819.999742507935,17278.270850339173,14449.79906081296
forecast_1027,2025-02-12 19:00:00,17819.999742507935,17274.90462840207,14716.972912866837
forecast_1028,2025-02-12 20:00:00,17819.999742507935,16371.096042952237,13618.81105754627
forecast_1029,2025-02-12 21:00:00,17711.99984550476,15688.061459938808,12453.685922147804
forecast_1030,2025-02-12 22:00:00,17280.000257492065,15802.007832091118,12733.050013528022
forecast_1031,2025-02-12 23:00:00,17280.000257492065,15742.106335525805,12163.027895273946
forecast_1032,2025-02-13 00:00:00,17064.000463485718,14786.03344951988,11600.39768119236
forecast_1033,2025-02-13 01:00:00,16200.0,12750.03512926956,10820.05026859145
forecast_1034,2025-02-13 02:00:00,16200.0,13191.162033637667,10696.39384707925
forecast_1035,2025-02-13 03:00:00,15768.000411987305,13128.575394538799,10828.846781619646
forecast_1036,2025-02-13 04:00:00,14147.999382019043,12193.711221973035,9523.816159834516
forecast_1037,2025-02-13 05:00:00,13931.999588012695,12963.292135044783,9979.679097943368
forecast_1038,2025-02-13 06:00:00,14688.00015449524,13687.245250016305,12356.316726815205
forecast_1039,2025-02-13 07:00:00,17064.000463485718,15083.15660080906,13245.27982674518
forecast_1040,2025-02-13 08:00:00,17064.000463485718,15284.57345249506,13297.714375385514
forecast_1041,2025-02-13 09:00:00,18035.999536514282,16778.705699226364,13338.125670860354
forecast_1042,2025-02-13 10:00:00,15119.999742507935,16389.068503208597,13061.27797756729
forecast_1043,2025-02-13 11:00:00,15119.999742507935,15767.65930271521,12906.596826210716
forecast_1044,2025-02-13 12:00:00,14796.000051498413,14658.14510380848,12356.71533395522
forecast_1045,2025-02-13 13:00:00,14796.000051498413,14598.93039650258,12965.680521891913
forecast_1046,2025-02-13 14:00:00,15552.000617980957,14929.4449690275,13163.145301940647
forecast_1047,2025-02-13 15:00:00,15119.999742507935,15121.150259046102,13127.679472150094
forecast_1048,2025-02-13 16:00:00,15768.000411987305,15516.817795087922,13284.094541275415
forecast_1049,2025-02-13 17:00:00,17388.00015449524,16369.876986198897,14138.1885044809
forecast_1050,2025-02-13 18:00:00,19331.999588012695,17527.765841172015,15774.762418747328
forecast_1051,2025-02-13 19:00:00,19331.999588012695,17789.070514517192,16097.574228382968
forecast_1052,2025-02-13 20:00:00,19547.999382019043,18108.76946822567,16702.902332821322
forecast_1053,2025-02-13 21:00:00,19656.000566482544,18334.21255303026,17381.743969426934
forecast_1054,2025-02-13 22:00:00,19980.000257492065,18618.17919797187,17384.898112180585
forecast_1055,2025-02-13 23:00:00,19980.000257492065,18650.37574778707,17505.282400789012
forecast_1056,2025-02-14 00:00:00,19980.000257492065,18997.936713823623,17671.31382860605
forecast_1057,2025-02-14 01:00:00,19980.000257492065,19187.96842469931,17590.605189856182
forecast_1058,2025-02-14 02:00:00,19980.000257492065,19329.37167623824,17427.89702936515
forecast_1059,2025-02-14 03:00:00,19980.000257492065,19169.978414525427,17414.524663672142
forecast_1060,2025-02-14 04:00:00,19980.000257492065,19055.79252342978,16978.197061813255
forecast_1061,2025-02-14 05:00:00,19980.000257492065,19346.369852601336,17542.80193398167
forecast_1062,2025-02-14 06:00:00,19980.000257492065,19364.9057831614,17725.548223414906
forecast_1063,2025-02-14 07:00:00,19980.000257492065,19547.072871794888,17612.578377712143
forecast_1064,2025-02-14 08:00:00,19980.000257492065,19149.397851084857,17483.0415311691
forecast_1065,2025-02-14 09:00:00,19980.000257492065,18686.15702418108,16281.47205205068
forecast_1066,2025-02-14 10:00:00,14903.999948501587,16735.588346713335,12465.933385139046
forecast_1067,2025-02-14 11:00:00,12960.00051498413,14346.157139937326,10313.121547228497
forecast_1068,2025-02-14 12:00:00,10692.000102996826,13598.281812940282,9852.896005381284
forecast_1069,2025-02-14 13:00:00,10692.000102996826,11549.088063445526,8619.05792763968
forecast_1070,2025-02-14 14:00:00,11447.999382019043,11008.74157385923,8579.325138371056
forecast_1071,2025-02-14 15:00:00,11447.999382019043,10547.144106417643,8890.30929850443
forecast_1072,2025-02-14 16:00:00,12096.000051498413,11498.535001849925,9690.574797157144
forecast_1073,2025-02-14 17:00:00,12096.000051498413,13523.547647574902,11563.893353993843
forecast_1074,2025-02-14 18:00:00,14580.000257492065,15159.461965035764,12603.83014731102
forecast_1075,2025-02-14 19:00:00,18792.000102996826,15855.3493976297,12597.17905157484
forecast_1076,2025-02-14 20:00:00,19547.999382019043,15544.339354534412,11144.966404987972
forecast_1077,2025-02-14 21:00:00,19547.999382019043,16313.503383595316,11641.141394990775
forecast_1078,2025-02-14 22:00:00,19547.999382019043,17551.210568183666,13437.044016409622
forecast_1079,2025-02-14 23:00:00,19547.999382019043,16703.999726277398,13546.312436910715
forecast_1080,2025-02-15 00:00:00,19980.000257492065,17090.624462405525,14560.888792641608
forecast_1081,2025-02-15 01:00:00,19980.000257492065,15854.90841884423,13080.958392936518
forecast_1082,2025-02-15 02:00:00,19980.000257492065,16368.23015192588,12846.749455829076
forecast_1083,2025-02-15 03:00:00,19547.999382019043,16286.424969834265,12541.832069931206
forecast_1084,2025-02-15 04:00:00,19547.999382019043,16173.946588543597,13026.575951401932
forecast_1085,2025-02-15 05:00:00,19547.999382019043,16202.145270353723,12409.808053911962
forecast_1086,2025-02-15 06:00:00,19439.99948501587,15849.047869314987,12160.023499550223
forecast_1087,2025-02-15 07:00:00,17603.999948501587,14964.154359091812,11232.370191597083
forecast_1088,2025-02-15 08:00:00,15552.000617980957,12281.036483291373,8217.276931704377
forecast_1089,2025-02-15 09:00:00,14039.99948501587,12602.043009799609,7818.750580959816
forecast_1090,2025-02-15 10:00:00,10259.999871253967,11245.795347165958,7240.627605289553
forecast_1091,2025-02-15 11:00:00,13068.000411987305,10795.070531483008,7384.969699334719
forecast_1092,2025-02-15 12:00:00,10476.000308990479,11850.754478984609,8154.389174623083
forecast_1093,2025-02-15 13:00:00,13607.999897003174,12762.213581167123,9605.029417262467
forecast_1094,2025-02-15 14:00:00,15984.000205993652,13208.204127879037,11404.932465000264
forecast_1095,2025-02-15 15:00:00,16200.0,13638.009773057718,11864.396035826883
forecast_1096,2025-02-15 16:00:00,15984.000205993652,14018.042881436424,11805.430559575489
forecast_1097,2025-02-15 17:00:00,17496.000051498413,15350.720136760981,14280.773854289257
forecast_1098,2025-02-15 18:00:00,19331.999588012695,16165.394794318585,14642.912991820462
forecast_1099,2025-02-15 19:00:00,19547.999382019043,17744.89379079992,15584.344507033418
forecast_1100,2025-02-15 20:00:00,19980.000257492065,18047.57460752397,16520.73354112366
forecast_1101,2025-02-15 21:00:00,19980.000257492065,18093.40363012603,16134.09912581408
forecast_1102,2025-02-15 22:00:00,19547.999382019043,18416.20108635442,15515.448622611995
forecast_1103,2025-02-15 23:00:00,19980.000257492065,18527.10622066961,15331.712183582891
forecast_1104,2025-02-16 00:00:00,19980.000257492065,18626.52205644401,15304.623266916366
forecast_1105,2025-02-16 01:00:00,19980.000257492065,18392.7468242536,16686.13231175417
forecast_1106,2025-02-16 02:00:00,19980.000257492065,18508.57338064843,16698.765800912508
forecast_1107,2025-02-16 03:00:00,19980.000257492065,18279.051742500586,15973.090075236754
forecast_1108,2025-02-16 04:00:00,19547.999382019043,17800.523163201993,14823.495101867751
forecast_1109,2025-02-16 05:00:00,17064.000463485718,16398.309940010247,13548.11568635072
forecast_1110,2025-02-16 06:00:00,15335.999536514282,16049.598593532855,12567.819275685712
forecast_1111,2025-02-16 07:00:00,15335.999536514282,15271.079284501375,11782.379600114084
forecast_1112,2025-02-16 08:00:00,15335.999536514282,13789.539424383587,10422.669400595769
forecast_1113,2025-02-16 09:00:00,14472.000360488892,12921.976460823964,9896.432016141622
forecast_1114,2025-02-16 10:00:00,9936.000180244446,10162.375463554525,7790.477375343539
forecast_1115,2025-02-16 11:00:00,9936.000180244446,10833.865833326998,7800.631341226713
forecast_1116,2025-02-16 12:00:00,12096.000051498413,10525.450370146888,6909.755939614004
forecast_1117,2025-02-16 13:00:00,13607.999897003174,10948.068903253465,8548.07992591231
forecast_1118,2025-02-16 14:00:00,14147.999382019043,13104.579687170317,11156.914037897735
forecast_1119,2025-02-16 15:00:00,15660.00051498413,15043.06103457663,13620.931596858583
forecast_1120,2025-02-16 16:00:00,16092.000102996826,16859.484848740478,14863.381953096698
forecast_1121,2025-02-16 17:00:00,17927.99963951111,16729.476844573444,15354.27621942703
forecast_1122,2025-02-16 18:00:00,17927.99963951111,17275.666970476777,15617.381704240846
forecast_1123,2025-02-16 19:00:00,17927.99963951111,17310.63918350258,15650.496372101974
forecast_1124,2025-02-16 20:00:00,17927.99963951111,17374.748411463068,15280.6558405489
forecast_1125,2025-02-16 21:00:00,17819.999742507935,16953.547616442927,14952.352927526115
forecast_1126,2025-02-16 22:00:00,18360.00051498413,17732.86888094805,15581.316400295498
forecast_1127,2025-02-16 23:00:00,17064.000463485718,16654.67670634738,14680.646880706976
forecast_1128,2025-02-17 00:00:00,16847.999382019043,15062.03975039768,13830.48278133228
forecast_1129,2025-02-17 01:00:00,15119.999742507935,13425.461213387094,11468.106027801681
forecast_1130,2025-02-17 02:00:00,15119.999742507935,13583.717577565014,11293.522803512074
forecast_1131,2025-02-17 03:00:00,14688.00015449524,13400.57943649275,11045.09614564662
forecast_1132,2025-02-17 04:00:00,14688.00015449524,13077.442528882424,10630.47776282224
forecast_1133,2025-02-17 05:00:00,14147.999382019043,11626.822733521138,9052.5966491244
forecast_1134,2025-02-17 06:00:00,14147.999382019043,11605.174043703122,8266.321320160323
forecast_1135,2025-02-17 07:00:00,14580.000257492065,11875.950496735082,9197.972451328716
forecast_1136,2025-02-17 08:00:00,14580.000257492065,12125.833957199586,9448.782290259744
forecast_1137,2025-02-17 09:00:00,14580.000257492065,12311.107927038953,9804.686314179204
forecast_1138,2025-02-17 10:00:00,14688.00015449524,12301.843063581828,10061.768839969704
forecast_1139,2025-02-17 11:00:00,14688.00015449524,12078.54605066357,10197.09080126444
forecast_1140,2025-02-17 12:00:00,14688.00015449524,12089.384067046927,9990.611631900543
forecast_1141,2025-02-17 13:00:00,14688.00015449524,11802.717756717417,9516.504782953782
forecast_1142,2025-02-17 14:00:00,14147.999382019043,11514.5865876004,9024.37029187916
forecast_1143,2025-02-17 15:00:00,14147.999382019043,11187.614738386965,8450.012946921503
forecast_1144,2025-02-17 16:00:00,13715.999794006348,10224.336862793964,7950.084613739335
forecast_1145,2025-02-17 17:00:00,12096.000051498413,9151.788384112511,6719.619439127769
forecast_1146,2025-02-17 18:00:00,12096.000051498413,8313.170847513158,5671.778323627461
forecast_1147,2025-02-17 19:00:00,10907.999897003174,7347.146703710121,4931.025590601024
forecast_1148,2025-02-17 20:00:00,10907.999897003174,7538.834915891814,4599.972836939313
forecast_1149,2025-02-17 21:00:00,10476.000308990479,7892.804891120283,5350.3779450162565
forecast_1150,2025-02-17 22:00:00,9936.000180244446,8203.18074615306,5049.262251601348
forecast_1151,2025-02-17 23:00:00,9936.000180244446,8538.024642215887,5906.659849147798
forecast_1152,2025-02-18 00:00:00,9936.000180244446,8899.934990532656,6209.125066341072
forecast_1153,2025-02-18 01:00:00,10367.999768257141,11275.26989208863,7328.466203015863
forecast_1154,2025-02-18 02:00:00,13392.000102996826,11693.439240379084,8894.655970817654
forecast_1155,2025-02-18 03:00:00,13392.000102996826,11287.330920834598,9260.904520180538
forecast_1156,2025-02-18 04:00:00,13392.000102996826,11591.184672581243,10014.134474981647
forecast_1157,2025-02-18 05:00:00,13392.000102996826,12425.521518739408,9712.378037488026
forecast_1158,2025-02-18 06:00:00,13392.000102996826,13105.684496051566,10278.754526451385
forecast_1159,2025-02-18 07:00:00,14147.999382019043,13523.68537311846,10826.203679569508
forecast_1160,2025-02-18 08:00:00,13392.000102996826,13162.902571844137,9084.78849787518
forecast_1161,2025-02-18 09:00:00,13392.000102996826,12059.90680385167,9314.255145742743
forecast_1162,2025-02-18 10:00:00,13715.999794006348,11651.91688771464,8910.479979747863
forecast_1163,2025-02-18 11:00:00,13715.999794006348,12445.542751097066,9846.077935586422
forecast_1164,2025-02-18 12:00:00,14580.000257492065,11876.028644233527,9539.1157467885
forecast_1165,2025-02-18 13:00:00,14796.000051498413,11705.601971494714,9657.544722809653
forecast_1166,2025-02-18 14:00:00,14796.000051498413,11707.100155323438,9588.10889974352
forecast_1167,2025-02-18 15:00:00,14796.000051498413,11520.524427472898,9710.268725636077
forecast_1168,2025-02-18 16:00:00,14796.000051498413,11464.841322966671,9374.578352619468
forecast_1169,2025-02-18 17:00:00,14147.999382019043,10762.006609109032,8884.065155468234
forecast_1170,2025-02-18 18:00:00,14147.999382019043,10003.107217214872,8032.367471078879
forecast_1171,2025-02-18 19:00:00,13392.000102996826,10289.815479803025,8035.537284544036
forecast_1172,2025-02-18 20:00:00,13392.000102996826,9742.50927919477,7462.840339307462
forecast_1173,2025-02-18 21:00:00,12527.999639511108,9343.224842285505,7703.669406326896
forecast_1174,2025-02-18 22:00:00,11447.999382019043,12457.986905318134,9010.042092779247
forecast_1175,2025-02-18 23:00:00,12635.999536514282,13083.400865698126,7969.853741410863
forecast_1176,2025-02-19 00:00:00,13931.999588012695,13602.759463287195,8792.1821904796
forecast_1177,2025-02-19 01:00:00,9180.000257492065,11600.981811160822,7034.539403767506
forecast_1178,2025-02-19 02:00:00,13931.999588012695,13692.46439558716,8603.639112343879
forecast_1179,2025-02-19 03:00:00,13931.999588012695,13360.372612041265,7922.393819269827
forecast_1180,2025-02-19 04:00:00,15335.999536514282,13318.002004064692,8594.491398171742
forecast_1181,2025-02-19 05:00:00,15984.000205993652,13793.26028648926,9759.481689828044
forecast_1182,2025-02-19 06:00:00,15984.000205993652,13911.336596525802,10308.69156375054
forecast_1183,2025-02-19 07:00:00,15984.000205993652,13680.449000270968,9455.90084435455
forecast_1184,2025-02-19 08:00:00,14580.000257492065,12081.704037088408,8190.581651187185
forecast_1185,2025-02-19 09:00:00,13500.0,10831.71706999097,7037.4302481902405
forecast_1186,2025-02-19 10:00:00,9828.000283241272,7185.531723301813,5163.439589281763
forecast_1187,2025-02-19 11:00:00,5183.999884128571,5677.900837998168,4571.661445398714
forecast_1188,2025-02-19 12:00:00,5183.999884128571,4662.599489239531,4101.821637223012
forecast_1189,2025-02-19 13:00:00,5183.999884128571,4709.961026724599,3337.2701939954704
forecast_1190,2025-02-19 14:00:00,6696.000051498413,4943.317126674594,3554.795948784323
forecast_1191,2025-02-19 15:00:00,6696.000051498413,4687.097305936956,3497.156791997315
forecast_1192,2025-02-19 16:00:00,6696.000051498413,4551.236068852664,3353.2975808366405
forecast_1193,2025-02-19 17:00:00,6696.000051498413,5321.782133897112,3435.7451199808584
forecast_1194,2025-02-19 18:00:00,6696.000051498413,6328.3029907904365,4611.971864078683
forecast_1195,2025-02-19 19:00:00,8100.0,7264.73784785654,5732.216041420224
forecast_1196,2025-02-19 20:00:00,9396.000051498413,6706.538950002204,5451.179220345855
forecast_1197,2025-02-19 21:00:00,9396.000051498413,6941.029252592301,5628.134340241687
forecast_1198,2025-02-19 22:00:00,9180.000257492065,10067.205397405456,7280.765455458532
forecast_1199,2025-02-19 23:00:00,9936.000180244446,9715.26386647114,6814.649019676973
forecast_1200,2025-02-20 00:00:00,11231.999588012695,9704.517410867333,6824.701798793309
forecast_1201,2025-02-20 01:00:00,11231.999588012695,8902.383834463699,5633.577555424594
forecast_1202,2025-02-20 02:00:00,11447.999382019043,9606.588262922254,6162.978311050202
forecast_1203,2025-02-20 03:00:00,12852.000617980957,10339.356205227492,6175.20516106907
forecast_1204,2025-02-20 04:00:00,12852.000617980957,10543.87460242057,6404.586618132093
forecast_1205,2025-02-20 05:00:00,13284.000205993652,10858.016016131209,6626.597845067872
forecast_1206,2025-02-20 06:00:00,13715.999794006348,12046.53286622348,6795.899993810245
forecast_1207,2025-02-20 07:00:00,15552.000617980957,13826.629090959064,8078.641149828837
forecast_1208,2025-02-20 08:00:00,15984.000205993652,12529.030594122753,8743.701563449467
forecast_1209,2025-02-20 09:00:00,15443.999433517456,12507.827103641806,9303.958988451544
forecast_1210,2025-02-20 10:00:00,13823.999691009521,11248.133705817689,8243.066105184855
forecast_1211,2025-02-20 11:00:00,11556.000566482544,9538.703009845764,6911.985067482731
forecast_1212,2025-02-20 12:00:00,11556.000566482544,9249.675601335524,7025.31114274256
forecast_1213,2025-02-20 13:00:00,11556.000566482544,8972.301420521682,7128.205822408669
forecast_1214,2025-02-20 14:00:00,13500.0,9558.304326337842,7949.387434706131
forecast_1215,2025-02-20 15:00:00,12096.000051498413,9790.0105344798,7399.259507519197
forecast_1216,2025-02-20 16:00:00,12527.999639511108,8087.76592603146,6182.241298480007
forecast_1217,2025-02-20 17:00:00,12203.999948501587,7692.41517231882,5957.508442515759
forecast_1218,2025-02-20 18:00:00,12203.999948501587,8988.728448371432,7480.693898619503
forecast_1219,2025-02-20 19:00:00,12527.999639511108,9759.822068925576,7801.356217343712
forecast_1220,2025-02-20 20:00:00,13392.000102996826,10495.30971064423,9014.767487329498
forecast_1221,2025-02-20 21:00:00,12635.999536514282,11122.193041038514,8440.458143835645
forecast_1222,2025-02-20 22:00:00,10476.000308990479,12076.390800633511,7922.416440028243
forecast_1223,2025-02-20 23:00:00,10476.000308990479,11747.81522946605,6616.651239238614
forecast_1224,2025-02-21 00:00:00,11231.999588012695,11341.020782529384,6851.583678256195
forecast_1225,2025-02-21 01:00:00,10907.999897003174,9185.543276495497,5533.288898822927
forecast_1226,2025-02-21 02:00:00,12635.999536514282,10628.992903300732,5780.598358948609
forecast_1227,2025-02-21 03:00:00,12635.999536514282,10541.231625903947,5839.618090035336
forecast_1228,2025-02-21 04:00:00,13068.000411987305,11098.129658711074,5888.919270547852
forecast_1229,2025-02-21 05:00:00,12852.000617980957,11378.704748367323,6499.936427070638
forecast_1230,2025-02-21 06:00:00,12852.000617980957,11312.317002262806,6591.478131765526
forecast_1231,2025-02-21 07:00:00,12852.000617980957,11669.401058746174,7030.952761646367
forecast_1232,2025-02-21 08:00:00,12960.00051498413,10629.40101055311,7134.015235738234
forecast_1233,2025-02-21 09:00:00,12852.000617980957,10343.527625839892,7096.582675423346
forecast_1234,2025-02-21 10:00:00,8100.0,6860.682350445018,5631.993489285308
forecast_1235,2025-02-21 11:00:00,4211.999845504761,5006.979459952842,4351.983165372068
forecast_1236,2025-02-21 12:00:00,4320.000064373016,4484.070881636158,3920.6588414993016
forecast_1237,2025-02-21 13:00:00,6696.000051498413,5577.761364799369,4760.382193716032
forecast_1238,2025-02-21 14:00:00,8100.0,5502.301555074872,4948.968051676256
forecast_1239,2025-02-21 15:00:00,8100.0,5323.905512838099,4446.749096918939
forecast_1240,2025-02-21 16:00:00,8100.0,5900.537228824193,4260.976212140238
forecast_1241,2025-02-21 17:00:00,10476.000308990479,6732.813458921059,4943.957592767569
forecast_1242,2025-02-21 18:00:00,12096.000051498413,8232.075289615146,6796.875736740125
forecast_1243,2025-02-21 19:00:00,13392.000102996826,9224.440177555502,8490.157690290167
forecast_1244,2025-02-21 20:00:00,13392.000102996826,8952.646924300765,7803.901530113081
forecast_1245,2025-02-21 21:00:00,13500.0,10940.548391681805,9014.052611646
forecast_1246,2025-02-21 22:00:00,13392.000102996826,11887.106667167323,9411.615979881237
forecast_1247,2025-02-21 23:00:00,13392.000102996826,12233.810896372064,9638.19283716057
forecast_1248,2025-02-22 00:00:00,13392.000102996826,12576.137437792218,9934.7334982521
forecast_1249,2025-02-22 01:00:00,13715.999794006348,13754.438177010192,10615.581846527051
forecast_1250,2025-02-22 02:00:00,14256.000566482544,13527.181692915354,11497.543044314052
forecast_1251,2025-02-22 03:00:00,15119.999742507935,12792.474619204051,11294.632143624029
forecast_1252,2025-02-22 04:00:00,14688.00015449524,12282.901761561669,11172.801420627882
forecast_1253,2025-02-22 05:00:00,14688.00015449524,12146.7549134013,11111.34880360173
forecast_1254,2025-02-22 06:00:00,13931.999588012695,11945.356072210021,9172.541592667372
forecast_1255,2025-02-22 07:00:00,13176.000308990479,11997.001151469714,8335.051337755865
forecast_1256,2025-02-22 08:00:00,11123.999691009521,9486.503154021835,7208.967583075036
forecast_1257,2025-02-22 09:00:00,10259.999871253967,8760.355318658414,6938.297946040972
forecast_1258,2025-02-22 10:00:00,5075.999987125397,5756.644974724778,5225.534926068191
forecast_1259,2025-02-22 11:00:00,3888.0001544952393,4780.891665703272,4371.197131389715
forecast_1260,2025-02-22 12:00:00,3888.0001544952393,4247.261507326237,4101.997240474919
forecast_1261,2025-02-22 13:00:00,6696.000051498413,5305.010654134958,4486.897311414108
forecast_1262,2025-02-22 14:00:00,8100.0,6139.202530230687,5656.929595812358
forecast_1263,2025-02-22 15:00:00,8100.0,6648.270200328543,5495.274144443916
forecast_1264,2025-02-22 16:00:00,8100.0,6826.275858376736,5007.908604701776
forecast_1265,2025-02-22 17:00:00,10476.000308990479,7858.59387233077,6234.111103236642
forecast_1266,2025-02-22 18:00:00,10476.000308990479,9214.21099089182,7943.049551484966
forecast_1267,2025-02-22 19:00:00,14256.000566482544,11426.881908121924,9440.945146674463
forecast_1268,2025-02-22 20:00:00,15660.00051498413,12629.38868521485,10723.722538304492
forecast_1269,2025-02-22 21:00:00,16200.0,14382.15134865889,13102.675036177015
forecast_1270,2025-02-22 22:00:00,19115.999794006348,16108.607089901794,14916.025375128764
forecast_1271,2025-02-22 23:00:00,19439.99948501587,16489.20264542746,14633.97878885672
forecast_1272,2025-02-23 00:00:00,19547.999382019043,16626.966543898743,15127.64895287312
forecast_1273,2025-02-23 01:00:00,18576.00030899048,16670.19067180406,14322.73922315259
forecast_1274,2025-02-23 02:00:00,19547.999382019043,16768.281189214857,14954.742823716506
forecast_1275,2025-02-23 03:00:00,19547.999382019043,17031.691853444056,15004.071155852716
forecast_1276,2025-02-23 04:00:00,19547.999382019043,17216.662977172182,15399.410478537451
forecast_1277,2025-02-23 05:00:00,19547.999382019043,17516.431586630948,15236.362423130686
forecast_1278,2025-02-23 06:00:00,19547.999382019043,17724.54386439621,15617.727864382214
forecast_1279,2025-02-23 07:00:00,19547.999382019043,17456.538434969385,15770.838342324265
forecast_1280,2025-02-23 08:00:00,19547.999382019043,17302.90891440312,15343.454007129403
forecast_1281,2025-02-23 09:00:00,19439.99948501587,16612.800817285595,14282.954915289269
forecast_1282,2025-02-23 10:00:00,15011.99984550476,15654.362979291263,13327.82213987006
forecast_1283,2025-02-23 11:00:00,15011.99984550476,15141.242987279844,12728.288786127085
forecast_1284,2025-02-23 12:00:00,14796.000051498413,14817.171957291586,12438.786789062224
forecast_1285,2025-02-23 13:00:00,14688.00015449524,14413.465092817622,12009.48552479262
forecast_1286,2025-02-23 14:00:00,14688.00015449524,14138.412477059284,11349.345344473213
forecast_1287,2025-02-23 15:00:00,14688.00015449524,13899.988345935935,11176.196389970062
forecast_1288,2025-02-23 16:00:00,14147.999382019043,12942.010899988054,10602.416067300184
forecast_1289,2025-02-23 17:00:00,14147.999382019043,11236.305643104772,9582.352236560171
forecast_1290,2025-02-23 18:00:00,13715.999794006348,11338.31074132482,8886.980396577863
forecast_1291,2025-02-23 19:00:00,13068.000411987305,10787.68979176944,8699.479115151777
forecast_1292,2025-02-23 20:00:00,12096.000051498413,10606.270026398635,9265.965433835963
forecast_1293,2025-02-23 21:00:00,12635.999536514282,12063.329921102628,10113.513313422289
forecast_1294,2025-02-23 22:00:00,14472.000360488892,15140.736880393762,11421.654240988775
forecast_1295,2025-02-23 23:00:00,15552.000617980957,14217.23414402125,10653.96565840404
forecast_1296,2025-02-24 00:00:00,15984.000205993652,14995.458399608591,11221.760023674817
forecast_1297,2025-02-24 01:00:00,17172.00036048889,15083.20829863844,12001.64415760966
forecast_1298,2025-02-24 02:00:00,18468.000411987305,16101.132498050343,12922.641540543162
forecast_1299,2025-02-24 03:00:00,19547.999382019043,16711.616857459707,13458.16379543343
forecast_1300,2025-02-24 04:00:00,19547.999382019043,17234.228552331297,13871.403201395477
forecast_1301,2025-02-24 05:00:00,19547.999382019043,17090.689685189685,12816.457351520508
forecast_1302,2025-02-24 06:00:00,18468.000411987305,16642.99521652336,12522.68495039724
forecast_1303,2025-02-24 07:00:00,18035.999536514282,16333.391593419252,12214.197171948566
forecast_1304,2025-02-24 08:00:00,18468.000411987305,14403.328458482021,10868.816120984826
forecast_1305,2025-02-24 09:00:00,18468.000411987305,14105.418380213338,11071.747814809052
forecast_1306,2025-02-24 10:00:00,13500.0,11504.185741700849,9718.88008419448
forecast_1307,2025-02-24 11:00:00,10259.999871253967,10936.06204238838,8786.841065851673
forecast_1308,2025-02-24 12:00:00,10259.999871253967,9982.752662199366,7201.849742143751
forecast_1309,2025-02-24 13:00:00,10476.000308990479,9329.2942543314,6732.247846701979
forecast_1310,2025-02-24 14:00:00,11447.999382019043,9448.40737513491,6636.606693415432
forecast_1311,2025-02-24 15:00:00,11556.000566482544,10786.499929750456,7776.427397200392
forecast_1312,2025-02-24 16:00:00,11556.000566482544,10915.571669800282,8106.397715924687
forecast_1313,2025-02-24 17:00:00,11447.999382019043,12250.942669202668,9066.482643016878
forecast_1314,2025-02-24 18:00:00,12203.999948501587,13766.05651227908,10879.430515868416
forecast_1315,2025-02-24 19:00:00,15984.000205993652,14277.017625595452,11742.773774540115
forecast_1316,2025-02-24 20:00:00,17496.000051498413,16265.539162739193,13275.940966816312
forecast_1317,2025-02-24 21:00:00,19547.999382019043,16600.244895254807,14364.17509123034
forecast_1318,2025-02-24 22:00:00,19980.000257492065,18509.49799030708,16808.33979209031
forecast_1319,2025-02-24 23:00:00,19980.000257492065,18885.91054280029,16991.099038022156
forecast_1320,2025-02-25 00:00:00,19980.000257492065,19411.228223734182,17196.759826155267
forecast_1321,2025-02-25 01:00:00,19980.000257492065,19532.213186919853,17093.29520183279
forecast_1322,2025-02-25 02:00:00,19980.000257492065,19732.02383862088,17737.7435025821
forecast_1323,2025-02-25 03:00:00,19980.000257492065,20148.979173846623,18265.486052962624
forecast_1324,2025-02-25 04:00:00,19980.000257492065,20441.96952849694,18141.4594196436
forecast_1325,2025-02-25 05:00:00,19980.000257492065,20671.356224536423,18012.19934517041
forecast_1326,2025-02-25 06:00:00,19980.000257492065,20483.39368009803,18298.779007641377
forecast_1327,2025-02-25 07:00:00,19980.000257492065,20459.64103278236,18389.47115946582
forecast_1328,2025-02-25 08:00:00,19980.000257492065,20286.333947744228,17924.615060196273
forecast_1329,2025-02-25 09:00:00,19980.000257492065,20273.39416425312,18560.79474566622
forecast_1330,2025-02-25 10:00:00,19980.000257492065,19349.282839126263,17722.453900813696
forecast_1331,2025-02-25 11:00:00,19547.999382019043,18916.225942190023,17067.688747180953
forecast_1332,2025-02-25 12:00:00,19547.999382019043,17631.24184520875,16023.126742490182
forecast_1333,2025-02-25 13:00:00,15660.00051498413,16041.346944882456,14138.901719884587
forecast_1334,2025-02-25 14:00:00,18900.0,16286.122307860804,15208.61160875374
forecast_1335,2025-02-25 15:00:00,19331.999588012695,16828.827849698195,15107.433817983394
forecast_1336,2025-02-25 16:00:00,19331.999588012695,17614.446532929043,15405.477348710538
forecast_1337,2025-02-25 17:00:00,18900.0,18500.79272200536,15894.69469080946
forecast_1338,2025-02-25 18:00:00,19547.999382019043,18744.09867080124,17462.998431517146
forecast_1339,2025-02-25 19:00:00,19656.000566482544,19083.086446952064,18088.495943895126
forecast_1340,2025-02-25 20:00:00,19980.000257492065,19097.875570770382,18567.860017916348
forecast_1341,2025-02-25 21:00:00,19656.000566482544,19061.83278511343,18689.29709753646
forecast_1342,2025-02-25 22:00:00,19656.000566482544,19056.970669148788,18650.81347056649
forecast_1343,2025-02-25 23:00:00,19656.000566482544,18823.547457466688,18492.69863864303
forecast_1344,2025-02-26 00:00:00,19656.000566482544,18873.657475716685,18047.050006686528
forecast_1345,2025-02-26 01:00:00,19331.999588012695,18441.28284388035,18242.47076437677
forecast_1346,2025-02-26 02:00:00,19331.999588012695,18513.1554185864,18602.16184988775
forecast_1347,2025-02-26 03:00:00,19331.999588012695,18583.660368036468,18602.462473858603
forecast_1348,2025-02-26 04:00:00,19223.99969100952,18467.72455192894,18381.25390471444
forecast_1349,2025-02-26 05:00:00,19331.999588012695,18519.65178126325,18142.29126287173
forecast_1350,2025-02-26 06:00:00,19331.999588012695,18566.84344301552,17092.739580043602
forecast_1351,2025-02-26 07:00:00,18684.000205993652,18713.45677290301,16441.157329287544
forecast_1352,2025-02-26 08:00:00,17388.00015449524,18220.99666770685,15723.007525403138
forecast_1353,2025-02-26 09:00:00,15335.999536514282,17512.114411601553,14615.39397524561
forecast_1354,2025-02-26 10:00:00,14688.00015449524,15366.901251808978,11990.725796303685
forecast_1355,2025-02-26 11:00:00,14796.000051498413,13666.140190828504,11108.028164091043
forecast_1356,2025-02-26 12:00:00,14147.999382019043,14204.211459894146,11202.51154464922
forecast_1357,2025-02-26 13:00:00,14796.000051498413,13093.210579756606,11274.073762509805
forecast_1358,2025-02-26 14:00:00,14796.000051498413,12708.56187963432,10903.57613793962
forecast_1359,2025-02-26 15:00:00,14796.000051498413,13397.198075988978,10812.598906612006
forecast_1360,2025-02-26 16:00:00,14796.000051498413,13991.587086536929,11253.632671885794
forecast_1361,2025-02-26 17:00:00,14796.000051498413,13938.327483229848,11712.33309118503
forecast_1362,2025-02-26 18:00:00,14796.000051498413,15444.80339871737,12889.263495938005
forecast_1363,2025-02-26 19:00:00,15119.999742507935,16629.147436298357,13812.931561129586
forecast_1364,2025-02-26 20:00:00,17388.00015449524,18094.96547475721,14992.032847698636
forecast_1365,2025-02-26 21:00:00,19331.999588012695,18987.55698044644,16319.723976554184
forecast_1366,2025-02-26 22:00:00,19115.999794006348,19026.48777047584,16305.373326046209
forecast_1367,2025-02-26 23:00:00,16200.0,18598.137804553244,15649.56283563733
forecast_1368,2025-02-27 00:00:00,19547.999382019043,19431.29709059345,16410.14405945847
forecast_1369,2025-02-27 01:00:00,19980.000257492065,19515.236832405742,17353.590347583904
forecast_1370,2025-02-27 02:00:00,19980.000257492065,19574.53349775405,17050.637655904346
forecast_1371,2025-02-27 03:00:00,19980.000257492065,19374.552538314834,17247.460828930154
forecast_1372,2025-02-27 04:00:00,19980.000257492065,19538.26059743105,17041.911688829452
forecast_1373,2025-02-27 05:00:00,19980.000257492065,18860.770130228702,16888.142872153607
forecast_1374,2025-02-27 06:00:00,19980.000257492065,19086.54952834936,16844.535856942603
forecast_1375,2025-02-27 07:00:00,19980.000257492065,19014.822027502312,16256.501011392807
forecast_1376,2025-02-27 08:00:00,19980.000257492065,18578.306010799774,15781.377718721353
forecast_1377,2025-02-27 09:00:00,19980.000257492065,18077.81661426884,15202.617130303364
forecast_1378,2025-02-27 10:00:00,17280.000257492065,16838.540620292584,14693.402729440011
forecast_1379,2025-02-27 11:00:00,15984.000205993652,14148.119830924094,12865.434161914378
forecast_1380,2025-02-27 12:00:00,14580.000257492065,12791.811603532871,11990.748890762105
forecast_1381,2025-02-27 13:00:00,13392.000102996826,10860.385323660405,10311.442536624829
forecast_1382,2025-02-27 14:00:00,11988.00015449524,8709.594893721474,8116.387498824004
forecast_1383,2025-02-27 15:00:00,10692.000102996826,7790.374316443164,6953.715212845982
forecast_1384,2025-02-27 16:00:00,10692.000102996826,7459.303308934451,6875.313128826352
forecast_1385,2025-02-27 17:00:00,10476.000308990479,8108.948625905332,5858.101607295634
forecast_1386,2025-02-27 18:00:00,10907.999897003174,8393.088277105635,5351.552102022802
forecast_1387,2025-02-27 19:00:00,13068.000411987305,10438.79715569006,7569.937827616083
forecast_1388,2025-02-27 20:00:00,13500.0,11588.864558652307,8606.226567329895
forecast_1389,2025-02-27 21:00:00,15984.000205993652,14636.13703199279,10123.783483607262
forecast_1390,2025-02-27 22:00:00,16307.999897003174,16239.100838497216,10718.39415769366
forecast_1391,2025-02-27 23:00:00,16092.000102996826,16618.148961884384,10794.292221334188
forecast_1392,2025-02-28 00:00:00,15984.000205993652,16701.531878153393,9524.914562643446
forecast_1393,2025-02-28 01:00:00,14472.000360488892,16583.857149871124,11402.207308189283
forecast_1394,2025-02-28 02:00:00,15984.000205993652,15819.411116187935,11595.057987840171
forecast_1395,2025-02-28 03:00:00,19331.999588012695,15969.36401040908,12716.73442612818
forecast_1396,2025-02-28 04:00:00,19007.999897003174,16567.29736474573,14513.456571064742
forecast_1397,2025-02-28 05:00:00,19547.999382019043,17385.462771034574,15583.21351563545
forecast_1398,2025-02-28 06:00:00,19547.999382019043,17880.36948621075,16022.475595684518
forecast_1399,2025-02-28 07:00:00,19547.999382019043,18107.68500616031,15732.902467772712
forecast_1400,2025-02-28 08:00:00,17603.999948501587,16632.801017222348,15010.386252317538
forecast_1401,2025-02-28 09:00:00,19547.999382019043,18250.12864544321,16098.801999014591
forecast_1402,2025-02-28 10:00:00,17819.999742507935,17070.203539953574,15517.428023262351
forecast_1403,2025-02-28 11:00:00,15660.00051498413,16305.073569755798,14581.144636443416
forecast_1404,2025-02-28 12:00:00,13823.999691009521,13820.44546186238,10920.601661691202
forecast_1405,2025-02-28 13:00:00,12096.000051498413,13130.570615613791,10441.332448146564
forecast_1406,2025-02-28 14:00:00,12096.000051498413,12488.264326974127,10985.210914540135
forecast_1407,2025-02-28 15:00:00,12096.000051498413,11924.682312701578,10382.20183637496
forecast_1408,2025-02-28 16:00:00,13823.999691009521,12289.7901180727,10285.321226069282
forecast_1409,2025-02-28 17:00:00,15335.999536514282,15001.98151779193,12891.757864653648
forecast_1410,2025-02-28 18:00:00,16739.99948501587,14226.996117261451,12933.63066150458
forecast_1411,2025-02-28 19:00:00,17603.999948501587,14276.905139602432,11372.776254000171
forecast_1412,2025-02-28 20:00:00,17927.99963951111,13643.290057218172,9586.485062728629
forecast_1413,2025-02-28 21:00:00,14256.000566482544,11035.043284429194,8678.688954563982
forecast_1414,2025-02-28 22:00:00,12852.000617980957,11778.552370290992,9362.12823516649
forecast_1415,2025-02-28 23:00:00,13284.000205993652,10297.392521832911,9955.869713111038
forecast_1416,2025-03-01 00:00:00,11123.999691009521,8282.59665479093,6929.991579833546
forecast_1417,2025-03-01 01:00:00,16739.99948501587,10768.45186368594,8893.5151224884
forecast_1418,2025-03-01 02:00:00,9611.99984550476,7325.652018281251,5613.713714161869
forecast_1419,2025-03-01 03:00:00,9396.000051498413,5791.955354892993,4639.154680837405
forecast_1420,2025-03-01 04:00:00,4751.9999742507935,4917.991615994917,3699.362397126582
forecast_1421,2025-03-01 05:00:00,4535.999858379364,4122.745136859028,3305.0887190967555
forecast_1422,2025-03-01 06:00:00,3888.0001544952393,3470.776509187961,3470.4211651182313
forecast_1423,2025-03-01 07:00:00,3888.0001544952393,3726.73595985369,2866.441216020384
forecast_1424,2025-03-01 08:00:00,3888.0001544952393,3297.8030665772635,2836.8771530743734
forecast_1425,2025-03-01 09:00:00,3888.0001544952393,3228.715682459289,2683.6664629013603
forecast_1426,2025-03-01 10:00:00,3888.0001544952393,3129.2169550888466,2605.796649473226
forecast_1427,2025-03-01 11:00:00,3888.0001544952393,3033.6655622138405,2749.1754532363525
forecast_1428,2025-03-01 12:00:00,3888.0001544952393,3222.7840155059575,2697.4721382583166
forecast_1429,2025-03-01 13:00:00,3888.0001544952393,3209.6428763224694,2191.33497943445
forecast_1430,2025-03-01 14:00:00,4968.000090122223,3579.5313643244226,2734.6294149704736
forecast_1431,2025-03-01 15:00:00,5183.999884128571,4141.893409843153,3132.157863199062
forecast_1432,2025-03-01 16:00:00,6155.99992275238,4030.516270682832,3905.3991466881516
forecast_1433,2025-03-01 17:00:00,6048.0000257492065,4258.336821822904,3997.9571636167634
forecast_1434,2025-03-01 18:00:00,6048.0000257492065,4620.183715336768,3959.993245330541
forecast_1435,2025-03-01 19:00:00,4320.000064373016,4068.4774643130017,2670.903266841666
forecast_1436,2025-03-01 20:00:00,3888.0001544952393,3846.891213218649,2876.1860836741707
forecast_1437,2025-03-01 21:00:00,3996.000051498413,4497.47928208305,3564.348242456239
forecast_1438,2025-03-01 22:00:00,3888.0001544952393,4482.414501604239,3954.514099865181
forecast_1439,2025-03-01 23:00:00,3888.0001544952393,4154.728320150888,3907.303471763929
forecast_1440,2025-03-02 00:00:00,3888.0001544952393,4018.971797437206,3868.435518420814
forecast_1441,2025-03-02 01:00:00,6155.99992275238,5486.84950024776,3834.846637622605
forecast_1442,2025-03-02 02:00:00,6155.99992275238,5135.650435852247,3623.528637996301
forecast_1443,2025-03-02 03:00:00,6155.99992275238,5100.184446736361,3593.4235135804806
forecast_1444,2025-03-02 04:00:00,6155.99992275238,5086.291663067252,3301.048500618909
forecast_1445,2025-03-02 05:00:00,4644.00007724762,4846.761151444888,3316.39683274354
forecast_1446,2025-03-02 06:00:00,3888.0001544952393,3997.354810301814,2602.5474079363603
forecast_1447,2025-03-02 07:00:00,3888.0001544952393,3779.657447938605,3016.5230458156016
forecast_1448,2025-03-02 08:00:00,3564.000141620636,3668.1932480936734,2794.9013615624926
forecast_1449,2025-03-02 09:00:00,3888.0001544952393,3724.647263729879,2753.5775693496407
forecast_1450,2025-03-02 10:00:00,4103.999948501587,4084.5886611489113,2708.8622173285894
forecast_1451,2025-03-02 11:00:00,3888.0001544952393,4280.80124597916,2910.5656234708918
forecast_1452,2025-03-02 12:00:00,4103.999948501587,4428.079774942982,3389.5371096496247
forecast_1453,2025-03-02 13:00:00,4644.00007724762,5348.31906955945,3707.6341869920266
forecast_1454,2025-03-02 14:00:00,4644.00007724762,6349.403759228835,4387.953794457556
forecast_1455,2025-03-02 15:00:00,4751.9999742507935,6948.6733255911795,4516.223390582618
forecast_1456,2025-03-02 16:00:00,5723.9996910095215,8570.791154689636,5341.4690398337225
forecast_1457,2025-03-02 17:00:00,6371.999716758728,9164.225695274525,6550.564164379277
forecast_1458,2025-03-02 18:00:00,12419.999742507935,10324.01436644263,8008.892677804295
forecast_1459,2025-03-02 19:00:00,12743.999433517456,13207.953001470289,10000.225890045249
forecast_1460,2025-03-02 20:00:00,12743.999433517456,12868.501370491753,10262.38886245724
forecast_1461,2025-03-02 21:00:00,12743.999433517456,13405.415760745096,10164.643847207706
forecast_1462,2025-03-02 22:00:00,14256.000566482544,14096.339513979805,11669.285364387171
forecast_1463,2025-03-02 23:00:00,14580.000257492065,14128.612426029582,11134.1167493737
forecast_1464,2025-03-03 00:00:00,12743.999433517456,12396.60065754748,10136.125769912533
forecast_1465,2025-03-03 01:00:00,14256.000566482544,15779.68931283663,12404.6546721809
forecast_1466,2025-03-03 02:00:00,14256.000566482544,15271.184996214422,11911.363881673193
forecast_1467,2025-03-03 03:00:00,14256.000566482544,15419.73153545127,12092.26361596621
forecast_1468,2025-03-03 04:00:00,14256.000566482544,15471.201129136562,12551.137287102718
forecast_1469,2025-03-03 05:00:00,14256.000566482544,15558.259703943157,12557.232378560713
forecast_1470,2025-03-03 06:00:00,14472.000360488892,17268.701017626336,12922.29177884266
forecast_1471,2025-03-03 07:00:00,14472.000360488892,17378.5764274846,12870.534978644711
forecast_1472,2025-03-03 08:00:00,14472.000360488892,17197.63343924957,13039.454578519691
forecast_1473,2025-03-03 09:00:00,14472.000360488892,17216.912627801616,12965.401274922802
forecast_1474,2025-03-03 10:00:00,14472.000360488892,16496.36515065517,13038.8941852307
forecast_1475,2025-03-03 11:00:00,14472.000360488892,16286.105940530408,12206.867205991764
forecast_1476,2025-03-03 12:00:00,14472.000360488892,15401.661271305758,12138.205932032655
forecast_1477,2025-03-03 13:00:00,14472.000360488892,15229.684120771346,11428.315397495518
forecast_1478,2025-03-03 14:00:00,14039.99948501587,15017.558647065616,10875.133526098163
forecast_1479,2025-03-03 15:00:00,14039.99948501587,15032.390024212938,10900.972175233917
forecast_1480,2025-03-03 16:00:00,13068.000411987305,14813.012898894418,11565.877809809766
forecast_1481,2025-03-03 17:00:00,13068.000411987305,15158.380842572124,11831.90306779903
forecast_1482,2025-03-03 18:00:00,13823.999691009521,15390.56694345612,11587.35945321676
forecast_1483,2025-03-03 19:00:00,13823.999691009521,15135.115930380687,11323.84202849608
forecast_1484,2025-03-03 20:00:00,13823.999691009521,14803.05010438477,11188.657422991504
forecast_1485,2025-03-03 21:00:00,13823.999691009521,15306.270770721698,11086.718819477264
forecast_1486,2025-03-03 22:00:00,13823.999691009521,15686.443161393443,11714.833930230348
forecast_1487,2025-03-03 23:00:00,13823.999691009521,15701.34268317705,11620.432681313205
forecast_1488,2025-03-04 00:00:00,14256.000566482544,16392.05565474467,11795.119866476032
forecast_1489,2025-03-04 01:00:00,14256.000566482544,17078.136232716224,11526.580578588822
forecast_1490,2025-03-04 02:00:00,14256.000566482544,17024.233084860894,12129.296568354266
forecast_1491,2025-03-04 03:00:00,14256.000566482544,16718.65812785987,11760.44006631686
forecast_1492,2025-03-04 04:00:00,14256.000566482544,16907.868723177686,12349.280135707008
forecast_1493,2025-03-04 05:00:00,14256.000566482544,16901.609432406847,12163.359436294524
forecast_1494,2025-03-04 06:00:00,14256.000566482544,17317.664568560984,12416.661219582704
forecast_1495,2025-03-04 07:00:00,13823.999691009521,17036.920102039,12530.576633499091
forecast_1496,2025-03-04 08:00:00,13823.999691009521,17003.302778240763,12745.705908009444
forecast_1497,2025-03-04 09:00:00,13823.999691009521,16987.20175549947,13169.112720686951
forecast_1498,2025-03-04 10:00:00,13823.999691009521,16805.093025981325,12969.014123306017
forecast_1499,2025-03-04 11:00:00,13823.999691009521,16700.81325008318,12793.26244462873
forecast_1500,2025-03-04 12:00:00,13823.999691009521,16700.011705063676,12830.806668622838
forecast_1501,2025-03-04 13:00:00,13823.999691009521,16752.136518527186,13249.75897204427
forecast_1502,2025-03-04 14:00:00,13823.999691009521,16635.356408230822,13257.351357928472
forecast_1503,2025-03-04 15:00:00,14039.99948501587,16901.00512817663,12848.214395515151
forecast_1504,2025-03-04 16:00:00,14039.99948501587,17104.954815351175,13081.752961528731
forecast_1505,2025-03-04 17:00:00,14039.99948501587,16880.428952624676,12996.163098553086
forecast_1506,2025-03-04 18:00:00,13823.999691009521,16421.51202315905,12851.608726155904
forecast_1507,2025-03-04 19:00:00,13823.999691009521,16224.53563734434,13005.430058719943
forecast_1508,2025-03-04 20:00:00,13823.999691009521,15636.115155899946,13190.95106628445
forecast_1509,2025-03-04 21:00:00,13823.999691009521,16406.658171562744,12408.653173410723
forecast_1510,2025-03-04 22:00:00,14039.99948501587,15997.61459899958,12327.30950405309
forecast_1511,2025-03-04 23:00:00,14039.99948501587,15749.44757090952,12155.68196210037
forecast_1512,2025-03-05 00:00:00,13823.999691009521,14071.616069878795,11741.017011963018
forecast_1513,2025-03-05 01:00:00,6588.000154495239,8217.268041330984,6210.686240558664
forecast_1514,2025-03-05 02:00:00,5292.000102996826,7590.824564459487,5039.367113712379
forecast_1515,2025-03-05 03:00:00,6803.999948501587,7908.749428967156,5870.829762660901
forecast_1516,2025-03-05 04:00:00,4211.999845504761,6167.386215458012,4792.520452456769
forecast_1517,2025-03-05 05:00:00,4211.999845504761,5755.767909614522,4002.170914720573
forecast_1518,2025-03-05 06:00:00,4103.999948501587,5629.2870213738215,4411.878741714154
forecast_1519,2025-03-05 07:00:00,4103.999948501587,4847.2657694851605,3614.511862424007
forecast_1520,2025-03-05 08:00:00,3996.000051498413,4738.530375595815,4135.999598980251
forecast_1521,2025-03-05 09:00:00,4103.999948501587,4858.513007905904,3925.58045084336
forecast_1522,2025-03-05 10:00:00,3888.0001544952393,3658.346782570647,3121.7997571471874
forecast_1523,2025-03-05 11:00:00,3888.0001544952393,3287.6891033803863,2791.550789525052
forecast_1524,2025-03-05 12:00:00,3888.0001544952393,2896.530538217612,2744.609332395095
forecast_1525,2025-03-05 13:00:00,3888.0001544952393,2716.420278942791,2709.0672861217386
forecast_1526,2025-03-05 14:00:00,3779.9999356269836,2923.419605903063,2571.8603764078034
forecast_1527,2025-03-05 15:00:00,3779.9999356269836,2921.039233007499,2382.817133828836
forecast_1528,2025-03-05 16:00:00,3888.0001544952393,2751.9931935306254,2316.2199372442046
forecast_1529,2025-03-05 17:00:00,3888.0001544952393,2776.5742590368186,2214.312586358537
forecast_1530,2025-03-05 18:00:00,3888.0001544952393,2685.460374574477,2283.801222910005
forecast_1531,2025-03-05 19:00:00,3888.0001544952393,2898.3059926466653,2314.598168059275
forecast_1532,2025-03-05 20:00:00,3888.0001544952393,3232.101191470836,2495.645166599227
forecast_1533,2025-03-05 21:00:00,3888.0001544952393,3536.966005820779,2896.294618558577
forecast_1534,2025-03-05 22:00:00,3888.0001544952393,3725.952223272208,3150.494366436852
forecast_1535,2025-03-05 23:00:00,3888.0001544952393,3531.723915146323,3013.583912837212
forecast_1536,2025-03-06 00:00:00,3888.0001544952393,3361.242854190411,2860.335791122929
forecast_1537,2025-03-06 01:00:00,3888.0001544952393,3331.328369806862,2737.703805444531
forecast_1538,2025-03-06 02:00:00,3888.0001544952393,3167.5760017581642,2725.039965161506
forecast_1539,2025-03-06 03:00:00,3888.0001544952393,3009.1869386476715,2649.1532648358866
forecast_1540,2025-03-06 04:00:00,3888.0001544952393,2938.161845078918,2441.934559827848
forecast_1541,2025-03-06 05:00:00,3888.0001544952393,2946.8524451716817,2336.8792365647337
forecast_1542,2025-03-06 06:00:00,3888.0001544952393,2805.525860798406,2900.8287985417555
forecast_1543,2025-03-06 07:00:00,3564.000141620636,2784.715596023999,2671.894535262524
forecast_1544,2025-03-06 08:00:00,3564.000141620636,2762.595953671191,2518.519731760298
forecast_1545,2025-03-06 09:00:00,3455.9999227523804,2577.603689411361,2481.5239272828967
forecast_1546,2025-03-06 10:00:00,3779.9999356269836,2606.8169617430644,2295.9746668555026
forecast_1547,2025-03-06 11:00:00,3779.9999356269836,2520.6529351370423,2279.415442115715
forecast_1548,2025-03-06 12:00:00,3779.9999356269836,2626.963509325998,2198.240805026228
forecast_1549,2025-03-06 13:00:00,3779.9999356269836,2558.859687660526,2349.997579263571
forecast_1550,2025-03-06 14:00:00,3779.9999356269836,2563.999852426049,2347.3315653882123
forecast_1551,2025-03-06 15:00:00,3779.9999356269836,2543.417286006482,2292.2159320220944
forecast_1552,2025-03-06 16:00:00,3564.000141620636,2762.6354483811688,2261.854478131436
forecast_1553,2025-03-06 17:00:00,3564.000141620636,2735.7739439439665,2184.11680212202
forecast_1554,2025-03-06 18:00:00,3564.000141620636,2362.8382001705622,2255.3960530722707
forecast_1555,2025-03-06 19:00:00,3564.000141620636,2532.642547342439,2101.9266125268828
forecast_1556,2025-03-06 20:00:00,3564.000141620636,2913.7443324531687,2406.238412890976
forecast_1557,2025-03-06 21:00:00,3888.0001544952393,3119.670417710526,3436.3163046563923
forecast_1558,2025-03-06 22:00:00,3888.0001544952393,3141.4818669811025,3539.5340723968543
forecast_1559,2025-03-06 23:00:00,3888.0001544952393,3129.165998150894,3441.220786620388
forecast_1560,2025-03-07 00:00:00,3888.0001544952393,2985.983681638063,3171.462695371445
forecast_1561,2025-03-07 01:00:00,3888.0001544952393,3116.0523274623683,2795.512198344621
forecast_1562,2025-03-07 02:00:00,3888.0001544952393,3240.601746417284,2873.623681933013
forecast_1563,2025-03-07 03:00:00,3888.0001544952393,2901.383546726127,2524.265140846251
forecast_1564,2025-03-07 04:00:00,3888.0001544952393,2824.402433467287,2564.229793850642
forecast_1565,2025-03-07 05:00:00,3888.0001544952393,3007.6874470433245,2736.5499381014943
forecast_1566,2025-03-07 06:00:00,3888.0001544952393,2943.321125609583,2707.943035261288
forecast_1567,2025-03-07 07:00:00,3888.0001544952393,2873.56424571052,2434.4762946414035
forecast_1568,2025-03-07 08:00:00,3888.0001544952393,2912.298788938997,2587.9183488521458
forecast_1569,2025-03-07 09:00:00,3779.9999356269836,3145.856294136325,2777.877562299445
forecast_1570,2025-03-07 10:00:00,3888.0001544952393,2844.155178399034,2646.970564423212
forecast_1571,2025-03-07 11:00:00,3779.9999356269836,2819.8214675839604,2366.078458104408
forecast_1572,2025-03-07 12:00:00,3779.9999356269836,2915.3506324616915,2532.839367727446
forecast_1573,2025-03-07 13:00:00,3779.9999356269836,2642.647097097678,2465.991137052832
forecast_1574,2025-03-07 14:00:00,3779.9999356269836,2704.4278363818044,2547.2611510913093
forecast_1575,2025-03-07 15:00:00,3888.0001544952393,2865.400607966132,2766.309177387542
forecast_1576,2025-03-07 16:00:00,3455.9999227523804,2713.592700637125,2376.086889790163
forecast_1577,2025-03-07 17:00:00,3779.9999356269836,2856.792745053098,2594.6082402700204
forecast_1578,2025-03-07 18:00:00,3779.9999356269836,2732.9303600890125,2869.158924375001
forecast_1579,2025-03-07 19:00:00,3779.9999356269836,3067.241262821384,3004.055406534127
forecast_1580,2025-03-07 20:00:00,3888.0001544952393,2936.9034198280065,2412.369778932526
forecast_1581,2025-03-07 21:00:00,3888.0001544952393,2973.4520702284335,2367.3981634583606
forecast_1582,2025-03-07 22:00:00,3888.0001544952393,3016.3934277354583,2517.835399683768
forecast_1583,2025-03-07 23:00:00,3888.0001544952393,3399.6826724032576,2670.244157635277
forecast_1584,2025-03-08 00:00:00,3888.0001544952393,3567.5226144726635,2885.830512882193
forecast_1585,2025-03-08 01:00:00,4320.000064373016,3776.6236521946867,3687.8310848877272
forecast_1586,2025-03-08 02:00:00,4320.000064373016,4643.149556772379,3504.1059155039434
forecast_1587,2025-03-08 03:00:00,5940.000128746033,4855.826645077415,3517.266186128292
forecast_1588,2025-03-08 04:00:00,6263.999819755554,6247.105811080235,4120.162585514797
forecast_1589,2025-03-08 05:00:00,5940.000128746033,6048.740948480764,3786.2286025739736
forecast_1590,2025-03-08 06:00:00,6263.999819755554,7411.516337574703,4265.043384797887
forecast_1591,2025-03-08 07:00:00,4320.000064373016,7111.014143451325,3792.161929709524
forecast_1592,2025-03-08 08:00:00,6263.999819755554,6966.581756558966,3839.887052781058
forecast_1593,2025-03-08 09:00:00,5940.000128746033,6915.326066798389,4188.709133629536
forecast_1594,2025-03-08 10:00:00,6263.999819755554,5422.659633343849,4113.439412062403
forecast_1595,2025-03-08 11:00:00,5615.999794006348,5139.551178513247,4198.189239862287
forecast_1596,2025-03-08 12:00:00,4211.999845504761,4932.551768973935,3997.377503947368
forecast_1597,2025-03-08 13:00:00,4211.999845504761,4940.921287562454,3880.0536850480944
forecast_1598,2025-03-08 14:00:00,6048.0000257492065,6382.807515990977,4855.057189663082
forecast_1599,2025-03-08 15:00:00,9288.00015449524,6798.3853826658005,4808.1371088445285
forecast_1600,2025-03-08 16:00:00,8100.0,6733.275049142981,5215.96784851096
forecast_1601,2025-03-08 17:00:00,6696.000051498413,7472.052265844805,5986.402235956797
forecast_1602,2025-03-08 18:00:00,10584.000205993652,7310.993960347605,6768.95281933334
forecast_1603,2025-03-08 19:00:00,10907.999897003174,8428.056470010313,8005.268848347216
forecast_1604,2025-03-08 20:00:00,10476.000308990479,8901.809878856562,7305.449776442097
forecast_1605,2025-03-08 21:00:00,10151.999974250793,8569.83875606923,6680.265828295049
forecast_1606,2025-03-08 22:00:00,12311.99984550476,10368.326232441408,6950.2834050507045
forecast_1607,2025-03-08 23:00:00,12311.99984550476,10291.396215573115,6974.462661614353
forecast_1608,2025-03-09 00:00:00,11231.999588012695,10013.31452097986,7357.739225223156
forecast_1609,2025-03-09 01:00:00,7128.000283241272,6768.6591769711185,4181.527388064509
forecast_1610,2025-03-09 02:00:00,6263.999819755554,6500.482454251303,4557.079950454321
forecast_1611,2025-03-09 03:00:00,6263.999819755554,6116.529471974667,3986.237981725043
forecast_1612,2025-03-09 04:00:00,4427.99996137619,4714.858458710706,3651.814431545477
forecast_1613,2025-03-09 05:00:00,4103.999948501587,3774.616633427273,3119.5538393134816
forecast_1614,2025-03-09 06:00:00,4751.9999742507935,3659.5713445877527,3174.1053167774944
forecast_1615,2025-03-09 07:00:00,4859.999871253967,3663.8385061264717,3799.419522419523
forecast_1616,2025-03-09 08:00:00,3888.0001544952393,2976.5586532246884,2834.7421973288683
forecast_1617,2025-03-09 09:00:00,3779.9999356269836,2697.4622992469267,2354.073208309491
forecast_1618,2025-03-09 10:00:00,3348.0000257492065,2428.651224945764,2017.6901537067413
forecast_1619,2025-03-09 11:00:00,3348.0000257492065,2521.3824872018035,2220.417201081415
forecast_1620,2025-03-09 12:00:00,3131.999909877777,2366.654508212666,2067.01699332838
forecast_1621,2025-03-09 13:00:00,3455.9999227523804,2455.0022117327244,1965.5636889235368
forecast_1622,2025-03-09 14:00:00,3455.9999227523804,2325.3095967938525,1974.6004877081537
forecast_1623,2025-03-09 15:00:00,3564.000141620636,2401.056876098745,1823.3257298770127
forecast_1624,2025-03-09 16:00:00,3779.9999356269836,2294.1820564813347,1883.21411851249
forecast_1625,2025-03-09 17:00:00,3455.9999227523804,2266.6471524836543,1839.8665352919809
forecast_1626,2025-03-09 18:00:00,3455.9999227523804,2425.399271435393,2164.500129662255
forecast_1627,2025-03-09 19:00:00,3888.0001544952393,2461.8550868062566,2137.9439606025057
forecast_1628,2025-03-09 20:00:00,3888.0001544952393,2612.217273552468,2242.666402652462
forecast_1629,2025-03-09 21:00:00,3888.0001544952393,2417.200851029352,2385.936523055543
forecast_1630,2025-03-09 22:00:00,3888.0001544952393,2550.7805708717283,2611.958170285552
forecast_1631,2025-03-09 23:00:00,3888.0001544952393,3013.281918231373,2978.380534256724
forecast_1632,2025-03-10 00:00:00,4103.999948501587,3940.154917824581,3148.9940338182346
forecast_1633,2025-03-10 01:00:00,5075.999987125397,5621.85297341113,4206.288996765017
forecast_1634,2025-03-10 02:00:00,7451.9999742507935,7542.148048284623,4874.49706768438
forecast_1635,2025-03-10 03:00:00,6480.000257492065,6742.623931252468,4352.125946936166
forecast_1636,2025-03-10 04:00:00,6911.999845504761,6918.3152042862575,4092.171794781696
forecast_1637,2025-03-10 05:00:00,5615.999794006348,6017.22592861448,3812.5561710288807
forecast_1638,2025-03-10 06:00:00,5615.999794006348,5921.9228315392975,3800.330143596965
forecast_1639,2025-03-10 07:00:00,8963.999819755554,6675.046413038014,4482.230949748704
forecast_1640,2025-03-10 08:00:00,8855.99992275238,6054.93203984549,3843.790244190877
forecast_1641,2025-03-10 09:00:00,4644.00007724762,4914.798086047062,3071.7511749093496
forecast_1642,2025-03-10 10:00:00,3888.0001544952393,3858.408172370753,2927.700043389415
forecast_1643,2025-03-10 11:00:00,3888.0001544952393,3709.341654837031,3188.400587332186
forecast_1644,2025-03-10 12:00:00,3888.0001544952393,3754.6595428274577,3178.0754642206616
forecast_1645,2025-03-10 13:00:00,3888.0001544952393,3694.8347477894713,3406.7658485813686
forecast_1646,2025-03-10 14:00:00,3888.0001544952393,3636.085467952893,3006.793382779197
forecast_1647,2025-03-10 15:00:00,3996.000051498413,4104.539594003651,3333.2508764032355
forecast_1648,2025-03-10 16:00:00,4320.000064373016,4235.270389234116,3228.789166321648
forecast_1649,2025-03-10 17:00:00,4320.000064373016,4810.104885775848,3719.465372722522
forecast_1650,2025-03-10 18:00:00,4427.99996137619,6125.196160147478,4793.131098557624
forecast_1651,2025-03-10 19:00:00,5183.999884128571,7600.01513061018,5178.293827551959
forecast_1652,2025-03-10 20:00:00,9180.000257492065,8959.49880034698,6179.593276078183
forecast_1653,2025-03-10 21:00:00,9180.000257492065,10561.834860607196,7386.120194340909
forecast_1654,2025-03-10 22:00:00,12960.00051498413,15067.403039681596,9992.134996069277
forecast_1655,2025-03-10 23:00:00,13392.000102996826,16501.54513230939,11553.751359639466
forecast_1656,2025-03-11 00:00:00,16307.999897003174,17638.287164924677,13832.365164022158
forecast_1657,2025-03-11 01:00:00,19547.999382019043,17889.47744049923,13552.466363225753
forecast_1658,2025-03-11 02:00:00,19547.999382019043,18093.941521312187,13853.2570632755
forecast_1659,2025-03-11 03:00:00,19547.999382019043,18436.679699998946,14569.168661798356
forecast_1660,2025-03-11 04:00:00,19980.000257492065,18811.55205736896,14447.238650726158
forecast_1661,2025-03-11 05:00:00,19980.000257492065,18814.801226338725,14891.450800995714
forecast_1662,2025-03-11 06:00:00,19980.000257492065,16284.323378512488,12974.040729556957
forecast_1663,2025-03-11 07:00:00,13500.0,10972.948619066065,8882.42784655588
forecast_1664,2025-03-11 08:00:00,11231.999588012695,8711.733222610876,6067.302239410009
forecast_1665,2025-03-11 09:00:00,6048.0000257492065,4801.562529725381,4007.3919065129166
forecast_1666,2025-03-11 10:00:00,4535.999858379364,3737.187057225875,3105.564000968804
forecast_1667,2025-03-11 11:00:00,3888.0001544952393,3575.8766100123385,2449.0494641062483
forecast_1668,2025-03-11 12:00:00,3888.0001544952393,3464.3410334651676,3034.487014474809
forecast_1669,2025-03-11 13:00:00,3888.0001544952393,3475.4787618117,2598.414270847274
forecast_1670,2025-03-11 14:00:00,3888.0001544952393,3361.6240015906974,2392.435731329983
forecast_1671,2025-03-11 15:00:00,3888.0001544952393,3501.9541652880266,2333.5644423607764
forecast_1672,2025-03-11 16:00:00,3888.0001544952393,3393.3666104728613,2763.050622235113
forecast_1673,2025-03-11 17:00:00,3888.0001544952393,3375.2306505101446,2933.1991060585083
forecast_1674,2025-03-11 18:00:00,4751.9999742507935,4298.341796021866,3693.8066430208737
forecast_1675,2025-03-11 19:00:00,5615.999794006348,5396.72442847334,4746.476714350299
forecast_1676,2025-03-11 20:00:00,7559.999871253967,6571.779259878006,5043.291202566695
forecast_1677,2025-03-11 21:00:00,8963.999819755554,8924.579112120442,6766.643500499929
forecast_1678,2025-03-11 22:00:00,9611.99984550476,9108.339717467454,6084.370044087039
forecast_1679,2025-03-11 23:00:00,18468.000411987305,14710.980489410344,11903.193243868338
forecast_1680,2025-03-12 00:00:00,19980.000257492065,16890.977018559784,13347.008703670352
forecast_1681,2025-03-12 01:00:00,18900.0,14927.424345609155,12024.791889870012
forecast_1682,2025-03-12 02:00:00,17172.00036048889,15762.380516992454,12302.136271271447
forecast_1683,2025-03-12 03:00:00,13500.0,13280.812464519817,9324.067028839763
forecast_1684,2025-03-12 04:00:00,16415.999794006348,16786.15159461064,11511.967379090334
forecast_1685,2025-03-12 05:00:00,19547.999382019043,17250.980113010184,11649.00831555736
forecast_1686,2025-03-12 06:00:00,19547.999382019043,18076.95476470486,14198.178218324314
forecast_1687,2025-03-12 07:00:00,19547.999382019043,17740.486858802728,14591.816897944866
forecast_1688,2025-03-12 08:00:00,19764.000463485718,18425.401059393786,15355.503770012116
forecast_1689,2025-03-12 09:00:00,19980.000257492065,19129.852491975413,16511.59890613698
forecast_1690,2025-03-12 10:00:00,19980.000257492065,18031.79833661956,15278.320785834976
forecast_1691,2025-03-12 11:00:00,19547.999382019043,17467.476686020957,15543.099714235632
forecast_1692,2025-03-12 12:00:00,19547.999382019043,17327.193003978948,14785.321993354935
forecast_1693,2025-03-12 13:00:00,19331.999588012695,17209.185004232102,14828.92392951584
forecast_1694,2025-03-12 14:00:00,19331.999588012695,17387.081404599016,15399.626487450108
forecast_1695,2025-03-12 15:00:00,19331.999588012695,18199.92027222163,15916.768669769748
forecast_1696,2025-03-12 16:00:00,19331.999588012695,18897.61189490201,17334.753604531776
forecast_1697,2025-03-12 17:00:00,19331.999588012695,18883.581065823284,17448.227607871508
forecast_1698,2025-03-12 18:00:00,18900.0,18459.84495810796,16766.339876018214
forecast_1699,2025-03-12 19:00:00,18900.0,17737.83536130148,15640.885582577772
forecast_1700,2025-03-12 20:00:00,17388.00015449524,15619.592750800637,12816.91777286798
forecast_1701,2025-03-12 21:00:00,15227.999639511108,14502.172408625793,13638.265967123933
forecast_1702,2025-03-12 22:00:00,14903.999948501587,13967.9874560496,12699.073248683031
forecast_1703,2025-03-12 23:00:00,14147.999382019043,12403.076768212772,11506.792855524493
forecast_1704,2025-03-13 00:00:00,14580.000257492065,12908.127116897906,11524.304615217805
forecast_1705,2025-03-13 01:00:00,14688.00015449524,12447.982403538545,10252.995771157295
forecast_1706,2025-03-13 02:00:00,16092.000102996826,12970.293294232675,10173.32579053588
forecast_1707,2025-03-13 03:00:00,16200.0,12827.305792235633,10184.92527430356
forecast_1708,2025-03-13 04:00:00,15119.999742507935,12732.859073204168,10284.741581317388
forecast_1709,2025-03-13 05:00:00,14256.000566482544,13230.968921019608,10784.315118023018
forecast_1710,2025-03-13 06:00:00,12960.00051498413,11852.113515620114,9444.684892792317
forecast_1711,2025-03-13 07:00:00,10367.999768257141,11020.402912282843,7784.595076806649
forecast_1712,2025-03-13 08:00:00,11231.999588012695,10110.412539131616,7081.746927917035
forecast_1713,2025-03-13 09:00:00,10259.999871253967,8672.390484529473,6840.402008658551
forecast_1714,2025-03-13 10:00:00,8748.000025749207,6616.61287484762,5285.040759869406
forecast_1715,2025-03-13 11:00:00,4968.000090122223,4244.549676522444,3679.4576198859713
forecast_1716,2025-03-13 12:00:00,4968.000090122223,3665.054341640656,3548.953109838166
forecast_1717,2025-03-13 13:00:00,4968.000090122223,3496.3557294489697,3509.9337142954532
forecast_1718,2025-03-13 14:00:00,3888.0001544952393,3072.96721436729,2705.7359927669686
forecast_1719,2025-03-13 15:00:00,3888.0001544952393,2746.227389496667,2230.660851812914
forecast_1720,2025-03-13 16:00:00,3888.0001544952393,2547.38203794461,1954.4504564655329
forecast_1721,2025-03-13 17:00:00,3779.9999356269836,2289.363501421309,1950.112044277531
forecast_1722,2025-03-13 18:00:00,3888.0001544952393,2472.2357472715303,2104.284583276603
forecast_1723,2025-03-13 19:00:00,3888.0001544952393,2915.663648217884,2302.814468692364
forecast_1724,2025-03-13 20:00:00,4644.00007724762,3366.376530811749,2987.810863877464
forecast_1725,2025-03-13 21:00:00,4968.000090122223,3536.4345857499184,3156.6913413412185
forecast_1726,2025-03-13 22:00:00,6155.99992275238,4349.787106214619,3648.5956991134976
forecast_1727,2025-03-13 23:00:00,6263.999819755554,4388.88475073961,3532.7716527567845
forecast_1728,2025-03-14 00:00:00,5075.999987125397,3554.9896891259596,2882.309487742497
forecast_1729,2025-03-14 01:00:00,4211.999845504761,3430.0985173133786,2998.799473529717
forecast_1730,2025-03-14 02:00:00,3888.0001544952393,2848.205193394871,2415.6702181672304
forecast_1731,2025-03-14 03:00:00,3888.0001544952393,2907.5271889719543,2327.799245427448
forecast_1732,2025-03-14 04:00:00,3888.0001544952393,2594.137030409144,2073.8888991019944
forecast_1733,2025-03-14 05:00:00,3888.0001544952393,2588.1201087206755,2087.1628166928795
forecast_1734,2025-03-14 06:00:00,3888.0001544952393,2756.143526823106,2322.535269932793
forecast_1735,2025-03-14 07:00:00,3455.9999227523804,2614.132695616569,2380.7171861387105
forecast_1736,2025-03-14 08:00:00,3455.9999227523804,2860.0200382902626,2362.5963163694987
forecast_1737,2025-03-14 09:00:00,3455.9999227523804,2600.1747231617537,2153.8796521846
forecast_1738,2025-03-14 10:00:00,3455.9999227523804,2545.9460029569027,1945.9866962184897
forecast_1739,2025-03-14 11:00:00,3455.9999227523804,2518.576284930202,2068.8550994997445
forecast_1740,2025-03-14 12:00:00,3455.9999227523804,2516.572690702493,2101.823841744681
forecast_1741,2025-03-14 13:00:00,3455.9999227523804,2362.5953518589868,2002.4328079372967
forecast_1742,2025-03-14 14:00:00,3564.000141620636,2217.550874697273,1921.5831947712463
forecast_1743,2025-03-14 15:00:00,3455.9999227523804,2367.759154037463,2110.6024700254243
forecast_1744,2025-03-14 16:00:00,3564.000141620636,2026.3127920262227,1932.006950151826
forecast_1745,2025-03-14 17:00:00,3779.9999356269836,2101.995098483904,1803.8748291891663
forecast_1746,2025-03-14 18:00:00,3779.9999356269836,2416.074976857059,2122.36874349584
forecast_1747,2025-03-14 19:00:00,3888.0001544952393,2926.1232051506304,2260.052988316976
forecast_1748,2025-03-14 20:00:00,4103.999948501587,3372.186140540523,2444.8575731414458
forecast_1749,2025-03-14 21:00:00,4103.999948501587,3545.7597364530334,2675.55927223842
forecast_1750,2025-03-14 22:00:00,4535.999858379364,3852.5986772471015,2621.45898851357
forecast_1751,2025-03-14 23:00:00,4103.999948501587,3729.737686170473,2778.1340364266166
forecast_1752,2025-03-15 00:00:00,4103.999948501587,3924.742887641923,2887.159863349052
forecast_1753,2025-03-15 01:00:00,4535.999858379364,4296.367041612162,3453.8974745731093
forecast_1754,2025-03-15 02:00:00,4535.999858379364,4598.304640560374,3623.94603396052
forecast_1755,2025-03-15 03:00:00,4535.999858379364,4749.217249663428,3476.134272116044
forecast_1756,2025-03-15 04:00:00,4535.999858379364,5341.206624758114,3814.2199922097607
forecast_1757,2025-03-15 05:00:00,4535.999858379364,5799.679329149493,3752.0172757322202
forecast_1758,2025-03-15 06:00:00,4535.999858379364,5743.347447997574,3430.6749733933566
forecast_1759,2025-03-15 07:00:00,4751.9999742507935,5808.720583292876,3242.2237698678555
forecast_1760,2025-03-15 08:00:00,5723.9996910095215,6392.647347460683,3554.2183624719846
forecast_1761,2025-03-15 09:00:00,5723.9996910095215,6807.356054105476,3587.789855589712
forecast_1762,2025-03-15 10:00:00,6803.999948501587,6660.566336517435,3101.0316010056767
forecast_1763,2025-03-15 11:00:00,3888.0001544952393,5493.66096995602,2979.830223784996
forecast_1764,2025-03-15 12:00:00,3888.0001544952393,4861.243633009492,2964.3688668768714
forecast_1765,2025-03-15 13:00:00,3888.0001544952393,4689.263665254097,3451.8589209496986
forecast_1766,2025-03-15 14:00:00,3888.0001544952393,4123.236016418419,2960.658146217116
forecast_1767,2025-03-15 15:00:00,3888.0001544952393,3810.68437587424,2821.564127521842
forecast_1768,2025-03-15 16:00:00,3779.9999356269836,3476.7568741582622,2546.193523898704
forecast_1769,2025-03-15 17:00:00,3888.0001544952393,3507.955641831602,2450.0521363232533
forecast_1770,2025-03-15 18:00:00,3888.0001544952393,3716.213525634933,2753.57977090906
forecast_1771,2025-03-15 19:00:00,3888.0001544952393,3634.016356655952,2670.787588372563
forecast_1772,2025-03-15 20:00:00,4103.999948501587,4034.411199482721,3125.101498152128
forecast_1773,2025-03-15 21:00:00,4211.999845504761,4031.745831776055,3190.0739310009935
forecast_1774,2025-03-15 22:00:00,4211.999845504761,3827.989197548111,3480.398534631869
forecast_1775,2025-03-15 23:00:00,3888.0001544952393,3345.314231910987,2869.435926188469
forecast_1776,2025-03-16 00:00:00,3888.0001544952393,3281.70799015367,2902.427745546867
forecast_1777,2025-03-16 01:00:00,3996.000051498413,3344.021712528718,2376.999409041214
forecast_1778,2025-03-16 02:00:00,3888.0001544952393,3177.8859418359466,2217.402264069895
forecast_1779,2025-03-16 03:00:00,3888.0001544952393,3000.647806661384,2291.93971706026
forecast_1780,2025-03-16 04:00:00,3888.0001544952393,2841.2083299357023,2285.165811698316
forecast_1781,2025-03-16 05:00:00,3888.0001544952393,2777.6257518853236,2151.1501367975343
forecast_1782,2025-03-16 06:00:00,3888.0001544952393,2642.073540862641,2285.849178557597
forecast_1783,2025-03-16 07:00:00,3888.0001544952393,2619.1242980429074,2461.2448847339406
forecast_1784,2025-03-16 08:00:00,3888.0001544952393,2589.390952073341,2538.540329679433
forecast_1785,2025-03-16 09:00:00,3888.0001544952393,2623.475590213532,2412.318689019882
forecast_1786,2025-03-16 10:00:00,3888.0001544952393,2749.7287209238525,2428.3166401516955
forecast_1787,2025-03-16 11:00:00,3888.0001544952393,3062.266283269332,2541.722256415549
forecast_1788,2025-03-16 12:00:00,3888.0001544952393,3178.800963719387,2852.705634912682
forecast_1789,2025-03-16 13:00:00,3888.0001544952393,3505.1991750939333,3087.5644141569287
forecast_1790,2025-03-16 14:00:00,3888.0001544952393,4357.703432430229,3417.837756541779
forecast_1791,2025-03-16 15:00:00,4427.99996137619,5526.455049795776,4353.676411282193
forecast_1792,2025-03-16 16:00:00,5292.000102996826,6871.377350368487,5861.925823560161
forecast_1793,2025-03-16 17:00:00,6911.999845504761,7258.354391225165,6511.456576531906
forecast_1794,2025-03-16 18:00:00,5507.999897003174,6788.894681170844,6682.357359078956
forecast_1795,2025-03-16 19:00:00,7344.00007724762,7595.673533469752,7235.921931948597
forecast_1796,2025-03-16 20:00:00,12960.00051498413,10127.537574107102,9417.661788958943
forecast_1797,2025-03-16 21:00:00,14039.99948501587,11656.017460722,11923.8334049509
forecast_1798,2025-03-16 22:00:00,13500.0,12522.957022424704,11961.95066546899
forecast_1799,2025-03-16 23:00:00,12852.000617980957,11255.067938638917,8078.542633605716
forecast_1800,2025-03-17 00:00:00,9936.000180244446,7899.1900511391805,4745.552743701815
forecast_1801,2025-03-17 01:00:00,15119.999742507935,15394.55983358736,12589.035623605185
forecast_1802,2025-03-17 02:00:00,14580.000257492065,13744.076674240503,10117.33584532232
forecast_1803,2025-03-17 03:00:00,10907.999897003174,9953.501934596818,6345.261586546279
forecast_1804,2025-03-17 04:00:00,9936.000180244446,9679.597896671925,6826.197769667189
forecast_1805,2025-03-17 05:00:00,7019.999742507935,8375.268252619297,7841.442649245398
forecast_1806,2025-03-17 06:00:00,10692.000102996826,8325.296885788897,8076.482764545123
forecast_1807,2025-03-17 07:00:00,4644.00007724762,4300.524623067862,4314.765157904868
forecast_1808,2025-03-17 08:00:00,4320.000064373016,4284.554360933931,3916.610672715711
forecast_1809,2025-03-17 09:00:00,3888.0001544952393,4131.476787556314,4300.309766157523
forecast_1810,2025-03-17 10:00:00,3888.0001544952393,3744.870676391517,3903.321922516008
forecast_1811,2025-03-17 11:00:00,3888.0001544952393,4533.108682965894,4200.718317803508
forecast_1812,2025-03-17 12:00:00,4211.999845504761,5276.556882427791,3946.039742290903
forecast_1813,2025-03-17 13:00:00,6371.999716758728,6560.586832586134,5831.942474502893
forecast_1814,2025-03-17 14:00:00,9288.00015449524,7350.037788895101,6952.294446604181
forecast_1815,2025-03-17 15:00:00,11988.00015449524,7935.757825298745,8317.565993121223
forecast_1816,2025-03-17 16:00:00,11664.000463485718,8403.643450553063,7359.484667547286
forecast_1817,2025-03-17 17:00:00,11664.000463485718,7987.707508800816,6997.467876430455
forecast_1818,2025-03-17 18:00:00,11772.000360488892,8566.267403625203,6539.223738279552
forecast_1819,2025-03-17 19:00:00,11015.999794006348,9299.047645632494,7204.39607406897
forecast_1820,2025-03-17 20:00:00,9936.000180244446,9496.073706482672,7450.990620872981
forecast_1821,2025-03-17 21:00:00,11664.000463485718,10131.23337552328,9780.570647518907
forecast_1822,2025-03-17 22:00:00,13500.0,13206.120002690397,11308.904233863905
forecast_1823,2025-03-17 23:00:00,12203.999948501587,11477.356102931531,9724.368278353111
forecast_1824,2025-03-18 00:00:00,10151.999974250793,8621.762884201371,7036.822854623723
forecast_1825,2025-03-18 01:00:00,7236.000180244446,8671.542301383617,4930.686911199498
forecast_1826,2025-03-18 02:00:00,5940.000128746033,5963.100232456432,4368.695623478991
forecast_1827,2025-03-18 03:00:00,4968.000090122223,5857.933393631343,4326.265213213124
forecast_1828,2025-03-18 04:00:00,4968.000090122223,5201.181001892043,3885.8475541776033
forecast_1829,2025-03-18 05:00:00,4968.000090122223,4787.004826346206,3436.4251458390677
forecast_1830,2025-03-18 06:00:00,4968.000090122223,4441.7831871601065,3308.4449619713014
forecast_1831,2025-03-18 07:00:00,3888.0001544952393,3466.51824059844,2719.304442875106
forecast_1832,2025-03-18 08:00:00,3888.0001544952393,3629.696536719,3114.877552490492
forecast_1833,2025-03-18 09:00:00,4320.000064373016,4627.557726116393,3668.7903364339577
forecast_1834,2025-03-18 10:00:00,3888.0001544952393,3902.920956270911,3397.8595253347808
forecast_1835,2025-03-18 11:00:00,3888.0001544952393,3391.1451832226485,3021.3794236733243
forecast_1836,2025-03-18 12:00:00,3888.0001544952393,3441.531927700562,2966.34124478404
forecast_1837,2025-03-18 13:00:00,3888.0001544952393,3004.9967045702297,2548.744563556947
forecast_1838,2025-03-18 14:00:00,4320.000064373016,3580.022532075922,3249.51696260726
forecast_1839,2025-03-18 15:00:00,4644.00007724762,5041.66247349067,4572.673770616295
forecast_1840,2025-03-18 16:00:00,10692.000102996826,7564.265580464409,6514.954622221402
forecast_1841,2025-03-18 17:00:00,13068.000411987305,12143.983796649029,10747.140735889736
forecast_1842,2025-03-18 18:00:00,13068.000411987305,11796.382039164857,11259.060001023348
forecast_1843,2025-03-18 19:00:00,12635.999536514282,11176.627376811246,10872.278397447793
forecast_1844,2025-03-18 20:00:00,12635.999536514282,10877.629286765648,10060.011631920566
forecast_1845,2025-03-18 21:00:00,11447.999382019043,9049.944112625,8381.043412442885
forecast_1846,2025-03-18 22:00:00,7451.9999742507935,7978.883814969666,7461.563337546822
forecast_1847,2025-03-18 23:00:00,5940.000128746033,6565.314280179503,5311.979299676853
forecast_1848,2025-03-19 00:00:00,5940.000128746033,5160.778222808685,4252.374091462404
forecast_1849,2025-03-19 01:00:00,4535.999858379364,3878.3647053262903,2375.7436927783283
forecast_1850,2025-03-19 02:00:00,4320.000064373016,3648.450629539993,2320.4293171180207
forecast_1851,2025-03-19 03:00:00,4320.000064373016,3527.5066070031216,2361.857677556184
forecast_1852,2025-03-19 04:00:00,3888.0001544952393,3712.8970036024493,2689.372954303009
forecast_1853,2025-03-19 05:00:00,3888.0001544952393,3995.084754218192,3036.258499818879
forecast_1854,2025-03-19 06:00:00,3888.0001544952393,3893.5787482951537,2952.3809396983
forecast_1855,2025-03-19 07:00:00,4320.000064373016,4734.849224632661,3069.760468623726
forecast_1856,2025-03-19 08:00:00,4320.000064373016,5623.261062667485,4660.977509552006
forecast_1857,2025-03-19 09:00:00,4535.999858379364,6584.072928468371,4921.790615992326
forecast_1858,2025-03-19 10:00:00,4211.999845504761,6520.502607365413,5242.80844789837
forecast_1859,2025-03-19 11:00:00,5615.999794006348,6015.629601096619,5283.509819513706
forecast_1860,2025-03-19 12:00:00,6371.999716758728,6450.731613141709,5746.370522642665
forecast_1861,2025-03-19 13:00:00,6696.000051498413,6622.540828877251,6830.6917697589715
forecast_1862,2025-03-19 14:00:00,8100.0,6488.488410923693,5809.106324054057
forecast_1863,2025-03-19 15:00:00,10476.000308990479,7892.1505023601185,6770.8937622772455
forecast_1864,2025-03-19 16:00:00,11772.000360488892,8528.669613025013,7726.813867519009
forecast_1865,2025-03-19 17:00:00,11231.999588012695,8459.893342529316,7509.407904057351
forecast_1866,2025-03-19 18:00:00,12635.999536514282,9609.27941983686,9143.403862118135
forecast_1867,2025-03-19 19:00:00,13823.999691009521,10939.200376084284,10533.870321307706
forecast_1868,2025-03-19 20:00:00,14688.00015449524,13023.51865946988,10963.500414995138
forecast_1869,2025-03-19 21:00:00,14688.00015449524,13716.839317020718,11853.51418596167
forecast_1870,2025-03-19 22:00:00,14364.000463485718,15528.967975474872,12709.185375298408
forecast_1871,2025-03-19 23:00:00,14364.000463485718,15969.642499457746,11921.69021829395
forecast_1872,2025-03-20 00:00:00,14688.00015449524,17263.595162116962,13526.12367685873
forecast_1873,2025-03-20 01:00:00,15335.999536514282,17334.386194005165,13238.335953800914
forecast_1874,2025-03-20 02:00:00,19439.99948501587,17439.561263089094,14025.185087423351
forecast_1875,2025-03-20 03:00:00,19115.999794006348,17623.795906348412,14170.244676357906
forecast_1876,2025-03-20 04:00:00,19547.999382019043,17645.723511464952,14270.500164806375
forecast_1877,2025-03-20 05:00:00,19547.999382019043,18268.67773484406,15124.721083504006
forecast_1878,2025-03-20 06:00:00,19547.999382019043,18926.878805566743,16418.072244819086
forecast_1879,2025-03-20 07:00:00,19980.000257492065,18767.181789941667,16961.611817723122
forecast_1880,2025-03-20 08:00:00,19980.000257492065,18862.186424970383,16644.23403575883
forecast_1881,2025-03-20 09:00:00,19980.000257492065,18154.986956938803,16543.622913078343
forecast_1882,2025-03-20 10:00:00,18468.000411987305,17180.864971443934,15779.184388470838
forecast_1883,2025-03-20 11:00:00,18360.00051498413,17091.930913265172,16017.164515779705
forecast_1884,2025-03-20 12:00:00,17819.999742507935,16860.1241335095,15449.020615771306
forecast_1885,2025-03-20 13:00:00,17388.00015449524,16879.3899884856,15522.615318994043
forecast_1886,2025-03-20 14:00:00,18360.00051498413,18328.96483680386,16501.01430456109
forecast_1887,2025-03-20 15:00:00,17927.99963951111,18446.852814274946,16841.794529789382
forecast_1888,2025-03-20 16:00:00,17927.99963951111,18153.679781645096,17052.89935497303
forecast_1889,2025-03-20 17:00:00,18360.00051498413,18250.600061515863,16979.684193864454
forecast_1890,2025-03-20 18:00:00,19331.999588012695,18057.0066316054,17028.028502131347
forecast_1891,2025-03-20 19:00:00,19331.999588012695,18214.102502069105,16918.152935923983
forecast_1892,2025-03-20 20:00:00,19547.999382019043,18563.06331023576,17303.842772660886
forecast_1893,2025-03-20 21:00:00,18900.0,18575.17351164917,17656.230418590887
forecast_1894,2025-03-20 22:00:00,19547.999382019043,18919.62132066645,17997.265632283204
forecast_1895,2025-03-20 23:00:00,19656.000566482544,19244.62219068474,18217.625777986697
forecast_1896,2025-03-21 00:00:00,19980.000257492065,19181.40521608297,18321.717439458163
forecast_1897,2025-03-21 01:00:00,19331.999588012695,18978.489157821063,17675.74572062861
forecast_1898,2025-03-21 02:00:00,19331.999588012695,19525.87563405663,18473.623793176303
forecast_1899,2025-03-21 03:00:00,19547.999382019043,19507.565244148,18844.89275924044
forecast_1900,2025-03-21 04:00:00,19331.999588012695,19403.514166379875,18858.361401445552
forecast_1901,2025-03-21 05:00:00,19547.999382019043,19742.717303449885,18854.71569283692
forecast_1902,2025-03-21 06:00:00,19547.999382019043,19869.892205807188,18933.491905571973
forecast_1903,2025-03-21 07:00:00,19547.999382019043,19710.163567376072,18818.358848144395
forecast_1904,2025-03-21 08:00:00,19547.999382019043,19684.456660634653,18343.088697268973
forecast_1905,2025-03-21 09:00:00,19547.999382019043,19312.868939201155,17890.342769540097
forecast_1906,2025-03-21 10:00:00,19331.999588012695,19052.63323849838,17821.450064098786
forecast_1907,2025-03-21 11:00:00,18468.000411987305,18970.00469846065,17268.895716121584
forecast_1908,2025-03-21 12:00:00,18360.00051498413,18692.159671559417,16482.82328585098
forecast_1909,2025-03-21 13:00:00,18143.999433517456,18869.66475194143,17121.30248191626
forecast_1910,2025-03-21 14:00:00,18468.000411987305,18723.927508258344,17100.55029253549
forecast_1911,2025-03-21 15:00:00,18143.999433517456,18585.31244253988,16653.34262718101
forecast_1912,2025-03-21 16:00:00,18035.999536514282,18362.595222102063,16175.831229882113
forecast_1913,2025-03-21 17:00:00,18252.000617980957,18065.92590897345,16068.145068347116
forecast_1914,2025-03-21 18:00:00,18468.000411987305,18467.52301017849,16892.579250095197
forecast_1915,2025-03-21 19:00:00,18900.0,18071.18004814264,17170.850299405734
forecast_1916,2025-03-21 20:00:00,18468.000411987305,18121.21855892389,17623.307440553737
forecast_1917,2025-03-21 21:00:00,19331.999588012695,18467.07182771927,17743.57028620198
forecast_1918,2025-03-21 22:00:00,17388.00015449524,17819.886066495154,16438.99582012777
forecast_1919,2025-03-21 23:00:00,19547.999382019043,18671.252791701245,17168.60878390869
forecast_1920,2025-03-22 00:00:00,19547.999382019043,18916.971659548708,16670.973731392685
forecast_1921,2025-03-22 01:00:00,19331.999588012695,19211.69497963466,17122.516229227782
forecast_1922,2025-03-22 02:00:00,19547.999382019043,19362.370119825395,17155.758760245986
forecast_1923,2025-03-22 03:00:00,19547.999382019043,19166.880941285566,17222.975891470207
forecast_1924,2025-03-22 04:00:00,19547.999382019043,19309.37883966253,17314.2261707485
forecast_1925,2025-03-22 05:00:00,19547.999382019043,19449.47528393592,17650.532114323345
forecast_1926,2025-03-22 06:00:00,19656.000566482544,19572.715633668744,17647.35908943447
forecast_1927,2025-03-22 07:00:00,19980.000257492065,19495.58904161513,17767.7145223727
forecast_1928,2025-03-22 08:00:00,19980.000257492065,19242.58965324333,17780.29749032819
forecast_1929,2025-03-22 09:00:00,19980.000257492065,19330.49128930702,18146.603541858767
forecast_1930,2025-03-22 10:00:00,19331.999588012695,19212.490185164315,17403.563954516034
forecast_1931,2025-03-22 11:00:00,18468.000411987305,19055.26506729577,16911.781201311565
forecast_1932,2025-03-22 12:00:00,18468.000411987305,18981.92601041807,16723.377168850442
forecast_1933,2025-03-22 13:00:00,18252.000617980957,18657.33251954277,16781.139315912325
forecast_1934,2025-03-22 14:00:00,18143.999433517456,18445.44601095998,16665.215596137503
forecast_1935,2025-03-22 15:00:00,18252.000617980957,18217.375571923763,16161.398687782204
forecast_1936,2025-03-22 16:00:00,18252.000617980957,17899.00434132597,15350.378150463332
forecast_1937,2025-03-22 17:00:00,17711.99984550476,17160.655125382666,14818.34668538725
forecast_1938,2025-03-22 18:00:00,15768.000411987305,16911.679536269374,15150.870328047316
forecast_1939,2025-03-22 19:00:00,17711.99984550476,16992.718757201186,14958.510558847029
forecast_1940,2025-03-22 20:00:00,17711.99984550476,17743.944458381582,16113.72934995574
forecast_1941,2025-03-22 21:00:00,17388.00015449524,18303.98965372036,16883.54333183772
forecast_1942,2025-03-22 22:00:00,17388.00015449524,18582.976308108307,17887.08899104839
forecast_1943,2025-03-22 23:00:00,19547.999382019043,18438.661912832373,16809.344869004784
forecast_1944,2025-03-23 00:00:00,19980.000257492065,18580.045195778686,16892.18395963152
forecast_1945,2025-03-23 01:00:00,19331.999588012695,18377.77479821837,15521.70106083423
forecast_1946,2025-03-23 02:00:00,19547.999382019043,18174.00902726033,15251.37157511362
forecast_1947,2025-03-23 03:00:00,19980.000257492065,18008.291018776483,15710.51137422503
forecast_1948,2025-03-23 04:00:00,19980.000257492065,17619.127155006132,15558.278149153084
forecast_1949,2025-03-23 05:00:00,18576.00030899048,16904.277161210193,14769.611442381816
forecast_1950,2025-03-23 06:00:00,17388.00015449524,15661.681828293446,14260.452186419723
forecast_1951,2025-03-23 07:00:00,13500.0,12115.833105290532,9724.477822759329
forecast_1952,2025-03-23 08:00:00,6155.99992275238,7488.348414673321,4606.356297576598
forecast_1953,2025-03-23 09:00:00,3888.0001544952393,4340.229054856991,3469.0133523918457
forecast_1954,2025-03-23 10:00:00,3888.0001544952393,3251.8481718153225,2308.2185491953774
forecast_1955,2025-03-23 11:00:00,3888.0001544952393,2850.4286592151166,2282.6132300040613
forecast_1956,2025-03-23 12:00:00,3888.0001544952393,2789.023108836248,2628.506872952888
forecast_1957,2025-03-23 13:00:00,3888.0001544952393,2835.5165980624583,2672.72447065683
forecast_1958,2025-03-23 14:00:00,3888.0001544952393,3004.9261760489767,2651.424171955271
forecast_1959,2025-03-23 15:00:00,4211.999845504761,3268.3616252783254,2812.5391243998565
forecast_1960,2025-03-23 16:00:00,4211.999845504761,4042.151238029865,3256.697529145528
forecast_1961,2025-03-23 17:00:00,4320.000064373016,4208.118511771639,3175.828775981563
forecast_1962,2025-03-23 18:00:00,3888.0001544952393,3863.210774784969,3009.898200327946
forecast_1963,2025-03-23 19:00:00,4320.000064373016,5348.066931433774,3215.5126452149707
forecast_1964,2025-03-23 20:00:00,6588.000154495239,7301.905343969528,4670.718968328842
forecast_1965,2025-03-23 21:00:00,9936.000180244446,10659.876961045891,6988.6484016331215
forecast_1966,2025-03-23 22:00:00,13176.000308990479,13670.273529117492,9110.60558376678
forecast_1967,2025-03-23 23:00:00,13500.0,13563.696519333997,10216.77525883862
forecast_1968,2025-03-24 00:00:00,13392.000102996826,13827.95109985738,11344.478786789085
forecast_1969,2025-03-24 01:00:00,14147.999382019043,14191.408456193356,12335.356751364048
forecast_1970,2025-03-24 02:00:00,12527.999639511108,13576.991059240927,9961.746645421395
forecast_1971,2025-03-24 03:00:00,14472.000360488892,14252.393075342785,11821.641134357254
forecast_1972,2025-03-24 04:00:00,14039.99948501587,14009.44396598999,9663.08574872949
forecast_1973,2025-03-24 05:00:00,10259.999871253967,12981.00375957598,9555.968506354711
forecast_1974,2025-03-24 06:00:00,14688.00015449524,15112.94921812594,12356.256255743796
forecast_1975,2025-03-24 07:00:00,15660.00051498413,14805.427697232482,12746.205935748509
forecast_1976,2025-03-24 08:00:00,14039.99948501587,14665.73260233321,11897.434092454783
forecast_1977,2025-03-24 09:00:00,14256.000566482544,15192.454896408924,12477.624884611208
forecast_1978,2025-03-24 10:00:00,16092.000102996826,16052.686606441584,13486.637957505902
forecast_1979,2025-03-24 11:00:00,16092.000102996826,16178.467556775511,14189.71044760758
forecast_1980,2025-03-24 12:00:00,17496.000051498413,16627.93288854674,14925.433710428819
forecast_1981,2025-03-24 13:00:00,17496.000051498413,16220.897469750817,14718.62439634085
forecast_1982,2025-03-24 14:00:00,15443.999433517456,15909.812300780644,14117.168095033328
forecast_1983,2025-03-24 15:00:00,14688.00015449524,15246.745681063783,13476.484314100924
forecast_1984,2025-03-24 16:00:00,15119.999742507935,14678.612177561034,13212.405515562186
forecast_1985,2025-03-24 17:00:00,14039.99948501587,14074.963790206248,12713.61529966532
forecast_1986,2025-03-24 18:00:00,14039.99948501587,13589.018989152988,11652.485746338867
forecast_1987,2025-03-24 19:00:00,14039.99948501587,14471.52989992642,12861.159990938151
forecast_1988,2025-03-24 20:00:00,14039.99948501587,15762.656478402329,12690.542968592034
forecast_1989,2025-03-24 21:00:00,15660.00051498413,16440.318882780117,13119.388571640737
forecast_1990,2025-03-24 22:00:00,15660.00051498413,17349.89526271405,14747.07768664277
forecast_1991,2025-03-24 23:00:00,19547.999382019043,18534.1755145746,17199.382491116023
forecast_1992,2025-03-25 00:00:00,19547.999382019043,18630.5611854099,17603.297816034235
forecast_1993,2025-03-25 01:00:00,19547.999382019043,18767.788942051044,16877.66535856558
forecast_1994,2025-03-25 02:00:00,19547.999382019043,18711.19337300205,16910.68530200856
forecast_1995,2025-03-25 03:00:00,19980.000257492065,17696.602854750276,14991.52608940586
forecast_1996,2025-03-25 04:00:00,18684.000205993652,16945.724220232743,14028.989086274549
forecast_1997,2025-03-25 05:00:00,12960.00051498413,13997.551093293256,9635.24582056747
forecast_1998,2025-03-25 06:00:00,7559.999871253967,10610.84264347092,5713.572628897044
forecast_1999,2025-03-25 07:00:00,7559.999871253967,9751.520954034146,5303.802873839063
forecast_2000,2025-03-25 08:00:00,7559.999871253967,9592.837216937216,5230.174671698235
forecast_2001,2025-03-25 09:00:00,6263.999819755554,8803.168355865047,4719.353405255503
forecast_2002,2025-03-25 10:00:00,9936.000180244446,9005.560077228372,6409.929571171978
forecast_2003,2025-03-25 11:00:00,10692.000102996826,10884.944961146655,8473.64353503057
forecast_2004,2025-03-25 12:00:00,10259.999871253967,10756.277896083428,9968.053482939016
forecast_2005,2025-03-25 13:00:00,13500.0,14508.173225255141,11953.127571918158
forecast_2006,2025-03-25 14:00:00,15011.99984550476,17102.45848719889,14088.074600207548
forecast_2007,2025-03-25 15:00:00,15119.999742507935,18036.96271145328,15483.860808394735
forecast_2008,2025-03-25 16:00:00,15443.999433517456,17380.253830646812,15665.310717988988
forecast_2009,2025-03-25 17:00:00,18360.00051498413,17594.97952495787,16570.754110952403
forecast_2010,2025-03-25 18:00:00,18900.0,18012.50111859018,16433.83735514066
forecast_2011,2025-03-25 19:00:00,18900.0,17671.43058002681,16511.168983635012
forecast_2012,2025-03-25 20:00:00,18900.0,17875.689430900296,17253.167865038322
forecast_2013,2025-03-25 21:00:00,18900.0,18324.90456300023,17297.560852997263
forecast_2014,2025-03-25 22:00:00,18900.0,18646.47325430022,18032.12029006231
forecast_2015,2025-03-25 23:00:00,18900.0,19397.27754809165,18182.52765950833
forecast_2016,2025-03-26 00:00:00,19331.999588012695,19169.73700378372,17981.45697194183
forecast_2017,2025-03-26 01:00:00,19547.999382019043,19000.157977617728,17178.157969169242
forecast_2018,2025-03-26 02:00:00,19547.999382019043,19080.77886169104,16986.675216155953
forecast_2019,2025-03-26 03:00:00,19331.999588012695,18392.36002814412,16292.293763573633
forecast_2020,2025-03-26 04:00:00,16200.0,15663.382037363905,13175.367381801678
forecast_2021,2025-03-26 05:00:00,14688.00015449524,14593.826373577445,11796.97739988588
forecast_2022,2025-03-26 06:00:00,13500.0,11546.544053480056,7410.457682786648
forecast_2023,2025-03-26 07:00:00,6155.99992275238,5659.650545310094,3646.5600853596034
forecast_2024,2025-03-26 08:00:00,4320.000064373016,4073.552818915863,3354.701867247177
forecast_2025,2025-03-26 09:00:00,3888.0001544952393,3486.6012200962373,3400.706494245056
forecast_2026,2025-03-26 10:00:00,3888.0001544952393,3016.3541066020302,2427.2004509814283
forecast_2027,2025-03-26 11:00:00,3888.0001544952393,3253.24037185236,2863.282153423393
forecast_2028,2025-03-26 12:00:00,3888.0001544952393,3324.869002386311,2898.6230156934816
forecast_2029,2025-03-26 13:00:00,3888.0001544952393,3344.594617524432,2760.3170183823877
forecast_2030,2025-03-26 14:00:00,4211.999845504761,3700.193395098337,2917.6509335950327
forecast_2031,2025-03-26 15:00:00,4320.000064373016,4145.02241019655,2897.9242122482938
forecast_2032,2025-03-26 16:00:00,4320.000064373016,4195.774630461308,2966.5941245002764
forecast_2033,2025-03-26 17:00:00,3888.0001544952393,4205.237655698155,3018.5940152531743
forecast_2034,2025-03-26 18:00:00,5615.999794006348,6534.369681756841,3879.696581519365
forecast_2035,2025-03-26 19:00:00,7451.9999742507935,7549.334510085437,4982.904502811311
forecast_2036,2025-03-26 20:00:00,9611.99984550476,9114.765617046827,6302.247014979115
forecast_2037,2025-03-26 21:00:00,10584.000205993652,11927.495860664189,7407.123741863433
forecast_2038,2025-03-26 22:00:00,14472.000360488892,14242.90374253223,9520.50194002982
forecast_2039,2025-03-26 23:00:00,14688.00015449524,16986.87779940716,13042.810977959703
forecast_2040,2025-03-27 00:00:00,16307.999897003174,18875.2131397162,14845.996029139984
forecast_2041,2025-03-27 01:00:00,17819.999742507935,19073.58919041784,15934.800587838079
forecast_2042,2025-03-27 02:00:00,18035.999536514282,18659.34823430116,16062.344121116408
forecast_2043,2025-03-27 03:00:00,18468.000411987305,18860.64918473091,16676.244178766883
forecast_2044,2025-03-27 04:00:00,18684.000205993652,18832.20871674547,16867.486758287698
forecast_2045,2025-03-27 05:00:00,16739.99948501587,17750.94734143587,15370.122698805071
forecast_2046,2025-03-27 06:00:00,13500.0,15131.187866381062,11349.368213340727
forecast_2047,2025-03-27 07:00:00,14039.99948501587,15287.662603690742,12607.0101378874
forecast_2048,2025-03-27 08:00:00,15660.00051498413,15978.761231796154,13495.842231267525
forecast_2049,2025-03-27 09:00:00,11880.000257492065,15767.319905615865,13160.75917615294
forecast_2050,2025-03-27 10:00:00,11880.000257492065,14475.745436134594,11876.566547687204
forecast_2051,2025-03-27 11:00:00,11880.000257492065,13885.643719912923,11261.1343970785
forecast_2052,2025-03-27 12:00:00,11880.000257492065,12538.184841302198,9714.996620281066
forecast_2053,2025-03-27 13:00:00,10476.000308990479,10686.71626817145,8358.64296306635
forecast_2054,2025-03-27 14:00:00,10476.000308990479,11326.4848253567,8827.712333898105
forecast_2055,2025-03-27 15:00:00,10259.999871253967,10980.977299702176,9756.639681850033
forecast_2056,2025-03-27 16:00:00,10259.999871253967,8395.271373572874,5985.835669426495
forecast_2057,2025-03-27 17:00:00,10259.999871253967,8226.021669211323,5881.149421047211
forecast_2058,2025-03-27 18:00:00,10476.000308990479,9241.46946187412,6655.876673114874
forecast_2059,2025-03-27 19:00:00,10476.000308990479,8772.127415073539,5626.720994122935
forecast_2060,2025-03-27 20:00:00,11339.99948501587,9904.08888645312,6895.268115722665
forecast_2061,2025-03-27 21:00:00,11339.99948501587,10482.15279470657,8773.198321778418
forecast_2062,2025-03-27 22:00:00,14472.000360488892,12890.958621666165,10327.134010282884
forecast_2063,2025-03-27 23:00:00,14147.999382019043,12820.23009035846,11146.830955307643
forecast_2064,2025-03-28 00:00:00,12527.999639511108,11348.85179655036,10241.523986783182
forecast_2065,2025-03-28 01:00:00,4320.000064373016,4386.712195824961,2440.6842361896047
forecast_2066,2025-03-28 02:00:00,4427.99996137619,4224.884488358376,2303.5103437203898
forecast_2067,2025-03-28 03:00:00,3996.000051498413,3374.9949541568103,2261.430925565538
forecast_2068,2025-03-28 04:00:00,6048.0000257492065,4805.5800361012425,2946.8714762389286
forecast_2069,2025-03-28 05:00:00,4535.999858379364,4276.328575708411,2705.233993097544
forecast_2070,2025-03-28 06:00:00,3888.0001544952393,3045.923848260787,2184.490419698495
forecast_2071,2025-03-28 07:00:00,3888.0001544952393,3435.5937065672274,2290.783762646747
forecast_2072,2025-03-28 08:00:00,3888.0001544952393,3096.6530939527365,2228.006291435542
forecast_2073,2025-03-28 09:00:00,3888.0001544952393,3193.156869714844,2455.309651978029
forecast_2074,2025-03-28 10:00:00,3888.0001544952393,3125.9130233007263,2063.053754141264
forecast_2075,2025-03-28 11:00:00,3888.0001544952393,3217.3440153115225,2164.148429742734
forecast_2076,2025-03-28 12:00:00,3888.0001544952393,2927.5420732172647,2029.9287170330333
forecast_2077,2025-03-28 13:00:00,4103.999948501587,2859.6168499762525,2137.3331166452867
forecast_2078,2025-03-28 14:00:00,4211.999845504761,2820.8973383914736,2037.7112424571912
forecast_2079,2025-03-28 15:00:00,4644.00007724762,2817.9337218306346,2096.5736710969745
forecast_2080,2025-03-28 16:00:00,4320.000064373016,2586.091628563432,1708.8500809991028
forecast_2081,2025-03-28 17:00:00,3888.0001544952393,2778.8333146579166,2130.476700337608
forecast_2082,2025-03-28 18:00:00,4211.999845504761,3347.5481090513003,2482.2101374124672
forecast_2083,2025-03-28 19:00:00,4427.99996137619,4622.382730699741,2410.596110068588
forecast_2084,2025-03-28 20:00:00,7236.000180244446,6566.855085125693,4195.657989947623
forecast_2085,2025-03-28 21:00:00,8100.0,7374.412125667027,4294.517004029528
forecast_2086,2025-03-28 22:00:00,8315.999794006348,6896.796709955774,4137.505354960247
forecast_2087,2025-03-28 23:00:00,8963.999819755554,7193.363617504681,4356.655594054472
forecast_2088,2025-03-29 00:00:00,10044.00007724762,7631.172754171032,4492.765223472909
forecast_2089,2025-03-29 01:00:00,3888.0001544952393,2925.833138004972,2088.9720555963995
forecast_2090,2025-03-29 02:00:00,3888.0001544952393,3101.4102655742254,1948.765712025959
forecast_2091,2025-03-29 03:00:00,3888.0001544952393,3304.1808801324696,2048.50828748102
forecast_2092,2025-03-29 04:00:00,3888.0001544952393,3617.621505322305,2160.000793844204
forecast_2093,2025-03-29 05:00:00,6588.000154495239,5466.020803680295,3352.453692350647
forecast_2094,2025-03-29 06:00:00,5507.999897003174,7192.786740068497,4826.335921621439
forecast_2095,2025-03-29 07:00:00,5507.999897003174,7681.636193728659,4853.888843752807
forecast_2096,2025-03-29 08:00:00,6263.999819755554,8981.3846346192,6752.28008230771
forecast_2097,2025-03-29 09:00:00,5075.999987125397,7520.349230357691,4978.074616880829
forecast_2098,2025-03-29 10:00:00,6696.000051498413,7501.145976463095,5964.651201284889
forecast_2099,2025-03-29 11:00:00,9611.99984550476,8248.765280374937,6507.347893266909
forecast_2100,2025-03-29 12:00:00,12096.000051498413,10124.244806824445,8561.32037951197
forecast_2101,2025-03-29 13:00:00,14256.000566482544,11917.081451580709,10599.809177497502
forecast_2102,2025-03-29 14:00:00,14256.000566482544,12985.609429440854,11485.386791743964
forecast_2103,2025-03-29 15:00:00,14688.00015449524,13411.6227302372,11545.771695690026
forecast_2104,2025-03-29 16:00:00,14688.00015449524,14053.458340627114,12470.26061484515
forecast_2105,2025-03-29 17:00:00,14688.00015449524,12230.418589572271,9529.676439400422
forecast_2106,2025-03-29 18:00:00,14688.00015449524,12377.972610660994,9843.829653373115
forecast_2107,2025-03-29 19:00:00,14580.000257492065,11685.003332475786,9092.704884873596
forecast_2108,2025-03-29 20:00:00,14580.000257492065,11946.897829302206,9473.228835984391
forecast_2109,2025-03-29 21:00:00,14580.000257492065,12356.658973287118,9644.743519396136
forecast_2110,2025-03-29 22:00:00,14580.000257492065,12313.874904100512,9432.953617411902
forecast_2111,2025-03-29 23:00:00,14147.999382019043,12027.779629182709,8709.514772778331
forecast_2112,2025-03-30 00:00:00,14147.999382019043,11790.469854393366,8444.596505469157
forecast_2113,2025-03-30 01:00:00,14147.999382019043,11825.413834281511,8134.819528727037
forecast_2114,2025-03-30 02:00:00,14147.999382019043,11185.12426574468,7682.235806147458
forecast_2115,2025-03-30 03:00:00,14147.999382019043,10580.41714364046,7400.527157510303
forecast_2116,2025-03-30 04:00:00,14039.99948501587,10553.623037746567,7184.94546302521
forecast_2117,2025-03-30 05:00:00,13715.999794006348,9553.049861184089,6743.438500689834
forecast_2118,2025-03-30 06:00:00,13715.999794006348,9677.61228382638,7248.177545913937
forecast_2119,2025-03-30 07:00:00,12960.00051498413,9033.4497080422,6868.269098916159
forecast_2120,2025-03-30 08:00:00,11447.999382019043,8263.350630679177,5575.372640957651
forecast_2121,2025-03-30 09:00:00,11447.999382019043,7931.055060521588,5323.418777293635
forecast_2122,2025-03-30 10:00:00,10692.000102996826,8181.659318273813,5340.362180162199
forecast_2123,2025-03-30 11:00:00,10584.000205993652,7767.401352460849,5650.473116555714
forecast_2124,2025-03-30 12:00:00,10692.000102996826,7158.186682501262,5652.366489658126
forecast_2125,2025-03-30 13:00:00,11339.99948501587,8062.104255465819,7788.201433542462
forecast_2126,2025-03-30 14:00:00,11231.999588012695,7737.503255288227,7301.347330472119
forecast_2127,2025-03-30 15:00:00,10476.000308990479,7309.69328247754,5916.666386975699
forecast_2128,2025-03-30 16:00:00,8748.000025749207,5521.959313496035,4749.97185864244
forecast_2129,2025-03-30 17:00:00,9180.000257492065,5799.1982136489805,4526.817397451752
forecast_2130,2025-03-30 18:00:00,9180.000257492065,6017.434899558522,5355.961766309725
forecast_2131,2025-03-30 19:00:00,9180.000257492065,7213.8997004565435,4503.187975182376
forecast_2132,2025-03-30 20:00:00,10476.000308990479,8983.579839075812,6149.113346373144
forecast_2133,2025-03-30 21:00:00,9719.999742507935,8192.90583253226,4810.696950346085
forecast_2134,2025-03-30 22:00:00,10476.000308990479,10413.844011850557,6377.3506294363015
forecast_2135,2025-03-30 23:00:00,10476.000308990479,11018.828320864306,8213.490544566233
forecast_2136,2025-03-31 00:00:00,10476.000308990479,10795.409966032115,7718.259809855761
forecast_2137,2025-03-31 01:00:00,16092.000102996826,15868.862886119832,14657.534916956409
forecast_2138,2025-03-31 02:00:00,15011.99984550476,15824.39023005828,14285.591583423036
forecast_2139,2025-03-31 03:00:00,16092.000102996826,15880.996048559908,14073.72667750748
forecast_2140,2025-03-31 04:00:00,14688.00015449524,15418.757512193328,13364.000761073596
forecast_2141,2025-03-31 05:00:00,14688.00015449524,15469.67996543852,13640.50420965598
forecast_2142,2025-03-31 06:00:00,15335.999536514282,16143.317629415427,13434.29520474816
forecast_2143,2025-03-31 07:00:00,12852.000617980957,11932.13426745823,7764.74036711604
forecast_2144,2025-03-31 08:00:00,9180.000257492065,10095.904350809156,6726.299182925592
forecast_2145,2025-03-31 09:00:00,8315.999794006348,6785.553135498331,5223.515557324806
forecast_2146,2025-03-31 10:00:00,4211.999845504761,4415.025269056275,3913.8477693522123
forecast_2147,2025-03-31 11:00:00,3888.0001544952393,3881.678888757627,3378.167167349201
forecast_2148,2025-03-31 12:00:00,4211.999845504761,3807.398509228434,3320.226458384869
forecast_2149,2025-03-31 13:00:00,5940.000128746033,4067.613914370304,3541.7173678009685
forecast_2150,2025-03-31 14:00:00,5183.999884128571,4213.422369937931,3447.7280642616283
forecast_2151,2025-03-31 15:00:00,5615.999794006348,4661.494849892141,3407.503248510068
forecast_2152,2025-03-31 16:00:00,5183.999884128571,4475.773000883549,3232.143007940102
forecast_2153,2025-03-31 17:00:00,4320.000064373016,4537.503852806054,3278.076757481515
forecast_2154,2025-03-31 18:00:00,5075.999987125397,5840.269849987437,4718.440379989116
forecast_2155,2025-03-31 19:00:00,6696.000051498413,7305.694446335723,5673.029648496826
forecast_2156,2025-03-31 20:00:00,12743.999433517456,9142.887029485171,7544.605159332616
forecast_2157,2025-03-31 21:00:00,12419.999742507935,9894.454799821682,8399.519573024396
forecast_2158,2025-03-31 22:00:00,14472.000360488892,12989.172246822713,9972.03221307824
forecast_2159,2025-03-31 23:00:00,15660.00051498413,13856.864602105965,11912.450858188327
forecast_2160,2025-04-01 00:00:00,15227.999639511108,12667.69621221914,10983.468284121363
forecast_2161,2025-04-01 01:00:00,7559.999871253967,8224.495320796184,5443.864819058993
forecast_2162,2025-04-01 02:00:00,8963.999819755554,8276.913313147808,5747.739088696858
forecast_2163,2025-04-01 03:00:00,8963.999819755554,8042.405671917007,5426.978344819507
forecast_2164,2025-04-01 04:00:00,9611.99984550476,7244.092917651697,5956.654486878232
forecast_2165,2025-04-01 05:00:00,8748.000025749207,5951.616740655377,4884.247458153427
forecast_2166,2025-04-01 06:00:00,7559.999871253967,4979.715388860148,4888.024266121184
forecast_2167,2025-04-01 07:00:00,4859.999871253967,4182.574610214472,4088.3117463002113
forecast_2168,2025-04-01 08:00:00,4751.9999742507935,3803.9005067337434,3749.036301874899
forecast_2169,2025-04-01 09:00:00,3888.0001544952393,3257.253171513497,3130.1752818081686
forecast_2170,2025-04-01 10:00:00,3779.9999356269836,2918.541665739192,2584.121076216172
forecast_2171,2025-04-01 11:00:00,3455.9999227523804,2597.6649468943374,2280.8709765146405
forecast_2172,2025-04-01 12:00:00,3240.0001287460327,2256.9412184803004,1698.3195080210253
forecast_2173,2025-04-01 13:00:00,3240.0001287460327,2343.809249868138,1801.8543377934016
forecast_2174,2025-04-01 14:00:00,3455.9999227523804,2577.389266329508,1920.999795101758
forecast_2175,2025-04-01 15:00:00,3455.9999227523804,2594.31814244227,1936.630839560328
forecast_2176,2025-04-01 16:00:00,3455.9999227523804,2845.143531412306,2099.2820063583627
forecast_2177,2025-04-01 17:00:00,3455.9999227523804,2634.8469656800376,1877.703976057132
forecast_2178,2025-04-01 18:00:00,3564.000141620636,2489.120271106492,2093.008737597469
forecast_2179,2025-04-01 19:00:00,3888.0001544952393,2907.518187256884,2115.030401640128
forecast_2180,2025-04-01 20:00:00,3888.0001544952393,2834.5924336815733,2419.11091370094
forecast_2181,2025-04-01 21:00:00,3888.0001544952393,2924.7444834982234,2618.029841392027
forecast_2182,2025-04-01 22:00:00,3888.0001544952393,3074.3972271681064,3049.19297994622
forecast_2183,2025-04-01 23:00:00,3888.0001544952393,2966.255231001256,3281.1489444462272
forecast_2184,2025-04-02 00:00:00,3888.0001544952393,3116.270250827208,3301.9683800367093
forecast_2185,2025-04-02 01:00:00,3888.0001544952393,2571.370604171489,2281.4720598347044
forecast_2186,2025-04-02 02:00:00,3888.0001544952393,2602.113067817452,2411.298473042416
forecast_2187,2025-04-02 03:00:00,3888.0001544952393,2693.354807448733,2456.2352100166795
forecast_2188,2025-04-02 04:00:00,3888.0001544952393,2531.0093729040523,2142.910342241123
forecast_2189,2025-04-02 05:00:00,3779.9999356269836,2659.2247158110404,2205.6696295681745
forecast_2190,2025-04-02 06:00:00,3779.9999356269836,2806.3553893696017,2237.1851175765823
forecast_2191,2025-04-02 07:00:00,3564.000141620636,2656.171662927656,2550.0253337542254
forecast_2192,2025-04-02 08:00:00,3455.9999227523804,2633.855241893074,2407.8706073575745
forecast_2193,2025-04-02 09:00:00,3455.9999227523804,2610.9383618662923,1999.300578364397
forecast_2194,2025-04-02 10:00:00,3455.9999227523804,2184.321448960236,1732.9124124828559
forecast_2195,2025-04-02 11:00:00,3455.9999227523804,2573.2147906788064,1900.3332286937573
forecast_2196,2025-04-02 12:00:00,3348.0000257492065,2341.4096598424194,1786.2478867379505
forecast_2197,2025-04-02 13:00:00,3348.0000257492065,2463.691768490518,2021.681107560856
forecast_2198,2025-04-02 14:00:00,3564.000141620636,2599.3183985123774,2332.7138375893446
forecast_2199,2025-04-02 15:00:00,3564.000141620636,2985.321521785607,2378.0348903914246
forecast_2200,2025-04-02 16:00:00,3564.000141620636,2899.1605076087303,2369.279206189072
forecast_2201,2025-04-02 17:00:00,3564.000141620636,2776.596563323409,2190.611860894652
forecast_2202,2025-04-02 18:00:00,3455.9999227523804,2639.87454841107,2505.063973550261
forecast_2203,2025-04-02 19:00:00,3455.9999227523804,3078.392524121145,2481.5478256581096
forecast_2204,2025-04-02 20:00:00,3455.9999227523804,3023.3912699534744,2339.3692676264554
forecast_2205,2025-04-02 21:00:00,3888.0001544952393,2751.547193361973,2161.1391036037385
forecast_2206,2025-04-02 22:00:00,3996.000051498413,2672.055453549363,2258.037949681604
forecast_2207,2025-04-02 23:00:00,3888.0001544952393,2943.196959318685,2290.479578617066
forecast_2208,2025-04-03 00:00:00,3888.0001544952393,2954.131632328522,2510.890205473987
forecast_2209,2025-04-03 01:00:00,3888.0001544952393,2970.41121868092,2470.632187747608
forecast_2210,2025-04-03 02:00:00,3888.0001544952393,3081.5120866996413,2522.5457526734326
forecast_2211,2025-04-03 03:00:00,3888.0001544952393,2951.8205873914035,2492.1755502146443
forecast_2212,2025-04-03 04:00:00,3888.0001544952393,2908.304418839786,2529.527071141204
forecast_2213,2025-04-03 05:00:00,3888.0001544952393,2922.835025905324,2553.605626399704
forecast_2214,2025-04-03 06:00:00,3888.0001544952393,3072.2542874499777,2679.676969362235
forecast_2215,2025-04-03 07:00:00,3888.0001544952393,3085.722095250584,2544.496584345536
forecast_2216,2025-04-03 08:00:00,3888.0001544952393,3174.0165397021865,2531.018047679719
forecast_2217,2025-04-03 09:00:00,3455.9999227523804,2856.3642896220545,2159.9761398941337
forecast_2218,2025-04-03 10:00:00,3455.9999227523804,2677.212499643469,2240.120961634192
forecast_2219,2025-04-03 11:00:00,3455.9999227523804,2454.296916072759,1988.1822100484344
forecast_2220,2025-04-03 12:00:00,3455.9999227523804,2412.389320782815,2029.303661109596
forecast_2221,2025-04-03 13:00:00,3455.9999227523804,2479.2365709392952,2287.293289935243
forecast_2222,2025-04-03 14:00:00,3455.9999227523804,2542.9171215399906,2251.62186375694
forecast_2223,2025-04-03 15:00:00,3455.9999227523804,2429.5733629665665,1854.161168372458
forecast_2224,2025-04-03 16:00:00,3455.9999227523804,2380.5128754290195,2210.198253195685
forecast_2225,2025-04-03 17:00:00,3455.9999227523804,2552.9722111768388,2248.330559485439
forecast_2226,2025-04-03 18:00:00,3455.9999227523804,2333.405306805191,2334.605903673733
forecast_2227,2025-04-03 19:00:00,3455.9999227523804,3128.131104211922,2807.041696885768
forecast_2228,2025-04-03 20:00:00,3888.0001544952393,3620.055093878749,3040.8998555089984
forecast_2229,2025-04-03 21:00:00,3888.0001544952393,3907.5056806355897,3021.171593076212
forecast_2230,2025-04-03 22:00:00,4211.999845504761,5278.684881927689,4032.811965053055
forecast_2231,2025-04-03 23:00:00,4427.99996137619,5823.592317052333,4417.431326745866
forecast_2232,2025-04-04 00:00:00,4427.99996137619,6931.826603068879,5431.6909461595615
forecast_2233,2025-04-04 01:00:00,6263.999819755554,6607.832355526206,5364.872161198754
forecast_2234,2025-04-04 02:00:00,7128.000283241272,7344.931236798616,5529.3919999325
forecast_2235,2025-04-04 03:00:00,7128.000283241272,7876.315815426417,5592.631048258776
forecast_2236,2025-04-04 04:00:00,8963.999819755554,8991.954588274686,6576.196270844917
forecast_2237,2025-04-04 05:00:00,11664.000463485718,10505.76737370216,7738.300537922889
forecast_2238,2025-04-04 06:00:00,12852.000617980957,10579.474178577726,7250.268464748951
forecast_2239,2025-04-04 07:00:00,10044.00007724762,9307.962347488028,5862.046098396248
forecast_2240,2025-04-04 08:00:00,7776.0003089904785,7948.682074756171,5356.085510383398
forecast_2241,2025-04-04 09:00:00,8963.999819755554,5857.274807974088,4163.453880783294
forecast_2242,2025-04-04 10:00:00,3888.0001544952393,3512.4933249622086,2859.690252793912
forecast_2243,2025-04-04 11:00:00,3888.0001544952393,3182.270136124935,2754.256937517068
forecast_2244,2025-04-04 12:00:00,3888.0001544952393,2899.601443236008,2554.821801333227
forecast_2245,2025-04-04 13:00:00,3779.9999356269836,2934.748767813941,2491.875420188565
forecast_2246,2025-04-04 14:00:00,3779.9999356269836,2810.010525088106,2337.1097108571607
forecast_2247,2025-04-04 15:00:00,3888.0001544952393,2967.122996613748,2683.9209202065995
forecast_2248,2025-04-04 16:00:00,3888.0001544952393,3278.840905643475,2461.46867495498
forecast_2249,2025-04-04 17:00:00,3888.0001544952393,3194.443262134038,2482.908299484817
forecast_2250,2025-04-04 18:00:00,3888.0001544952393,3386.595098254624,2518.735775352378
forecast_2251,2025-04-04 19:00:00,3888.0001544952393,3456.8523001634044,3143.859113494603
forecast_2252,2025-04-04 20:00:00,3888.0001544952393,4046.7018824273614,3554.809533707981
forecast_2253,2025-04-04 21:00:00,4427.99996137619,5221.467836726934,3772.422849147762
forecast_2254,2025-04-04 22:00:00,3888.0001544952393,4649.73686281141,3613.7152591003264
forecast_2255,2025-04-04 23:00:00,4644.00007724762,6295.39065412017,3683.07053455132
forecast_2256,2025-04-05 00:00:00,6048.0000257492065,6944.907932266283,4455.092826393966
forecast_2257,2025-04-05 01:00:00,7451.9999742507935,9950.73933254871,5529.517444250321
forecast_2258,2025-04-05 02:00:00,10584.000205993652,10153.163864812886,6551.390156710595
forecast_2259,2025-04-05 03:00:00,10476.000308990479,9724.805882125667,5473.746228892601
forecast_2260,2025-04-05 04:00:00,10259.999871253967,11085.22190277093,6237.017696812162
forecast_2261,2025-04-05 05:00:00,10367.999768257141,9510.300467953744,5959.818469071111
forecast_2262,2025-04-05 06:00:00,10476.000308990479,10489.163309305077,6388.955901151736
forecast_2263,2025-04-05 07:00:00,7992.000102996826,8915.91114260825,4981.316025966972
forecast_2264,2025-04-05 08:00:00,5940.000128746033,8296.716931059545,4547.833346675556
forecast_2265,2025-04-05 09:00:00,6803.999948501587,8457.464102834392,4405.4274835926335
forecast_2266,2025-04-05 10:00:00,3996.000051498413,6855.182787947736,4437.327021417691
forecast_2267,2025-04-05 11:00:00,6696.000051498413,7261.8379606110575,5330.488752276612
forecast_2268,2025-04-05 12:00:00,7992.000102996826,9668.991027530315,6559.745891164829
forecast_2269,2025-04-05 13:00:00,9936.000180244446,12315.837447788786,9204.429738095165
forecast_2270,2025-04-05 14:00:00,12527.999639511108,13198.508366063032,9870.28514417917
forecast_2271,2025-04-05 15:00:00,12960.00051498413,13403.845865414844,10375.82006627479
forecast_2272,2025-04-05 16:00:00,14472.000360488892,15695.422067943273,12994.147663002996
forecast_2273,2025-04-05 17:00:00,14688.00015449524,16261.640268851012,14210.148879753671
forecast_2274,2025-04-05 18:00:00,15768.000411987305,16759.756401807357,14876.178207438608
forecast_2275,2025-04-05 19:00:00,15119.999742507935,15580.711710855156,13831.607261106088
forecast_2276,2025-04-05 20:00:00,15660.00051498413,15395.659529810107,13931.166477757122
forecast_2277,2025-04-05 21:00:00,14688.00015449524,14185.752550389874,12503.14988748785
forecast_2278,2025-04-05 22:00:00,13392.000102996826,14264.156555316373,11832.341035600992
forecast_2279,2025-04-05 23:00:00,13607.999897003174,15875.536455057552,13111.203129373256
forecast_2280,2025-04-06 00:00:00,15660.00051498413,16425.353470344075,14223.864491446671
forecast_2281,2025-04-06 01:00:00,14688.00015449524,15708.762781413492,14221.240197523102
forecast_2282,2025-04-06 02:00:00,14580.000257492065,15650.720786065558,13451.51128445553
forecast_2283,2025-04-06 03:00:00,15119.999742507935,15000.300897595,13604.020263711262
forecast_2284,2025-04-06 04:00:00,14580.000257492065,14362.925582537213,13173.236835860023
forecast_2285,2025-04-06 05:00:00,14688.00015449524,14942.272058600389,12966.08488234591
forecast_2286,2025-04-06 06:00:00,14688.00015449524,15102.017529741031,13444.434768900835
forecast_2287,2025-04-06 07:00:00,15011.99984550476,15377.633865546251,14185.311760583574
forecast_2288,2025-04-06 08:00:00,15443.999433517456,15892.472069058387,14027.733172676102
forecast_2289,2025-04-06 09:00:00,15119.999742507935,15250.693093486008,12406.661634440456
forecast_2290,2025-04-06 10:00:00,14796.000051498413,13748.560721923128,11321.102376656369
forecast_2291,2025-04-06 11:00:00,14147.999382019043,12622.278733564284,9942.683575679606
forecast_2292,2025-04-06 12:00:00,14147.999382019043,12944.283335725335,10217.914134559878
forecast_2293,2025-04-06 13:00:00,14796.000051498413,13646.232283874571,11755.20549500679
forecast_2294,2025-04-06 14:00:00,14796.000051498413,13791.383942050272,12638.43437426139
forecast_2295,2025-04-06 15:00:00,14796.000051498413,13695.783765852239,12564.083156514069
forecast_2296,2025-04-06 16:00:00,14796.000051498413,13056.431800415558,11812.768809448871
forecast_2297,2025-04-06 17:00:00,14796.000051498413,13497.692434094344,11791.295247153475
forecast_2298,2025-04-06 18:00:00,14147.999382019043,12350.98168184363,11180.544443954916
forecast_2299,2025-04-06 19:00:00,14256.000566482544,12462.448441068307,11388.324535754502
forecast_2300,2025-04-06 20:00:00,14688.00015449524,12905.55894054332,11571.02409086662
forecast_2301,2025-04-06 21:00:00,14688.00015449524,13994.331462763137,11095.705541231777
forecast_2302,2025-04-06 22:00:00,14688.00015449524,14935.081979144636,12597.439534156443
forecast_2303,2025-04-06 23:00:00,14688.00015449524,15124.13780915777,12205.464317697051
forecast_2304,2025-04-07 00:00:00,14364.000463485718,14092.241757738751,11872.078661805464
forecast_2305,2025-04-07 01:00:00,15119.999742507935,15891.208797910924,13798.839277994413
forecast_2306,2025-04-07 02:00:00,15119.999742507935,15670.22391510481,13548.0617207809
forecast_2307,2025-04-07 03:00:00,14903.999948501587,14144.030996926676,11147.92367121052
forecast_2308,2025-04-07 04:00:00,14580.000257492065,13174.033270734735,10374.04519657747
forecast_2309,2025-04-07 05:00:00,14688.00015449524,13313.54097580117,11237.755389080645
forecast_2310,2025-04-07 06:00:00,14472.000360488892,13413.812070133796,11870.955938320332
forecast_2311,2025-04-07 07:00:00,14688.00015449524,13882.966765631145,12151.407163254324
forecast_2312,2025-04-07 08:00:00,14688.00015449524,15361.13320169286,11703.43801000635
forecast_2313,2025-04-07 09:00:00,14364.000463485718,15017.722944254188,11313.101164624122
forecast_2314,2025-04-07 10:00:00,13068.000411987305,13530.516276640328,10144.29095326517
forecast_2315,2025-04-07 11:00:00,12096.000051498413,11353.753985548732,8019.228246764685
forecast_2316,2025-04-07 12:00:00,12096.000051498413,9760.709068107784,7734.361459524583
forecast_2317,2025-04-07 13:00:00,12096.000051498413,10039.172979614734,7163.379849745575
forecast_2318,2025-04-07 14:00:00,12096.000051498413,11901.238845018046,9411.872418444564
forecast_2319,2025-04-07 15:00:00,14039.99948501587,13898.144540951653,12036.600665152013
forecast_2320,2025-04-07 16:00:00,15227.999639511108,15317.11424724974,13507.51523227538
forecast_2321,2025-04-07 17:00:00,17819.999742507935,16442.88446486599,14049.517311582493
forecast_2322,2025-04-07 18:00:00,18468.000411987305,17196.488269500613,14231.98092889185
forecast_2323,2025-04-07 19:00:00,17388.00015449524,18049.70987912897,15580.43858492092
forecast_2324,2025-04-07 20:00:00,18360.00051498413,19135.230275297952,17229.246344822473
forecast_2325,2025-04-07 21:00:00,18360.00051498413,19575.552139882395,17971.188564186876
forecast_2326,2025-04-07 22:00:00,18900.0,19948.048800099907,18285.587329611742
forecast_2327,2025-04-07 23:00:00,19331.999588012695,19477.75030169461,18274.27507944287
forecast_2328,2025-04-08 00:00:00,18900.0,19326.62932126236,18022.70904839229
forecast_2329,2025-04-08 01:00:00,19331.999588012695,19426.42947149397,18460.37971676933
forecast_2330,2025-04-08 02:00:00,19331.999588012695,19277.99209201888,18357.665323248148
forecast_2331,2025-04-08 03:00:00,18900.0,19243.888259695705,18863.658365802137
forecast_2332,2025-04-08 04:00:00,19331.999588012695,19727.141903262243,18455.861192938
forecast_2333,2025-04-08 05:00:00,19331.999588012695,19602.508358336967,17616.490378301114
forecast_2334,2025-04-08 06:00:00,18900.0,19266.542037479743,17400.08539565199
forecast_2335,2025-04-08 07:00:00,18360.00051498413,18634.81575833748,16367.033525778452
forecast_2336,2025-04-08 08:00:00,18360.00051498413,18166.09038093113,14784.864945838204
forecast_2337,2025-04-08 09:00:00,15660.00051498413,16395.895368510486,14036.166729647592
forecast_2338,2025-04-08 10:00:00,15011.99984550476,15271.385194557872,12755.697570397127
forecast_2339,2025-04-08 11:00:00,14364.000463485718,13613.919925526949,10568.29305557014
forecast_2340,2025-04-08 12:00:00,14364.000463485718,12852.479019114433,10250.535300153042
forecast_2341,2025-04-08 13:00:00,13823.999691009521,12342.155841039355,9849.88967145793
forecast_2342,2025-04-08 14:00:00,14039.99948501587,11162.161569870925,8838.35382248224
forecast_2343,2025-04-08 15:00:00,13500.0,9686.03696695619,7831.359665409645
forecast_2344,2025-04-08 16:00:00,8855.99992275238,5736.266696325564,3905.1550256480773
forecast_2345,2025-04-08 17:00:00,4211.999845504761,3672.249090376354,2788.7167077588865
forecast_2346,2025-04-08 18:00:00,3888.0001544952393,2703.31706096588,2458.982507802865
forecast_2347,2025-04-08 19:00:00,3888.0001544952393,3025.163288175934,2807.071358106561
forecast_2348,2025-04-08 20:00:00,3888.0001544952393,3402.0078729333104,3306.1024165449635
forecast_2349,2025-04-08 21:00:00,3888.0001544952393,3490.1732318935697,3333.634962106092
forecast_2350,2025-04-08 22:00:00,3888.0001544952393,3642.1844393461406,3208.609059924766
forecast_2351,2025-04-08 23:00:00,3888.0001544952393,3283.036975227132,3038.6715101665845
forecast_2352,2025-04-09 00:00:00,3888.0001544952393,3064.217104382144,3200.6113328850897
forecast_2353,2025-04-09 01:00:00,3888.0001544952393,3130.246376101312,2686.3915406730825
forecast_2354,2025-04-09 02:00:00,3888.0001544952393,3138.969415932593,2588.276526154694
forecast_2355,2025-04-09 03:00:00,3888.0001544952393,3314.43634690879,2558.665510275041
forecast_2356,2025-04-09 04:00:00,3888.0001544952393,3646.589603609995,2629.8268823332805
forecast_2357,2025-04-09 05:00:00,3888.0001544952393,3547.27422259068,2563.062316689234
forecast_2358,2025-04-09 06:00:00,3888.0001544952393,3658.040877519305,2813.0721058513577
forecast_2359,2025-04-09 07:00:00,3888.0001544952393,3853.978490219281,3175.7650280612083
forecast_2360,2025-04-09 08:00:00,3888.0001544952393,4143.219001947189,3156.7674907213486
forecast_2361,2025-04-09 09:00:00,3888.0001544952393,3921.101673159807,2958.5852810437104
forecast_2362,2025-04-09 10:00:00,3888.0001544952393,3953.828885926356,3069.169219495496
forecast_2363,2025-04-09 11:00:00,3888.0001544952393,4031.288244192575,3295.9231285897126
forecast_2364,2025-04-09 12:00:00,3888.0001544952393,4622.328125687339,3614.701242666563
forecast_2365,2025-04-09 13:00:00,3888.0001544952393,4721.025266148084,3590.5839385761024
forecast_2366,2025-04-09 14:00:00,3888.0001544952393,5339.161651659224,3766.4151627849706
forecast_2367,2025-04-09 15:00:00,5615.999794006348,6157.471532681776,4310.558258368474
forecast_2368,2025-04-09 16:00:00,9611.99984550476,6336.617861427831,5275.219995234854
forecast_2369,2025-04-09 17:00:00,9180.000257492065,6152.644657878215,6180.124167669348
forecast_2370,2025-04-09 18:00:00,9719.999742507935,7432.705336441188,6342.149633677567
forecast_2371,2025-04-09 19:00:00,6371.999716758728,5933.6795590758975,4007.7465964407
forecast_2372,2025-04-09 20:00:00,5292.000102996826,5721.748435311736,3775.023464780576
forecast_2373,2025-04-09 21:00:00,5075.999987125397,7523.982081033437,3108.769652774633
forecast_2374,2025-04-09 22:00:00,5940.000128746033,9284.429995270615,4983.454463353265
forecast_2375,2025-04-09 23:00:00,9071.999716758728,8240.10155218613,5791.058814153419
forecast_2376,2025-04-10 00:00:00,10044.00007724762,9044.442419761735,6430.214159767349
forecast_2377,2025-04-10 01:00:00,6155.99992275238,8336.767244014103,4943.967099117517
forecast_2378,2025-04-10 02:00:00,9396.000051498413,9183.667548404172,6218.987571128844
forecast_2379,2025-04-10 03:00:00,9071.999716758728,8645.649660804509,5949.017411517703
forecast_2380,2025-04-10 04:00:00,10151.999974250793,7795.219061876815,4704.3743497437445
forecast_2381,2025-04-10 05:00:00,10259.999871253967,7341.010624966301,5681.819217018589
forecast_2382,2025-04-10 06:00:00,6048.0000257492065,5854.0226744243255,5445.641909238632
forecast_2383,2025-04-10 07:00:00,4968.000090122223,4771.933778609887,4437.34286187155
forecast_2384,2025-04-10 08:00:00,4968.000090122223,4851.738397981428,3574.200217714447
forecast_2385,2025-04-10 09:00:00,4644.00007724762,5356.597784733253,3922.0437377822
forecast_2386,2025-04-10 10:00:00,4211.999845504761,4995.088109283685,3440.2740165495834
forecast_2387,2025-04-10 11:00:00,4103.999948501587,4244.209140419868,3185.947775148667
forecast_2388,2025-04-10 12:00:00,3888.0001544952393,3743.24564074304,3452.4737782651696
forecast_2389,2025-04-10 13:00:00,3888.0001544952393,3570.087775420984,3355.721873300496
forecast_2390,2025-04-10 14:00:00,3779.9999356269836,3333.8953629087746,2771.385996041784
forecast_2391,2025-04-10 15:00:00,3888.0001544952393,3495.249327611754,2946.76965322499
forecast_2392,2025-04-10 16:00:00,4211.999845504761,4331.141079428388,4248.008521397203
forecast_2393,2025-04-10 17:00:00,4211.999845504761,4295.853615328594,3819.436382979751
forecast_2394,2025-04-10 18:00:00,3996.000051498413,4089.50557076555,3291.800295772115
forecast_2395,2025-04-10 19:00:00,4211.999845504761,4308.317357564392,3308.146375079987
forecast_2396,2025-04-10 20:00:00,4427.99996137619,3920.171271653837,3432.7125189405333
forecast_2397,2025-04-10 21:00:00,3888.0001544952393,4003.937588903026,3576.512584009351
forecast_2398,2025-04-10 22:00:00,4320.000064373016,4298.672682058199,3677.5430950808886
forecast_2399,2025-04-10 23:00:00,4427.99996137619,4238.422410810386,3847.444918274354
forecast_2400,2025-04-11 00:00:00,3888.0001544952393,3577.1758038484118,3726.1121746302815
forecast_2401,2025-04-11 01:00:00,3888.0001544952393,2939.2631152649287,2657.3098845367604
forecast_2402,2025-04-11 02:00:00,3888.0001544952393,2964.4563860240587,2650.9207255009683
forecast_2403,2025-04-11 03:00:00,3888.0001544952393,3057.384727989621,2613.887382230112
forecast_2404,2025-04-11 04:00:00,3888.0001544952393,2736.014066789929,2676.930449320505
forecast_2405,2025-04-11 05:00:00,3888.0001544952393,2511.532188066667,2525.765419973926
forecast_2406,2025-04-11 06:00:00,3888.0001544952393,2322.960751423017,2384.1938172413543
forecast_2407,2025-04-11 07:00:00,3888.0001544952393,2338.775513190915,2198.4703450075785
forecast_2408,2025-04-11 08:00:00,3888.0001544952393,2570.1302658942213,2195.972800424617
forecast_2409,2025-04-11 09:00:00,3779.9999356269836,2493.861892319452,1996.5168516602266
forecast_2410,2025-04-11 10:00:00,3455.9999227523804,2140.547453584243,1579.9142741365424
forecast_2411,2025-04-11 11:00:00,3348.0000257492065,2124.5537920764823,1781.449249131478
forecast_2412,2025-04-11 12:00:00,3348.0000257492065,2130.568164076611,1704.8858563553254
forecast_2413,2025-04-11 13:00:00,3455.9999227523804,2257.455787328596,2189.8929171508025
forecast_2414,2025-04-11 14:00:00,3455.9999227523804,2514.4944758202623,2404.7501644103336
forecast_2415,2025-04-11 15:00:00,3348.0000257492065,2561.9839805305355,2268.3261960735576
forecast_2416,2025-04-11 16:00:00,3455.9999227523804,2657.398442663716,2234.3050766348715
forecast_2417,2025-04-11 17:00:00,3888.0001544952393,2692.232052318555,2497.45690424894
forecast_2418,2025-04-11 18:00:00,3779.9999356269836,2838.8690314820783,2544.52809659746
forecast_2419,2025-04-11 19:00:00,3888.0001544952393,3050.9817679793487,2585.556775031535
forecast_2420,2025-04-11 20:00:00,3996.000051498413,3495.599582328955,2970.898635868859
forecast_2421,2025-04-11 21:00:00,3996.000051498413,3822.912137561256,2970.347885694793
forecast_2422,2025-04-11 22:00:00,5507.999897003174,5013.407045563174,4082.0884163508167
forecast_2423,2025-04-11 23:00:00,4427.99996137619,4987.297470745311,4018.404481809775
forecast_2424,2025-04-12 00:00:00,4535.999858379364,4326.318532101135,3557.6289261385077
forecast_2425,2025-04-12 01:00:00,3888.0001544952393,4273.510678545015,3310.8785978720807
forecast_2426,2025-04-12 02:00:00,3888.0001544952393,4506.583396377458,3521.0134199072118
forecast_2427,2025-04-12 03:00:00,3888.0001544952393,5047.844861058491,3986.6620602159246
forecast_2428,2025-04-12 04:00:00,6588.000154495239,6276.617385899371,4283.269410550946
forecast_2429,2025-04-12 05:00:00,4211.999845504761,6438.038118975465,4733.812388924258
forecast_2430,2025-04-12 06:00:00,4320.000064373016,5927.346993815187,5021.804423701887
forecast_2431,2025-04-12 07:00:00,4427.99996137619,6655.823380842484,4447.244703807994
forecast_2432,2025-04-12 08:00:00,7344.00007724762,8534.718278453442,4208.024353163042
forecast_2433,2025-04-12 09:00:00,6911.999845504761,10205.94323289846,5532.628785274722
forecast_2434,2025-04-12 10:00:00,7992.000102996826,9585.861621640835,6754.822981273089
forecast_2435,2025-04-12 11:00:00,10692.000102996826,9339.027382025315,7044.366409055062
forecast_2436,2025-04-12 12:00:00,10692.000102996826,10233.186775049298,7694.499580838021
forecast_2437,2025-04-12 13:00:00,11772.000360488892,11685.197447207564,8249.042182934234
forecast_2438,2025-04-12 14:00:00,12960.00051498413,12201.590438560475,8326.977121337772
forecast_2439,2025-04-12 15:00:00,12311.99984550476,9678.067805315775,7716.364632585382
forecast_2440,2025-04-12 16:00:00,12960.00051498413,9430.61743955451,8071.078399248253
forecast_2441,2025-04-12 17:00:00,12419.999742507935,10181.479561600749,7887.377617226177
forecast_2442,2025-04-12 18:00:00,14472.000360488892,13671.757995403595,10228.251371987571
forecast_2443,2025-04-12 19:00:00,14472.000360488892,14155.271430096163,10551.553680876566
forecast_2444,2025-04-12 20:00:00,14472.000360488892,15411.606828410298,12157.71797410381
forecast_2445,2025-04-12 21:00:00,14472.000360488892,15707.552673190014,12817.106541849227
forecast_2446,2025-04-12 22:00:00,14472.000360488892,15758.70857826962,12912.119532465857
forecast_2447,2025-04-12 23:00:00,14472.000360488892,17103.307530312948,14195.430061107012
forecast_2448,2025-04-13 00:00:00,14472.000360488892,17265.437977258996,14543.315920822444
forecast_2449,2025-04-13 01:00:00,14472.000360488892,16314.28499304013,12818.92492670456
forecast_2450,2025-04-13 02:00:00,15660.00051498413,14650.204363466408,11467.651422149513
forecast_2451,2025-04-13 03:00:00,14472.000360488892,18301.38836745112,16085.171964345116
forecast_2452,2025-04-13 04:00:00,19331.999588012695,18872.314957244187,17065.143079401176
forecast_2453,2025-04-13 05:00:00,18360.00051498413,19109.170548317627,15078.32957352432
forecast_2454,2025-04-13 06:00:00,17927.99963951111,18546.07536140047,15464.191975961823
forecast_2455,2025-04-13 07:00:00,18252.000617980957,18453.874336432968,16580.81785118857
forecast_2456,2025-04-13 08:00:00,19223.99969100952,18907.49394326043,17958.65034112008
forecast_2457,2025-04-13 09:00:00,18792.000102996826,18455.573209589613,18026.281496711817
forecast_2458,2025-04-13 10:00:00,18792.000102996826,18392.85112537792,17829.573169403255
forecast_2459,2025-04-13 11:00:00,18792.000102996826,18347.31825840413,17601.98926302935
forecast_2460,2025-04-13 12:00:00,18360.00051498413,18086.427000463063,16868.732755656285
forecast_2461,2025-04-13 13:00:00,18360.00051498413,18025.42926448092,17283.416911495002
forecast_2462,2025-04-13 14:00:00,18252.000617980957,18011.901314110357,16959.295535424182
forecast_2463,2025-04-13 15:00:00,18360.00051498413,17936.61200264046,16928.2215219913
forecast_2464,2025-04-13 16:00:00,18360.00051498413,18114.547952532022,17402.929456024587
forecast_2465,2025-04-13 17:00:00,18792.000102996826,18661.99305178445,17689.19794650125
forecast_2466,2025-04-13 18:00:00,19331.999588012695,18828.85208609068,17243.965643780302
forecast_2467,2025-04-13 19:00:00,18900.0,18386.337296446887,16942.155968769188
forecast_2468,2025-04-13 20:00:00,19331.999588012695,18432.95073696125,16979.939241307937
forecast_2469,2025-04-13 21:00:00,18900.0,18002.25488645402,17307.96735932672
forecast_2470,2025-04-13 22:00:00,18900.0,18134.01408080489,16959.74791422008
forecast_2471,2025-04-13 23:00:00,18035.999536514282,17759.12102372743,16083.441700948488
forecast_2472,2025-04-14 00:00:00,17496.000051498413,17620.01624549946,16071.33627024899
forecast_2473,2025-04-14 01:00:00,15119.999742507935,15326.207155196022,12965.065786105062
forecast_2474,2025-04-14 02:00:00,13068.000411987305,14083.184060718457,9699.08854145112
forecast_2475,2025-04-14 03:00:00,9936.000180244446,12783.314241425394,8128.146590346987
forecast_2476,2025-04-14 04:00:00,8748.000025749207,11737.523102521858,7254.39705013497
forecast_2477,2025-04-14 05:00:00,7019.999742507935,10662.88441194986,7472.192271868856
forecast_2478,2025-04-14 06:00:00,4644.00007724762,7673.5680668498,5724.515245536365
forecast_2479,2025-04-14 07:00:00,4859.999871253967,6707.598175280868,4902.681537981584
forecast_2480,2025-04-14 08:00:00,4320.000064373016,5589.844489243357,4832.416651817952
forecast_2481,2025-04-14 09:00:00,3996.000051498413,4907.895760123172,4756.650165318107
forecast_2482,2025-04-14 10:00:00,3888.0001544952393,4951.113465646901,3819.5742021967367
forecast_2483,2025-04-14 11:00:00,3888.0001544952393,5200.160110793348,4085.548126177891
forecast_2484,2025-04-14 12:00:00,3888.0001544952393,5052.748002764895,3436.986634239973
forecast_2485,2025-04-14 13:00:00,3888.0001544952393,5061.058580704416,3824.170732667722
forecast_2486,2025-04-14 14:00:00,3888.0001544952393,4644.401570410588,3413.740918067777
forecast_2487,2025-04-14 15:00:00,3888.0001544952393,4304.631426808918,3083.192578375676
forecast_2488,2025-04-14 16:00:00,3888.0001544952393,4185.558181808125,3403.5478562457306
forecast_2489,2025-04-14 17:00:00,3888.0001544952393,4262.761587117659,3288.758326873717
forecast_2490,2025-04-14 18:00:00,3888.0001544952393,4419.106026604775,3614.079815358547
forecast_2491,2025-04-14 19:00:00,3888.0001544952393,4700.072950963965,4251.258847135374
forecast_2492,2025-04-14 20:00:00,3888.0001544952393,4631.581101612879,3778.839597644092
forecast_2493,2025-04-14 21:00:00,3888.0001544952393,4816.718358713753,3966.38501820649
forecast_2494,2025-04-14 22:00:00,4427.99996137619,5139.287868327787,5572.933239220203
forecast_2495,2025-04-14 23:00:00,4427.99996137619,5280.552249314344,5407.924458483025
forecast_2496,2025-04-15 00:00:00,5940.000128746033,5433.381295537414,5173.275957437225
forecast_2497,2025-04-15 01:00:00,6371.999716758728,5959.725292516416,4667.870121840447
forecast_2498,2025-04-15 02:00:00,7451.9999742507935,6922.185882171036,4649.322507757903
forecast_2499,2025-04-15 03:00:00,6696.000051498413,6567.966071961409,4582.320718553001
forecast_2500,2025-04-15 04:00:00,5940.000128746033,5755.455584943138,4198.249272480673
forecast_2501,2025-04-15 05:00:00,7451.9999742507935,6476.26708373843,3995.7971724718627
forecast_2502,2025-04-15 06:00:00,6588.000154495239,6427.207069226005,4127.610388506912
forecast_2503,2025-04-15 07:00:00,7451.9999742507935,7936.291015251753,5030.472228842647
forecast_2504,2025-04-15 08:00:00,7236.000180244446,8534.061592600297,4581.621718900594
forecast_2505,2025-04-15 09:00:00,9180.000257492065,7862.510917383637,4726.293629183371
forecast_2506,2025-04-15 10:00:00,7884.000205993652,7972.482318232566,5575.810554354587
forecast_2507,2025-04-15 11:00:00,9719.999742507935,8456.810830317485,5941.0489000982125
forecast_2508,2025-04-15 12:00:00,10476.000308990479,8615.511441525552,5955.258333616334
forecast_2509,2025-04-15 13:00:00,10476.000308990479,8342.870990622436,5928.138949080953
forecast_2510,2025-04-15 14:00:00,12096.000051498413,9230.152808005198,6846.297764002538
forecast_2511,2025-04-15 15:00:00,12096.000051498413,10193.20856768002,7806.446408769099
forecast_2512,2025-04-15 16:00:00,13715.999794006348,10739.499231147978,7961.36770123304
forecast_2513,2025-04-15 17:00:00,14039.99948501587,11495.74681921098,8885.856234842391
forecast_2514,2025-04-15 18:00:00,14039.99948501587,12315.878348780718,10701.858688632448
forecast_2515,2025-04-15 19:00:00,14039.99948501587,13430.69328811859,11585.297301526343
forecast_2516,2025-04-15 20:00:00,15119.999742507935,15588.757687930614,14260.719353985873
forecast_2517,2025-04-15 21:00:00,15119.999742507935,15334.783597901442,14764.44895221054
forecast_2518,2025-04-15 22:00:00,16092.000102996826,16500.117610660538,15804.163951886723
forecast_2519,2025-04-15 23:00:00,17388.00015449524,17153.95830242389,16357.03607421775
forecast_2520,2025-04-16 00:00:00,19331.999588012695,17052.40188153792,16480.59060157342
forecast_2521,2025-04-16 01:00:00,19547.999382019043,17066.622308943402,14638.060410441854
forecast_2522,2025-04-16 02:00:00,19331.999588012695,16582.371202161583,14213.607099099576
forecast_2523,2025-04-16 03:00:00,19223.99969100952,16656.550566831706,13981.985656438514
forecast_2524,2025-04-16 04:00:00,17064.000463485718,15252.521906714792,12598.14342461171
forecast_2525,2025-04-16 05:00:00,17064.000463485718,15455.43592217695,13505.09371902872
forecast_2526,2025-04-16 06:00:00,19007.999897003174,15717.1276732736,14233.575428090726
forecast_2527,2025-04-16 07:00:00,15768.000411987305,13865.722942155517,11790.694280557662
forecast_2528,2025-04-16 08:00:00,14688.00015449524,13936.990976000307,11896.358332082784
forecast_2529,2025-04-16 09:00:00,10367.999768257141,13219.575326699722,9595.607360833195
forecast_2530,2025-04-16 10:00:00,9936.000180244446,11976.852975528576,8685.836923569392
forecast_2531,2025-04-16 11:00:00,12960.00051498413,12278.933247755764,9230.62421383808
forecast_2532,2025-04-16 12:00:00,14039.99948501587,13359.657994704936,10776.687688965989
forecast_2533,2025-04-16 13:00:00,14256.000566482544,14813.505638406143,11786.576051165306
forecast_2534,2025-04-16 14:00:00,15768.000411987305,16316.260425835828,14146.239109431412
forecast_2535,2025-04-16 15:00:00,16092.000102996826,17116.590124812243,15179.34836758333
forecast_2536,2025-04-16 16:00:00,18143.999433517456,17437.49038923973,16004.404453831115
forecast_2537,2025-04-16 17:00:00,18468.000411987305,18136.64770889041,16324.96645578798
forecast_2538,2025-04-16 18:00:00,18468.000411987305,18203.801854216243,16680.50494340926
forecast_2539,2025-04-16 19:00:00,18900.0,18553.236322232435,17268.127229909045
forecast_2540,2025-04-16 20:00:00,18900.0,18504.172091251374,17819.784141194636
forecast_2541,2025-04-16 21:00:00,19331.999588012695,18702.380679645565,17592.358926483903
forecast_2542,2025-04-16 22:00:00,19331.999588012695,18805.380606680592,17085.975858458707
forecast_2543,2025-04-16 23:00:00,19331.999588012695,18961.080479549008,16982.19591791076
forecast_2544,2025-04-17 00:00:00,19980.000257492065,19222.5031274002,16993.84294446684
forecast_2545,2025-04-17 01:00:00,18468.000411987305,18168.526930955457,15698.758525560565
forecast_2546,2025-04-17 02:00:00,18684.000205993652,18299.43272787525,15914.755945683282
forecast_2547,2025-04-17 03:00:00,19223.99969100952,18480.653390982963,16360.936514441217
forecast_2548,2025-04-17 04:00:00,18035.999536514282,17420.88199982304,14888.64798274329
forecast_2549,2025-04-17 05:00:00,16739.99948501587,17383.332367358962,14223.164852556025
forecast_2550,2025-04-17 06:00:00,18900.0,16939.61341908127,14598.185263877816
forecast_2551,2025-04-17 07:00:00,18360.00051498413,16530.925322212006,14639.9943588943
forecast_2552,2025-04-17 08:00:00,15660.00051498413,16276.041400596743,14425.88477795187
forecast_2553,2025-04-17 09:00:00,14256.000566482544,15449.171029723457,11207.729560275078
forecast_2554,2025-04-17 10:00:00,10044.00007724762,12312.689510169874,8190.484117823505
forecast_2555,2025-04-17 11:00:00,10259.999871253967,11626.985574455166,8847.696400361803
forecast_2556,2025-04-17 12:00:00,10259.999871253967,11386.293456376929,8997.975973713077
forecast_2557,2025-04-17 13:00:00,10259.999871253967,10483.62400470265,8805.35730315441
forecast_2558,2025-04-17 14:00:00,10259.999871253967,10079.384616235817,8891.94343392379
forecast_2559,2025-04-17 15:00:00,10692.000102996826,9819.841833277596,8825.590785756214
forecast_2560,2025-04-17 16:00:00,11880.000257492065,12243.247192008985,10436.090020630165
forecast_2561,2025-04-17 17:00:00,12096.000051498413,13332.576242733052,11519.892534931289
forecast_2562,2025-04-17 18:00:00,12096.000051498413,13196.461073506527,12014.12915130728
forecast_2563,2025-04-17 19:00:00,14688.00015449524,15096.92108080714,13425.978439842633
forecast_2564,2025-04-17 20:00:00,15443.999433517456,15687.087421469272,13304.266071361018
forecast_2565,2025-04-17 21:00:00,15119.999742507935,15455.569975503431,11931.70059904751
forecast_2566,2025-04-17 22:00:00,14688.00015449524,17180.22012965148,13384.393651640485
forecast_2567,2025-04-17 23:00:00,14472.000360488892,17024.50526540119,11724.695439970174
forecast_2568,2025-04-18 00:00:00,18360.00051498413,18445.697603027944,15272.431435871236
forecast_2569,2025-04-18 01:00:00,17388.00015449524,18617.869463819672,16582.079338041312
forecast_2570,2025-04-18 02:00:00,17711.99984550476,19056.337191873343,17145.600620104913
forecast_2571,2025-04-18 03:00:00,18360.00051498413,19038.264197323548,17255.49947966248
forecast_2572,2025-04-18 04:00:00,19331.999588012695,18967.50705790488,17384.75779865772
forecast_2573,2025-04-18 05:00:00,18792.000102996826,19031.55771842527,16608.25802612278
forecast_2574,2025-04-18 06:00:00,16847.999382019043,17888.295495661696,14650.864578542947
forecast_2575,2025-04-18 07:00:00,15119.999742507935,16417.014111355893,13048.419333029213
forecast_2576,2025-04-18 08:00:00,14688.00015449524,15365.056050709174,13202.149208573925
forecast_2577,2025-04-18 09:00:00,12960.00051498413,13639.360624952804,11301.396981060663
forecast_2578,2025-04-18 10:00:00,12096.000051498413,12419.204555339213,10880.795142558003
forecast_2579,2025-04-18 11:00:00,12096.000051498413,11043.547061473391,9877.932740743898
forecast_2580,2025-04-18 12:00:00,12096.000051498413,11088.058931953554,9358.883816621112
forecast_2581,2025-04-18 13:00:00,9288.00015449524,9888.983276920691,7742.759824192922
forecast_2582,2025-04-18 14:00:00,10044.00007724762,9145.869566713329,7138.899220328007
forecast_2583,2025-04-18 15:00:00,9288.00015449524,8187.428855823533,5730.706462633445
forecast_2584,2025-04-18 16:00:00,8855.99992275238,6993.155158173932,5472.278649391341
forecast_2585,2025-04-18 17:00:00,7344.00007724762,6897.540737990609,5680.011978180401
forecast_2586,2025-04-18 18:00:00,9719.999742507935,7783.808008021565,5975.215770516036
forecast_2587,2025-04-18 19:00:00,9936.000180244446,8520.026998747346,6195.139851285414
forecast_2588,2025-04-18 20:00:00,11772.000360488892,10867.944333786088,8558.006581992744
forecast_2589,2025-04-18 21:00:00,12743.999433517456,11339.211785524947,8727.448212460456
forecast_2590,2025-04-18 22:00:00,13068.000411987305,14424.292399441894,10195.425807892056
forecast_2591,2025-04-18 23:00:00,10259.999871253967,12623.146750042752,8250.712178563748
forecast_2592,2025-04-19 00:00:00,13176.000308990479,13014.707941660628,9330.929688308315
forecast_2593,2025-04-19 01:00:00,13176.000308990479,14502.04973832086,9758.04582725614
forecast_2594,2025-04-19 02:00:00,14256.000566482544,14708.077116821723,11523.809486346843
forecast_2595,2025-04-19 03:00:00,14688.00015449524,16321.58742487479,13020.483163094785
forecast_2596,2025-04-19 04:00:00,15660.00051498413,15997.87153127232,12949.93864885984
forecast_2597,2025-04-19 05:00:00,16200.0,15859.812310505997,12607.169351652645
forecast_2598,2025-04-19 06:00:00,14688.00015449524,14494.892194061884,10317.987012479098
forecast_2599,2025-04-19 07:00:00,13392.000102996826,12986.556849685308,10075.807851971376
forecast_2600,2025-04-19 08:00:00,11880.000257492065,13198.461833847929,10791.482839494429
forecast_2601,2025-04-19 09:00:00,13392.000102996826,12438.548568268405,10476.472730568948
forecast_2602,2025-04-19 10:00:00,13392.000102996826,14063.021149856491,11984.467864271295
forecast_2603,2025-04-19 11:00:00,14039.99948501587,14924.484356091956,13036.33535981808
forecast_2604,2025-04-19 12:00:00,14580.000257492065,17000.96964023969,14015.137260279089
forecast_2605,2025-04-19 13:00:00,15443.999433517456,17944.29194261939,15043.487841241236
forecast_2606,2025-04-19 14:00:00,15443.999433517456,18259.80427661964,15774.96910582595
forecast_2607,2025-04-19 15:00:00,15443.999433517456,17965.215124583752,15634.142487819676
forecast_2608,2025-04-19 16:00:00,16092.000102996826,18542.28089710667,15771.217155275688
forecast_2609,2025-04-19 17:00:00,16847.999382019043,18845.082552007683,16701.18913123669
forecast_2610,2025-04-19 18:00:00,18360.00051498413,18846.153978763858,16394.407159018298
forecast_2611,2025-04-19 19:00:00,18360.00051498413,18644.17182086518,15861.866851834506
forecast_2612,2025-04-19 20:00:00,18900.0,18665.1376286062,16609.959559762035
forecast_2613,2025-04-19 21:00:00,18900.0,17462.326013114718,16289.809710298125
forecast_2614,2025-04-19 22:00:00,17388.00015449524,16007.952914204418,14166.515417614915
forecast_2615,2025-04-19 23:00:00,13392.000102996826,13087.36922148458,12062.885503423526
forecast_2616,2025-04-20 00:00:00,11231.999588012695,13026.758912854764,9982.426969686983
forecast_2617,2025-04-20 01:00:00,10151.999974250793,10837.934779933148,8046.624635441764
forecast_2618,2025-04-20 02:00:00,10151.999974250793,9487.722711018,6306.546660670007
forecast_2619,2025-04-20 03:00:00,5832.000231742859,6407.8874078669605,4004.377012004849
forecast_2620,2025-04-20 04:00:00,4320.000064373016,4567.910165692366,3591.070024724394
forecast_2621,2025-04-20 05:00:00,4427.99996137619,3613.993437697152,2958.5564867507123
forecast_2622,2025-04-20 06:00:00,3888.0001544952393,3686.061743680704,3267.80268846225
forecast_2623,2025-04-20 07:00:00,3888.0001544952393,3160.260783003077,2969.177411947676
forecast_2624,2025-04-20 08:00:00,3888.0001544952393,3223.140280827289,2618.275403551221
forecast_2625,2025-04-20 09:00:00,3888.0001544952393,3017.966661172013,2650.801349797163
forecast_2626,2025-04-20 10:00:00,3455.9999227523804,2928.339227111995,2521.482445947505
forecast_2627,2025-04-20 11:00:00,3455.9999227523804,2748.402588091482,2559.8926743911284
forecast_2628,2025-04-20 12:00:00,3455.9999227523804,2641.779376215639,2420.9376645211355
forecast_2629,2025-04-20 13:00:00,3455.9999227523804,2554.4290379958024,2645.850734564918
forecast_2630,2025-04-20 14:00:00,3455.9999227523804,2435.3602246126675,2714.1473321945364
forecast_2631,2025-04-20 15:00:00,3455.9999227523804,2448.446852857344,2692.512967718645
forecast_2632,2025-04-20 16:00:00,3455.9999227523804,2494.942589545541,2289.52821798398
forecast_2633,2025-04-20 17:00:00,3455.9999227523804,2611.030297407043,2241.839201960061
forecast_2634,2025-04-20 18:00:00,3888.0001544952393,2580.750126030944,2769.842830236251
forecast_2635,2025-04-20 19:00:00,3888.0001544952393,2883.628716326517,2965.028435611395
forecast_2636,2025-04-20 20:00:00,3888.0001544952393,3248.9956162221506,3205.6316390122606
forecast_2637,2025-04-20 21:00:00,3888.0001544952393,3280.7090215647568,3112.1223215353007
forecast_2638,2025-04-20 22:00:00,3888.0001544952393,3227.601882028948,3138.35369110858
forecast_2639,2025-04-20 23:00:00,3888.0001544952393,3040.092196792854,3012.03342309204
forecast_2640,2025-04-21 00:00:00,3888.0001544952393,3182.906674902922,3156.83076799636
forecast_2641,2025-04-21 01:00:00,3779.9999356269836,3317.5040279202035,2935.49944479301
forecast_2642,2025-04-21 02:00:00,3888.0001544952393,3243.1048332584733,2792.300343578705
forecast_2643,2025-04-21 03:00:00,3888.0001544952393,3217.110714653694,2867.135754694069
forecast_2644,2025-04-21 04:00:00,3888.0001544952393,3308.569066725599,2874.00217993687
forecast_2645,2025-04-21 05:00:00,3888.0001544952393,3162.816081226569,2859.8565339600227
forecast_2646,2025-04-21 06:00:00,3888.0001544952393,3553.704536956942,2986.9651940351646
forecast_2647,2025-04-21 07:00:00,3888.0001544952393,3466.710272996664,3129.545525282435
forecast_2648,2025-04-21 08:00:00,3455.9999227523804,4129.894904251543,3799.213748639228
forecast_2649,2025-04-21 09:00:00,3455.9999227523804,3824.4620782697643,3303.4652368475367
forecast_2650,2025-04-21 10:00:00,3779.9999356269836,3367.268628616649,2757.4898625360333
forecast_2651,2025-04-21 11:00:00,3779.9999356269836,3514.717920726752,2933.513163346893
forecast_2652,2025-04-21 12:00:00,3779.9999356269836,3329.281209901721,2891.9873301235084
forecast_2653,2025-04-21 13:00:00,3779.9999356269836,3181.545366059497,3048.490331899824
forecast_2654,2025-04-21 14:00:00,3779.9999356269836,3186.6502110720007,3113.556601242002
forecast_2655,2025-04-21 15:00:00,3779.9999356269836,3261.3061019750294,3242.5571137245693
forecast_2656,2025-04-21 16:00:00,3888.0001544952393,3072.320350306119,2730.383286256676
forecast_2657,2025-04-21 17:00:00,3888.0001544952393,3386.986833399771,2225.281290321277
forecast_2658,2025-04-21 18:00:00,3888.0001544952393,3681.235503470244,2601.498589980817
forecast_2659,2025-04-21 19:00:00,3996.000051498413,4428.329826895578,3087.9108789697684
forecast_2660,2025-04-21 20:00:00,6911.999845504761,7303.204036660754,4519.899196234367
forecast_2661,2025-04-21 21:00:00,6155.99992275238,7447.870008097088,4365.27187673253
forecast_2662,2025-04-21 22:00:00,8748.000025749207,10414.153026163054,6074.4304645662805
forecast_2663,2025-04-21 23:00:00,8748.000025749207,11134.23716282292,5944.076568313077
forecast_2664,2025-04-22 00:00:00,9071.999716758728,10135.384601799164,5917.348218771975
forecast_2665,2025-04-22 01:00:00,10151.999974250793,9171.699024391284,6023.326658293343
forecast_2666,2025-04-22 02:00:00,11556.000566482544,10607.271847932485,6464.959316702949
forecast_2667,2025-04-22 03:00:00,9071.999716758728,8193.709343044507,5127.00572958979
forecast_2668,2025-04-22 04:00:00,6480.000257492065,7966.39817988531,4694.323292810494
forecast_2669,2025-04-22 05:00:00,5940.000128746033,5979.850127165288,3925.848835131701
forecast_2670,2025-04-22 06:00:00,3888.0001544952393,5063.389893417254,3990.694040182579
forecast_2671,2025-04-22 07:00:00,3888.0001544952393,4781.411109371223,3849.069957661505
forecast_2672,2025-04-22 08:00:00,3888.0001544952393,5585.010058918354,4166.584325852655
forecast_2673,2025-04-22 09:00:00,6911.999845504761,8180.566942005548,5911.965284466643
forecast_2674,2025-04-22 10:00:00,4751.9999742507935,7830.223617337303,6422.610228910346
forecast_2675,2025-04-22 11:00:00,7451.9999742507935,8558.580387636157,7226.471309765392
forecast_2676,2025-04-22 12:00:00,7451.9999742507935,8980.397872407973,7950.673167700481
forecast_2677,2025-04-22 13:00:00,8423.999691009521,9568.09905852447,8255.269610500593
forecast_2678,2025-04-22 14:00:00,7992.000102996826,7756.784150891373,6825.207484743355
forecast_2679,2025-04-22 15:00:00,6803.999948501587,6848.6221789431065,5441.565026610411
forecast_2680,2025-04-22 16:00:00,4211.999845504761,6312.130300706569,4249.270331303257
forecast_2681,2025-04-22 17:00:00,3888.0001544952393,4217.907357681674,3860.123365367442
forecast_2682,2025-04-22 18:00:00,3888.0001544952393,3780.8171654035714,4044.8041319039567
forecast_2683,2025-04-22 19:00:00,3996.000051498413,4232.793890467772,3629.16202960765
forecast_2684,2025-04-22 20:00:00,4535.999858379364,4860.606863834663,3945.2120924138576
forecast_2685,2025-04-22 21:00:00,4320.000064373016,4810.689835876477,3475.123785099437
forecast_2686,2025-04-22 22:00:00,4427.99996137619,4689.945360173888,4290.109764752093
forecast_2687,2025-04-22 23:00:00,5507.999897003174,5076.409816307652,3779.926192980266
forecast_2688,2025-04-23 00:00:00,5183.999884128571,4231.996174477331,3625.940547338774
forecast_2689,2025-04-23 01:00:00,6803.999948501587,6500.508748789621,6214.88314779535
forecast_2690,2025-04-23 02:00:00,5507.999897003174,5921.79524909181,4369.211969300768
forecast_2691,2025-04-23 03:00:00,5940.000128746033,5403.771803642144,3803.390264318816
forecast_2692,2025-04-23 04:00:00,5940.000128746033,5802.208647538912,4391.474587422627
forecast_2693,2025-04-23 05:00:00,5940.000128746033,5217.798662321369,3811.709403464432
forecast_2694,2025-04-23 06:00:00,4211.999845504761,4716.953411628112,3268.5740544248943
forecast_2695,2025-04-23 07:00:00,4427.99996137619,4396.669431765965,3299.7054542262017
forecast_2696,2025-04-23 08:00:00,4103.999948501587,3865.8659376261458,3125.5156820085945
forecast_2697,2025-04-23 09:00:00,3888.0001544952393,3553.777838668979,2902.3482457450928
forecast_2698,2025-04-23 10:00:00,3888.0001544952393,3119.574786045195,2730.5491009349
forecast_2699,2025-04-23 11:00:00,3779.9999356269836,2727.5917145822955,2484.641186945434
forecast_2700,2025-04-23 12:00:00,3779.9999356269836,2443.2478750904206,2546.819494164118
forecast_2701,2025-04-23 13:00:00,3779.9999356269836,2353.7534948233147,2408.103216735341
forecast_2702,2025-04-23 14:00:00,3888.0001544952393,2458.4344721036864,2373.8232062775032
forecast_2703,2025-04-23 15:00:00,3888.0001544952393,2618.509126195244,2589.7792165852966
forecast_2704,2025-04-23 16:00:00,3888.0001544952393,2760.233524435646,2304.3277319397653
forecast_2705,2025-04-23 17:00:00,3888.0001544952393,3366.4521494760056,2458.7871787613376
forecast_2706,2025-04-23 18:00:00,3996.000051498413,4248.458550445414,2721.023661355706
forecast_2707,2025-04-23 19:00:00,3888.0001544952393,3896.527094465168,2723.677057881193
forecast_2708,2025-04-23 20:00:00,6048.0000257492065,5412.382153315041,3834.130887896503
forecast_2709,2025-04-23 21:00:00,6588.000154495239,7185.720294573556,4675.214194929859
forecast_2710,2025-04-23 22:00:00,11447.999382019043,13087.695379138984,8000.473451214487
forecast_2711,2025-04-23 23:00:00,15119.999742507935,15031.85317508618,10338.776533786684
forecast_2712,2025-04-24 00:00:00,14688.00015449524,16689.696516850043,13272.24461246152
forecast_2713,2025-04-24 01:00:00,17388.00015449524,15695.014245998836,13830.00978244479
forecast_2714,2025-04-24 02:00:00,19547.999382019043,17053.257228947376,15170.11474007243
forecast_2715,2025-04-24 03:00:00,17388.00015449524,17263.81926251311,15275.536099419587
forecast_2716,2025-04-24 04:00:00,19547.999382019043,17680.1786322856,16350.071242242122
forecast_2717,2025-04-24 05:00:00,19115.999794006348,17227.103069869434,14959.398928520364
forecast_2718,2025-04-24 06:00:00,17172.00036048889,16701.60635194367,14561.806594398367
forecast_2719,2025-04-24 07:00:00,17172.00036048889,17062.747623387608,13552.26519312267
forecast_2720,2025-04-24 08:00:00,15335.999536514282,16200.377393139606,12099.64736962122
forecast_2721,2025-04-24 09:00:00,12960.00051498413,13317.863395108156,8304.37862859735
forecast_2722,2025-04-24 10:00:00,9828.000283241272,10212.1835857865,6885.9119918872
forecast_2723,2025-04-24 11:00:00,11447.999382019043,10764.846651534102,8853.102940774292
forecast_2724,2025-04-24 12:00:00,11880.000257492065,12554.65090310169,11343.377695445844
forecast_2725,2025-04-24 13:00:00,12960.00051498413,13389.30091792456,12601.692314939228
forecast_2726,2025-04-24 14:00:00,14364.000463485718,15864.646888357858,13672.011525824772
forecast_2727,2025-04-24 15:00:00,17927.99963951111,18130.98916958023,14546.170031890946
forecast_2728,2025-04-24 16:00:00,18252.000617980957,18199.8405780032,15014.04028271452
forecast_2729,2025-04-24 17:00:00,18252.000617980957,17879.546478839486,14877.390207324846
forecast_2730,2025-04-24 18:00:00,18252.000617980957,17934.814676575694,15331.81291111711
forecast_2731,2025-04-24 19:00:00,18252.000617980957,18470.500105100007,15755.951703468818
forecast_2732,2025-04-24 20:00:00,18900.0,18433.41056679101,16272.100704445254
forecast_2733,2025-04-24 21:00:00,18468.000411987305,18396.921200166107,16320.1533616874
forecast_2734,2025-04-24 22:00:00,18252.000617980957,17496.47686562313,14063.441601808723
forecast_2735,2025-04-24 23:00:00,16847.999382019043,16039.188188856746,12550.252404616263
forecast_2736,2025-04-25 00:00:00,16631.999588012695,15842.291672496192,11698.593549036015
forecast_2737,2025-04-25 01:00:00,14688.00015449524,14582.205365684464,10693.929341718074
forecast_2738,2025-04-25 02:00:00,14688.00015449524,13926.431103003491,10851.657150318491
forecast_2739,2025-04-25 03:00:00,14688.00015449524,13727.181479029483,11368.63463081922
forecast_2740,2025-04-25 04:00:00,14580.000257492065,13313.598651220342,10921.78012696054
forecast_2741,2025-04-25 05:00:00,14688.00015449524,13758.448444275104,10927.46906568195
forecast_2742,2025-04-25 06:00:00,14796.000051498413,13679.978061456146,10408.300683303543
forecast_2743,2025-04-25 07:00:00,14796.000051498413,12476.5145336326,9797.624493598028
forecast_2744,2025-04-25 08:00:00,14796.000051498413,12047.486299785704,9803.699449797956
forecast_2745,2025-04-25 09:00:00,14796.000051498413,11682.768871867482,9996.750396427804
forecast_2746,2025-04-25 10:00:00,14796.000051498413,12091.98308150711,10139.59012027425
forecast_2747,2025-04-25 11:00:00,14580.000257492065,10992.410772640254,10107.942204815474
forecast_2748,2025-04-25 12:00:00,14796.000051498413,10484.542968166565,9699.459740054594
forecast_2749,2025-04-25 13:00:00,14039.99948501587,10133.420809566562,9372.548804332486
forecast_2750,2025-04-25 14:00:00,14039.99948501587,10167.71492243198,8992.715201112413
forecast_2751,2025-04-25 15:00:00,14039.99948501587,10238.155781141946,8820.858696464707
forecast_2752,2025-04-25 16:00:00,14039.99948501587,10824.558333647225,8889.468025265864
forecast_2753,2025-04-25 17:00:00,14796.000051498413,11072.232423935686,8985.366904566152
forecast_2754,2025-04-25 18:00:00,14364.000463485718,11386.057358676399,9417.77873066935
forecast_2755,2025-04-25 19:00:00,14039.99948501587,10914.328531686366,8912.91568678117
forecast_2756,2025-04-25 20:00:00,14147.999382019043,11749.588436334818,9499.528099249534
forecast_2757,2025-04-25 21:00:00,14796.000051498413,13310.445741983149,11481.752231922046
forecast_2758,2025-04-25 22:00:00,15660.00051498413,14355.945530668872,12133.24992185609
forecast_2759,2025-04-25 23:00:00,13392.000102996826,11291.989787809802,9795.98877066082
forecast_2760,2025-04-26 00:00:00,13392.000102996826,11438.497022793072,8861.221271233906
forecast_2761,2025-04-26 01:00:00,10476.000308990479,11688.241978581527,8150.556763263734
forecast_2762,2025-04-26 02:00:00,13931.999588012695,13344.470849186948,9387.531136386597
forecast_2763,2025-04-26 03:00:00,14688.00015449524,14554.011854767265,11399.190427357791
forecast_2764,2025-04-26 04:00:00,16200.0,13792.271021595752,11266.624814987676
forecast_2765,2025-04-26 05:00:00,16631.999588012695,13969.551545931388,11137.827922535003
forecast_2766,2025-04-26 06:00:00,16307.999897003174,15073.331200116305,11688.08877928036
forecast_2767,2025-04-26 07:00:00,16739.99948501587,15596.973792148783,11504.679655866004
forecast_2768,2025-04-26 08:00:00,15335.999536514282,16646.023815490003,13117.93830496102
forecast_2769,2025-04-26 09:00:00,14688.00015449524,14659.937667034334,11988.856628251977
forecast_2770,2025-04-26 10:00:00,14256.000566482544,13909.008746017,11553.47556484088
forecast_2771,2025-04-26 11:00:00,14147.999382019043,14387.052224009503,11429.488285982556
forecast_2772,2025-04-26 12:00:00,14796.000051498413,14964.729122425068,12462.590568638252
forecast_2773,2025-04-26 13:00:00,14796.000051498413,14561.173550890722,12190.042291685852
forecast_2774,2025-04-26 14:00:00,15119.999742507935,14774.882595522651,13116.630646802883
forecast_2775,2025-04-26 15:00:00,17711.99984550476,16717.844111027818,14462.10826381125
forecast_2776,2025-04-26 16:00:00,17711.99984550476,16871.652908682685,14915.808119374076
forecast_2777,2025-04-26 17:00:00,17711.99984550476,16897.382095868765,15150.856179953294
forecast_2778,2025-04-26 18:00:00,17711.99984550476,17967.766946699765,16463.913107583503
forecast_2779,2025-04-26 19:00:00,18360.00051498413,18398.46023999742,17206.478390981934
forecast_2780,2025-04-26 20:00:00,19331.999588012695,18691.15053984253,18042.14492581764
forecast_2781,2025-04-26 21:00:00,19331.999588012695,19040.5909874702,18422.22410554704
forecast_2782,2025-04-26 22:00:00,19547.999382019043,19305.52952255516,18949.983888023467
forecast_2783,2025-04-26 23:00:00,19547.999382019043,19613.50104577623,18908.3704951196
forecast_2784,2025-04-27 00:00:00,19547.999382019043,19927.989224233766,19053.778917562435
forecast_2785,2025-04-27 01:00:00,19547.999382019043,19871.92245043223,18133.48450623886
forecast_2786,2025-04-27 02:00:00,19547.999382019043,19779.790705149426,18614.78957738329
forecast_2787,2025-04-27 03:00:00,19547.999382019043,19747.59273516904,18305.982689160155
forecast_2788,2025-04-27 04:00:00,19656.000566482544,19620.108934128333,18055.08745698199
forecast_2789,2025-04-27 05:00:00,19547.999382019043,19421.751226158736,17778.778559379632
forecast_2790,2025-04-27 06:00:00,19980.000257492065,19458.27914157544,17657.271219212987
forecast_2791,2025-04-27 07:00:00,19547.999382019043,19176.30718667861,16753.897117296765
forecast_2792,2025-04-27 08:00:00,19547.999382019043,19196.25289482432,16648.283495411477
forecast_2793,2025-04-27 09:00:00,17388.00015449524,18804.301685909217,15490.702476259732
forecast_2794,2025-04-27 10:00:00,17388.00015449524,17734.29388618305,15301.917401450057
forecast_2795,2025-04-27 11:00:00,18143.999433517456,17909.661579584637,15167.486508168402
forecast_2796,2025-04-27 12:00:00,18143.999433517456,17944.485419351222,14502.915917550605
forecast_2797,2025-04-27 13:00:00,18143.999433517456,18054.883963429074,14741.62317392275
forecast_2798,2025-04-27 14:00:00,18468.000411987305,17564.254735911563,14476.821692709473
forecast_2799,2025-04-27 15:00:00,18143.999433517456,17057.382362543507,14030.532266395769
forecast_2800,2025-04-27 16:00:00,18252.000617980957,16839.708606533786,13723.15616609454
forecast_2801,2025-04-27 17:00:00,18252.000617980957,16822.07893999184,14153.545141191857
forecast_2802,2025-04-27 18:00:00,17388.00015449524,16602.94075113704,14456.723437615536
forecast_2803,2025-04-27 19:00:00,15768.000411987305,17077.502853803297,14738.748801679392
forecast_2804,2025-04-27 20:00:00,15660.00051498413,18186.38884967876,15711.16296264036
forecast_2805,2025-04-27 21:00:00,15660.00051498413,17618.96838813895,14676.992884496543
forecast_2806,2025-04-27 22:00:00,17388.00015449524,18579.5205078814,15960.856754088742
forecast_2807,2025-04-27 23:00:00,18360.00051498413,18680.52149837118,16260.88691694851
forecast_2808,2025-04-28 00:00:00,16956.000566482544,16921.43135276986,14704.215270908337
forecast_2809,2025-04-28 01:00:00,16092.000102996826,17331.721056429047,13634.689144569822
forecast_2810,2025-04-28 02:00:00,16092.000102996826,17350.208992334567,13865.67008696382
forecast_2811,2025-04-28 03:00:00,16739.99948501587,16265.48464693902,14123.284522790187
forecast_2812,2025-04-28 04:00:00,13500.0,14864.694699227814,11066.901324113283
forecast_2813,2025-04-28 05:00:00,12635.999536514282,13852.60582205726,9522.249086057614
forecast_2814,2025-04-28 06:00:00,11988.00015449524,12407.43130422858,9007.376108973924
forecast_2815,2025-04-28 07:00:00,10476.000308990479,11351.099396016947,8517.638329879162
forecast_2816,2025-04-28 08:00:00,7451.9999742507935,8598.108125503199,5007.81831011407
forecast_2817,2025-04-28 09:00:00,4211.999845504761,5906.271054029024,3319.578946738206
forecast_2818,2025-04-28 10:00:00,5183.999884128571,5817.08274448701,3343.027166033572
forecast_2819,2025-04-28 11:00:00,10044.00007724762,6359.175756436172,5118.814514888807
forecast_2820,2025-04-28 12:00:00,12096.000051498413,9399.623050088809,9627.80439684952
forecast_2821,2025-04-28 13:00:00,13392.000102996826,9158.358618248756,8247.541347392957
forecast_2822,2025-04-28 14:00:00,13823.999691009521,9503.252561692483,8283.663073666514
forecast_2823,2025-04-28 15:00:00,13500.0,8664.235666797142,7801.191170664622
forecast_2824,2025-04-28 16:00:00,8855.99992275238,6169.07047224179,4905.617392909951
forecast_2825,2025-04-28 17:00:00,7128.000283241272,4225.274565724974,3629.989246136355
forecast_2826,2025-04-28 18:00:00,4320.000064373016,3438.8473554100906,2897.3547904241555
forecast_2827,2025-04-28 19:00:00,4320.000064373016,3772.108457860817,2629.9514758512014
forecast_2828,2025-04-28 20:00:00,5183.999884128571,4407.399107327977,3229.2532443796185
forecast_2829,2025-04-28 21:00:00,5183.999884128571,4977.968932027688,3504.0116357720735
forecast_2830,2025-04-28 22:00:00,7344.00007724762,5939.278999922969,4747.962992914698
forecast_2831,2025-04-28 23:00:00,6263.999819755554,5413.781405143354,4493.996682218221
forecast_2832,2025-04-29 00:00:00,6263.999819755554,5093.248496109025,3868.38933223078
forecast_2833,2025-04-29 01:00:00,4211.999845504761,3383.8985449474044,2780.544844103152
forecast_2834,2025-04-29 02:00:00,3888.0001544952393,3174.9762917123257,2759.528975770036
forecast_2835,2025-04-29 03:00:00,3888.0001544952393,3264.692444337146,2886.07061084785
forecast_2836,2025-04-29 04:00:00,4320.000064373016,3203.04792501664,3061.921420162032
forecast_2837,2025-04-29 05:00:00,4320.000064373016,4049.901399106217,3292.5305560661886
forecast_2838,2025-04-29 06:00:00,4535.999858379364,5628.595570616428,4534.383413798284
forecast_2839,2025-04-29 07:00:00,5507.999897003174,6991.686227412758,4814.706099156122
forecast_2840,2025-04-29 08:00:00,5075.999987125397,7250.007034463811,5563.850507151336
forecast_2841,2025-04-29 09:00:00,5075.999987125397,6953.102012151713,4304.038638028075
forecast_2842,2025-04-29 10:00:00,6371.999716758728,5852.758803789234,4676.344847972076
forecast_2843,2025-04-29 11:00:00,6696.000051498413,5122.762191364417,4568.212594657206
forecast_2844,2025-04-29 12:00:00,6696.000051498413,5507.166115772291,4596.513923572828
forecast_2845,2025-04-29 13:00:00,8100.0,5886.313492745453,4816.164373829323
forecast_2846,2025-04-29 14:00:00,9719.999742507935,6067.2647451100665,5174.982051629543
forecast_2847,2025-04-29 15:00:00,9611.99984550476,6159.820491954091,5553.492207253194
forecast_2848,2025-04-29 16:00:00,11447.999382019043,6890.038744087136,5642.873613497897
forecast_2849,2025-04-29 17:00:00,9180.000257492065,7209.31027241297,5441.369931158904
forecast_2850,2025-04-29 18:00:00,6371.999716758728,8190.597533322545,6580.7487521935545
forecast_2851,2025-04-29 19:00:00,10476.000308990479,11788.1110390552,8743.736367586358
forecast_2852,2025-04-29 20:00:00,13392.000102996826,14890.851779262603,12248.345268467778
forecast_2853,2025-04-29 21:00:00,14688.00015449524,15555.35486089966,13626.17219649835
forecast_2854,2025-04-29 22:00:00,16739.99948501587,17406.88655964459,15609.710468297695
forecast_2855,2025-04-29 23:00:00,19547.999382019043,18243.668343921723,16977.704636644157
forecast_2856,2025-04-30 00:00:00,19547.999382019043,18624.284432365792,16818.84010199643
forecast_2857,2025-04-30 01:00:00,19547.999382019043,18007.418912892725,16402.564671451306
forecast_2858,2025-04-30 02:00:00,19980.000257492065,18846.778636516945,17049.2206106582
forecast_2859,2025-04-30 03:00:00,19980.000257492065,19005.495410853982,17253.21026092707
forecast_2860,2025-04-30 04:00:00,19980.000257492065,19076.13911389049,17818.07800929843
forecast_2861,2025-04-30 05:00:00,19980.000257492065,18969.5399406442,17817.875265842416
forecast_2862,2025-04-30 06:00:00,19980.000257492065,18925.953429519835,17032.77792771506
forecast_2863,2025-04-30 07:00:00,19547.999382019043,18446.06496962748,15811.104433816026
forecast_2864,2025-04-30 08:00:00,19547.999382019043,18678.91372931672,15928.835486090496
forecast_2865,2025-04-30 09:00:00,17927.99963951111,17842.153205866674,15398.113454092634
forecast_2866,2025-04-30 10:00:00,14580.000257492065,16356.032081307125,14579.48178355358
forecast_2867,2025-04-30 11:00:00,14472.000360488892,15580.473283913923,13413.348258252676
forecast_2868,2025-04-30 12:00:00,13068.000411987305,14707.342123791625,12823.88630738041
forecast_2869,2025-04-30 13:00:00,11880.000257492065,12962.009712316258,11094.327622083034
forecast_2870,2025-04-30 14:00:00,11880.000257492065,11677.849474966895,9981.422495822211
forecast_2871,2025-04-30 15:00:00,11447.999382019043,10898.504840811967,9222.711365620784
forecast_2872,2025-04-30 16:00:00,9288.00015449524,9889.325459815183,8116.9669677199145
forecast_2873,2025-04-30 17:00:00,8855.99992275238,8229.743565990511,6244.109886531529
forecast_2874,2025-04-30 18:00:00,8855.99992275238,7488.969689198435,5570.155541089941
forecast_2875,2025-04-30 19:00:00,5615.999794006348,7596.367052875034,5423.0002620145815
forecast_2876,2025-04-30 20:00:00,7451.9999742507935,8119.720412693076,5465.589228892976
forecast_2877,2025-04-30 21:00:00,8963.999819755554,9120.571572858587,6118.71671107172
forecast_2878,2025-04-30 22:00:00,10259.999871253967,11331.986632794837,7062.558351450544
forecast_2879,2025-04-30 23:00:00,12743.999433517456,13076.624401566223,7990.0198460019155
forecast_2880,2025-05-01 00:00:00,13176.000308990479,13595.966231139755,7735.315525688446
forecast_2881,2025-05-01 01:00:00,14472.000360488892,15064.909968727254,11762.66629714114
forecast_2882,2025-05-01 02:00:00,14472.000360488892,15730.05087426677,12559.959564211613
forecast_2883,2025-05-01 03:00:00,14472.000360488892,16640.47393225767,13595.011554362802
forecast_2884,2025-05-01 04:00:00,15660.00051498413,17341.79727948966,14910.452659642637
forecast_2885,2025-05-01 05:00:00,18360.00051498413,17707.16030552602,15471.50163257567
forecast_2886,2025-05-01 06:00:00,18360.00051498413,17966.903258081536,16048.807852179763
forecast_2887,2025-05-01 07:00:00,17711.99984550476,18873.84681061113,16178.883783304907
forecast_2888,2025-05-01 08:00:00,17711.99984550476,18420.584646970183,16142.658680807584
forecast_2889,2025-05-01 09:00:00,17927.99963951111,17811.26923092631,15695.387349533064
forecast_2890,2025-05-01 10:00:00,17711.99984550476,17631.904282300377,15531.759745335301
forecast_2891,2025-05-01 11:00:00,17711.99984550476,17739.037797633737,16162.68410630443
forecast_2892,2025-05-01 12:00:00,18035.999536514282,17682.12872474232,15607.214612418493
forecast_2893,2025-05-01 13:00:00,17711.99984550476,17129.44738024952,15637.094703784544
forecast_2894,2025-05-01 14:00:00,14472.000360488892,16427.493853118256,13365.506115937722
forecast_2895,2025-05-01 15:00:00,14472.000360488892,16820.4914504315,13174.651704316384
forecast_2896,2025-05-01 16:00:00,17927.99963951111,16812.488070574924,14072.089425165212
forecast_2897,2025-05-01 17:00:00,15011.99984550476,17386.686212389202,14196.481312704058
forecast_2898,2025-05-01 18:00:00,14147.999382019043,15717.449323694216,12869.182628107512
forecast_2899,2025-05-01 19:00:00,13607.999897003174,15756.756627628163,12172.86573383433
forecast_2900,2025-05-01 20:00:00,14472.000360488892,15738.775906858538,12528.891844275546
forecast_2901,2025-05-01 21:00:00,10259.999871253967,13809.374397546844,8550.183119531875
forecast_2902,2025-05-01 22:00:00,14472.000360488892,15210.621975714292,11280.896157386773
forecast_2903,2025-05-01 23:00:00,14903.999948501587,16094.412593747787,14336.871754815702
forecast_2904,2025-05-02 00:00:00,19331.999588012695,17982.694259948596,15553.420022555889
forecast_2905,2025-05-02 01:00:00,18900.0,17747.926591635172,16142.162798849944
forecast_2906,2025-05-02 02:00:00,17064.000463485718,18008.195344556738,15351.85530049793
forecast_2907,2025-05-02 03:00:00,18468.000411987305,16902.983345833047,14820.787565769586
forecast_2908,2025-05-02 04:00:00,18468.000411987305,16113.70497505883,13603.368869915374
forecast_2909,2025-05-02 05:00:00,16956.000566482544,16729.24372294215,14419.11006055282
forecast_2910,2025-05-02 06:00:00,17064.000463485718,16915.35708638648,14214.105765540226
forecast_2911,2025-05-02 07:00:00,15768.000411987305,16013.634296791151,13235.859394483734
forecast_2912,2025-05-02 08:00:00,15119.999742507935,15128.310033328473,11050.327184305805
forecast_2913,2025-05-02 09:00:00,15660.00051498413,13409.0717544122,10069.378727289792
forecast_2914,2025-05-02 10:00:00,14039.99948501587,12329.476034048454,9290.71038701248
forecast_2915,2025-05-02 11:00:00,11988.00015449524,9705.216591843291,7448.342670797118
forecast_2916,2025-05-02 12:00:00,11556.000566482544,8380.529823736291,6895.930767060657
forecast_2917,2025-05-02 13:00:00,11556.000566482544,7087.219013391567,5953.007388475238
forecast_2918,2025-05-02 14:00:00,11556.000566482544,7462.614433721726,5639.514768233755
forecast_2919,2025-05-02 15:00:00,11556.000566482544,6961.9395344404,5435.43625069628
forecast_2920,2025-05-02 16:00:00,11123.999691009521,6576.2964283206,4640.158192833842
forecast_2921,2025-05-02 17:00:00,10476.000308990479,5930.422290124982,3972.499124711225
forecast_2922,2025-05-02 18:00:00,12096.000051498413,7382.511193527217,5219.555492539529
forecast_2923,2025-05-02 19:00:00,12096.000051498413,8637.502863366346,6372.17033734812
forecast_2924,2025-05-02 20:00:00,13715.999794006348,10317.275389032746,8580.397246373248
forecast_2925,2025-05-02 21:00:00,14039.99948501587,11328.09420212043,9951.8489565264
forecast_2926,2025-05-02 22:00:00,13068.000411987305,13195.03255523733,11846.21245197404
forecast_2927,2025-05-02 23:00:00,14472.000360488892,13762.113238515454,11150.200163765849
forecast_2928,2025-05-03 00:00:00,13500.0,12604.85445201802,9506.527238768444
forecast_2929,2025-05-03 01:00:00,14256.000566482544,14192.51661819344,9414.372167963114
forecast_2930,2025-05-03 02:00:00,13392.000102996826,14011.41059659815,10566.674531967074
forecast_2931,2025-05-03 03:00:00,10367.999768257141,12062.854044772308,8335.296651717472
forecast_2932,2025-05-03 04:00:00,9180.000257492065,10353.757345607422,5435.761419953764
forecast_2933,2025-05-03 05:00:00,10151.999974250793,8960.667615006794,6018.488968573445
forecast_2934,2025-05-03 06:00:00,6803.999948501587,7117.904917957372,4651.5180272538255
forecast_2935,2025-05-03 07:00:00,4320.000064373016,6271.157145142405,3927.667156744999
forecast_2936,2025-05-03 08:00:00,4968.000090122223,6962.956535764009,3675.864428498323
forecast_2937,2025-05-03 09:00:00,5615.999794006348,7994.892550197329,4715.759305204606
forecast_2938,2025-05-03 10:00:00,7451.9999742507935,9512.791374869304,6387.424822135369
forecast_2939,2025-05-03 11:00:00,11664.000463485718,11953.774849676123,9876.09270437025
forecast_2940,2025-05-03 12:00:00,14039.99948501587,13510.963003628183,11864.54292380732
forecast_2941,2025-05-03 13:00:00,14039.99948501587,13965.49075884351,12338.992655709892
forecast_2942,2025-05-03 14:00:00,12096.000051498413,13258.951428524062,11644.225866520534
forecast_2943,2025-05-03 15:00:00,15119.999742507935,14526.804258184333,12407.72911023869
forecast_2944,2025-05-03 16:00:00,14580.000257492065,14087.538665596085,11876.30306135756
forecast_2945,2025-05-03 17:00:00,14039.99948501587,11691.5825123026,10403.231856474036
forecast_2946,2025-05-03 18:00:00,13392.000102996826,12723.85206162387,9980.724613768589
forecast_2947,2025-05-03 19:00:00,14039.99948501587,13631.815188942375,10942.38092735373
forecast_2948,2025-05-03 20:00:00,15119.999742507935,13935.180620423247,12309.371777911025
forecast_2949,2025-05-03 21:00:00,15119.999742507935,13621.833965356129,12017.432630570367
forecast_2950,2025-05-03 22:00:00,15119.999742507935,13409.617330666177,11472.418579727508
forecast_2951,2025-05-03 23:00:00,14580.000257492065,13027.64955090606,11958.055360332544
forecast_2952,2025-05-04 00:00:00,14688.00015449524,14535.49257818484,12341.290590204131
forecast_2953,2025-05-04 01:00:00,15335.999536514282,15516.189045475689,13602.230538181617
forecast_2954,2025-05-04 02:00:00,14903.999948501587,15039.29215370484,13933.57059557233
forecast_2955,2025-05-04 03:00:00,14903.999948501587,14434.32979006397,11893.32557838979
forecast_2956,2025-05-04 04:00:00,15335.999536514282,14840.555447159331,12137.80228762609
forecast_2957,2025-05-04 05:00:00,16631.999588012695,15055.517686198582,12765.127900327292
forecast_2958,2025-05-04 06:00:00,16200.0,15146.485250618478,12736.597538698114
forecast_2959,2025-05-04 07:00:00,16200.0,14902.51223403154,12360.247384840466
forecast_2960,2025-05-04 08:00:00,15768.000411987305,14860.05362929736,12247.472320370009
forecast_2961,2025-05-04 09:00:00,14796.000051498413,13506.436361901977,11292.39275006979
forecast_2962,2025-05-04 10:00:00,14688.00015449524,13433.37052392061,10412.512674752244
forecast_2963,2025-05-04 11:00:00,15119.999742507935,13249.346899282846,10432.80891632012
forecast_2964,2025-05-04 12:00:00,15443.999433517456,13285.683240425053,10597.628284789102
forecast_2965,2025-05-04 13:00:00,15768.000411987305,14511.09999257765,13335.25839600673
forecast_2966,2025-05-04 14:00:00,18252.000617980957,16549.362302762933,14464.713130675786
forecast_2967,2025-05-04 15:00:00,18468.000411987305,16821.221752745867,15181.419169976789
forecast_2968,2025-05-04 16:00:00,18252.000617980957,16608.12760996883,14264.25508294868
forecast_2969,2025-05-04 17:00:00,17819.999742507935,15777.724457610322,12462.868450166932
forecast_2970,2025-05-04 18:00:00,16200.0,15141.93004759502,12012.378570635658
forecast_2971,2025-05-04 19:00:00,16200.0,14209.15962654884,11233.747144857023
forecast_2972,2025-05-04 20:00:00,16200.0,13268.598420925324,11030.269768007114
forecast_2973,2025-05-04 21:00:00,14364.000463485718,11371.051549156082,9885.8643810851
forecast_2974,2025-05-04 22:00:00,12096.000051498413,8311.354029472195,6221.045416469489
forecast_2975,2025-05-04 23:00:00,7992.000102996826,5649.401762906812,3918.2130120726915
forecast_2976,2025-05-05 00:00:00,4644.00007724762,5248.230914482191,3621.295486389756
forecast_2977,2025-05-05 01:00:00,5507.999897003174,4921.645744881612,2451.7110439360576
forecast_2978,2025-05-05 02:00:00,4211.999845504761,4572.899716931431,2777.158196659034
forecast_2979,2025-05-05 03:00:00,4211.999845504761,4892.406202556828,3573.3475321492397
forecast_2980,2025-05-05 04:00:00,4103.999948501587,3911.921624644008,3088.2399195080475
forecast_2981,2025-05-05 05:00:00,3888.0001544952393,3297.2117760972706,3037.948158991019
forecast_2982,2025-05-05 06:00:00,3888.0001544952393,3088.9933778350496,3217.359983691308
forecast_2983,2025-05-05 07:00:00,3888.0001544952393,2904.021532433508,3269.5095463277744
forecast_2984,2025-05-05 08:00:00,3888.0001544952393,3021.053130851212,3040.9487127390003
forecast_2985,2025-05-05 09:00:00,3455.9999227523804,2894.325787250689,2504.9000777951164
forecast_2986,2025-05-05 10:00:00,3779.9999356269836,2628.2947176318376,2319.5826811307334
forecast_2987,2025-05-05 11:00:00,3348.0000257492065,2301.2317222016604,1801.2348306738418
forecast_2988,2025-05-05 12:00:00,3888.0001544952393,2536.1833159165053,1821.7117931130936
forecast_2989,2025-05-05 13:00:00,3779.9999356269836,2505.396052163736,1812.921557207712
forecast_2990,2025-05-05 14:00:00,3455.9999227523804,2571.0306176204854,1788.259162900407
forecast_2991,2025-05-05 15:00:00,3779.9999356269836,2511.89108150474,1866.606056265459
forecast_2992,2025-05-05 16:00:00,3779.9999356269836,2760.62779356712,2386.9674864485896
forecast_2993,2025-05-05 17:00:00,3779.9999356269836,2635.205669414487,2531.507603114542
forecast_2994,2025-05-05 18:00:00,3779.9999356269836,2792.796068696242,2661.491018115257
forecast_2995,2025-05-05 19:00:00,4211.999845504761,3446.8487014934603,3075.4566140095935
forecast_2996,2025-05-05 20:00:00,3888.0001544952393,3453.228691551579,3076.160141116792
forecast_2997,2025-05-05 21:00:00,3888.0001544952393,3934.4884744942033,3015.169262315129
forecast_2998,2025-05-05 22:00:00,5507.999897003174,5211.420890352239,3556.9040462498606
forecast_2999,2025-05-05 23:00:00,3888.0001544952393,3522.713901842685,3374.352249530801
forecast_3000,2025-05-06 00:00:00,4644.00007724762,3878.086994134582,3494.706673092817
forecast_3001,2025-05-06 01:00:00,3888.0001544952393,2951.855444598592,2749.095093441588
forecast_3002,2025-05-06 02:00:00,3888.0001544952393,3278.1721769210226,3039.6581887437187
forecast_3003,2025-05-06 03:00:00,3888.0001544952393,3194.5210048607505,2775.508740475672
forecast_3004,2025-05-06 04:00:00,3779.9999356269836,2847.9882799925804,2721.357612985307
forecast_3005,2025-05-06 05:00:00,3888.0001544952393,3054.1055453515974,2615.0506295371333
forecast_3006,2025-05-06 06:00:00,3888.0001544952393,2881.347148570537,2651.905422452472
forecast_3007,2025-05-06 07:00:00,3888.0001544952393,3060.463892785833,2847.244334654468
forecast_3008,2025-05-06 08:00:00,3455.9999227523804,2996.0196785109865,2700.011268490005
forecast_3009,2025-05-06 09:00:00,3672.00003862381,2781.106420666436,2579.088524395151
forecast_3010,2025-05-06 10:00:00,3455.9999227523804,2532.945769177263,2254.8793110452057
forecast_3011,2025-05-06 11:00:00,3455.9999227523804,2539.0777865557834,2301.3110711418435
forecast_3012,2025-05-06 12:00:00,3564.000141620636,2645.899627349592,2384.33966036872
forecast_3013,2025-05-06 13:00:00,3564.000141620636,2507.8186376481,2266.356329259699
forecast_3014,2025-05-06 14:00:00,3564.000141620636,2819.21041822608,2394.9113347391585
forecast_3015,2025-05-06 15:00:00,3348.0000257492065,2815.189790740794,2221.962736220134
forecast_3016,2025-05-06 16:00:00,3888.0001544952393,2635.7544431966494,2281.4926279337005
forecast_3017,2025-05-06 17:00:00,3888.0001544952393,2844.8863310810634,2363.18368947087
forecast_3018,2025-05-06 18:00:00,3888.0001544952393,2610.0723951760087,2628.769378681232
forecast_3019,2025-05-06 19:00:00,3888.0001544952393,3349.326752305711,2865.4211325218826
forecast_3020,2025-05-06 20:00:00,3455.9999227523804,3384.062104699486,3103.5464880049126
forecast_3021,2025-05-06 21:00:00,3888.0001544952393,3398.040326766507,3220.6337907656143
forecast_3022,2025-05-06 22:00:00,3888.0001544952393,3779.339677691797,3073.6846735957783
forecast_3023,2025-05-06 23:00:00,3888.0001544952393,3590.016178043337,3336.317622956365
forecast_3024,2025-05-07 00:00:00,3888.0001544952393,3981.35642557146,3816.5208556140574
forecast_3025,2025-05-07 01:00:00,3996.000051498413,3938.36528033204,3097.542333004223
forecast_3026,2025-05-07 02:00:00,3888.0001544952393,3639.9557091118418,2899.633273063838
forecast_3027,2025-05-07 03:00:00,3888.0001544952393,3610.745587761844,2868.192343531925
forecast_3028,2025-05-07 04:00:00,3888.0001544952393,3749.006233952028,3117.680849188386
forecast_3029,2025-05-07 05:00:00,4427.99996137619,4260.631811571203,3519.72917899095
forecast_3030,2025-05-07 06:00:00,4103.999948501587,4779.756380439413,3849.22254130519
forecast_3031,2025-05-07 07:00:00,4427.99996137619,4799.291765367316,4076.275901289242
forecast_3032,2025-05-07 08:00:00,4751.9999742507935,4452.508560634342,3552.293922114224
forecast_3033,2025-05-07 09:00:00,3888.0001544952393,3868.5910367947113,2859.2447590731285
forecast_3034,2025-05-07 10:00:00,3888.0001544952393,3488.991314189345,2802.9258634402795
forecast_3035,2025-05-07 11:00:00,3888.0001544952393,3195.9187347165825,2650.2661377764857
forecast_3036,2025-05-07 12:00:00,3888.0001544952393,3211.430279731435,2780.9644209713074
forecast_3037,2025-05-07 13:00:00,3888.0001544952393,3085.4080284954657,2629.769425564726
forecast_3038,2025-05-07 14:00:00,3672.00003862381,3220.119682003948,2961.12604608057
forecast_3039,2025-05-07 15:00:00,3888.0001544952393,2875.092520037733,2903.798093553473
forecast_3040,2025-05-07 16:00:00,3888.0001544952393,2702.4614758167595,2460.03649696797
forecast_3041,2025-05-07 17:00:00,3888.0001544952393,2738.7640872788365,2784.537108945832
forecast_3042,2025-05-07 18:00:00,3888.0001544952393,2659.6761914634494,2770.5534370056407
forecast_3043,2025-05-07 19:00:00,3888.0001544952393,3315.827056713032,2950.47166540591
forecast_3044,2025-05-07 20:00:00,3888.0001544952393,3742.698305784551,3398.9743707317543
forecast_3045,2025-05-07 21:00:00,5075.999987125397,5136.537177526739,4013.0215442855983
forecast_3046,2025-05-07 22:00:00,6155.99992275238,5911.376657561998,4615.553908099651
forecast_3047,2025-05-07 23:00:00,7559.999871253967,7704.92484074369,5196.737765975639
forecast_3048,2025-05-08 00:00:00,6155.99992275238,6514.00970102826,4555.280243566823
forecast_3049,2025-05-08 01:00:00,4751.9999742507935,6561.214400155456,4027.436998053854
forecast_3050,2025-05-08 02:00:00,6480.000257492065,6387.539647775546,3985.315750596311
forecast_3051,2025-05-08 03:00:00,6480.000257492065,7941.556598040795,5056.217595800134
forecast_3052,2025-05-08 04:00:00,11556.000566482544,10127.502657583447,6955.468538308389
forecast_3053,2025-05-08 05:00:00,11123.999691009521,9185.043116397346,6351.997520285144
forecast_3054,2025-05-08 06:00:00,9288.00015449524,7138.346341493274,5677.871920551566
forecast_3055,2025-05-08 07:00:00,4427.99996137619,5504.588032648117,4422.599615181067
forecast_3056,2025-05-08 08:00:00,4103.999948501587,4239.471431027317,3930.526070258543
forecast_3057,2025-05-08 09:00:00,3888.0001544952393,3289.0346759556305,3355.181589501993
forecast_3058,2025-05-08 10:00:00,3779.9999356269836,2929.4658211994006,3045.7674653521253
forecast_3059,2025-05-08 11:00:00,3888.0001544952393,2819.752419000776,2600.4119713166824
forecast_3060,2025-05-08 12:00:00,3455.9999227523804,2928.951591602997,2674.0070598551
forecast_3061,2025-05-08 13:00:00,3888.0001544952393,3091.835455544489,2326.2052384931244
forecast_3062,2025-05-08 14:00:00,3888.0001544952393,3287.271739014043,2174.4706946323254
forecast_3063,2025-05-08 15:00:00,3888.0001544952393,2960.3603557209885,2214.966269231382
forecast_3064,2025-05-08 16:00:00,3888.0001544952393,3209.5053095688577,2418.0500809874607
forecast_3065,2025-05-08 17:00:00,3888.0001544952393,3331.85812109412,2339.6939486068536
forecast_3066,2025-05-08 18:00:00,3888.0001544952393,3666.2665563338182,3091.389965956523
forecast_3067,2025-05-08 19:00:00,4320.000064373016,4348.110243351457,3588.0271557370625
forecast_3068,2025-05-08 20:00:00,3888.0001544952393,3945.503363543316,3321.836736187568
forecast_3069,2025-05-08 21:00:00,3888.0001544952393,4104.608802847485,3504.784353792169
forecast_3070,2025-05-08 22:00:00,3888.0001544952393,4732.699675766686,3723.980306691945
forecast_3071,2025-05-08 23:00:00,3888.0001544952393,4737.799414612352,3488.822976260425
forecast_3072,2025-05-09 00:00:00,3996.000051498413,4824.296942607814,2916.1712194229635
forecast_3073,2025-05-09 01:00:00,6155.99992275238,6758.002739072188,4321.299766243163
forecast_3074,2025-05-09 02:00:00,5940.000128746033,6211.143580074279,4195.416059826585
forecast_3075,2025-05-09 03:00:00,5940.000128746033,5862.56392804178,3922.1699331073537
forecast_3076,2025-05-09 04:00:00,5940.000128746033,5608.790872255147,3760.881956611004
forecast_3077,2025-05-09 05:00:00,4427.99996137619,4700.934744543698,3222.736552453614
forecast_3078,2025-05-09 06:00:00,3888.0001544952393,4747.538709700161,3157.049920299656
forecast_3079,2025-05-09 07:00:00,3888.0001544952393,4190.847487501286,3354.667670299485
forecast_3080,2025-05-09 08:00:00,3888.0001544952393,3911.124902854172,3190.942256112945
forecast_3081,2025-05-09 09:00:00,3888.0001544952393,4017.0250601564767,3032.539800337238
forecast_3082,2025-05-09 10:00:00,3888.0001544952393,5228.292038603922,4115.565328984047
forecast_3083,2025-05-09 11:00:00,3888.0001544952393,5630.214403853832,3625.17962666216
forecast_3084,2025-05-09 12:00:00,5615.999794006348,8547.179961064036,5395.958147300087
forecast_3085,2025-05-09 13:00:00,6803.999948501587,9205.071842137257,6545.655265076604
forecast_3086,2025-05-09 14:00:00,7992.000102996826,11834.053109832845,9364.860815567392
forecast_3087,2025-05-09 15:00:00,12960.00051498413,11460.15393990461,9343.384786493703
forecast_3088,2025-05-09 16:00:00,12743.999433517456,11465.047839936631,9555.719103571457
forecast_3089,2025-05-09 17:00:00,12527.999639511108,11362.166849707632,10428.71417878829
forecast_3090,2025-05-09 18:00:00,11772.000360488892,9716.872496448004,9007.34713174723
forecast_3091,2025-05-09 19:00:00,6371.999716758728,8819.883878031495,7147.247276717814
forecast_3092,2025-05-09 20:00:00,5615.999794006348,6297.057729744851,4333.905729585523
forecast_3093,2025-05-09 21:00:00,4535.999858379364,5728.667656506781,3896.818488926681
forecast_3094,2025-05-09 22:00:00,3996.000051498413,5213.738651178286,3669.1417724427774
forecast_3095,2025-05-09 23:00:00,4859.999871253967,7023.587382756726,3826.460901669031
forecast_3096,2025-05-10 00:00:00,10151.999974250793,10137.374847708024,6954.994884583226
forecast_3097,2025-05-10 01:00:00,14472.000360488892,13333.308785915877,11726.426057028526
forecast_3098,2025-05-10 02:00:00,15660.00051498413,15691.699764046243,12232.33179839509
forecast_3099,2025-05-10 03:00:00,16523.99969100952,16800.524234320026,14063.180579142963
forecast_3100,2025-05-10 04:00:00,17603.999948501587,17099.12570365266,14043.11977838668
forecast_3101,2025-05-10 05:00:00,18035.999536514282,17287.649384272747,14428.393732533454
forecast_3102,2025-05-10 06:00:00,18360.00051498413,18667.28354566812,16552.48708238242
forecast_3103,2025-05-10 07:00:00,18900.0,19387.74838668055,17661.8404369799
forecast_3104,2025-05-10 08:00:00,19223.99969100952,19334.53471966308,17837.16117636791
forecast_3105,2025-05-10 09:00:00,19223.99969100952,19288.669357227995,18154.324860464872
forecast_3106,2025-05-10 10:00:00,19223.99969100952,19098.17752383425,17865.24815509699
forecast_3107,2025-05-10 11:00:00,19223.99969100952,18989.33618735332,17569.183740715773
forecast_3108,2025-05-10 12:00:00,19331.999588012695,18802.727943938044,17672.61937918859
forecast_3109,2025-05-10 13:00:00,18900.0,18322.331375066067,17317.188398975126
forecast_3110,2025-05-10 14:00:00,18900.0,18386.556521932023,17060.945775009328
forecast_3111,2025-05-10 15:00:00,18900.0,18040.86079402608,16647.646065436325
forecast_3112,2025-05-10 16:00:00,18792.000102996826,17675.486942548858,16287.623334502508
forecast_3113,2025-05-10 17:00:00,17603.999948501587,16990.924831597076,15093.771766824286
forecast_3114,2025-05-10 18:00:00,16092.000102996826,15479.765653884431,14409.181606262302
forecast_3115,2025-05-10 19:00:00,14039.99948501587,12728.376797376392,10756.173946746268
forecast_3116,2025-05-10 20:00:00,13392.000102996826,12520.632528326663,10004.068636423928
forecast_3117,2025-05-10 21:00:00,12096.000051498413,11422.793304203564,7735.982565439953
forecast_3118,2025-05-10 22:00:00,10476.000308990479,11117.68053777051,8856.942257981724
forecast_3119,2025-05-10 23:00:00,12419.999742507935,11671.9979502987,8653.35112603648
forecast_3120,2025-05-11 00:00:00,10259.999871253967,8349.7652285435,6889.301453468075
forecast_3121,2025-05-11 01:00:00,10259.999871253967,9560.58199344009,6851.401330464238
forecast_3122,2025-05-11 02:00:00,10476.000308990479,10013.079347082328,7198.714044004292
forecast_3123,2025-05-11 03:00:00,10044.00007724762,9791.916439888071,6447.505635462133
forecast_3124,2025-05-11 04:00:00,9503.999948501587,8992.549023708805,5554.328405554359
forecast_3125,2025-05-11 05:00:00,10151.999974250793,8670.175480071039,5941.892326523683
forecast_3126,2025-05-11 06:00:00,6155.99992275238,6679.652992132236,4710.504143457403
forecast_3127,2025-05-11 07:00:00,5832.000231742859,6288.8849789805845,4601.288597259295
forecast_3128,2025-05-11 08:00:00,4751.9999742507935,4825.900924137526,3854.432327218968
forecast_3129,2025-05-11 09:00:00,3996.000051498413,3918.035288663535,3223.704941982263
forecast_3130,2025-05-11 10:00:00,3888.0001544952393,3368.7323541569563,2567.551163567969
forecast_3131,2025-05-11 11:00:00,3888.0001544952393,2853.186655123386,2609.2495574353134
forecast_3132,2025-05-11 12:00:00,3888.0001544952393,2924.3410180230767,2432.27289073548
forecast_3133,2025-05-11 13:00:00,3888.0001544952393,2981.7405919031603,2663.2891322820087
forecast_3134,2025-05-11 14:00:00,4211.999845504761,3814.7150687462417,3027.496216613281
forecast_3135,2025-05-11 15:00:00,6048.0000257492065,3897.016058856723,3464.01996438206
forecast_3136,2025-05-11 16:00:00,4211.999845504761,3729.709022833336,2599.483269273206
forecast_3137,2025-05-11 17:00:00,5183.999884128571,5185.192223346405,3651.121371348019
forecast_3138,2025-05-11 18:00:00,4859.999871253967,4836.076405537946,3268.375380030601
forecast_3139,2025-05-11 19:00:00,4427.99996137619,5343.282440536051,3432.415149460467
forecast_3140,2025-05-11 20:00:00,5075.999987125397,6347.214424676495,4131.536188471769
forecast_3141,2025-05-11 21:00:00,11123.999691009521,9476.461357100026,6709.685339338592
forecast_3142,2025-05-11 22:00:00,12960.00051498413,13337.190593326492,10248.809076916565
forecast_3143,2025-05-11 23:00:00,13392.000102996826,14323.803470006358,11549.803874892496
forecast_3144,2025-05-12 00:00:00,15335.999536514282,14942.971419982585,12610.307033891213
forecast_3145,2025-05-12 01:00:00,14039.99948501587,14944.590890800288,11323.817003708167
forecast_3146,2025-05-12 02:00:00,15335.999536514282,15505.754821962246,12397.272434228693
forecast_3147,2025-05-12 03:00:00,14688.00015449524,15383.68012407101,12938.806316168258
forecast_3148,2025-05-12 04:00:00,15768.000411987305,15636.566987162194,14331.724463107266
forecast_3149,2025-05-12 05:00:00,15768.000411987305,15549.640871806048,14385.91918257429
forecast_3150,2025-05-12 06:00:00,15335.999536514282,14506.666959898223,12711.657621850278
forecast_3151,2025-05-12 07:00:00,15768.000411987305,14426.2973736829,11986.423852671107
forecast_3152,2025-05-12 08:00:00,14580.000257492065,13181.15860243894,11582.296091397096
forecast_3153,2025-05-12 09:00:00,12960.00051498413,11848.03508731178,9400.245978653778
forecast_3154,2025-05-12 10:00:00,12096.000051498413,10064.401705765164,8439.59741548684
forecast_3155,2025-05-12 11:00:00,10476.000308990479,7868.843682122597,6659.901153689963
forecast_3156,2025-05-12 12:00:00,10476.000308990479,8026.392005715419,7047.122181542049
forecast_3157,2025-05-12 13:00:00,10476.000308990479,8796.506105054512,7296.129539415639
forecast_3158,2025-05-12 14:00:00,9396.000051498413,7324.240064836899,6236.283918344524
forecast_3159,2025-05-12 15:00:00,9396.000051498413,6854.482774691105,5787.792980809346
forecast_3160,2025-05-12 16:00:00,8855.99992275238,7133.276592935425,6228.401416465753
forecast_3161,2025-05-12 17:00:00,10476.000308990479,7784.465253584335,6283.750864017411
forecast_3162,2025-05-12 18:00:00,10476.000308990479,8808.305150471726,7139.561825804565
forecast_3163,2025-05-12 19:00:00,11123.999691009521,11144.690111246044,8565.701218408107
forecast_3164,2025-05-12 20:00:00,13068.000411987305,12337.246498840896,9121.323478510216
forecast_3165,2025-05-12 21:00:00,16092.000102996826,15592.722353048875,11952.31501391275
forecast_3166,2025-05-12 22:00:00,17064.000463485718,17443.97311153225,15171.408487161008
forecast_3167,2025-05-12 23:00:00,19547.999382019043,17739.607017010905,15264.90438457712
forecast_3168,2025-05-13 00:00:00,19547.999382019043,17863.804590997122,15963.878116588692
forecast_3169,2025-05-13 01:00:00,19980.000257492065,18602.61061992506,17576.08828854974
forecast_3170,2025-05-13 02:00:00,19980.000257492065,18619.724028014207,17591.3056334587
forecast_3171,2025-05-13 03:00:00,19980.000257492065,18610.454385434285,17539.4480542772
forecast_3172,2025-05-13 04:00:00,19980.000257492065,18509.036950519177,17414.321102972564
forecast_3173,2025-05-13 05:00:00,19980.000257492065,18462.58858886587,17338.16716954774
forecast_3174,2025-05-13 06:00:00,19547.999382019043,18097.670441342045,16517.58700602271
forecast_3175,2025-05-13 07:00:00,19547.999382019043,17599.711687424864,15293.320498582012
forecast_3176,2025-05-13 08:00:00,18468.000411987305,17231.7953734976,14298.675257458168
forecast_3177,2025-05-13 09:00:00,16092.000102996826,16489.657924443614,13930.811657034088
forecast_3178,2025-05-13 10:00:00,15660.00051498413,15834.226539924275,14183.700752906414
forecast_3179,2025-05-13 11:00:00,14472.000360488892,15402.945855184184,14035.197117399552
forecast_3180,2025-05-13 12:00:00,14472.000360488892,15109.852661430692,13840.722369464242
forecast_3181,2025-05-13 13:00:00,14472.000360488892,14679.243831106232,13261.220536349601
forecast_3182,2025-05-13 14:00:00,14472.000360488892,13998.827070710364,12627.02813569718
forecast_3183,2025-05-13 15:00:00,14147.999382019043,13726.145143517584,12620.4512689874
forecast_3184,2025-05-13 16:00:00,14472.000360488892,13354.179719851449,12554.053858157347
forecast_3185,2025-05-13 17:00:00,14472.000360488892,13834.85223927264,12662.830874542322
forecast_3186,2025-05-13 18:00:00,14796.000051498413,13934.20156232829,12301.967285256487
forecast_3187,2025-05-13 19:00:00,17280.000257492065,15392.342869363714,14083.172816816312
forecast_3188,2025-05-13 20:00:00,19547.999382019043,16335.124641453443,15007.291444510069
forecast_3189,2025-05-13 21:00:00,19547.999382019043,17551.818842408946,16150.454256592931
forecast_3190,2025-05-13 22:00:00,19980.000257492065,18199.68198346119,17361.57778511201
forecast_3191,2025-05-13 23:00:00,19980.000257492065,18520.53199280749,17131.208066927094
forecast_3192,2025-05-14 00:00:00,19980.000257492065,18748.19209436428,17315.418000707177
forecast_3193,2025-05-14 01:00:00,19980.000257492065,18797.298628283163,17131.653229950367
forecast_3194,2025-05-14 02:00:00,19980.000257492065,19122.55723807048,17657.16465206454
forecast_3195,2025-05-14 03:00:00,19980.000257492065,18953.85620230282,17656.599868964935
forecast_3196,2025-05-14 04:00:00,19980.000257492065,18893.896925228168,17364.127838875636
forecast_3197,2025-05-14 05:00:00,19980.000257492065,18964.868618561977,17715.284234243474
forecast_3198,2025-05-14 06:00:00,19980.000257492065,18599.697681791447,16547.501880101438
forecast_3199,2025-05-14 07:00:00,19547.999382019043,16343.205654237305,13738.055090801568
forecast_3200,2025-05-14 08:00:00,13500.0,13162.084697145394,10624.846256563887
forecast_3201,2025-05-14 09:00:00,13500.0,10609.068978615313,8886.159998536175
forecast_3202,2025-05-14 10:00:00,11447.999382019043,8554.40956408544,7461.374942623027
forecast_3203,2025-05-14 11:00:00,7128.000283241272,6696.127808946454,5580.304675033557
forecast_3204,2025-05-14 12:00:00,5615.999794006348,5060.617802759138,4213.144932230274
forecast_3205,2025-05-14 13:00:00,5615.999794006348,4927.14382361905,3800.509689667247
forecast_3206,2025-05-14 14:00:00,4968.000090122223,4411.883507088271,3854.478737679823
forecast_3207,2025-05-14 15:00:00,4968.000090122223,4387.339930763982,3740.901522688625
forecast_3208,2025-05-14 16:00:00,5183.999884128571,4897.517858299347,3304.785263009182
forecast_3209,2025-05-14 17:00:00,4211.999845504761,4929.317338938447,3342.615080696366
forecast_3210,2025-05-14 18:00:00,4320.000064373016,5201.459698872795,3771.9392501373
forecast_3211,2025-05-14 19:00:00,6155.99992275238,6447.541947448133,3905.670998532237
forecast_3212,2025-05-14 20:00:00,7559.999871253967,6914.71145788445,4332.881643978368
forecast_3213,2025-05-14 21:00:00,7559.999871253967,7530.631305086183,5459.52607779132
forecast_3214,2025-05-14 22:00:00,9828.000283241272,10519.268017819672,6125.778459608168
forecast_3215,2025-05-14 23:00:00,7992.000102996826,9691.613316540046,5579.365351214294
forecast_3216,2025-05-15 00:00:00,7992.000102996826,10654.411035002307,6352.458295485447
forecast_3217,2025-05-15 01:00:00,12743.999433517456,13402.315178944673,9269.58786033621
forecast_3218,2025-05-15 02:00:00,13931.999588012695,14435.567040493455,10001.779489997209
forecast_3219,2025-05-15 03:00:00,14256.000566482544,14093.299937154308,8875.623319482427
forecast_3220,2025-05-15 04:00:00,14472.000360488892,14700.624069829344,10188.471436032693
forecast_3221,2025-05-15 05:00:00,14580.000257492065,15012.728938886206,12276.202429269584
forecast_3222,2025-05-15 06:00:00,15227.999639511108,15278.346398008624,12912.341908334987
forecast_3223,2025-05-15 07:00:00,17388.00015449524,17601.414638246777,14515.93942392545
forecast_3224,2025-05-15 08:00:00,18360.00051498413,17926.83122813602,16675.124220496058
forecast_3225,2025-05-15 09:00:00,16847.999382019043,17696.52389162274,15849.03194472795
forecast_3226,2025-05-15 10:00:00,15660.00051498413,17450.31300765849,15265.61748213916
forecast_3227,2025-05-15 11:00:00,15119.999742507935,16080.65725687032,14028.737305004166
forecast_3228,2025-05-15 12:00:00,15119.999742507935,16177.79602431516,13358.667914529226
forecast_3229,2025-05-15 13:00:00,17388.00015449524,17066.596518654755,14553.355016131498
forecast_3230,2025-05-15 14:00:00,18900.0,17413.36267738351,16132.009653995698
forecast_3231,2025-05-15 15:00:00,18900.0,16725.82055821279,15889.445132299988
forecast_3232,2025-05-15 16:00:00,17388.00015449524,15653.75754731015,14507.602256231588
forecast_3233,2025-05-15 17:00:00,17388.00015449524,15476.777936805116,13836.614295789532
forecast_3234,2025-05-15 18:00:00,18792.000102996826,15997.738396784944,14466.883912108378
forecast_3235,2025-05-15 19:00:00,19439.99948501587,16622.105514188923,15821.891279910224
forecast_3236,2025-05-15 20:00:00,19331.999588012695,17108.61431302716,16694.79038692412
forecast_3237,2025-05-15 21:00:00,17388.00015449524,17541.16889527611,17247.442785773645
forecast_3238,2025-05-15 22:00:00,19439.99948501587,18139.611950542563,17864.864129791014
forecast_3239,2025-05-15 23:00:00,19439.99948501587,17870.565546855512,17166.37862703694
forecast_3240,2025-05-16 00:00:00,16092.000102996826,17520.99655617684,16549.683598881078
forecast_3241,2025-05-16 01:00:00,19547.999382019043,17902.32716009115,15984.178635591003
forecast_3242,2025-05-16 02:00:00,19331.999588012695,18062.279506390954,16358.584330301812
forecast_3243,2025-05-16 03:00:00,19331.999588012695,18111.90576022062,16608.811823125972
forecast_3244,2025-05-16 04:00:00,19547.999382019043,17972.09015638292,16615.040497704
forecast_3245,2025-05-16 05:00:00,19547.999382019043,17689.485511482657,16239.65942378082
forecast_3246,2025-05-16 06:00:00,19223.99969100952,17113.468768443123,14895.340324611843
forecast_3247,2025-05-16 07:00:00,17388.00015449524,16212.820821453632,14362.009009638256
forecast_3248,2025-05-16 08:00:00,16092.000102996826,16261.14703083939,14482.736051905733
forecast_3249,2025-05-16 09:00:00,16092.000102996826,15630.04038250343,13114.036335433297
forecast_3250,2025-05-16 10:00:00,14472.000360488892,14197.76490911681,11664.334128994156
forecast_3251,2025-05-16 11:00:00,12096.000051498413,11707.04845193568,9170.867486247354
forecast_3252,2025-05-16 12:00:00,10692.000102996826,11027.904881023223,8870.817581560546
forecast_3253,2025-05-16 13:00:00,10367.999768257141,9952.205550699922,7023.082453576192
forecast_3254,2025-05-16 14:00:00,5615.999794006348,8845.013606549284,6084.2193477860055
forecast_3255,2025-05-16 15:00:00,5615.999794006348,7167.383158509613,4399.475976486806
forecast_3256,2025-05-16 16:00:00,6155.99992275238,6705.839150829447,4281.578302537921
forecast_3257,2025-05-16 17:00:00,7019.999742507935,5980.969742507172,3853.6282813023126
forecast_3258,2025-05-16 18:00:00,6696.000051498413,6115.826468194836,3277.704375557513
forecast_3259,2025-05-16 19:00:00,5723.9996910095215,5851.659465960798,3255.293983641008
forecast_3260,2025-05-16 20:00:00,5723.9996910095215,5578.57543405223,3546.7926486716183
forecast_3261,2025-05-16 21:00:00,4535.999858379364,5052.331955029057,4508.636413476303
forecast_3262,2025-05-16 22:00:00,4535.999858379364,4373.305568071017,3649.844364242528
forecast_3263,2025-05-16 23:00:00,4535.999858379364,5525.796734467533,4334.7129672259325
forecast_3264,2025-05-17 00:00:00,4535.999858379364,4674.111021649664,3678.9323533595966
forecast_3265,2025-05-17 01:00:00,4320.000064373016,4940.768626097684,3608.8436638328194
forecast_3266,2025-05-17 02:00:00,3996.000051498413,5757.7130739069235,3889.571067738818
forecast_3267,2025-05-17 03:00:00,4320.000064373016,5992.244631173802,4866.714706178717
forecast_3268,2025-05-17 04:00:00,4968.000090122223,6695.517341966065,5136.459333613269
forecast_3269,2025-05-17 05:00:00,3888.0001544952393,4579.47346028434,3812.689168836055
forecast_3270,2025-05-17 06:00:00,3888.0001544952393,3834.0816534439177,3198.642515847346
forecast_3271,2025-05-17 07:00:00,3888.0001544952393,3466.099601646596,3407.318545033532
forecast_3272,2025-05-17 08:00:00,4320.000064373016,4244.121311737035,3543.2302360478207
forecast_3273,2025-05-17 09:00:00,4427.99996137619,6092.978379441235,3787.534304515682
forecast_3274,2025-05-17 10:00:00,4320.000064373016,4649.208817098383,2918.395441409025
forecast_3275,2025-05-17 11:00:00,5183.999884128571,4600.950765007686,2753.113027757947
forecast_3276,2025-05-17 12:00:00,5615.999794006348,6061.787615934546,4176.12905505312
forecast_3277,2025-05-17 13:00:00,10259.999871253967,7364.916737676289,6231.382352978521
forecast_3278,2025-05-17 14:00:00,11664.000463485718,10352.03035036949,9954.36805784109
forecast_3279,2025-05-17 15:00:00,12096.000051498413,12849.072865832515,12189.353485647913
forecast_3280,2025-05-17 16:00:00,14147.999382019043,15310.361843367586,12467.25816389484
forecast_3281,2025-05-17 17:00:00,15443.999433517456,17591.03592614647,14450.764689405569
forecast_3282,2025-05-17 18:00:00,15768.000411987305,18435.533406462484,16681.657272274468
forecast_3283,2025-05-17 19:00:00,18360.00051498413,18572.493332257684,17205.394403553215
forecast_3284,2025-05-17 20:00:00,18900.0,18520.09034119991,17243.464201632967
forecast_3285,2025-05-17 21:00:00,19331.999588012695,18712.900243686923,17843.24852635868
forecast_3286,2025-05-17 22:00:00,19656.000566482544,19035.611158676995,17788.29892491903
forecast_3287,2025-05-17 23:00:00,19656.000566482544,19474.108109130106,18501.96205405092
forecast_3288,2025-05-18 00:00:00,19547.999382019043,19134.81578983496,17409.18353176413
forecast_3289,2025-05-18 01:00:00,19331.999588012695,18416.39816090966,15989.174973941555
forecast_3290,2025-05-18 02:00:00,19439.99948501587,17437.459847658545,15135.2995994504
forecast_3291,2025-05-18 03:00:00,17388.00015449524,15384.836730939758,12071.376324389284
forecast_3292,2025-05-18 04:00:00,15443.999433517456,13125.481094434232,9279.66012243058
forecast_3293,2025-05-18 05:00:00,15335.999536514282,13016.908361536707,9966.294954298914
forecast_3294,2025-05-18 06:00:00,10907.999897003174,9224.893103298427,5916.1765059440595
forecast_3295,2025-05-18 07:00:00,4320.000064373016,4143.983313928794,2443.97184808078
forecast_3296,2025-05-18 08:00:00,3888.0001544952393,3214.443042078617,2311.287606385826
forecast_3297,2025-05-18 09:00:00,3888.0001544952393,2572.6262311385185,2038.441573600618
forecast_3298,2025-05-18 10:00:00,3888.0001544952393,2441.016609681819,2077.498627689657
forecast_3299,2025-05-18 11:00:00,3888.0001544952393,2501.485832086796,1902.267387637179
forecast_3300,2025-05-18 12:00:00,3888.0001544952393,2768.864288107043,1663.7272869289736
forecast_3301,2025-05-18 13:00:00,4211.999845504761,3130.8143989403325,1623.5828937888764
forecast_3302,2025-05-18 14:00:00,5183.999884128571,3561.507491766632,2166.4772598335285
forecast_3303,2025-05-18 15:00:00,6696.000051498413,3935.8573390025554,2473.1304371107503
forecast_3304,2025-05-18 16:00:00,6371.999716758728,4420.388926356467,2180.4723169451217
forecast_3305,2025-05-18 17:00:00,9719.999742507935,5358.207006806245,3442.895747546838
forecast_3306,2025-05-18 18:00:00,10476.000308990479,5690.791051419571,4580.071663656696
forecast_3307,2025-05-18 19:00:00,11339.99948501587,8051.226324786081,6646.89917657141
forecast_3308,2025-05-18 20:00:00,12096.000051498413,10571.166963457335,9399.367135181114
forecast_3309,2025-05-18 21:00:00,13607.999897003174,12429.63330484185,10929.239577890829
forecast_3310,2025-05-18 22:00:00,14039.99948501587,14019.873703200594,12106.593997215114
forecast_3311,2025-05-18 23:00:00,15984.000205993652,14075.300482559198,11355.140233362274
forecast_3312,2025-05-19 00:00:00,13823.999691009521,13839.353734098391,11590.925923395138
forecast_3313,2025-05-19 01:00:00,13176.000308990479,12675.579145455646,9092.934640725953
forecast_3314,2025-05-19 02:00:00,12960.00051498413,12281.473948232036,8334.14763550174
forecast_3315,2025-05-19 03:00:00,10259.999871253967,10916.081588847635,7104.257005205803
forecast_3316,2025-05-19 04:00:00,10259.999871253967,10142.08171928698,6593.060228812727
forecast_3317,2025-05-19 05:00:00,8423.999691009521,10098.472596438403,6849.654335698395
forecast_3318,2025-05-19 06:00:00,9180.000257492065,12217.680179002044,7009.847119755324
forecast_3319,2025-05-19 07:00:00,12960.00051498413,13578.770684739198,8234.085147723128
forecast_3320,2025-05-19 08:00:00,14472.000360488892,15093.584234061904,9400.30500294779
forecast_3321,2025-05-19 09:00:00,13068.000411987305,14329.18924420908,9758.127853042724
forecast_3322,2025-05-19 10:00:00,14039.99948501587,14423.587815976956,12155.927493196778
forecast_3323,2025-05-19 11:00:00,14472.000360488892,14990.59316618854,13178.946632078289
forecast_3324,2025-05-19 12:00:00,15443.999433517456,16486.60272208557,14233.18864700928
forecast_3325,2025-05-19 13:00:00,15443.999433517456,17219.010249466864,14728.320150923548
forecast_3326,2025-05-19 14:00:00,15443.999433517456,17463.922876750956,15678.99209715994
forecast_3327,2025-05-19 15:00:00,16092.000102996826,17469.881244990953,15921.967350563438
forecast_3328,2025-05-19 16:00:00,18360.00051498413,17781.27792690556,15928.262900948976
forecast_3329,2025-05-19 17:00:00,18468.000411987305,17786.634044184404,17070.450418001867
forecast_3330,2025-05-19 18:00:00,18792.000102996826,17546.629555125277,16794.752715463557
forecast_3331,2025-05-19 19:00:00,18900.0,18059.67254742936,17054.846030283905
forecast_3332,2025-05-19 20:00:00,18900.0,18276.5846490399,17521.399014523024
forecast_3333,2025-05-19 21:00:00,18900.0,18236.035860466272,17883.67112576273
forecast_3334,2025-05-19 22:00:00,19331.999588012695,18126.11450421274,18223.288355091525
forecast_3335,2025-05-19 23:00:00,18900.0,17874.12192981943,17521.530374411584
forecast_3336,2025-05-20 00:00:00,18252.000617980957,17586.462289908213,17543.055443387646
forecast_3337,2025-05-20 01:00:00,18900.0,18045.82835909427,17537.829460340243
forecast_3338,2025-05-20 02:00:00,18900.0,18072.764746718152,17701.61540185937
forecast_3339,2025-05-20 03:00:00,18468.000411987305,17987.212174935434,17852.157478094177
forecast_3340,2025-05-20 04:00:00,18900.0,18211.87753038272,17991.004365620905
forecast_3341,2025-05-20 05:00:00,18900.0,18074.32160140088,17767.742756587817
forecast_3342,2025-05-20 06:00:00,18900.0,17791.164985039737,16951.048323096787
forecast_3343,2025-05-20 07:00:00,18360.00051498413,17648.76090709587,16512.725686012833
forecast_3344,2025-05-20 08:00:00,18360.00051498413,17456.39263790044,15966.3922409516
forecast_3345,2025-05-20 09:00:00,17711.99984550476,17252.888140070285,16110.600859467333
forecast_3346,2025-05-20 10:00:00,16092.000102996826,16216.87872535531,15258.205338652466
forecast_3347,2025-05-20 11:00:00,14472.000360488892,14568.262199489747,13688.954754469538
forecast_3348,2025-05-20 12:00:00,15119.999742507935,13802.348563922433,12865.916847495757
forecast_3349,2025-05-20 13:00:00,15119.999742507935,13896.597391828223,13753.276897062202
forecast_3350,2025-05-20 14:00:00,15660.00051498413,14445.370929309483,14017.254296304553
forecast_3351,2025-05-20 15:00:00,16092.000102996826,14865.0337976745,14302.977888567391
forecast_3352,2025-05-20 16:00:00,17280.000257492065,15174.361296987425,14474.176711524511
forecast_3353,2025-05-20 17:00:00,17280.000257492065,15315.07841711638,14823.750011939568
forecast_3354,2025-05-20 18:00:00,16092.000102996826,15329.992825906724,14803.338678714954
forecast_3355,2025-05-20 19:00:00,17280.000257492065,15868.414559715127,15147.351030668236
forecast_3356,2025-05-20 20:00:00,17927.99963951111,16138.085342707058,15634.255396186116
forecast_3357,2025-05-20 21:00:00,18684.000205993652,17024.66577856935,16503.85975486095
forecast_3358,2025-05-20 22:00:00,19223.99969100952,17523.578785895657,17115.040481243617
forecast_3359,2025-05-20 23:00:00,19223.99969100952,17539.8324383954,16600.28235526767
forecast_3360,2025-05-21 00:00:00,19331.999588012695,17775.25321631564,16453.54129329693
forecast_3361,2025-05-21 01:00:00,19547.999382019043,17339.855751765695,14588.642946411283
forecast_3362,2025-05-21 02:00:00,19547.999382019043,17256.712432283966,14542.748585304746
forecast_3363,2025-05-21 03:00:00,17172.00036048889,17186.80019323949,14990.052150478405
forecast_3364,2025-05-21 04:00:00,15660.00051498413,15373.846037895117,13592.681620293151
forecast_3365,2025-05-21 05:00:00,16307.999897003174,14435.259205236183,11517.272734430726
forecast_3366,2025-05-21 06:00:00,14688.00015449524,11640.186882286627,8681.778084869396
forecast_3367,2025-05-21 07:00:00,6480.000257492065,6813.563004865854,5378.179062592593
forecast_3368,2025-05-21 08:00:00,6048.0000257492065,5668.017361584395,5032.811412728237
forecast_3369,2025-05-21 09:00:00,5400.0,4435.008436720199,3893.95583204979
forecast_3370,2025-05-21 10:00:00,3888.0001544952393,3417.561784770066,2986.023136550707
forecast_3371,2025-05-21 11:00:00,3888.0001544952393,3256.041031136806,2833.4926049216533
forecast_3372,2025-05-21 12:00:00,3888.0001544952393,3277.3156592150876,2725.0992877073627
forecast_3373,2025-05-21 13:00:00,3888.0001544952393,3170.1081201611732,3035.878243435172
forecast_3374,2025-05-21 14:00:00,5615.999794006348,3252.804958453824,3355.6549563953463
forecast_3375,2025-05-21 15:00:00,3888.0001544952393,3131.453637812805,2875.144559812518
forecast_3376,2025-05-21 16:00:00,3888.0001544952393,2927.6850194087065,2998.030503550518
forecast_3377,2025-05-21 17:00:00,3888.0001544952393,2645.2821664183243,2444.308645098711
forecast_3378,2025-05-21 18:00:00,3888.0001544952393,2972.695909624464,2625.687889691938
forecast_3379,2025-05-21 19:00:00,3779.9999356269836,2961.3154584417703,2700.182229815604
forecast_3380,2025-05-21 20:00:00,3888.0001544952393,3571.3141989508986,3028.313090916542
forecast_3381,2025-05-21 21:00:00,3888.0001544952393,3568.8277884132503,3218.8922289631446
forecast_3382,2025-05-21 22:00:00,3888.0001544952393,3410.9165307791427,3115.046782113097
forecast_3383,2025-05-21 23:00:00,3888.0001544952393,3237.1764570944893,3298.496698665232
forecast_3384,2025-05-22 00:00:00,3779.9999356269836,3350.3507760547905,3333.0762654226382
forecast_3385,2025-05-22 01:00:00,3888.0001544952393,3630.086404993363,2950.1624638964563
forecast_3386,2025-05-22 02:00:00,3888.0001544952393,3596.490804154026,2969.996806791101
forecast_3387,2025-05-22 03:00:00,3888.0001544952393,4004.172916468121,2942.6870158049933
forecast_3388,2025-05-22 04:00:00,3888.0001544952393,3792.8632978454716,2857.174280975062
forecast_3389,2025-05-22 05:00:00,3888.0001544952393,4060.974131991224,2934.985789737537
forecast_3390,2025-05-22 06:00:00,3888.0001544952393,3771.268271914495,3191.622494329129
forecast_3391,2025-05-22 07:00:00,3779.9999356269836,3546.811598588271,3330.238458695391
forecast_3392,2025-05-22 08:00:00,3888.0001544952393,3564.883250296342,3114.3680071123126
forecast_3393,2025-05-22 09:00:00,3888.0001544952393,3713.988105071817,2961.446308232229
forecast_3394,2025-05-22 10:00:00,3996.000051498413,4021.0884869212327,3052.659142464226
forecast_3395,2025-05-22 11:00:00,3888.0001544952393,4187.785968074376,3121.712208675269
forecast_3396,2025-05-22 12:00:00,3888.0001544952393,4217.895593734706,3150.950116870359
forecast_3397,2025-05-22 13:00:00,3888.0001544952393,4259.759557180351,2909.1347183659886
forecast_3398,2025-05-22 14:00:00,3888.0001544952393,4129.375943778487,2938.1931392408983
forecast_3399,2025-05-22 15:00:00,3779.9999356269836,3702.263089862321,2848.76634041562
forecast_3400,2025-05-22 16:00:00,3455.9999227523804,3227.2542800952706,2586.3228103917136
forecast_3401,2025-05-22 17:00:00,3455.9999227523804,2870.452312531956,2456.62694116116
forecast_3402,2025-05-22 18:00:00,3455.9999227523804,2774.656690227322,2665.9299979037314
forecast_3403,2025-05-22 19:00:00,3779.9999356269836,3036.4171518863404,2982.192767316962
forecast_3404,2025-05-22 20:00:00,3888.0001544952393,3150.967018140649,2947.421595750498
forecast_3405,2025-05-22 21:00:00,3888.0001544952393,3162.223121307119,2856.1146886982856
forecast_3406,2025-05-22 22:00:00,3888.0001544952393,3257.393207968565,2959.409823897917
forecast_3407,2025-05-22 23:00:00,4103.999948501587,3179.317980453075,2685.2475640480257
forecast_3408,2025-05-23 00:00:00,3888.0001544952393,3331.516987203019,2631.8572555353826
forecast_3409,2025-05-23 01:00:00,3996.000051498413,3362.091935984604,2781.330394814825
forecast_3410,2025-05-23 02:00:00,3996.000051498413,3118.6410455854366,2828.0637450739664
forecast_3411,2025-05-23 03:00:00,3888.0001544952393,3151.2438245023063,2824.9146293022204
forecast_3412,2025-05-23 04:00:00,4103.999948501587,3570.623682175627,2681.3447526406976
forecast_3413,2025-05-23 05:00:00,3888.0001544952393,3556.238751554097,2725.198290277612
forecast_3414,2025-05-23 06:00:00,3888.0001544952393,3550.526393658987,2858.8245823479115
forecast_3415,2025-05-23 07:00:00,3888.0001544952393,3563.4174494333784,3040.1416417640075
forecast_3416,2025-05-23 08:00:00,3888.0001544952393,3651.008160979566,3121.049825691025
forecast_3417,2025-05-23 09:00:00,3888.0001544952393,3639.170777647828,2866.963517427708
forecast_3418,2025-05-23 10:00:00,3888.0001544952393,3422.991838023172,3024.803405776287
forecast_3419,2025-05-23 11:00:00,3888.0001544952393,3389.6009370651827,2564.846918010052
forecast_3420,2025-05-23 12:00:00,3779.9999356269836,3297.813472371037,2527.742095055765
forecast_3421,2025-05-23 13:00:00,3779.9999356269836,3116.724178333807,2685.197052433044
forecast_3422,2025-05-23 14:00:00,3779.9999356269836,3127.67747892059,2665.6553123133413
forecast_3423,2025-05-23 15:00:00,3564.000141620636,2923.649378152553,2713.3054518767863
forecast_3424,2025-05-23 16:00:00,3564.000141620636,3092.554010347426,2609.8233574869028
forecast_3425,2025-05-23 17:00:00,3779.9999356269836,3158.212922805724,2736.223995321715
forecast_3426,2025-05-23 18:00:00,3888.0001544952393,3500.131005613712,2792.155049320969
forecast_3427,2025-05-23 19:00:00,3888.0001544952393,3641.996754331371,2698.9014657957723
forecast_3428,2025-05-23 20:00:00,3888.0001544952393,3905.783360643781,2845.544388740036
forecast_3429,2025-05-23 21:00:00,4103.999948501587,4301.585121360901,3097.4906025455466
forecast_3430,2025-05-23 22:00:00,4535.999858379364,4556.538837791621,3074.982326108045
forecast_3431,2025-05-23 23:00:00,4320.000064373016,4375.343548506504,3151.0781954085646
forecast_3432,2025-05-24 00:00:00,3888.0001544952393,3906.262420317146,2980.27009079098
forecast_3433,2025-05-24 01:00:00,5723.9996910095215,5578.415825510087,3271.064624446255
forecast_3434,2025-05-24 02:00:00,6048.0000257492065,4798.503530144847,3408.22202860336
forecast_3435,2025-05-24 03:00:00,4644.00007724762,4364.1820873934985,3310.6806456738377
forecast_3436,2025-05-24 04:00:00,4535.999858379364,4731.89927609623,3578.5333890228103
forecast_3437,2025-05-24 05:00:00,4320.000064373016,4940.239798851428,3413.1749454625447
forecast_3438,2025-05-24 06:00:00,4535.999858379364,5168.738762515654,3600.785913963137
forecast_3439,2025-05-24 07:00:00,4320.000064373016,5233.073326204476,3698.90243294098
forecast_3440,2025-05-24 08:00:00,4859.999871253967,5522.508151723652,3863.402797731305
forecast_3441,2025-05-24 09:00:00,4320.000064373016,5466.016904710723,3911.290712441442
forecast_3442,2025-05-24 10:00:00,4320.000064373016,4975.346559082531,3628.219633273553
forecast_3443,2025-05-24 11:00:00,3888.0001544952393,5035.005052763636,3592.688450258892
forecast_3444,2025-05-24 12:00:00,4320.000064373016,5050.364487400593,3652.59071427659
forecast_3445,2025-05-24 13:00:00,4320.000064373016,5264.893290080271,3723.3783396872286
forecast_3446,2025-05-24 14:00:00,3888.0001544952393,5230.172293623743,3598.1683233010217
forecast_3447,2025-05-24 15:00:00,4103.999948501587,5591.711151230187,3797.656615843889
forecast_3448,2025-05-24 16:00:00,5723.9996910095215,6433.796807865487,4426.409716658152
forecast_3449,2025-05-24 17:00:00,6480.000257492065,6941.201185491385,4993.840221332024
forecast_3450,2025-05-24 18:00:00,6371.999716758728,7267.543628477479,5134.940708588167
forecast_3451,2025-05-24 19:00:00,6048.0000257492065,6293.386298490887,4604.0642733018685
forecast_3452,2025-05-24 20:00:00,5723.9996910095215,6063.549298307963,4147.901801972629
forecast_3453,2025-05-24 21:00:00,4644.00007724762,6301.896958248415,4352.939897410807
forecast_3454,2025-05-24 22:00:00,4968.000090122223,5922.017829552653,4585.849378473492
forecast_3455,2025-05-24 23:00:00,4535.999858379364,5415.933230711869,4313.187659045768
forecast_3456,2025-05-25 00:00:00,4535.999858379364,5226.9590529261,4114.661732215809
forecast_3457,2025-05-25 01:00:00,5615.999794006348,4953.624949909772,3980.295838568256
forecast_3458,2025-05-25 02:00:00,4535.999858379364,4101.715945974855,3230.5255732061287
forecast_3459,2025-05-25 03:00:00,3996.000051498413,3721.936897721481,2851.20624414743
forecast_3460,2025-05-25 04:00:00,3888.0001544952393,3816.1280819300973,2915.3409830473747
forecast_3461,2025-05-25 05:00:00,4644.00007724762,3766.0283417887913,2803.22985868812
forecast_3462,2025-05-25 06:00:00,3888.0001544952393,3977.000941051936,2923.580287703692
forecast_3463,2025-05-25 07:00:00,4320.000064373016,4040.343906013422,3353.792969701919
forecast_3464,2025-05-25 08:00:00,3888.0001544952393,3751.20346093134,3206.6954956690256
forecast_3465,2025-05-25 09:00:00,3888.0001544952393,3114.064632926546,2680.6445282881145
forecast_3466,2025-05-25 10:00:00,3455.9999227523804,2821.891473167784,2393.6149422705384
forecast_3467,2025-05-25 11:00:00,3455.9999227523804,2558.754696225069,2151.177522501983
forecast_3468,2025-05-25 12:00:00,3888.0001544952393,3087.382162480539,2473.883522963378
forecast_3469,2025-05-25 13:00:00,3888.0001544952393,3491.404176316596,2678.0786045603404
forecast_3470,2025-05-25 14:00:00,3888.0001544952393,3189.9183056184543,2579.779846031927
forecast_3471,2025-05-25 15:00:00,3888.0001544952393,3063.2076082126523,3066.4453793752887
forecast_3472,2025-05-25 16:00:00,3888.0001544952393,3489.1820314056613,3026.0108520144195
forecast_3473,2025-05-25 17:00:00,3888.0001544952393,3488.0657119582743,3210.019297065878
forecast_3474,2025-05-25 18:00:00,3996.000051498413,3982.254343262429,2978.545799201777
forecast_3475,2025-05-25 19:00:00,4320.000064373016,4412.235229540423,3142.3556916430725
forecast_3476,2025-05-25 20:00:00,4859.999871253967,5959.338021766668,4171.222806312245
forecast_3477,2025-05-25 21:00:00,5832.000231742859,6364.418683942288,4330.022918178968
forecast_3478,2025-05-25 22:00:00,7559.999871253967,8810.424604786029,6068.681626574798
forecast_3479,2025-05-25 23:00:00,10044.00007724762,8963.859677591787,6804.308690694036
forecast_3480,2025-05-26 00:00:00,8963.999819755554,8819.092254915788,7001.889996060014
forecast_3481,2025-05-26 01:00:00,10259.999871253967,9054.280314194875,7134.046326448361
forecast_3482,2025-05-26 02:00:00,10044.00007724762,8803.455114059878,6213.333455282229
forecast_3483,2025-05-26 03:00:00,7667.999768257141,7603.416819812617,5692.914462493431
forecast_3484,2025-05-26 04:00:00,7128.000283241272,6169.238260153599,4318.832314179981
forecast_3485,2025-05-26 05:00:00,4751.9999742507935,4555.288502818719,3683.693308127873
forecast_3486,2025-05-26 06:00:00,4103.999948501587,3719.707757033155,3278.6950792794664
forecast_3487,2025-05-26 07:00:00,3888.0001544952393,3459.1270697963514,2988.949393335441
forecast_3488,2025-05-26 08:00:00,3779.9999356269836,3186.45253273046,2868.394272824703
forecast_3489,2025-05-26 09:00:00,3455.9999227523804,2868.1014315875154,2270.7310495392767
forecast_3490,2025-05-26 10:00:00,3779.9999356269836,2669.753665379724,2313.921265112238
forecast_3491,2025-05-26 11:00:00,3779.9999356269836,2538.1720117413693,2476.6060476270195
forecast_3492,2025-05-26 12:00:00,3779.9999356269836,2524.510940675026,2277.200953238286
forecast_3493,2025-05-26 13:00:00,3564.000141620636,2719.6002800787755,2634.013498753946
forecast_3494,2025-05-26 14:00:00,3779.9999356269836,2760.917885154818,2606.6514376400964
forecast_3495,2025-05-26 15:00:00,3888.0001544952393,2676.886369128533,2340.8966683201475
forecast_3496,2025-05-26 16:00:00,3888.0001544952393,2631.110238403445,2488.574680432842
forecast_3497,2025-05-26 17:00:00,3888.0001544952393,2704.626935099908,2635.678324750557
forecast_3498,2025-05-26 18:00:00,3564.000141620636,2450.122790917517,2397.2942229180985
forecast_3499,2025-05-26 19:00:00,3888.0001544952393,3132.298440446851,2777.7453815231675
forecast_3500,2025-05-26 20:00:00,3888.0001544952393,3552.3020273716406,2875.421464796519
forecast_3501,2025-05-26 21:00:00,3888.0001544952393,3862.0954735865676,2933.6047973657774
forecast_3502,2025-05-26 22:00:00,4103.999948501587,4142.892572558377,3034.9517600002614
forecast_3503,2025-05-26 23:00:00,4644.00007724762,4435.668379212388,3133.746627735051
forecast_3504,2025-05-27 00:00:00,5507.999897003174,5228.091917653405,3521.778280982075
forecast_3505,2025-05-27 01:00:00,5832.000231742859,5255.175021418008,4382.876441189326
forecast_3506,2025-05-27 02:00:00,4751.9999742507935,6643.5776336196095,4459.691655286508
forecast_3507,2025-05-27 03:00:00,7128.000283241272,6488.148214179349,4275.806342885978
forecast_3508,2025-05-27 04:00:00,4427.99996137619,6242.795621481939,4085.247790822269
forecast_3509,2025-05-27 05:00:00,3996.000051498413,4927.1364281881,3770.504160629043
forecast_3510,2025-05-27 06:00:00,3888.0001544952393,3965.364144268527,3373.285716885267
forecast_3511,2025-05-27 07:00:00,3888.0001544952393,3665.9229206562454,3017.437473438936
forecast_3512,2025-05-27 08:00:00,3455.9999227523804,3179.493110102786,2554.7760272390547
forecast_3513,2025-05-27 09:00:00,3455.9999227523804,2607.1362344595145,2106.258196888088
forecast_3514,2025-05-27 10:00:00,3888.0001544952393,2782.1704493877355,1962.4586865289823
forecast_3515,2025-05-27 11:00:00,3888.0001544952393,2551.2520445658,1716.9227918044623
forecast_3516,2025-05-27 12:00:00,3455.9999227523804,2795.4910224939254,2719.8615031846807
forecast_3517,2025-05-27 13:00:00,3564.000141620636,2836.3858398756247,2505.09207670712
forecast_3518,2025-05-27 14:00:00,3888.0001544952393,3001.8449975262697,2441.1516138779234
forecast_3519,2025-05-27 15:00:00,3888.0001544952393,2635.244488033608,2113.010941945749
forecast_3520,2025-05-27 16:00:00,3888.0001544952393,2531.608622395748,1913.7837770651247
forecast_3521,2025-05-27 17:00:00,3888.0001544952393,2489.393183352061,2150.489240706973
forecast_3522,2025-05-27 18:00:00,3779.9999356269836,2613.9540110247417,1940.913831125998
forecast_3523,2025-05-27 19:00:00,3564.000141620636,2948.645361303674,2622.6735055203458
forecast_3524,2025-05-27 20:00:00,3779.9999356269836,2981.3019399746363,2579.1988014227845
forecast_3525,2025-05-27 21:00:00,3888.0001544952393,3253.853678827164,3005.548887330734
forecast_3526,2025-05-27 22:00:00,3888.0001544952393,3441.315436091932,3117.593036682977
forecast_3527,2025-05-27 23:00:00,3888.0001544952393,3309.616040150788,2988.988780464387
forecast_3528,2025-05-28 00:00:00,3888.0001544952393,3261.5489944555047,2688.455734441352
forecast_3529,2025-05-28 01:00:00,4427.99996137619,4905.342078155942,4341.963282668073
forecast_3530,2025-05-28 02:00:00,6371.999716758728,5757.036380030863,4163.781080302626
forecast_3531,2025-05-28 03:00:00,6371.999716758728,5918.2315433827225,4221.007413197361
forecast_3532,2025-05-28 04:00:00,6263.999819755554,5972.553912418886,4332.071886442626
forecast_3533,2025-05-28 05:00:00,6263.999819755554,5962.005288526955,4354.663037636944
forecast_3534,2025-05-28 06:00:00,4427.99996137619,3888.539057831399,3348.378140288545
forecast_3535,2025-05-28 07:00:00,3888.0001544952393,3443.5090912473524,2675.363516845986
forecast_3536,2025-05-28 08:00:00,3888.0001544952393,2980.976142685294,2304.5333619675703
forecast_3537,2025-05-28 09:00:00,3455.9999227523804,2647.5248039527714,2046.2113530214478
forecast_3538,2025-05-28 10:00:00,3779.9999356269836,2594.666464834623,1980.633126417316
forecast_3539,2025-05-28 11:00:00,3779.9999356269836,2592.9720640246683,2113.9070209266943
forecast_3540,2025-05-28 12:00:00,3455.9999227523804,2659.4971266275857,1942.1291250114402
forecast_3541,2025-05-28 13:00:00,3888.0001544952393,2671.381223539089,1703.402041554369
forecast_3542,2025-05-28 14:00:00,3888.0001544952393,2888.7049512865747,2186.4362526969167
forecast_3543,2025-05-28 15:00:00,3564.000141620636,3245.3464927418345,2543.047759366485
forecast_3544,2025-05-28 16:00:00,3888.0001544952393,3637.2625909567714,2796.092493300556
forecast_3545,2025-05-28 17:00:00,3888.0001544952393,3693.691827619844,2844.485260595559
forecast_3546,2025-05-28 18:00:00,3888.0001544952393,3258.737897496915,2911.251869803364
forecast_3547,2025-05-28 19:00:00,3888.0001544952393,3426.40043780945,2935.6219755051043
forecast_3548,2025-05-28 20:00:00,3888.0001544952393,3360.962150890238,2963.4275324692653
forecast_3549,2025-05-28 21:00:00,3888.0001544952393,3478.7163256189338,3131.156893247273
forecast_3550,2025-05-28 22:00:00,3888.0001544952393,3471.064309851791,3174.2112958296884
forecast_3551,2025-05-28 23:00:00,3888.0001544952393,3609.919217171144,2930.199621900627
forecast_3552,2025-05-29 00:00:00,3888.0001544952393,3228.483748860415,2606.574194557263
forecast_3553,2025-05-29 01:00:00,3888.0001544952393,3311.0813769843803,2615.0010051822887
forecast_3554,2025-05-29 02:00:00,3888.0001544952393,3382.0995088648942,2911.128739362219
forecast_3555,2025-05-29 03:00:00,3888.0001544952393,3470.9068461587417,2730.0018247037738
forecast_3556,2025-05-29 04:00:00,3888.0001544952393,3337.750759748745,2838.196377110766
forecast_3557,2025-05-29 05:00:00,3888.0001544952393,3295.1562041981742,2418.6694693079658
forecast_3558,2025-05-29 06:00:00,3779.9999356269836,3057.4971321557714,2502.719239820281
forecast_3559,2025-05-29 07:00:00,3455.9999227523804,2883.437437571154,2392.584570298403
forecast_3560,2025-05-29 08:00:00,3564.000141620636,2528.022993737226,2315.7674324689297
forecast_3561,2025-05-29 09:00:00,3348.0000257492065,2101.928100105244,2108.2567716259105
forecast_3562,2025-05-29 10:00:00,3348.0000257492065,2220.87924343696,2033.2317405505253
forecast_3563,2025-05-29 11:00:00,3455.9999227523804,2162.7212484106017,1899.801761438412
forecast_3564,2025-05-29 12:00:00,3348.0000257492065,2022.8166768067197,1743.7243334597115
forecast_3565,2025-05-29 13:00:00,3348.0000257492065,2239.05412190173,1750.423555161586
forecast_3566,2025-05-29 14:00:00,3564.000141620636,2233.0182208859496,1943.738612631859
forecast_3567,2025-05-29 15:00:00,3564.000141620636,2374.1460034452907,1937.885900177717
forecast_3568,2025-05-29 16:00:00,3455.9999227523804,2546.278240290381,2241.9876077901217
forecast_3569,2025-05-29 17:00:00,3455.9999227523804,2580.0687288111462,1958.792978493914
forecast_3570,2025-05-29 18:00:00,3455.9999227523804,2285.682074883528,1995.5020003835025
forecast_3571,2025-05-29 19:00:00,3564.000141620636,2745.8106387656453,2208.428335082651
forecast_3572,2025-05-29 20:00:00,3888.0001544952393,2686.4274170442845,2336.9178033374155
forecast_3573,2025-05-29 21:00:00,3888.0001544952393,3020.0748736267465,2593.021366904036
forecast_3574,2025-05-29 22:00:00,3888.0001544952393,3195.0915641252054,2892.732159306083
forecast_3575,2025-05-29 23:00:00,3888.0001544952393,3040.36608147086,2859.373589919886
forecast_3576,2025-05-30 00:00:00,3888.0001544952393,3021.9854146159646,2661.9691028672096
forecast_3577,2025-05-30 01:00:00,3888.0001544952393,2762.468367088252,2767.131760547264
forecast_3578,2025-05-30 02:00:00,3888.0001544952393,3062.2243158271394,2844.2983401052056
forecast_3579,2025-05-30 03:00:00,3888.0001544952393,3325.298974849656,2768.345425764184
forecast_3580,2025-05-30 04:00:00,3888.0001544952393,3159.365816353206,2911.3487199539004
forecast_3581,2025-05-30 05:00:00,3888.0001544952393,3161.823020609588,2746.0593652605835
forecast_3582,2025-05-30 06:00:00,3888.0001544952393,3414.534968646077,2512.7506705485484
forecast_3583,2025-05-30 07:00:00,3888.0001544952393,3098.9345632751883,2740.6863456033725
forecast_3584,2025-05-30 08:00:00,3888.0001544952393,2831.9934484738183,2540.1536994457274
forecast_3585,2025-05-30 09:00:00,3455.9999227523804,2770.9209105616414,2333.644672300079
forecast_3586,2025-05-30 10:00:00,3564.000141620636,2747.077115400489,2323.470319712288
forecast_3587,2025-05-30 11:00:00,3455.9999227523804,2513.338313649128,2204.5754724657795
forecast_3588,2025-05-30 12:00:00,3455.9999227523804,2338.914480753848,2152.8050904498286
forecast_3589,2025-05-30 13:00:00,3455.9999227523804,2306.440341353288,1843.0204235719104
forecast_3590,2025-05-30 14:00:00,3455.9999227523804,2169.1774763611493,2076.8868087632404
forecast_3591,2025-05-30 15:00:00,3779.9999356269836,2245.591263138284,1813.2331291994328
forecast_3592,2025-05-30 16:00:00,3455.9999227523804,2377.227761488348,1688.762286196387
forecast_3593,2025-05-30 17:00:00,3564.000141620636,2535.5834412611944,1963.577321870431
forecast_3594,2025-05-30 18:00:00,3564.000141620636,2215.9384051541097,1621.8307232423304
forecast_3595,2025-05-30 19:00:00,3888.0001544952393,2360.94540194147,2435.8926705825024
forecast_3596,2025-05-30 20:00:00,3888.0001544952393,2672.395834803663,2473.856174174847
forecast_3597,2025-05-30 21:00:00,3888.0001544952393,2850.013867896233,2830.533517343177
forecast_3598,2025-05-30 22:00:00,3888.0001544952393,2982.240072172013,3112.15359840928
forecast_3599,2025-05-30 23:00:00,3888.0001544952393,2860.405506614763,2935.659385560457
forecast_3600,2025-05-31 00:00:00,3888.0001544952393,2800.913596835433,2737.4221744528736
forecast_3601,2025-05-31 01:00:00,3888.0001544952393,2730.0066914051413,2209.339017493276
forecast_3602,2025-05-31 02:00:00,3888.0001544952393,2810.062748876722,2399.342442607692
forecast_3603,2025-05-31 03:00:00,3888.0001544952393,2694.0238649696284,2284.226306602288
forecast_3604,2025-05-31 04:00:00,3888.0001544952393,2571.480635469713,2136.580636835384
forecast_3605,2025-05-31 05:00:00,3888.0001544952393,2234.01221763834,2016.6034814333104
forecast_3606,2025-05-31 06:00:00,3888.0001544952393,2593.669205363034,2365.705492559127
forecast_3607,2025-05-31 07:00:00,3888.0001544952393,2560.9673982332406,2299.883058352442
forecast_3608,2025-05-31 08:00:00,3888.0001544952393,2790.6744857364383,2347.459255858505
forecast_3609,2025-05-31 09:00:00,3779.9999356269836,2726.076664257623,2196.510036476695
forecast_3610,2025-05-31 10:00:00,3564.000141620636,2808.2293278103657,2220.980506160972
forecast_3611,2025-05-31 11:00:00,3455.9999227523804,2758.8759438420725,2348.8407401448867
forecast_3612,2025-05-31 12:00:00,3455.9999227523804,2563.4055435082605,2115.279375782713
forecast_3613,2025-05-31 13:00:00,3455.9999227523804,2300.241602930786,1960.260254817088
forecast_3614,2025-05-31 14:00:00,3455.9999227523804,2486.148873731121,2030.0141540146128
forecast_3615,2025-05-31 15:00:00,3455.9999227523804,2381.1630303973006,1677.6042139413207
forecast_3616,2025-05-31 16:00:00,3564.000141620636,2257.1792282789106,1523.13297844127
forecast_3617,2025-05-31 17:00:00,3888.0001544952393,2094.9152404344186,1672.6932266865615
forecast_3618,2025-05-31 18:00:00,3888.0001544952393,2311.5253327568244,1828.0682509047665
forecast_3619,2025-05-31 19:00:00,3888.0001544952393,2768.008011317941,2355.651808426491
forecast_3620,2025-05-31 20:00:00,3888.0001544952393,3022.493383690776,2582.1183794551466
forecast_3621,2025-05-31 21:00:00,3888.0001544952393,2947.96527947344,2547.865646381367
forecast_3622,2025-05-31 22:00:00,3888.0001544952393,3006.15611643039,2647.185863396054
forecast_3623,2025-05-31 23:00:00,3888.0001544952393,3290.0365043300844,2475.687559684951
forecast_3624,2025-06-01 00:00:00,3888.0001544952393,2523.335118766296,2511.514865404129
forecast_3625,2025-06-01 01:00:00,3888.0001544952393,2504.9783418474885,1984.0788519155558
forecast_3626,2025-06-01 02:00:00,3888.0001544952393,2511.124434487142,1897.757036152327
forecast_3627,2025-06-01 03:00:00,3888.0001544952393,2583.4550777836675,2100.273775668857
forecast_3628,2025-06-01 04:00:00,3888.0001544952393,2762.200400574216,2390.492394563344
forecast_3629,2025-06-01 05:00:00,3888.0001544952393,2559.860925361588,2064.72858015531
forecast_3630,2025-06-01 06:00:00,3888.0001544952393,2488.316134233713,2170.01961957516
forecast_3631,2025-06-01 07:00:00,3779.9999356269836,2462.6429427276043,2009.363260202842
forecast_3632,2025-06-01 08:00:00,3779.9999356269836,2165.558178170525,1862.8098438407123
forecast_3633,2025-06-01 09:00:00,3455.9999227523804,2153.4580222822306,1944.4126638905325
forecast_3634,2025-06-01 10:00:00,3455.9999227523804,2324.6900180942434,1863.4568752267965
forecast_3635,2025-06-01 11:00:00,3779.9999356269836,2144.78501759226,1698.7485313524053
forecast_3636,2025-06-01 12:00:00,3455.9999227523804,1990.043842607808,1505.0980105130673
forecast_3637,2025-06-01 13:00:00,3455.9999227523804,2285.299779011956,1870.5814072145783
forecast_3638,2025-06-01 14:00:00,3455.9999227523804,2369.801536126341,2160.1903209622897
forecast_3639,2025-06-01 15:00:00,3779.9999356269836,2611.617839903625,1794.403112459979
forecast_3640,2025-06-01 16:00:00,3455.9999227523804,2510.2993808506617,2110.4969070264297
forecast_3641,2025-06-01 17:00:00,3779.9999356269836,2585.435166541735,2690.635182632776
forecast_3642,2025-06-01 18:00:00,3888.0001544952393,2748.705465049355,2078.83350977861
forecast_3643,2025-06-01 19:00:00,3888.0001544952393,3363.576552604873,3012.218019475648
forecast_3644,2025-06-01 20:00:00,4427.99996137619,4595.682184941338,4088.1639907857434
forecast_3645,2025-06-01 21:00:00,4751.9999742507935,5185.610260760209,4487.464598926872
forecast_3646,2025-06-01 22:00:00,7559.999871253967,6780.33260958698,4988.238286542065
forecast_3647,2025-06-01 23:00:00,4644.00007724762,5580.955391902698,4313.978077400605
forecast_3648,2025-06-02 00:00:00,6048.0000257492065,6140.361913680992,5278.6559741184365
forecast_3649,2025-06-02 01:00:00,4751.9999742507935,5307.094849171499,3855.218831418963
forecast_3650,2025-06-02 02:00:00,4103.999948501587,4522.798081312957,3164.7447314013016
forecast_3651,2025-06-02 03:00:00,6263.999819755554,5547.733203242342,4050.350841957355
forecast_3652,2025-06-02 04:00:00,3888.0001544952393,3886.865945809841,3282.4179015681025
forecast_3653,2025-06-02 05:00:00,4320.000064373016,4597.410233069533,3161.44310598059
forecast_3654,2025-06-02 06:00:00,3888.0001544952393,3955.9289633896296,2840.7384021486423
forecast_3655,2025-06-02 07:00:00,3888.0001544952393,3634.8355792350458,2641.625549822369
forecast_3656,2025-06-02 08:00:00,3888.0001544952393,3637.5799224360658,2494.238667992173
forecast_3657,2025-06-02 09:00:00,3888.0001544952393,3469.792277802859,2404.511387557146
forecast_3658,2025-06-02 10:00:00,3888.0001544952393,3016.50963555293,2658.794879599021
forecast_3659,2025-06-02 11:00:00,3888.0001544952393,2994.722715966467,2381.225343085919
forecast_3660,2025-06-02 12:00:00,3888.0001544952393,2989.888760570672,2434.154325746684
forecast_3661,2025-06-02 13:00:00,3888.0001544952393,2860.857661040543,2114.6304561272545
forecast_3662,2025-06-02 14:00:00,3888.0001544952393,2911.688751119819,2310.5075405810016
forecast_3663,2025-06-02 15:00:00,3888.0001544952393,3628.2734318372377,2951.2307452679192
forecast_3664,2025-06-02 16:00:00,3996.000051498413,4477.61973620767,3568.419831750617
forecast_3665,2025-06-02 17:00:00,3996.000051498413,4443.237442132212,3331.824414533236
forecast_3666,2025-06-02 18:00:00,4103.999948501587,4649.9471628827805,2851.3508310730394
forecast_3667,2025-06-02 19:00:00,4103.999948501587,4369.379546606074,2611.744285624812
forecast_3668,2025-06-02 20:00:00,3888.0001544952393,3851.050355568292,2935.468569795107
forecast_3669,2025-06-02 21:00:00,3888.0001544952393,3882.579610953642,2929.411648905316
forecast_3670,2025-06-02 22:00:00,3888.0001544952393,3706.620412624658,2747.326022091685
forecast_3671,2025-06-02 23:00:00,3888.0001544952393,4049.478484645547,3193.421275887018
forecast_3672,2025-06-03 00:00:00,3996.000051498413,4432.13670983049,3005.301824643525
forecast_3673,2025-06-03 01:00:00,3888.0001544952393,4022.222440039503,2764.1534229232666
forecast_3674,2025-06-03 02:00:00,3888.0001544952393,4215.374430709741,3005.813035738802
forecast_3675,2025-06-03 03:00:00,4211.999845504761,4582.073890044519,2830.977425417426
forecast_3676,2025-06-03 04:00:00,3888.0001544952393,4539.800040665592,3019.87516079975
forecast_3677,2025-06-03 05:00:00,3996.000051498413,4803.216872837275,2932.9000006391125
forecast_3678,2025-06-03 06:00:00,3996.000051498413,5087.768117510566,3287.357555436248
forecast_3679,2025-06-03 07:00:00,3888.0001544952393,4850.388749149923,3085.6426235415843
forecast_3680,2025-06-03 08:00:00,3888.0001544952393,5058.762796118577,3474.750450385348
forecast_3681,2025-06-03 09:00:00,3888.0001544952393,4755.882774436192,3494.425976962773
forecast_3682,2025-06-03 10:00:00,3888.0001544952393,4774.600742818704,3866.80894033668
forecast_3683,2025-06-03 11:00:00,4211.999845504761,4503.028170308689,3445.666880836412
forecast_3684,2025-06-03 12:00:00,6696.000051498413,5358.350643805041,3759.547977362134
forecast_3685,2025-06-03 13:00:00,10044.00007724762,6936.282378190951,5941.427677033079
forecast_3686,2025-06-03 14:00:00,11556.000566482544,8720.995019514452,7517.72355594448
forecast_3687,2025-06-03 15:00:00,13392.000102996826,9947.17387011886,8897.549229551294
forecast_3688,2025-06-03 16:00:00,14039.99948501587,10197.6489020556,8938.035305994592
forecast_3689,2025-06-03 17:00:00,14147.999382019043,10896.981490969214,9469.519649048148
forecast_3690,2025-06-03 18:00:00,14147.999382019043,12778.55240575947,11152.957566040972
forecast_3691,2025-06-03 19:00:00,14147.999382019043,12271.011936551487,10911.66225757627
forecast_3692,2025-06-03 20:00:00,14580.000257492065,13318.282159097498,11629.1536825719
forecast_3693,2025-06-03 21:00:00,16200.0,15904.977989571655,14033.35687190019
forecast_3694,2025-06-03 22:00:00,16631.999588012695,15758.19125192539,13387.614572358472
forecast_3695,2025-06-03 23:00:00,16307.999897003174,14712.22524820396,11668.762089440856
forecast_3696,2025-06-04 00:00:00,16200.0,14589.436526212674,11939.739605859791
forecast_3697,2025-06-04 01:00:00,14688.00015449524,13581.56945352526,11081.61433314587
forecast_3698,2025-06-04 02:00:00,15119.999742507935,15519.0349586028,12932.60071494246
forecast_3699,2025-06-04 03:00:00,15768.000411987305,16144.416419140834,14033.728135143352
forecast_3700,2025-06-04 04:00:00,15768.000411987305,16896.159671330806,15163.848241312457
forecast_3701,2025-06-04 05:00:00,15768.000411987305,16808.074946732122,14618.813360069476
forecast_3702,2025-06-04 06:00:00,18360.00051498413,16723.37695206457,15060.849157820878
forecast_3703,2025-06-04 07:00:00,18900.0,17161.213523786886,15415.34929972979
forecast_3704,2025-06-04 08:00:00,18900.0,17353.496407581686,15843.356491484006
forecast_3705,2025-06-04 09:00:00,18900.0,17460.399191361932,15805.090769449887
forecast_3706,2025-06-04 10:00:00,18900.0,17449.15913753381,16401.21321280536
forecast_3707,2025-06-04 11:00:00,18252.000617980957,17187.638533970337,15649.5824193119
forecast_3708,2025-06-04 12:00:00,18035.999536514282,17020.655130265204,15109.630608831145
forecast_3709,2025-06-04 13:00:00,17819.999742507935,16660.565582616633,14080.13371836151
forecast_3710,2025-06-04 14:00:00,15443.999433517456,16019.751785132374,12311.966665173908
forecast_3711,2025-06-04 15:00:00,15119.999742507935,13326.452208783914,11079.99799255166
forecast_3712,2025-06-04 16:00:00,15119.999742507935,12811.602291422168,10322.498095245855
forecast_3713,2025-06-04 17:00:00,15119.999742507935,12719.452431117988,10402.396326057824
forecast_3714,2025-06-04 18:00:00,14039.99948501587,10975.53205314473,8683.655482937054
forecast_3715,2025-06-04 19:00:00,14472.000360488892,10683.515364577828,8610.291274833424
forecast_3716,2025-06-04 20:00:00,14580.000257492065,11807.06164382119,9033.063403229782
forecast_3717,2025-06-04 21:00:00,14796.000051498413,12535.004003416278,9655.87213003958
forecast_3718,2025-06-04 22:00:00,13392.000102996826,10806.76358108287,8517.678406629324
forecast_3719,2025-06-04 23:00:00,14472.000360488892,12938.910667816715,10227.938490298417
forecast_3720,2025-06-05 00:00:00,15660.00051498413,13891.629422946962,11572.980895993382
forecast_3721,2025-06-05 01:00:00,13500.0,12285.575293265203,8074.824800649388
forecast_3722,2025-06-05 02:00:00,16307.999897003174,15033.315998202192,10176.482239417055
forecast_3723,2025-06-05 03:00:00,16307.999897003174,15337.002205139044,11145.199225555856
forecast_3724,2025-06-05 04:00:00,17064.000463485718,14938.62296923902,11759.007153262935
forecast_3725,2025-06-05 05:00:00,15335.999536514282,14492.4069931727,11677.192368296412
forecast_3726,2025-06-05 06:00:00,14580.000257492065,13152.126616883525,8824.991518887773
forecast_3727,2025-06-05 07:00:00,15335.999536514282,14006.916482981977,10237.340454976023
forecast_3728,2025-06-05 08:00:00,13068.000411987305,12198.818313391139,8790.61617202919
forecast_3729,2025-06-05 09:00:00,11556.000566482544,10192.600117199729,7177.375625472132
forecast_3730,2025-06-05 10:00:00,10259.999871253967,8011.21611084437,5814.890874553362
forecast_3731,2025-06-05 11:00:00,5615.999794006348,6822.1685908643685,4898.049793245438
forecast_3732,2025-06-05 12:00:00,6696.000051498413,7585.066370870695,4297.672664852234
forecast_3733,2025-06-05 13:00:00,6696.000051498413,7029.752691842616,3894.2155798531135
forecast_3734,2025-06-05 14:00:00,6696.000051498413,6832.143750444364,4041.1925400381406
forecast_3735,2025-06-05 15:00:00,9719.999742507935,6678.3506026452615,4654.810997665879
forecast_3736,2025-06-05 16:00:00,10259.999871253967,6925.863421712173,5608.149197619691
forecast_3737,2025-06-05 17:00:00,11988.00015449524,7984.870254529571,6887.244500842645
forecast_3738,2025-06-05 18:00:00,11880.000257492065,9150.75750782366,8826.040183083434
forecast_3739,2025-06-05 19:00:00,14580.000257492065,11072.523993729255,10299.428121497747
forecast_3740,2025-06-05 20:00:00,18035.999536514282,13800.57168110678,11611.500861987011
forecast_3741,2025-06-05 21:00:00,19547.999382019043,15777.143044273853,14021.537742411916
forecast_3742,2025-06-05 22:00:00,19980.000257492065,17160.23811407506,16087.098763008296
forecast_3743,2025-06-05 23:00:00,19980.000257492065,17350.55210762385,16197.485657879795
forecast_3744,2025-06-06 00:00:00,19980.000257492065,17487.09212296984,16345.42234525661
forecast_3745,2025-06-06 01:00:00,19980.000257492065,17627.76894864124,15632.411622031985
forecast_3746,2025-06-06 02:00:00,19980.000257492065,17764.710237026808,15931.157870443289
forecast_3747,2025-06-06 03:00:00,19980.000257492065,18071.386060233544,16408.193000498708
forecast_3748,2025-06-06 04:00:00,19980.000257492065,17504.162096669486,16251.414482884818
forecast_3749,2025-06-06 05:00:00,19980.000257492065,17468.957532688808,16218.9482849771
forecast_3750,2025-06-06 06:00:00,19980.000257492065,16854.99297343408,15327.87857878291
forecast_3751,2025-06-06 07:00:00,19980.000257492065,16656.323992991714,15357.978199677118
forecast_3752,2025-06-06 08:00:00,16092.000102996826,16887.086772439477,15790.619735062968
forecast_3753,2025-06-06 09:00:00,15660.00051498413,16325.270133759546,14751.61092459944
forecast_3754,2025-06-06 10:00:00,14147.999382019043,15142.818620291202,14230.6785339729
forecast_3755,2025-06-06 11:00:00,14472.000360488892,14585.44111514129,13769.677860200003
forecast_3756,2025-06-06 12:00:00,14039.99948501587,14245.368189871404,13978.405162924142
forecast_3757,2025-06-06 13:00:00,14039.99948501587,13635.333084185193,13470.285864255691
forecast_3758,2025-06-06 14:00:00,14147.999382019043,13552.170834677056,13928.607952575983
forecast_3759,2025-06-06 15:00:00,14147.999382019043,14229.72167070252,13955.343623130251
forecast_3760,2025-06-06 16:00:00,15660.00051498413,14026.41555642421,13731.050836245086
forecast_3761,2025-06-06 17:00:00,15660.00051498413,14618.513813954845,13336.070577339213
forecast_3762,2025-06-06 18:00:00,15660.00051498413,15696.25881344658,13936.882914031334
forecast_3763,2025-06-06 19:00:00,15768.000411987305,17128.420761876365,15893.6345962664
forecast_3764,2025-06-06 20:00:00,15768.000411987305,17226.689167910845,16507.501735642003
forecast_3765,2025-06-06 21:00:00,17388.00015449524,17568.52250806784,17430.115417174773
forecast_3766,2025-06-06 22:00:00,19331.999588012695,17718.713627604087,17861.96807706618
forecast_3767,2025-06-06 23:00:00,19547.999382019043,17804.86318899732,17246.954257640296
forecast_3768,2025-06-07 00:00:00,19331.999588012695,17701.376872093868,16344.878263296916
forecast_3769,2025-06-07 01:00:00,19547.999382019043,17449.873609433213,17313.536611061932
forecast_3770,2025-06-07 02:00:00,19980.000257492065,17526.36127538345,16895.743818382856
forecast_3771,2025-06-07 03:00:00,19547.999382019043,17555.442205758744,17326.761242013232
forecast_3772,2025-06-07 04:00:00,19980.000257492065,17718.42915470859,17187.78713794211
forecast_3773,2025-06-07 05:00:00,19980.000257492065,17868.248673104303,16759.90216291537
forecast_3774,2025-06-07 06:00:00,19980.000257492065,17437.60843244789,16382.51997395042
forecast_3775,2025-06-07 07:00:00,19547.999382019043,16607.207021627804,15705.206477979982
forecast_3776,2025-06-07 08:00:00,18792.000102996826,16290.4909759078,15314.838474944225
forecast_3777,2025-06-07 09:00:00,15984.000205993652,13897.995071822172,12348.003614030491
forecast_3778,2025-06-07 10:00:00,13392.000102996826,10868.874617158486,10556.645747870927
forecast_3779,2025-06-07 11:00:00,11123.999691009521,8979.703627729506,8679.034762185933
forecast_3780,2025-06-07 12:00:00,9611.99984550476,8232.689671454682,6022.0613163182425
forecast_3781,2025-06-07 13:00:00,6696.000051498413,6355.389517304906,4465.76568098601
forecast_3782,2025-06-07 14:00:00,5615.999794006348,5686.962843583994,4069.599540539708
forecast_3783,2025-06-07 15:00:00,5615.999794006348,5442.418995936259,3882.3480412093
forecast_3784,2025-06-07 16:00:00,4320.000064373016,5278.100602970913,3609.501856375833
forecast_3785,2025-06-07 17:00:00,5615.999794006348,5794.594523605391,4032.893507064382
forecast_3786,2025-06-07 18:00:00,6371.999716758728,7508.880505707792,5589.444891613357
forecast_3787,2025-06-07 19:00:00,7451.9999742507935,8494.103658666163,6535.374079946699
forecast_3788,2025-06-07 20:00:00,7451.9999742507935,9614.785504049383,7478.839682460199
forecast_3789,2025-06-07 21:00:00,15443.999433517456,12262.028691609914,10474.84319486454
forecast_3790,2025-06-07 22:00:00,16739.99948501587,14357.197628190092,12748.643453545736
forecast_3791,2025-06-07 23:00:00,16307.999897003174,13984.984572366158,12429.08573108766
forecast_3792,2025-06-08 00:00:00,16307.999897003174,14984.844106436929,12135.92015952872
forecast_3793,2025-06-08 01:00:00,13931.999588012695,13878.466854415414,8675.35624214404
forecast_3794,2025-06-08 02:00:00,13392.000102996826,14110.63368362059,8568.196033078804
forecast_3795,2025-06-08 03:00:00,14472.000360488892,14131.065138682912,8928.206404762444
forecast_3796,2025-06-08 04:00:00,13500.0,13585.430821573726,9167.861065228682
forecast_3797,2025-06-08 05:00:00,13500.0,12736.309456118377,7670.564993732345
forecast_3798,2025-06-08 06:00:00,6155.99992275238,7985.344047835601,4479.55190294761
forecast_3799,2025-06-08 07:00:00,4427.99996137619,5029.005928133405,3548.975978607498
forecast_3800,2025-06-08 08:00:00,4103.999948501587,3600.600534747228,3606.644523480967
forecast_3801,2025-06-08 09:00:00,3888.0001544952393,3185.32994469098,2787.613527456641
forecast_3802,2025-06-08 10:00:00,3779.9999356269836,2727.973272751022,2457.410009440944
forecast_3803,2025-06-08 11:00:00,3779.9999356269836,2555.5573284885104,2408.286074385072
forecast_3804,2025-06-08 12:00:00,3888.0001544952393,2343.384943257907,2029.7359620202133
forecast_3805,2025-06-08 13:00:00,3888.0001544952393,2416.9781376649885,2207.61162880504
forecast_3806,2025-06-08 14:00:00,3888.0001544952393,2296.174259061922,1963.27240487157
forecast_3807,2025-06-08 15:00:00,3888.0001544952393,2398.671220338053,2229.340933155161
forecast_3808,2025-06-08 16:00:00,3888.0001544952393,2509.960756094454,2224.8509520212338
forecast_3809,2025-06-08 17:00:00,3779.9999356269836,2580.556294201755,2320.944097449217
forecast_3810,2025-06-08 18:00:00,3888.0001544952393,2650.5207690468005,2390.7341412557003
forecast_3811,2025-06-08 19:00:00,3888.0001544952393,2979.350880032237,2379.0825794011785
forecast_3812,2025-06-08 20:00:00,3888.0001544952393,3738.500626923196,3120.74686677152
forecast_3813,2025-06-08 21:00:00,3888.0001544952393,3947.9635693170026,3595.4902394893534
forecast_3814,2025-06-08 22:00:00,4535.999858379364,4885.556235624693,3905.6824873440037
forecast_3815,2025-06-08 23:00:00,7128.000283241272,7456.159424647255,5058.621870204507
forecast_3816,2025-06-09 00:00:00,13068.000411987305,10049.571199220083,7455.871948093796
forecast_3817,2025-06-09 01:00:00,10259.999871253967,10380.92408223154,6375.384614189722
forecast_3818,2025-06-09 02:00:00,11664.000463485718,10636.65484920767,7247.50816191772
forecast_3819,2025-06-09 03:00:00,11015.999794006348,9535.044294189907,6251.688897081586
forecast_3820,2025-06-09 04:00:00,7667.999768257141,8163.288144199918,5195.869401682935
forecast_3821,2025-06-09 05:00:00,6155.99992275238,6755.667567792588,4343.838615527435
forecast_3822,2025-06-09 06:00:00,6155.99992275238,5308.469698904603,3979.527145357889
forecast_3823,2025-06-09 07:00:00,4427.99996137619,3808.80047786559,3005.7295648699364
forecast_3824,2025-06-09 08:00:00,3888.0001544952393,3819.4399516105345,3116.9278471326315
forecast_3825,2025-06-09 09:00:00,3779.9999356269836,3347.4915429403477,2944.672434904643
forecast_3826,2025-06-09 10:00:00,3888.0001544952393,3110.0957079527507,2584.476938003812
forecast_3827,2025-06-09 11:00:00,3888.0001544952393,3064.568525736838,2465.6499748584283
forecast_3828,2025-06-09 12:00:00,3888.0001544952393,2785.009976733756,2267.444769834613
forecast_3829,2025-06-09 13:00:00,3888.0001544952393,2821.6250079938845,2197.360753303822
forecast_3830,2025-06-09 14:00:00,3888.0001544952393,3332.175950976011,2359.213491339808
forecast_3831,2025-06-09 15:00:00,3888.0001544952393,3444.377696569089,3044.8555437819937
forecast_3832,2025-06-09 16:00:00,3996.000051498413,3591.171128912344,3670.655000870332
forecast_3833,2025-06-09 17:00:00,3888.0001544952393,3550.821686681188,2810.37065633928
forecast_3834,2025-06-09 18:00:00,3888.0001544952393,3937.856715319878,3048.645125365175
forecast_3835,2025-06-09 19:00:00,3888.0001544952393,4330.961731876191,3204.460995510892
forecast_3836,2025-06-09 20:00:00,3888.0001544952393,4803.748276648017,3405.997983551457
forecast_3837,2025-06-09 21:00:00,6155.99992275238,7201.072165157441,5699.237286601704
forecast_3838,2025-06-09 22:00:00,10259.999871253967,12347.882612843525,7960.08689525059
forecast_3839,2025-06-09 23:00:00,11556.000566482544,12269.68515654143,7720.931592278417
forecast_3840,2025-06-10 00:00:00,13500.0,11860.656931045774,8696.877164271846
forecast_3841,2025-06-10 01:00:00,14472.000360488892,15140.703677113055,11215.712790700896
forecast_3842,2025-06-10 02:00:00,14688.00015449524,15169.9393507826,12054.92517467048
forecast_3843,2025-06-10 03:00:00,16092.000102996826,15403.86520467507,14007.27780731487
forecast_3844,2025-06-10 04:00:00,16092.000102996826,15581.450936711131,14642.359611368567
forecast_3845,2025-06-10 05:00:00,16092.000102996826,15665.46876786886,14402.949708507898
forecast_3846,2025-06-10 06:00:00,17603.999948501587,14267.23753957619,13029.288903159806
forecast_3847,2025-06-10 07:00:00,14688.00015449524,12821.368827079095,11491.048471605198
forecast_3848,2025-06-10 08:00:00,15335.999536514282,12719.100857005427,10313.556598112324
forecast_3849,2025-06-10 09:00:00,10259.999871253967,9239.37630953802,6817.203534380537
forecast_3850,2025-06-10 10:00:00,7776.0003089904785,6815.024857844255,3706.5119396980126
forecast_3851,2025-06-10 11:00:00,4211.999845504761,5131.292214527126,3643.809321215377
forecast_3852,2025-06-10 12:00:00,4320.000064373016,4565.066834171449,3496.200592885175
forecast_3853,2025-06-10 13:00:00,5075.999987125397,4954.399166896848,3652.493183264816
forecast_3854,2025-06-10 14:00:00,5940.000128746033,6582.266769805977,4486.406161048745
forecast_3855,2025-06-10 15:00:00,8855.99992275238,7736.8942690315425,5701.740916924069
forecast_3856,2025-06-10 16:00:00,9719.999742507935,8254.961759341311,6056.461885745771
forecast_3857,2025-06-10 17:00:00,11772.000360488892,9624.880493106628,7962.385999146789
forecast_3858,2025-06-10 18:00:00,11772.000360488892,9809.964123510952,8871.415667840665
forecast_3859,2025-06-10 19:00:00,12096.000051498413,10341.790775525957,8741.328352933657
forecast_3860,2025-06-10 20:00:00,13500.0,10858.72852102908,10153.38493915874
forecast_3861,2025-06-10 21:00:00,14147.999382019043,11992.02967484787,11701.940626079431
forecast_3862,2025-06-10 22:00:00,14580.000257492065,13885.249306733507,12445.544218850311
forecast_3863,2025-06-10 23:00:00,15119.999742507935,15066.65636619334,13415.167805129067
forecast_3864,2025-06-11 00:00:00,15119.999742507935,14796.966667054034,13661.999145780104
forecast_3865,2025-06-11 01:00:00,12852.000617980957,14602.343379622758,11734.770378763144
forecast_3866,2025-06-11 02:00:00,14472.000360488892,13949.161721391514,11376.024850269028
forecast_3867,2025-06-11 03:00:00,14472.000360488892,13714.052773931548,10930.36328859912
forecast_3868,2025-06-11 04:00:00,15335.999536514282,13794.45299877897,11813.619408057742
forecast_3869,2025-06-11 05:00:00,15227.999639511108,13870.752962710714,11663.3302733471
forecast_3870,2025-06-11 06:00:00,14147.999382019043,11951.783652858254,9704.984279431
forecast_3871,2025-06-11 07:00:00,14039.99948501587,11897.381975175305,10432.985304291971
forecast_3872,2025-06-11 08:00:00,10044.00007724762,9357.370733055464,7430.790368342142
forecast_3873,2025-06-11 09:00:00,9719.999742507935,7230.591727062608,5812.915972200343
forecast_3874,2025-06-11 10:00:00,7884.000205993652,7395.35000553238,5290.495094019489
forecast_3875,2025-06-11 11:00:00,6696.000051498413,6915.386461447492,4823.99069792188
forecast_3876,2025-06-11 12:00:00,6696.000051498413,6497.7766770530825,4531.666722678677
forecast_3877,2025-06-11 13:00:00,6696.000051498413,5185.686881459611,3785.682027628453
forecast_3878,2025-06-11 14:00:00,6696.000051498413,5539.863673984492,3803.6785197416216
forecast_3879,2025-06-11 15:00:00,6696.000051498413,5145.206989110264,3856.9799037937773
forecast_3880,2025-06-11 16:00:00,6696.000051498413,4714.283323210451,4120.234003509568
forecast_3881,2025-06-11 17:00:00,8315.999794006348,4366.553039132366,4621.9452551344375
forecast_3882,2025-06-11 18:00:00,6371.999716758728,3823.521893139508,3174.3559339330545
forecast_3883,2025-06-11 19:00:00,4320.000064373016,4080.322435831172,2940.2471267409846
forecast_3884,2025-06-11 20:00:00,4427.99996137619,5398.545396413509,3730.367565637568
forecast_3885,2025-06-11 21:00:00,4859.999871253967,5580.295777951139,3838.7104620587
forecast_3886,2025-06-11 22:00:00,6155.99992275238,7947.973911180571,5341.922897730444
forecast_3887,2025-06-11 23:00:00,6155.99992275238,8351.644952252012,5777.993497966249
forecast_3888,2025-06-12 00:00:00,6588.000154495239,7300.679248502195,5358.1006175494185
forecast_3889,2025-06-12 01:00:00,4751.9999742507935,4820.12378422151,3409.65640147229
forecast_3890,2025-06-12 02:00:00,6048.0000257492065,4626.892516218081,3432.27892154178
forecast_3891,2025-06-12 03:00:00,4427.99996137619,3254.471394895846,3071.2486649650377
forecast_3892,2025-06-12 04:00:00,4427.99996137619,3259.849814775564,3094.230974647267
forecast_3893,2025-06-12 05:00:00,3888.0001544952393,3204.3419284615,2932.147196374333
forecast_3894,2025-06-12 06:00:00,3888.0001544952393,2980.014771392009,2475.1600543008267
forecast_3895,2025-06-12 07:00:00,3564.000141620636,2720.262672203034,2298.2199279850274
forecast_3896,2025-06-12 08:00:00,3779.9999356269836,2901.0073234479264,2138.63375758199
forecast_3897,2025-06-12 09:00:00,3348.0000257492065,2658.6657922151344,1854.5109203959323
forecast_3898,2025-06-12 10:00:00,3779.9999356269836,2637.619303851167,1818.613229896516
forecast_3899,2025-06-12 11:00:00,3779.9999356269836,2524.5529583855155,1764.5223322631389
forecast_3900,2025-06-12 12:00:00,3779.9999356269836,2334.624483038136,1795.137723456255
forecast_3901,2025-06-12 13:00:00,3779.9999356269836,2540.30551849662,2195.418010145947
forecast_3902,2025-06-12 14:00:00,3779.9999356269836,2365.016091060153,2142.9497965450887
forecast_3903,2025-06-12 15:00:00,3779.9999356269836,2570.1867733529352,2226.0957140765045
forecast_3904,2025-06-12 16:00:00,3888.0001544952393,2464.547333018404,2217.0809748501497
forecast_3905,2025-06-12 17:00:00,3455.9999227523804,2453.158195938721,2116.6715456147017
forecast_3906,2025-06-12 18:00:00,3779.9999356269836,2667.0367913166374,2451.0044721203544
forecast_3907,2025-06-12 19:00:00,3779.9999356269836,3299.263744478713,2832.9705859515284
forecast_3908,2025-06-12 20:00:00,3888.0001544952393,3152.936015346507,2647.7436585117657
forecast_3909,2025-06-12 21:00:00,3888.0001544952393,3579.49109406162,3080.451902733474
forecast_3910,2025-06-12 22:00:00,3888.0001544952393,4087.2330005004806,3545.571388161038
forecast_3911,2025-06-12 23:00:00,3888.0001544952393,4097.866683786744,3612.148122225958
forecast_3912,2025-06-13 00:00:00,3888.0001544952393,4128.405140249969,3101.5089890078584
forecast_3913,2025-06-13 01:00:00,4211.999845504761,5520.09028760106,4359.0795442131
forecast_3914,2025-06-13 02:00:00,4427.99996137619,6183.126097846322,5426.347734573345
forecast_3915,2025-06-13 03:00:00,6263.999819755554,7280.665798712116,4904.504602797555
forecast_3916,2025-06-13 04:00:00,4751.9999742507935,5612.06759167879,4011.892335415568
forecast_3917,2025-06-13 05:00:00,4103.999948501587,3908.9749533847903,3572.981143683508
forecast_3918,2025-06-13 06:00:00,3888.0001544952393,3695.17878719115,3123.971184835675
forecast_3919,2025-06-13 07:00:00,3888.0001544952393,3378.6626505860136,2897.7269384114134
forecast_3920,2025-06-13 08:00:00,3455.9999227523804,2954.690016006206,2577.575009870798
forecast_3921,2025-06-13 09:00:00,3455.9999227523804,2887.633392286195,2583.0569349481416
forecast_3922,2025-06-13 10:00:00,3455.9999227523804,2607.353313338802,2046.3571838951925
forecast_3923,2025-06-13 11:00:00,3455.9999227523804,2511.0367117946853,2192.742928404719
forecast_3924,2025-06-13 12:00:00,3455.9999227523804,2531.1896350527245,2076.140706850019
forecast_3925,2025-06-13 13:00:00,3888.0001544952393,2638.711987195662,1982.8696857790362
forecast_3926,2025-06-13 14:00:00,3888.0001544952393,2895.105682892112,2191.535555228622
forecast_3927,2025-06-13 15:00:00,3888.0001544952393,3477.048152011814,2896.3049061472902
forecast_3928,2025-06-13 16:00:00,3888.0001544952393,3341.4782014495045,2798.048782959292
forecast_3929,2025-06-13 17:00:00,3888.0001544952393,3672.5227629541178,2970.2405936266605
forecast_3930,2025-06-13 18:00:00,3996.000051498413,4040.728009571653,3409.6069842944225
forecast_3931,2025-06-13 19:00:00,3888.0001544952393,3867.479635762565,2905.093603024803
forecast_3932,2025-06-13 20:00:00,3888.0001544952393,4002.9275605742864,3080.3836897817305
forecast_3933,2025-06-13 21:00:00,3996.000051498413,4210.725323246539,3212.884246890844
forecast_3934,2025-06-13 22:00:00,3888.0001544952393,4493.785877494671,2776.902908040355
forecast_3935,2025-06-13 23:00:00,4535.999858379364,5337.858977167144,3754.639160531786
forecast_3936,2025-06-14 00:00:00,3996.000051498413,4578.799491657117,3139.5279775484737
forecast_3937,2025-06-14 01:00:00,9936.000180244446,9599.958047739618,6930.953967036538
forecast_3938,2025-06-14 02:00:00,10044.00007724762,9458.264190017397,6685.521719180741
forecast_3939,2025-06-14 03:00:00,5832.000231742859,9204.232730019923,5874.166318853952
forecast_3940,2025-06-14 04:00:00,6155.99992275238,8458.057660179555,5008.099285012823
forecast_3941,2025-06-14 05:00:00,5400.0,7905.153118839458,5208.01874737855
forecast_3942,2025-06-14 06:00:00,4320.000064373016,5648.1456718920845,4055.602648221602
forecast_3943,2025-06-14 07:00:00,3888.0001544952393,3433.197062627048,3449.295199710364
forecast_3944,2025-06-14 08:00:00,3564.000141620636,3354.753261466265,3489.8525315194333
forecast_3945,2025-06-14 09:00:00,3888.0001544952393,3281.536111277295,3181.4064157325442
forecast_3946,2025-06-14 10:00:00,3888.0001544952393,3671.970405697786,3048.9402766640046
forecast_3947,2025-06-14 11:00:00,3779.9999356269836,3201.250138358604,2635.3801997238947
forecast_3948,2025-06-14 12:00:00,3888.0001544952393,3073.1576265951867,2799.543218689006
forecast_3949,2025-06-14 13:00:00,3779.9999356269836,2996.263987755692,2366.0969306747165
forecast_3950,2025-06-14 14:00:00,3888.0001544952393,2764.334750288209,2578.435115334002
forecast_3951,2025-06-14 15:00:00,3888.0001544952393,2868.9060627106896,2181.1608977258097
forecast_3952,2025-06-14 16:00:00,3888.0001544952393,2580.1142350041505,2073.588183189162
forecast_3953,2025-06-14 17:00:00,3888.0001544952393,2627.4787837450594,1964.739056823296
forecast_3954,2025-06-14 18:00:00,3888.0001544952393,2587.2150286082933,2149.018483741581
forecast_3955,2025-06-14 19:00:00,3888.0001544952393,2830.418026829904,2218.152530717985
forecast_3956,2025-06-14 20:00:00,3888.0001544952393,3407.556580915749,2319.550831588293
forecast_3957,2025-06-14 21:00:00,3888.0001544952393,3365.812590933311,2328.8498657615805
forecast_3958,2025-06-14 22:00:00,3888.0001544952393,3362.233114231153,2793.1861856901405
forecast_3959,2025-06-14 23:00:00,3888.0001544952393,3629.63265713612,3001.004390709989
forecast_3960,2025-06-15 00:00:00,3888.0001544952393,3715.350119701973,3055.1562061002664
forecast_3961,2025-06-15 01:00:00,7667.999768257141,6392.396803171787,5019.909032173528
forecast_3962,2025-06-15 02:00:00,7451.9999742507935,6376.663723925553,5208.040167046805
forecast_3963,2025-06-15 03:00:00,6155.99992275238,5673.652443146072,3850.464623167859
forecast_3964,2025-06-15 04:00:00,6155.99992275238,5357.081574598191,4251.680100608623
forecast_3965,2025-06-15 05:00:00,6911.999845504761,6701.493184354904,5550.8715276652265
forecast_3966,2025-06-15 06:00:00,7667.999768257141,7315.618831677831,4775.816656814646
forecast_3967,2025-06-15 07:00:00,4751.9999742507935,5174.680636044098,3646.5277241706513
forecast_3968,2025-06-15 08:00:00,3888.0001544952393,4150.458361863724,3328.1729133361387
forecast_3969,2025-06-15 09:00:00,3888.0001544952393,3525.297051351876,3037.027765087175
forecast_3970,2025-06-15 10:00:00,3888.0001544952393,3366.286766947973,2747.4771054821326
forecast_3971,2025-06-15 11:00:00,3888.0001544952393,3562.6222040995044,2838.542551135629
forecast_3972,2025-06-15 12:00:00,3888.0001544952393,3394.930857003485,2731.1138384564424
forecast_3973,2025-06-15 13:00:00,3888.0001544952393,3566.708382383036,3532.3673948678543
forecast_3974,2025-06-15 14:00:00,3888.0001544952393,3754.352061300223,3550.9862618259326
forecast_3975,2025-06-15 15:00:00,3888.0001544952393,4012.171040316934,3549.1780669395303
forecast_3976,2025-06-15 16:00:00,3888.0001544952393,4807.257190810056,3394.271519582726
forecast_3977,2025-06-15 17:00:00,3888.0001544952393,4960.3208174719575,3244.649074199504
forecast_3978,2025-06-15 18:00:00,4320.000064373016,5848.92061389027,4009.1091632815273
forecast_3979,2025-06-15 19:00:00,4320.000064373016,8212.10807410005,6233.571782170457
forecast_3980,2025-06-15 20:00:00,4320.000064373016,8011.6724139300795,6025.559779697433
forecast_3981,2025-06-15 21:00:00,6480.000257492065,9067.028251716678,6353.606317407562
forecast_3982,2025-06-15 22:00:00,10259.999871253967,11521.843957152656,8767.216773183534
forecast_3983,2025-06-15 23:00:00,11664.000463485718,12255.72003019667,7935.450080441587
forecast_3984,2025-06-16 00:00:00,11664.000463485718,12324.00769252763,8842.293101739777
forecast_3985,2025-06-16 01:00:00,10044.00007724762,12140.772173315885,7712.736475454174
forecast_3986,2025-06-16 02:00:00,10151.999974250793,12387.672173932924,9081.0055786236
forecast_3987,2025-06-16 03:00:00,11231.999588012695,12506.426834887025,9432.505073032387
forecast_3988,2025-06-16 04:00:00,7992.000102996826,9558.398521805822,6469.166163353544
forecast_3989,2025-06-16 05:00:00,5832.000231742859,8201.37695983068,6483.450580235387
forecast_3990,2025-06-16 06:00:00,7236.000180244446,8342.040740509488,6131.401605865996
forecast_3991,2025-06-16 07:00:00,6155.99992275238,9925.418884558943,7463.14987123077
forecast_3992,2025-06-16 08:00:00,7992.000102996826,10865.590206843608,8682.076369271903
forecast_3993,2025-06-16 09:00:00,7992.000102996826,9799.912060699762,7637.340972548475
forecast_3994,2025-06-16 10:00:00,7559.999871253967,10505.370693107883,7885.291749410821
forecast_3995,2025-06-16 11:00:00,7559.999871253967,9990.877213130312,8424.37523760471
forecast_3996,2025-06-16 12:00:00,5615.999794006348,9292.640570799478,7434.265699532873
forecast_3997,2025-06-16 13:00:00,6911.999845504761,8761.374154529827,7194.751810084583
forecast_3998,2025-06-16 14:00:00,10044.00007724762,9894.439590968404,9284.21051400529
forecast_3999,2025-06-16 15:00:00,12096.000051498413,11122.28107788102,11212.427383482189
forecast_4000,2025-06-16 16:00:00,13392.000102996826,11615.775213952997,11542.289294120332
forecast_4001,2025-06-16 17:00:00,14256.000566482544,13447.594063470879,13233.981140194466
forecast_4002,2025-06-16 18:00:00,15119.999742507935,13595.905226067804,12584.386201132384
forecast_4003,2025-06-16 19:00:00,14688.00015449524,14183.056559805493,11958.976271341277
forecast_4004,2025-06-16 20:00:00,13392.000102996826,13350.968775229518,11440.827230146897
forecast_4005,2025-06-16 21:00:00,13392.000102996826,13961.74054167709,11872.213196989258
forecast_4006,2025-06-16 22:00:00,14688.00015449524,15724.639918197254,13604.343308637392
forecast_4007,2025-06-16 23:00:00,15660.00051498413,17206.47292372874,13957.20439764978
forecast_4008,2025-06-17 00:00:00,16307.999897003174,17818.65821871292,15094.751656907978
forecast_4009,2025-06-17 01:00:00,16200.0,17526.824537653578,16049.583752210505
forecast_4010,2025-06-17 02:00:00,16523.99969100952,17714.66735594326,16637.111880692144
forecast_4011,2025-06-17 03:00:00,16092.000102996826,17775.744284976838,16752.73417387004
forecast_4012,2025-06-17 04:00:00,16092.000102996826,17872.543654277302,16801.704220790118
forecast_4013,2025-06-17 05:00:00,17388.00015449524,17636.070100634322,16139.31034683562
forecast_4014,2025-06-17 06:00:00,15660.00051498413,17043.337866042515,14482.154731449227
forecast_4015,2025-06-17 07:00:00,15119.999742507935,15839.73536668737,14303.545845995368
forecast_4016,2025-06-17 08:00:00,14472.000360488892,14803.110116495558,14390.689710530332
forecast_4017,2025-06-17 09:00:00,14039.99948501587,14492.17126331331,13674.649376332283
forecast_4018,2025-06-17 10:00:00,12096.000051498413,13545.91691379337,12922.296584115398
forecast_4019,2025-06-17 11:00:00,12096.000051498413,12781.017598109815,11618.62486436778
forecast_4020,2025-06-17 12:00:00,12096.000051498413,12359.542864427744,11553.440399050529
forecast_4021,2025-06-17 13:00:00,11772.000360488892,11234.916403221216,9784.309727241982
forecast_4022,2025-06-17 14:00:00,11664.000463485718,10616.040569305242,9057.49023151245
forecast_4023,2025-06-17 15:00:00,10367.999768257141,9684.202934469544,8438.022225216631
forecast_4024,2025-06-17 16:00:00,10692.000102996826,9078.418999949055,8834.010604499425
forecast_4025,2025-06-17 17:00:00,10259.999871253967,8190.530683196997,6580.025974716514
forecast_4026,2025-06-17 18:00:00,9288.00015449524,7583.519609795018,6687.5789442821815
forecast_4027,2025-06-17 19:00:00,7451.9999742507935,6245.837924540365,4506.929119953083
forecast_4028,2025-06-17 20:00:00,5940.000128746033,6582.081566538502,4031.531979095658
forecast_4029,2025-06-17 21:00:00,5940.000128746033,6820.382268785205,4615.0331603800105
forecast_4030,2025-06-17 22:00:00,5940.000128746033,7771.312468700005,5241.656836091028
forecast_4031,2025-06-17 23:00:00,7559.999871253967,8028.287399499617,5418.594419555697
forecast_4032,2025-06-18 00:00:00,8748.000025749207,8856.826912579803,5550.711420674313
forecast_4033,2025-06-18 01:00:00,7992.000102996826,8826.868463512848,5155.223923237567
forecast_4034,2025-06-18 02:00:00,7559.999871253967,9176.369382572895,5411.59256903483
forecast_4035,2025-06-18 03:00:00,7992.000102996826,9983.62658606214,6851.302552076935
forecast_4036,2025-06-18 04:00:00,10151.999974250793,10123.150668467188,7301.788255724959
forecast_4037,2025-06-18 05:00:00,10151.999974250793,10663.605621225106,8056.320258010655
forecast_4038,2025-06-18 06:00:00,8423.999691009521,11421.835678662066,7959.6759021574035
forecast_4039,2025-06-18 07:00:00,7992.000102996826,10687.619906026915,7559.589468944742
forecast_4040,2025-06-18 08:00:00,7451.9999742507935,8114.374103411773,5665.132678760951
forecast_4041,2025-06-18 09:00:00,5075.999987125397,6161.201525784988,4764.42530426872
forecast_4042,2025-06-18 10:00:00,4320.000064373016,5010.488150922986,3969.4196885757274
forecast_4043,2025-06-18 11:00:00,4320.000064373016,3884.301321581174,3479.879651460109
forecast_4044,2025-06-18 12:00:00,4320.000064373016,3805.141953243023,3460.014451198416
forecast_4045,2025-06-18 13:00:00,4320.000064373016,3920.612080997204,3553.996537495743
forecast_4046,2025-06-18 14:00:00,4320.000064373016,3669.2273244621724,3234.397625316841
forecast_4047,2025-06-18 15:00:00,4320.000064373016,3891.263373622688,3116.8847357275
forecast_4048,2025-06-18 16:00:00,5940.000128746033,4008.067890991845,3131.5067925385583
forecast_4049,2025-06-18 17:00:00,5615.999794006348,4096.53839449399,3180.8975217957723
forecast_4050,2025-06-18 18:00:00,5075.999987125397,4225.415008997423,3112.781752012211
forecast_4051,2025-06-18 19:00:00,5075.999987125397,4934.230658636167,4128.453802465584
forecast_4052,2025-06-18 20:00:00,5615.999794006348,6406.593587834111,4997.846223579888
forecast_4053,2025-06-18 21:00:00,9936.000180244446,8004.3439819043315,6280.853799666154
forecast_4054,2025-06-18 22:00:00,12311.99984550476,10835.550686705692,7792.973565217569
forecast_4055,2025-06-18 23:00:00,13500.0,12599.901519653353,8992.217381616802
forecast_4056,2025-06-19 00:00:00,13500.0,12993.21479551532,9484.402247198675
forecast_4057,2025-06-19 01:00:00,13500.0,13482.647800399913,9184.569659321543
forecast_4058,2025-06-19 02:00:00,15335.999536514282,13474.289727251838,9321.733035874868
forecast_4059,2025-06-19 03:00:00,15227.999639511108,13494.292403702972,10405.2428018027
forecast_4060,2025-06-19 04:00:00,13500.0,12658.992668710996,9653.23788760878
forecast_4061,2025-06-19 05:00:00,13500.0,11934.990960022024,8971.705387871392
forecast_4062,2025-06-19 06:00:00,10259.999871253967,9252.549520124763,6869.498475651949
forecast_4063,2025-06-19 07:00:00,6048.0000257492065,6414.481253905269,5028.271591064983
forecast_4064,2025-06-19 08:00:00,4427.99996137619,4454.574232379435,4109.642044973363
forecast_4065,2025-06-19 09:00:00,3888.0001544952393,3343.9194446693505,3184.440737320026
forecast_4066,2025-06-19 10:00:00,3888.0001544952393,2777.751424601575,2694.8719080423166
forecast_4067,2025-06-19 11:00:00,3779.9999356269836,2393.407055069817,1901.1632392318465
forecast_4068,2025-06-19 12:00:00,3779.9999356269836,2040.347166226912,1782.421171336838
forecast_4069,2025-06-19 13:00:00,3779.9999356269836,2269.974539411846,1981.2307758392449
forecast_4070,2025-06-19 14:00:00,3779.9999356269836,2355.946687205209,2059.94635248643
forecast_4071,2025-06-19 15:00:00,3888.0001544952393,2662.8743561859537,2407.807591381576
forecast_4072,2025-06-19 16:00:00,3888.0001544952393,2697.1779506224057,1864.385932103264
forecast_4073,2025-06-19 17:00:00,3888.0001544952393,3728.8068875753,2664.407194601142
forecast_4074,2025-06-19 18:00:00,3996.000051498413,3840.41802292301,3306.42246782042
forecast_4075,2025-06-19 19:00:00,3996.000051498413,3850.76106073848,2932.0023919800365
forecast_4076,2025-06-19 20:00:00,3996.000051498413,4298.793108551218,2834.823928222316
forecast_4077,2025-06-19 21:00:00,4427.99996137619,4836.551728791574,3530.476035152516
forecast_4078,2025-06-19 22:00:00,8423.999691009521,6778.364924862632,5194.895606655326
forecast_4079,2025-06-19 23:00:00,8315.999794006348,7822.517822771225,5127.719329032924
forecast_4080,2025-06-20 00:00:00,9396.000051498413,8690.04895729981,4955.311972793624
forecast_4081,2025-06-20 01:00:00,10259.999871253967,11648.510391757376,7486.510932689264
forecast_4082,2025-06-20 02:00:00,10259.999871253967,12011.112948379085,7833.817354036929
forecast_4083,2025-06-20 03:00:00,13068.000411987305,13125.019967684637,9349.971186990108
forecast_4084,2025-06-20 04:00:00,13068.000411987305,13898.334874872677,10007.94576212212
forecast_4085,2025-06-20 05:00:00,13068.000411987305,13872.994850540586,9607.892242404723
forecast_4086,2025-06-20 06:00:00,13068.000411987305,12907.987083678332,8898.347465573697
forecast_4087,2025-06-20 07:00:00,7559.999871253967,12160.10565648971,7553.98559436108
forecast_4088,2025-06-20 08:00:00,7451.9999742507935,10713.337577095312,6288.762394302277
forecast_4089,2025-06-20 09:00:00,7451.9999742507935,11426.03744737631,6663.672244879375
forecast_4090,2025-06-20 10:00:00,7559.999871253967,12029.902892887903,7236.409763232454
forecast_4091,2025-06-20 11:00:00,13068.000411987305,14078.3101197481,10839.496350678164
forecast_4092,2025-06-20 12:00:00,14039.99948501587,15135.32439980323,12993.033899263906
forecast_4093,2025-06-20 13:00:00,15768.000411987305,15965.289836317055,14374.539557328426
forecast_4094,2025-06-20 14:00:00,15768.000411987305,16450.47155689682,14242.655688124425
forecast_4095,2025-06-20 15:00:00,15768.000411987305,16541.81966926051,14212.621012161204
forecast_4096,2025-06-20 16:00:00,17711.99984550476,17841.212894742024,16305.92732909532
forecast_4097,2025-06-20 17:00:00,17711.99984550476,17285.840648963785,16672.690652166468
forecast_4098,2025-06-20 18:00:00,16739.99948501587,17741.21605791117,16999.798976363643
forecast_4099,2025-06-20 19:00:00,16415.999794006348,17755.923335308,17178.145612972876
forecast_4100,2025-06-20 20:00:00,16739.99948501587,17033.532710754807,16781.324092674644
forecast_4101,2025-06-20 21:00:00,16739.99948501587,17651.47890713699,17220.13261028208
forecast_4102,2025-06-20 22:00:00,16847.999382019043,17851.302768874248,17796.526671703206
forecast_4103,2025-06-20 23:00:00,16415.999794006348,18220.547940152137,17300.028839868668
forecast_4104,2025-06-21 00:00:00,16415.999794006348,18359.77915049904,16974.533718124272
forecast_4105,2025-06-21 01:00:00,15552.000617980957,18055.228948557364,16671.64171345837
forecast_4106,2025-06-21 02:00:00,15552.000617980957,17833.851245198282,16545.814543197506
forecast_4107,2025-06-21 03:00:00,15552.000617980957,17953.475238158757,16003.930446659586
forecast_4108,2025-06-21 04:00:00,15119.999742507935,16950.623004120767,15066.925733069324
forecast_4109,2025-06-21 05:00:00,14472.000360488892,16282.649353778792,13952.889757483244
forecast_4110,2025-06-21 06:00:00,14580.000257492065,14761.163062490736,13904.524770699518
forecast_4111,2025-06-21 07:00:00,14688.00015449524,14703.562141453398,13861.219405206395
forecast_4112,2025-06-21 08:00:00,15119.999742507935,14786.30129168478,13840.766664425248
forecast_4113,2025-06-21 09:00:00,15660.00051498413,13777.592071926534,12522.544296540003
forecast_4114,2025-06-21 10:00:00,11772.000360488892,10784.87361092269,8875.06780746256
forecast_4115,2025-06-21 11:00:00,10044.00007724762,9396.972002329418,7985.400539320864
forecast_4116,2025-06-21 12:00:00,6911.999845504761,9550.428469920738,7687.006902610875
forecast_4117,2025-06-21 13:00:00,6911.999845504761,8785.131599150433,6631.7660488534
forecast_4118,2025-06-21 14:00:00,5507.999897003174,8898.130862701792,6493.02349688977
forecast_4119,2025-06-21 15:00:00,10692.000102996826,9277.55898781613,8983.685559264939
forecast_4120,2025-06-21 16:00:00,12096.000051498413,11035.5271787827,10495.18296485534
forecast_4121,2025-06-21 17:00:00,14256.000566482544,11807.285664436533,8795.835345682497
forecast_4122,2025-06-21 18:00:00,12852.000617980957,11003.73236940192,8672.472091219972
forecast_4123,2025-06-21 19:00:00,13500.0,11163.522885741846,8941.189549740859
forecast_4124,2025-06-21 20:00:00,14472.000360488892,11009.177665697136,8750.589846537814
forecast_4125,2025-06-21 21:00:00,14472.000360488892,12766.804875078626,9670.922750468257
forecast_4126,2025-06-21 22:00:00,14688.00015449524,13424.102433138947,11762.934319099531
forecast_4127,2025-06-21 23:00:00,14472.000360488892,12743.990811238831,11326.964200163731
forecast_4128,2025-06-22 00:00:00,15660.00051498413,14730.408928031138,12787.81055568068
forecast_4129,2025-06-22 01:00:00,15552.000617980957,14263.810037889103,11949.608763443332
forecast_4130,2025-06-22 02:00:00,16415.999794006348,14744.263733556172,12406.174815858074
forecast_4131,2025-06-22 03:00:00,14796.000051498413,13493.152302799142,9546.988328049156
forecast_4132,2025-06-22 04:00:00,14580.000257492065,12944.241588834786,8116.334337729111
forecast_4133,2025-06-22 05:00:00,13392.000102996826,13086.319715658728,8027.1099851529725
forecast_4134,2025-06-22 06:00:00,11231.999588012695,10296.2718803236,6835.059694894544
forecast_4135,2025-06-22 07:00:00,10259.999871253967,9968.077491722295,6239.940407733472
forecast_4136,2025-06-22 08:00:00,7559.999871253967,8423.470457293472,5304.0991778478765
forecast_4137,2025-06-22 09:00:00,5075.999987125397,6465.51916311318,4181.767030386291
forecast_4138,2025-06-22 10:00:00,4211.999845504761,5258.786498455998,2978.383552755945
forecast_4139,2025-06-22 11:00:00,5183.999884128571,4642.720743772433,3367.5114024573154
forecast_4140,2025-06-22 12:00:00,5940.000128746033,4328.483720188618,3807.043765681034
forecast_4141,2025-06-22 13:00:00,6371.999716758728,4378.188470766824,4343.932193894976
forecast_4142,2025-06-22 14:00:00,5940.000128746033,3834.5612857652563,3489.738443825939
forecast_4143,2025-06-22 15:00:00,4211.999845504761,3765.412997671042,2921.373478535109
forecast_4144,2025-06-22 16:00:00,4751.9999742507935,3848.185183145977,2935.8575047489694
forecast_4145,2025-06-22 17:00:00,5075.999987125397,3848.025306214004,2773.892104526328
forecast_4146,2025-06-22 18:00:00,4427.99996137619,4205.0125443348725,3076.5328105271315
forecast_4147,2025-06-22 19:00:00,4427.99996137619,4634.7547232508905,3819.544152918106
forecast_4148,2025-06-22 20:00:00,5075.999987125397,5068.191152209016,4326.958325871421
forecast_4149,2025-06-22 21:00:00,6155.99992275238,5686.358200760959,5148.946064650411
forecast_4150,2025-06-22 22:00:00,7776.0003089904785,7540.866369127034,6316.149714698962
forecast_4151,2025-06-22 23:00:00,6155.99992275238,7085.387465377177,5752.946668740775
forecast_4152,2025-06-23 00:00:00,6048.0000257492065,5785.220807435293,5376.906875369103
forecast_4153,2025-06-23 01:00:00,3996.000051498413,4905.159497471544,3011.5125276057925
forecast_4154,2025-06-23 02:00:00,3996.000051498413,4739.56487408448,3346.616467093772
forecast_4155,2025-06-23 03:00:00,3996.000051498413,4502.333179691367,3493.317605298176
forecast_4156,2025-06-23 04:00:00,3996.000051498413,4469.5506091868965,3793.244147317575
forecast_4157,2025-06-23 05:00:00,3996.000051498413,4548.227995495605,3296.245725312081
forecast_4158,2025-06-23 06:00:00,3888.0001544952393,3818.997676505284,2813.432298037525
forecast_4159,2025-06-23 07:00:00,3888.0001544952393,3501.221241126028,2504.2495391190782
forecast_4160,2025-06-23 08:00:00,3348.0000257492065,2833.7483072594987,2095.1428462483227
forecast_4161,2025-06-23 09:00:00,3348.0000257492065,2546.478605846551,1954.6358195875432
forecast_4162,2025-06-23 10:00:00,3240.0001287460327,2363.093978000021,1780.8835449425335
forecast_4163,2025-06-23 11:00:00,3348.0000257492065,2393.447598598208,1681.257041859612
forecast_4164,2025-06-23 12:00:00,3348.0000257492065,2516.9540224658413,1819.4503686517096
forecast_4165,2025-06-23 13:00:00,3455.9999227523804,2425.3043649517385,1630.523189992235
forecast_4166,2025-06-23 14:00:00,3455.9999227523804,2529.9223242382195,1743.2670222421857
forecast_4167,2025-06-23 15:00:00,3455.9999227523804,2368.97775638276,1760.6470402701252
forecast_4168,2025-06-23 16:00:00,3240.0001287460327,2228.017885084604,1846.060711915873
forecast_4169,2025-06-23 17:00:00,3131.999909877777,2342.615956971988,1891.6152656724248
forecast_4170,2025-06-23 18:00:00,3455.9999227523804,2342.5311161222603,2141.473756127689
forecast_4171,2025-06-23 19:00:00,3455.9999227523804,2730.0049628456463,2295.470980693747
forecast_4172,2025-06-23 20:00:00,3672.00003862381,2808.5834713031795,2912.10062412466
forecast_4173,2025-06-23 21:00:00,3455.9999227523804,2794.313008584003,2845.8314832121446
forecast_4174,2025-06-23 22:00:00,3455.9999227523804,2756.6395726435712,2701.4401639466128
forecast_4175,2025-06-23 23:00:00,3672.00003862381,2904.1328641648065,2683.803363210147
forecast_4176,2025-06-24 00:00:00,3455.9999227523804,2820.368966998196,2502.3843374934045
forecast_4177,2025-06-24 01:00:00,3888.0001544952393,2517.71538273094,2225.837475102825
forecast_4178,2025-06-24 02:00:00,3888.0001544952393,2548.7515807067343,2476.160688107168
forecast_4179,2025-06-24 03:00:00,3888.0001544952393,2360.336928514457,2210.192784254939
forecast_4180,2025-06-24 04:00:00,3888.0001544952393,2712.238648907336,2381.8523251589904
forecast_4181,2025-06-24 05:00:00,3779.9999356269836,2809.5831398931427,2258.974412772337
forecast_4182,2025-06-24 06:00:00,3779.9999356269836,2972.7467891525444,2477.49091339874
forecast_4183,2025-06-24 07:00:00,3779.9999356269836,3192.906835718673,2567.691416535308
forecast_4184,2025-06-24 08:00:00,3888.0001544952393,3252.020347996239,2585.773079734323
forecast_4185,2025-06-24 09:00:00,3888.0001544952393,3266.8931256876976,2583.4745822066443
forecast_4186,2025-06-24 10:00:00,3888.0001544952393,3223.3775872122387,2324.571441831149
forecast_4187,2025-06-24 11:00:00,3888.0001544952393,3248.2064855685967,2542.4976308691494
forecast_4188,2025-06-24 12:00:00,3888.0001544952393,3399.792636283523,2458.9445463229417
forecast_4189,2025-06-24 13:00:00,3888.0001544952393,3171.8180585348537,2236.2375657930297
forecast_4190,2025-06-24 14:00:00,3888.0001544952393,3036.494245615279,1975.181470912578
forecast_4191,2025-06-24 15:00:00,3888.0001544952393,3099.6113019958857,2022.2305031828128
forecast_4192,2025-06-24 16:00:00,3888.0001544952393,3213.956925497441,2121.197799530351
forecast_4193,2025-06-24 17:00:00,3888.0001544952393,3976.984786827488,2222.584447219833
forecast_4194,2025-06-24 18:00:00,3888.0001544952393,3600.6293959296954,2623.351487497845
forecast_4195,2025-06-24 19:00:00,3888.0001544952393,4317.624929462751,2691.696220330938
forecast_4196,2025-06-24 20:00:00,5075.999987125397,5352.946205840412,3287.6164378537123
forecast_4197,2025-06-24 21:00:00,5940.000128746033,5691.656606847402,3450.6311027106344
forecast_4198,2025-06-24 22:00:00,6480.000257492065,7246.444805358555,4501.35523397319
forecast_4199,2025-06-24 23:00:00,6480.000257492065,7486.536002566881,4778.712192599271
forecast_4200,2025-06-25 00:00:00,6480.000257492065,7688.736584975983,4713.661780501193
forecast_4201,2025-06-25 01:00:00,5940.000128746033,6323.751882618498,3753.9710936811975
forecast_4202,2025-06-25 02:00:00,5940.000128746033,5459.213947516653,3229.2186220127373
forecast_4203,2025-06-25 03:00:00,3888.0001544952393,4275.635376774785,3220.1798062656035
forecast_4204,2025-06-25 04:00:00,3888.0001544952393,4158.463375310004,3160.8080444872235
forecast_4205,2025-06-25 05:00:00,3888.0001544952393,3790.451690881697,2953.3417130285684
forecast_4206,2025-06-25 06:00:00,3888.0001544952393,3587.247270824653,2876.298814242598
forecast_4207,2025-06-25 07:00:00,3779.9999356269836,3370.4199562485346,2930.333181918113
forecast_4208,2025-06-25 08:00:00,3779.9999356269836,3247.2615452374143,2754.370556255563
forecast_4209,2025-06-25 09:00:00,3779.9999356269836,3260.8612269084697,2668.535534204166
forecast_4210,2025-06-25 10:00:00,3779.9999356269836,3203.8654939361945,2385.269805256379
forecast_4211,2025-06-25 11:00:00,3779.9999356269836,2954.4807206189257,2277.1234713004496
forecast_4212,2025-06-25 12:00:00,3779.9999356269836,3104.5147927030107,2317.1505113377825
forecast_4213,2025-06-25 13:00:00,3779.9999356269836,2986.741736016387,2492.489227194747
forecast_4214,2025-06-25 14:00:00,3779.9999356269836,2818.138569019148,2357.820857350489
forecast_4215,2025-06-25 15:00:00,3888.0001544952393,2790.072700871401,2378.554415924023
forecast_4216,2025-06-25 16:00:00,3779.9999356269836,2866.078342344608,2498.42274096095
forecast_4217,2025-06-25 17:00:00,3888.0001544952393,3194.09147368251,2705.046364124206
forecast_4218,2025-06-25 18:00:00,3888.0001544952393,3174.662014738374,2892.066628175789
forecast_4219,2025-06-25 19:00:00,3888.0001544952393,3425.7371249198195,3010.999362556653
forecast_4220,2025-06-25 20:00:00,4320.000064373016,3911.5798156199216,3306.848763923428
forecast_4221,2025-06-25 21:00:00,4320.000064373016,4467.71366458086,3315.651200926038
forecast_4222,2025-06-25 22:00:00,4320.000064373016,5754.909718757905,3916.1762533685614
forecast_4223,2025-06-25 23:00:00,4427.99996137619,5922.39552070853,4086.117308296966
forecast_4224,2025-06-26 00:00:00,6155.99992275238,6493.0304332242085,4077.032324372593
forecast_4225,2025-06-26 01:00:00,9503.999948501587,10213.69757988077,6907.679477229046
forecast_4226,2025-06-26 02:00:00,10476.000308990479,11769.626448200264,9723.223395042289
forecast_4227,2025-06-26 03:00:00,14688.00015449524,14069.439754586743,12309.26796002715
forecast_4228,2025-06-26 04:00:00,14688.00015449524,13523.617256259444,11491.930598641473
forecast_4229,2025-06-26 05:00:00,15660.00051498413,13859.801438999708,11314.574969776657
forecast_4230,2025-06-26 06:00:00,14688.00015449524,13643.200575196566,10336.613922957164
forecast_4231,2025-06-26 07:00:00,13392.000102996826,13373.949733091778,9873.601161048113
forecast_4232,2025-06-26 08:00:00,13068.000411987305,14070.825002438278,10036.356729890276
forecast_4233,2025-06-26 09:00:00,13607.999897003174,13620.094748224155,9901.405872046087
forecast_4234,2025-06-26 10:00:00,9936.000180244446,9650.790291001564,7151.226941043503
forecast_4235,2025-06-26 11:00:00,8963.999819755554,7566.2623742102805,5849.112228947477
forecast_4236,2025-06-26 12:00:00,5615.999794006348,7154.267205421767,5809.79610986192
forecast_4237,2025-06-26 13:00:00,5615.999794006348,5906.258901003657,4873.495776503242
forecast_4238,2025-06-26 14:00:00,4320.000064373016,4949.985769460663,4128.0785266997145
forecast_4239,2025-06-26 15:00:00,5940.000128746033,5504.97090422247,4407.713762049793
forecast_4240,2025-06-26 16:00:00,6371.999716758728,5859.822806457994,5419.697494879675
forecast_4241,2025-06-26 17:00:00,5940.000128746033,5627.145569210141,5318.901398992758
forecast_4242,2025-06-26 18:00:00,5615.999794006348,5739.299740852372,4830.449996899549
forecast_4243,2025-06-26 19:00:00,6155.99992275238,5392.777886690194,4566.894461047442
forecast_4244,2025-06-26 20:00:00,6155.99992275238,6044.811432589813,5124.447596959747
forecast_4245,2025-06-26 21:00:00,6155.99992275238,6145.596993029549,4835.80711216185
forecast_4246,2025-06-26 22:00:00,6048.0000257492065,7130.951668061289,5271.9685251659
forecast_4247,2025-06-26 23:00:00,5615.999794006348,6773.111700529663,5150.394103934558
forecast_4248,2025-06-27 00:00:00,4427.99996137619,6569.388794506293,4717.767684690168
forecast_4249,2025-06-27 01:00:00,4427.99996137619,6111.08501399674,4428.911148602187
forecast_4250,2025-06-27 02:00:00,4427.99996137619,5805.041606771466,3693.442995588668
forecast_4251,2025-06-27 03:00:00,4427.99996137619,5978.714560934866,5085.24998007281
forecast_4252,2025-06-27 04:00:00,5615.999794006348,6193.28232662474,5766.187048881705
forecast_4253,2025-06-27 05:00:00,4751.9999742507935,5180.488152056862,3934.520353868136
forecast_4254,2025-06-27 06:00:00,4427.99996137619,4044.5958872886877,3320.2246770242014
forecast_4255,2025-06-27 07:00:00,3888.0001544952393,3700.0741236342233,3131.673960004442
forecast_4256,2025-06-27 08:00:00,3996.000051498413,3409.557606990765,3006.156275056264
forecast_4257,2025-06-27 09:00:00,3779.9999356269836,3266.677692230281,2451.576321174449
forecast_4258,2025-06-27 10:00:00,3888.0001544952393,2794.2568321005174,1892.10460378467
forecast_4259,2025-06-27 11:00:00,3779.9999356269836,2591.411381900752,1866.469177333416
forecast_4260,2025-06-27 12:00:00,3888.0001544952393,2483.550915932101,1768.9472404728613
forecast_4261,2025-06-27 13:00:00,3888.0001544952393,2926.3768285790966,2065.855820669364
forecast_4262,2025-06-27 14:00:00,3888.0001544952393,2863.0309982625427,2143.01886340565
forecast_4263,2025-06-27 15:00:00,3888.0001544952393,3019.0117324836165,2039.721238156648
forecast_4264,2025-06-27 16:00:00,3996.000051498413,3231.9048836772063,2282.091371860208
forecast_4265,2025-06-27 17:00:00,3888.0001544952393,3268.0486590323426,2245.8983632865657
forecast_4266,2025-06-27 18:00:00,3779.9999356269836,3280.94944275201,2252.4510565391115
forecast_4267,2025-06-27 19:00:00,3779.9999356269836,3479.744975844063,2947.7745942315264
forecast_4268,2025-06-27 20:00:00,3888.0001544952393,3739.420887737319,3106.122997485531
forecast_4269,2025-06-27 21:00:00,3996.000051498413,4898.926138101864,3721.406973029127
forecast_4270,2025-06-27 22:00:00,5832.000231742859,6226.470814301269,4109.718306995988
forecast_4271,2025-06-27 23:00:00,6263.999819755554,6559.411185370608,4193.529755834781
forecast_4272,2025-06-28 00:00:00,6155.99992275238,6516.2086836830895,4292.760152469146
forecast_4273,2025-06-28 01:00:00,7667.999768257141,8638.395223439056,6076.227449615464
forecast_4274,2025-06-28 02:00:00,11447.999382019043,10393.568189538164,6004.819503778923
forecast_4275,2025-06-28 03:00:00,13500.0,10794.851721052222,7359.185622788906
forecast_4276,2025-06-28 04:00:00,13500.0,11794.572978125521,8638.108597814386
forecast_4277,2025-06-28 05:00:00,13500.0,11556.055759034178,9717.275773259234
forecast_4278,2025-06-28 06:00:00,11772.000360488892,10369.14473415778,6457.267887944602
forecast_4279,2025-06-28 07:00:00,12203.999948501587,10368.542986250352,6483.083256718363
forecast_4280,2025-06-28 08:00:00,7559.999871253967,7629.032966047872,4503.697292336092
forecast_4281,2025-06-28 09:00:00,4535.999858379364,5519.050833629614,4165.13814239745
forecast_4282,2025-06-28 10:00:00,4320.000064373016,5188.242158379417,3467.2315105785083
forecast_4283,2025-06-28 11:00:00,3996.000051498413,3590.099787395083,2550.136526162692
forecast_4284,2025-06-28 12:00:00,3779.9999356269836,2615.028670206698,2475.344752241996
forecast_4285,2025-06-28 13:00:00,3779.9999356269836,2518.374445265863,2524.2728277235174
forecast_4286,2025-06-28 14:00:00,3888.0001544952393,2438.066589384616,2170.453185380135
forecast_4287,2025-06-28 15:00:00,3888.0001544952393,2695.403170070782,2465.6873403792188
forecast_4288,2025-06-28 16:00:00,3888.0001544952393,2957.815828491664,2624.8614790713764
forecast_4289,2025-06-28 17:00:00,3888.0001544952393,3094.927637001603,2340.8934536455554
forecast_4290,2025-06-28 18:00:00,5615.999794006348,3824.8290666361804,2918.735667763089
forecast_4291,2025-06-28 19:00:00,4427.99996137619,4465.964604494007,3649.6748962046254
forecast_4292,2025-06-28 20:00:00,5832.000231742859,6235.734317263895,3975.343749436884
forecast_4293,2025-06-28 21:00:00,9503.999948501587,8094.336654613026,5748.228480076036
forecast_4294,2025-06-28 22:00:00,7992.000102996826,9219.039499621798,5585.71053473039
forecast_4295,2025-06-28 23:00:00,7559.999871253967,9184.80044174416,5579.200787394185
forecast_4296,2025-06-29 00:00:00,7559.999871253967,9347.345341847202,5772.869958968727
forecast_4297,2025-06-29 01:00:00,10044.00007724762,10536.028154777528,6462.567953416692
forecast_4298,2025-06-29 02:00:00,10044.00007724762,11531.720443629005,7626.351955379038
forecast_4299,2025-06-29 03:00:00,12527.999639511108,13122.416866304677,8594.6002523873
forecast_4300,2025-06-29 04:00:00,12311.99984550476,13900.165281704689,10444.81088802301
forecast_4301,2025-06-29 05:00:00,14688.00015449524,14236.831808954854,11928.611886845914
forecast_4302,2025-06-29 06:00:00,13500.0,13439.91929206813,11052.417801647396
forecast_4303,2025-06-29 07:00:00,13392.000102996826,12539.59138941597,10238.790261999511
forecast_4304,2025-06-29 08:00:00,12852.000617980957,11139.572900446645,8757.41994894902
forecast_4305,2025-06-29 09:00:00,9828.000283241272,9302.06199856808,6052.124230490813
forecast_4306,2025-06-29 10:00:00,4211.999845504761,5943.824872913696,4413.589157293667
forecast_4307,2025-06-29 11:00:00,3888.0001544952393,4398.459140367863,3230.4726805900214
forecast_4308,2025-06-29 12:00:00,3888.0001544952393,3517.92658320167,2615.8284272217875
forecast_4309,2025-06-29 13:00:00,3888.0001544952393,3155.360987300858,2662.465705717254
forecast_4310,2025-06-29 14:00:00,3888.0001544952393,3190.943736741704,2737.575443799868
forecast_4311,2025-06-29 15:00:00,3888.0001544952393,3314.062706763041,2483.077227471
forecast_4312,2025-06-29 16:00:00,4211.999845504761,3430.7934896122947,3063.893411552856
forecast_4313,2025-06-29 17:00:00,3888.0001544952393,3294.913948766496,3004.427637685156
forecast_4314,2025-06-29 18:00:00,4320.000064373016,3847.5843595882143,2933.107723866765
forecast_4315,2025-06-29 19:00:00,5075.999987125397,4975.011285024394,3744.4918014174937
forecast_4316,2025-06-29 20:00:00,4859.999871253967,5771.310945948584,4793.290973092521
forecast_4317,2025-06-29 21:00:00,7559.999871253967,7182.572788674543,5614.524243004213
forecast_4318,2025-06-29 22:00:00,10044.00007724762,10298.712938352635,7708.894613057378
forecast_4319,2025-06-29 23:00:00,12311.99984550476,11620.37276258069,9360.783785660036
forecast_4320,2025-06-30 00:00:00,12311.99984550476,11481.914850587584,9448.25379257766
forecast_4321,2025-06-30 01:00:00,7992.000102996826,9043.953301617046,6046.601507490199
forecast_4322,2025-06-30 02:00:00,10151.999974250793,9958.028113011473,7316.682220250406
forecast_4323,2025-06-30 03:00:00,7992.000102996826,10406.397711529427,7407.498574394559
forecast_4324,2025-06-30 04:00:00,10151.999974250793,10649.808837022654,8167.925088233883
forecast_4325,2025-06-30 05:00:00,11772.000360488892,10503.598022557371,7703.098425447028
forecast_4326,2025-06-30 06:00:00,12527.999639511108,10233.82876476525,7192.489965240241
forecast_4327,2025-06-30 07:00:00,10259.999871253967,8852.514861093345,6082.309277150828
forecast_4328,2025-06-30 08:00:00,6155.99992275238,7085.449284088987,5735.378826259403
forecast_4329,2025-06-30 09:00:00,5075.999987125397,5989.581001705336,4670.442944192511
forecast_4330,2025-06-30 10:00:00,3888.0001544952393,3929.965808678759,3678.608809846352
forecast_4331,2025-06-30 11:00:00,3888.0001544952393,3081.535405583457,3075.6591598243763
forecast_4332,2025-06-30 12:00:00,3888.0001544952393,2725.6762915363315,2159.857891373027
forecast_4333,2025-06-30 13:00:00,3888.0001544952393,2825.305639262399,2703.0862187726616
forecast_4334,2025-06-30 14:00:00,4320.000064373016,3795.8913330632413,2829.2300533224243
forecast_4335,2025-06-30 15:00:00,4859.999871253967,4572.914484195033,3333.119212563572
forecast_4336,2025-06-30 16:00:00,6696.000051498413,5174.385788872738,4262.798109466148
forecast_4337,2025-06-30 17:00:00,6696.000051498413,6039.483548964761,4684.831946318252
forecast_4338,2025-06-30 18:00:00,9503.999948501587,7191.164915329148,5748.046394051048
forecast_4339,2025-06-30 19:00:00,10800.0,8007.577374923016,7193.243852441644
forecast_4340,2025-06-30 20:00:00,11339.99948501587,9521.120977557532,8270.610026729633
forecast_4341,2025-06-30 21:00:00,12960.00051498413,10982.193665471486,9636.272639700092
forecast_4342,2025-06-30 22:00:00,14256.000566482544,13116.885723698906,11450.60317686961
forecast_4343,2025-06-30 23:00:00,13500.0,13094.675905862063,12289.248555811286
forecast_4344,2025-07-01 00:00:00,13500.0,12729.520108776258,10738.065666353375
forecast_4345,2025-07-01 01:00:00,10151.999974250793,12315.6771276307,8102.73571958186
forecast_4346,2025-07-01 02:00:00,10151.999974250793,12684.076366089628,8403.044787693572
forecast_4347,2025-07-01 03:00:00,10259.999871253967,12709.386431207293,8493.350978917224
forecast_4348,2025-07-01 04:00:00,10151.999974250793,12775.278992073843,8872.052617425497
forecast_4349,2025-07-01 05:00:00,11339.99948501587,13283.569261658917,10222.367786176334
forecast_4350,2025-07-01 06:00:00,13500.0,12291.79268688488,8648.296188583088
forecast_4351,2025-07-01 07:00:00,9503.999948501587,10995.849798397345,6751.651028673233
forecast_4352,2025-07-01 08:00:00,9828.000283241272,10736.796558889597,6425.26755584733
forecast_4353,2025-07-01 09:00:00,9828.000283241272,9167.57412874598,6651.944599489858
forecast_4354,2025-07-01 10:00:00,5615.999794006348,7197.7936659455,5400.859734715943
forecast_4355,2025-07-01 11:00:00,5615.999794006348,6565.9082560122615,4526.578755722917
forecast_4356,2025-07-01 12:00:00,6371.999716758728,6003.627657870583,5373.323827559154
forecast_4357,2025-07-01 13:00:00,6911.999845504761,5982.948383722272,4728.1940302982375
forecast_4358,2025-07-01 14:00:00,6371.999716758728,5400.194889122498,4979.152159526413
forecast_4359,2025-07-01 15:00:00,5615.999794006348,4866.050185958197,4227.592889813066
forecast_4360,2025-07-01 16:00:00,5940.000128746033,4547.902293984048,3625.56049020914
forecast_4361,2025-07-01 17:00:00,5075.999987125397,4499.692327876316,3766.328302671217
forecast_4362,2025-07-01 18:00:00,5075.999987125397,5066.13407551366,4191.720253676959
forecast_4363,2025-07-01 19:00:00,6696.000051498413,7320.6096740406265,5777.047153355846
forecast_4364,2025-07-01 20:00:00,6696.000051498413,8343.406453707543,6421.260157366976
forecast_4365,2025-07-01 21:00:00,12635.999536514282,10633.72451966462,7622.806216428303
forecast_4366,2025-07-01 22:00:00,12635.999536514282,12147.889168862343,8910.301964700879
forecast_4367,2025-07-01 23:00:00,12960.00051498413,13967.119162644813,10359.774362215168
forecast_4368,2025-07-02 00:00:00,14688.00015449524,13895.49277694718,12723.759771379748
forecast_4369,2025-07-02 01:00:00,14688.00015449524,14815.616153923267,12532.562731219354
forecast_4370,2025-07-02 02:00:00,16092.000102996826,16136.751730591492,14000.123423942629
forecast_4371,2025-07-02 03:00:00,16092.000102996826,16092.784794577685,14399.665352189755
forecast_4372,2025-07-02 04:00:00,15768.000411987305,16183.786337667943,14021.407129761248
forecast_4373,2025-07-02 05:00:00,15335.999536514282,16849.369798399504,14428.84908926244
forecast_4374,2025-07-02 06:00:00,15768.000411987305,16324.256159818322,13361.039933640184
forecast_4375,2025-07-02 07:00:00,15768.000411987305,15843.930951484244,14058.303885807203
forecast_4376,2025-07-02 08:00:00,15552.000617980957,14772.93350836961,14350.571653740511
forecast_4377,2025-07-02 09:00:00,13500.0,12121.223895434146,10950.41002799167
forecast_4378,2025-07-02 10:00:00,10692.000102996826,9450.394070535389,8311.67267433535
forecast_4379,2025-07-02 11:00:00,7776.0003089904785,6851.409418432637,5891.498585475622
forecast_4380,2025-07-02 12:00:00,7451.9999742507935,6024.97386789893,5588.714231576275
forecast_4381,2025-07-02 13:00:00,8855.99992275238,5375.318701879271,4797.540824184053
forecast_4382,2025-07-02 14:00:00,6696.000051498413,4995.692844185159,4517.349981362308
forecast_4383,2025-07-02 15:00:00,6371.999716758728,5424.306271724791,4316.909879815741
forecast_4384,2025-07-02 16:00:00,5615.999794006348,4257.354376422613,3449.4617879060847
forecast_4385,2025-07-02 17:00:00,4320.000064373016,3927.645792038906,3119.612663020605
forecast_4386,2025-07-02 18:00:00,5615.999794006348,3862.1831593041234,3686.3511517918364
forecast_4387,2025-07-02 19:00:00,4320.000064373016,4277.535020162688,3753.4425376929667
forecast_4388,2025-07-02 20:00:00,5075.999987125397,5919.277820240049,4452.374009392456
forecast_4389,2025-07-02 21:00:00,5615.999794006348,7201.390723677909,5637.7993215714605
forecast_4390,2025-07-02 22:00:00,9396.000051498413,9324.719044229709,6656.648895746635
forecast_4391,2025-07-02 23:00:00,10044.00007724762,10236.776837275089,7231.380093254446
forecast_4392,2025-07-03 00:00:00,12852.000617980957,10895.93567937523,8176.903022580675
forecast_4393,2025-07-03 01:00:00,13284.000205993652,12386.82073159154,8383.518754286239
forecast_4394,2025-07-03 02:00:00,15227.999639511108,13749.11714247846,10134.028398186423
forecast_4395,2025-07-03 03:00:00,15876.000308990479,14613.10763717931,11904.90369970582
forecast_4396,2025-07-03 04:00:00,14688.00015449524,15386.79219483751,12416.650657689406
forecast_4397,2025-07-03 05:00:00,14688.00015449524,15935.421931927129,13140.461509481367
forecast_4398,2025-07-03 06:00:00,14688.00015449524,15202.471705168851,11924.056532388528
forecast_4399,2025-07-03 07:00:00,13500.0,13574.723034082002,10804.794572744728
forecast_4400,2025-07-03 08:00:00,14688.00015449524,13715.363654447958,11423.84714344432
forecast_4401,2025-07-03 09:00:00,14580.000257492065,13493.527447375473,11641.007934026306
forecast_4402,2025-07-03 10:00:00,11988.00015449524,10272.55210838198,10334.352121500864
forecast_4403,2025-07-03 11:00:00,11772.000360488892,8425.218481302834,8486.801386332167
forecast_4404,2025-07-03 12:00:00,10259.999871253967,7134.506598189551,6651.891687833325
forecast_4405,2025-07-03 13:00:00,10692.000102996826,6903.4392916658635,6613.303297823028
forecast_4406,2025-07-03 14:00:00,10259.999871253967,7296.9407053595505,6914.482335144316
forecast_4407,2025-07-03 15:00:00,11556.000566482544,7957.08391240028,8091.274031715713
forecast_4408,2025-07-03 16:00:00,11556.000566482544,7765.259522040661,8066.720707160566
forecast_4409,2025-07-03 17:00:00,10692.000102996826,7745.046285825696,7515.040768589748
forecast_4410,2025-07-03 18:00:00,10692.000102996826,8170.966962612965,8074.057341134868
forecast_4411,2025-07-03 19:00:00,11447.999382019043,9348.114005680343,8729.299905441538
forecast_4412,2025-07-03 20:00:00,13392.000102996826,10835.199644000288,9519.804032591714
forecast_4413,2025-07-03 21:00:00,14580.000257492065,12635.193040420416,10817.55542029112
forecast_4414,2025-07-03 22:00:00,17064.000463485718,14450.246256474802,12078.55739903962
forecast_4415,2025-07-03 23:00:00,12311.99984550476,15334.11017446982,11674.01351352108
forecast_4416,2025-07-04 00:00:00,15984.000205993652,16260.748745754374,14490.184250166876
forecast_4417,2025-07-04 01:00:00,16092.000102996826,16198.99448101623,14332.213925604638
forecast_4418,2025-07-04 02:00:00,17172.00036048889,16229.79940376902,14861.029275539686
forecast_4419,2025-07-04 03:00:00,15660.00051498413,16946.218712749476,16290.58732811435
forecast_4420,2025-07-04 04:00:00,19331.999588012695,17148.118553884702,16356.812872248913
forecast_4421,2025-07-04 05:00:00,19547.999382019043,16982.68241626046,16579.459233476548
forecast_4422,2025-07-04 06:00:00,19331.999588012695,16603.539333661916,16504.715765189987
forecast_4423,2025-07-04 07:00:00,16092.000102996826,16843.94609154898,16176.875921681149
forecast_4424,2025-07-04 08:00:00,16092.000102996826,16296.364492699096,16625.472809130966
forecast_4425,2025-07-04 09:00:00,16092.000102996826,15722.491264576787,15561.181580280783
forecast_4426,2025-07-04 10:00:00,16092.000102996826,15463.99217049404,14629.665565389356
forecast_4427,2025-07-04 11:00:00,16092.000102996826,15313.406257911702,15156.069331436478
forecast_4428,2025-07-04 12:00:00,15660.00051498413,15097.941785981817,14846.792221669986
forecast_4429,2025-07-04 13:00:00,15660.00051498413,15043.11769608391,14272.966885057736
forecast_4430,2025-07-04 14:00:00,15660.00051498413,15391.320047838375,14725.307852146601
forecast_4431,2025-07-04 15:00:00,16092.000102996826,15478.964055777382,14863.456041314801
forecast_4432,2025-07-04 16:00:00,15768.000411987305,15388.56265647504,14755.181715929286
forecast_4433,2025-07-04 17:00:00,15660.00051498413,15538.057302078309,15011.325440285646
forecast_4434,2025-07-04 18:00:00,15660.00051498413,15121.418550653383,15277.088842360125
forecast_4435,2025-07-04 19:00:00,15552.000617980957,15381.302049103368,16552.59329452745
forecast_4436,2025-07-04 20:00:00,15660.00051498413,15282.716509140582,16772.21111562473
forecast_4437,2025-07-04 21:00:00,16092.000102996826,16154.877762832592,17111.412383230654
forecast_4438,2025-07-04 22:00:00,16092.000102996826,17046.42113626002,17781.412855315382
forecast_4439,2025-07-04 23:00:00,19656.000566482544,17550.502444781196,18206.830259100043
forecast_4440,2025-07-05 00:00:00,19547.999382019043,17341.836625873977,17743.163279382956
forecast_4441,2025-07-05 01:00:00,15119.999742507935,16693.277287952245,16327.302021092944
forecast_4442,2025-07-05 02:00:00,15119.999742507935,16735.362244317814,15945.56349639814
forecast_4443,2025-07-05 03:00:00,15119.999742507935,16304.467247696039,15212.11351166254
forecast_4444,2025-07-05 04:00:00,15119.999742507935,16067.235225689106,15007.058257973984
forecast_4445,2025-07-05 05:00:00,15660.00051498413,16382.285635257063,14740.635322566506
forecast_4446,2025-07-05 06:00:00,15660.00051498413,15060.155085917107,13596.192427030825
forecast_4447,2025-07-05 07:00:00,15660.00051498413,15017.724219661612,14419.812083369085
forecast_4448,2025-07-05 08:00:00,15660.00051498413,15182.440173710986,14261.54532835327
forecast_4449,2025-07-05 09:00:00,14688.00015449524,14658.274501609782,12942.214015860443
forecast_4450,2025-07-05 10:00:00,13392.000102996826,12152.494538655104,11267.643654808013
forecast_4451,2025-07-05 11:00:00,11988.00015449524,10142.149892037489,9478.58118568721
forecast_4452,2025-07-05 12:00:00,11556.000566482544,8661.59661891453,8673.599239616726
forecast_4453,2025-07-05 13:00:00,11988.00015449524,8909.035076533391,8904.731369667807
forecast_4454,2025-07-05 14:00:00,14256.000566482544,9263.851144566885,9746.40253809368
forecast_4455,2025-07-05 15:00:00,14256.000566482544,9494.235400718888,9926.001511908516
forecast_4456,2025-07-05 16:00:00,14256.000566482544,9727.736837973853,10214.054578501502
forecast_4457,2025-07-05 17:00:00,14472.000360488892,10083.741961411271,9853.614109921828
forecast_4458,2025-07-05 18:00:00,14256.000566482544,9644.094552363043,10092.53246629766
forecast_4459,2025-07-05 19:00:00,15552.000617980957,11253.804609958011,12013.06088528318
forecast_4460,2025-07-05 20:00:00,15660.00051498413,13514.454716358414,12919.765735294472
forecast_4461,2025-07-05 21:00:00,16092.000102996826,15354.435716530674,15148.693387135056
forecast_4462,2025-07-05 22:00:00,15660.00051498413,16359.96007148688,16357.60990683389
forecast_4463,2025-07-05 23:00:00,16092.000102996826,16348.070814701385,16332.98720971884
forecast_4464,2025-07-06 00:00:00,16847.999382019043,16468.190935155188,16421.617556023073
forecast_4465,2025-07-06 01:00:00,19547.999382019043,16845.059466707844,16450.77679092688
forecast_4466,2025-07-06 02:00:00,19547.999382019043,17095.603691682707,16849.10172570919
forecast_4467,2025-07-06 03:00:00,19547.999382019043,17472.118357341344,16669.03513901025
forecast_4468,2025-07-06 04:00:00,19980.000257492065,17407.559096645648,16937.10612258675
forecast_4469,2025-07-06 05:00:00,19547.999382019043,17692.182631424428,16930.458920214263
forecast_4470,2025-07-06 06:00:00,16200.0,16251.058184190477,16302.68397306447
forecast_4471,2025-07-06 07:00:00,16092.000102996826,16276.704445658925,16015.741925746515
forecast_4472,2025-07-06 08:00:00,15660.00051498413,15432.575198949213,14757.084728067748
forecast_4473,2025-07-06 09:00:00,14580.000257492065,13860.409644232135,13025.18343592124
forecast_4474,2025-07-06 10:00:00,11556.000566482544,10812.566602249564,9901.972520049443
forecast_4475,2025-07-06 11:00:00,10259.999871253967,8710.553683472197,8328.140738882474
forecast_4476,2025-07-06 12:00:00,8855.99992275238,6432.342635123199,6057.62974102305
forecast_4477,2025-07-06 13:00:00,5183.999884128571,5469.668489931448,4906.7796311047705
forecast_4478,2025-07-06 14:00:00,5615.999794006348,4324.193847337453,3778.691766195962
forecast_4479,2025-07-06 15:00:00,3888.0001544952393,4084.931542067412,3131.916598590214
forecast_4480,2025-07-06 16:00:00,3888.0001544952393,3845.4340190956673,3528.1074209921658
forecast_4481,2025-07-06 17:00:00,3888.0001544952393,4130.402902843179,4007.376648292004
forecast_4482,2025-07-06 18:00:00,4211.999845504761,4201.781144897604,3974.774039998533
forecast_4483,2025-07-06 19:00:00,7344.00007724762,5082.464588029109,4888.0604577070935
forecast_4484,2025-07-06 20:00:00,10259.999871253967,6391.756758420114,6347.472479562993
forecast_4485,2025-07-06 21:00:00,10907.999897003174,8602.334357156566,7812.187105055216
forecast_4486,2025-07-06 22:00:00,13500.0,11405.765558186924,8923.18744096448
forecast_4487,2025-07-06 23:00:00,13500.0,11644.963698588092,9114.793207633124
forecast_4488,2025-07-07 00:00:00,15119.999742507935,11128.749013056055,8981.480025508901
forecast_4489,2025-07-07 01:00:00,13500.0,10505.486905185657,7899.685134856975
forecast_4490,2025-07-07 02:00:00,13500.0,10762.918029845789,8215.07181689537
forecast_4491,2025-07-07 03:00:00,12419.999742507935,9930.70042544836,7988.517363457951
forecast_4492,2025-07-07 04:00:00,10044.00007724762,8143.177789723822,5892.747864066462
forecast_4493,2025-07-07 05:00:00,4751.9999742507935,4831.55750948909,3672.131491353801
forecast_4494,2025-07-07 06:00:00,3996.000051498413,3927.160565047877,2853.4476766559505
forecast_4495,2025-07-07 07:00:00,3996.000051498413,3539.0616128610422,2961.3028931733134
forecast_4496,2025-07-07 08:00:00,3779.9999356269836,3317.8476879866166,2497.1689374097377
forecast_4497,2025-07-07 09:00:00,3455.9999227523804,2783.442612552604,2234.269725357698
forecast_4498,2025-07-07 10:00:00,3779.9999356269836,2534.934480277694,2206.608840272236
forecast_4499,2025-07-07 11:00:00,3779.9999356269836,2317.271334617451,1927.7919227438776
forecast_4500,2025-07-07 12:00:00,3779.9999356269836,2062.547479285186,1962.9056779500909
forecast_4501,2025-07-07 13:00:00,3455.9999227523804,2195.6297775320872,2086.405401959946
forecast_4502,2025-07-07 14:00:00,3779.9999356269836,2219.335465234738,2089.006251826996
forecast_4503,2025-07-07 15:00:00,3348.0000257492065,2289.980243837638,1955.6357965203824
forecast_4504,2025-07-07 16:00:00,3348.0000257492065,2369.0601535803835,2298.28652544784
forecast_4505,2025-07-07 17:00:00,3455.9999227523804,2375.3683368429606,2064.1692949102835
forecast_4506,2025-07-07 18:00:00,3348.0000257492065,2344.789890415649,1983.5139384605293
forecast_4507,2025-07-07 19:00:00,3455.9999227523804,2599.3117205375006,2444.966553761952
forecast_4508,2025-07-07 20:00:00,3455.9999227523804,2691.6214278042967,2523.3576388980746
forecast_4509,2025-07-07 21:00:00,3455.9999227523804,2358.046660774872,2441.6558275299712
forecast_4510,2025-07-07 22:00:00,3564.000141620636,2400.044322244932,2769.736074380178
forecast_4511,2025-07-07 23:00:00,3564.000141620636,2483.1749577640385,2738.6216009495683
forecast_4512,2025-07-08 00:00:00,3455.9999227523804,2480.46119462713,2572.049671186064
forecast_4513,2025-07-08 01:00:00,3888.0001544952393,2414.978511902109,2293.4215628851475
forecast_4514,2025-07-08 02:00:00,3779.9999356269836,2400.1365507831097,2244.133081613538
forecast_4515,2025-07-08 03:00:00,3888.0001544952393,2545.33979140778,2325.73001926783
forecast_4516,2025-07-08 04:00:00,3564.000141620636,2774.651022377341,2396.022551704407
forecast_4517,2025-07-08 05:00:00,3779.9999356269836,2846.8252215064163,2585.607555915512
forecast_4518,2025-07-08 06:00:00,3455.9999227523804,2600.582650452321,2750.573307644732
forecast_4519,2025-07-08 07:00:00,3455.9999227523804,2452.969267554068,2499.3843327691416
forecast_4520,2025-07-08 08:00:00,3779.9999356269836,2331.3027109966697,2161.018645675658
forecast_4521,2025-07-08 09:00:00,3779.9999356269836,2062.798825379372,1893.56491844466
forecast_4522,2025-07-08 10:00:00,3779.9999356269836,1895.5572707950607,2063.772677831018
forecast_4523,2025-07-08 11:00:00,3779.9999356269836,1995.898692413312,1941.8302527381463
forecast_4524,2025-07-08 12:00:00,3779.9999356269836,1963.498454602397,1867.740450491548
forecast_4525,2025-07-08 13:00:00,3455.9999227523804,2094.519640553162,2202.5186909920567
forecast_4526,2025-07-08 14:00:00,3779.9999356269836,2082.615651352457,1945.713952128828
forecast_4527,2025-07-08 15:00:00,3455.9999227523804,2146.966062400789,2179.1106908718693
forecast_4528,2025-07-08 16:00:00,3779.9999356269836,2201.563552768296,2177.540438365246
forecast_4529,2025-07-08 17:00:00,3779.9999356269836,2301.189845345665,2365.9795612301746
forecast_4530,2025-07-08 18:00:00,3779.9999356269836,2279.994984747522,2487.2059055136447
forecast_4531,2025-07-08 19:00:00,3564.000141620636,2556.788294298449,2845.0420467874046
forecast_4532,2025-07-08 20:00:00,3672.00003862381,2832.51640556881,2796.2030190658534
forecast_4533,2025-07-08 21:00:00,3888.0001544952393,2910.127762470414,3055.740024849151
forecast_4534,2025-07-08 22:00:00,3779.9999356269836,2974.8353525348125,3022.076858540556
forecast_4535,2025-07-08 23:00:00,3779.9999356269836,3010.9040319927353,2761.352847305248
forecast_4536,2025-07-09 00:00:00,3779.9999356269836,2942.543066967305,2806.262437506351
forecast_4537,2025-07-09 01:00:00,3779.9999356269836,2749.443604848468,2346.444673779132
forecast_4538,2025-07-09 02:00:00,3888.0001544952393,2779.5287578842413,2271.1810755959746
forecast_4539,2025-07-09 03:00:00,3888.0001544952393,2723.5211254700544,2433.627843870602
forecast_4540,2025-07-09 04:00:00,3779.9999356269836,2793.0212504107985,2478.370341657899
forecast_4541,2025-07-09 05:00:00,3888.0001544952393,2902.280330262589,2474.246525167198
forecast_4542,2025-07-09 06:00:00,3888.0001544952393,2961.185434996795,2539.458227646136
forecast_4543,2025-07-09 07:00:00,3779.9999356269836,3216.388385615427,2544.070799094601
forecast_4544,2025-07-09 08:00:00,3455.9999227523804,2978.469353299179,2331.5442249593566
forecast_4545,2025-07-09 09:00:00,3455.9999227523804,2743.6021859274497,2135.025360818134
forecast_4546,2025-07-09 10:00:00,3455.9999227523804,2298.7490605948983,1949.3063690496238
forecast_4547,2025-07-09 11:00:00,3455.9999227523804,2388.4267839890963,1922.707704244778
forecast_4548,2025-07-09 12:00:00,3455.9999227523804,2271.2394785329843,1971.8770951719391
forecast_4549,2025-07-09 13:00:00,3455.9999227523804,2255.494484889204,1834.2702916484404
forecast_4550,2025-07-09 14:00:00,3564.000141620636,2330.2319014091904,1959.2531068746869
forecast_4551,2025-07-09 15:00:00,3455.9999227523804,2305.9024025424515,2155.1321233777708
forecast_4552,2025-07-09 16:00:00,3455.9999227523804,2246.518771155509,2113.7104874943807
forecast_4553,2025-07-09 17:00:00,3564.000141620636,2373.060319606366,2064.461154098931
forecast_4554,2025-07-09 18:00:00,3455.9999227523804,2453.661954747393,2133.006339178437
forecast_4555,2025-07-09 19:00:00,3672.00003862381,2682.315997238893,1949.6701998935678
forecast_4556,2025-07-09 20:00:00,3779.9999356269836,3014.737448507066,2102.6206594386576
forecast_4557,2025-07-09 21:00:00,3888.0001544952393,3322.5849396658286,2143.634540720904
forecast_4558,2025-07-09 22:00:00,3888.0001544952393,3596.6891045571647,2427.042960224848
forecast_4559,2025-07-09 23:00:00,3888.0001544952393,3667.11485796638,2600.643648796126
forecast_4560,2025-07-10 00:00:00,3888.0001544952393,3717.880120930016,2741.1219313770393
forecast_4561,2025-07-10 01:00:00,3888.0001544952393,3706.0388405198014,2503.8711297739464
forecast_4562,2025-07-10 02:00:00,3888.0001544952393,3641.199173753284,2375.585488353454
forecast_4563,2025-07-10 03:00:00,3888.0001544952393,3927.647667196781,2495.5570748387586
forecast_4564,2025-07-10 04:00:00,3888.0001544952393,4058.799281028784,2836.290586997913
forecast_4565,2025-07-10 05:00:00,4211.999845504761,5233.917158838412,2795.3619490967926
forecast_4566,2025-07-10 06:00:00,3888.0001544952393,5567.639808216338,2992.359981720625
forecast_4567,2025-07-10 07:00:00,4211.999845504761,5791.0267748892975,3395.960720643437
forecast_4568,2025-07-10 08:00:00,5723.9996910095215,6231.745580233385,3848.509339690317
forecast_4569,2025-07-10 09:00:00,6803.999948501587,6335.656397035644,3935.331916002912
forecast_4570,2025-07-10 10:00:00,5292.000102996826,5507.298308601344,4177.445013517577
forecast_4571,2025-07-10 11:00:00,3888.0001544952393,5301.5396829641095,3980.798359980533
forecast_4572,2025-07-10 12:00:00,3888.0001544952393,5093.7030219841945,3302.4999900040702
forecast_4573,2025-07-10 13:00:00,3888.0001544952393,4743.512229562091,3174.0282467011352
forecast_4574,2025-07-10 14:00:00,3888.0001544952393,4497.083628757449,3132.707997323721
forecast_4575,2025-07-10 15:00:00,3888.0001544952393,4414.307375764317,3222.3937748028293
forecast_4576,2025-07-10 16:00:00,3888.0001544952393,4301.178768163948,3164.115899748464
forecast_4577,2025-07-10 17:00:00,3888.0001544952393,4090.960148140113,2916.9279174641583
forecast_4578,2025-07-10 18:00:00,3888.0001544952393,4924.100109747145,3396.8775956355207
forecast_4579,2025-07-10 19:00:00,5292.000102996826,5424.58723869561,3587.764863778032
forecast_4580,2025-07-10 20:00:00,5723.9996910095215,5836.734805072725,3558.331743503647
forecast_4581,2025-07-10 21:00:00,6480.000257492065,7123.411561788285,4064.196306562055
forecast_4582,2025-07-10 22:00:00,7019.999742507935,8070.528106762611,5003.589920963323
forecast_4583,2025-07-10 23:00:00,7019.999742507935,8077.013842425476,4944.018103397248
forecast_4584,2025-07-11 00:00:00,7019.999742507935,8077.76603608734,5194.7403342913685
forecast_4585,2025-07-11 01:00:00,7451.9999742507935,7998.836723902387,4422.542960797626
forecast_4586,2025-07-11 02:00:00,6480.000257492065,8308.866404950322,4703.498272225944
forecast_4587,2025-07-11 03:00:00,7451.9999742507935,8224.95154462194,4631.11069324226
forecast_4588,2025-07-11 04:00:00,7019.999742507935,8602.57967381292,4867.816938963605
forecast_4589,2025-07-11 05:00:00,7451.9999742507935,9639.25493581928,5143.428934817788
forecast_4590,2025-07-11 06:00:00,6588.000154495239,8454.619443535596,4742.333832582961
forecast_4591,2025-07-11 07:00:00,7019.999742507935,9271.341961020971,5516.3287403118975
forecast_4592,2025-07-11 08:00:00,7451.9999742507935,9087.867622393618,5485.3473375438225
forecast_4593,2025-07-11 09:00:00,7667.999768257141,8886.100252586763,5565.493079298125
forecast_4594,2025-07-11 10:00:00,6911.999845504761,7499.927152683606,4122.563138673743
forecast_4595,2025-07-11 11:00:00,6803.999948501587,6624.523402359541,4410.529809133763
forecast_4596,2025-07-11 12:00:00,6911.999845504761,6433.813625928626,4507.272737173396
forecast_4597,2025-07-11 13:00:00,5723.9996910095215,5731.11594903956,4167.49263047491
forecast_4598,2025-07-11 14:00:00,3888.0001544952393,5339.071716817069,3574.42878670855
forecast_4599,2025-07-11 15:00:00,3888.0001544952393,5007.313499455434,3321.0941708715936
forecast_4600,2025-07-11 16:00:00,3888.0001544952393,4678.3503003296255,3138.007621091993
forecast_4601,2025-07-11 17:00:00,3888.0001544952393,4595.482683465595,3150.2706480481565
forecast_4602,2025-07-11 18:00:00,6803.999948501587,5311.648580898112,3234.419518289195
forecast_4603,2025-07-11 19:00:00,6480.000257492065,5455.677981998154,3330.3613503588117
forecast_4604,2025-07-11 20:00:00,6480.000257492065,6209.09733862255,3611.468558086077
forecast_4605,2025-07-11 21:00:00,7451.9999742507935,6811.166615672775,3964.978522534851
forecast_4606,2025-07-11 22:00:00,7019.999742507935,7267.330135570104,4394.271337751537
forecast_4607,2025-07-11 23:00:00,7451.9999742507935,7392.169754267415,4400.187920558923
forecast_4608,2025-07-12 00:00:00,7019.999742507935,7160.828964659093,4379.716917320321
forecast_4609,2025-07-12 01:00:00,6155.99992275238,6588.145441290252,3596.330986623202
forecast_4610,2025-07-12 02:00:00,5723.9996910095215,6004.190859363438,3422.8271883534885
forecast_4611,2025-07-12 03:00:00,4644.00007724762,5183.796997866808,3327.974601625578
forecast_4612,2025-07-12 04:00:00,4211.999845504761,4951.210479958344,3147.2769746854806
forecast_4613,2025-07-12 05:00:00,4427.99996137619,4648.42942315969,2833.8045052829893
forecast_4614,2025-07-12 06:00:00,4320.000064373016,4229.455314186852,2676.760528669038
forecast_4615,2025-07-12 07:00:00,3888.0001544952393,3927.197524955489,2743.1001581411333
forecast_4616,2025-07-12 08:00:00,3888.0001544952393,3490.9044446795106,2529.689274070964
forecast_4617,2025-07-12 09:00:00,3888.0001544952393,3004.3769570192508,2289.122508284428
forecast_4618,2025-07-12 10:00:00,3455.9999227523804,2554.2840373707213,2005.793358931569
forecast_4619,2025-07-12 11:00:00,3455.9999227523804,2293.007164345818,1815.5687242804227
forecast_4620,2025-07-12 12:00:00,3455.9999227523804,2162.223777869197,1835.672252792949
forecast_4621,2025-07-12 13:00:00,3455.9999227523804,2001.5395695823624,1822.905625360947
forecast_4622,2025-07-12 14:00:00,3672.00003862381,2151.669844745384,1943.202739659105
forecast_4623,2025-07-12 15:00:00,3455.9999227523804,2065.830709556799,1846.7261680250333
forecast_4624,2025-07-12 16:00:00,3455.9999227523804,2018.8877236192816,2153.6636557574247
forecast_4625,2025-07-12 17:00:00,3455.9999227523804,2145.337419455934,2062.139295359008
forecast_4626,2025-07-12 18:00:00,3888.0001544952393,2041.6971231990017,2420.6559773177537
forecast_4627,2025-07-12 19:00:00,3888.0001544952393,2406.9053294630176,2478.867011255835
forecast_4628,2025-07-12 20:00:00,3888.0001544952393,2519.957142137752,2560.675206144412
forecast_4629,2025-07-12 21:00:00,3888.0001544952393,3103.3055740718737,2934.76223991621
forecast_4630,2025-07-12 22:00:00,3888.0001544952393,3278.958470746423,3364.6955093385304
forecast_4631,2025-07-12 23:00:00,3888.0001544952393,3079.614393299223,3091.340984961481
forecast_4632,2025-07-13 00:00:00,3996.000051498413,3802.338385783958,3153.815177893659
forecast_4633,2025-07-13 01:00:00,4103.999948501587,3958.704144556422,3166.5774246315464
forecast_4634,2025-07-13 02:00:00,4211.999845504761,3960.536682797548,3404.1431984778314
forecast_4635,2025-07-13 03:00:00,3996.000051498413,3685.305543221341,3307.120565609529
forecast_4636,2025-07-13 04:00:00,3888.0001544952393,3165.184654252644,2966.8430301674293
forecast_4637,2025-07-13 05:00:00,3888.0001544952393,3072.784712827588,2950.9152381374843
forecast_4638,2025-07-13 06:00:00,3888.0001544952393,2929.134880228771,2774.9737986161826
forecast_4639,2025-07-13 07:00:00,3888.0001544952393,3060.4896753011503,2937.7595521004496
forecast_4640,2025-07-13 08:00:00,3455.9999227523804,2731.9761537435074,2750.938468997205
forecast_4641,2025-07-13 09:00:00,3779.9999356269836,2680.789893351174,2585.4674172867394
forecast_4642,2025-07-13 10:00:00,3455.9999227523804,2720.50566931658,2560.3467976422257
forecast_4643,2025-07-13 11:00:00,3779.9999356269836,2720.8779824549724,2187.6995845913984
forecast_4644,2025-07-13 12:00:00,3779.9999356269836,2408.747028242744,2431.9607169733586
forecast_4645,2025-07-13 13:00:00,3779.9999356269836,2468.2253901923305,2057.095536167443
forecast_4646,2025-07-13 14:00:00,3779.9999356269836,2596.666941705337,2493.8049944625827
forecast_4647,2025-07-13 15:00:00,3779.9999356269836,2580.64847342205,2069.3389548584023
forecast_4648,2025-07-13 16:00:00,3888.0001544952393,2559.670238781353,1940.507317640352
forecast_4649,2025-07-13 17:00:00,3888.0001544952393,3048.931066938222,2707.8006490509656
forecast_4650,2025-07-13 18:00:00,3996.000051498413,3259.599920288892,2545.9362769809327
forecast_4651,2025-07-13 19:00:00,4211.999845504761,4260.534622554114,3501.282366050736
forecast_4652,2025-07-13 20:00:00,4211.999845504761,4274.041561761314,3500.0061956205373
forecast_4653,2025-07-13 21:00:00,3888.0001544952393,3837.51948671324,2665.989146991681
forecast_4654,2025-07-13 22:00:00,3888.0001544952393,4487.478608164149,4499.143213323493
forecast_4655,2025-07-13 23:00:00,3888.0001544952393,5138.841027515237,3986.751419162551
forecast_4656,2025-07-14 00:00:00,4320.000064373016,5582.421861991307,5150.547774857807
forecast_4657,2025-07-14 01:00:00,4320.000064373016,6723.863389364373,6391.235602986772
forecast_4658,2025-07-14 02:00:00,4320.000064373016,5689.8547394392,5030.999153437196
forecast_4659,2025-07-14 03:00:00,5832.000231742859,8104.031455306698,6871.47876996932
forecast_4660,2025-07-14 04:00:00,4320.000064373016,6293.661291457044,5351.219476763863
forecast_4661,2025-07-14 05:00:00,5615.999794006348,6100.007729571142,5104.105849434971
forecast_4662,2025-07-14 06:00:00,6048.0000257492065,6027.119446071746,4776.550695591967
forecast_4663,2025-07-14 07:00:00,4320.000064373016,6314.180518092292,4977.159332220765
forecast_4664,2025-07-14 08:00:00,5615.999794006348,6195.738603541952,4894.4317431959125
forecast_4665,2025-07-14 09:00:00,5723.9996910095215,6615.6921458186,5250.021438537069
forecast_4666,2025-07-14 10:00:00,4320.000064373016,6369.961297464031,4668.722380856002
forecast_4667,2025-07-14 11:00:00,5723.9996910095215,6342.41127313297,4863.567114799012
forecast_4668,2025-07-14 12:00:00,4320.000064373016,6011.077852632974,4921.671041064035
forecast_4669,2025-07-14 13:00:00,4320.000064373016,6321.2076872251255,5310.901225907707
forecast_4670,2025-07-14 14:00:00,4320.000064373016,6571.071455838809,5196.212570063381
forecast_4671,2025-07-14 15:00:00,4320.000064373016,6687.274895140048,5248.435696070388
forecast_4672,2025-07-14 16:00:00,6480.000257492065,6296.947275931533,6064.87194788668
forecast_4673,2025-07-14 17:00:00,6911.999845504761,6187.0613279035115,5183.089889421373
forecast_4674,2025-07-14 18:00:00,5723.9996910095215,6351.8805802701645,5526.579238675909
forecast_4675,2025-07-14 19:00:00,6048.0000257492065,6892.818268353947,5327.677137775338
forecast_4676,2025-07-14 20:00:00,6263.999819755554,7136.303422261393,5378.639103038154
forecast_4677,2025-07-14 21:00:00,5832.000231742859,7723.193535254158,5730.547653915952
forecast_4678,2025-07-14 22:00:00,5832.000231742859,7667.874719392821,5592.657944200517
forecast_4679,2025-07-14 23:00:00,4644.00007724762,7548.79987814548,6014.303807903815
forecast_4680,2025-07-15 00:00:00,5940.000128746033,7463.713934570966,6358.1957754702125
forecast_4681,2025-07-15 01:00:00,13068.000411987305,10366.572990763783,9352.915119783604
forecast_4682,2025-07-15 02:00:00,13392.000102996826,10175.166699083062,9991.529666412054
forecast_4683,2025-07-15 03:00:00,13068.000411987305,9758.49517222386,9259.19179964122
forecast_4684,2025-07-15 04:00:00,13500.0,10820.197215224844,9273.961583181175
forecast_4685,2025-07-15 05:00:00,13500.0,11229.994414471084,9077.259034401435
forecast_4686,2025-07-15 06:00:00,13500.0,11021.17151655582,8557.85411834683
forecast_4687,2025-07-15 07:00:00,7451.9999742507935,9218.932511200208,7400.575486726422
forecast_4688,2025-07-15 08:00:00,6048.0000257492065,7772.159769385411,6523.301552293195
forecast_4689,2025-07-15 09:00:00,9396.000051498413,7417.870450319632,7599.006127724475
forecast_4690,2025-07-15 10:00:00,5400.0,5999.5383662843215,5385.771415313488
forecast_4691,2025-07-15 11:00:00,4320.000064373016,5616.755844248399,4946.943092897602
forecast_4692,2025-07-15 12:00:00,3888.0001544952393,5337.218534654089,4629.08930579238
forecast_4693,2025-07-15 13:00:00,3996.000051498413,4751.764471526715,4106.568119518968
forecast_4694,2025-07-15 14:00:00,3888.0001544952393,5124.15626740151,4323.824323063552
forecast_4695,2025-07-15 15:00:00,3888.0001544952393,5699.708951906102,4654.200139460128
forecast_4696,2025-07-15 16:00:00,4968.000090122223,5440.896522348457,4676.95552278054
forecast_4697,2025-07-15 17:00:00,3888.0001544952393,5228.037665877637,5162.717503780329
forecast_4698,2025-07-15 18:00:00,3888.0001544952393,5510.302641923351,4763.3065063093945
forecast_4699,2025-07-15 19:00:00,3888.0001544952393,5139.528344088572,4776.662710623527
forecast_4700,2025-07-15 20:00:00,3888.0001544952393,5352.6454192569945,4653.517231443139
forecast_4701,2025-07-15 21:00:00,6588.000154495239,6414.460068189356,3880.325167614905
forecast_4702,2025-07-15 22:00:00,5832.000231742859,5967.591868260397,4021.0431838511527
forecast_4703,2025-07-15 23:00:00,6480.000257492065,6664.660535819486,4195.009337985557
forecast_4704,2025-07-16 00:00:00,6155.99992275238,8476.498496727856,4672.17360769599
forecast_4705,2025-07-16 01:00:00,13068.000411987305,12563.936024352057,8429.144614906741
forecast_4706,2025-07-16 02:00:00,14472.000360488892,13637.187704530092,10911.411504669855
forecast_4707,2025-07-16 03:00:00,15660.00051498413,14057.304412242273,12255.848231140264
forecast_4708,2025-07-16 04:00:00,16307.999897003174,14677.42090931232,12880.128470274589
forecast_4709,2025-07-16 05:00:00,15660.00051498413,13948.046744752208,12252.058002685231
forecast_4710,2025-07-16 06:00:00,15660.00051498413,13062.573451336588,11481.469863165512
forecast_4711,2025-07-16 07:00:00,13823.999691009521,11490.343140647636,9526.373975550943
forecast_4712,2025-07-16 08:00:00,11231.999588012695,10616.903928059011,9056.096532948042
forecast_4713,2025-07-16 09:00:00,9828.000283241272,8384.197460809815,6612.720618894051
forecast_4714,2025-07-16 10:00:00,10259.999871253967,8043.034529964445,6671.857896016715
forecast_4715,2025-07-16 11:00:00,5723.9996910095215,6981.0936029326585,5744.885810317503
forecast_4716,2025-07-16 12:00:00,5615.999794006348,6126.798260636265,4393.942959653984
forecast_4717,2025-07-16 13:00:00,5615.999794006348,6299.169242233605,4672.940643241866
forecast_4718,2025-07-16 14:00:00,4211.999845504761,4739.556525140772,3111.94292241945
forecast_4719,2025-07-16 15:00:00,3888.0001544952393,4601.168918555677,3020.2262355413586
forecast_4720,2025-07-16 16:00:00,4427.99996137619,5215.604451562329,3781.7354513384457
forecast_4721,2025-07-16 17:00:00,4320.000064373016,5365.939980704879,3813.539536280673
forecast_4722,2025-07-16 18:00:00,4320.000064373016,5620.684959471229,4059.5230696033295
forecast_4723,2025-07-16 19:00:00,5075.999987125397,7559.202235489443,4507.6996763720135
forecast_4724,2025-07-16 20:00:00,4211.999845504761,7244.382150089706,4511.373711362133
forecast_4725,2025-07-16 21:00:00,5940.000128746033,8334.558272774959,4710.602971485437
forecast_4726,2025-07-16 22:00:00,7992.000102996826,9855.78286314943,5696.701092898273
forecast_4727,2025-07-16 23:00:00,10151.999974250793,12156.411066646884,7821.778275728954
forecast_4728,2025-07-17 00:00:00,12096.000051498413,12387.810853558003,9848.902259948414
forecast_4729,2025-07-17 01:00:00,14364.000463485718,14017.591831605912,11196.717447811348
forecast_4730,2025-07-17 02:00:00,14472.000360488892,14660.136962500155,11463.800230308392
forecast_4731,2025-07-17 03:00:00,14472.000360488892,14327.698703733757,10908.609730407394
forecast_4732,2025-07-17 04:00:00,14256.000566482544,14002.483039053615,10739.459196010515
forecast_4733,2025-07-17 05:00:00,14256.000566482544,14618.72819597275,10556.350989003007
forecast_4734,2025-07-17 06:00:00,10476.000308990479,14093.47106911949,9973.462083934452
forecast_4735,2025-07-17 07:00:00,14472.000360488892,14624.4305136781,11556.357043021311
forecast_4736,2025-07-17 08:00:00,14580.000257492065,13902.469247025903,11142.025191794204
forecast_4737,2025-07-17 09:00:00,14039.99948501587,13988.7708822716,11890.009074688018
forecast_4738,2025-07-17 10:00:00,13823.999691009521,14062.31533738753,12790.43765298986
forecast_4739,2025-07-17 11:00:00,12096.000051498413,14027.223101810854,11664.844145664498
forecast_4740,2025-07-17 12:00:00,10151.999974250793,13274.340004141734,9230.911711281704
forecast_4741,2025-07-17 13:00:00,11664.000463485718,13486.997521290848,11038.983731160935
forecast_4742,2025-07-17 14:00:00,12852.000617980957,12819.002326680717,11063.000253654063
forecast_4743,2025-07-17 15:00:00,11772.000360488892,11337.71801593936,9345.922049523462
forecast_4744,2025-07-17 16:00:00,10151.999974250793,9893.230328851148,7235.542578262344
forecast_4745,2025-07-17 17:00:00,7451.9999742507935,9697.875316306468,7570.521875750706
forecast_4746,2025-07-17 18:00:00,7451.9999742507935,9786.032775372976,7248.955639953947
forecast_4747,2025-07-17 19:00:00,7992.000102996826,9828.796437274084,6670.585997849458
forecast_4748,2025-07-17 20:00:00,7992.000102996826,9470.448748972529,6473.560488894423
forecast_4749,2025-07-17 21:00:00,12203.999948501587,12007.82711810928,7927.779816655184
forecast_4750,2025-07-17 22:00:00,7992.000102996826,9766.981028210132,6621.206679457946
forecast_4751,2025-07-17 23:00:00,12743.999433517456,11198.62643792511,7320.43597723445
forecast_4752,2025-07-18 00:00:00,12311.99984550476,12270.497149951649,8465.229878506874
forecast_4753,2025-07-18 01:00:00,14472.000360488892,14477.3330141692,11143.642533133769
forecast_4754,2025-07-18 02:00:00,12527.999639511108,13025.081955504098,9903.692494304552
forecast_4755,2025-07-18 03:00:00,12960.00051498413,13997.22455298622,11145.601149974103
forecast_4756,2025-07-18 04:00:00,13931.999588012695,12638.126872270654,8371.897628839033
forecast_4757,2025-07-18 05:00:00,10259.999871253967,13288.247833545574,9224.100336147576
forecast_4758,2025-07-18 06:00:00,10044.00007724762,11643.76604811891,8906.856928996556
forecast_4759,2025-07-18 07:00:00,10476.000308990479,11965.06781921853,9178.723231142952
forecast_4760,2025-07-18 08:00:00,7451.9999742507935,11046.805728421465,7614.77764637039
forecast_4761,2025-07-18 09:00:00,10476.000308990479,11624.131070536136,8758.376948667576
forecast_4762,2025-07-18 10:00:00,7884.000205993652,9135.978661141784,7220.3312392039215
forecast_4763,2025-07-18 11:00:00,6696.000051498413,5938.422468653109,4699.972340803024
forecast_4764,2025-07-18 12:00:00,3996.000051498413,4400.8501378620085,3496.394635669205
forecast_4765,2025-07-18 13:00:00,3996.000051498413,3850.570164378047,3748.273736897243
forecast_4766,2025-07-18 14:00:00,4320.000064373016,4457.048218343908,3666.3692010624736
forecast_4767,2025-07-18 15:00:00,4320.000064373016,5810.990360077658,4244.97396179806
forecast_4768,2025-07-18 16:00:00,4320.000064373016,5401.551135272463,3871.0250454589295
forecast_4769,2025-07-18 17:00:00,6803.999948501587,6448.152468055279,4788.061662626216
forecast_4770,2025-07-18 18:00:00,7451.9999742507935,7415.1240953111965,4665.19927139994
forecast_4771,2025-07-18 19:00:00,5615.999794006348,8018.522996296007,4752.409195883652
forecast_4772,2025-07-18 20:00:00,6803.999948501587,8427.236082699199,5647.479123370608
forecast_4773,2025-07-18 21:00:00,7992.000102996826,9294.108461865482,6193.242085053284
forecast_4774,2025-07-18 22:00:00,10151.999974250793,10848.4457275782,7077.427386333547
forecast_4775,2025-07-18 23:00:00,10044.00007724762,10987.722283250603,6964.194764988418
forecast_4776,2025-07-19 00:00:00,10044.00007724762,10832.349218919437,7313.852621639658
forecast_4777,2025-07-19 01:00:00,7992.000102996826,9014.532567978988,5746.557811062877
forecast_4778,2025-07-19 02:00:00,5940.000128746033,7537.841277556888,4754.5956787607
forecast_4779,2025-07-19 03:00:00,5940.000128746033,5746.975843424507,4487.647120745058
forecast_4780,2025-07-19 04:00:00,5940.000128746033,6030.612349685169,4552.134429677258
forecast_4781,2025-07-19 05:00:00,5832.000231742859,6133.084687547938,4493.26063919928
forecast_4782,2025-07-19 06:00:00,4320.000064373016,6412.37995876641,4584.985479279363
forecast_4783,2025-07-19 07:00:00,5940.000128746033,6728.198082185887,4300.4885121048255
forecast_4784,2025-07-19 08:00:00,6803.999948501587,7274.001384789572,4742.746040264178
forecast_4785,2025-07-19 09:00:00,5507.999897003174,6269.33355970778,4501.665628050279
forecast_4786,2025-07-19 10:00:00,7559.999871253967,8976.45482884094,5475.42771117129
forecast_4787,2025-07-19 11:00:00,7559.999871253967,10538.51431271023,7118.042445340676
forecast_4788,2025-07-19 12:00:00,8855.99992275238,11468.837258146,7357.732393985607
forecast_4789,2025-07-19 13:00:00,7451.9999742507935,10705.085608571424,7007.368923431666
forecast_4790,2025-07-19 14:00:00,10476.000308990479,11746.147460447151,9358.60398750852
forecast_4791,2025-07-19 15:00:00,11772.000360488892,11570.915093644904,8820.504382161427
forecast_4792,2025-07-19 16:00:00,11772.000360488892,12448.413509281783,10075.2830861703
forecast_4793,2025-07-19 17:00:00,13068.000411987305,11682.918248668087,9970.58435761798
forecast_4794,2025-07-19 18:00:00,13068.000411987305,11691.65321229344,9120.87214417999
forecast_4795,2025-07-19 19:00:00,12203.999948501587,12567.541376334602,8888.89175802041
forecast_4796,2025-07-19 20:00:00,12635.999536514282,12458.73911829987,9284.05805610562
forecast_4797,2025-07-19 21:00:00,12203.999948501587,13125.15962018464,9384.934319602684
forecast_4798,2025-07-19 22:00:00,14472.000360488892,13381.585684096752,11173.977580552795
forecast_4799,2025-07-19 23:00:00,10259.999871253967,11707.05756727228,8007.029075228403
forecast_4800,2025-07-20 00:00:00,10259.999871253967,12418.745744495622,7971.1935580872705
forecast_4801,2025-07-20 01:00:00,13068.000411987305,13389.48714832534,10438.626934127116
forecast_4802,2025-07-20 02:00:00,14039.99948501587,14372.185222024891,11619.290552243949
forecast_4803,2025-07-20 03:00:00,14039.99948501587,14357.059388970583,11969.816304892334
forecast_4804,2025-07-20 04:00:00,14039.99948501587,14248.017266719677,11767.107820513644
forecast_4805,2025-07-20 05:00:00,11772.000360488892,13415.741401485531,9686.564857221718
forecast_4806,2025-07-20 06:00:00,11772.000360488892,13266.684842066603,9583.630172269255
forecast_4807,2025-07-20 07:00:00,11772.000360488892,12651.053526416894,8901.340952858134
forecast_4808,2025-07-20 08:00:00,10044.00007724762,12315.011520924194,8486.254565592839
forecast_4809,2025-07-20 09:00:00,7992.000102996826,11597.766807608068,7548.76252875928
forecast_4810,2025-07-20 10:00:00,9828.000283241272,9104.890409339054,8447.85927400968
forecast_4811,2025-07-20 11:00:00,9396.000051498413,7191.58435716204,7230.629469730182
forecast_4812,2025-07-20 12:00:00,5615.999794006348,6277.278280520727,5118.650286511864
forecast_4813,2025-07-20 13:00:00,4320.000064373016,5435.904992569219,4351.632142565181
forecast_4814,2025-07-20 14:00:00,3888.0001544952393,4628.458055267746,3944.928124868391
forecast_4815,2025-07-20 15:00:00,3888.0001544952393,4733.462804148959,3804.9312028315753
forecast_4816,2025-07-20 16:00:00,3888.0001544952393,4668.60681889334,3438.5266090753908
forecast_4817,2025-07-20 17:00:00,3888.0001544952393,4687.890191938907,3470.271681392278
forecast_4818,2025-07-20 18:00:00,3888.0001544952393,4698.959293281476,3559.62202734349
forecast_4819,2025-07-20 19:00:00,4859.999871253967,6011.4167098772405,4314.092288712077
forecast_4820,2025-07-20 20:00:00,8855.99992275238,7436.467933914604,5142.596682709816
forecast_4821,2025-07-20 21:00:00,10259.999871253967,10291.477135230742,7128.470336707643
forecast_4822,2025-07-20 22:00:00,11231.999588012695,12316.957731592309,9498.005087506715
forecast_4823,2025-07-20 23:00:00,11231.999588012695,11548.566783540811,9204.618979415323
forecast_4824,2025-07-21 00:00:00,11556.000566482544,12176.592460745016,9730.06267846966
forecast_4825,2025-07-21 01:00:00,12743.999433517456,13044.468929159459,8103.310563001937
forecast_4826,2025-07-21 02:00:00,12527.999639511108,13741.626346932337,9471.96900145142
forecast_4827,2025-07-21 03:00:00,12852.000617980957,13450.259716091245,9831.926076005082
forecast_4828,2025-07-21 04:00:00,13607.999897003174,11945.288556153257,8013.131114690595
forecast_4829,2025-07-21 05:00:00,13500.0,11648.177044964346,7986.722918298327
forecast_4830,2025-07-21 06:00:00,11231.999588012695,10918.58683514554,7885.404002617287
forecast_4831,2025-07-21 07:00:00,13500.0,10697.312179356084,8167.55031778046
forecast_4832,2025-07-21 08:00:00,11339.99948501587,10584.38855185718,7774.135743802232
forecast_4833,2025-07-21 09:00:00,10476.000308990479,10317.44581400637,7388.856779864849
forecast_4834,2025-07-21 10:00:00,8855.99992275238,9207.808407811448,6130.914385127388
forecast_4835,2025-07-21 11:00:00,7344.00007724762,8537.923141087373,6306.075097915109
forecast_4836,2025-07-21 12:00:00,5615.999794006348,6184.314178928416,5161.856706502999
forecast_4837,2025-07-21 13:00:00,5615.999794006348,6346.61610243839,5654.855642652004
forecast_4838,2025-07-21 14:00:00,5615.999794006348,6918.005113821397,5229.901465228225
forecast_4839,2025-07-21 15:00:00,4751.9999742507935,5642.770618052688,4360.621968478029
forecast_4840,2025-07-21 16:00:00,4320.000064373016,5387.210758640828,4016.4932664734315
forecast_4841,2025-07-21 17:00:00,4859.999871253967,5863.335699794543,5133.287950492447
forecast_4842,2025-07-21 18:00:00,4859.999871253967,5999.341384107096,4538.665609769276
forecast_4843,2025-07-21 19:00:00,7776.0003089904785,7307.255109448521,6560.150425762063
forecast_4844,2025-07-21 20:00:00,11988.00015449524,8761.678920792056,7920.261133427368
forecast_4845,2025-07-21 21:00:00,13068.000411987305,11371.302631374392,9435.890780952584
forecast_4846,2025-07-21 22:00:00,15552.000617980957,14218.939358665148,11680.193889791
forecast_4847,2025-07-21 23:00:00,16307.999897003174,14938.238072909124,11943.646688080891
forecast_4848,2025-07-22 00:00:00,14580.000257492065,14605.853592462703,11567.296982366106
forecast_4849,2025-07-22 01:00:00,14256.000566482544,15147.455834411161,10997.328510380728
forecast_4850,2025-07-22 02:00:00,14688.00015449524,15600.7589660966,11803.5026087967
forecast_4851,2025-07-22 03:00:00,14688.00015449524,14883.242709257756,12106.983343633085
forecast_4852,2025-07-22 04:00:00,14688.00015449524,14873.20595489967,12646.869404206853
forecast_4853,2025-07-22 05:00:00,15660.00051498413,14378.890783391427,12877.37784411854
forecast_4854,2025-07-22 06:00:00,15335.999536514282,13878.047907308912,11922.94978073586
forecast_4855,2025-07-22 07:00:00,14688.00015449524,13605.718354159568,10567.415054503768
forecast_4856,2025-07-22 08:00:00,14039.99948501587,13055.64575223136,10085.68526547523
forecast_4857,2025-07-22 09:00:00,11988.00015449524,9060.067808259108,7621.442469068519
forecast_4858,2025-07-22 10:00:00,4320.000064373016,5780.435652012296,4883.960805720848
forecast_4859,2025-07-22 11:00:00,3888.0001544952393,3895.321780402026,4216.100968828235
forecast_4860,2025-07-22 12:00:00,3888.0001544952393,3101.016755621933,3312.448327051296
forecast_4861,2025-07-22 13:00:00,3888.0001544952393,2835.7588850342863,2966.423897458213
forecast_4862,2025-07-22 14:00:00,3888.0001544952393,2924.54430664092,2889.526306572419
forecast_4863,2025-07-22 15:00:00,3888.0001544952393,2773.6528149714186,3012.717314355167
forecast_4864,2025-07-22 16:00:00,3888.0001544952393,2884.626902063125,3259.1438115307424
forecast_4865,2025-07-22 17:00:00,3888.0001544952393,3025.0084514912774,3098.2552922121845
forecast_4866,2025-07-22 18:00:00,3888.0001544952393,2910.0922993088434,2811.162057476283
forecast_4867,2025-07-22 19:00:00,4211.999845504761,3870.487335951973,3117.014696678034
forecast_4868,2025-07-22 20:00:00,4427.99996137619,4871.1960265725465,4403.442000859765
forecast_4869,2025-07-22 21:00:00,5292.000102996826,5493.787503512147,5034.6235385895225
forecast_4870,2025-07-22 22:00:00,7559.999871253967,7125.15814400405,5904.694539268931
forecast_4871,2025-07-22 23:00:00,7559.999871253967,7545.506087730032,6240.947179140322
forecast_4872,2025-07-23 00:00:00,10044.00007724762,7471.288468905153,6299.828972546206
forecast_4873,2025-07-23 01:00:00,10044.00007724762,7441.274238875535,6739.061833114882
forecast_4874,2025-07-23 02:00:00,11664.000463485718,8402.924313385869,7537.696718294667
forecast_4875,2025-07-23 03:00:00,11664.000463485718,9153.870830335303,7932.3457774999715
forecast_4876,2025-07-23 04:00:00,11231.999588012695,9497.452711272495,7780.603310364547
forecast_4877,2025-07-23 05:00:00,11015.999794006348,8861.521378101566,5863.5888615494605
forecast_4878,2025-07-23 06:00:00,6263.999819755554,7015.018262795549,4896.831739678802
forecast_4879,2025-07-23 07:00:00,6048.0000257492065,5148.275161529194,4207.250436774021
forecast_4880,2025-07-23 08:00:00,4859.999871253967,3840.674987789189,3254.4216016598803
forecast_4881,2025-07-23 09:00:00,3888.0001544952393,3060.3269626716933,2868.6014996320014
forecast_4882,2025-07-23 10:00:00,3779.9999356269836,2323.654766408366,2394.464821080237
forecast_4883,2025-07-23 11:00:00,3779.9999356269836,2210.905102899323,2160.449157228889
forecast_4884,2025-07-23 12:00:00,3779.9999356269836,2075.758058972326,1901.6951033295368
forecast_4885,2025-07-23 13:00:00,3779.9999356269836,1892.569149391911,1943.6991804789488
forecast_4886,2025-07-23 14:00:00,3455.9999227523804,1931.5078738145,2066.00452855318
forecast_4887,2025-07-23 15:00:00,3888.0001544952393,2300.332747349838,2090.1146440018447
forecast_4888,2025-07-23 16:00:00,3779.9999356269836,2201.36390361658,2088.386186853706
forecast_4889,2025-07-23 17:00:00,3888.0001544952393,2562.2608492499253,2426.241429111019
forecast_4890,2025-07-23 18:00:00,3888.0001544952393,2578.483456807845,2385.4944465837343
forecast_4891,2025-07-23 19:00:00,3888.0001544952393,3254.5454825750394,3316.2396998510753
forecast_4892,2025-07-23 20:00:00,3888.0001544952393,3829.079385855501,3023.1739922414936
forecast_4893,2025-07-23 21:00:00,4211.999845504761,3935.7528564201116,3839.933001346112
forecast_4894,2025-07-23 22:00:00,4535.999858379364,4839.887184742382,4608.860900275949
forecast_4895,2025-07-23 23:00:00,4644.00007724762,5135.292244750412,4698.518223953271
forecast_4896,2025-07-24 00:00:00,4211.999845504761,5419.884210920358,4913.383726017857
forecast_4897,2025-07-24 01:00:00,4751.9999742507935,5399.140541949731,4493.671745544509
forecast_4898,2025-07-24 02:00:00,7128.000283241272,6564.603182803536,4968.372147869287
forecast_4899,2025-07-24 03:00:00,7667.999768257141,7678.898747112176,5678.091427318331
forecast_4900,2025-07-24 04:00:00,7667.999768257141,7847.771164755198,5861.874950248699
forecast_4901,2025-07-24 05:00:00,6263.999819755554,7376.125959678158,5403.668724458258
forecast_4902,2025-07-24 06:00:00,6155.99992275238,6316.668315762569,5140.402108031176
forecast_4903,2025-07-24 07:00:00,4751.9999742507935,4709.543492890935,4011.983921333976
forecast_4904,2025-07-24 08:00:00,3996.000051498413,3486.4689481693727,3162.500815233183
forecast_4905,2025-07-24 09:00:00,3455.9999227523804,2714.986488787216,2700.9426705887704
forecast_4906,2025-07-24 10:00:00,3455.9999227523804,2363.0976309326848,2191.149384167655
forecast_4907,2025-07-24 11:00:00,3779.9999356269836,2388.442597826911,2235.302695687583
forecast_4908,2025-07-24 12:00:00,3779.9999356269836,2330.773164876174,2117.6760713582903
forecast_4909,2025-07-24 13:00:00,3779.9999356269836,2274.119248198147,2097.3760560841806
forecast_4910,2025-07-24 14:00:00,3779.9999356269836,2200.881888717329,2446.80471850364
forecast_4911,2025-07-24 15:00:00,3779.9999356269836,2494.81928291832,2233.127174947734
forecast_4912,2025-07-24 16:00:00,3888.0001544952393,2528.7998022258785,2368.8424537024025
forecast_4913,2025-07-24 17:00:00,3779.9999356269836,2453.254675707539,2545.676363907121
forecast_4914,2025-07-24 18:00:00,3779.9999356269836,2238.912650748287,2562.8481950015503
forecast_4915,2025-07-24 19:00:00,3888.0001544952393,2721.974803681377,2982.335855195921
forecast_4916,2025-07-24 20:00:00,3888.0001544952393,2876.0663873841986,2809.1188412692522
forecast_4917,2025-07-24 21:00:00,3888.0001544952393,2795.0919163766994,2978.64597114829
forecast_4918,2025-07-24 22:00:00,3888.0001544952393,3109.0174826462985,3220.859940839261
forecast_4919,2025-07-24 23:00:00,3888.0001544952393,3508.618110860792,3345.753470117462
forecast_4920,2025-07-25 00:00:00,3888.0001544952393,3624.552746406067,3167.3835502182064
forecast_4921,2025-07-25 01:00:00,3888.0001544952393,4031.650960061749,3314.7353923497794
forecast_4922,2025-07-25 02:00:00,4103.999948501587,4218.433291720548,3620.908520096902
forecast_4923,2025-07-25 03:00:00,4211.999845504761,4415.921076772532,3982.941338150064
forecast_4924,2025-07-25 04:00:00,4427.99996137619,4247.05743205501,4141.21043954757
forecast_4925,2025-07-25 05:00:00,4320.000064373016,4331.142100207122,4202.281194183297
forecast_4926,2025-07-25 06:00:00,4427.99996137619,4153.251924697336,4158.174381888631
forecast_4927,2025-07-25 07:00:00,3888.0001544952393,3863.473823316712,3788.396679965678
forecast_4928,2025-07-25 08:00:00,3779.9999356269836,3589.35563159356,3159.9255393648896
forecast_4929,2025-07-25 09:00:00,3779.9999356269836,3018.1413515567906,2637.5372180176773
forecast_4930,2025-07-25 10:00:00,3348.0000257492065,2513.626020313467,2386.652438978959
forecast_4931,2025-07-25 11:00:00,3779.9999356269836,2451.1782341731487,2232.8212770991227
forecast_4932,2025-07-25 12:00:00,3455.9999227523804,2229.7304146213182,2258.665828891947
forecast_4933,2025-07-25 13:00:00,2700.0,2125.2044198988538,2303.1930038018527
forecast_4934,2025-07-25 14:00:00,3779.9999356269836,2197.029033476973,2422.2648212761264
forecast_4935,2025-07-25 15:00:00,3455.9999227523804,2340.07657797554,2384.108182955324
forecast_4936,2025-07-25 16:00:00,3455.9999227523804,2199.784228165682,2478.383764384545
forecast_4937,2025-07-25 17:00:00,3455.9999227523804,2276.5504574876504,2073.58888902126
forecast_4938,2025-07-25 18:00:00,3888.0001544952393,2494.353955525931,2477.4233578019807
forecast_4939,2025-07-25 19:00:00,3888.0001544952393,2873.267808564445,2989.1897246506255
forecast_4940,2025-07-25 20:00:00,3888.0001544952393,3342.7581451345263,3054.631199195256
forecast_4941,2025-07-25 21:00:00,3888.0001544952393,3801.640527242517,3302.556432608626
forecast_4942,2025-07-25 22:00:00,4103.999948501587,4093.9326831008607,3934.207598151601
forecast_4943,2025-07-25 23:00:00,4211.999845504761,4550.928820241441,4003.6458282420585
forecast_4944,2025-07-26 00:00:00,4535.999858379364,5116.430570803535,4072.496874652845
forecast_4945,2025-07-26 01:00:00,8748.000025749207,7538.668361222206,6171.065676386992
forecast_4946,2025-07-26 02:00:00,7451.9999742507935,7042.006534430906,5448.023323396018
forecast_4947,2025-07-26 03:00:00,7451.9999742507935,6809.548699649934,6002.891082247247
forecast_4948,2025-07-26 04:00:00,6155.99992275238,5921.777217665594,5250.558460040791
forecast_4949,2025-07-26 05:00:00,4320.000064373016,5121.718717868155,4296.027075298591
forecast_4950,2025-07-26 06:00:00,3996.000051498413,3875.357160051855,3721.381231781228
forecast_4951,2025-07-26 07:00:00,3996.000051498413,3877.232476794797,3345.6311672642496
forecast_4952,2025-07-26 08:00:00,3888.0001544952393,3251.1261367957795,3067.6459938610806
forecast_4953,2025-07-26 09:00:00,3888.0001544952393,2735.009865998434,2780.977934730218
forecast_4954,2025-07-26 10:00:00,3888.0001544952393,2531.360585503093,2617.470079429656
forecast_4955,2025-07-26 11:00:00,3779.9999356269836,2524.073658915217,2787.4962965239047
forecast_4956,2025-07-26 12:00:00,3455.9999227523804,2292.289808124418,2679.425313456294
forecast_4957,2025-07-26 13:00:00,3779.9999356269836,2324.2587638793743,2581.6874248162617
forecast_4958,2025-07-26 14:00:00,3779.9999356269836,2122.268393572605,2542.25648810027
forecast_4959,2025-07-26 15:00:00,3455.9999227523804,2293.08699490624,2306.2011717969613
forecast_4960,2025-07-26 16:00:00,3779.9999356269836,2040.2293912708303,2551.831922913162
forecast_4961,2025-07-26 17:00:00,3779.9999356269836,2084.2663795517083,2723.760248326986
forecast_4962,2025-07-26 18:00:00,3348.0000257492065,2354.8033048363404,2713.11114958977
forecast_4963,2025-07-26 19:00:00,3888.0001544952393,2738.035182351075,2736.249423790496
forecast_4964,2025-07-26 20:00:00,3888.0001544952393,3296.104374811016,3030.6782942653617
forecast_4965,2025-07-26 21:00:00,3888.0001544952393,3710.823911482046,3240.701889872404
forecast_4966,2025-07-26 22:00:00,3996.000051498413,4203.43915155723,3886.446510066477
forecast_4967,2025-07-26 23:00:00,4103.999948501587,4606.572354403437,3951.529010784445
forecast_4968,2025-07-27 00:00:00,4751.9999742507935,5923.380641641968,5314.634077298093
forecast_4969,2025-07-27 01:00:00,9719.999742507935,9258.608636157054,7565.232801481932
forecast_4970,2025-07-27 02:00:00,8423.999691009521,8989.85768391137,7033.719105289704
forecast_4971,2025-07-27 03:00:00,7667.999768257141,8567.871853474498,6517.792910547121
forecast_4972,2025-07-27 04:00:00,7667.999768257141,7977.508346445019,5749.448724257359
forecast_4973,2025-07-27 05:00:00,7451.9999742507935,6897.648563154328,5497.249292027954
forecast_4974,2025-07-27 06:00:00,7559.999871253967,6409.093527056872,5127.730874372184
forecast_4975,2025-07-27 07:00:00,5832.000231742859,5201.694000765221,4787.629936065843
forecast_4976,2025-07-27 08:00:00,3888.0001544952393,3965.3164200902575,3792.4702006104
forecast_4977,2025-07-27 09:00:00,3888.0001544952393,3495.511775589997,3151.021263824252
forecast_4978,2025-07-27 10:00:00,3888.0001544952393,2867.420887161564,2964.1358702816697
forecast_4979,2025-07-27 11:00:00,3888.0001544952393,2697.227858930864,2791.124960206033
forecast_4980,2025-07-27 12:00:00,3888.0001544952393,2720.9341709300747,2571.854518894518
forecast_4981,2025-07-27 13:00:00,3888.0001544952393,2780.20356293196,2542.605347922368
forecast_4982,2025-07-27 14:00:00,3888.0001544952393,2746.979438997176,2454.008379569129
forecast_4983,2025-07-27 15:00:00,3888.0001544952393,2813.58253628378,2765.6420421887574
forecast_4984,2025-07-27 16:00:00,3888.0001544952393,2554.400475838183,2071.1122133642903
forecast_4985,2025-07-27 17:00:00,3888.0001544952393,2573.6167046305286,2475.817303989605
forecast_4986,2025-07-27 18:00:00,3888.0001544952393,2627.5774114079054,2712.326148196228
forecast_4987,2025-07-27 19:00:00,3888.0001544952393,3103.193648073708,2840.814578623607
forecast_4988,2025-07-27 20:00:00,4427.99996137619,3986.004858795674,3565.038123626532
forecast_4989,2025-07-27 21:00:00,4535.999858379364,4818.034827422608,4199.137962562038
forecast_4990,2025-07-27 22:00:00,4751.9999742507935,6498.583290803872,5383.615213430759
forecast_4991,2025-07-27 23:00:00,7451.9999742507935,7221.109976614693,6006.87491558899
forecast_4992,2025-07-28 00:00:00,8748.000025749207,8273.62722523885,7076.014425045575
forecast_4993,2025-07-28 01:00:00,10044.00007724762,9678.769597606415,8247.218372561827
forecast_4994,2025-07-28 02:00:00,11664.000463485718,9537.749383657256,8551.516489873591
forecast_4995,2025-07-28 03:00:00,11664.000463485718,9736.27022053691,8580.995590935852
forecast_4996,2025-07-28 04:00:00,11664.000463485718,9068.67711674224,7512.635886951004
forecast_4997,2025-07-28 05:00:00,11664.000463485718,8760.200298611782,7037.429146989151
forecast_4998,2025-07-28 06:00:00,6155.99992275238,6743.785247735017,5242.311192653454
forecast_4999,2025-07-28 07:00:00,4751.9999742507935,5215.990121454587,4466.513579783258
forecast_5000,2025-07-28 08:00:00,4751.9999742507935,4155.335198117471,3575.732047126578
forecast_5001,2025-07-28 09:00:00,3888.0001544952393,3138.103559758544,2999.219583773472
forecast_5002,2025-07-28 10:00:00,3779.9999356269836,2500.75567941985,2382.6152831470736
forecast_5003,2025-07-28 11:00:00,3779.9999356269836,2099.704927158754,2287.751594348854
forecast_5004,2025-07-28 12:00:00,3779.9999356269836,2237.1855057953485,2334.922194595283
forecast_5005,2025-07-28 13:00:00,3779.9999356269836,2288.791058067545,3087.078373609762
forecast_5006,2025-07-28 14:00:00,3779.9999356269836,2370.3224279010647,2583.223943451668
forecast_5007,2025-07-28 15:00:00,3455.9999227523804,2474.909077948635,2459.765911121329
forecast_5008,2025-07-28 16:00:00,3888.0001544952393,3217.1721618116867,3513.780179337041
forecast_5009,2025-07-28 17:00:00,3888.0001544952393,3440.1175993358124,3142.0817655415794
forecast_5010,2025-07-28 18:00:00,3888.0001544952393,3005.3897504399442,3575.5073286387724
forecast_5011,2025-07-28 19:00:00,3779.9999356269836,2876.988389077472,2734.9315383654475
forecast_5012,2025-07-28 20:00:00,3779.9999356269836,2899.698839944529,3067.8812123743714
forecast_5013,2025-07-28 21:00:00,3779.9999356269836,3136.747716736008,3486.524273552639
forecast_5014,2025-07-28 22:00:00,3888.0001544952393,3347.082629632632,3819.388786571641
forecast_5015,2025-07-28 23:00:00,3779.9999356269836,3130.195945109224,3474.6901896368827
forecast_5016,2025-07-29 00:00:00,3888.0001544952393,3202.523850377619,3188.107791189776
forecast_5017,2025-07-29 01:00:00,3888.0001544952393,3237.379275382993,3378.15635879768
forecast_5018,2025-07-29 02:00:00,4427.99996137619,3181.268237754492,3627.74602099749
forecast_5019,2025-07-29 03:00:00,3888.0001544952393,3494.460171663825,3770.607272069125
forecast_5020,2025-07-29 04:00:00,3888.0001544952393,3300.40618750243,3594.7769223463783
forecast_5021,2025-07-29 05:00:00,3888.0001544952393,3297.8963886349607,3071.9187075295854
forecast_5022,2025-07-29 06:00:00,3564.000141620636,2984.5512815184875,3021.422645004786
forecast_5023,2025-07-29 07:00:00,3564.000141620636,2911.4719647861966,2790.040667889331
forecast_5024,2025-07-29 08:00:00,3455.9999227523804,2714.026998115906,2325.015145684242
forecast_5025,2025-07-29 09:00:00,3240.0001287460327,2385.2876466167777,2015.5224163287853
forecast_5026,2025-07-29 10:00:00,3888.0001544952393,2388.456428377587,2371.375819717037
forecast_5027,2025-07-29 11:00:00,3888.0001544952393,2285.920310752271,2024.3300672357416
forecast_5028,2025-07-29 12:00:00,3888.0001544952393,2228.427833128925,2053.103521474375
forecast_5029,2025-07-29 13:00:00,3455.9999227523804,2347.261311522632,2103.323009638056
forecast_5030,2025-07-29 14:00:00,3888.0001544952393,2558.0572101527373,2557.115480717286
forecast_5031,2025-07-29 15:00:00,3455.9999227523804,2648.779504872741,2582.9460494497807
forecast_5032,2025-07-29 16:00:00,3888.0001544952393,2714.3218332387496,2803.9022021029928
forecast_5033,2025-07-29 17:00:00,3564.000141620636,2867.937108388011,2794.085093973188
forecast_5034,2025-07-29 18:00:00,3888.0001544952393,2658.024192572153,2357.121305655458
forecast_5035,2025-07-29 19:00:00,3888.0001544952393,2937.695442325952,2653.7916497197325
forecast_5036,2025-07-29 20:00:00,3888.0001544952393,2817.9868491928733,2975.781463969843
forecast_5037,2025-07-29 21:00:00,3888.0001544952393,3130.2251848176857,3265.8860940114805
forecast_5038,2025-07-29 22:00:00,3888.0001544952393,3732.604336720583,3602.534177724813
forecast_5039,2025-07-29 23:00:00,3888.0001544952393,3505.837196527325,3353.4078652858834
forecast_5040,2025-07-30 00:00:00,3888.0001544952393,3285.3187660536887,3854.798810343287
forecast_5041,2025-07-30 01:00:00,3888.0001544952393,3134.430637215922,3378.1973637798137
forecast_5042,2025-07-30 02:00:00,3996.000051498413,3393.203070494039,3379.17482869738
forecast_5043,2025-07-30 03:00:00,3996.000051498413,3385.7691592313217,3148.543482775631
forecast_5044,2025-07-30 04:00:00,3888.0001544952393,3232.6412930231804,3062.7464147412534
forecast_5045,2025-07-30 05:00:00,3888.0001544952393,3040.9703537729283,2936.5202087830535
forecast_5046,2025-07-30 06:00:00,3888.0001544952393,3062.512064788786,2978.0618247602984
forecast_5047,2025-07-30 07:00:00,3779.9999356269836,2846.8399823964264,2422.38426070054
forecast_5048,2025-07-30 08:00:00,3455.9999227523804,2662.6798409386524,2355.5365329988085
forecast_5049,2025-07-30 09:00:00,3779.9999356269836,2592.9719783197665,2486.2718521120046
forecast_5050,2025-07-30 10:00:00,4211.999845504761,2293.20072512862,2396.3923688660625
forecast_5051,2025-07-30 11:00:00,4211.999845504761,2279.2213711014274,2289.7330988812014
forecast_5052,2025-07-30 12:00:00,3888.0001544952393,2426.449545439687,2592.4155883337967
forecast_5053,2025-07-30 13:00:00,3888.0001544952393,2684.3505760770367,2450.8588146179177
forecast_5054,2025-07-30 14:00:00,3888.0001544952393,2627.784719312512,2490.152617891013
forecast_5055,2025-07-30 15:00:00,3888.0001544952393,2654.1204894916787,2227.301520136649
forecast_5056,2025-07-30 16:00:00,3888.0001544952393,2451.278745157497,2259.5069091382343
forecast_5057,2025-07-30 17:00:00,3888.0001544952393,2506.109915000161,2391.438566345082
forecast_5058,2025-07-30 18:00:00,3888.0001544952393,2369.428998935651,2595.3508568328944
forecast_5059,2025-07-30 19:00:00,3888.0001544952393,2680.123808670916,2726.606151642128
forecast_5060,2025-07-30 20:00:00,3888.0001544952393,2850.5106973122524,2911.1929049760947
forecast_5061,2025-07-30 21:00:00,3888.0001544952393,2895.922584474654,2769.959082668469
forecast_5062,2025-07-30 22:00:00,3888.0001544952393,2964.870910359195,2919.993568424517
forecast_5063,2025-07-30 23:00:00,3888.0001544952393,3181.539960666821,2829.7775537646007
forecast_5064,2025-07-31 00:00:00,3888.0001544952393,3132.158487885913,2800.393426463185
forecast_5065,2025-07-31 01:00:00,3888.0001544952393,3472.491082332918,3239.0321681493983
forecast_5066,2025-07-31 02:00:00,3888.0001544952393,3607.572468900658,3303.544962859974
forecast_5067,2025-07-31 03:00:00,3996.000051498413,4336.80522059521,3320.572504018223
forecast_5068,2025-07-31 04:00:00,5832.000231742859,4797.918979393527,3509.4820898497364
forecast_5069,2025-07-31 05:00:00,4427.99996137619,5376.970862943473,3858.181778071498
forecast_5070,2025-07-31 06:00:00,3888.0001544952393,4162.06040447341,3685.279168236646
forecast_5071,2025-07-31 07:00:00,3888.0001544952393,3818.271822064137,3486.1615930554967
forecast_5072,2025-07-31 08:00:00,3888.0001544952393,3652.301903712809,3635.8431569041973
forecast_5073,2025-07-31 09:00:00,3779.9999356269836,3447.6166583798336,3483.3951229683234
forecast_5074,2025-07-31 10:00:00,3564.000141620636,2971.9007096261375,3027.988026785479
forecast_5075,2025-07-31 11:00:00,3672.00003862381,2760.5037568086054,2940.8896328760684
forecast_5076,2025-07-31 12:00:00,3672.00003862381,2520.630144244309,2591.696730548339
forecast_5077,2025-07-31 13:00:00,3888.0001544952393,2548.1366441227005,2636.785979821052
forecast_5078,2025-07-31 14:00:00,3888.0001544952393,2532.9798043538667,2582.8652446229908
forecast_5079,2025-07-31 15:00:00,3888.0001544952393,2731.511132168405,2599.55531140672
forecast_5080,2025-07-31 16:00:00,3888.0001544952393,2667.365183019744,2787.840409311056
forecast_5081,2025-07-31 17:00:00,3888.0001544952393,2558.719948030737,2856.0982089467875
forecast_5082,2025-07-31 18:00:00,3779.9999356269836,2344.4606047119746,2351.7241627536177
forecast_5083,2025-07-31 19:00:00,3888.0001544952393,2630.641073960379,2719.311491978325
forecast_5084,2025-07-31 20:00:00,3888.0001544952393,2846.0854531333766,3007.336158165302
forecast_5085,2025-07-31 21:00:00,3888.0001544952393,2719.452004669071,2912.123500330016
forecast_5086,2025-07-31 22:00:00,3888.0001544952393,2760.8083917392696,2777.160610721392
forecast_5087,2025-07-31 23:00:00,3779.9999356269836,2869.5240376814804,2567.767050428228
forecast_5088,2025-08-01 00:00:00,3779.9999356269836,2912.0563749200487,2723.3107388088406
forecast_5089,2025-08-01 01:00:00,3888.0001544952393,3110.97133604194,2629.9498660965305
forecast_5090,2025-08-01 02:00:00,3888.0001544952393,3221.460337219546,3135.4434896189823
forecast_5091,2025-08-01 03:00:00,3888.0001544952393,3291.644869216206,3000.830516854549
forecast_5092,2025-08-01 04:00:00,3888.0001544952393,3259.6048311872973,2919.701148462324
forecast_5093,2025-08-01 05:00:00,3888.0001544952393,2843.6443106618863,2511.327899926732
forecast_5094,2025-08-01 06:00:00,3455.9999227523804,2797.6944571575987,2618.236658371367
forecast_5095,2025-08-01 07:00:00,3455.9999227523804,2745.106676178279,2265.285787809818
forecast_5096,2025-08-01 08:00:00,3455.9999227523804,2551.3045082242807,2079.341251127706
forecast_5097,2025-08-01 09:00:00,3888.0001544952393,2395.412049413216,1994.6684851381576
forecast_5098,2025-08-01 10:00:00,3455.9999227523804,2206.298928892704,1829.5613435465643
forecast_5099,2025-08-01 11:00:00,3564.000141620636,2198.982645892956,1815.160001842983
forecast_5100,2025-08-01 12:00:00,3455.9999227523804,2116.187212920672,1877.0268651017848
forecast_5101,2025-08-01 13:00:00,3455.9999227523804,2290.803763946764,1775.4492434945892
forecast_5102,2025-08-01 14:00:00,3455.9999227523804,2251.179252252908,1959.8865138709184
forecast_5103,2025-08-01 15:00:00,3888.0001544952393,2263.6079485866458,2332.600951872959
forecast_5104,2025-08-01 16:00:00,3131.999909877777,2316.20072335148,2263.3219919914413
forecast_5105,2025-08-01 17:00:00,3564.000141620636,2391.038507972143,2381.5065373554394
forecast_5106,2025-08-01 18:00:00,3888.0001544952393,2360.3459608174103,2326.1843927080176
forecast_5107,2025-08-01 19:00:00,3888.0001544952393,2947.7852165125637,2885.505582202867
forecast_5108,2025-08-01 20:00:00,3888.0001544952393,3084.359211551378,2990.7123816120734
forecast_5109,2025-08-01 21:00:00,3888.0001544952393,3388.882653510332,3137.5233733430614
forecast_5110,2025-08-01 22:00:00,3779.9999356269836,3621.555176609446,3569.445247393023
forecast_5111,2025-08-01 23:00:00,3779.9999356269836,3260.3189992907483,3349.212070120923
forecast_5112,2025-08-02 00:00:00,3779.9999356269836,3323.993746502279,3390.226034938376
forecast_5113,2025-08-02 01:00:00,4751.9999742507935,4238.431654981274,3873.5066532222186
forecast_5114,2025-08-02 02:00:00,6155.99992275238,5093.852075673858,4380.285765986262
forecast_5115,2025-08-02 03:00:00,7019.999742507935,6584.125526827828,4861.276268369985
forecast_5116,2025-08-02 04:00:00,6155.99992275238,7360.26640325818,5428.470761756316
forecast_5117,2025-08-02 05:00:00,7559.999871253967,8261.20577670361,5641.605267344712
forecast_5118,2025-08-02 06:00:00,7559.999871253967,8422.99150034758,6041.722323815231
forecast_5119,2025-08-02 07:00:00,7559.999871253967,8414.006305340255,5957.649097707282
forecast_5120,2025-08-02 08:00:00,6155.99992275238,7158.08127822032,4735.167307497619
forecast_5121,2025-08-02 09:00:00,6155.99992275238,4935.934881768507,3998.774973477984
forecast_5122,2025-08-02 10:00:00,3888.0001544952393,3493.431959653561,3240.5129435959566
forecast_5123,2025-08-02 11:00:00,3888.0001544952393,2874.873710242857,2767.983861006144
forecast_5124,2025-08-02 12:00:00,3888.0001544952393,2694.227571716206,2765.138881102451
forecast_5125,2025-08-02 13:00:00,3888.0001544952393,2388.716533038318,2286.3683519973065
forecast_5126,2025-08-02 14:00:00,3888.0001544952393,2448.477679219792,2252.1382684069
forecast_5127,2025-08-02 15:00:00,3888.0001544952393,2411.61553676717,2763.499468632449
forecast_5128,2025-08-02 16:00:00,3779.9999356269836,2627.3240824880186,2375.6156654052697
forecast_5129,2025-08-02 17:00:00,3779.9999356269836,2181.021697831862,2728.187632670012
forecast_5130,2025-08-02 18:00:00,3779.9999356269836,2159.459478283124,2580.8641414138697
forecast_5131,2025-08-02 19:00:00,3888.0001544952393,2768.215711610067,2750.0875151669
forecast_5132,2025-08-02 20:00:00,3888.0001544952393,3272.927072736194,3040.512356639096
forecast_5133,2025-08-02 21:00:00,3888.0001544952393,3535.5659975982035,3541.935309107514
forecast_5134,2025-08-02 22:00:00,3996.000051498413,3706.9576304523857,3435.129512749111
forecast_5135,2025-08-02 23:00:00,3996.000051498413,3628.440817477253,3561.991120102244
forecast_5136,2025-08-03 00:00:00,4211.999845504761,4081.3718617719037,3641.240452376141
forecast_5137,2025-08-03 01:00:00,4103.999948501587,4407.66650106565,3973.731615100444
forecast_5138,2025-08-03 02:00:00,4751.9999742507935,4642.712810478841,3889.972575275708
forecast_5139,2025-08-03 03:00:00,4751.9999742507935,4431.538754520464,3669.213690138523
forecast_5140,2025-08-03 04:00:00,4427.99996137619,3647.3290342534,3508.2822494112925
forecast_5141,2025-08-03 05:00:00,4103.999948501587,3369.9157142466943,3294.3233927548376
forecast_5142,2025-08-03 06:00:00,3888.0001544952393,3192.8831184620285,3217.6212042523025
forecast_5143,2025-08-03 07:00:00,3779.9999356269836,3063.084264119511,2811.6281667720245
forecast_5144,2025-08-03 08:00:00,3455.9999227523804,2830.516604318188,2924.924644549835
forecast_5145,2025-08-03 09:00:00,3779.9999356269836,2732.1628334139727,2455.649963271328
forecast_5146,2025-08-03 10:00:00,3779.9999356269836,2614.5913170134268,2219.8581761573687
forecast_5147,2025-08-03 11:00:00,3888.0001544952393,2655.972751987191,2503.693264223962
forecast_5148,2025-08-03 12:00:00,3888.0001544952393,2636.62813521326,2410.903825593813
forecast_5149,2025-08-03 13:00:00,3888.0001544952393,2642.605990399634,2319.297337574052
forecast_5150,2025-08-03 14:00:00,3888.0001544952393,2934.27358703714,2937.324456144748
forecast_5151,2025-08-03 15:00:00,3996.000051498413,3382.827843677613,2790.824032034913
forecast_5152,2025-08-03 16:00:00,3888.0001544952393,3326.387475725706,2794.79574961346
forecast_5153,2025-08-03 17:00:00,3888.0001544952393,3454.8370167213825,2571.252094785862
forecast_5154,2025-08-03 18:00:00,3888.0001544952393,3323.00373609918,2769.487276477773
forecast_5155,2025-08-03 19:00:00,4427.99996137619,4404.982911286067,3715.891673164141
forecast_5156,2025-08-03 20:00:00,4427.99996137619,5103.900601406012,4223.126461465309
forecast_5157,2025-08-03 21:00:00,3888.0001544952393,4817.918534687483,3687.102935098645
forecast_5158,2025-08-03 22:00:00,4427.99996137619,4458.087336376225,4539.971403435055
forecast_5159,2025-08-03 23:00:00,5832.000231742859,5120.620546061891,4574.284497714442
forecast_5160,2025-08-04 00:00:00,5940.000128746033,6713.0123435736905,5264.20710388907
forecast_5161,2025-08-04 01:00:00,5507.999897003174,5592.080590620241,4206.726342359536
forecast_5162,2025-08-04 02:00:00,5615.999794006348,7708.795700861167,5510.301409295629
forecast_5163,2025-08-04 03:00:00,5940.000128746033,7063.044676282909,4765.455053749999
forecast_5164,2025-08-04 04:00:00,7776.0003089904785,9551.910511998316,5476.024819088541
forecast_5165,2025-08-04 05:00:00,9611.99984550476,9155.072541421348,5530.372609984942
forecast_5166,2025-08-04 06:00:00,6155.99992275238,8175.1485471575415,4788.928862180163
forecast_5167,2025-08-04 07:00:00,4859.999871253967,7403.043677654098,4268.512326150398
forecast_5168,2025-08-04 08:00:00,5832.000231742859,7885.141441570356,4958.851290949379
forecast_5169,2025-08-04 09:00:00,7559.999871253967,7708.687101499735,4603.015942412929
forecast_5170,2025-08-04 10:00:00,6155.99992275238,7903.138053245705,4581.366625010376
forecast_5171,2025-08-04 11:00:00,8207.999897003174,8901.827999896148,5164.58110825746
forecast_5172,2025-08-04 12:00:00,7344.00007724762,8940.171128905587,5625.8562872759685
forecast_5173,2025-08-04 13:00:00,5940.000128746033,6458.155588535024,4479.614599039829
forecast_5174,2025-08-04 14:00:00,4211.999845504761,5509.080530174006,4045.2360521231503
forecast_5175,2025-08-04 15:00:00,4211.999845504761,5571.712679264623,4541.991950601645
forecast_5176,2025-08-04 16:00:00,5723.9996910095215,6283.937308860386,4807.713963343534
forecast_5177,2025-08-04 17:00:00,5723.9996910095215,6166.4632769965765,4260.883310891414
forecast_5178,2025-08-04 18:00:00,6048.0000257492065,6959.335579084312,4810.287183344944
forecast_5179,2025-08-04 19:00:00,10259.999871253967,7262.1656885907005,5565.838859405606
forecast_5180,2025-08-04 20:00:00,6263.999819755554,7657.343153419047,5730.300338577031
forecast_5181,2025-08-04 21:00:00,10259.999871253967,8363.362860878387,6698.723559243905
forecast_5182,2025-08-04 22:00:00,10259.999871253967,8431.919449049683,7886.296507571262
forecast_5183,2025-08-04 23:00:00,11664.000463485718,8592.187904682538,7756.913416562575
forecast_5184,2025-08-05 00:00:00,11556.000566482544,8400.608735609258,8449.673759511377
forecast_5185,2025-08-05 01:00:00,9396.000051498413,7328.386024265384,4982.911535447051
forecast_5186,2025-08-05 02:00:00,5832.000231742859,5840.153803234245,4404.1189108569
forecast_5187,2025-08-05 03:00:00,4644.00007724762,5018.146943339002,4021.28754017194
forecast_5188,2025-08-05 04:00:00,5400.0,4840.110470018405,3410.462207125136
forecast_5189,2025-08-05 05:00:00,4427.99996137619,3930.556554234892,3346.9979095578665
forecast_5190,2025-08-05 06:00:00,3888.0001544952393,3382.6881858884303,3050.4193870790755
forecast_5191,2025-08-05 07:00:00,3888.0001544952393,3774.85964972068,3377.2705310224405
forecast_5192,2025-08-05 08:00:00,3888.0001544952393,3511.3157840851395,2901.227342732996
forecast_5193,2025-08-05 09:00:00,3888.0001544952393,3327.205105840774,2766.8306269538525
forecast_5194,2025-08-05 10:00:00,3888.0001544952393,3259.769950052449,2499.65239269442
forecast_5195,2025-08-05 11:00:00,3888.0001544952393,3503.4843782736243,2900.973407077191
forecast_5196,2025-08-05 12:00:00,3888.0001544952393,3785.675127588932,3140.430114002828
forecast_5197,2025-08-05 13:00:00,3888.0001544952393,3771.8719309796556,3140.589381904582
forecast_5198,2025-08-05 14:00:00,5615.999794006348,6036.425106328262,3778.0342315316807
forecast_5199,2025-08-05 15:00:00,6371.999716758728,6709.348553475447,6175.595974363734
forecast_5200,2025-08-05 16:00:00,10692.000102996826,7114.603625641017,5996.716281318365
forecast_5201,2025-08-05 17:00:00,10151.999974250793,7327.492932923215,6473.363230200244
forecast_5202,2025-08-05 18:00:00,9288.00015449524,6756.5209806556895,4669.974099758033
forecast_5203,2025-08-05 19:00:00,6696.000051498413,7395.246031148339,4293.456521670832
forecast_5204,2025-08-05 20:00:00,6263.999819755554,8404.987248164462,4956.403796502023
forecast_5205,2025-08-05 21:00:00,10044.00007724762,9966.374425202008,6061.547880134583
forecast_5206,2025-08-05 22:00:00,10044.00007724762,10900.647479805955,6296.387435183097
forecast_5207,2025-08-05 23:00:00,10151.999974250793,10720.734855570136,6274.208144118623
forecast_5208,2025-08-06 00:00:00,9071.999716758728,11013.222364989133,6195.778508021674
forecast_5209,2025-08-06 01:00:00,14472.000360488892,13906.608550155635,12452.971921232254
forecast_5210,2025-08-06 02:00:00,15552.000617980957,15033.082755187817,12699.689576375718
forecast_5211,2025-08-06 03:00:00,16092.000102996826,14467.881522622314,11959.610894671085
forecast_5212,2025-08-06 04:00:00,14039.99948501587,14168.517168704217,11205.346735499825
forecast_5213,2025-08-06 05:00:00,15660.00051498413,15195.987556372278,12090.028808805668
forecast_5214,2025-08-06 06:00:00,15768.000411987305,15836.61834845155,12112.964054907861
forecast_5215,2025-08-06 07:00:00,16092.000102996826,15989.373255441575,11854.533328958072
forecast_5216,2025-08-06 08:00:00,15876.000308990479,14280.952729715063,10928.881793212797
forecast_5217,2025-08-06 09:00:00,15984.000205993652,14697.371432517633,12012.814815762447
forecast_5218,2025-08-06 10:00:00,16092.000102996826,15171.30467184712,11850.04292098891
forecast_5219,2025-08-06 11:00:00,16092.000102996826,15491.480642297734,12146.422011278984
forecast_5220,2025-08-06 12:00:00,16092.000102996826,15913.762730100749,13031.649749775712
forecast_5221,2025-08-06 13:00:00,16092.000102996826,16615.8681732587,14252.328884872451
forecast_5222,2025-08-06 14:00:00,15768.000411987305,16626.288774319888,12899.643558189355
forecast_5223,2025-08-06 15:00:00,16092.000102996826,17152.771140459525,14103.824018456466
forecast_5224,2025-08-06 16:00:00,16092.000102996826,16207.531702255937,13509.714795703932
forecast_5225,2025-08-06 17:00:00,16092.000102996826,16849.030853143082,14326.363502979406
forecast_5226,2025-08-06 18:00:00,16092.000102996826,16997.357735977985,14304.136046261863
forecast_5227,2025-08-06 19:00:00,16092.000102996826,16793.803257102893,14617.53892319211
forecast_5228,2025-08-06 20:00:00,15660.00051498413,15639.265610437613,12628.833081453122
forecast_5229,2025-08-06 21:00:00,15660.00051498413,16292.62940566371,14027.20668060956
forecast_5230,2025-08-06 22:00:00,16092.000102996826,16764.44164675077,15507.545332741109
forecast_5231,2025-08-06 23:00:00,15660.00051498413,16724.356126471896,15792.015229923081
forecast_5232,2025-08-07 00:00:00,15660.00051498413,16941.558493135817,15686.125482301592
forecast_5233,2025-08-07 01:00:00,14580.000257492065,14514.015106009463,12388.14852333032
forecast_5234,2025-08-07 02:00:00,14580.000257492065,15772.387670193044,14079.265591272786
forecast_5235,2025-08-07 03:00:00,15119.999742507935,15808.69886880346,14319.764197109396
forecast_5236,2025-08-07 04:00:00,15011.99984550476,15647.8966952544,14250.63491310426
forecast_5237,2025-08-07 05:00:00,15011.99984550476,15488.71703261137,14457.898928142702
forecast_5238,2025-08-07 06:00:00,15011.99984550476,15039.07514447019,13809.563943733094
forecast_5239,2025-08-07 07:00:00,15011.99984550476,14121.261507276393,12263.038289528176
forecast_5240,2025-08-07 08:00:00,14147.999382019043,11865.579280732389,10660.396517366582
forecast_5241,2025-08-07 09:00:00,10476.000308990479,8408.235754687837,6681.375098574424
forecast_5242,2025-08-07 10:00:00,6371.999716758728,6128.293374708779,4682.755761813927
forecast_5243,2025-08-07 11:00:00,4211.999845504761,4037.835122815198,3418.0146993123312
forecast_5244,2025-08-07 12:00:00,3888.0001544952393,3353.8390027125542,3086.9719566959443
forecast_5245,2025-08-07 13:00:00,3888.0001544952393,3041.937695886588,2889.916843645782
forecast_5246,2025-08-07 14:00:00,3888.0001544952393,2765.8364128612275,3344.7558410551324
forecast_5247,2025-08-07 15:00:00,3888.0001544952393,2784.2712054205344,3231.103206474651
forecast_5248,2025-08-07 16:00:00,3888.0001544952393,2741.2305410853432,3358.750876010185
forecast_5249,2025-08-07 17:00:00,3888.0001544952393,2844.36654917317,2795.5741564371565
forecast_5250,2025-08-07 18:00:00,3888.0001544952393,2965.1315308617372,2836.7223875512886
forecast_5251,2025-08-07 19:00:00,3888.0001544952393,3242.689884778068,2928.818398620226
forecast_5252,2025-08-07 20:00:00,3888.0001544952393,3718.704568446723,3539.523119548297
forecast_5253,2025-08-07 21:00:00,3888.0001544952393,4176.783779661132,3948.755477232544
forecast_5254,2025-08-07 22:00:00,4644.00007724762,5546.989486030214,4242.842824569731
forecast_5255,2025-08-07 23:00:00,6588.000154495239,6343.327970875033,4479.270644112088
forecast_5256,2025-08-08 00:00:00,7451.9999742507935,7930.169982408795,6160.679253513807
forecast_5257,2025-08-08 01:00:00,6155.99992275238,7577.000711815813,5250.005096177006
forecast_5258,2025-08-08 02:00:00,7559.999871253967,8083.959169296864,5730.774743933053
forecast_5259,2025-08-08 03:00:00,6048.0000257492065,7859.765773064349,5086.932945378795
forecast_5260,2025-08-08 04:00:00,6048.0000257492065,5971.3815862886695,4304.903894611366
forecast_5261,2025-08-08 05:00:00,4751.9999742507935,4646.8116903289065,3617.8573754551785
forecast_5262,2025-08-08 06:00:00,3996.000051498413,3699.192808804589,3221.44412052542
forecast_5263,2025-08-08 07:00:00,3888.0001544952393,3501.669915582101,2912.2216702874443
forecast_5264,2025-08-08 08:00:00,3779.9999356269836,3098.263635171066,2839.547103836956
forecast_5265,2025-08-08 09:00:00,3348.0000257492065,3075.037782595572,2614.71279903642
forecast_5266,2025-08-08 10:00:00,3348.0000257492065,2769.9617024977347,2513.9822935315487
forecast_5267,2025-08-08 11:00:00,3455.9999227523804,2522.8227289610386,2450.209476937661
forecast_5268,2025-08-08 12:00:00,3348.0000257492065,2471.225713847475,2237.2395488654192
forecast_5269,2025-08-08 13:00:00,3888.0001544952393,2575.866796416083,2251.884136679293
forecast_5270,2025-08-08 14:00:00,3888.0001544952393,2990.735458604433,2715.294374743395
forecast_5271,2025-08-08 15:00:00,3888.0001544952393,3077.701805944634,3104.9047463601933
forecast_5272,2025-08-08 16:00:00,3888.0001544952393,3128.801554925246,2538.810044733789
forecast_5273,2025-08-08 17:00:00,3564.000141620636,3130.0705860612607,2798.025808020316
forecast_5274,2025-08-08 18:00:00,3779.9999356269836,2762.059755471721,2511.4018393902834
forecast_5275,2025-08-08 19:00:00,3779.9999356269836,2991.2845221089897,2424.890565169386
forecast_5276,2025-08-08 20:00:00,3779.9999356269836,3363.596219978489,3345.0477271107948
forecast_5277,2025-08-08 21:00:00,3779.9999356269836,3335.039838027384,3289.9540243439446
forecast_5278,2025-08-08 22:00:00,3888.0001544952393,3383.6023328020387,3488.400528707262
forecast_5279,2025-08-08 23:00:00,3888.0001544952393,3729.4911168817766,3441.755515293801
forecast_5280,2025-08-09 00:00:00,3888.0001544952393,3917.733136582771,3633.3577119761
forecast_5281,2025-08-09 01:00:00,3888.0001544952393,3344.918411207888,2861.7519110190888
forecast_5282,2025-08-09 02:00:00,3888.0001544952393,3896.2088039788127,3100.0714943145776
forecast_5283,2025-08-09 03:00:00,3888.0001544952393,4229.54369163509,3339.3968778267304
forecast_5284,2025-08-09 04:00:00,4427.99996137619,4487.9580840741055,3660.431939521584
forecast_5285,2025-08-09 05:00:00,4427.99996137619,4783.050547509864,3487.4094995109285
forecast_5286,2025-08-09 06:00:00,4427.99996137619,4254.4895334176745,3503.980950934685
forecast_5287,2025-08-09 07:00:00,3888.0001544952393,4229.91434553725,3579.755444423828
forecast_5288,2025-08-09 08:00:00,4427.99996137619,4287.7528044789415,3617.983954829412
forecast_5289,2025-08-09 09:00:00,3888.0001544952393,3723.388511298329,3323.197654616313
forecast_5290,2025-08-09 10:00:00,3888.0001544952393,3621.389837797554,3231.7529071907293
forecast_5291,2025-08-09 11:00:00,3888.0001544952393,3614.845733713449,2792.989380825355
forecast_5292,2025-08-09 12:00:00,3996.000051498413,3826.798763024489,2678.701693345736
forecast_5293,2025-08-09 13:00:00,3888.0001544952393,3711.385992231908,2550.128862171236
forecast_5294,2025-08-09 14:00:00,3888.0001544952393,3482.383696057649,2453.7471883581206
forecast_5295,2025-08-09 15:00:00,3779.9999356269836,3045.6362733887904,2609.724252795618
forecast_5296,2025-08-09 16:00:00,3888.0001544952393,2777.1324193102287,2597.225616869024
forecast_5297,2025-08-09 17:00:00,3888.0001544952393,3240.383260256569,2615.8830584196694
forecast_5298,2025-08-09 18:00:00,3888.0001544952393,3220.732810164535,2784.1023728658624
forecast_5299,2025-08-09 19:00:00,3888.0001544952393,3818.589202398071,2936.3300171203555
forecast_5300,2025-08-09 20:00:00,3888.0001544952393,3802.6363487826734,3595.648862004631
forecast_5301,2025-08-09 21:00:00,4103.999948501587,4290.64935544834,3881.652447540797
forecast_5302,2025-08-09 22:00:00,3888.0001544952393,4000.384552445517,3341.225347032391
forecast_5303,2025-08-09 23:00:00,3888.0001544952393,4168.610746096131,3109.181525732234
forecast_5304,2025-08-10 00:00:00,3888.0001544952393,3986.20988034984,3171.547861844604
forecast_5305,2025-08-10 01:00:00,3888.0001544952393,3189.808133187703,2809.125799169613
forecast_5306,2025-08-10 02:00:00,3888.0001544952393,2907.539462451356,2422.90658603332
forecast_5307,2025-08-10 03:00:00,3888.0001544952393,3020.782323624245,2418.970885437494
forecast_5308,2025-08-10 04:00:00,3888.0001544952393,3194.5564574967257,2278.5604018638783
forecast_5309,2025-08-10 05:00:00,3888.0001544952393,3077.300348556878,2293.7163573903736
forecast_5310,2025-08-10 06:00:00,3888.0001544952393,2974.328061764438,2420.227718432692
forecast_5311,2025-08-10 07:00:00,3888.0001544952393,3064.8951903707,2512.5125315398145
forecast_5312,2025-08-10 08:00:00,3564.000141620636,2993.951710063494,2413.1459904102235
forecast_5313,2025-08-10 09:00:00,3672.00003862381,2721.8717892601044,2313.9701404465263
forecast_5314,2025-08-10 10:00:00,3455.9999227523804,2471.0882393916004,2106.958261730353
forecast_5315,2025-08-10 11:00:00,3455.9999227523804,2583.435512051115,2440.6536451268503
forecast_5316,2025-08-10 12:00:00,3348.0000257492065,2623.882653721123,2534.223703972921
forecast_5317,2025-08-10 13:00:00,3348.0000257492065,2576.109204725771,2395.048975500096
forecast_5318,2025-08-10 14:00:00,3348.0000257492065,2660.800670784477,2267.76381399714
forecast_5319,2025-08-10 15:00:00,3348.0000257492065,2495.667666025817,2224.3285102219465
forecast_5320,2025-08-10 16:00:00,3348.0000257492065,2459.864120036341,2439.3585361973323
forecast_5321,2025-08-10 17:00:00,3779.9999356269836,2391.940381080168,2422.0165833116275
forecast_5322,2025-08-10 18:00:00,3455.9999227523804,2395.8931189748014,2748.908459659361
forecast_5323,2025-08-10 19:00:00,3240.0001287460327,2496.148727834055,2387.4417540583017
forecast_5324,2025-08-10 20:00:00,3455.9999227523804,2788.031669217106,3030.479876087763
forecast_5325,2025-08-10 21:00:00,3455.9999227523804,2899.7020715362714,2733.74423495074
forecast_5326,2025-08-10 22:00:00,3888.0001544952393,3219.4480943842264,3044.456743020027
forecast_5327,2025-08-10 23:00:00,3888.0001544952393,3325.6929226704506,3033.393795348248
forecast_5328,2025-08-11 00:00:00,3455.9999227523804,3191.2875511931006,2700.7177073001094
forecast_5329,2025-08-11 01:00:00,3672.00003862381,2795.126272738244,2343.584920964431
forecast_5330,2025-08-11 02:00:00,3779.9999356269836,2835.708638636733,2474.946066120275
forecast_5331,2025-08-11 03:00:00,3779.9999356269836,3191.3173873816672,2326.005639453499
forecast_5332,2025-08-11 04:00:00,3779.9999356269836,3011.6993854999832,2161.796155594593
forecast_5333,2025-08-11 05:00:00,3455.9999227523804,3116.632822023462,2267.950764498561
forecast_5334,2025-08-11 06:00:00,3672.00003862381,2961.721853820065,2313.220605217363
forecast_5335,2025-08-11 07:00:00,3672.00003862381,2754.8015650294074,2265.284337050561
forecast_5336,2025-08-11 08:00:00,3672.00003862381,2685.7908810668414,2274.6442658658966
forecast_5337,2025-08-11 09:00:00,3888.0001544952393,2779.62325455912,2330.7160737446025
forecast_5338,2025-08-11 10:00:00,3779.9999356269836,2535.36363155955,2242.4358935105784
forecast_5339,2025-08-11 11:00:00,3779.9999356269836,2448.145926970996,2188.931970542064
forecast_5340,2025-08-11 12:00:00,3779.9999356269836,2767.5338592858902,2140.933370972283
forecast_5341,2025-08-11 13:00:00,3888.0001544952393,2486.484086422984,2367.2449385283544
forecast_5342,2025-08-11 14:00:00,3888.0001544952393,2882.2817523103927,2344.016855326493
forecast_5343,2025-08-11 15:00:00,3888.0001544952393,2773.753476729477,2523.697174274987
forecast_5344,2025-08-11 16:00:00,3888.0001544952393,2713.7378732951106,2422.064177119646
forecast_5345,2025-08-11 17:00:00,3888.0001544952393,2657.874803217792,2234.347150649017
forecast_5346,2025-08-11 18:00:00,3888.0001544952393,2991.882461825636,2838.287995784777
forecast_5347,2025-08-11 19:00:00,3672.00003862381,3205.7181964789884,2913.8290922275564
forecast_5348,2025-08-11 20:00:00,3672.00003862381,3005.6156976645966,2853.2157669005464
forecast_5349,2025-08-11 21:00:00,3779.9999356269836,2920.481483950358,2895.62391118297
forecast_5350,2025-08-11 22:00:00,3888.0001544952393,3357.0269409178227,2868.5683645268687
forecast_5351,2025-08-11 23:00:00,3779.9999356269836,3334.5426050397737,3067.4503375577115
forecast_5352,2025-08-12 00:00:00,3564.000141620636,3126.51982986637,2764.4552397832467
forecast_5353,2025-08-12 01:00:00,3888.0001544952393,3231.009370096748,2812.395401018789
forecast_5354,2025-08-12 02:00:00,3888.0001544952393,3374.7911379310644,2670.9544756687023
forecast_5355,2025-08-12 03:00:00,3996.000051498413,4078.594465647696,2723.8989697985926
forecast_5356,2025-08-12 04:00:00,3888.0001544952393,3483.1494883647383,2540.782664412268
forecast_5357,2025-08-12 05:00:00,3888.0001544952393,3208.2435576226576,2443.001850677109
forecast_5358,2025-08-12 06:00:00,3888.0001544952393,3211.3752246215613,2500.3582017999875
forecast_5359,2025-08-12 07:00:00,3779.9999356269836,2866.8773815497066,2431.558675431332
forecast_5360,2025-08-12 08:00:00,3564.000141620636,2775.9155774383566,2257.817990603182
forecast_5361,2025-08-12 09:00:00,3672.00003862381,2512.8850022794727,2056.758000753069
forecast_5362,2025-08-12 10:00:00,3455.9999227523804,2513.878977507759,2128.012703803201
forecast_5363,2025-08-12 11:00:00,3455.9999227523804,2485.49899817232,2255.3202827162854
forecast_5364,2025-08-12 12:00:00,3455.9999227523804,2391.7146500887857,2148.758850554342
forecast_5365,2025-08-12 13:00:00,3455.9999227523804,2396.9615920020115,2190.720246183844
forecast_5366,2025-08-12 14:00:00,3888.0001544952393,2527.41319536938,2193.6580441901133
forecast_5367,2025-08-12 15:00:00,3888.0001544952393,2656.825150581596,2179.6446354662985
forecast_5368,2025-08-12 16:00:00,3888.0001544952393,2676.5890428197536,2434.2203617444065
forecast_5369,2025-08-12 17:00:00,3888.0001544952393,2939.3453718413075,2504.52271800942
forecast_5370,2025-08-12 18:00:00,3888.0001544952393,3013.180941448061,2608.958404258213
forecast_5371,2025-08-12 19:00:00,3888.0001544952393,3598.222865425873,2697.0842963081072
forecast_5372,2025-08-12 20:00:00,3888.0001544952393,3661.099480441009,2903.5441256127697
forecast_5373,2025-08-12 21:00:00,3888.0001544952393,4138.095748652931,3140.841803129172
forecast_5374,2025-08-12 22:00:00,3996.000051498413,4981.64229018892,3766.0490467943255
forecast_5375,2025-08-12 23:00:00,3888.0001544952393,4462.209645224138,2932.262958690072
forecast_5376,2025-08-13 00:00:00,4427.99996137619,6239.208800410528,4028.974341463688
forecast_5377,2025-08-13 01:00:00,4427.99996137619,4251.804411672831,3194.049421366582
forecast_5378,2025-08-13 02:00:00,4427.99996137619,4383.75111864907,3493.946640882242
forecast_5379,2025-08-13 03:00:00,5507.999897003174,4692.84422447632,3446.243433445337
forecast_5380,2025-08-13 04:00:00,4320.000064373016,4547.449661314356,3481.859570199192
forecast_5381,2025-08-13 05:00:00,4320.000064373016,4590.41907093797,3360.417827849249
forecast_5382,2025-08-13 06:00:00,4320.000064373016,5086.077040446336,3560.162455853332
forecast_5383,2025-08-13 07:00:00,4320.000064373016,5160.354797000436,3932.056931113559
forecast_5384,2025-08-13 08:00:00,4859.999871253967,6330.518641009873,4710.8070900200855
forecast_5385,2025-08-13 09:00:00,6155.99992275238,7585.224202662742,4908.714645917641
forecast_5386,2025-08-13 10:00:00,7451.9999742507935,9151.311185266672,6089.27486450074
forecast_5387,2025-08-13 11:00:00,7451.9999742507935,8963.898061628319,5908.203380885001
forecast_5388,2025-08-13 12:00:00,5507.999897003174,8243.67982222752,4768.274910969265
forecast_5389,2025-08-13 13:00:00,4320.000064373016,7393.72943831118,3970.5750666932568
forecast_5390,2025-08-13 14:00:00,4320.000064373016,8049.257563382401,4606.344987946737
forecast_5391,2025-08-13 15:00:00,7451.9999742507935,8605.770966028735,6596.525757388899
forecast_5392,2025-08-13 16:00:00,9719.999742507935,8467.675133972001,8389.563879895499
forecast_5393,2025-08-13 17:00:00,9180.000257492065,8542.529895524198,8599.131339319614
forecast_5394,2025-08-13 18:00:00,9180.000257492065,10465.349362657324,8945.61901886966
forecast_5395,2025-08-13 19:00:00,12096.000051498413,13510.908373236662,9744.988436523838
forecast_5396,2025-08-13 20:00:00,14580.000257492065,15187.797519924809,12589.342371268644
forecast_5397,2025-08-13 21:00:00,16092.000102996826,16459.564225909475,15168.62213531162
forecast_5398,2025-08-13 22:00:00,16092.000102996826,17803.41868697844,16827.424242332272
forecast_5399,2025-08-13 23:00:00,15660.00051498413,18003.834933418515,17399.029405409285
forecast_5400,2025-08-14 00:00:00,15660.00051498413,18009.419653282654,17014.195871216565
forecast_5401,2025-08-14 01:00:00,16092.000102996826,18565.658359909296,17796.329850394755
forecast_5402,2025-08-14 02:00:00,16092.000102996826,18549.03187870934,17795.74849324607
forecast_5403,2025-08-14 03:00:00,15768.000411987305,18274.662240798607,18013.730257441748
forecast_5404,2025-08-14 04:00:00,15660.00051498413,18276.69594463774,17258.80330776396
forecast_5405,2025-08-14 05:00:00,15768.000411987305,17633.919671854248,15465.733543610077
forecast_5406,2025-08-14 06:00:00,15443.999433517456,16892.556684125782,14871.12778851935
forecast_5407,2025-08-14 07:00:00,14688.00015449524,15703.49081157514,13038.233926014287
forecast_5408,2025-08-14 08:00:00,14580.000257492065,15629.721252168789,13753.294321876238
forecast_5409,2025-08-14 09:00:00,14580.000257492065,15910.27688841367,14458.3224395816
forecast_5410,2025-08-14 10:00:00,14472.000360488892,14078.732501634651,13364.117644572854
forecast_5411,2025-08-14 11:00:00,12635.999536514282,10827.116838841846,11247.534701518034
forecast_5412,2025-08-14 12:00:00,11772.000360488892,9534.38188129826,9777.468830546564
forecast_5413,2025-08-14 13:00:00,8855.99992275238,9740.713849083577,7098.082895037695
forecast_5414,2025-08-14 14:00:00,11556.000566482544,11111.217180318064,9807.010539195133
forecast_5415,2025-08-14 15:00:00,10584.000205993652,10516.626726429588,8967.002555725583
forecast_5416,2025-08-14 16:00:00,11772.000360488892,11703.09340403498,10024.250518459232
forecast_5417,2025-08-14 17:00:00,12419.999742507935,12206.17336631088,11071.950258614252
forecast_5418,2025-08-14 18:00:00,12635.999536514282,11958.368794594988,10793.106573637851
forecast_5419,2025-08-14 19:00:00,13068.000411987305,12027.239529647766,9696.900036720264
forecast_5420,2025-08-14 20:00:00,14039.99948501587,13805.06736496294,10968.44565652878
forecast_5421,2025-08-14 21:00:00,14147.999382019043,14985.629169495836,12077.64865609232
forecast_5422,2025-08-14 22:00:00,14688.00015449524,15590.498435005122,13923.154863873628
forecast_5423,2025-08-14 23:00:00,14688.00015449524,15317.26580853866,12147.049925359812
forecast_5424,2025-08-15 00:00:00,14688.00015449524,14817.427375921843,11420.848927994455
forecast_5425,2025-08-15 01:00:00,15984.000205993652,13561.348691313104,10595.75635426544
forecast_5426,2025-08-15 02:00:00,14580.000257492065,12044.70632110797,8557.643069174928
forecast_5427,2025-08-15 03:00:00,13500.0,11734.626617265289,8658.214237156915
forecast_5428,2025-08-15 04:00:00,13500.0,10971.091559185174,8459.87245385524
forecast_5429,2025-08-15 05:00:00,11231.999588012695,9894.006911191787,6854.783532514578
forecast_5430,2025-08-15 06:00:00,11231.999588012695,8110.313775769227,5402.073148287845
forecast_5431,2025-08-15 07:00:00,9288.00015449524,6647.125219317553,4475.534007225784
forecast_5432,2025-08-15 08:00:00,6048.0000257492065,5598.252963832664,3938.258003266867
forecast_5433,2025-08-15 09:00:00,3888.0001544952393,3595.82809091507,3099.194914309954
forecast_5434,2025-08-15 10:00:00,3888.0001544952393,3006.50007884446,2862.7539691670036
forecast_5435,2025-08-15 11:00:00,3779.9999356269836,2562.1640911418776,2396.1380557458183
forecast_5436,2025-08-15 12:00:00,3779.9999356269836,2515.8467802982,2464.9468662829336
forecast_5437,2025-08-15 13:00:00,3779.9999356269836,2473.7459840904776,2236.795722262046
forecast_5438,2025-08-15 14:00:00,3779.9999356269836,2424.1233196520784,2222.2191455461566
forecast_5439,2025-08-15 15:00:00,3672.00003862381,2617.822755973688,2289.4450699642407
forecast_5440,2025-08-15 16:00:00,3779.9999356269836,2385.873797776569,2033.7290494770805
forecast_5441,2025-08-15 17:00:00,3779.9999356269836,2676.8221160553862,2149.763750786487
forecast_5442,2025-08-15 18:00:00,3779.9999356269836,2835.64033120484,2542.3243462958
forecast_5443,2025-08-15 19:00:00,3888.0001544952393,3381.542023521974,2832.924557986175
forecast_5444,2025-08-15 20:00:00,3888.0001544952393,3961.146314229918,3478.340759266704
forecast_5445,2025-08-15 21:00:00,4320.000064373016,4918.471377667419,4707.080894824569
forecast_5446,2025-08-15 22:00:00,5832.000231742859,5744.980641874155,4544.589037390134
forecast_5447,2025-08-15 23:00:00,7451.9999742507935,7535.273515840505,4738.561421258144
forecast_5448,2025-08-16 00:00:00,9611.99984550476,8999.033503882569,6074.166297024219
forecast_5449,2025-08-16 01:00:00,11447.999382019043,11053.901502655764,7662.267132919758
forecast_5450,2025-08-16 02:00:00,12743.999433517456,12824.831477112866,8929.89824360947
forecast_5451,2025-08-16 03:00:00,13068.000411987305,13291.655182551767,9589.102954393124
forecast_5452,2025-08-16 04:00:00,12852.000617980957,12423.357426061712,8603.966031644324
forecast_5453,2025-08-16 05:00:00,11772.000360488892,11306.914988317058,7993.024852372604
forecast_5454,2025-08-16 06:00:00,12311.99984550476,10365.738522810529,6796.833338197947
forecast_5455,2025-08-16 07:00:00,10259.999871253967,10341.08711856504,6264.9064534802765
forecast_5456,2025-08-16 08:00:00,7667.999768257141,9228.519138505071,5637.612988086485
forecast_5457,2025-08-16 09:00:00,6263.999819755554,7812.621564678347,5136.10817766151
forecast_5458,2025-08-16 10:00:00,5615.999794006348,6060.630667802913,4896.9991855954695
forecast_5459,2025-08-16 11:00:00,5615.999794006348,5379.226336115307,4892.693814073517
forecast_5460,2025-08-16 12:00:00,5615.999794006348,5500.534378208262,4654.230921504772
forecast_5461,2025-08-16 13:00:00,6371.999716758728,6060.415083714255,3713.468020610103
forecast_5462,2025-08-16 14:00:00,10259.999871253967,7109.457604313592,5496.416120007283
forecast_5463,2025-08-16 15:00:00,11556.000566482544,7511.7290139299075,6364.983885406492
forecast_5464,2025-08-16 16:00:00,10259.999871253967,7267.121863980575,6397.841422697853
forecast_5465,2025-08-16 17:00:00,10259.999871253967,8678.36574080231,7381.601348830327
forecast_5466,2025-08-16 18:00:00,11880.000257492065,9734.09729164228,8058.800268861766
forecast_5467,2025-08-16 19:00:00,15660.00051498413,12216.601008040472,10135.786824804183
forecast_5468,2025-08-16 20:00:00,13068.000411987305,13922.937413717578,10669.084769638563
forecast_5469,2025-08-16 21:00:00,15660.00051498413,15446.353170187143,12433.044119232996
forecast_5470,2025-08-16 22:00:00,19547.999382019043,17422.271273147147,15962.422020648672
forecast_5471,2025-08-16 23:00:00,19547.999382019043,17721.228705611516,16525.50982911516
forecast_5472,2025-08-17 00:00:00,19547.999382019043,17868.439241525633,16653.535563856854
forecast_5473,2025-08-17 01:00:00,19547.999382019043,18204.570229536934,16687.11950313668
forecast_5474,2025-08-17 02:00:00,19547.999382019043,18261.70748010039,16350.148461770264
forecast_5475,2025-08-17 03:00:00,19547.999382019043,17843.608591990218,15957.862923468538
forecast_5476,2025-08-17 04:00:00,19547.999382019043,17519.55078231822,16475.04360681366
forecast_5477,2025-08-17 05:00:00,19764.000463485718,17484.52448765402,16031.1702344973
forecast_5478,2025-08-17 06:00:00,19547.999382019043,16386.118109974865,14800.454586627387
forecast_5479,2025-08-17 07:00:00,19223.99969100952,15591.958037422924,13633.826024769069
forecast_5480,2025-08-17 08:00:00,18035.999536514282,15164.5940129235,13276.324043648261
forecast_5481,2025-08-17 09:00:00,14580.000257492065,13091.585833630865,11996.591813846813
forecast_5482,2025-08-17 10:00:00,9719.999742507935,9216.7772236057,7027.339505004246
forecast_5483,2025-08-17 11:00:00,4320.000064373016,6755.327288418237,4560.669806596048
forecast_5484,2025-08-17 12:00:00,3888.0001544952393,4134.166036370573,3362.010510885452
forecast_5485,2025-08-17 13:00:00,3888.0001544952393,3890.1321827260335,3116.9327740568506
forecast_5486,2025-08-17 14:00:00,4211.999845504761,3594.601918320095,2756.0237299492514
forecast_5487,2025-08-17 15:00:00,4103.999948501587,3521.80912894393,2759.714725291375
forecast_5488,2025-08-17 16:00:00,4211.999845504761,3795.4778489405953,2629.8103801793422
forecast_5489,2025-08-17 17:00:00,3888.0001544952393,3634.3596848418456,2651.4112424570194
forecast_5490,2025-08-17 18:00:00,4211.999845504761,3797.156053423976,3318.897290158157
forecast_5491,2025-08-17 19:00:00,4859.999871253967,4809.589505294618,4085.725636609681
forecast_5492,2025-08-17 20:00:00,5292.000102996826,5697.113555962485,4462.5833005809845
forecast_5493,2025-08-17 21:00:00,6048.0000257492065,6110.070194175009,5023.940841006856
forecast_5494,2025-08-17 22:00:00,11015.999794006348,7601.069806933205,5575.112148203869
forecast_5495,2025-08-17 23:00:00,6155.99992275238,6733.594146297021,4807.403859638481
forecast_5496,2025-08-18 00:00:00,10259.999871253967,7362.38438356093,5084.906245235563
forecast_5497,2025-08-18 01:00:00,11123.999691009521,9983.123521161491,6886.38431479516
forecast_5498,2025-08-18 02:00:00,9611.99984550476,8800.669380378877,6048.702518500141
forecast_5499,2025-08-18 03:00:00,13068.000411987305,10563.014418977213,7131.195766234291
forecast_5500,2025-08-18 04:00:00,11015.999794006348,8600.300655570847,5218.275818388726
forecast_5501,2025-08-18 05:00:00,11447.999382019043,10295.720570139343,6334.248729766379
forecast_5502,2025-08-18 06:00:00,11015.999794006348,10185.652165952974,6691.593084163892
forecast_5503,2025-08-18 07:00:00,10259.999871253967,10269.926325027433,6262.081016611644
forecast_5504,2025-08-18 08:00:00,12852.000617980957,11054.204711507104,5846.568752245905
forecast_5505,2025-08-18 09:00:00,10259.999871253967,10388.940621265148,6171.049335039847
forecast_5506,2025-08-18 10:00:00,9828.000283241272,7961.1485142973,5962.717688576896
forecast_5507,2025-08-18 11:00:00,10259.999871253967,8447.70256224186,6683.6036983035365
forecast_5508,2025-08-18 12:00:00,6155.99992275238,6759.199763311881,5062.699861611704
forecast_5509,2025-08-18 13:00:00,5615.999794006348,5437.025513148314,3565.561600439446
forecast_5510,2025-08-18 14:00:00,5183.999884128571,5880.241199043126,3598.103051640359
forecast_5511,2025-08-18 15:00:00,5615.999794006348,6494.896809220449,4120.156674429704
forecast_5512,2025-08-18 16:00:00,11123.999691009521,8133.648088189333,6496.297142651522
forecast_5513,2025-08-18 17:00:00,10259.999871253967,7293.648051117844,5973.119931606131
forecast_5514,2025-08-18 18:00:00,10692.000102996826,7219.846742736079,6038.17795368407
forecast_5515,2025-08-18 19:00:00,11880.000257492065,8851.870487719269,7887.009215286189
forecast_5516,2025-08-18 20:00:00,13500.0,10729.243359828311,9645.19346452351
forecast_5517,2025-08-18 21:00:00,13500.0,12423.7261586649,9100.799474806065
forecast_5518,2025-08-18 22:00:00,15552.000617980957,14914.327669557071,11400.14095003518
forecast_5519,2025-08-18 23:00:00,15552.000617980957,14572.616057800851,11460.34604522521
forecast_5520,2025-08-19 00:00:00,17172.00036048889,15561.662672780136,12761.520023385783
forecast_5521,2025-08-19 01:00:00,16092.000102996826,16689.966975752242,13274.26306906393
forecast_5522,2025-08-19 02:00:00,15660.00051498413,16602.972528534716,14261.39532280474
forecast_5523,2025-08-19 03:00:00,16092.000102996826,16049.714068101455,13785.156279600718
forecast_5524,2025-08-19 04:00:00,16092.000102996826,15891.74905232429,13856.30778307026
forecast_5525,2025-08-19 05:00:00,16092.000102996826,16588.29840553486,14544.847043775771
forecast_5526,2025-08-19 06:00:00,16092.000102996826,16117.502215538609,14088.567334211206
forecast_5527,2025-08-19 07:00:00,15660.00051498413,16071.45633388836,12806.0449456635
forecast_5528,2025-08-19 08:00:00,16092.000102996826,15893.358964945635,13548.56487231275
forecast_5529,2025-08-19 09:00:00,15660.00051498413,16083.000164360728,13872.910920974173
forecast_5530,2025-08-19 10:00:00,14796.000051498413,14139.661804402054,11553.369038410265
forecast_5531,2025-08-19 11:00:00,13931.999588012695,12523.398263856672,10479.891055085822
forecast_5532,2025-08-19 12:00:00,14039.99948501587,11347.985014179738,9568.808955521105
forecast_5533,2025-08-19 13:00:00,11880.000257492065,10867.20290189068,9107.26551105836
forecast_5534,2025-08-19 14:00:00,10476.000308990479,9477.46879417117,7703.180584096349
forecast_5535,2025-08-19 15:00:00,11339.99948501587,9509.882199127003,8607.929513852503
forecast_5536,2025-08-19 16:00:00,11556.000566482544,9242.700823155092,8993.23022833865
forecast_5537,2025-08-19 17:00:00,11339.99948501587,10003.328266251989,9200.016966613595
forecast_5538,2025-08-19 18:00:00,13392.000102996826,12117.331397454886,9979.851410488294
forecast_5539,2025-08-19 19:00:00,13392.000102996826,13305.364672429943,9804.041596076811
forecast_5540,2025-08-19 20:00:00,15984.000205993652,14967.313584747702,11706.680678970582
forecast_5541,2025-08-19 21:00:00,15660.00051498413,15700.422530335416,12663.07246587732
forecast_5542,2025-08-19 22:00:00,15660.00051498413,16481.034338003472,14663.903026149608
forecast_5543,2025-08-19 23:00:00,15660.00051498413,16431.67146901758,14182.633845871014
forecast_5544,2025-08-20 00:00:00,15660.00051498413,17371.600095590442,15641.532695347822
forecast_5545,2025-08-20 01:00:00,15660.00051498413,17830.686303607912,16198.259991196432
forecast_5546,2025-08-20 02:00:00,15660.00051498413,17760.927053838517,16591.55485626979
forecast_5547,2025-08-20 03:00:00,15660.00051498413,17547.709335023097,16498.539097446723
forecast_5548,2025-08-20 04:00:00,15660.00051498413,17520.281063284485,16547.517609928098
forecast_5549,2025-08-20 05:00:00,15660.00051498413,17607.533393831774,16525.44781436509
forecast_5550,2025-08-20 06:00:00,15660.00051498413,16999.933520458795,15885.64864911462
forecast_5551,2025-08-20 07:00:00,15552.000617980957,16055.610578497066,13930.246824991173
forecast_5552,2025-08-20 08:00:00,15660.00051498413,15818.1812321093,13606.582956292907
forecast_5553,2025-08-20 09:00:00,14256.000566482544,12819.36476227253,10946.844367628386
forecast_5554,2025-08-20 10:00:00,11556.000566482544,9933.81475147608,8391.566975445376
forecast_5555,2025-08-20 11:00:00,11556.000566482544,8490.486959565638,7578.453108666546
forecast_5556,2025-08-20 12:00:00,10259.999871253967,7316.888122897029,6249.206726531177
forecast_5557,2025-08-20 13:00:00,5615.999794006348,5447.575854783057,4704.711209114215
forecast_5558,2025-08-20 14:00:00,5615.999794006348,5240.514447944202,4093.0386152132432
forecast_5559,2025-08-20 15:00:00,5615.999794006348,5051.939958399739,4925.897874507484
forecast_5560,2025-08-20 16:00:00,5940.000128746033,4448.901495277008,4574.139169432724
forecast_5561,2025-08-20 17:00:00,5615.999794006348,4798.26262412762,5079.880059539673
forecast_5562,2025-08-20 18:00:00,5723.9996910095215,4255.323326648838,3366.587827985002
forecast_5563,2025-08-20 19:00:00,4320.000064373016,5090.926994287455,3886.4074308285617
forecast_5564,2025-08-20 20:00:00,6155.99992275238,6607.526018633138,4969.947576883188
forecast_5565,2025-08-20 21:00:00,5183.999884128571,6918.749494148,5177.585797756971
forecast_5566,2025-08-20 22:00:00,7559.999871253967,8807.271753715642,6163.274633901572
forecast_5567,2025-08-20 23:00:00,9828.000283241272,10636.250183614507,7614.970861803175
forecast_5568,2025-08-21 00:00:00,14256.000566482544,12336.007418570474,10294.250508944266
forecast_5569,2025-08-21 01:00:00,10151.999974250793,12225.007520936362,7761.727500598782
forecast_5570,2025-08-21 02:00:00,13500.0,13848.923255036416,9787.737280702022
forecast_5571,2025-08-21 03:00:00,15119.999742507935,13569.04056005931,10119.937837159172
forecast_5572,2025-08-21 04:00:00,13500.0,14264.475051853133,11713.94400551636
forecast_5573,2025-08-21 05:00:00,15660.00051498413,13935.085461182422,10557.792696301902
forecast_5574,2025-08-21 06:00:00,11339.99948501587,10656.53729480118,7099.092132789036
forecast_5575,2025-08-21 07:00:00,11231.999588012695,7649.654456548212,5992.043243165133
forecast_5576,2025-08-21 08:00:00,6048.0000257492065,5055.384109968627,4475.889318014217
forecast_5577,2025-08-21 09:00:00,3888.0001544952393,3655.617607356077,3266.0624083471503
forecast_5578,2025-08-21 10:00:00,3888.0001544952393,3100.1785926959733,2522.181518399419
forecast_5579,2025-08-21 11:00:00,3779.9999356269836,2626.99582484736,2186.017693338453
forecast_5580,2025-08-21 12:00:00,3779.9999356269836,2425.976219301831,2216.7290409524
forecast_5581,2025-08-21 13:00:00,3779.9999356269836,2201.10776307391,2017.299403713817
forecast_5582,2025-08-21 14:00:00,3779.9999356269836,2156.171220106157,1984.3672972725549
forecast_5583,2025-08-21 15:00:00,3348.0000257492065,2198.2469328353955,1955.6686293425576
forecast_5584,2025-08-21 16:00:00,3779.9999356269836,2251.8253329716053,2028.2916915707497
forecast_5585,2025-08-21 17:00:00,3779.9999356269836,2570.647692704008,1958.6359451475855
forecast_5586,2025-08-21 18:00:00,3888.0001544952393,2743.583848926733,2944.8216527673985
forecast_5587,2025-08-21 19:00:00,3779.9999356269836,3389.642209880964,3045.142115732061
forecast_5588,2025-08-21 20:00:00,3779.9999356269836,3362.6727408914,3150.750107647714
forecast_5589,2025-08-21 21:00:00,3888.0001544952393,3743.810286179258,3346.610197070192
forecast_5590,2025-08-21 22:00:00,3888.0001544952393,4012.059220802907,3617.76399363829
forecast_5591,2025-08-21 23:00:00,4427.99996137619,3993.7329875325554,3763.1805376380976
forecast_5592,2025-08-22 00:00:00,4427.99996137619,4084.713713781287,3906.795780824728
forecast_5593,2025-08-22 01:00:00,4103.999948501587,3720.32920827189,3758.5914869347566
forecast_5594,2025-08-22 02:00:00,4427.99996137619,4302.969509428133,3880.1096802225866
forecast_5595,2025-08-22 03:00:00,4751.9999742507935,4851.100076457209,4130.928090534445
forecast_5596,2025-08-22 04:00:00,6155.99992275238,6486.831911106534,4917.583500593262
forecast_5597,2025-08-22 05:00:00,7667.999768257141,7434.986061774182,5751.7352897772425
forecast_5598,2025-08-22 06:00:00,11664.000463485718,8501.97568379506,6907.684637091311
forecast_5599,2025-08-22 07:00:00,11664.000463485718,8356.340974623527,6776.104071856504
forecast_5600,2025-08-22 08:00:00,7667.999768257141,7904.935561302678,6496.690961960086
forecast_5601,2025-08-22 09:00:00,6155.99992275238,6076.6968630897145,5268.421283125624
forecast_5602,2025-08-22 10:00:00,4535.999858379364,4024.2449358130216,4000.600845313385
forecast_5603,2025-08-22 11:00:00,3888.0001544952393,3352.1961982658377,3181.777522471342
forecast_5604,2025-08-22 12:00:00,3888.0001544952393,2844.316235708204,2752.5007011489647
forecast_5605,2025-08-22 13:00:00,3888.0001544952393,2885.061426144209,2748.4791396676706
forecast_5606,2025-08-22 14:00:00,3888.0001544952393,2912.645067604924,3037.360477255946
forecast_5607,2025-08-22 15:00:00,3888.0001544952393,3211.567336410282,3526.416684028514
forecast_5608,2025-08-22 16:00:00,5615.999794006348,3418.4240526852045,2947.853411979007
forecast_5609,2025-08-22 17:00:00,5615.999794006348,4271.303282497716,3310.3676279496162
forecast_5610,2025-08-22 18:00:00,5075.999987125397,5001.377174423032,4474.661642924034
forecast_5611,2025-08-22 19:00:00,5292.000102996826,6201.998444412442,5428.016119911975
forecast_5612,2025-08-22 20:00:00,10259.999871253967,6954.310738803651,6857.962637162442
forecast_5613,2025-08-22 21:00:00,10259.999871253967,9398.874942490742,8473.623685397446
forecast_5614,2025-08-22 22:00:00,13500.0,13435.004530958446,11439.696724346171
forecast_5615,2025-08-22 23:00:00,15335.999536514282,14496.614517195098,11981.54231592442
forecast_5616,2025-08-23 00:00:00,17064.000463485718,15012.901810608226,12582.647731883322
forecast_5617,2025-08-23 01:00:00,17172.00036048889,15596.674333605988,12037.076775207432
forecast_5618,2025-08-23 02:00:00,17172.00036048889,14213.777943494328,11481.888723089169
forecast_5619,2025-08-23 03:00:00,17172.00036048889,13988.25077701892,11561.676598164406
forecast_5620,2025-08-23 04:00:00,15984.000205993652,12530.577577357571,10460.700253913874
forecast_5621,2025-08-23 05:00:00,13500.0,11004.77076116742,8927.450459796144
forecast_5622,2025-08-23 06:00:00,11231.999588012695,8384.69011617927,6503.0625825742345
forecast_5623,2025-08-23 07:00:00,6155.99992275238,5830.007242626049,4917.712579543287
forecast_5624,2025-08-23 08:00:00,4751.9999742507935,3951.531025269853,3837.418038369964
forecast_5625,2025-08-23 09:00:00,3996.000051498413,3351.6759998376447,3236.8725946362147
forecast_5626,2025-08-23 10:00:00,3455.9999227523804,2773.891183230362,2617.320976065083
forecast_5627,2025-08-23 11:00:00,3779.9999356269836,2332.4750319799973,2158.791965503584
forecast_5628,2025-08-23 12:00:00,3455.9999227523804,2138.1169513139403,2149.6513678312144
forecast_5629,2025-08-23 13:00:00,3455.9999227523804,2148.6929474281987,2117.541861382432
forecast_5630,2025-08-23 14:00:00,3779.9999356269836,2309.0022040462595,2163.293478698674
forecast_5631,2025-08-23 15:00:00,3779.9999356269836,2244.8285614339547,2225.623595306159
forecast_5632,2025-08-23 16:00:00,3779.9999356269836,2698.1077947877043,2739.080194524683
forecast_5633,2025-08-23 17:00:00,3888.0001544952393,2827.5408678896165,2500.317424552506
forecast_5634,2025-08-23 18:00:00,3888.0001544952393,2756.125414460258,2885.248164388919
forecast_5635,2025-08-23 19:00:00,3779.9999356269836,3113.9396574798097,2777.494111190028
forecast_5636,2025-08-23 20:00:00,3888.0001544952393,3579.0687164807164,3788.724873235224
forecast_5637,2025-08-23 21:00:00,3888.0001544952393,4143.296842872767,3753.961170935619
forecast_5638,2025-08-23 22:00:00,4751.9999742507935,4390.628423139948,4007.669656113921
forecast_5639,2025-08-23 23:00:00,4751.9999742507935,4395.861730022472,3502.5466591117483
forecast_5640,2025-08-24 00:00:00,4751.9999742507935,4434.916963627735,3824.2830395559636
forecast_5641,2025-08-24 01:00:00,4103.999948501587,3590.379437137693,2958.446572652529
forecast_5642,2025-08-24 02:00:00,4103.999948501587,3359.5390922521733,2845.800340203573
forecast_5643,2025-08-24 03:00:00,3888.0001544952393,3243.234302157717,3023.2170620898946
forecast_5644,2025-08-24 04:00:00,3888.0001544952393,3415.5603410068966,3026.228275072226
forecast_5645,2025-08-24 05:00:00,3888.0001544952393,3155.321047245422,2783.45067521394
forecast_5646,2025-08-24 06:00:00,3996.000051498413,3060.073139892762,2651.1730452709303
forecast_5647,2025-08-24 07:00:00,3888.0001544952393,3577.2108558755126,3069.950451268166
forecast_5648,2025-08-24 08:00:00,3888.0001544952393,3298.6299794764504,2842.147711285374
forecast_5649,2025-08-24 09:00:00,3455.9999227523804,2943.212914656012,2834.818624852147
forecast_5650,2025-08-24 10:00:00,3455.9999227523804,2568.8485045720395,2551.2285763586083
forecast_5651,2025-08-24 11:00:00,3455.9999227523804,2473.6694195192367,2358.19250769054
forecast_5652,2025-08-24 12:00:00,3455.9999227523804,2411.640328476128,2327.347867952164
forecast_5653,2025-08-24 13:00:00,3455.9999227523804,2579.142780562933,2197.966641817774
forecast_5654,2025-08-24 14:00:00,3455.9999227523804,2345.699573766064,2379.0143906628928
forecast_5655,2025-08-24 15:00:00,3888.0001544952393,2337.750285682416,2199.0065135085165
forecast_5656,2025-08-24 16:00:00,3888.0001544952393,2995.8881612077016,2545.6055590822248
forecast_5657,2025-08-24 17:00:00,3779.9999356269836,3077.1588278244594,2860.8053657706078
forecast_5658,2025-08-24 18:00:00,3888.0001544952393,3120.8413894277423,2955.3086964473564
forecast_5659,2025-08-24 19:00:00,4427.99996137619,3489.269677373005,3398.3559720168214
forecast_5660,2025-08-24 20:00:00,4751.9999742507935,3433.436844883698,3221.51564540804
forecast_5661,2025-08-24 21:00:00,4751.9999742507935,3795.971153771192,3714.24575357761
forecast_5662,2025-08-24 22:00:00,3888.0001544952393,3770.579364248298,3612.666362859744
forecast_5663,2025-08-24 23:00:00,3996.000051498413,4058.3054859185854,3576.852602489192
forecast_5664,2025-08-25 00:00:00,3888.0001544952393,3817.9878235085976,3371.190375132232
forecast_5665,2025-08-25 01:00:00,4427.99996137619,3861.135278352368,3295.3941338949458
forecast_5666,2025-08-25 02:00:00,4103.999948501587,3985.462859532551,3183.950562264263
forecast_5667,2025-08-25 03:00:00,4103.999948501587,4211.170828272726,3607.542915762222
forecast_5668,2025-08-25 04:00:00,4427.99996137619,3938.6741721220537,3522.0385481433323
forecast_5669,2025-08-25 05:00:00,4103.999948501587,3791.875971202256,3300.6514708147483
forecast_5670,2025-08-25 06:00:00,4103.999948501587,4047.923694245808,3544.2179087482823
forecast_5671,2025-08-25 07:00:00,4751.9999742507935,3738.7095367368884,3782.6072325135633
forecast_5672,2025-08-25 08:00:00,4427.99996137619,3751.5360598468014,3330.863329170583
forecast_5673,2025-08-25 09:00:00,3888.0001544952393,2901.7560248275263,2716.7418471943533
forecast_5674,2025-08-25 10:00:00,3779.9999356269836,2827.4927165608083,2692.850723651076
forecast_5675,2025-08-25 11:00:00,3888.0001544952393,2396.577489594406,2260.461445229348
forecast_5676,2025-08-25 12:00:00,3888.0001544952393,2797.4772401387377,3783.6106218846576
forecast_5677,2025-08-25 13:00:00,3888.0001544952393,3436.404347678837,3331.9558897403563
forecast_5678,2025-08-25 14:00:00,3888.0001544952393,3559.6360575230583,3022.5759484150685
forecast_5679,2025-08-25 15:00:00,3996.000051498413,3896.186363204468,3649.390031702793
forecast_5680,2025-08-25 16:00:00,3996.000051498413,3567.7193240959327,3075.2564662771224
forecast_5681,2025-08-25 17:00:00,3996.000051498413,3239.9875752616344,3976.6350510317407
forecast_5682,2025-08-25 18:00:00,4751.9999742507935,4873.402470258468,4336.157624849204
forecast_5683,2025-08-25 19:00:00,4859.999871253967,5634.6598068070525,4368.172194018476
forecast_5684,2025-08-25 20:00:00,9180.000257492065,8893.679972058895,6478.829873722609
forecast_5685,2025-08-25 21:00:00,10476.000308990479,10490.75378824403,8112.040448951572
forecast_5686,2025-08-25 22:00:00,11339.99948501587,12788.087486671517,10389.168732330332
forecast_5687,2025-08-25 23:00:00,11664.000463485718,14230.61270380432,12218.63657003155
forecast_5688,2025-08-26 00:00:00,14472.000360488892,15305.676556779623,12784.525586469785
forecast_5689,2025-08-26 01:00:00,14039.99948501587,16411.765090205623,12996.560297890554
forecast_5690,2025-08-26 02:00:00,14688.00015449524,16668.228378049484,13341.151059450482
forecast_5691,2025-08-26 03:00:00,14688.00015449524,16760.08030951598,13960.79134705198
forecast_5692,2025-08-26 04:00:00,14688.00015449524,16825.982512290284,14372.939763448245
forecast_5693,2025-08-26 05:00:00,14688.00015449524,16820.485954086435,14317.305114774475
forecast_5694,2025-08-26 06:00:00,14688.00015449524,16579.925233817576,14278.47223546193
forecast_5695,2025-08-26 07:00:00,14039.99948501587,16128.84781478194,13768.52288292974
forecast_5696,2025-08-26 08:00:00,14039.99948501587,15510.987090183831,13312.818891182573
forecast_5697,2025-08-26 09:00:00,14580.000257492065,15215.493075480294,14255.884828827271
forecast_5698,2025-08-26 10:00:00,12096.000051498413,14111.114414289232,12815.640878902366
forecast_5699,2025-08-26 11:00:00,13392.000102996826,14400.232619770984,13130.040870898662
forecast_5700,2025-08-26 12:00:00,12096.000051498413,14139.971078690498,10757.498445444466
forecast_5701,2025-08-26 13:00:00,12096.000051498413,14034.624682540863,12802.447986881178
forecast_5702,2025-08-26 14:00:00,14039.99948501587,13890.320720348043,13556.796993198906
forecast_5703,2025-08-26 15:00:00,14147.999382019043,13647.394153712845,13099.175526609062
forecast_5704,2025-08-26 16:00:00,13392.000102996826,11986.242380875814,11376.595562582608
forecast_5705,2025-08-26 17:00:00,13392.000102996826,12336.355575329251,11100.485334061876
forecast_5706,2025-08-26 18:00:00,13392.000102996826,11907.84959379699,9750.559735109628
forecast_5707,2025-08-26 19:00:00,12096.000051498413,10854.300231305864,8842.738395408165
forecast_5708,2025-08-26 20:00:00,11339.99948501587,10313.772969342835,7481.90097656027
forecast_5709,2025-08-26 21:00:00,10044.00007724762,10316.626625498431,7952.56096807448
forecast_5710,2025-08-26 22:00:00,11664.000463485718,13115.729053872392,9119.993119705334
forecast_5711,2025-08-26 23:00:00,12852.000617980957,12380.925639377661,9053.495043525949
forecast_5712,2025-08-27 00:00:00,12419.999742507935,11312.48789523562,8014.506333005239
forecast_5713,2025-08-27 01:00:00,11988.00015449524,9543.842370811746,6971.451104583552
forecast_5714,2025-08-27 02:00:00,10151.999974250793,7390.889368922535,5623.614078102401
forecast_5715,2025-08-27 03:00:00,6155.99992275238,6240.097209742515,4235.733333748392
forecast_5716,2025-08-27 04:00:00,4751.9999742507935,4916.703890331423,3455.827010623148
forecast_5717,2025-08-27 05:00:00,3996.000051498413,3493.9965099038127,2979.2847267516554
forecast_5718,2025-08-27 06:00:00,3888.0001544952393,3315.042903326,2841.482005868242
forecast_5719,2025-08-27 07:00:00,3779.9999356269836,3035.811728206935,2566.213404905948
forecast_5720,2025-08-27 08:00:00,3455.9999227523804,3109.073630481114,2289.392397843635
forecast_5721,2025-08-27 09:00:00,3455.9999227523804,2712.196610714484,2131.997688434209
forecast_5722,2025-08-27 10:00:00,3888.0001544952393,2557.4549859724325,2389.7084653336383
forecast_5723,2025-08-27 11:00:00,3888.0001544952393,2405.352767827934,1984.3633212833472
forecast_5724,2025-08-27 12:00:00,3779.9999356269836,2373.4375007864573,2207.4667811373247
forecast_5725,2025-08-27 13:00:00,3672.00003862381,2461.905816542213,2224.9470542385216
forecast_5726,2025-08-27 14:00:00,3455.9999227523804,2494.4150093375765,2429.7431781753594
forecast_5727,2025-08-27 15:00:00,3455.9999227523804,2581.217341116602,2266.9028266807736
forecast_5728,2025-08-27 16:00:00,3455.9999227523804,2620.3896359286928,2210.9619662796545
forecast_5729,2025-08-27 17:00:00,3455.9999227523804,2668.367812208965,2388.062169852507
forecast_5730,2025-08-27 18:00:00,3888.0001544952393,2649.183953820845,2464.681234479162
forecast_5731,2025-08-27 19:00:00,3672.00003862381,2769.9247006779037,2526.058171634479
forecast_5732,2025-08-27 20:00:00,4103.999948501587,3030.144409949832,2626.0666996221107
forecast_5733,2025-08-27 21:00:00,3888.0001544952393,3119.160291273728,2820.50878753505
forecast_5734,2025-08-27 22:00:00,3888.0001544952393,3268.998825814357,2781.8632697988487
forecast_5735,2025-08-27 23:00:00,3888.0001544952393,3170.184347287852,2789.286138846232
forecast_5736,2025-08-28 00:00:00,3779.9999356269836,3230.606290659583,2712.449251499381
forecast_5737,2025-08-28 01:00:00,3888.0001544952393,3258.1983214208853,2993.472039052175
forecast_5738,2025-08-28 02:00:00,3888.0001544952393,3641.338046297572,3182.3662641387655
forecast_5739,2025-08-28 03:00:00,3888.0001544952393,3718.686625120452,3034.326462524424
forecast_5740,2025-08-28 04:00:00,3888.0001544952393,4080.5063545454336,3319.369527299632
forecast_5741,2025-08-28 05:00:00,3996.000051498413,4832.186781118771,3547.567453562766
forecast_5742,2025-08-28 06:00:00,4211.999845504761,5083.039849675345,3507.382280463813
forecast_5743,2025-08-28 07:00:00,3996.000051498413,4957.383134696538,3606.6887209251763
forecast_5744,2025-08-28 08:00:00,3888.0001544952393,4491.731777097758,3617.3840568227706
forecast_5745,2025-08-28 09:00:00,3888.0001544952393,4413.600420363706,3413.362739295011
forecast_5746,2025-08-28 10:00:00,3888.0001544952393,3469.243627636184,3505.4739472994947
forecast_5747,2025-08-28 11:00:00,3888.0001544952393,3136.6967260793485,3444.576519332445
forecast_5748,2025-08-28 12:00:00,3888.0001544952393,2959.064325606214,3756.037252160225
forecast_5749,2025-08-28 13:00:00,3888.0001544952393,3131.9040413313305,3523.269149329057
forecast_5750,2025-08-28 14:00:00,3888.0001544952393,3249.2929943173854,3163.2240721450944
forecast_5751,2025-08-28 15:00:00,3888.0001544952393,3439.5208767087584,3059.0739984238703
forecast_5752,2025-08-28 16:00:00,4320.000064373016,3872.7462161404087,3041.4683229625016
forecast_5753,2025-08-28 17:00:00,4320.000064373016,4787.055199939498,3648.0669778102338
forecast_5754,2025-08-28 18:00:00,4320.000064373016,5742.210145533233,4516.404194099085
forecast_5755,2025-08-28 19:00:00,4320.000064373016,6991.721940529003,4904.352137764746
forecast_5756,2025-08-28 20:00:00,9180.000257492065,9439.75543151654,5745.867866523366
forecast_5757,2025-08-28 21:00:00,10151.999974250793,10521.927555831884,6730.7120567864895
forecast_5758,2025-08-28 22:00:00,10151.999974250793,12899.912940808605,8937.100335753872
forecast_5759,2025-08-28 23:00:00,11339.99948501587,15117.325778175942,11391.054255480542
forecast_5760,2025-08-29 00:00:00,14472.000360488892,16069.03406158168,12823.17077102221
forecast_5761,2025-08-29 01:00:00,15660.00051498413,17550.4374031176,15283.877525340064
forecast_5762,2025-08-29 02:00:00,16092.000102996826,18015.775246208737,15427.697162163733
forecast_5763,2025-08-29 03:00:00,16092.000102996826,17950.845797096026,15197.32505718079
forecast_5764,2025-08-29 04:00:00,15660.00051498413,17676.93639327967,15650.367896335758
forecast_5765,2025-08-29 05:00:00,15660.00051498413,17892.99325311794,16081.328543065283
forecast_5766,2025-08-29 06:00:00,16092.000102996826,17871.917276082084,16321.005014332564
forecast_5767,2025-08-29 07:00:00,15660.00051498413,17892.919053512895,16093.248196777598
forecast_5768,2025-08-29 08:00:00,15660.00051498413,17762.560632935474,16514.824367874273
forecast_5769,2025-08-29 09:00:00,15660.00051498413,17120.08432848676,16079.27210951993
forecast_5770,2025-08-29 10:00:00,16739.99948501587,15467.939236493354,13438.50232567926
forecast_5771,2025-08-29 11:00:00,15660.00051498413,12766.484103361385,11829.709691793025
forecast_5772,2025-08-29 12:00:00,14364.000463485718,11091.173119232131,10559.773014622673
forecast_5773,2025-08-29 13:00:00,13823.999691009521,9958.930764096933,9638.330338410118
forecast_5774,2025-08-29 14:00:00,11556.000566482544,10045.28317080015,9761.553670444033
forecast_5775,2025-08-29 15:00:00,11880.000257492065,10377.153296745202,10147.104514657569
forecast_5776,2025-08-29 16:00:00,11339.99948501587,10025.164745406257,9604.065617688471
forecast_5777,2025-08-29 17:00:00,11339.99948501587,9867.214251404846,9451.646469236252
forecast_5778,2025-08-29 18:00:00,11772.000360488892,9931.573959294505,8947.610697379292
forecast_5779,2025-08-29 19:00:00,12096.000051498413,11528.139299798122,9108.766032248606
forecast_5780,2025-08-29 20:00:00,13068.000411987305,13186.554616294432,10634.200505965851
forecast_5781,2025-08-29 21:00:00,13823.999691009521,13157.614757402249,11456.157945812634
forecast_5782,2025-08-29 22:00:00,16307.999897003174,15300.288831894695,12965.64621504219
forecast_5783,2025-08-29 23:00:00,15552.000617980957,15266.896004308723,12631.83463450496
forecast_5784,2025-08-30 00:00:00,15227.999639511108,14818.53598030313,11660.43370436041
forecast_5785,2025-08-30 01:00:00,15660.00051498413,14534.094682824943,12689.960616978333
forecast_5786,2025-08-30 02:00:00,15552.000617980957,14262.496435557689,12430.426836692446
forecast_5787,2025-08-30 03:00:00,15119.999742507935,13654.62549302024,10697.145620477138
forecast_5788,2025-08-30 04:00:00,13500.0,12437.14156702729,9872.455354823534
forecast_5789,2025-08-30 05:00:00,13068.000411987305,11667.230689675476,8626.752523113697
forecast_5790,2025-08-30 06:00:00,11231.999588012695,10278.05000512744,7640.859099646294
forecast_5791,2025-08-30 07:00:00,11231.999588012695,8826.238480765232,6778.553427323881
forecast_5792,2025-08-30 08:00:00,10259.999871253967,7062.657870002605,5672.26161204839
forecast_5793,2025-08-30 09:00:00,6155.99992275238,5050.826629932635,4280.564213454213
forecast_5794,2025-08-30 10:00:00,3888.0001544952393,3587.852255240839,3140.9079608627985
forecast_5795,2025-08-30 11:00:00,3888.0001544952393,2819.0990695739324,2599.214706602279
forecast_5796,2025-08-30 12:00:00,3888.0001544952393,2634.1724071647263,2455.640202871264
forecast_5797,2025-08-30 13:00:00,3888.0001544952393,2492.195821677296,2306.15579257881
forecast_5798,2025-08-30 14:00:00,3888.0001544952393,2646.7565876348613,2333.42066442516
forecast_5799,2025-08-30 15:00:00,3888.0001544952393,2802.704832959479,2288.1374615029204
forecast_5800,2025-08-30 16:00:00,3888.0001544952393,2860.3005957400123,2020.9129139374263
forecast_5801,2025-08-30 17:00:00,3888.0001544952393,2649.415546643288,2030.5668374860868
forecast_5802,2025-08-30 18:00:00,3888.0001544952393,3188.8085509818425,2487.802391341351
forecast_5803,2025-08-30 19:00:00,4427.99996137619,3410.6975155832447,2688.4949552041107
forecast_5804,2025-08-30 20:00:00,4644.00007724762,3946.076666738381,3564.2547239810315
forecast_5805,2025-08-30 21:00:00,4859.999871253967,4208.441951857714,3676.755793057451
forecast_5806,2025-08-30 22:00:00,4427.99996137619,4958.603249821111,4493.500536191858
forecast_5807,2025-08-30 23:00:00,4859.999871253967,4877.67355596525,3875.526079183592
forecast_5808,2025-08-31 00:00:00,4859.999871253967,4916.802603310223,3755.398021242575
forecast_5809,2025-08-31 01:00:00,5832.000231742859,6030.301902420856,3961.66176559202
forecast_5810,2025-08-31 02:00:00,6263.999819755554,6210.40963852838,4307.950098990533
forecast_5811,2025-08-31 03:00:00,7128.000283241272,6791.440846760592,4290.241248409364
forecast_5812,2025-08-31 04:00:00,5832.000231742859,5406.055871043859,3846.515457613635
forecast_5813,2025-08-31 05:00:00,4751.9999742507935,4738.757683654695,3761.8267164989434
forecast_5814,2025-08-31 06:00:00,3888.0001544952393,4087.6658501965408,3520.002805346998
forecast_5815,2025-08-31 07:00:00,3888.0001544952393,3626.7181151922814,3406.982692400176
forecast_5816,2025-08-31 08:00:00,3888.0001544952393,3658.324754869712,3057.2226838687307
forecast_5817,2025-08-31 09:00:00,3888.0001544952393,3304.0909005914195,2586.707299671831
forecast_5818,2025-08-31 10:00:00,3779.9999356269836,3258.838306357542,3026.873089040307
forecast_5819,2025-08-31 11:00:00,3779.9999356269836,3170.4028121747247,2952.255751874518
forecast_5820,2025-08-31 12:00:00,3888.0001544952393,3182.9255343920804,3196.6677183669203
forecast_5821,2025-08-31 13:00:00,3888.0001544952393,3241.209826201945,3394.5084600094515
forecast_5822,2025-08-31 14:00:00,3888.0001544952393,3444.979277584499,3286.4925289320677
forecast_5823,2025-08-31 15:00:00,3888.0001544952393,3753.660478409922,3550.9595782655683
forecast_5824,2025-08-31 16:00:00,3888.0001544952393,3736.4578105547344,3217.839699555488
forecast_5825,2025-08-31 17:00:00,3888.0001544952393,4404.52219455448,2704.01490216548
forecast_5826,2025-08-31 18:00:00,3996.000051498413,5021.1162449775,3315.231109781503
forecast_5827,2025-08-31 19:00:00,4427.99996137619,6962.732363035824,4842.274619261511
forecast_5828,2025-08-31 20:00:00,8423.999691009521,9317.904278872476,5503.784378856057
forecast_5829,2025-08-31 21:00:00,8423.999691009521,9248.717033274415,5857.483630227553
forecast_5830,2025-08-31 22:00:00,10151.999974250793,11408.164131393518,7064.67148054428
forecast_5831,2025-08-31 23:00:00,10151.999974250793,11299.01784845555,7141.080777258206
forecast_5832,2025-09-01 00:00:00,10151.999974250793,11959.400430648397,7870.157861817846
forecast_5833,2025-09-01 01:00:00,13068.000411987305,14088.685862770057,9758.57876238414
forecast_5834,2025-09-01 02:00:00,10907.999897003174,13024.519848227012,8436.769004067324
forecast_5835,2025-09-01 03:00:00,12096.000051498413,13504.847906640072,10265.752146997756
forecast_5836,2025-09-01 04:00:00,13392.000102996826,14256.236771012922,11957.884562558253
forecast_5837,2025-09-01 05:00:00,14688.00015449524,14666.287925680072,12784.874786509288
forecast_5838,2025-09-01 06:00:00,14472.000360488892,14265.037147496454,11777.848800585263
forecast_5839,2025-09-01 07:00:00,12096.000051498413,12956.552108493765,10406.453748836171
forecast_5840,2025-09-01 08:00:00,10476.000308990479,11720.780057124704,8685.376015091004
forecast_5841,2025-09-01 09:00:00,9503.999948501587,10947.409948481083,7842.075873384081
forecast_5842,2025-09-01 10:00:00,8855.99992275238,9395.717433218366,6135.738028887224
forecast_5843,2025-09-01 11:00:00,4751.9999742507935,7704.459712766583,5017.179231119679
forecast_5844,2025-09-01 12:00:00,5615.999794006348,7500.418695699777,5227.354225892457
forecast_5845,2025-09-01 13:00:00,5615.999794006348,7209.428322787914,5786.474301303755
forecast_5846,2025-09-01 14:00:00,5615.999794006348,7485.272910755439,6290.268155916967
forecast_5847,2025-09-01 15:00:00,10259.999871253967,7829.090582059604,7228.21312161144
forecast_5848,2025-09-01 16:00:00,10259.999871253967,7826.650183721141,6638.84167326696
forecast_5849,2025-09-01 17:00:00,10259.999871253967,8524.964970188028,7422.406333002689
forecast_5850,2025-09-01 18:00:00,9828.000283241272,8456.716646703993,7303.298762855584
forecast_5851,2025-09-01 19:00:00,10044.00007724762,8286.75208095883,6130.145320639496
forecast_5852,2025-09-01 20:00:00,9719.999742507935,8629.528136367662,5968.88784839387
forecast_5853,2025-09-01 21:00:00,6588.000154495239,8422.785699585816,4921.824599819887
forecast_5854,2025-09-01 22:00:00,7019.999742507935,9412.114725968431,5194.206231904497
forecast_5855,2025-09-01 23:00:00,10259.999871253967,10453.101721163424,7021.983130563037
forecast_5856,2025-09-02 00:00:00,10259.999871253967,10359.804798855652,7083.09725113258
forecast_5857,2025-09-02 01:00:00,13068.000411987305,12964.89948620721,10854.843463393028
forecast_5858,2025-09-02 02:00:00,13068.000411987305,12069.951081600868,8381.989846124428
forecast_5859,2025-09-02 03:00:00,11231.999588012695,11596.110093339705,8878.629890272128
forecast_5860,2025-09-02 04:00:00,11231.999588012695,10663.901828471346,7790.518011119389
forecast_5861,2025-09-02 05:00:00,7776.0003089904785,8915.80520060563,6290.434946729855
forecast_5862,2025-09-02 06:00:00,7776.0003089904785,8670.648763931113,5621.794913299977
forecast_5863,2025-09-02 07:00:00,6155.99992275238,7122.207542040808,4613.14964837646
forecast_5864,2025-09-02 08:00:00,6155.99992275238,6184.279235025163,4141.715202572094
forecast_5865,2025-09-02 09:00:00,4427.99996137619,5030.984474358747,3204.416447275495
forecast_5866,2025-09-02 10:00:00,4320.000064373016,3991.468888750112,2788.006052624408
forecast_5867,2025-09-02 11:00:00,4320.000064373016,3379.014705281592,2599.612559902416
forecast_5868,2025-09-02 12:00:00,3888.0001544952393,3030.8973385064064,2883.506747264556
forecast_5869,2025-09-02 13:00:00,3888.0001544952393,2662.469176052854,2629.210679017513
forecast_5870,2025-09-02 14:00:00,3779.9999356269836,2636.134632219824,2078.25526537378
forecast_5871,2025-09-02 15:00:00,3888.0001544952393,2376.1239646559984,2225.152655201849
forecast_5872,2025-09-02 16:00:00,3779.9999356269836,2349.0165817700927,2190.465598463113
forecast_5873,2025-09-02 17:00:00,3779.9999356269836,2434.402472355168,2414.333600392825
forecast_5874,2025-09-02 18:00:00,3888.0001544952393,2201.7299991644786,2258.559576331676
forecast_5875,2025-09-02 19:00:00,3888.0001544952393,2397.287564706612,2419.8035089790296
forecast_5876,2025-09-02 20:00:00,3888.0001544952393,2889.2152966008475,2642.3478287545736
forecast_5877,2025-09-02 21:00:00,3779.9999356269836,2966.359732372852,2933.733676238161
forecast_5878,2025-09-02 22:00:00,3888.0001544952393,3418.0758989065503,3208.542128535326
forecast_5879,2025-09-02 23:00:00,3888.0001544952393,3417.789568600272,3098.022456430181
forecast_5880,2025-09-03 00:00:00,3888.0001544952393,3092.1705626091607,2928.655551145121
forecast_5881,2025-09-03 01:00:00,3455.9999227523804,3220.59123957635,2619.748789873484
forecast_5882,2025-09-03 02:00:00,3888.0001544952393,3006.09591058099,2584.3341262119843
forecast_5883,2025-09-03 03:00:00,3888.0001544952393,3216.547105535549,2619.738667187371
forecast_5884,2025-09-03 04:00:00,3888.0001544952393,3091.177201744315,2457.1958405863606
forecast_5885,2025-09-03 05:00:00,3888.0001544952393,3282.2490053668093,2709.4183048126188
forecast_5886,2025-09-03 06:00:00,3672.00003862381,3195.929234090824,2370.34057038303
forecast_5887,2025-09-03 07:00:00,3455.9999227523804,3005.138720564454,2328.74371195738
forecast_5888,2025-09-03 08:00:00,3455.9999227523804,2940.303079281371,2523.1958228711733
forecast_5889,2025-09-03 09:00:00,3240.0001287460327,2461.1312724802337,1984.124349895978
forecast_5890,2025-09-03 10:00:00,3348.0000257492065,2212.54014312678,1915.0801644912096
forecast_5891,2025-09-03 11:00:00,3779.9999356269836,2213.808600416988,1826.0446955296763
forecast_5892,2025-09-03 12:00:00,3455.9999227523804,2375.103725769774,1747.3393183483702
forecast_5893,2025-09-03 13:00:00,3455.9999227523804,2321.600252307978,1906.740762134417
forecast_5894,2025-09-03 14:00:00,3455.9999227523804,2379.2213456993286,1921.5518104583
forecast_5895,2025-09-03 15:00:00,3455.9999227523804,2347.089739401158,1840.71967337912
forecast_5896,2025-09-03 16:00:00,3455.9999227523804,2368.3390093547514,2033.1876943362083
forecast_5897,2025-09-03 17:00:00,3348.0000257492065,2388.350448341877,2198.195678111464
forecast_5898,2025-09-03 18:00:00,3779.9999356269836,2519.98959042017,2378.1269983515085
forecast_5899,2025-09-03 19:00:00,3564.000141620636,2411.3705857695645,2706.814040254344
forecast_5900,2025-09-03 20:00:00,3455.9999227523804,2595.657813069909,2645.499984483299
forecast_5901,2025-09-03 21:00:00,3779.9999356269836,2669.902813745738,2655.417990712432
forecast_5902,2025-09-03 22:00:00,3779.9999356269836,2770.764404396604,2556.085026801047
forecast_5903,2025-09-03 23:00:00,3888.0001544952393,2649.6134441890345,2393.159793277968
forecast_5904,2025-09-04 00:00:00,3779.9999356269836,2678.500406657185,2367.916096286233
forecast_5905,2025-09-04 01:00:00,3779.9999356269836,2668.459844257813,2206.571081317891
forecast_5906,2025-09-04 02:00:00,3888.0001544952393,2705.5187902166854,2263.0401202334183
forecast_5907,2025-09-04 03:00:00,3564.000141620636,2569.548583994941,2391.5797337195622
forecast_5908,2025-09-04 04:00:00,3564.000141620636,2702.2165698304543,2284.141094750558
forecast_5909,2025-09-04 05:00:00,3455.9999227523804,2713.82272935748,2313.769403751281
forecast_5910,2025-09-04 06:00:00,3888.0001544952393,2836.3964842646496,2393.832898772778
forecast_5911,2025-09-04 07:00:00,3888.0001544952393,2984.297614261705,2347.0641936484644
forecast_5912,2025-09-04 08:00:00,3888.0001544952393,2887.9123164199937,2254.865789313808
forecast_5913,2025-09-04 09:00:00,3888.0001544952393,2753.0017510058333,2106.322909416441
forecast_5914,2025-09-04 10:00:00,3672.00003862381,2611.970704765158,1950.151132458265
forecast_5915,2025-09-04 11:00:00,3455.9999227523804,2604.108076882232,1885.4171972462475
forecast_5916,2025-09-04 12:00:00,3672.00003862381,2493.539913911208,1759.8039576975568
forecast_5917,2025-09-04 13:00:00,3672.00003862381,2593.039692056621,1816.8153070188
forecast_5918,2025-09-04 14:00:00,3672.00003862381,2683.106066884972,1812.929012141304
forecast_5919,2025-09-04 15:00:00,3455.9999227523804,2799.608100341347,1860.4607565989384
forecast_5920,2025-09-04 16:00:00,3779.9999356269836,2976.7839202169725,1916.2303221081793
forecast_5921,2025-09-04 17:00:00,3779.9999356269836,3050.1724519907893,2101.215090480692
forecast_5922,2025-09-04 18:00:00,3779.9999356269836,2942.452784108576,1968.0866535644493
forecast_5923,2025-09-04 19:00:00,3779.9999356269836,3043.9322342067844,2451.4251695546664
forecast_5924,2025-09-04 20:00:00,3888.0001544952393,3166.375624636777,2563.318540070323
forecast_5925,2025-09-04 21:00:00,3888.0001544952393,3348.4517914693206,2454.503000503432
forecast_5926,2025-09-04 22:00:00,3888.0001544952393,3223.6424119335443,2417.970002136813
forecast_5927,2025-09-04 23:00:00,3888.0001544952393,3274.7709496132734,2324.649271842347
forecast_5928,2025-09-05 00:00:00,3888.0001544952393,3239.7596747542334,2429.6404525733988
forecast_5929,2025-09-05 01:00:00,3888.0001544952393,3069.7385002593514,2273.551804429326
forecast_5930,2025-09-05 02:00:00,3888.0001544952393,3143.4639570727727,2451.0587346393045
forecast_5931,2025-09-05 03:00:00,4103.999948501587,3231.0494513963304,2501.739498651193
forecast_5932,2025-09-05 04:00:00,3996.000051498413,3219.22423816062,2454.572188687723
forecast_5933,2025-09-05 05:00:00,3888.0001544952393,3333.123734574411,2463.8893080085254
forecast_5934,2025-09-05 06:00:00,3888.0001544952393,3388.349278540971,2467.749657173004
forecast_5935,2025-09-05 07:00:00,3888.0001544952393,3347.364434424432,2389.7447856251447
forecast_5936,2025-09-05 08:00:00,3779.9999356269836,3089.847962669542,2276.697022659668
forecast_5937,2025-09-05 09:00:00,3888.0001544952393,2760.045036466164,1965.607860837321
forecast_5938,2025-09-05 10:00:00,3455.9999227523804,2582.567074984011,2091.347133384954
forecast_5939,2025-09-05 11:00:00,3455.9999227523804,2533.9195513561845,2227.4994201856484
forecast_5940,2025-09-05 12:00:00,3779.9999356269836,2436.0919231957823,2105.432066325313
forecast_5941,2025-09-05 13:00:00,3779.9999356269836,2242.7305910916325,1967.686719638324
forecast_5942,2025-09-05 14:00:00,3455.9999227523804,2254.145242451576,1985.0764951080976
forecast_5943,2025-09-05 15:00:00,3348.0000257492065,2175.082959309558,2024.7573927728308
forecast_5944,2025-09-05 16:00:00,3455.9999227523804,2110.3188353321384,2088.095904419428
forecast_5945,2025-09-05 17:00:00,3564.000141620636,2323.578229091421,2073.3008661723247
forecast_5946,2025-09-05 18:00:00,3779.9999356269836,2741.7224465881545,2538.851120289652
forecast_5947,2025-09-05 19:00:00,3888.0001544952393,3176.848715165816,3052.88528106991
forecast_5948,2025-09-05 20:00:00,3888.0001544952393,3734.484110221656,3278.24021350916
forecast_5949,2025-09-05 21:00:00,3888.0001544952393,4051.1026993846335,3420.398146129556
forecast_5950,2025-09-05 22:00:00,3888.0001544952393,4721.915504781649,3585.1983585579283
forecast_5951,2025-09-05 23:00:00,4211.999845504761,5627.460262270815,3907.573442905023
forecast_5952,2025-09-06 00:00:00,4211.999845504761,6056.790045906642,4016.153429125877
forecast_5953,2025-09-06 01:00:00,9828.000283241272,10568.09693172162,6564.027163737808
forecast_5954,2025-09-06 02:00:00,10151.999974250793,13106.627119553405,7542.6906159205955
forecast_5955,2025-09-06 03:00:00,11556.000566482544,13929.550377842965,8575.047087255603
forecast_5956,2025-09-06 04:00:00,12311.99984550476,14398.999568006033,10202.039718462076
forecast_5957,2025-09-06 05:00:00,15119.999742507935,14474.761870064003,10328.454822993874
forecast_5958,2025-09-06 06:00:00,15660.00051498413,14896.537846800751,11447.911501947445
forecast_5959,2025-09-06 07:00:00,16956.000566482544,15202.119714439174,12297.766755162036
forecast_5960,2025-09-06 08:00:00,16307.999897003174,14254.984547811146,11155.80933954919
forecast_5961,2025-09-06 09:00:00,15984.000205993652,13657.961770083764,11378.78471195857
forecast_5962,2025-09-06 10:00:00,14039.99948501587,12498.56822537592,11078.158595580266
forecast_5963,2025-09-06 11:00:00,14039.99948501587,12286.731885871532,11180.82683459136
forecast_5964,2025-09-06 12:00:00,14039.99948501587,13981.444393430733,12090.89358243345
forecast_5965,2025-09-06 13:00:00,11664.000463485718,14659.61219442539,12452.949593584472
forecast_5966,2025-09-06 14:00:00,11880.000257492065,14249.699239520744,11910.224732560426
forecast_5967,2025-09-06 15:00:00,14039.99948501587,14651.460829945538,12611.847708024548
forecast_5968,2025-09-06 16:00:00,17603.999948501587,15294.62457687845,12981.651378429193
forecast_5969,2025-09-06 17:00:00,14039.99948501587,15420.338181732655,13690.634317179894
forecast_5970,2025-09-06 18:00:00,14147.999382019043,16147.30957011932,13397.365613981588
forecast_5971,2025-09-06 19:00:00,14580.000257492065,16712.63373951415,13910.912886271088
forecast_5972,2025-09-06 20:00:00,14580.000257492065,16914.815069793156,13852.92859181408
forecast_5973,2025-09-06 21:00:00,14580.000257492065,17041.169063980364,14650.27669668867
forecast_5974,2025-09-06 22:00:00,14688.00015449524,17450.791747639116,15502.148140901398
forecast_5975,2025-09-06 23:00:00,14580.000257492065,17678.526477183175,15443.070451677728
forecast_5976,2025-09-07 00:00:00,14688.00015449524,17996.92265753495,15330.863705782302
forecast_5977,2025-09-07 01:00:00,15552.000617980957,17855.300562649663,16461.55316644439
forecast_5978,2025-09-07 02:00:00,15119.999742507935,18170.18601293463,16464.35967390013
forecast_5979,2025-09-07 03:00:00,15119.999742507935,17849.634531489344,15420.02183949644
forecast_5980,2025-09-07 04:00:00,15119.999742507935,17335.161555827322,14926.926639291109
forecast_5981,2025-09-07 05:00:00,15119.999742507935,16749.863673612195,14071.22005410568
forecast_5982,2025-09-07 06:00:00,14688.00015449524,15301.64429190441,12592.26428810454
forecast_5983,2025-09-07 07:00:00,14688.00015449524,13814.412810348198,12174.549877260939
forecast_5984,2025-09-07 08:00:00,14580.000257492065,13801.105283891146,11994.480510987352
forecast_5985,2025-09-07 09:00:00,13392.000102996826,11368.381701392558,9148.853334042644
forecast_5986,2025-09-07 10:00:00,10476.000308990479,9719.350843962202,7659.347408318419
forecast_5987,2025-09-07 11:00:00,10151.999974250793,9862.979140515625,6941.995022261283
forecast_5988,2025-09-07 12:00:00,5615.999794006348,6021.883975659918,3587.473571896703
forecast_5989,2025-09-07 13:00:00,3888.0001544952393,4904.456341117822,3559.9958109715403
forecast_5990,2025-09-07 14:00:00,5615.999794006348,4552.834613535357,3272.530982718321
forecast_5991,2025-09-07 15:00:00,4211.999845504761,4529.573228725375,3590.4125036935493
forecast_5992,2025-09-07 16:00:00,4211.999845504761,4155.638108061081,3227.396652749381
forecast_5993,2025-09-07 17:00:00,5183.999884128571,4792.765261079078,3689.817532867097
forecast_5994,2025-09-07 18:00:00,6263.999819755554,5552.454051899888,5156.0774666359885
forecast_5995,2025-09-07 19:00:00,10259.999871253967,7555.600624051712,6037.923727168765
forecast_5996,2025-09-07 20:00:00,13392.000102996826,9970.140591208168,8109.433569740881
forecast_5997,2025-09-07 21:00:00,12527.999639511108,11111.804561302995,7103.223883484998
forecast_5998,2025-09-07 22:00:00,12852.000617980957,11966.514919575058,8550.079658353057
forecast_5999,2025-09-07 23:00:00,12852.000617980957,12070.182584217557,9122.41207771746
forecast_6000,2025-09-08 00:00:00,13284.000205993652,12312.0325963431,9722.675222462029
forecast_6001,2025-09-08 01:00:00,10044.00007724762,9565.424729699143,6105.196739652585
forecast_6002,2025-09-08 02:00:00,7559.999871253967,9205.422273103934,6434.175869442642
forecast_6003,2025-09-08 03:00:00,7559.999871253967,7421.902279667135,5239.800345323035
forecast_6004,2025-09-08 04:00:00,8963.999819755554,5793.744832416836,4628.830844152576
forecast_6005,2025-09-08 05:00:00,7128.000283241272,4280.50437368634,3988.606581789814
forecast_6006,2025-09-08 06:00:00,3996.000051498413,3339.3280877442376,2823.3107000654422
forecast_6007,2025-09-08 07:00:00,3888.0001544952393,3496.8815361029638,3084.895747046698
forecast_6008,2025-09-08 08:00:00,3455.9999227523804,2946.622363190585,3013.6165712231104
forecast_6009,2025-09-08 09:00:00,3455.9999227523804,2844.247716266814,2536.5110846036628
forecast_6010,2025-09-08 10:00:00,3779.9999356269836,2532.6359142059823,2145.45491810711
forecast_6011,2025-09-08 11:00:00,3779.9999356269836,2672.1008365533294,2176.4757202647606
forecast_6012,2025-09-08 12:00:00,3888.0001544952393,2737.091200809098,2462.8664295644007
forecast_6013,2025-09-08 13:00:00,3888.0001544952393,2901.720786293868,2551.9672810194324
forecast_6014,2025-09-08 14:00:00,3779.9999356269836,2718.723759945444,2870.152367356732
forecast_6015,2025-09-08 15:00:00,3455.9999227523804,2746.314668623077,2356.398546003448
forecast_6016,2025-09-08 16:00:00,3888.0001544952393,3329.034649024588,2690.238365389428
forecast_6017,2025-09-08 17:00:00,4427.99996137619,3866.3657166269295,2805.1276815757005
forecast_6018,2025-09-08 18:00:00,3888.0001544952393,3233.9124174299272,2685.829205328196
forecast_6019,2025-09-08 19:00:00,4427.99996137619,3367.1540013385334,3164.895762114822
forecast_6020,2025-09-08 20:00:00,3888.0001544952393,3571.0460143114115,2740.253472129245
forecast_6021,2025-09-08 21:00:00,3888.0001544952393,4183.096463244054,3083.842311129402
forecast_6022,2025-09-08 22:00:00,3888.0001544952393,4126.675102465523,2911.00363815138
forecast_6023,2025-09-08 23:00:00,3888.0001544952393,3917.266403940716,2539.1011396166105
forecast_6024,2025-09-09 00:00:00,3888.0001544952393,3584.1044839336478,2690.1188332671845
forecast_6025,2025-09-09 01:00:00,3888.0001544952393,3801.373558113078,3116.414364235536
forecast_6026,2025-09-09 02:00:00,3888.0001544952393,4074.320453150036,2990.7217453500725
forecast_6027,2025-09-09 03:00:00,3888.0001544952393,3654.084660069944,2522.5726883606835
forecast_6028,2025-09-09 04:00:00,3888.0001544952393,3699.942719446651,2609.603563000144
forecast_6029,2025-09-09 05:00:00,3888.0001544952393,3582.943527581426,2630.792700474063
forecast_6030,2025-09-09 06:00:00,3996.000051498413,3591.5270892252724,2710.8114962236573
forecast_6031,2025-09-09 07:00:00,3888.0001544952393,3322.700088045888,2929.647868496565
forecast_6032,2025-09-09 08:00:00,3888.0001544952393,2944.6136607454505,2529.6674838864883
forecast_6033,2025-09-09 09:00:00,3888.0001544952393,2671.007061453136,2578.788534996332
forecast_6034,2025-09-09 10:00:00,3888.0001544952393,3001.429049636801,2449.732058635905
forecast_6035,2025-09-09 11:00:00,3888.0001544952393,2888.248659874488,2466.053381021396
forecast_6036,2025-09-09 12:00:00,3888.0001544952393,3169.428690567936,2415.5663953389403
forecast_6037,2025-09-09 13:00:00,3779.9999356269836,3010.8264676594126,2534.9859442850434
forecast_6038,2025-09-09 14:00:00,3779.9999356269836,3040.0838848536937,2851.49457405441
forecast_6039,2025-09-09 15:00:00,3779.9999356269836,2979.088647105939,2597.5921262735496
forecast_6040,2025-09-09 16:00:00,3888.0001544952393,2991.4436876271766,2738.3086542079964
forecast_6041,2025-09-09 17:00:00,3779.9999356269836,2989.5683602582176,2611.447585754488
forecast_6042,2025-09-09 18:00:00,3672.00003862381,3244.0370953113365,2717.227963669151
forecast_6043,2025-09-09 19:00:00,3888.0001544952393,3385.653206886408,2787.7247928899064
forecast_6044,2025-09-09 20:00:00,3779.9999356269836,3004.038981448721,2626.1091533545937
forecast_6045,2025-09-09 21:00:00,3888.0001544952393,3077.3061319679864,2625.09810817359
forecast_6046,2025-09-09 22:00:00,3888.0001544952393,3161.674050980557,2880.0244237945903
forecast_6047,2025-09-09 23:00:00,3888.0001544952393,3130.777722315884,2884.1760813843966
forecast_6048,2025-09-10 00:00:00,3888.0001544952393,2937.1783293731564,2806.490713468071
forecast_6049,2025-09-10 01:00:00,3888.0001544952393,3409.8896834442526,2491.60159292771
forecast_6050,2025-09-10 02:00:00,3888.0001544952393,3286.6609326734447,2846.6145558180165
forecast_6051,2025-09-10 03:00:00,3888.0001544952393,3516.63931221718,2978.3623764304175
forecast_6052,2025-09-10 04:00:00,3888.0001544952393,3270.5178108586333,2841.835495564988
forecast_6053,2025-09-10 05:00:00,3888.0001544952393,3448.561035591246,2774.994696202458
forecast_6054,2025-09-10 06:00:00,3888.0001544952393,3423.4174941210767,2834.319684978162
forecast_6055,2025-09-10 07:00:00,3888.0001544952393,3666.050213963325,2889.2823892690444
forecast_6056,2025-09-10 08:00:00,3888.0001544952393,3437.612555305843,2700.632617472272
forecast_6057,2025-09-10 09:00:00,3888.0001544952393,3046.146202030704,2613.3198475344434
forecast_6058,2025-09-10 10:00:00,3455.9999227523804,2755.334702172769,2504.064197716053
forecast_6059,2025-09-10 11:00:00,3455.9999227523804,2656.904793240384,2212.511024275507
forecast_6060,2025-09-10 12:00:00,3455.9999227523804,2527.3511948343807,2111.504100101914
forecast_6061,2025-09-10 13:00:00,3455.9999227523804,2447.445736072408,2041.021197907771
forecast_6062,2025-09-10 14:00:00,3455.9999227523804,2181.196210551785,2229.4650552287644
forecast_6063,2025-09-10 15:00:00,3672.00003862381,2179.806531287723,2342.411105165608
forecast_6064,2025-09-10 16:00:00,3672.00003862381,2381.279239280807,2345.045801187716
forecast_6065,2025-09-10 17:00:00,3672.00003862381,2400.2227150828035,2307.326686373601
forecast_6066,2025-09-10 18:00:00,3564.000141620636,2555.0031071445064,2419.6319570497244
forecast_6067,2025-09-10 19:00:00,3888.0001544952393,2830.248957531073,2406.2851492854184
forecast_6068,2025-09-10 20:00:00,3888.0001544952393,3046.76688459271,2790.40222738706
forecast_6069,2025-09-10 21:00:00,3888.0001544952393,3047.52703352558,2689.499141117378
forecast_6070,2025-09-10 22:00:00,3888.0001544952393,3201.398292097136,2883.488687279768
forecast_6071,2025-09-10 23:00:00,3888.0001544952393,3351.3964944792538,2817.8494475335706
forecast_6072,2025-09-11 00:00:00,3888.0001544952393,3300.3176600651195,2675.081562238189
forecast_6073,2025-09-11 01:00:00,3888.0001544952393,3016.5765916138903,2727.1677313429664
forecast_6074,2025-09-11 02:00:00,3888.0001544952393,3011.8389701615,2730.8010734682475
forecast_6075,2025-09-11 03:00:00,3888.0001544952393,3123.6923508207165,2662.78215342037
forecast_6076,2025-09-11 04:00:00,3888.0001544952393,3258.0279134259245,2759.6883858783312
forecast_6077,2025-09-11 05:00:00,3888.0001544952393,3754.5572192052728,2744.864203560748
forecast_6078,2025-09-11 06:00:00,3996.000051498413,4161.730117126997,2926.267192940284
forecast_6079,2025-09-11 07:00:00,4211.999845504761,4764.5728564534775,2988.882032917692
forecast_6080,2025-09-11 08:00:00,4103.999948501587,4610.202199464801,2992.703727088449
forecast_6081,2025-09-11 09:00:00,3888.0001544952393,4147.027079500786,2742.053481872405
forecast_6082,2025-09-11 10:00:00,3888.0001544952393,3482.6367338909317,2428.1753055856584
forecast_6083,2025-09-11 11:00:00,3888.0001544952393,3308.357120954069,2567.983749593915
forecast_6084,2025-09-11 12:00:00,3888.0001544952393,3285.878215707899,2621.7870657111544
forecast_6085,2025-09-11 13:00:00,3888.0001544952393,3298.9598799420814,2570.8014996589363
forecast_6086,2025-09-11 14:00:00,3888.0001544952393,3254.880640364001,2554.965790324536
forecast_6087,2025-09-11 15:00:00,3888.0001544952393,3157.64773866164,2626.1928685402977
forecast_6088,2025-09-11 16:00:00,3779.9999356269836,3133.8804202966217,2286.8979184159543
forecast_6089,2025-09-11 17:00:00,3888.0001544952393,2981.117672614885,2309.5206049403023
forecast_6090,2025-09-11 18:00:00,3888.0001544952393,3595.535347376358,2565.976230564965
forecast_6091,2025-09-11 19:00:00,3888.0001544952393,4618.466759834945,2846.1251008493696
forecast_6092,2025-09-11 20:00:00,4211.999845504761,5513.288910149122,3328.298991633708
forecast_6093,2025-09-11 21:00:00,4211.999845504761,5778.251632486137,3690.216233570004
forecast_6094,2025-09-11 22:00:00,5723.9996910095215,6506.178540852866,3954.297476036933
forecast_6095,2025-09-11 23:00:00,6480.000257492065,6901.012317784976,4072.457568118592
forecast_6096,2025-09-12 00:00:00,5723.9996910095215,6288.055457620947,3753.4859816203593
forecast_6097,2025-09-12 01:00:00,5723.9996910095215,6131.32746998093,3402.959867288201
forecast_6098,2025-09-12 02:00:00,5723.9996910095215,5978.513351057055,3237.151665112397
forecast_6099,2025-09-12 03:00:00,4103.999948501587,4702.319694213262,3022.617136773348
forecast_6100,2025-09-12 04:00:00,3996.000051498413,4647.020587404914,2949.3454598625744
forecast_6101,2025-09-12 05:00:00,3996.000051498413,4501.705514340506,2963.787861803614
forecast_6102,2025-09-12 06:00:00,3888.0001544952393,4323.40933804468,2703.2869859402217
forecast_6103,2025-09-12 07:00:00,3888.0001544952393,4491.440394336881,2766.8884051407385
forecast_6104,2025-09-12 08:00:00,3888.0001544952393,4118.601883138025,2715.3899554868312
forecast_6105,2025-09-12 09:00:00,3888.0001544952393,4232.44722559306,2834.4468004646856
forecast_6106,2025-09-12 10:00:00,3888.0001544952393,3360.555007875866,2583.875194143087
forecast_6107,2025-09-12 11:00:00,3888.0001544952393,3549.5791519261147,2768.608938755936
forecast_6108,2025-09-12 12:00:00,3888.0001544952393,3396.08327740001,2682.075745090621
forecast_6109,2025-09-12 13:00:00,3888.0001544952393,3308.330437683302,2615.506674210917
forecast_6110,2025-09-12 14:00:00,3779.9999356269836,3160.436608067375,2396.1534722444394
forecast_6111,2025-09-12 15:00:00,3888.0001544952393,3476.049102976228,2500.917389649584
forecast_6112,2025-09-12 16:00:00,3888.0001544952393,3693.832471398192,2459.537962208516
forecast_6113,2025-09-12 17:00:00,3888.0001544952393,3927.2346614871694,2547.279454107655
forecast_6114,2025-09-12 18:00:00,3888.0001544952393,4000.5129192971535,2978.0208074445727
forecast_6115,2025-09-12 19:00:00,3888.0001544952393,3748.4641170105806,2909.5661544919835
forecast_6116,2025-09-12 20:00:00,3888.0001544952393,4614.200475366289,3439.585809862547
forecast_6117,2025-09-12 21:00:00,4211.999845504761,5068.1048901862105,3548.5695731235214
forecast_6118,2025-09-12 22:00:00,4859.999871253967,5243.47297505162,3840.0317432482375
forecast_6119,2025-09-12 23:00:00,4427.99996137619,5357.924405251838,3805.353036061047
forecast_6120,2025-09-13 00:00:00,4859.999871253967,5253.31196903504,3634.55122415968
forecast_6121,2025-09-13 01:00:00,4427.99996137619,5536.532661559687,4324.408286169526
forecast_6122,2025-09-13 02:00:00,4427.99996137619,6508.914441195591,5117.751499980145
forecast_6123,2025-09-13 03:00:00,5723.9996910095215,7018.648080321098,5489.712240147533
forecast_6124,2025-09-13 04:00:00,7776.0003089904785,8770.674766102671,6174.82872902907
forecast_6125,2025-09-13 05:00:00,7776.0003089904785,9230.83082276955,6164.150651404162
forecast_6126,2025-09-13 06:00:00,13176.000308990479,11634.85731955874,8349.491325787492
forecast_6127,2025-09-13 07:00:00,13715.999794006348,11983.301721357942,7913.293376360688
forecast_6128,2025-09-13 08:00:00,13176.000308990479,12917.624264466343,11137.2218877566
forecast_6129,2025-09-13 09:00:00,12743.999433517456,12405.457438236837,10504.72496169452
forecast_6130,2025-09-13 10:00:00,12203.999948501587,11786.85030735167,12093.623720810752
forecast_6131,2025-09-13 11:00:00,9396.000051498413,10403.584901921477,7780.163557282234
forecast_6132,2025-09-13 12:00:00,7776.0003089904785,8309.344550404157,6189.5165709900375
forecast_6133,2025-09-13 13:00:00,5183.999884128571,7277.3438034921555,4705.622216379571
forecast_6134,2025-09-13 14:00:00,3888.0001544952393,4641.782541328314,3475.756009744676
forecast_6135,2025-09-13 15:00:00,3888.0001544952393,3851.882273668612,3511.3435744712865
forecast_6136,2025-09-13 16:00:00,3779.9999356269836,3330.7540989192503,2798.918880250516
forecast_6137,2025-09-13 17:00:00,3888.0001544952393,3413.8134970316028,2539.1147670304
forecast_6138,2025-09-13 18:00:00,3888.0001544952393,3440.367398117385,3109.530615384187
forecast_6139,2025-09-13 19:00:00,3888.0001544952393,3038.6210698160767,2565.452794847577
forecast_6140,2025-09-13 20:00:00,3888.0001544952393,2790.607162926892,2573.873082687213
forecast_6141,2025-09-13 21:00:00,3888.0001544952393,2875.840586925257,2985.5312450118004
forecast_6142,2025-09-13 22:00:00,3888.0001544952393,2713.805686064532,2621.331782497819
forecast_6143,2025-09-13 23:00:00,3888.0001544952393,2765.978459287954,2558.2840433177025
forecast_6144,2025-09-14 00:00:00,3888.0001544952393,2528.042539323663,2811.129897537244
forecast_6145,2025-09-14 01:00:00,3888.0001544952393,3346.1775257162076,2762.960127483381
forecast_6146,2025-09-14 02:00:00,3888.0001544952393,3203.172871579829,2806.656754071525
forecast_6147,2025-09-14 03:00:00,3779.9999356269836,3159.8729750232283,2662.4999215364983
forecast_6148,2025-09-14 04:00:00,3888.0001544952393,3177.989235227115,2581.603245004236
forecast_6149,2025-09-14 05:00:00,3888.0001544952393,3326.0238989200875,2916.522685692839
forecast_6150,2025-09-14 06:00:00,3888.0001544952393,3267.223486001055,2889.7816434334
forecast_6151,2025-09-14 07:00:00,3888.0001544952393,3258.522893215303,3012.3875861369047
forecast_6152,2025-09-14 08:00:00,3888.0001544952393,3508.5055812034184,3018.887068002301
forecast_6153,2025-09-14 09:00:00,3888.0001544952393,3413.830437603402,2877.3073142901294
forecast_6154,2025-09-14 10:00:00,3888.0001544952393,3384.7718671809444,2849.670469081
forecast_6155,2025-09-14 11:00:00,3888.0001544952393,3128.064922092416,2572.8653266375327
forecast_6156,2025-09-14 12:00:00,3888.0001544952393,2888.7050926314005,2049.5633707215497
forecast_6157,2025-09-14 13:00:00,3888.0001544952393,2766.8049277003447,1938.0248457615303
forecast_6158,2025-09-14 14:00:00,3888.0001544952393,2904.006957154698,1881.1000893444293
forecast_6159,2025-09-14 15:00:00,3888.0001544952393,3259.6626736331777,2364.1298285631983
forecast_6160,2025-09-14 16:00:00,3996.000051498413,3407.2079558952782,2133.7484339853168
forecast_6161,2025-09-14 17:00:00,4211.999845504761,4156.339516724541,2898.318575883104
forecast_6162,2025-09-14 18:00:00,5292.000102996826,5688.277571603779,4294.8170880537145
forecast_6163,2025-09-14 19:00:00,6480.000257492065,7274.118562984872,5498.113596206218
forecast_6164,2025-09-14 20:00:00,11339.99948501587,11002.524505454792,7728.415778015216
forecast_6165,2025-09-14 21:00:00,11772.000360488892,12540.552032378653,8772.457612918295
forecast_6166,2025-09-14 22:00:00,16415.999794006348,15256.417843020074,12028.099819398189
forecast_6167,2025-09-14 23:00:00,17172.00036048889,15786.939283753556,13259.184847383664
forecast_6168,2025-09-15 00:00:00,17172.00036048889,16013.455193271107,13840.1116844865
forecast_6169,2025-09-15 01:00:00,17603.999948501587,15876.306497709103,11731.818029137114
forecast_6170,2025-09-15 02:00:00,15984.000205993652,14031.49993252112,10412.135713415924
forecast_6171,2025-09-15 03:00:00,14580.000257492065,12252.811232899045,8844.84939112937
forecast_6172,2025-09-15 04:00:00,14688.00015449524,12398.748629935855,8595.516320260365
forecast_6173,2025-09-15 05:00:00,11231.999588012695,10705.39888000736,6723.370047278408
forecast_6174,2025-09-15 06:00:00,10044.00007724762,7829.191959092475,4890.3805155358295
forecast_6175,2025-09-15 07:00:00,4751.9999742507935,4948.298337349049,3804.426440220013
forecast_6176,2025-09-15 08:00:00,4427.99996137619,3991.087588398036,3450.05138438168
forecast_6177,2025-09-15 09:00:00,3888.0001544952393,3148.884175964931,2748.9227588237177
forecast_6178,2025-09-15 10:00:00,3779.9999356269836,2835.153647431706,2610.401392354393
forecast_6179,2025-09-15 11:00:00,3888.0001544952393,2611.1047226085298,2142.61542380479
forecast_6180,2025-09-15 12:00:00,3888.0001544952393,2799.682205123461,2288.3464632055293
forecast_6181,2025-09-15 13:00:00,3888.0001544952393,2618.1942491645723,2405.155950042865
forecast_6182,2025-09-15 14:00:00,3888.0001544952393,2697.4742027468933,2106.932322019428
forecast_6183,2025-09-15 15:00:00,3888.0001544952393,3050.979650111015,2368.114855414829
forecast_6184,2025-09-15 16:00:00,3888.0001544952393,2952.694132165872,2412.155631090372
forecast_6185,2025-09-15 17:00:00,4211.999845504761,3513.3109416667207,3129.1280368027674
forecast_6186,2025-09-15 18:00:00,4751.9999742507935,4182.667365346631,3905.6448650784105
forecast_6187,2025-09-15 19:00:00,4859.999871253967,4897.840372764299,4252.511272295228
forecast_6188,2025-09-15 20:00:00,8855.99992275238,6081.659870601499,4878.157036244978
forecast_6189,2025-09-15 21:00:00,7451.9999742507935,6311.470308747233,4393.472830895072
forecast_6190,2025-09-15 22:00:00,4751.9999742507935,5770.699903422312,4192.35251772769
forecast_6191,2025-09-15 23:00:00,4211.999845504761,5509.187670351991,3557.5969944625926
forecast_6192,2025-09-16 00:00:00,4211.999845504761,5899.145411728202,3806.7120037961536
forecast_6193,2025-09-16 01:00:00,10259.999871253967,8022.609538105466,5747.910057928246
forecast_6194,2025-09-16 02:00:00,10044.00007724762,9054.27657056487,6733.522826060639
forecast_6195,2025-09-16 03:00:00,10044.00007724762,9652.966694919356,6082.726479468947
forecast_6196,2025-09-16 04:00:00,11231.999588012695,10391.647030410062,6903.118957124048
forecast_6197,2025-09-16 05:00:00,11447.999382019043,11100.879209486093,7618.855386607366
forecast_6198,2025-09-16 06:00:00,13500.0,12286.699706474428,8575.19220037927
forecast_6199,2025-09-16 07:00:00,13500.0,11426.659503773702,7825.117969809125
forecast_6200,2025-09-16 08:00:00,10259.999871253967,9015.047286513114,6078.221327870871
forecast_6201,2025-09-16 09:00:00,9719.999742507935,8129.0539837280285,4833.385383648172
forecast_6202,2025-09-16 10:00:00,5615.999794006348,5784.01348935131,3960.061646329172
forecast_6203,2025-09-16 11:00:00,5615.999794006348,5550.542665163367,4533.710850831064
forecast_6204,2025-09-16 12:00:00,5615.999794006348,6750.960650669469,4463.196968717679
forecast_6205,2025-09-16 13:00:00,6371.999716758728,7379.975720211025,4828.161980288686
forecast_6206,2025-09-16 14:00:00,6911.999845504761,7615.248928513639,5804.5023579662975
forecast_6207,2025-09-16 15:00:00,10259.999871253967,8128.538630484444,7435.914817661066
forecast_6208,2025-09-16 16:00:00,10476.000308990479,6912.534136279721,7141.507666982666
forecast_6209,2025-09-16 17:00:00,6696.000051498413,6762.404907513379,5885.911289120152
forecast_6210,2025-09-16 18:00:00,5292.000102996826,7179.173914862301,5235.591225946462
forecast_6211,2025-09-16 19:00:00,7559.999871253967,8819.584835036496,7776.5266937435745
forecast_6212,2025-09-16 20:00:00,9936.000180244446,8829.966548930568,7731.333198285583
forecast_6213,2025-09-16 21:00:00,10259.999871253967,9234.26447935384,7364.801152366826
forecast_6214,2025-09-16 22:00:00,10151.999974250793,9742.466507264597,7018.799830826957
forecast_6215,2025-09-16 23:00:00,10151.999974250793,11538.472700890716,7698.132767895755
forecast_6216,2025-09-17 00:00:00,10151.999974250793,12971.63618525389,7921.220940071043
forecast_6217,2025-09-17 01:00:00,14688.00015449524,15843.561405732364,13932.662508474506
forecast_6218,2025-09-17 02:00:00,15119.999742507935,17172.029177871824,14305.151607845202
forecast_6219,2025-09-17 03:00:00,15119.999742507935,17697.855471322997,15698.160508429599
forecast_6220,2025-09-17 04:00:00,15552.000617980957,17886.37333057283,16452.451050286767
forecast_6221,2025-09-17 05:00:00,16092.000102996826,17933.460128042705,16643.391961371297
forecast_6222,2025-09-17 06:00:00,14688.00015449524,16888.09829386465,15452.617216226385
forecast_6223,2025-09-17 07:00:00,14688.00015449524,14217.253634169554,12747.81081564719
forecast_6224,2025-09-17 08:00:00,12635.999536514282,10274.140313758866,7558.649947140826
forecast_6225,2025-09-17 09:00:00,7992.000102996826,8108.583710885296,4781.038184181131
forecast_6226,2025-09-17 10:00:00,4859.999871253967,5269.466818213984,3227.2176737506843
forecast_6227,2025-09-17 11:00:00,4320.000064373016,4169.574105204125,3151.0087224030844
forecast_6228,2025-09-17 12:00:00,3888.0001544952393,4615.3195906504025,3480.6024053265737
forecast_6229,2025-09-17 13:00:00,3888.0001544952393,3699.983742032176,3425.0193097452147
forecast_6230,2025-09-17 14:00:00,4427.99996137619,5542.252934973658,4041.0708646617677
forecast_6231,2025-09-17 15:00:00,5292.000102996826,7370.136120277835,6209.228485298014
forecast_6232,2025-09-17 16:00:00,5292.000102996826,6828.845075916658,5286.880083930389
forecast_6233,2025-09-17 17:00:00,4320.000064373016,4787.143803735084,4007.62980910601
forecast_6234,2025-09-17 18:00:00,4320.000064373016,4011.636455678817,3179.0296359292875
forecast_6235,2025-09-17 19:00:00,3888.0001544952393,3003.1791403934485,2863.5734082976305
forecast_6236,2025-09-17 20:00:00,3888.0001544952393,2595.038417597347,2468.04963533923
forecast_6237,2025-09-17 21:00:00,3888.0001544952393,2929.518702563736,2499.686664987401
forecast_6238,2025-09-17 22:00:00,3888.0001544952393,2775.145543204332,2470.332625040899
forecast_6239,2025-09-17 23:00:00,3888.0001544952393,2560.39169082042,2422.914976465649
forecast_6240,2025-09-18 00:00:00,3888.0001544952393,2325.6130670442035,2465.407937894556
forecast_6241,2025-09-18 01:00:00,3888.0001544952393,2785.8088840982823,2337.38212961213
forecast_6242,2025-09-18 02:00:00,3888.0001544952393,2519.8993506353304,2591.312494076258
forecast_6243,2025-09-18 03:00:00,3455.9999227523804,2772.852829200833,2506.1168223629893
forecast_6244,2025-09-18 04:00:00,3455.9999227523804,2647.544841137824,2263.490181052004
forecast_6245,2025-09-18 05:00:00,4103.999948501587,3022.900915494175,2472.68202401822
forecast_6246,2025-09-18 06:00:00,4103.999948501587,3773.757974463321,2855.360769006362
forecast_6247,2025-09-18 07:00:00,3888.0001544952393,4525.193287461455,3142.067237975353
forecast_6248,2025-09-18 08:00:00,3888.0001544952393,4519.827312441096,3354.2262933518277
forecast_6249,2025-09-18 09:00:00,3888.0001544952393,4723.786093223703,3314.3860156191736
forecast_6250,2025-09-18 10:00:00,3888.0001544952393,4524.665226255403,3266.8499891709685
forecast_6251,2025-09-18 11:00:00,3888.0001544952393,4288.6131239336055,3075.033805995252
forecast_6252,2025-09-18 12:00:00,3888.0001544952393,4126.293156017684,2918.7644851186574
forecast_6253,2025-09-18 13:00:00,3888.0001544952393,4319.007837592216,3002.801489616775
forecast_6254,2025-09-18 14:00:00,3779.9999356269836,4024.001184810627,2877.214975920628
forecast_6255,2025-09-18 15:00:00,3779.9999356269836,3844.342017930807,2932.890431782401
forecast_6256,2025-09-18 16:00:00,3779.9999356269836,3558.836603407672,2694.0970684168497
forecast_6257,2025-09-18 17:00:00,3779.9999356269836,3725.595946956909,2989.8406850739834
forecast_6258,2025-09-18 18:00:00,3888.0001544952393,3629.223333069131,2901.690163764945
forecast_6259,2025-09-18 19:00:00,3888.0001544952393,3764.41311100139,2932.062349457281
forecast_6260,2025-09-18 20:00:00,3455.9999227523804,3819.7333746761456,2864.491459523352
forecast_6261,2025-09-18 21:00:00,3779.9999356269836,4041.7790404846737,3037.8722039509685
forecast_6262,2025-09-18 22:00:00,3888.0001544952393,4070.4437215656217,2923.160584112367
forecast_6263,2025-09-18 23:00:00,3888.0001544952393,3696.770709695863,3016.7491644456672
forecast_6264,2025-09-19 00:00:00,3888.0001544952393,3641.226762622941,2869.2668977861
forecast_6265,2025-09-19 01:00:00,3888.0001544952393,3799.308819860712,2729.182635206071
forecast_6266,2025-09-19 02:00:00,3888.0001544952393,3389.5350723093948,2673.3731545122514
forecast_6267,2025-09-19 03:00:00,3888.0001544952393,3443.138782125529,2680.9342888227943
forecast_6268,2025-09-19 04:00:00,3779.9999356269836,3424.937680737575,2590.661024218605
forecast_6269,2025-09-19 05:00:00,3779.9999356269836,3305.0670143933226,2475.4381498074968
forecast_6270,2025-09-19 06:00:00,3888.0001544952393,3048.475507310009,2390.911511402171
forecast_6271,2025-09-19 07:00:00,3888.0001544952393,3007.3584018031684,2527.543427679797
forecast_6272,2025-09-19 08:00:00,3888.0001544952393,3033.1103837978926,2512.715387782205
forecast_6273,2025-09-19 09:00:00,3888.0001544952393,2705.3032148245898,2319.6070972498405
forecast_6274,2025-09-19 10:00:00,3779.9999356269836,2576.0117524041043,2186.797277047484
forecast_6275,2025-09-19 11:00:00,3455.9999227523804,2538.771225782644,2326.8332141857986
forecast_6276,2025-09-19 12:00:00,3455.9999227523804,2550.0596931152586,2434.532163004038
forecast_6277,2025-09-19 13:00:00,3455.9999227523804,2679.160680942548,2725.810174538211
forecast_6278,2025-09-19 14:00:00,3455.9999227523804,2689.345407197045,2765.873211174429
forecast_6279,2025-09-19 15:00:00,3455.9999227523804,2722.9218505358235,2777.408168374709
forecast_6280,2025-09-19 16:00:00,3564.000141620636,2838.603607298666,2818.389242971756
forecast_6281,2025-09-19 17:00:00,3455.9999227523804,2729.986599241746,2975.738105297473
forecast_6282,2025-09-19 18:00:00,3672.00003862381,2927.602305270148,2827.123722955476
forecast_6283,2025-09-19 19:00:00,3779.9999356269836,3002.8071347859645,2978.9011662352736
forecast_6284,2025-09-19 20:00:00,3779.9999356269836,3009.6998149200417,2843.0992574080447
forecast_6285,2025-09-19 21:00:00,3779.9999356269836,3327.0892271323723,2952.730401342836
forecast_6286,2025-09-19 22:00:00,3888.0001544952393,3583.8482465544657,3024.8676029793974
forecast_6287,2025-09-19 23:00:00,3996.000051498413,3726.643659757785,3156.344720663983
forecast_6288,2025-09-20 00:00:00,4427.99996137619,5742.058973815662,4259.485303912636
forecast_6289,2025-09-20 01:00:00,6480.000257492065,7128.152495479607,4027.019763200035
forecast_6290,2025-09-20 02:00:00,8532.000231742859,8231.607185906983,5386.2137046322505
forecast_6291,2025-09-20 03:00:00,4320.000064373016,6000.766449732821,4227.027631830688
forecast_6292,2025-09-20 04:00:00,3996.000051498413,5649.140731164813,4228.996503419835
forecast_6293,2025-09-20 05:00:00,5723.9996910095215,6830.525139550279,3952.761850914249
forecast_6294,2025-09-20 06:00:00,8748.000025749207,8306.24982501075,5265.897043185774
forecast_6295,2025-09-20 07:00:00,5723.9996910095215,5862.956392150637,3807.2651829847855
forecast_6296,2025-09-20 08:00:00,4751.9999742507935,4975.800864234253,3615.6461659568586
forecast_6297,2025-09-20 09:00:00,3888.0001544952393,3910.4322152822783,3295.201623818152
forecast_6298,2025-09-20 10:00:00,3888.0001544952393,3302.745151108083,2352.992376922248
forecast_6299,2025-09-20 11:00:00,3888.0001544952393,3135.7787188331454,2860.432213320923
forecast_6300,2025-09-20 12:00:00,4211.999845504761,3322.354750794574,2729.3391417794405
forecast_6301,2025-09-20 13:00:00,3888.0001544952393,3872.1077337913825,2655.317405361913
forecast_6302,2025-09-20 14:00:00,3888.0001544952393,3875.0607717209537,2847.3463351717037
forecast_6303,2025-09-20 15:00:00,3888.0001544952393,3681.4404416286884,2903.3825984049545
forecast_6304,2025-09-20 16:00:00,3888.0001544952393,3611.2889911226825,2915.449313843048
forecast_6305,2025-09-20 17:00:00,3888.0001544952393,3414.8926607862063,2909.27089697462
forecast_6306,2025-09-20 18:00:00,3888.0001544952393,3055.0452768013574,2685.2848522087584
forecast_6307,2025-09-20 19:00:00,3888.0001544952393,3262.537466768529,3000.737573964254
forecast_6308,2025-09-20 20:00:00,3996.000051498413,3590.84662203435,2948.6038817673107
forecast_6309,2025-09-20 21:00:00,3996.000051498413,4025.1514088387867,3194.6753789682766
forecast_6310,2025-09-20 22:00:00,4535.999858379364,3933.0722206850814,2870.476103035198
forecast_6311,2025-09-20 23:00:00,4211.999845504761,4018.3188089344194,3470.5562635288256
forecast_6312,2025-09-21 00:00:00,3888.0001544952393,4572.108729373232,3432.7710746564817
forecast_6313,2025-09-21 01:00:00,4644.00007724762,5089.10113607822,3645.0188732213646
forecast_6314,2025-09-21 02:00:00,4644.00007724762,4748.923449245761,3355.869487689077
forecast_6315,2025-09-21 03:00:00,4535.999858379364,4556.635599611054,3013.66483332338
forecast_6316,2025-09-21 04:00:00,4535.999858379364,4344.008621014257,2737.1259083654654
forecast_6317,2025-09-21 05:00:00,3996.000051498413,4268.586814910425,2894.479969520398
forecast_6318,2025-09-21 06:00:00,4211.999845504761,4965.580018632156,3224.6321175048465
forecast_6319,2025-09-21 07:00:00,4211.999845504761,5092.364655906949,3544.48809892854
forecast_6320,2025-09-21 08:00:00,3888.0001544952393,4522.747177607876,3464.3769115395144
forecast_6321,2025-09-21 09:00:00,3888.0001544952393,4274.2328883436885,3454.727194171363
forecast_6322,2025-09-21 10:00:00,3888.0001544952393,3943.537187437392,3208.425501003741
forecast_6323,2025-09-21 11:00:00,3779.9999356269836,3584.1773381826806,2945.0139283418603
forecast_6324,2025-09-21 12:00:00,3455.9999227523804,3239.358243437023,2548.85793880996
forecast_6325,2025-09-21 13:00:00,3455.9999227523804,2928.1958236356613,2433.9336031226594
forecast_6326,2025-09-21 14:00:00,3455.9999227523804,2936.3651303399433,2407.1462087148143
forecast_6327,2025-09-21 15:00:00,3455.9999227523804,3137.60897719884,2317.8841629720305
forecast_6328,2025-09-21 16:00:00,3455.9999227523804,2981.042848544665,2474.3773275977096
forecast_6329,2025-09-21 17:00:00,3455.9999227523804,3142.2249921620746,3010.926113213091
forecast_6330,2025-09-21 18:00:00,3779.9999356269836,3319.899609108868,2930.064654528708
forecast_6331,2025-09-21 19:00:00,3888.0001544952393,3838.461095324575,3221.953714996129
forecast_6332,2025-09-21 20:00:00,3888.0001544952393,4045.407045400894,3266.0653299664423
forecast_6333,2025-09-21 21:00:00,3888.0001544952393,4833.036331714706,3519.1882952059964
forecast_6334,2025-09-21 22:00:00,4211.999845504761,5510.407737748988,3681.274207163922
forecast_6335,2025-09-21 23:00:00,5723.9996910095215,6321.384863284193,4021.399498079086
forecast_6336,2025-09-22 00:00:00,5940.000128746033,6934.088825825625,4576.463097926672
forecast_6337,2025-09-22 01:00:00,5940.000128746033,6227.887718532579,3685.993621412142
forecast_6338,2025-09-22 02:00:00,5940.000128746033,6613.079436545682,3805.112366448367
forecast_6339,2025-09-22 03:00:00,6263.999819755554,7104.476784294077,4358.352582633338
forecast_6340,2025-09-22 04:00:00,6263.999819755554,6844.662045424877,4229.990262689557
forecast_6341,2025-09-22 05:00:00,6263.999819755554,6935.360259091801,4093.852996129912
forecast_6342,2025-09-22 06:00:00,5940.000128746033,6733.23784019632,3960.109591926665
forecast_6343,2025-09-22 07:00:00,4427.99996137619,6536.204724665087,3917.777635708849
forecast_6344,2025-09-22 08:00:00,4211.999845504761,6355.425859938977,3754.958267486872
forecast_6345,2025-09-22 09:00:00,4103.999948501587,6219.453756959815,3900.113572095795
forecast_6346,2025-09-22 10:00:00,5723.9996910095215,6436.733238930042,4344.367354176738
forecast_6347,2025-09-22 11:00:00,5723.9996910095215,5364.3194824819175,3732.5347997853896
forecast_6348,2025-09-22 12:00:00,3888.0001544952393,4288.177319008781,3367.232582653099
forecast_6349,2025-09-22 13:00:00,3888.0001544952393,4560.04864340008,3199.473973412056
forecast_6350,2025-09-22 14:00:00,3888.0001544952393,4226.738291759944,3202.1514313065395
forecast_6351,2025-09-22 15:00:00,3888.0001544952393,3999.326027980211,3078.9516802532535
forecast_6352,2025-09-22 16:00:00,3888.0001544952393,3557.814967762105,2713.0732529843285
forecast_6353,2025-09-22 17:00:00,3888.0001544952393,3583.6536906194056,2340.6120660117163
forecast_6354,2025-09-22 18:00:00,3888.0001544952393,3430.0107003308867,2558.3052748244445
forecast_6355,2025-09-22 19:00:00,3779.9999356269836,3704.782017887021,2613.5157228037765
forecast_6356,2025-09-22 20:00:00,3996.000051498413,3782.874770645972,2777.6305248130543
forecast_6357,2025-09-22 21:00:00,3996.000051498413,3957.615411434924,2870.2764771180177
forecast_6358,2025-09-22 22:00:00,3996.000051498413,4105.540317251167,3113.92808558756
forecast_6359,2025-09-22 23:00:00,3996.000051498413,3968.8029468054483,2943.924536713728
forecast_6360,2025-09-23 00:00:00,3996.000051498413,3792.402096958627,2871.333460813276
forecast_6361,2025-09-23 01:00:00,3779.9999356269836,3187.132987290628,2543.2891173757216
forecast_6362,2025-09-23 02:00:00,3779.9999356269836,3005.706522656343,2406.2673519761406
forecast_6363,2025-09-23 03:00:00,3779.9999356269836,3248.574473327712,2485.9676639741806
forecast_6364,2025-09-23 04:00:00,3779.9999356269836,3041.267377806878,2400.164430915876
forecast_6365,2025-09-23 05:00:00,3779.9999356269836,3294.9055916667567,2687.4929272495806
forecast_6366,2025-09-23 06:00:00,3779.9999356269836,3469.237901156383,2588.572328280428
forecast_6367,2025-09-23 07:00:00,3888.0001544952393,3702.4827737110218,2641.17029375144
forecast_6368,2025-09-23 08:00:00,3888.0001544952393,3831.3813514666185,2593.833259817878
forecast_6369,2025-09-23 09:00:00,3888.0001544952393,3835.728280242444,2238.569889188898
forecast_6370,2025-09-23 10:00:00,3672.00003862381,3209.7926615334063,2152.4060125547057
forecast_6371,2025-09-23 11:00:00,3455.9999227523804,2768.9910106811553,2137.1915471161187
forecast_6372,2025-09-23 12:00:00,3455.9999227523804,2573.4883237546915,2169.152685872556
forecast_6373,2025-09-23 13:00:00,3455.9999227523804,2424.232236530278,2138.5067241670413
forecast_6374,2025-09-23 14:00:00,3672.00003862381,2492.3140809852625,2195.519226817608
forecast_6375,2025-09-23 15:00:00,3455.9999227523804,2551.60085067524,2070.859338660062
forecast_6376,2025-09-23 16:00:00,3455.9999227523804,2372.243408534768,2185.067968500139
forecast_6377,2025-09-23 17:00:00,3455.9999227523804,2626.194439435523,2297.765093457457
forecast_6378,2025-09-23 18:00:00,3779.9999356269836,3161.211861703198,2419.7896485628453
forecast_6379,2025-09-23 19:00:00,3779.9999356269836,3414.2844610023976,2370.7034796462217
forecast_6380,2025-09-23 20:00:00,3779.9999356269836,3597.5992848425435,2590.8493620782187
forecast_6381,2025-09-23 21:00:00,3779.9999356269836,3305.563040969605,2717.3455360350417
forecast_6382,2025-09-23 22:00:00,3779.9999356269836,3461.4455422323576,2871.3309494983546
forecast_6383,2025-09-23 23:00:00,3779.9999356269836,3303.23873550624,2925.0223879318537
forecast_6384,2025-09-24 00:00:00,3779.9999356269836,3368.4464911355863,2997.391220444248
forecast_6385,2025-09-24 01:00:00,3996.000051498413,3361.079761834884,3381.592471742927
forecast_6386,2025-09-24 02:00:00,3888.0001544952393,3387.052616647196,3242.600999934767
forecast_6387,2025-09-24 03:00:00,3996.000051498413,3987.178263321727,3506.916176090117
forecast_6388,2025-09-24 04:00:00,3996.000051498413,4898.507124464989,4027.31482869489
forecast_6389,2025-09-24 05:00:00,5940.000128746033,6378.120468981208,4684.634667088273
forecast_6390,2025-09-24 06:00:00,5940.000128746033,6785.626650634973,4683.8314190823485
forecast_6391,2025-09-24 07:00:00,4320.000064373016,5173.829578659563,4156.933915112992
forecast_6392,2025-09-24 08:00:00,3996.000051498413,5269.590423942062,4114.021207883548
forecast_6393,2025-09-24 09:00:00,4211.999845504761,6080.860338040959,4445.8874039137545
forecast_6394,2025-09-24 10:00:00,4320.000064373016,6858.469225391593,4473.349098786383
forecast_6395,2025-09-24 11:00:00,7019.999742507935,8439.306224978329,5532.596917847505
forecast_6396,2025-09-24 12:00:00,8855.99992275238,9016.259248928362,6654.310776615493
forecast_6397,2025-09-24 13:00:00,8855.99992275238,10319.484020634018,8235.921343529526
forecast_6398,2025-09-24 14:00:00,8855.99992275238,10788.295227099385,8906.408416673416
forecast_6399,2025-09-24 15:00:00,8855.99992275238,10760.77395735276,8087.792902117329
forecast_6400,2025-09-24 16:00:00,8855.99992275238,10709.859644181031,7840.644060078203
forecast_6401,2025-09-24 17:00:00,6803.999948501587,10489.32296298198,6980.981502197083
forecast_6402,2025-09-24 18:00:00,7451.9999742507935,11106.794363970344,6599.129475374577
forecast_6403,2025-09-24 19:00:00,7451.9999742507935,11104.67801836074,6945.53072693672
forecast_6404,2025-09-24 20:00:00,12852.000617980957,13523.8348683991,8623.855518568595
forecast_6405,2025-09-24 21:00:00,14472.000360488892,15577.628638231565,12188.164911504857
forecast_6406,2025-09-24 22:00:00,15660.00051498413,17862.95948269456,14355.503548571913
forecast_6407,2025-09-24 23:00:00,15119.999742507935,18265.65493782493,15866.400021550187
forecast_6408,2025-09-25 00:00:00,15660.00051498413,17752.95235712405,14993.66530832595
forecast_6409,2025-09-25 01:00:00,15119.999742507935,18357.107371788672,15374.490455868076
forecast_6410,2025-09-25 02:00:00,15660.00051498413,18494.658515782485,16459.69178580551
forecast_6411,2025-09-25 03:00:00,15768.000411987305,18338.07261726276,15684.602623775008
forecast_6412,2025-09-25 04:00:00,15660.00051498413,18317.22018539863,16266.770000546392
forecast_6413,2025-09-25 05:00:00,15660.00051498413,18055.57561788211,16416.228572922668
forecast_6414,2025-09-25 06:00:00,16092.000102996826,18092.58953152341,16049.268296365291
forecast_6415,2025-09-25 07:00:00,15660.00051498413,16634.25687933839,14379.325632822844
forecast_6416,2025-09-25 08:00:00,14688.00015449524,15891.848265881406,12572.736746221974
forecast_6417,2025-09-25 09:00:00,15660.00051498413,16386.687021462738,13179.193818107286
forecast_6418,2025-09-25 10:00:00,16092.000102996826,16488.58211574026,12707.687630105638
forecast_6419,2025-09-25 11:00:00,15660.00051498413,15872.217137147023,12793.26525691074
forecast_6420,2025-09-25 12:00:00,14580.000257492065,15901.068883651598,12550.747696004117
forecast_6421,2025-09-25 13:00:00,16092.000102996826,15698.887621819043,11795.127165671294
forecast_6422,2025-09-25 14:00:00,15552.000617980957,12938.208305878608,10077.01531975159
forecast_6423,2025-09-25 15:00:00,14472.000360488892,12189.146208005151,10121.680692064683
forecast_6424,2025-09-25 16:00:00,15984.000205993652,13477.446282648085,10995.85866104516
forecast_6425,2025-09-25 17:00:00,15660.00051498413,13496.816489674766,10240.020788288832
forecast_6426,2025-09-25 18:00:00,14796.000051498413,15870.71716374024,12471.566749787118
forecast_6427,2025-09-25 19:00:00,16200.0,15843.106935780444,13007.724499889471
forecast_6428,2025-09-25 20:00:00,17064.000463485718,15184.650056638418,13177.475483686432
forecast_6429,2025-09-25 21:00:00,19547.999382019043,16899.848270918555,13643.90628996368
forecast_6430,2025-09-25 22:00:00,18035.999536514282,17043.941004149172,13709.07187985217
forecast_6431,2025-09-25 23:00:00,18035.999536514282,16214.433457803963,11226.625309343612
forecast_6432,2025-09-26 00:00:00,17172.00036048889,15691.09030661925,11544.75572837708
forecast_6433,2025-09-26 01:00:00,11231.999588012695,10892.150877558131,7555.007653051443
forecast_6434,2025-09-26 02:00:00,13500.0,10166.752252011484,7257.321898143307
forecast_6435,2025-09-26 03:00:00,11231.999588012695,8300.246985562655,5756.787654944315
forecast_6436,2025-09-26 04:00:00,6155.99992275238,6084.682846024449,4165.136632026577
forecast_6437,2025-09-26 05:00:00,4751.9999742507935,4089.705354298207,3090.4677811774495
forecast_6438,2025-09-26 06:00:00,3888.0001544952393,3145.5274093185008,2563.378320684937
forecast_6439,2025-09-26 07:00:00,3888.0001544952393,3074.088547402695,2755.133677665413
forecast_6440,2025-09-26 08:00:00,3455.9999227523804,2757.1619099735813,2583.182636108452
forecast_6441,2025-09-26 09:00:00,3455.9999227523804,2558.7474091520703,2165.024704021036
forecast_6442,2025-09-26 10:00:00,3779.9999356269836,2456.274865259191,1997.7555877925213
forecast_6443,2025-09-26 11:00:00,3779.9999356269836,2317.824001929276,2026.987926735288
forecast_6444,2025-09-26 12:00:00,3779.9999356269836,2343.2302290962475,1892.1562663592097
forecast_6445,2025-09-26 13:00:00,3779.9999356269836,2248.692959947163,1975.425178030749
forecast_6446,2025-09-26 14:00:00,3779.9999356269836,2488.335349134676,1994.1026845933627
forecast_6447,2025-09-26 15:00:00,3779.9999356269836,2387.4231691817213,2067.664916383924
forecast_6448,2025-09-26 16:00:00,3888.0001544952393,2427.7875847856467,2129.1866942390784
forecast_6449,2025-09-26 17:00:00,3779.9999356269836,2652.785699954123,2431.9240332993795
forecast_6450,2025-09-26 18:00:00,3564.000141620636,2884.984510045165,2788.7706401832224
forecast_6451,2025-09-26 19:00:00,3888.0001544952393,2996.250067522972,2956.1824366044266
forecast_6452,2025-09-26 20:00:00,3888.0001544952393,3075.9402033334227,3100.940944292895
forecast_6453,2025-09-26 21:00:00,3455.9999227523804,3056.062481163968,2974.8602931845853
forecast_6454,2025-09-26 22:00:00,3564.000141620636,2967.445477580315,3036.4721829077903
forecast_6455,2025-09-26 23:00:00,3564.000141620636,2897.646113404964,2958.025459578889
forecast_6456,2025-09-27 00:00:00,3779.9999356269836,2750.0648288531434,2810.0763393554325
forecast_6457,2025-09-27 01:00:00,3564.000141620636,2835.212708229487,2518.520709808961
forecast_6458,2025-09-27 02:00:00,3564.000141620636,2903.8757952005485,2895.531095377823
forecast_6459,2025-09-27 03:00:00,3564.000141620636,2739.0168131773653,2752.841235346347
forecast_6460,2025-09-27 04:00:00,3564.000141620636,2947.0597867884458,2616.8902157734724
forecast_6461,2025-09-27 05:00:00,3888.0001544952393,2975.051377943989,2554.595108248327
forecast_6462,2025-09-27 06:00:00,3779.9999356269836,2971.853768701169,2611.271768442152
forecast_6463,2025-09-27 07:00:00,3888.0001544952393,2868.560584562301,2612.1557957349883
forecast_6464,2025-09-27 08:00:00,3888.0001544952393,2838.26653954962,2484.383228188912
forecast_6465,2025-09-27 09:00:00,3888.0001544952393,2719.424749913318,2497.082237087944
forecast_6466,2025-09-27 10:00:00,3455.9999227523804,2656.81011334117,2209.1844266445646
forecast_6467,2025-09-27 11:00:00,3779.9999356269836,2506.468636125579,1974.9958645737904
forecast_6468,2025-09-27 12:00:00,3888.0001544952393,2417.975516852176,2378.724088330908
forecast_6469,2025-09-27 13:00:00,3888.0001544952393,2562.3473500794835,2520.707901430781
forecast_6470,2025-09-27 14:00:00,3455.9999227523804,2606.2415178418128,2475.8730271934555
forecast_6471,2025-09-27 15:00:00,3455.9999227523804,2694.1903604168247,2492.613432579016
forecast_6472,2025-09-27 16:00:00,3779.9999356269836,2569.8690539247364,2455.643957521488
forecast_6473,2025-09-27 17:00:00,3455.9999227523804,2739.144025152857,2638.610581625759
forecast_6474,2025-09-27 18:00:00,3888.0001544952393,2921.857745961582,2817.785531844846
forecast_6475,2025-09-27 19:00:00,3888.0001544952393,3235.253895831698,3406.9067196787973
forecast_6476,2025-09-27 20:00:00,3888.0001544952393,3887.9859691576617,3464.0770974336547
forecast_6477,2025-09-27 21:00:00,3888.0001544952393,3969.638048218318,3723.738148362506
forecast_6478,2025-09-27 22:00:00,3888.0001544952393,4672.959511637436,4075.329335823241
forecast_6479,2025-09-27 23:00:00,3888.0001544952393,4942.637364932402,3683.531287755786
forecast_6480,2025-09-28 00:00:00,3888.0001544952393,4814.145514863854,3553.4629112965986
forecast_6481,2025-09-28 01:00:00,4644.00007724762,5625.74710922206,3523.944044989207
forecast_6482,2025-09-28 02:00:00,5400.0,6419.529692486829,4261.99352700694
forecast_6483,2025-09-28 03:00:00,6371.999716758728,7343.855732296815,4440.432437369887
forecast_6484,2025-09-28 04:00:00,5832.000231742859,7042.494846583839,4760.33059469684
forecast_6485,2025-09-28 05:00:00,5832.000231742859,7331.532132938349,4636.214764170278
forecast_6486,2025-09-28 06:00:00,4644.00007724762,6412.104608362101,4090.233582842056
forecast_6487,2025-09-28 07:00:00,3888.0001544952393,5143.301929355228,3854.233289127446
forecast_6488,2025-09-28 08:00:00,4427.99996137619,4912.926872876538,3549.375245307838
forecast_6489,2025-09-28 09:00:00,3996.000051498413,4430.379142915355,3488.2778786826993
forecast_6490,2025-09-28 10:00:00,4427.99996137619,6675.848659596418,4278.498671838388
forecast_6491,2025-09-28 11:00:00,4211.999845504761,5788.190877398036,3923.6313859167503
forecast_6492,2025-09-28 12:00:00,3888.0001544952393,4835.099999402652,3748.007715390036
forecast_6493,2025-09-28 13:00:00,3888.0001544952393,4021.4726444362955,3364.430466127478
forecast_6494,2025-09-28 14:00:00,3888.0001544952393,4927.428306232428,3604.874917338246
forecast_6495,2025-09-28 15:00:00,4320.000064373016,6098.666224836019,4001.595429360472
forecast_6496,2025-09-28 16:00:00,4320.000064373016,5115.884884350026,3752.878105239341
forecast_6497,2025-09-28 17:00:00,3996.000051498413,5326.267576978541,3993.3875652601946
forecast_6498,2025-09-28 18:00:00,3996.000051498413,4534.818981670786,3582.5087010034367
forecast_6499,2025-09-28 19:00:00,4427.99996137619,5240.7465407807695,3783.889465115902
forecast_6500,2025-09-28 20:00:00,4644.00007724762,5518.277069141721,3559.2308966416417
forecast_6501,2025-09-28 21:00:00,6155.99992275238,6196.921823068361,4296.847196200677
forecast_6502,2025-09-28 22:00:00,4535.999858379364,5151.877728765947,3936.903639899825
forecast_6503,2025-09-28 23:00:00,4644.00007724762,4855.397932078127,3701.975989673396
forecast_6504,2025-09-29 00:00:00,4644.00007724762,4356.936073389088,3440.942038886656
forecast_6505,2025-09-29 01:00:00,4644.00007724762,4164.157438885508,3127.3294142051186
forecast_6506,2025-09-29 02:00:00,4751.9999742507935,3939.50554903627,2619.450725504819
forecast_6507,2025-09-29 03:00:00,4427.99996137619,3615.502258304887,2789.1256044159204
forecast_6508,2025-09-29 04:00:00,4859.999871253967,3930.018387524188,2899.1401057561925
forecast_6509,2025-09-29 05:00:00,3888.0001544952393,3412.836082878428,2964.421951821279
forecast_6510,2025-09-29 06:00:00,3888.0001544952393,3210.533688467944,2825.1750884530024
forecast_6511,2025-09-29 07:00:00,3888.0001544952393,3137.3437916979874,3060.459775567364
forecast_6512,2025-09-29 08:00:00,3779.9999356269836,3284.7548962706906,2974.9641145467745
forecast_6513,2025-09-29 09:00:00,3455.9999227523804,2879.704632132973,2726.4356526827164
forecast_6514,2025-09-29 10:00:00,3888.0001544952393,2651.9613274006088,2250.0373407956745
forecast_6515,2025-09-29 11:00:00,3888.0001544952393,2837.305242922266,2252.128563024622
forecast_6516,2025-09-29 12:00:00,3455.9999227523804,2655.578072129201,2401.469566479861
forecast_6517,2025-09-29 13:00:00,3888.0001544952393,2762.6759385084288,2230.7173495294287
forecast_6518,2025-09-29 14:00:00,3455.9999227523804,2631.177581960784,2181.796183062694
forecast_6519,2025-09-29 15:00:00,3779.9999356269836,2556.627729897982,2251.2299175842168
forecast_6520,2025-09-29 16:00:00,3455.9999227523804,2745.125504607164,2543.6970132901583
forecast_6521,2025-09-29 17:00:00,3455.9999227523804,2693.8822036103747,2755.4127562010026
forecast_6522,2025-09-29 18:00:00,3455.9999227523804,2789.8242962631525,3079.3008543373107
forecast_6523,2025-09-29 19:00:00,3455.9999227523804,2777.131354910946,3116.490839936363
forecast_6524,2025-09-29 20:00:00,3455.9999227523804,2863.7141135541365,2871.7079924525483
forecast_6525,2025-09-29 21:00:00,3888.0001544952393,2937.1635214342973,3075.6175914014984
forecast_6526,2025-09-29 22:00:00,3888.0001544952393,3708.806054943424,3423.5027220326983
forecast_6527,2025-09-29 23:00:00,3888.0001544952393,4103.436850847024,3483.6092016319026
forecast_6528,2025-09-30 00:00:00,3888.0001544952393,3869.018997498988,3542.5942585417874
forecast_6529,2025-09-30 01:00:00,3888.0001544952393,3886.8858616798498,3529.9093217706863
forecast_6530,2025-09-30 02:00:00,3888.0001544952393,3954.265862967524,3512.8834503576127
forecast_6531,2025-09-30 03:00:00,3888.0001544952393,3538.5844083907177,3425.5307035075493
forecast_6532,2025-09-30 04:00:00,4427.99996137619,4088.5568717849824,3648.896360004781
forecast_6533,2025-09-30 05:00:00,3888.0001544952393,3841.637669099028,3505.9196038043606
forecast_6534,2025-09-30 06:00:00,3888.0001544952393,3817.9829186024494,3163.902839128713
forecast_6535,2025-09-30 07:00:00,3888.0001544952393,3774.848634393007,3082.189572961753
forecast_6536,2025-09-30 08:00:00,3888.0001544952393,3589.494010512669,2956.9179269309448
forecast_6537,2025-09-30 09:00:00,3888.0001544952393,3294.7851381266933,2702.1789305709112
forecast_6538,2025-09-30 10:00:00,3779.9999356269836,2852.86724321162,2356.13343815787
forecast_6539,2025-09-30 11:00:00,3779.9999356269836,2839.6081309998663,2247.3033768494365
forecast_6540,2025-09-30 12:00:00,3888.0001544952393,2741.916209766652,2295.6989180860924
forecast_6541,2025-09-30 13:00:00,3888.0001544952393,2717.4879008020694,2296.779602208161
forecast_6542,2025-09-30 14:00:00,3888.0001544952393,2663.651716163815,2057.52379538823
forecast_6543,2025-09-30 15:00:00,3888.0001544952393,3126.416044941423,2472.0594564272305
forecast_6544,2025-09-30 16:00:00,3888.0001544952393,3116.743023557668,2260.2164804509043
forecast_6545,2025-09-30 17:00:00,3888.0001544952393,3313.7079271839834,2581.991677507864
forecast_6546,2025-09-30 18:00:00,4211.999845504761,3863.547936645156,3148.232765303976
forecast_6547,2025-09-30 19:00:00,4427.99996137619,3990.9806652054485,3516.0111374866606
forecast_6548,2025-09-30 20:00:00,4427.99996137619,4794.831019711743,4106.264511947015
forecast_6549,2025-09-30 21:00:00,4211.999845504761,6235.341122845123,4607.8622618745485
forecast_6550,2025-09-30 22:00:00,4427.99996137619,6957.164431766078,4979.459064095799
forecast_6551,2025-09-30 23:00:00,4427.99996137619,7205.836030617614,4937.628430863789
forecast_6552,2025-10-01 00:00:00,5615.999794006348,7165.960590856356,5429.237171482268
forecast_6553,2025-10-01 01:00:00,7128.000283241272,8489.845046003735,5401.739945526871
forecast_6554,2025-10-01 02:00:00,7667.999768257141,8621.993306735232,5495.962224172499
forecast_6555,2025-10-01 03:00:00,7667.999768257141,8798.175135793177,5027.1953464362505
forecast_6556,2025-10-01 04:00:00,7667.999768257141,8564.451107705261,5174.716429495284
forecast_6557,2025-10-01 05:00:00,7884.000205993652,7601.3745708004835,5039.68552718267
forecast_6558,2025-10-01 06:00:00,7451.9999742507935,6954.303282484854,4875.789444130739
forecast_6559,2025-10-01 07:00:00,6263.999819755554,6267.444734932387,5108.423154401994
forecast_6560,2025-10-01 08:00:00,4535.999858379364,4153.370041166629,3335.1875077040127
forecast_6561,2025-10-01 09:00:00,3888.0001544952393,3737.684694858296,2996.9962952715255
forecast_6562,2025-10-01 10:00:00,3888.0001544952393,3131.269615598305,2616.761461421569
forecast_6563,2025-10-01 11:00:00,3888.0001544952393,2958.079570040359,2342.3519991562976
forecast_6564,2025-10-01 12:00:00,3779.9999356269836,2884.595820723517,2455.4297601270814
forecast_6565,2025-10-01 13:00:00,3888.0001544952393,2774.7475927366354,2436.5374121452646
forecast_6566,2025-10-01 14:00:00,3888.0001544952393,2818.8681139679156,2878.0793055205245
forecast_6567,2025-10-01 15:00:00,3888.0001544952393,3003.8547994215455,2767.8649720433573
forecast_6568,2025-10-01 16:00:00,3888.0001544952393,3018.100696893164,2455.467320207448
forecast_6569,2025-10-01 17:00:00,3996.000051498413,3334.8080245575707,2688.5221947296477
forecast_6570,2025-10-01 18:00:00,4211.999845504761,4217.045960387135,3226.3880897210734
forecast_6571,2025-10-01 19:00:00,4751.9999742507935,5547.031520655794,4313.317103010546
forecast_6572,2025-10-01 20:00:00,6155.99992275238,6573.750363548399,4884.008853466794
forecast_6573,2025-10-01 21:00:00,4751.9999742507935,5851.859343169768,4394.887920994637
forecast_6574,2025-10-01 22:00:00,4427.99996137619,5269.153849923536,4000.492108194332
forecast_6575,2025-10-01 23:00:00,4427.99996137619,4690.315750185349,3804.093123014516
forecast_6576,2025-10-02 00:00:00,4751.9999742507935,5449.030075096873,4194.971705587482
forecast_6577,2025-10-02 01:00:00,7559.999871253967,7402.598296587101,4696.028042164359
forecast_6578,2025-10-02 02:00:00,5832.000231742859,6455.679010241767,4114.87667961527
forecast_6579,2025-10-02 03:00:00,5832.000231742859,5820.340031558616,3646.184903097753
forecast_6580,2025-10-02 04:00:00,4103.999948501587,4259.920686317287,3140.5346911883503
forecast_6581,2025-10-02 05:00:00,4103.999948501587,3431.0825680639746,3177.7241045185383
forecast_6582,2025-10-02 06:00:00,3888.0001544952393,3045.097154125201,3130.501913033123
forecast_6583,2025-10-02 07:00:00,3888.0001544952393,3087.18829422756,2909.5612185949394
forecast_6584,2025-10-02 08:00:00,3888.0001544952393,3098.837052563537,2818.242980215522
forecast_6585,2025-10-02 09:00:00,3455.9999227523804,2779.2085684987696,2465.768658772
forecast_6586,2025-10-02 10:00:00,2484.0000450611115,2218.6615162439725,2124.2852195271435
forecast_6587,2025-10-02 11:00:00,3779.9999356269836,2251.0477001404684,2108.5670402959813
forecast_6588,2025-10-02 12:00:00,3455.9999227523804,2334.333311416274,2004.83314431897
forecast_6589,2025-10-02 13:00:00,3779.9999356269836,2238.393317198935,2029.7158324849631
forecast_6590,2025-10-02 14:00:00,1836.000019311905,2149.467402781192,2362.143208782506
forecast_6591,2025-10-02 15:00:00,1944.0000772476196,2097.0397256286383,2036.0833645905168
forecast_6592,2025-10-02 16:00:00,3455.9999227523804,2070.4990931794564,2275.995585562625
forecast_6593,2025-10-02 17:00:00,3455.9999227523804,2146.4045613730686,2352.5120111704546
forecast_6594,2025-10-02 18:00:00,3564.000141620636,2389.0890819557417,2707.632548111423
forecast_6595,2025-10-02 19:00:00,3455.9999227523804,2399.087801763329,2444.186945172944
forecast_6596,2025-10-02 20:00:00,3672.00003862381,2669.2632265452235,2926.228990045837
forecast_6597,2025-10-02 21:00:00,3455.9999227523804,2813.2413985757075,2776.81638801313
forecast_6598,2025-10-02 22:00:00,3996.000051498413,2694.390651239584,3004.263254117031
forecast_6599,2025-10-02 23:00:00,3888.0001544952393,2641.8518306695632,2918.6127517032264
forecast_6600,2025-10-03 00:00:00,3564.000141620636,2708.993476640833,2812.174506144528
forecast_6601,2025-10-03 01:00:00,3888.0001544952393,3237.177486268399,3050.911778940672
forecast_6602,2025-10-03 02:00:00,3779.9999356269836,3546.940862721045,2739.422096334187
forecast_6603,2025-10-03 03:00:00,3779.9999356269836,3290.7370786473743,2720.6742141263067
forecast_6604,2025-10-03 04:00:00,3779.9999356269836,3477.0558924869324,3021.360055130476
forecast_6605,2025-10-03 05:00:00,3779.9999356269836,3482.533290743258,3123.144869579711
forecast_6606,2025-10-03 06:00:00,3888.0001544952393,3764.269356438877,3007.2400982385857
forecast_6607,2025-10-03 07:00:00,3779.9999356269836,4109.938009772692,3055.371560444021
forecast_6608,2025-10-03 08:00:00,3888.0001544952393,4664.912683439325,3623.100469734252
forecast_6609,2025-10-03 09:00:00,3888.0001544952393,5057.800027014628,3442.755076767849
forecast_6610,2025-10-03 10:00:00,3888.0001544952393,4907.112480029341,3686.033541731188
forecast_6611,2025-10-03 11:00:00,3888.0001544952393,4527.056829089171,3561.487809973358
forecast_6612,2025-10-03 12:00:00,3888.0001544952393,4966.284359957213,3625.076077644178
forecast_6613,2025-10-03 13:00:00,3888.0001544952393,4280.329602339836,3298.1736086499122
forecast_6614,2025-10-03 14:00:00,3888.0001544952393,3599.8746952176766,2951.482760475385
forecast_6615,2025-10-03 15:00:00,3888.0001544952393,3796.109532317526,3021.720088010707
forecast_6616,2025-10-03 16:00:00,3888.0001544952393,4930.918131106502,3069.9034478651342
forecast_6617,2025-10-03 17:00:00,4211.999845504761,5630.494156913514,3105.4291473951
forecast_6618,2025-10-03 18:00:00,4211.999845504761,5808.693259784533,3327.9636432563448
forecast_6619,2025-10-03 19:00:00,6480.000257492065,7023.298991014818,4436.4762234470445
forecast_6620,2025-10-03 20:00:00,6803.999948501587,6883.485516080251,3901.763486082068
forecast_6621,2025-10-03 21:00:00,6480.000257492065,7947.537348515531,4985.091990446995
forecast_6622,2025-10-03 22:00:00,5723.9996910095215,5986.095302985317,3975.946845642106
forecast_6623,2025-10-03 23:00:00,5723.9996910095215,5483.912056016417,3714.412093717785
forecast_6624,2025-10-04 00:00:00,4103.999948501587,4931.54308279327,3886.099749321448
forecast_6625,2025-10-04 01:00:00,3888.0001544952393,3853.288253135367,3034.0552523224737
forecast_6626,2025-10-04 02:00:00,3779.9999356269836,3562.937023136404,2732.0029718443798
forecast_6627,2025-10-04 03:00:00,3888.0001544952393,4334.362362760239,3057.8779726481403
forecast_6628,2025-10-04 04:00:00,3888.0001544952393,3376.441802484904,2911.49849680383
forecast_6629,2025-10-04 05:00:00,4103.999948501587,3347.9167361936657,2774.454582441948
forecast_6630,2025-10-04 06:00:00,3888.0001544952393,3498.3399994774227,2549.384431854205
forecast_6631,2025-10-04 07:00:00,3888.0001544952393,3440.209471948808,2780.9273293530846
forecast_6632,2025-10-04 08:00:00,3888.0001544952393,3312.7017757802314,2697.0658213229844
forecast_6633,2025-10-04 09:00:00,3888.0001544952393,3117.978983225325,2506.757950009993
forecast_6634,2025-10-04 10:00:00,3455.9999227523804,3146.021729092528,2413.4547656509194
forecast_6635,2025-10-04 11:00:00,3455.9999227523804,2868.948753015086,2269.826984434272
forecast_6636,2025-10-04 12:00:00,3455.9999227523804,2624.302769278202,2207.480288229601
forecast_6637,2025-10-04 13:00:00,3455.9999227523804,2708.7776697051418,2308.696892402934
forecast_6638,2025-10-04 14:00:00,3455.9999227523804,2715.342930980297,2269.516994544232
forecast_6639,2025-10-04 15:00:00,3455.9999227523804,2704.429671307737,2278.4382718737006
forecast_6640,2025-10-04 16:00:00,3455.9999227523804,2647.1994383647966,2268.132084952354
forecast_6641,2025-10-04 17:00:00,3455.9999227523804,2782.714304396337,2280.292892572081
forecast_6642,2025-10-04 18:00:00,3888.0001544952393,2771.523809911379,2443.377605203576
forecast_6643,2025-10-04 19:00:00,3888.0001544952393,3037.319354692824,2557.962354613928
forecast_6644,2025-10-04 20:00:00,3888.0001544952393,3147.19183892804,2714.001776411052
forecast_6645,2025-10-04 21:00:00,3888.0001544952393,2983.5122455588053,2518.476201450046
forecast_6646,2025-10-04 22:00:00,3455.9999227523804,2776.014463900334,2607.983577334791
forecast_6647,2025-10-04 23:00:00,3455.9999227523804,2737.306109164997,2392.591523446399
forecast_6648,2025-10-05 00:00:00,3455.9999227523804,2574.4885874126567,2345.389976255629
forecast_6649,2025-10-05 01:00:00,3455.9999227523804,2981.0262676473444,2477.221968564803
forecast_6650,2025-10-05 02:00:00,3672.00003862381,2790.457774656607,2286.2427701739884
forecast_6651,2025-10-05 03:00:00,3779.9999356269836,2896.672787113016,2274.8987616744103
forecast_6652,2025-10-05 04:00:00,3672.00003862381,2913.948586320956,2249.821608705874
forecast_6653,2025-10-05 05:00:00,3455.9999227523804,2754.76301679453,2164.973008640564
forecast_6654,2025-10-05 06:00:00,3455.9999227523804,2886.265584248933,2731.139723710277
forecast_6655,2025-10-05 07:00:00,3672.00003862381,3033.022173944579,2593.4080666825025
forecast_6656,2025-10-05 08:00:00,3672.00003862381,2793.8596905600743,2462.619655629431
forecast_6657,2025-10-05 09:00:00,3672.00003862381,2927.2633655943523,2583.994484117738
forecast_6658,2025-10-05 10:00:00,3672.00003862381,2700.21183772009,2185.026057492793
forecast_6659,2025-10-05 11:00:00,3672.00003862381,3003.7158168576934,2304.6038753095613
forecast_6660,2025-10-05 12:00:00,3888.0001544952393,2769.5742671721264,2481.339941770892
forecast_6661,2025-10-05 13:00:00,3779.9999356269836,2672.0212178513225,2152.6183098902416
forecast_6662,2025-10-05 14:00:00,3779.9999356269836,2725.3426443205262,2468.623233533532
forecast_6663,2025-10-05 15:00:00,3779.9999356269836,2722.3233013671666,2069.1315413856782
forecast_6664,2025-10-05 16:00:00,3672.00003862381,3019.285913963757,2688.1039339547974
forecast_6665,2025-10-05 17:00:00,3564.000141620636,2864.788909302189,2583.0931999197
forecast_6666,2025-10-05 18:00:00,3455.9999227523804,2776.99798417645,2503.7861126304506
forecast_6667,2025-10-05 19:00:00,3564.000141620636,3008.155486856386,2734.160629189307
forecast_6668,2025-10-05 20:00:00,3779.9999356269836,3014.3665884950547,2786.4521438782363
forecast_6669,2025-10-05 21:00:00,3888.0001544952393,3092.629694340096,2628.5424030516465
forecast_6670,2025-10-05 22:00:00,3888.0001544952393,3026.51387821879,2861.2596729838883
forecast_6671,2025-10-05 23:00:00,3779.9999356269836,3103.864921785659,2678.9907778905126
forecast_6672,2025-10-06 00:00:00,3455.9999227523804,3174.6571779378523,2611.674913627841
forecast_6673,2025-10-06 01:00:00,3888.0001544952393,3186.4678611366394,2726.8247975115005
forecast_6674,2025-10-06 02:00:00,3888.0001544952393,3286.236131242916,2782.613673192673
forecast_6675,2025-10-06 03:00:00,3996.000051498413,3792.730249205279,2989.953444229692
forecast_6676,2025-10-06 04:00:00,3996.000051498413,4084.533614478575,3192.2760206507005
forecast_6677,2025-10-06 05:00:00,3996.000051498413,4667.517717602677,3162.4238360427607
forecast_6678,2025-10-06 06:00:00,4427.99996137619,8074.874955471388,5558.555018605098
forecast_6679,2025-10-06 07:00:00,6371.999716758728,8752.914844478904,5764.334181384305
forecast_6680,2025-10-06 08:00:00,7451.9999742507935,9108.313724652471,6878.066197954131
forecast_6681,2025-10-06 09:00:00,7992.000102996826,10203.481625087676,7914.160276787425
forecast_6682,2025-10-06 10:00:00,7992.000102996826,9855.32738393496,7435.468681110859
forecast_6683,2025-10-06 11:00:00,6911.999845504761,8846.34465788166,5341.323937383781
forecast_6684,2025-10-06 12:00:00,5723.9996910095215,7783.220718582805,4906.335164075151
forecast_6685,2025-10-06 13:00:00,4320.000064373016,6304.193132940852,3647.575070009308
forecast_6686,2025-10-06 14:00:00,4320.000064373016,6032.389526002304,3347.877028474402
forecast_6687,2025-10-06 15:00:00,3996.000051498413,6167.536038257164,3539.6605453687143
forecast_6688,2025-10-06 16:00:00,4103.999948501587,6200.785295800045,3548.8741384556115
forecast_6689,2025-10-06 17:00:00,4320.000064373016,6822.173476591257,3916.981931916594
forecast_6690,2025-10-06 18:00:00,5292.000102996826,7215.504416791433,5686.888075326124
forecast_6691,2025-10-06 19:00:00,7019.999742507935,8413.101744117303,6674.6979704252735
forecast_6692,2025-10-06 20:00:00,10692.000102996826,10999.530685690042,8295.110306901075
forecast_6693,2025-10-06 21:00:00,12743.999433517456,14249.89859375414,10155.38473222882
forecast_6694,2025-10-06 22:00:00,13068.000411987305,14799.33148253025,10727.349573355194
forecast_6695,2025-10-06 23:00:00,13068.000411987305,14973.52565718103,11078.353110864467
forecast_6696,2025-10-07 00:00:00,13068.000411987305,16053.209338054508,12264.020070273058
forecast_6697,2025-10-07 01:00:00,10367.999768257141,15020.745516849078,9517.457238443008
forecast_6698,2025-10-07 02:00:00,8855.99992275238,12559.337656367248,6389.6574043876
forecast_6699,2025-10-07 03:00:00,7451.9999742507935,11759.89783780256,6568.480217552814
forecast_6700,2025-10-07 04:00:00,7451.9999742507935,10659.732791583454,6246.53273519302
forecast_6701,2025-10-07 05:00:00,7451.9999742507935,10058.823354242491,6428.3836863965125
forecast_6702,2025-10-07 06:00:00,10367.999768257141,10176.928217845005,6267.606494811456
forecast_6703,2025-10-07 07:00:00,6480.000257492065,9238.626505769633,5764.556156969503
forecast_6704,2025-10-07 08:00:00,6048.0000257492065,8762.252877387695,5291.395889552182
forecast_6705,2025-10-07 09:00:00,5615.999794006348,7790.178750846539,5034.361355864457
forecast_6706,2025-10-07 10:00:00,3888.0001544952393,5633.1751620345585,3805.933136800402
forecast_6707,2025-10-07 11:00:00,4211.999845504761,5155.379404132925,3622.293945024743
forecast_6708,2025-10-07 12:00:00,3888.0001544952393,4004.959588947629,3246.1736448315005
forecast_6709,2025-10-07 13:00:00,3888.0001544952393,3692.696497865514,2969.0045687435536
forecast_6710,2025-10-07 14:00:00,3779.9999356269836,3936.1084251420207,3155.1466319324013
forecast_6711,2025-10-07 15:00:00,3888.0001544952393,3709.0650921764473,2959.0544322318656
forecast_6712,2025-10-07 16:00:00,3888.0001544952393,3536.175124269473,3061.377591465278
forecast_6713,2025-10-07 17:00:00,3888.0001544952393,3375.210603248657,2701.7867783770766
forecast_6714,2025-10-07 18:00:00,3888.0001544952393,3130.1713696878123,2827.340862594044
forecast_6715,2025-10-07 19:00:00,3888.0001544952393,3506.239576628353,3111.3697434407622
forecast_6716,2025-10-07 20:00:00,3888.0001544952393,3356.6127951835574,2955.8986063870257
forecast_6717,2025-10-07 21:00:00,3888.0001544952393,3102.8212121096685,2939.6701217548766
forecast_6718,2025-10-07 22:00:00,3888.0001544952393,3093.041223619332,2942.279873624313
forecast_6719,2025-10-07 23:00:00,3888.0001544952393,3003.250551751889,2883.5430194959677
forecast_6720,2025-10-08 00:00:00,3888.0001544952393,3193.661668347248,3126.485167637709
forecast_6721,2025-10-08 01:00:00,3888.0001544952393,3217.4958423961234,2774.399786863237
forecast_6722,2025-10-08 02:00:00,3888.0001544952393,3221.8554239919476,2884.356328187291
forecast_6723,2025-10-08 03:00:00,3888.0001544952393,3126.767160158317,2853.153866709095
forecast_6724,2025-10-08 04:00:00,3888.0001544952393,3164.718699096804,2834.579361834078
forecast_6725,2025-10-08 05:00:00,3888.0001544952393,3075.4006841052883,2730.892748860835
forecast_6726,2025-10-08 06:00:00,3888.0001544952393,3011.102918757699,2426.1927129554083
forecast_6727,2025-10-08 07:00:00,3996.000051498413,3154.51742988957,2639.4610117402685
forecast_6728,2025-10-08 08:00:00,3888.0001544952393,2922.5841897578816,2424.2116798649367
forecast_6729,2025-10-08 09:00:00,3888.0001544952393,2887.5315569896684,2521.945595520632
forecast_6730,2025-10-08 10:00:00,3564.000141620636,2680.8843541807114,2352.808385710052
forecast_6731,2025-10-08 11:00:00,3455.9999227523804,2604.766385750741,2425.158376389797
forecast_6732,2025-10-08 12:00:00,3455.9999227523804,2521.704849344684,2406.298792158885
forecast_6733,2025-10-08 13:00:00,3888.0001544952393,2470.1835160066776,2392.311641177504
forecast_6734,2025-10-08 14:00:00,3455.9999227523804,2517.17213363732,2391.935791827672
forecast_6735,2025-10-08 15:00:00,3455.9999227523804,2480.747225152073,2420.5156542190875
forecast_6736,2025-10-08 16:00:00,3455.9999227523804,2696.5538052249303,2577.45537104161
forecast_6737,2025-10-08 17:00:00,3779.9999356269836,2769.571680979657,2633.11188638623
forecast_6738,2025-10-08 18:00:00,3779.9999356269836,3041.3473014661995,2909.860376356957
forecast_6739,2025-10-08 19:00:00,3888.0001544952393,3632.490843642917,2901.6006348337105
forecast_6740,2025-10-08 20:00:00,3996.000051498413,4028.429842759477,2937.768533051711
forecast_6741,2025-10-08 21:00:00,3996.000051498413,4421.810334249558,3146.95420068102
forecast_6742,2025-10-08 22:00:00,4211.999845504761,4891.202966091911,3298.1582679390763
forecast_6743,2025-10-08 23:00:00,4211.999845504761,4948.714889778443,3656.8090138884186
forecast_6744,2025-10-09 00:00:00,5615.999794006348,6300.993226488325,4233.571367612959
forecast_6745,2025-10-09 01:00:00,5723.9996910095215,7829.115572188671,4755.465777303349
forecast_6746,2025-10-09 02:00:00,6155.99992275238,8282.098926489636,5202.59759026936
forecast_6747,2025-10-09 03:00:00,6155.99992275238,7235.316804083857,4477.63190173475
forecast_6748,2025-10-09 04:00:00,4535.999858379364,6129.851755911338,4141.260983871172
forecast_6749,2025-10-09 05:00:00,5723.9996910095215,6615.580441245078,4330.063043079592
forecast_6750,2025-10-09 06:00:00,6155.99992275238,7526.247509500792,4806.733409020601
forecast_6751,2025-10-09 07:00:00,5292.000102996826,6900.279570672293,4132.551213464526
forecast_6752,2025-10-09 08:00:00,4427.99996137619,6896.778511466567,4256.130115450335
forecast_6753,2025-10-09 09:00:00,4211.999845504761,6489.889177347262,4273.132031226211
forecast_6754,2025-10-09 10:00:00,4103.999948501587,5658.828110379688,3713.895879421656
forecast_6755,2025-10-09 11:00:00,3888.0001544952393,4536.249052048315,3334.413472938207
forecast_6756,2025-10-09 12:00:00,3888.0001544952393,4182.83208669826,3075.0713842605987
forecast_6757,2025-10-09 13:00:00,3888.0001544952393,4149.3576210701485,3044.740706136126
forecast_6758,2025-10-09 14:00:00,3779.9999356269836,3850.1406231713404,3034.9457088700183
forecast_6759,2025-10-09 15:00:00,3779.9999356269836,3705.8642662003904,2874.8618730842163
forecast_6760,2025-10-09 16:00:00,3779.9999356269836,3431.785170603887,2667.649960441692
forecast_6761,2025-10-09 17:00:00,3888.0001544952393,3568.840355925035,2670.776922672924
forecast_6762,2025-10-09 18:00:00,3888.0001544952393,3288.1200911264973,2662.8495675694653
forecast_6763,2025-10-09 19:00:00,4103.999948501587,3436.88985781379,2692.4146096721047
forecast_6764,2025-10-09 20:00:00,4103.999948501587,3320.4149091708905,2655.498048371383
forecast_6765,2025-10-09 21:00:00,4103.999948501587,3339.357641783808,3080.307701727205
forecast_6766,2025-10-09 22:00:00,3888.0001544952393,3365.8628855742263,2783.2634497773606
forecast_6767,2025-10-09 23:00:00,3996.000051498413,2986.826382464527,2912.585127701508
forecast_6768,2025-10-10 00:00:00,3888.0001544952393,2926.9863584177738,2676.2404834222584
forecast_6769,2025-10-10 01:00:00,3888.0001544952393,2953.7923460012103,2986.41825794658
forecast_6770,2025-10-10 02:00:00,3779.9999356269836,2946.1270491580703,2938.7534612981763
forecast_6771,2025-10-10 03:00:00,3888.0001544952393,3094.8623355550544,3089.71187441108
forecast_6772,2025-10-10 04:00:00,3888.0001544952393,3141.3471023522816,3136.8744187626394
forecast_6773,2025-10-10 05:00:00,3888.0001544952393,3406.9799920842534,3351.420378453602
forecast_6774,2025-10-10 06:00:00,3888.0001544952393,3611.531962234733,3335.223202701654
forecast_6775,2025-10-10 07:00:00,3888.0001544952393,3426.467012537598,3275.028919807719
forecast_6776,2025-10-10 08:00:00,3888.0001544952393,3746.495673315469,3569.5347468591153
forecast_6777,2025-10-10 09:00:00,3888.0001544952393,3631.5553765738377,3507.869952954537
forecast_6778,2025-10-10 10:00:00,3888.0001544952393,3469.264709394264,3511.30046850359
forecast_6779,2025-10-10 11:00:00,3888.0001544952393,3388.5556097408,3167.6542653232927
forecast_6780,2025-10-10 12:00:00,3779.9999356269836,3301.8035566543813,3011.994836648928
forecast_6781,2025-10-10 13:00:00,3888.0001544952393,3397.707000415171,3152.282706700594
forecast_6782,2025-10-10 14:00:00,3888.0001544952393,3587.9316660866334,3273.4983145659226
forecast_6783,2025-10-10 15:00:00,3888.0001544952393,3331.999410188509,3046.3097604464606
forecast_6784,2025-10-10 16:00:00,3888.0001544952393,3347.487433281988,3079.086244830163
forecast_6785,2025-10-10 17:00:00,3888.0001544952393,3496.488029088139,3021.939995461603
forecast_6786,2025-10-10 18:00:00,3888.0001544952393,3381.3195617218703,3216.3727663511336
forecast_6787,2025-10-10 19:00:00,3888.0001544952393,3574.1429789181,3162.896316605633
forecast_6788,2025-10-10 20:00:00,3996.000051498413,3932.084577597378,3318.233653110934
forecast_6789,2025-10-10 21:00:00,3996.000051498413,4190.721722313134,3418.613205076721
forecast_6790,2025-10-10 22:00:00,3996.000051498413,4315.562832884871,3720.838598638322
forecast_6791,2025-10-10 23:00:00,3996.000051498413,4159.315519238903,3640.550287027374
forecast_6792,2025-10-11 00:00:00,3888.0001544952393,4854.850689689631,3795.156575963434
forecast_6793,2025-10-11 01:00:00,4751.9999742507935,5079.9717267084925,5058.360281454896
forecast_6794,2025-10-11 02:00:00,4427.99996137619,5637.177720210805,4933.322292437499
forecast_6795,2025-10-11 03:00:00,5940.000128746033,7181.096796469948,4959.937016923937
forecast_6796,2025-10-11 04:00:00,5940.000128746033,8900.61396854073,5387.78274914773
forecast_6797,2025-10-11 05:00:00,9936.000180244446,10978.895994838653,7523.089598878182
forecast_6798,2025-10-11 06:00:00,9180.000257492065,10498.406547861348,6844.612829141435
forecast_6799,2025-10-11 07:00:00,7992.000102996826,10620.832482130174,6175.809367654159
forecast_6800,2025-10-11 08:00:00,7992.000102996826,10736.474747071565,7113.9432798694
forecast_6801,2025-10-11 09:00:00,7451.9999742507935,10517.790957043446,6829.555156580724
forecast_6802,2025-10-11 10:00:00,7992.000102996826,9861.697997414138,7411.076914378638
forecast_6803,2025-10-11 11:00:00,7559.999871253967,9910.20983396429,7049.993232604954
forecast_6804,2025-10-11 12:00:00,7451.9999742507935,10346.629113980953,6963.320672649018
forecast_6805,2025-10-11 13:00:00,9936.000180244446,10864.194469872422,7928.6917629459
forecast_6806,2025-10-11 14:00:00,9288.00015449524,10362.498465493303,8078.364940217347
forecast_6807,2025-10-11 15:00:00,10476.000308990479,10835.984235449958,9138.313825771116
forecast_6808,2025-10-11 16:00:00,11880.000257492065,12193.918687707643,10451.569454867808
forecast_6809,2025-10-11 17:00:00,12096.000051498413,11476.492775970291,9256.138082811362
forecast_6810,2025-10-11 18:00:00,12096.000051498413,12113.332895640222,10229.629436366946
forecast_6811,2025-10-11 19:00:00,14472.000360488892,13391.981537379284,11191.232080095871
forecast_6812,2025-10-11 20:00:00,14472.000360488892,13877.272655069257,11742.545280458651
forecast_6813,2025-10-11 21:00:00,14472.000360488892,14192.842295297029,11574.49565627124
forecast_6814,2025-10-11 22:00:00,14147.999382019043,13797.148973402846,10047.501684482886
forecast_6815,2025-10-11 23:00:00,14472.000360488892,13613.083549133304,10047.67271314045
forecast_6816,2025-10-12 00:00:00,14580.000257492065,12924.506121079285,10005.0778040018
forecast_6817,2025-10-12 01:00:00,14688.00015449524,12808.547850490542,9427.924431793608
forecast_6818,2025-10-12 02:00:00,14256.000566482544,11764.71159842951,9359.1419849939
forecast_6819,2025-10-12 03:00:00,10259.999871253967,9319.47746040334,6717.809423069644
forecast_6820,2025-10-12 04:00:00,10259.999871253967,8229.939251044209,5927.377442617508
forecast_6821,2025-10-12 05:00:00,5940.000128746033,5589.6115867781145,4583.752394173325
forecast_6822,2025-10-12 06:00:00,4644.00007724762,4342.200257536004,2901.5442125670243
forecast_6823,2025-10-12 07:00:00,3888.0001544952393,3626.015079046402,2496.671762617431
forecast_6824,2025-10-12 08:00:00,3888.0001544952393,3428.6040730208406,3107.9387728207425
forecast_6825,2025-10-12 09:00:00,4320.000064373016,4854.480575623346,3696.426598667944
forecast_6826,2025-10-12 10:00:00,4211.999845504761,4999.357769765858,3592.303021247585
forecast_6827,2025-10-12 11:00:00,5615.999794006348,5451.327647131519,3283.1035772111777
forecast_6828,2025-10-12 12:00:00,4103.999948501587,5208.698008852265,3386.932676028382
forecast_6829,2025-10-12 13:00:00,4211.999845504761,5487.241872434379,3700.819456865164
forecast_6830,2025-10-12 14:00:00,4211.999845504761,6516.792844345888,4040.0055388797177
forecast_6831,2025-10-12 15:00:00,4211.999845504761,5914.029633061105,3626.94383869396
forecast_6832,2025-10-12 16:00:00,4103.999948501587,5767.710159924778,4071.655087818821
forecast_6833,2025-10-12 17:00:00,4320.000064373016,6135.6265513100025,3867.257428343565
forecast_6834,2025-10-12 18:00:00,5615.999794006348,6341.661485558563,4201.490321196917
forecast_6835,2025-10-12 19:00:00,5723.9996910095215,7149.288816688276,5083.014789548995
forecast_6836,2025-10-12 20:00:00,5723.9996910095215,7398.600252957038,5178.297893117865
forecast_6837,2025-10-12 21:00:00,5615.999794006348,6639.097600699772,4742.582929062223
forecast_6838,2025-10-12 22:00:00,4535.999858379364,5541.640002147022,3793.007187699409
forecast_6839,2025-10-12 23:00:00,4103.999948501587,5028.757299544641,3543.75142924561
forecast_6840,2025-10-13 00:00:00,4103.999948501587,4739.457156841268,3433.649344512651
forecast_6841,2025-10-13 01:00:00,3888.0001544952393,3576.254588520897,2767.1615439830075
forecast_6842,2025-10-13 02:00:00,3996.000051498413,3286.7000600203323,2556.419834784228
forecast_6843,2025-10-13 03:00:00,3888.0001544952393,3015.5156328490534,2364.6326979128803
forecast_6844,2025-10-13 04:00:00,3455.9999227523804,2797.513491795575,2416.24342717452
forecast_6845,2025-10-13 05:00:00,3888.0001544952393,3079.8333886449186,2636.047926282376
forecast_6846,2025-10-13 06:00:00,4103.999948501587,3265.99041867027,2522.224230248924
forecast_6847,2025-10-13 07:00:00,3888.0001544952393,4969.378983982182,3393.543345402055
forecast_6848,2025-10-13 08:00:00,3888.0001544952393,4920.09762048326,3355.6575601514483
forecast_6849,2025-10-13 09:00:00,3888.0001544952393,4752.947949661601,3236.6411335973016
forecast_6850,2025-10-13 10:00:00,4320.000064373016,4808.893104039081,3096.8661599945544
forecast_6851,2025-10-13 11:00:00,3888.0001544952393,4920.121273526094,3456.9748811289555
forecast_6852,2025-10-13 12:00:00,3888.0001544952393,4380.2586124745885,3217.8994744536462
forecast_6853,2025-10-13 13:00:00,3888.0001544952393,4741.422951085698,3144.572767216077
forecast_6854,2025-10-13 14:00:00,3888.0001544952393,4470.221660955174,3120.10009006801
forecast_6855,2025-10-13 15:00:00,3888.0001544952393,4799.073257811184,3379.455777291005
forecast_6856,2025-10-13 16:00:00,4320.000064373016,4655.897328781155,3344.934421604677
forecast_6857,2025-10-13 17:00:00,4535.999858379364,4872.411673012545,3791.737066520742
forecast_6858,2025-10-13 18:00:00,4320.000064373016,4993.522331900433,3176.2873495326708
forecast_6859,2025-10-13 19:00:00,4535.999858379364,5254.837457884391,3737.6304255589775
forecast_6860,2025-10-13 20:00:00,4535.999858379364,5797.184869220847,3595.799434023037
forecast_6861,2025-10-13 21:00:00,4535.999858379364,6100.9683495276895,4377.368830178234
forecast_6862,2025-10-13 22:00:00,4751.9999742507935,5970.860463014215,4144.193457732046
forecast_6863,2025-10-13 23:00:00,4535.999858379364,5085.644842558818,3820.1000427636864
forecast_6864,2025-10-14 00:00:00,4751.9999742507935,6156.500831267847,4233.691032610587
forecast_6865,2025-10-14 01:00:00,7019.999742507935,8157.956755697239,4706.916000155458
forecast_6866,2025-10-14 02:00:00,8963.999819755554,9550.730946205496,6630.188070805422
forecast_6867,2025-10-14 03:00:00,6371.999716758728,6802.473637157211,4238.613403387425
forecast_6868,2025-10-14 04:00:00,5723.9996910095215,6321.790283678153,3915.390361174784
forecast_6869,2025-10-14 05:00:00,6048.0000257492065,7440.904441984388,4337.33719898234
forecast_6870,2025-10-14 06:00:00,6263.999819755554,7096.848683105966,4184.559975359508
forecast_6871,2025-10-14 07:00:00,4211.999845504761,5931.45139627155,3946.745226392258
forecast_6872,2025-10-14 08:00:00,4211.999845504761,6089.310388610522,4106.521303665111
forecast_6873,2025-10-14 09:00:00,4320.000064373016,6505.0824616923765,4233.387705699982
forecast_6874,2025-10-14 10:00:00,4320.000064373016,5696.875391092053,3940.803154396935
forecast_6875,2025-10-14 11:00:00,4320.000064373016,5500.9509692085085,3672.2001247696094
forecast_6876,2025-10-14 12:00:00,4320.000064373016,5318.436832556585,3384.9822142009075
forecast_6877,2025-10-14 13:00:00,4103.999948501587,4892.843808522904,3140.483366895586
forecast_6878,2025-10-14 14:00:00,4320.000064373016,5446.331020732036,3393.114378859602
forecast_6879,2025-10-14 15:00:00,4320.000064373016,5172.664890706941,3513.239095685369
forecast_6880,2025-10-14 16:00:00,3888.0001544952393,4437.657222625919,3172.145553483081
forecast_6881,2025-10-14 17:00:00,4320.000064373016,4714.082438045197,3613.803737058605
forecast_6882,2025-10-14 18:00:00,4320.000064373016,4376.613514825048,3185.32698900576
forecast_6883,2025-10-14 19:00:00,4535.999858379364,4418.132365268022,3267.511977678554
forecast_6884,2025-10-14 20:00:00,4103.999948501587,4634.138548012756,3582.967432485428
forecast_6885,2025-10-14 21:00:00,4211.999845504761,5003.975683577682,3716.030145841937
forecast_6886,2025-10-14 22:00:00,4535.999858379364,4578.966880964169,3578.0014521857893
forecast_6887,2025-10-14 23:00:00,4535.999858379364,4678.028634834246,3570.251551439189
forecast_6888,2025-10-15 00:00:00,4535.999858379364,4708.615898364751,3547.2303197126425
forecast_6889,2025-10-15 01:00:00,3996.000051498413,4486.849666467932,3084.502175107374
forecast_6890,2025-10-15 02:00:00,3996.000051498413,4615.244555990321,3018.8720281898845
forecast_6891,2025-10-15 03:00:00,3996.000051498413,4464.506181431605,3064.709913363198
forecast_6892,2025-10-15 04:00:00,4535.999858379364,4171.653923803215,2870.2160942491387
forecast_6893,2025-10-15 05:00:00,4535.999858379364,3975.2855156078963,2848.7057268536905
forecast_6894,2025-10-15 06:00:00,4535.999858379364,4065.341943928373,2719.3264885241524
forecast_6895,2025-10-15 07:00:00,3888.0001544952393,3961.2954933655287,2632.82509210593
forecast_6896,2025-10-15 08:00:00,3888.0001544952393,3874.20920606335,2686.3859015329745
forecast_6897,2025-10-15 09:00:00,3888.0001544952393,3761.462956884689,2789.5780979707915
forecast_6898,2025-10-15 10:00:00,3779.9999356269836,3335.7326800408955,2517.7995929327444
forecast_6899,2025-10-15 11:00:00,3455.9999227523804,3310.74810985314,2551.733071353771
forecast_6900,2025-10-15 12:00:00,3455.9999227523804,3018.852025651828,2430.7979959933377
forecast_6901,2025-10-15 13:00:00,3672.00003862381,3015.2342889059405,2509.525102746513
forecast_6902,2025-10-15 14:00:00,3672.00003862381,2899.971757637872,2420.1414273382934
forecast_6903,2025-10-15 15:00:00,3672.00003862381,2824.2771795218846,2254.002262950257
forecast_6904,2025-10-15 16:00:00,3672.00003862381,2678.909643683081,2357.1094304865155
forecast_6905,2025-10-15 17:00:00,3888.0001544952393,3063.5725076871577,2546.670984607704
forecast_6906,2025-10-15 18:00:00,3779.9999356269836,3153.661562028932,2518.485263575257
forecast_6907,2025-10-15 19:00:00,3779.9999356269836,3109.390131566102,2654.581528714873
forecast_6908,2025-10-15 20:00:00,3888.0001544952393,3805.7988048732814,2969.6688499894544
forecast_6909,2025-10-15 21:00:00,3888.0001544952393,3209.4170898222087,2890.214201474384
forecast_6910,2025-10-15 22:00:00,3888.0001544952393,4014.864688192415,3593.5025933860948
forecast_6911,2025-10-15 23:00:00,5615.999794006348,4857.07151580045,3769.970503850531
forecast_6912,2025-10-16 00:00:00,4427.99996137619,5326.820633096838,4322.30024407132
forecast_6913,2025-10-16 01:00:00,3996.000051498413,3111.261575285452,2746.721680126934
forecast_6914,2025-10-16 02:00:00,3888.0001544952393,3285.6315703203027,2976.906237460003
forecast_6915,2025-10-16 03:00:00,3888.0001544952393,4687.739934710491,3703.010752390779
forecast_6916,2025-10-16 04:00:00,3888.0001544952393,4276.317671540334,3599.7462566569625
forecast_6917,2025-10-16 05:00:00,3888.0001544952393,3877.9334929468655,3101.808776816727
forecast_6918,2025-10-16 06:00:00,3779.9999356269836,4623.798073697103,3368.5775681379014
forecast_6919,2025-10-16 07:00:00,4211.999845504761,6118.703061842099,3931.047018616088
forecast_6920,2025-10-16 08:00:00,4320.000064373016,5863.060823041776,4077.970767412448
forecast_6921,2025-10-16 09:00:00,4211.999845504761,5240.717216768631,3776.2217117841574
forecast_6922,2025-10-16 10:00:00,4320.000064373016,4695.112223625648,3543.897722747661
forecast_6923,2025-10-16 11:00:00,3888.0001544952393,4357.783300412092,3134.813663331934
forecast_6924,2025-10-16 12:00:00,3996.000051498413,5058.404965795216,3524.9574554299165
forecast_6925,2025-10-16 13:00:00,4103.999948501587,5594.160795025941,4103.566144424144
forecast_6926,2025-10-16 14:00:00,4103.999948501587,5498.036162251373,4012.0830163007454
forecast_6927,2025-10-16 15:00:00,3888.0001544952393,4621.819711315101,3544.3641221836706
forecast_6928,2025-10-16 16:00:00,3888.0001544952393,4233.61267480705,3384.1096680987825
forecast_6929,2025-10-16 17:00:00,3888.0001544952393,4084.503750601835,3374.764837154393
forecast_6930,2025-10-16 18:00:00,3888.0001544952393,3794.010039034227,3315.15659443001
forecast_6931,2025-10-16 19:00:00,4103.999948501587,4139.836822215537,3452.289945269843
forecast_6932,2025-10-16 20:00:00,4211.999845504761,4556.323587277606,3244.857432128099
forecast_6933,2025-10-16 21:00:00,4211.999845504761,5281.378817028735,3600.7378237364846
forecast_6934,2025-10-16 22:00:00,4427.99996137619,5424.380979419329,3782.6866799866566
forecast_6935,2025-10-16 23:00:00,4427.99996137619,4689.243707106051,3471.075527709517
forecast_6936,2025-10-17 00:00:00,3996.000051498413,4517.649652831314,3449.4717311871027
forecast_6937,2025-10-17 01:00:00,3996.000051498413,4793.853740255092,3395.674365642833
forecast_6938,2025-10-17 02:00:00,3996.000051498413,4127.689494378209,3359.962562367982
forecast_6939,2025-10-17 03:00:00,3996.000051498413,4013.977455256665,3327.4679976793477
forecast_6940,2025-10-17 04:00:00,3996.000051498413,3939.3918970121385,3020.2591622677364
forecast_6941,2025-10-17 05:00:00,3888.0001544952393,3711.382440391384,2854.0751636113523
forecast_6942,2025-10-17 06:00:00,3888.0001544952393,3666.286053644869,2801.087560905953
forecast_6943,2025-10-17 07:00:00,3779.9999356269836,3427.8484693373603,2822.021468006888
forecast_6944,2025-10-17 08:00:00,3779.9999356269836,3266.0666395187764,3013.928163490601
forecast_6945,2025-10-17 09:00:00,3888.0001544952393,2994.544992503648,2617.1496889046493
forecast_6946,2025-10-17 10:00:00,3996.000051498413,2696.659696468716,2388.767667590747
forecast_6947,2025-10-17 11:00:00,3672.00003862381,2537.820824316247,2310.8120281766387
forecast_6948,2025-10-17 12:00:00,3779.9999356269836,2660.620032448614,2443.8929068761418
forecast_6949,2025-10-17 13:00:00,3779.9999356269836,2819.7770988851653,2402.145088830232
forecast_6950,2025-10-17 14:00:00,3888.0001544952393,2816.857252577933,2696.348264308173
forecast_6951,2025-10-17 15:00:00,3779.9999356269836,2900.955253113224,2547.259414196214
forecast_6952,2025-10-17 16:00:00,3996.000051498413,2970.2207609240627,2720.969613737869
forecast_6953,2025-10-17 17:00:00,3779.9999356269836,3175.899308554434,2866.131935502431
forecast_6954,2025-10-17 18:00:00,3888.0001544952393,3208.583100489086,2853.4894844876926
forecast_6955,2025-10-17 19:00:00,3996.000051498413,3609.240630371802,2932.523945363751
forecast_6956,2025-10-17 20:00:00,3996.000051498413,3944.87992560958,3066.64397299492
forecast_6957,2025-10-17 21:00:00,5832.000231742859,5100.703517940268,3832.913999525475
forecast_6958,2025-10-17 22:00:00,5832.000231742859,5661.171873990936,4064.490920035932
forecast_6959,2025-10-17 23:00:00,5832.000231742859,5466.999902380316,4052.350887285754
forecast_6960,2025-10-18 00:00:00,4211.999845504761,5172.525108359581,3731.820386273047
forecast_6961,2025-10-18 01:00:00,3888.0001544952393,5560.374960028133,4182.583004355056
forecast_6962,2025-10-18 02:00:00,3888.0001544952393,6467.240263480579,4508.170237007132
forecast_6963,2025-10-18 03:00:00,4320.000064373016,5833.832848019351,3798.0762773451625
forecast_6964,2025-10-18 04:00:00,4320.000064373016,6212.079318397362,4177.350909938268
forecast_6965,2025-10-18 05:00:00,4427.99996137619,4936.734872256814,3223.423039633898
forecast_6966,2025-10-18 06:00:00,3888.0001544952393,3415.54259242316,2668.1177235510268
forecast_6967,2025-10-18 07:00:00,3888.0001544952393,3281.822410550485,2756.987196868056
forecast_6968,2025-10-18 08:00:00,3888.0001544952393,3326.193996229172,2747.300039039674
forecast_6969,2025-10-18 09:00:00,3888.0001544952393,3334.628700910439,2747.4030514221736
forecast_6970,2025-10-18 10:00:00,3888.0001544952393,2921.2095211029923,2653.9762101026104
forecast_6971,2025-10-18 11:00:00,3779.9999356269836,3146.555774632835,2685.5618300840697
forecast_6972,2025-10-18 12:00:00,3888.0001544952393,3218.455875120153,2601.524151283614
forecast_6973,2025-10-18 13:00:00,3888.0001544952393,3393.3236398452755,2749.3824926265274
forecast_6974,2025-10-18 14:00:00,3888.0001544952393,3713.696448164556,2865.6657657573965
forecast_6975,2025-10-18 15:00:00,3888.0001544952393,3585.827049099546,2920.9756343353442
forecast_6976,2025-10-18 16:00:00,3888.0001544952393,4185.930476386613,3347.3179680777275
forecast_6977,2025-10-18 17:00:00,3888.0001544952393,3585.5781104577186,2880.4857442575835
forecast_6978,2025-10-18 18:00:00,3888.0001544952393,3243.829879297286,2555.9775024104506
forecast_6979,2025-10-18 19:00:00,3888.0001544952393,3353.925634170044,2527.1822770227946
forecast_6980,2025-10-18 20:00:00,3996.000051498413,3269.7198260146083,2608.5881634647
forecast_6981,2025-10-18 21:00:00,3888.0001544952393,3372.329279646406,2839.2746511570595
forecast_6982,2025-10-18 22:00:00,4103.999948501587,3060.7281786048616,2968.87294519334
forecast_6983,2025-10-18 23:00:00,3996.000051498413,3086.9934114175694,2831.3187103181253
forecast_6984,2025-10-19 00:00:00,3455.9999227523804,2731.3925583820446,2539.628523666729
forecast_6985,2025-10-19 01:00:00,3564.000141620636,2527.52105059253,2486.5544673350346
forecast_6986,2025-10-19 02:00:00,3888.0001544952393,2607.989483617409,2572.904771980267
forecast_6987,2025-10-19 03:00:00,3564.000141620636,2328.8332313806413,2442.0177632773903
forecast_6988,2025-10-19 04:00:00,3888.0001544952393,2432.4386881965847,2386.994458878948
forecast_6989,2025-10-19 05:00:00,3888.0001544952393,2611.056859003622,2450.0047479350496
forecast_6990,2025-10-19 06:00:00,3888.0001544952393,2577.4048904260203,2570.779421377301
forecast_6991,2025-10-19 07:00:00,3888.0001544952393,2702.9735622165886,2756.705265541232
forecast_6992,2025-10-19 08:00:00,3888.0001544952393,2850.906568676884,3050.150061890566
forecast_6993,2025-10-19 09:00:00,3888.0001544952393,2947.956743263603,2968.351026708036
forecast_6994,2025-10-19 10:00:00,3564.000141620636,2743.4721448277696,2769.772585523123
forecast_6995,2025-10-19 11:00:00,3564.000141620636,2957.1162655359312,2738.864441591011
forecast_6996,2025-10-19 12:00:00,3564.000141620636,3064.9354051907926,2671.210756277297
forecast_6997,2025-10-19 13:00:00,3888.0001544952393,3516.2402788778604,2476.4632972816125
forecast_6998,2025-10-19 14:00:00,3888.0001544952393,3788.4159232501,2128.346544620375
forecast_6999,2025-10-19 15:00:00,5940.000128746033,3942.503951238021,2620.5464948918257
forecast_7000,2025-10-19 16:00:00,6371.999716758728,5116.843769038768,3518.8613020322287
forecast_7001,2025-10-19 17:00:00,6371.999716758728,5199.688569427589,3780.87117885472
forecast_7002,2025-10-19 18:00:00,6263.999819755554,5043.749436415986,3658.204710278717
forecast_7003,2025-10-19 19:00:00,8423.999691009521,6782.51190641735,4766.783931553734
forecast_7004,2025-10-19 20:00:00,9180.000257492065,7325.421852237603,5362.734969134119
forecast_7005,2025-10-19 21:00:00,5832.000231742859,6349.194760495496,3959.1325640232185
forecast_7006,2025-10-19 22:00:00,5400.0,5975.104858358501,3696.141945961452
forecast_7007,2025-10-19 23:00:00,4535.999858379364,4978.074072323561,3442.9259614918933
forecast_7008,2025-10-20 00:00:00,4320.000064373016,4290.93289681954,3021.302341315617
forecast_7009,2025-10-20 01:00:00,3888.0001544952393,3092.0315748837584,2544.5458944059574
forecast_7010,2025-10-20 02:00:00,3888.0001544952393,3079.5441669142874,2806.0548895512443
forecast_7011,2025-10-20 03:00:00,3888.0001544952393,3250.18995508838,2739.708678476026
forecast_7012,2025-10-20 04:00:00,3888.0001544952393,3120.9083126249093,2973.6566495509883
forecast_7013,2025-10-20 05:00:00,3888.0001544952393,3400.1037640658706,2872.64124015114
forecast_7014,2025-10-20 06:00:00,3888.0001544952393,3476.528305041247,2677.645394971564
forecast_7015,2025-10-20 07:00:00,3888.0001544952393,3293.372772143567,2930.6024120200887
forecast_7016,2025-10-20 08:00:00,3888.0001544952393,3567.4577390542804,2777.1956629673987
forecast_7017,2025-10-20 09:00:00,3996.000051498413,3845.928509259129,3316.1977349991826
forecast_7018,2025-10-20 10:00:00,3888.0001544952393,3519.5773235833844,2892.1320425806844
forecast_7019,2025-10-20 11:00:00,3888.0001544952393,3738.599812417892,2954.312950295598
forecast_7020,2025-10-20 12:00:00,3888.0001544952393,3527.170293168936,2888.456356033396
forecast_7021,2025-10-20 13:00:00,3888.0001544952393,3441.4009060018216,2566.5152981204824
forecast_7022,2025-10-20 14:00:00,3779.9999356269836,3248.4923727974574,2361.900040765183
forecast_7023,2025-10-20 15:00:00,3779.9999356269836,3041.9722625843538,2232.753398085304
forecast_7024,2025-10-20 16:00:00,3888.0001544952393,2623.8042759341374,2187.0774075310173
forecast_7025,2025-10-20 17:00:00,3888.0001544952393,2462.31011239705,2020.1295366669497
forecast_7026,2025-10-20 18:00:00,3888.0001544952393,2252.5758180385146,2076.9263683201293
forecast_7027,2025-10-20 19:00:00,3455.9999227523804,2430.9631321141287,2459.891074964869
forecast_7028,2025-10-20 20:00:00,3455.9999227523804,2577.804680100248,2620.9665465615285
forecast_7029,2025-10-20 21:00:00,3888.0001544952393,2709.38435844693,3069.660493637636
forecast_7030,2025-10-20 22:00:00,3888.0001544952393,2781.396616220809,3129.8780893426638
forecast_7031,2025-10-20 23:00:00,3888.0001544952393,2981.0552699617165,2672.230378867578
forecast_7032,2025-10-21 00:00:00,3888.0001544952393,3013.555895789877,3175.7652420817067
forecast_7033,2025-10-21 01:00:00,3888.0001544952393,3231.5479368927595,2533.4127363516945
forecast_7034,2025-10-21 02:00:00,3888.0001544952393,3479.0826451218018,2504.369391234482
forecast_7035,2025-10-21 03:00:00,3888.0001544952393,3455.51493404091,2389.881801574836
forecast_7036,2025-10-21 04:00:00,3888.0001544952393,3383.134618315238,2087.076013032419
forecast_7037,2025-10-21 05:00:00,3888.0001544952393,3249.3419929054203,2193.7834904298634
forecast_7038,2025-10-21 06:00:00,3888.0001544952393,2907.3765462309457,2165.784333304777
forecast_7039,2025-10-21 07:00:00,3888.0001544952393,2851.7847092516413,2519.994048332041
forecast_7040,2025-10-21 08:00:00,3888.0001544952393,2899.237861876463,2380.017820647391
forecast_7041,2025-10-21 09:00:00,3455.9999227523804,2637.9861183389144,2551.379316505285
forecast_7042,2025-10-21 10:00:00,3455.9999227523804,2533.900640314253,2198.144653679179
forecast_7043,2025-10-21 11:00:00,3455.9999227523804,2314.0988523047054,1989.7249594459388
forecast_7044,2025-10-21 12:00:00,3779.9999356269836,2262.709928748328,1888.241465523821
forecast_7045,2025-10-21 13:00:00,3779.9999356269836,2273.636042197507,1944.3328452766184
forecast_7046,2025-10-21 14:00:00,2700.0,2550.5870187130304,2195.0481361930574
forecast_7047,2025-10-21 15:00:00,3455.9999227523804,2280.433791469685,2547.44802618878
forecast_7048,2025-10-21 16:00:00,3455.9999227523804,2393.31959464932,2456.295188802533
forecast_7049,2025-10-21 17:00:00,3455.9999227523804,2330.0021440713667,2695.967105774074
forecast_7050,2025-10-21 18:00:00,3779.9999356269836,2443.089740931131,2942.866462676623
forecast_7051,2025-10-21 19:00:00,3779.9999356269836,3039.11311423754,3017.920974905862
forecast_7052,2025-10-21 20:00:00,3455.9999227523804,2949.67146157292,3268.7044836222403
forecast_7053,2025-10-21 21:00:00,3888.0001544952393,3199.89745898114,2970.3145421038444
forecast_7054,2025-10-21 22:00:00,3779.9999356269836,3129.4617155116966,3147.252360929253
forecast_7055,2025-10-21 23:00:00,3888.0001544952393,2927.127277246455,3108.664964213608
forecast_7056,2025-10-22 00:00:00,3888.0001544952393,2940.827891813089,2957.713004077533
forecast_7057,2025-10-22 01:00:00,3888.0001544952393,2824.8848573165865,2795.624844986475
forecast_7058,2025-10-22 02:00:00,3888.0001544952393,3029.0882604299027,2642.1993856320664
forecast_7059,2025-10-22 03:00:00,3888.0001544952393,2862.660674927721,2561.482852733414
forecast_7060,2025-10-22 04:00:00,3455.9999227523804,2762.0941105327,2514.771572308716
forecast_7061,2025-10-22 05:00:00,3455.9999227523804,2879.5155464131594,2578.887102348626
forecast_7062,2025-10-22 06:00:00,3888.0001544952393,2960.912960198513,2615.076036043705
forecast_7063,2025-10-22 07:00:00,3888.0001544952393,3143.9340179472933,2844.529850720688
forecast_7064,2025-10-22 08:00:00,3888.0001544952393,3394.2466352440733,2823.174636945149
forecast_7065,2025-10-22 09:00:00,3996.000051498413,3905.360163672533,3215.1613654998714
forecast_7066,2025-10-22 10:00:00,3779.9999356269836,3230.644335117085,2808.86737150628
forecast_7067,2025-10-22 11:00:00,3888.0001544952393,3340.731128434116,2785.2847251700537
forecast_7068,2025-10-22 12:00:00,3888.0001544952393,3091.932987852118,2803.9934002862306
forecast_7069,2025-10-22 13:00:00,3888.0001544952393,2930.232395526362,2909.3334875331443
forecast_7070,2025-10-22 14:00:00,3779.9999356269836,2920.030027519761,2612.380762822912
forecast_7071,2025-10-22 15:00:00,3888.0001544952393,2902.8104032244805,2637.120240389667
forecast_7072,2025-10-22 16:00:00,3888.0001544952393,3085.994023256821,2421.2877794915485
forecast_7073,2025-10-22 17:00:00,3888.0001544952393,3026.7863013244782,2736.0838980158283
forecast_7074,2025-10-22 18:00:00,3888.0001544952393,2777.2487851450005,2591.1272528026275
forecast_7075,2025-10-22 19:00:00,3996.000051498413,2727.781076883635,2579.461413984189
forecast_7076,2025-10-22 20:00:00,3888.0001544952393,2877.1838760939345,2951.7594920365964
forecast_7077,2025-10-22 21:00:00,3888.0001544952393,3166.019352958639,3097.806840975661
forecast_7078,2025-10-22 22:00:00,4103.999948501587,3325.997662755064,3330.8245411476296
forecast_7079,2025-10-22 23:00:00,4535.999858379364,3184.2852317096344,3036.606939599996
forecast_7080,2025-10-23 00:00:00,3996.000051498413,2893.8423463503777,2999.623154758937
forecast_7081,2025-10-23 01:00:00,3455.9999227523804,2604.049073339866,2610.8088524562327
forecast_7082,2025-10-23 02:00:00,3888.0001544952393,2792.2642560073905,2786.4583501186667
forecast_7083,2025-10-23 03:00:00,3888.0001544952393,2998.019800412408,3093.7005977956946
forecast_7084,2025-10-23 04:00:00,3779.9999356269836,3027.5322712883262,2822.951329752554
forecast_7085,2025-10-23 05:00:00,3455.9999227523804,3106.502467344781,2710.7957050298846
forecast_7086,2025-10-23 06:00:00,3455.9999227523804,3067.9006435301217,2872.958657151388
forecast_7087,2025-10-23 07:00:00,3564.000141620636,3041.538687783769,2721.9002394116164
forecast_7088,2025-10-23 08:00:00,3564.000141620636,2857.548940233704,2519.6255873764235
forecast_7089,2025-10-23 09:00:00,3888.0001544952393,2633.5687460159897,2589.884699598388
forecast_7090,2025-10-23 10:00:00,4320.000064373016,2559.475720515996,2340.0368168781874
forecast_7091,2025-10-23 11:00:00,3779.9999356269836,2340.089619369209,2225.630589511771
forecast_7092,2025-10-23 12:00:00,3779.9999356269836,2607.660835891434,2215.443981011179
forecast_7093,2025-10-23 13:00:00,3455.9999227523804,2476.827614425777,2330.6774214751363
forecast_7094,2025-10-23 14:00:00,3888.0001544952393,2774.2493143557035,2419.833099407334
forecast_7095,2025-10-23 15:00:00,3779.9999356269836,2817.040741685966,2364.000649302165
forecast_7096,2025-10-23 16:00:00,3888.0001544952393,2937.493195808324,2569.610172080998
forecast_7097,2025-10-23 17:00:00,3779.9999356269836,2659.610158737155,2523.024561096464
forecast_7098,2025-10-23 18:00:00,3455.9999227523804,2375.3048149314327,2515.710439379065
forecast_7099,2025-10-23 19:00:00,3455.9999227523804,2499.4595713380145,2568.103351215296
forecast_7100,2025-10-23 20:00:00,3779.9999356269836,2838.930878497439,2913.7284679920112
forecast_7101,2025-10-23 21:00:00,3564.000141620636,2954.9181920581973,3010.946818640844
forecast_7102,2025-10-23 22:00:00,3564.000141620636,2817.086152150769,3139.777592990563
forecast_7103,2025-10-23 23:00:00,3564.000141620636,3072.1053462762325,3001.9310596737027
forecast_7104,2025-10-24 00:00:00,3888.0001544952393,3185.9415632849896,3068.0272577950896
forecast_7105,2025-10-24 01:00:00,3888.0001544952393,2987.563681994679,2878.4857732597043
forecast_7106,2025-10-24 02:00:00,3888.0001544952393,3055.8435356300542,2732.329091177406
forecast_7107,2025-10-24 03:00:00,4103.999948501587,3263.1541084208484,2976.8156178194536
forecast_7108,2025-10-24 04:00:00,4103.999948501587,2870.148001417921,2890.1452521471265
forecast_7109,2025-10-24 05:00:00,3888.0001544952393,3198.910205215104,2880.6240723142755
forecast_7110,2025-10-24 06:00:00,4103.999948501587,3749.8105902266175,3332.0773075963493
forecast_7111,2025-10-24 07:00:00,4320.000064373016,3704.6663526271855,3277.765546406195
forecast_7112,2025-10-24 08:00:00,3888.0001544952393,3537.095759237063,2971.44167720752
forecast_7113,2025-10-24 09:00:00,3888.0001544952393,3252.462181022883,2570.0319106453426
forecast_7114,2025-10-24 10:00:00,3888.0001544952393,3474.74974695986,3166.9182729364907
forecast_7115,2025-10-24 11:00:00,3888.0001544952393,3236.8736306462524,3032.721799715553
forecast_7116,2025-10-24 12:00:00,3779.9999356269836,3000.8540479010467,2603.5990752030166
forecast_7117,2025-10-24 13:00:00,3888.0001544952393,3116.954193105639,2945.7561825961125
forecast_7118,2025-10-24 14:00:00,3779.9999356269836,2987.490098137492,2622.2229030015365
forecast_7119,2025-10-24 15:00:00,3888.0001544952393,3019.1469067888875,2661.0154787826973
forecast_7120,2025-10-24 16:00:00,3888.0001544952393,2885.4811383050246,2364.5058471260304
forecast_7121,2025-10-24 17:00:00,3888.0001544952393,2921.6130353812987,2493.7611952548546
forecast_7122,2025-10-24 18:00:00,3888.0001544952393,2976.7300001018266,2519.853317721156
forecast_7123,2025-10-24 19:00:00,3888.0001544952393,3196.222381072556,2758.466331429563
forecast_7124,2025-10-24 20:00:00,3996.000051498413,3467.1786932081886,2948.243977077897
forecast_7125,2025-10-24 21:00:00,4103.999948501587,3500.856422255305,3096.77134308195
forecast_7126,2025-10-24 22:00:00,4535.999858379364,4037.113313694354,3562.1727976435777
forecast_7127,2025-10-24 23:00:00,3888.0001544952393,3506.042097931032,3498.2229467911766
forecast_7128,2025-10-25 00:00:00,3888.0001544952393,3198.113158620853,3079.3544079483413
forecast_7129,2025-10-25 01:00:00,3996.000051498413,3401.6102168970606,3487.5074104932914
forecast_7130,2025-10-25 02:00:00,3888.0001544952393,3917.5801099396767,3444.2783323727454
forecast_7131,2025-10-25 03:00:00,3888.0001544952393,3957.367370890586,3559.65784535585
forecast_7132,2025-10-25 04:00:00,3888.0001544952393,4265.87105712277,3554.1915954809674
forecast_7133,2025-10-25 05:00:00,3888.0001544952393,3832.106639499253,3702.2323166447504
forecast_7134,2025-10-25 06:00:00,3888.0001544952393,4323.176312114988,3733.587337813943
forecast_7135,2025-10-25 07:00:00,3888.0001544952393,4416.590026671492,3543.288361201281
forecast_7136,2025-10-25 08:00:00,3888.0001544952393,3928.624334755834,3471.782139907082
forecast_7137,2025-10-25 09:00:00,3888.0001544952393,3790.593644520856,3200.835194889801
forecast_7138,2025-10-25 10:00:00,3888.0001544952393,2952.322923025816,2700.807356524536
forecast_7139,2025-10-25 11:00:00,3564.000141620636,2913.896790410255,2539.437550991954
forecast_7140,2025-10-25 12:00:00,3779.9999356269836,2848.1276452589163,2550.313899339705
forecast_7141,2025-10-25 13:00:00,3888.0001544952393,2835.771110860793,2530.5130892056904
forecast_7142,2025-10-25 14:00:00,3455.9999227523804,2472.073472598732,2253.199552246336
forecast_7143,2025-10-25 15:00:00,3779.9999356269836,2537.030615547413,2314.3360644795166
forecast_7144,2025-10-25 16:00:00,3779.9999356269836,2720.3856324609715,2381.1129951402017
forecast_7145,2025-10-25 17:00:00,3888.0001544952393,2612.37726800868,2163.5312035731995
forecast_7146,2025-10-25 18:00:00,3888.0001544952393,2873.380914153852,2755.7523994169146
forecast_7147,2025-10-25 19:00:00,3888.0001544952393,3161.1661341269028,3221.5167566861687
forecast_7148,2025-10-25 20:00:00,3888.0001544952393,3083.2481407683945,3333.067466751594
forecast_7149,2025-10-25 21:00:00,3888.0001544952393,3391.4254531764204,3264.1340753718323
forecast_7150,2025-10-25 22:00:00,3888.0001544952393,3672.026417950875,3044.4152648118456
forecast_7151,2025-10-25 23:00:00,3888.0001544952393,3822.137424742968,3511.945054128906
forecast_7152,2025-10-26 00:00:00,3888.0001544952393,3904.851999547599,3410.211928080684
forecast_7153,2025-10-26 01:00:00,3888.0001544952393,3319.283354214885,2881.6582883496817
forecast_7154,2025-10-26 02:00:00,3888.0001544952393,3298.9141270547166,2665.624026471088
forecast_7155,2025-10-26 03:00:00,3888.0001544952393,3417.1063090964835,2610.8495688317275
forecast_7156,2025-10-26 04:00:00,3888.0001544952393,3298.942258210164,2526.9615457620203
forecast_7157,2025-10-26 05:00:00,4427.99996137619,3359.270541974535,2571.114446273697
forecast_7158,2025-10-26 06:00:00,3888.0001544952393,3321.5186056703874,2889.396732777247
forecast_7159,2025-10-26 07:00:00,3888.0001544952393,3855.962282661094,3377.00562851585
forecast_7160,2025-10-26 08:00:00,4535.999858379364,4354.401693961742,3468.3485082393536
forecast_7161,2025-10-26 09:00:00,4535.999858379364,4681.198031567444,3690.464735267805
forecast_7162,2025-10-26 10:00:00,4427.99996137619,4078.2057090007424,2998.124709078635
forecast_7163,2025-10-26 11:00:00,3888.0001544952393,3566.521650709817,2915.9665245426336
forecast_7164,2025-10-26 12:00:00,3888.0001544952393,3797.212541087061,2950.6473180709686
forecast_7165,2025-10-26 13:00:00,3888.0001544952393,3160.3043469242025,2739.7756130418893
forecast_7166,2025-10-26 14:00:00,4211.999845504761,3315.5023352458297,2629.2568683984946
forecast_7167,2025-10-26 15:00:00,4211.999845504761,3846.993831680015,2673.162904822838
forecast_7168,2025-10-26 16:00:00,4427.99996137619,4105.19371303983,2738.692413078129
forecast_7169,2025-10-26 17:00:00,5183.999884128571,4970.2717349722525,3152.318241427965
forecast_7170,2025-10-26 18:00:00,5183.999884128571,6219.17389986153,4424.000303600664
forecast_7171,2025-10-26 19:00:00,9396.000051498413,7855.693895705014,5840.004236274555
forecast_7172,2025-10-26 20:00:00,9936.000180244446,9866.460798378555,6553.458884414959
forecast_7173,2025-10-26 21:00:00,12960.00051498413,11966.502860304858,7936.003911342328
forecast_7174,2025-10-26 22:00:00,13392.000102996826,13584.024444638024,10501.170438512867
forecast_7175,2025-10-26 23:00:00,13500.0,13049.62970700505,11017.506921103295
forecast_7176,2025-10-27 00:00:00,14256.000566482544,13882.543652045606,11150.414178567624
forecast_7177,2025-10-27 01:00:00,14903.999948501587,15981.402058945314,14002.860437600886
forecast_7178,2025-10-27 02:00:00,17388.00015449524,16701.333077063744,13771.997716197706
forecast_7179,2025-10-27 03:00:00,18252.000617980957,17195.4737739873,14665.95275997724
forecast_7180,2025-10-27 04:00:00,17819.999742507935,17716.28256326337,14395.022706003903
forecast_7181,2025-10-27 05:00:00,18252.000617980957,17378.022713659208,12939.288155803151
forecast_7182,2025-10-27 06:00:00,15227.999639511108,15306.380067951097,11634.818683926776
forecast_7183,2025-10-27 07:00:00,14147.999382019043,14923.859357477342,11110.869898977484
forecast_7184,2025-10-27 08:00:00,14580.000257492065,15207.559800804302,10579.779953794256
forecast_7185,2025-10-27 09:00:00,14147.999382019043,13338.140512210199,9933.75456469126
forecast_7186,2025-10-27 10:00:00,13500.0,12423.95666599364,9029.954148379187
forecast_7187,2025-10-27 11:00:00,12096.000051498413,11974.282632467151,8651.777257288019
forecast_7188,2025-10-27 12:00:00,14147.999382019043,12570.583245528189,9265.955917437394
forecast_7189,2025-10-27 13:00:00,14147.999382019043,12365.634862033407,9144.123840373815
forecast_7190,2025-10-27 14:00:00,14147.999382019043,12601.887916459198,8979.611142584576
forecast_7191,2025-10-27 15:00:00,14364.000463485718,12753.02184611289,9116.703299222389
forecast_7192,2025-10-27 16:00:00,14472.000360488892,12773.446838208089,9322.068857319964
forecast_7193,2025-10-27 17:00:00,14688.00015449524,13718.695952290673,11374.712037603
forecast_7194,2025-10-27 18:00:00,14364.000463485718,13218.252863049576,10143.366789394217
forecast_7195,2025-10-27 19:00:00,14364.000463485718,13008.627817705936,9623.693303818884
forecast_7196,2025-10-27 20:00:00,14364.000463485718,12919.74022954606,9886.317947584812
forecast_7197,2025-10-27 21:00:00,14364.000463485718,12490.106792476392,10239.507856460432
forecast_7198,2025-10-27 22:00:00,14147.999382019043,12746.67748381037,10061.681917672464
forecast_7199,2025-10-27 23:00:00,14147.999382019043,12243.99415072442,9779.71384063176
forecast_7200,2025-10-28 00:00:00,11231.999588012695,10451.831193485805,8406.200573683085
forecast_7201,2025-10-28 01:00:00,14688.00015449524,14626.573792927822,10882.875960781354
forecast_7202,2025-10-28 02:00:00,15227.999639511108,14685.865149913157,12331.728478608473
forecast_7203,2025-10-28 03:00:00,14580.000257492065,13688.253952589534,10836.22197596941
forecast_7204,2025-10-28 04:00:00,13715.999794006348,13042.919712700625,10523.5751287282
forecast_7205,2025-10-28 05:00:00,12852.000617980957,12072.47642510214,9361.744454510388
forecast_7206,2025-10-28 06:00:00,12527.999639511108,10801.283313044958,8262.856231716216
forecast_7207,2025-10-28 07:00:00,10367.999768257141,10247.138628910683,7814.898954561357
forecast_7208,2025-10-28 08:00:00,10151.999974250793,10207.372765567963,7728.324036052679
forecast_7209,2025-10-28 09:00:00,10151.999974250793,8456.813628135542,5795.924564743224
forecast_7210,2025-10-28 10:00:00,5075.999987125397,4812.605242625774,3695.525918243811
forecast_7211,2025-10-28 11:00:00,3888.0001544952393,3579.752969304346,3530.5900639179467
forecast_7212,2025-10-28 12:00:00,3996.000051498413,3514.664036269273,3135.141885580885
forecast_7213,2025-10-28 13:00:00,4211.999845504761,3525.333617075446,2759.6008234076435
forecast_7214,2025-10-28 14:00:00,4211.999845504761,3629.043203038379,3135.8903805258287
forecast_7215,2025-10-28 15:00:00,4211.999845504761,3529.0726448087853,3177.916242470588
forecast_7216,2025-10-28 16:00:00,4211.999845504761,3439.245685299938,3094.770817639252
forecast_7217,2025-10-28 17:00:00,4320.000064373016,3644.6950843847794,3002.7297667211333
forecast_7218,2025-10-28 18:00:00,7344.00007724762,5918.074884773884,4656.907125251887
forecast_7219,2025-10-28 19:00:00,9180.000257492065,7241.4687163994195,5405.678785826095
forecast_7220,2025-10-28 20:00:00,10044.00007724762,7863.043660783072,6096.209846486102
forecast_7221,2025-10-28 21:00:00,10044.00007724762,9127.206267328756,6797.463787414637
forecast_7222,2025-10-28 22:00:00,9611.99984550476,8827.034459895836,5758.580801683262
forecast_7223,2025-10-28 23:00:00,9180.000257492065,7874.0776051712255,5495.413021556983
forecast_7224,2025-10-29 00:00:00,9180.000257492065,7552.241934873646,5368.327538209589
forecast_7225,2025-10-29 01:00:00,5832.000231742859,5221.592532706104,3998.1498684868575
forecast_7226,2025-10-29 02:00:00,4535.999858379364,4162.671644225144,3533.979250706458
forecast_7227,2025-10-29 03:00:00,4751.9999742507935,4216.219643514021,3751.214157137888
forecast_7228,2025-10-29 04:00:00,4859.999871253967,4121.267658640259,3539.8158481811847
forecast_7229,2025-10-29 05:00:00,4535.999858379364,3896.1021059631153,3410.336613982228
forecast_7230,2025-10-29 06:00:00,4535.999858379364,3396.5700808676324,3090.10789900733
forecast_7231,2025-10-29 07:00:00,3888.0001544952393,3240.6647674716355,2979.2358996237663
forecast_7232,2025-10-29 08:00:00,3888.0001544952393,3090.905954804658,2886.567569511726
forecast_7233,2025-10-29 09:00:00,3888.0001544952393,2847.249169405534,2417.119412406858
forecast_7234,2025-10-29 10:00:00,3779.9999356269836,2274.0392007268542,1662.3704953018516
forecast_7235,2025-10-29 11:00:00,3779.9999356269836,2102.1415347471284,1901.291673069648
forecast_7236,2025-10-29 12:00:00,3348.0000257492065,2159.500781690533,1980.1680898425568
forecast_7237,2025-10-29 13:00:00,3348.0000257492065,2474.2215263542616,2147.248489422341
forecast_7238,2025-10-29 14:00:00,2375.9999871253967,2504.760074747884,2328.250904701172
forecast_7239,2025-10-29 15:00:00,3455.9999227523804,2349.510504988831,2737.7992330018847
forecast_7240,2025-10-29 16:00:00,3779.9999356269836,2336.894479863113,2107.083891931283
forecast_7241,2025-10-29 17:00:00,3240.0001287460327,2544.879447121222,2599.437056800194
forecast_7242,2025-10-29 18:00:00,3888.0001544952393,2762.824849764524,2727.775297030608
forecast_7243,2025-10-29 19:00:00,3888.0001544952393,3546.853439919555,2988.5036745530197
forecast_7244,2025-10-29 20:00:00,3888.0001544952393,4093.915616458998,3397.7995744898967
forecast_7245,2025-10-29 21:00:00,4103.999948501587,4861.396335908106,3981.9594270911
forecast_7246,2025-10-29 22:00:00,5507.999897003174,5863.609433409822,4590.919815457042
forecast_7247,2025-10-29 23:00:00,4644.00007724762,5803.310483149127,4301.867562967979
forecast_7248,2025-10-30 00:00:00,9288.00015449524,7655.671315840293,4903.345159970142
forecast_7249,2025-10-30 01:00:00,9288.00015449524,8073.366138428505,4984.261205348223
forecast_7250,2025-10-30 02:00:00,11447.999382019043,9462.803889036511,6003.068773240735
forecast_7251,2025-10-30 03:00:00,13500.0,12776.045358088111,9939.9063485161
forecast_7252,2025-10-30 04:00:00,13500.0,13288.038372872124,9260.926979831982
forecast_7253,2025-10-30 05:00:00,15984.000205993652,13997.373728482688,8997.410903346818
forecast_7254,2025-10-30 06:00:00,17172.00036048889,14076.67101572415,10868.88073812992
forecast_7255,2025-10-30 07:00:00,11231.999588012695,9763.046566966645,7585.770872539229
forecast_7256,2025-10-30 08:00:00,11231.999588012695,8721.374332157571,6092.675344263495
forecast_7257,2025-10-30 09:00:00,9396.000051498413,6532.693596075764,5772.724093885826
forecast_7258,2025-10-30 10:00:00,6048.0000257492065,4789.952362574004,4019.5852175729
forecast_7259,2025-10-30 11:00:00,3888.0001544952393,3792.0721163753296,3010.290359373103
forecast_7260,2025-10-30 12:00:00,3888.0001544952393,2824.634906777317,2419.157030014767
forecast_7261,2025-10-30 13:00:00,3888.0001544952393,2735.204563726176,2205.407387621168
forecast_7262,2025-10-30 14:00:00,3888.0001544952393,2730.040337523476,2100.4245435379626
forecast_7263,2025-10-30 15:00:00,3779.9999356269836,2608.132294164812,2112.347969244408
forecast_7264,2025-10-30 16:00:00,3888.0001544952393,2790.0471915163766,2191.8247113600632
forecast_7265,2025-10-30 17:00:00,4427.99996137619,3154.541442177468,2626.596125483256
forecast_7266,2025-10-30 18:00:00,4427.99996137619,3366.724914796196,2558.4694109460347
forecast_7267,2025-10-30 19:00:00,4427.99996137619,3715.878270879958,3231.420487026509
forecast_7268,2025-10-30 20:00:00,4751.9999742507935,3562.067454997986,3180.2505857470887
forecast_7269,2025-10-30 21:00:00,4427.99996137619,3435.6958602297354,3173.762651938201
forecast_7270,2025-10-30 22:00:00,3888.0001544952393,3193.669380663356,3128.399129523004
forecast_7271,2025-10-30 23:00:00,3888.0001544952393,3075.7584724905546,3082.531918579374
forecast_7272,2025-10-31 00:00:00,3888.0001544952393,3062.7762339994,2786.0435948026657
forecast_7273,2025-10-31 01:00:00,3888.0001544952393,3132.7000759564935,2564.157922747211
forecast_7274,2025-10-31 02:00:00,3888.0001544952393,3002.880720864446,2347.888886034641
forecast_7275,2025-10-31 03:00:00,3779.9999356269836,2963.51935693309,2437.3685647024263
forecast_7276,2025-10-31 04:00:00,3888.0001544952393,2997.2460362437823,2409.630388385071
forecast_7277,2025-10-31 05:00:00,3672.00003862381,3092.3304046488765,2358.560859786819
forecast_7278,2025-10-31 06:00:00,3888.0001544952393,2976.1492852261044,2419.166091296376
forecast_7279,2025-10-31 07:00:00,3672.00003862381,2896.0867325114395,2545.718678466926
forecast_7280,2025-10-31 08:00:00,3564.000141620636,2991.4112216254744,2500.00449802147
forecast_7281,2025-10-31 09:00:00,3455.9999227523804,2905.0926616850943,2191.9294627845466
forecast_7282,2025-10-31 10:00:00,3455.9999227523804,2381.3712914175835,2103.8784382476524
forecast_7283,2025-10-31 11:00:00,3240.0001287460327,2424.42060573687,2115.8232136356123
forecast_7284,2025-10-31 12:00:00,3779.9999356269836,2617.8572031582544,2296.1210757996514
forecast_7285,2025-10-31 13:00:00,3779.9999356269836,2539.840946356198,2416.5937947401194
forecast_7286,2025-10-31 14:00:00,3888.0001544952393,2654.196494845752,2612.153204504956
forecast_7287,2025-10-31 15:00:00,3348.0000257492065,2703.918360321562,2451.315396871667
forecast_7288,2025-10-31 16:00:00,3888.0001544952393,2927.8468079643976,2756.9085804476504
forecast_7289,2025-10-31 17:00:00,3779.9999356269836,3158.0469845658927,3363.6744584423764
forecast_7290,2025-10-31 18:00:00,3888.0001544952393,3429.939025044349,3518.8296914778866
forecast_7291,2025-10-31 19:00:00,3888.0001544952393,4434.12666640337,3535.436297233236
forecast_7292,2025-10-31 20:00:00,4644.00007724762,5227.3288890224985,3942.627306139736
forecast_7293,2025-10-31 21:00:00,6263.999819755554,7352.846601339559,5132.451960397745
forecast_7294,2025-10-31 22:00:00,9180.000257492065,9373.083615328324,6481.938337140806
forecast_7295,2025-10-31 23:00:00,11231.999588012695,10212.953608352293,6950.232640022458
forecast_7296,2025-11-01 00:00:00,12419.999742507935,11451.410540290166,7654.632043105783
forecast_7297,2025-11-01 01:00:00,14039.99948501587,12305.342395143907,7903.1011059765715
forecast_7298,2025-11-01 02:00:00,12096.000051498413,12461.025889646657,7591.76177917132
forecast_7299,2025-11-01 03:00:00,10151.999974250793,10907.75081327126,6921.357873714972
forecast_7300,2025-11-01 04:00:00,12635.999536514282,13093.69093235614,9639.157078663957
forecast_7301,2025-11-01 05:00:00,13392.000102996826,13545.026283651005,10504.780929264494
forecast_7302,2025-11-01 06:00:00,13931.999588012695,12969.265611922096,10678.874480777817
forecast_7303,2025-11-01 07:00:00,14039.99948501587,13317.941208290244,10183.336702498573
forecast_7304,2025-11-01 08:00:00,14147.999382019043,13786.546078647272,10684.737914595964
forecast_7305,2025-11-01 09:00:00,14147.999382019043,13841.939456146836,11260.82744800344
forecast_7306,2025-11-01 10:00:00,14796.000051498413,13688.887861086108,11101.224082794266
forecast_7307,2025-11-01 11:00:00,14580.000257492065,13216.898804709195,11023.753385262058
forecast_7308,2025-11-01 12:00:00,14580.000257492065,13014.698812660032,10455.431525637903
forecast_7309,2025-11-01 13:00:00,14039.99948501587,12808.566987936658,10060.530721862417
forecast_7310,2025-11-01 14:00:00,14039.99948501587,12679.855025770756,9715.383111291612
forecast_7311,2025-11-01 15:00:00,14039.99948501587,12433.681961681194,9663.684300447658
forecast_7312,2025-11-01 16:00:00,14147.999382019043,12357.32386688866,9701.878067011903
forecast_7313,2025-11-01 17:00:00,14147.999382019043,13126.714695934612,10745.597004493138
forecast_7314,2025-11-01 18:00:00,14147.999382019043,13281.104539281429,11934.24009545392
forecast_7315,2025-11-01 19:00:00,14147.999382019043,13777.39554198714,12940.513735506862
forecast_7316,2025-11-01 20:00:00,14688.00015449524,14689.3776032372,13108.14693327237
forecast_7317,2025-11-01 21:00:00,14688.00015449524,15685.501408072665,12914.08917010728
forecast_7318,2025-11-01 22:00:00,14688.00015449524,15190.481255295845,13085.732316739835
forecast_7319,2025-11-01 23:00:00,15660.00051498413,17192.419674388,14686.395262382886
forecast_7320,2025-11-02 00:00:00,17819.999742507935,17387.495620662678,14750.667719978725
forecast_7321,2025-11-02 01:00:00,15119.999742507935,17464.85957632733,14602.17565935667
forecast_7322,2025-11-02 02:00:00,17388.00015449524,17192.071116115258,14833.90677084978
forecast_7323,2025-11-02 03:00:00,15660.00051498413,15879.035216376027,14309.40756773769
forecast_7324,2025-11-02 04:00:00,15660.00051498413,15662.83319039109,14338.637729261982
forecast_7325,2025-11-02 05:00:00,15335.999536514282,15686.768318965213,13976.967248453842
forecast_7326,2025-11-02 06:00:00,15335.999536514282,16657.54728296655,15073.29660643289
forecast_7327,2025-11-02 07:00:00,16200.0,16929.931009251875,15362.809179038471
forecast_7328,2025-11-02 08:00:00,17819.999742507935,17940.484595488644,16184.38601982609
forecast_7329,2025-11-02 09:00:00,17819.999742507935,18340.48030225774,15949.845008452616
forecast_7330,2025-11-02 10:00:00,17819.999742507935,18014.35262074824,14321.867039362563
forecast_7331,2025-11-02 11:00:00,17819.999742507935,17747.945994921036,13566.508623183068
forecast_7332,2025-11-02 12:00:00,16847.999382019043,16481.230886007575,12926.81640997048
forecast_7333,2025-11-02 13:00:00,16200.0,15650.60496080786,11833.853011134564
forecast_7334,2025-11-02 14:00:00,15768.000411987305,14476.077955969997,11377.83528601516
forecast_7335,2025-11-02 15:00:00,16200.0,14066.217374421243,11146.382990606437
forecast_7336,2025-11-02 16:00:00,15768.000411987305,13454.619737111216,10666.215993505715
forecast_7337,2025-11-02 17:00:00,14256.000566482544,12793.224626668898,10059.99193487386
forecast_7338,2025-11-02 18:00:00,14256.000566482544,12591.497439353105,9725.796496653526
forecast_7339,2025-11-02 19:00:00,14580.000257492065,11838.74344819694,9775.74010678866
forecast_7340,2025-11-02 20:00:00,13715.999794006348,10958.67062381168,9905.040484287
forecast_7341,2025-11-02 21:00:00,10476.000308990479,9508.749904829252,6722.2655666203
forecast_7342,2025-11-02 22:00:00,10476.000308990479,10985.067996643262,7698.40506915815
forecast_7343,2025-11-02 23:00:00,10259.999871253967,10812.54351357741,7435.051085340812
forecast_7344,2025-11-03 00:00:00,7559.999871253967,8557.627192979104,6143.317660858122
forecast_7345,2025-11-03 01:00:00,10044.00007724762,8092.38878521148,6437.218064255078
forecast_7346,2025-11-03 02:00:00,5940.000128746033,7779.054119462689,6207.053134912125
forecast_7347,2025-11-03 03:00:00,5183.999884128571,7046.879342836948,6421.87397954227
forecast_7348,2025-11-03 04:00:00,5940.000128746033,6949.739196572739,6012.149363679828
forecast_7349,2025-11-03 05:00:00,5075.999987125397,6443.6640696400045,5874.081759330583
forecast_7350,2025-11-03 06:00:00,4859.999871253967,4928.708718733915,4228.258738366844
forecast_7351,2025-11-03 07:00:00,3888.0001544952393,4316.695931986886,3712.465006183655
forecast_7352,2025-11-03 08:00:00,3888.0001544952393,4254.390451455213,3440.745511765153
forecast_7353,2025-11-03 09:00:00,3996.000051498413,3951.884841321888,3238.966388695529
forecast_7354,2025-11-03 10:00:00,3888.0001544952393,2987.126593169922,2617.2612424839817
forecast_7355,2025-11-03 11:00:00,3779.9999356269836,2586.7170513046663,2023.687652976961
forecast_7356,2025-11-03 12:00:00,3888.0001544952393,2442.3113686726465,2016.269066710272
forecast_7357,2025-11-03 13:00:00,3888.0001544952393,2183.204373911434,2096.066828788702
forecast_7358,2025-11-03 14:00:00,3888.0001544952393,2125.9282295770386,2212.453036313754
forecast_7359,2025-11-03 15:00:00,3888.0001544952393,2329.7835354676195,2210.550890858151
forecast_7360,2025-11-03 16:00:00,3888.0001544952393,2364.5541033738923,2073.8549029066667
forecast_7361,2025-11-03 17:00:00,3888.0001544952393,2819.3383364438737,2453.362550095143
forecast_7362,2025-11-03 18:00:00,3888.0001544952393,2784.3710721454017,2621.800214637024
forecast_7363,2025-11-03 19:00:00,3888.0001544952393,3176.129058052654,2652.389600832832
forecast_7364,2025-11-03 20:00:00,3888.0001544952393,3279.319858194477,2702.8848622215205
forecast_7365,2025-11-03 21:00:00,4320.000064373016,3822.355351709114,3015.274600338864
forecast_7366,2025-11-03 22:00:00,4644.00007724762,4805.098058966406,3552.6149671383923
forecast_7367,2025-11-03 23:00:00,6480.000257492065,6392.676377408054,4148.020397095403
forecast_7368,2025-11-04 00:00:00,10044.00007724762,9076.916555264212,6351.852100447403
forecast_7369,2025-11-04 01:00:00,7992.000102996826,8586.780104803607,5366.207620977552
forecast_7370,2025-11-04 02:00:00,9503.999948501587,10535.042991057431,6247.623538550734
forecast_7371,2025-11-04 03:00:00,7992.000102996826,10088.149315664105,6157.134857315111
forecast_7372,2025-11-04 04:00:00,9503.999948501587,10920.502940763174,6695.078186642287
forecast_7373,2025-11-04 05:00:00,9503.999948501587,11596.106031169453,7154.0096090970255
forecast_7374,2025-11-04 06:00:00,10151.999974250793,12809.090790514694,8656.423601145916
forecast_7375,2025-11-04 07:00:00,10151.999974250793,13253.274150205536,8524.31987523221
forecast_7376,2025-11-04 08:00:00,12852.000617980957,14504.620776496133,8703.69194727639
forecast_7377,2025-11-04 09:00:00,14472.000360488892,15699.5760126307,10415.354335581014
forecast_7378,2025-11-04 10:00:00,12096.000051498413,15403.83471276402,11159.23663866324
forecast_7379,2025-11-04 11:00:00,11880.000257492065,13388.492401993322,9649.617001975615
forecast_7380,2025-11-04 12:00:00,11556.000566482544,11659.319222000988,8746.256993573928
forecast_7381,2025-11-04 13:00:00,10476.000308990479,10014.45100610079,7979.599270507936
forecast_7382,2025-11-04 14:00:00,11556.000566482544,8908.951072092621,7597.143022238681
forecast_7383,2025-11-04 15:00:00,11556.000566482544,8832.700306016932,7601.648294940735
forecast_7384,2025-11-04 16:00:00,10584.000205993652,9262.617534964347,7413.089033765156
forecast_7385,2025-11-04 17:00:00,10476.000308990479,9550.761207607278,7400.253966312435
forecast_7386,2025-11-04 18:00:00,9180.000257492065,8745.398451561308,6259.248767348917
forecast_7387,2025-11-04 19:00:00,10151.999974250793,8410.367592631192,6348.150794930309
forecast_7388,2025-11-04 20:00:00,10044.00007724762,8509.194300917488,6890.517078497833
forecast_7389,2025-11-04 21:00:00,10044.00007724762,8639.19478656436,7043.693768035437
forecast_7390,2025-11-04 22:00:00,10044.00007724762,8835.23260816516,7062.931997904196
forecast_7391,2025-11-04 23:00:00,8423.999691009521,7302.641967813773,6358.961751944248
forecast_7392,2025-11-05 00:00:00,8100.0,6779.073441127171,5823.624060848783
forecast_7393,2025-11-05 01:00:00,9611.99984550476,6408.789631406149,4679.549430138804
forecast_7394,2025-11-05 02:00:00,5075.999987125397,4591.979978237925,3573.408623428009
forecast_7395,2025-11-05 03:00:00,4103.999948501587,3609.089388597429,3073.0262062759984
forecast_7396,2025-11-05 04:00:00,3888.0001544952393,3218.303764153359,2775.9127903729795
forecast_7397,2025-11-05 05:00:00,3888.0001544952393,2967.1699129217523,2772.9897199236143
forecast_7398,2025-11-05 06:00:00,3455.9999227523804,2875.931755637159,2729.757801785042
forecast_7399,2025-11-05 07:00:00,3455.9999227523804,2695.7576572789435,2559.469040406508
forecast_7400,2025-11-05 08:00:00,3455.9999227523804,2478.1912259521005,2428.9356258340263
forecast_7401,2025-11-05 09:00:00,3455.9999227523804,2580.48358496852,2211.663406746695
forecast_7402,2025-11-05 10:00:00,3779.9999356269836,2538.5918165944,2043.1506391817047
forecast_7403,2025-11-05 11:00:00,3779.9999356269836,2322.9543933472787,2005.423201244764
forecast_7404,2025-11-05 12:00:00,3779.9999356269836,2340.934720467032,2125.8220643515697
forecast_7405,2025-11-05 13:00:00,3779.9999356269836,2299.812433783806,2112.146861763563
forecast_7406,2025-11-05 14:00:00,3779.9999356269836,2329.9541495325075,2028.2707538142715
forecast_7407,2025-11-05 15:00:00,3455.9999227523804,2349.063115138025,2041.380487198632
forecast_7408,2025-11-05 16:00:00,3779.9999356269836,2573.281753047757,2307.9100232794776
forecast_7409,2025-11-05 17:00:00,3348.0000257492065,2569.8220353354423,2368.5981505461896
forecast_7410,2025-11-05 18:00:00,3455.9999227523804,2399.459274310484,2397.1305845064435
forecast_7411,2025-11-05 19:00:00,3455.9999227523804,2839.160997925542,3122.989707392437
forecast_7412,2025-11-05 20:00:00,3455.9999227523804,2980.3320533073384,3148.8100948169213
forecast_7413,2025-11-05 21:00:00,3455.9999227523804,3060.9383436999783,3251.296632204108
forecast_7414,2025-11-05 22:00:00,3455.9999227523804,3101.044102363011,3129.1290365818727
forecast_7415,2025-11-05 23:00:00,3888.0001544952393,3253.051434643912,3053.7977938274253
forecast_7416,2025-11-06 00:00:00,3888.0001544952393,3501.5689882488755,3263.7925577750643
forecast_7417,2025-11-06 01:00:00,3888.0001544952393,3698.469457534392,3380.5149100904787
forecast_7418,2025-11-06 02:00:00,3888.0001544952393,4211.925048525839,3576.2439288496
forecast_7419,2025-11-06 03:00:00,3888.0001544952393,4878.481810134448,3639.6585245275805
forecast_7420,2025-11-06 04:00:00,4103.999948501587,5204.020029794603,3776.089914383284
forecast_7421,2025-11-06 05:00:00,8423.999691009521,4967.535117883676,3821.4670885276482
forecast_7422,2025-11-06 06:00:00,9396.000051498413,5646.143804022359,4376.537267726483
forecast_7423,2025-11-06 07:00:00,7884.000205993652,4646.166651644431,3902.450783338057
forecast_7424,2025-11-06 08:00:00,4535.999858379364,3387.795397491913,3005.585228442642
forecast_7425,2025-11-06 09:00:00,3888.0001544952393,2976.560153979571,2644.0768957613927
forecast_7426,2025-11-06 10:00:00,3779.9999356269836,2576.5156770026942,2363.423356273333
forecast_7427,2025-11-06 11:00:00,3779.9999356269836,2338.137567218759,2033.1561073298271
forecast_7428,2025-11-06 12:00:00,3240.0001287460327,2283.2868904868105,2134.2989362211483
forecast_7429,2025-11-06 13:00:00,3348.0000257492065,2464.0961143984555,2234.2505823977594
forecast_7430,2025-11-06 14:00:00,3888.0001544952393,2536.197965211973,2339.8547037753065
forecast_7431,2025-11-06 15:00:00,3888.0001544952393,2301.472100938831,2260.5258280218463
forecast_7432,2025-11-06 16:00:00,3564.000141620636,2470.7575226121835,2180.715526727413
forecast_7433,2025-11-06 17:00:00,3564.000141620636,2389.768831994062,2361.3447955405763
forecast_7434,2025-11-06 18:00:00,3888.0001544952393,2394.347396910737,2685.290769239968
forecast_7435,2025-11-06 19:00:00,3888.0001544952393,2556.653426567975,2459.8845066161552
forecast_7436,2025-11-06 20:00:00,3888.0001544952393,2518.610554353998,2615.6185693958146
forecast_7437,2025-11-06 21:00:00,3672.00003862381,2638.666790227689,2671.134473498228
forecast_7438,2025-11-06 22:00:00,3455.9999227523804,2694.163822371564,2674.415611225709
forecast_7439,2025-11-06 23:00:00,3672.00003862381,2590.4400865568464,2487.9068951303266
forecast_7440,2025-11-07 00:00:00,3455.9999227523804,2605.295728806199,2715.0790812786254
forecast_7441,2025-11-07 01:00:00,3888.0001544952393,3028.422248560478,2632.044278919276
forecast_7442,2025-11-07 02:00:00,3888.0001544952393,3577.5932923958085,3295.205529753998
forecast_7443,2025-11-07 03:00:00,3888.0001544952393,3717.767552168745,3272.69216894843
forecast_7444,2025-11-07 04:00:00,4103.999948501587,3600.380422692011,3167.551043994114
forecast_7445,2025-11-07 05:00:00,4103.999948501587,3792.381652747572,3217.1961646480904
forecast_7446,2025-11-07 06:00:00,4320.000064373016,3880.4549361128848,3538.473647755907
forecast_7447,2025-11-07 07:00:00,3888.0001544952393,3185.127396323853,3159.238870302464
forecast_7448,2025-11-07 08:00:00,3779.9999356269836,2939.2802497277817,2544.53414086188
forecast_7449,2025-11-07 09:00:00,3455.9999227523804,2592.943134413616,2578.2560957639275
forecast_7450,2025-11-07 10:00:00,3888.0001544952393,2434.0882001804107,2297.3958624125626
forecast_7451,2025-11-07 11:00:00,3888.0001544952393,2351.839969363793,2321.671856819942
forecast_7452,2025-11-07 12:00:00,3779.9999356269836,2396.8801735067805,2129.49502871946
forecast_7453,2025-11-07 13:00:00,3779.9999356269836,2245.0889310438547,2145.593822726598
forecast_7454,2025-11-07 14:00:00,3779.9999356269836,2263.8757572766817,2325.873745921295
forecast_7455,2025-11-07 15:00:00,3779.9999356269836,2448.745857210542,2375.396298678015
forecast_7456,2025-11-07 16:00:00,3455.9999227523804,2524.461742004343,2430.074757376971
forecast_7457,2025-11-07 17:00:00,3779.9999356269836,2725.043829775001,2532.874058411281
forecast_7458,2025-11-07 18:00:00,3779.9999356269836,2942.172415166451,2593.842632518667
forecast_7459,2025-11-07 19:00:00,3888.0001544952393,3347.14000382915,2710.9359000465934
forecast_7460,2025-11-07 20:00:00,3888.0001544952393,3390.195882710494,2887.988213930086
forecast_7461,2025-11-07 21:00:00,3996.000051498413,3682.3340069272704,2875.19583987351
forecast_7462,2025-11-07 22:00:00,4103.999948501587,3526.86572961242,2966.6342957281995
forecast_7463,2025-11-07 23:00:00,4103.999948501587,3768.15039698229,3258.5702106125354
forecast_7464,2025-11-08 00:00:00,3996.000051498413,3607.401009321046,2966.2959132637543
forecast_7465,2025-11-08 01:00:00,3779.9999356269836,3247.4358783468383,2772.73176568776
forecast_7466,2025-11-08 02:00:00,3888.0001544952393,3057.8668336960177,2677.998926150949
forecast_7467,2025-11-08 03:00:00,3888.0001544952393,3113.030185724806,2761.5510281466186
forecast_7468,2025-11-08 04:00:00,3888.0001544952393,3079.0893680751774,2755.922023340426
forecast_7469,2025-11-08 05:00:00,3996.000051498413,3644.603414278099,2832.337143821986
forecast_7470,2025-11-08 06:00:00,3996.000051498413,3294.172216464974,2728.2592957097017
forecast_7471,2025-11-08 07:00:00,3996.000051498413,3258.1079526213825,2936.413302085562
forecast_7472,2025-11-08 08:00:00,4320.000064373016,3128.486613184214,2997.970827735325
forecast_7473,2025-11-08 09:00:00,3888.0001544952393,3116.407377900243,3065.2471076895363
forecast_7474,2025-11-08 10:00:00,3888.0001544952393,2758.750799073146,3048.4816649082063
forecast_7475,2025-11-08 11:00:00,3888.0001544952393,2735.890322388658,2858.0063697038613
forecast_7476,2025-11-08 12:00:00,3888.0001544952393,2812.2586887690563,2995.459523260676
forecast_7477,2025-11-08 13:00:00,3888.0001544952393,2995.336902003063,3169.1794719039963
forecast_7478,2025-11-08 14:00:00,3888.0001544952393,2967.845969253199,2823.961030580096
forecast_7479,2025-11-08 15:00:00,3888.0001544952393,3047.8894831105495,3036.88420544357
forecast_7480,2025-11-08 16:00:00,3888.0001544952393,3478.1988648873053,3122.623259017454
forecast_7481,2025-11-08 17:00:00,3888.0001544952393,3877.836513965359,3223.3509218940217
forecast_7482,2025-11-08 18:00:00,3888.0001544952393,4353.886030553525,3360.601474129202
forecast_7483,2025-11-08 19:00:00,3996.000051498413,4701.132640230031,3517.2140735910857
forecast_7484,2025-11-08 20:00:00,3888.0001544952393,5180.940402184148,3842.763992312776
forecast_7485,2025-11-08 21:00:00,4320.000064373016,5821.070971153908,4091.349473131811
forecast_7486,2025-11-08 22:00:00,5832.000231742859,7111.5803948301045,4559.773431941249
forecast_7487,2025-11-08 23:00:00,9611.99984550476,9906.997788743514,6624.750926896662
forecast_7488,2025-11-09 00:00:00,9936.000180244446,8837.178638501211,6659.793975168148
forecast_7489,2025-11-09 01:00:00,9288.00015449524,7716.416476526291,5601.440335460902
forecast_7490,2025-11-09 02:00:00,9396.000051498413,8337.99864703504,6022.704182956167
forecast_7491,2025-11-09 03:00:00,11231.999588012695,9659.991948567138,6781.154957511462
forecast_7492,2025-11-09 04:00:00,13500.0,11780.948627171168,7289.644293639189
forecast_7493,2025-11-09 05:00:00,13500.0,13261.466985376608,9568.899191358449
forecast_7494,2025-11-09 06:00:00,17603.999948501587,15227.967488786957,11206.980501445494
forecast_7495,2025-11-09 07:00:00,17819.999742507935,15678.913015960366,11932.48782817712
forecast_7496,2025-11-09 08:00:00,15660.00051498413,13550.233691096397,10811.949434749373
forecast_7497,2025-11-09 09:00:00,15984.000205993652,12753.536159134936,9763.877711099678
forecast_7498,2025-11-09 10:00:00,13931.999588012695,10886.159659100716,8917.919159105575
forecast_7499,2025-11-09 11:00:00,13500.0,10378.119138421987,8436.379918284587
forecast_7500,2025-11-09 12:00:00,11447.999382019043,10148.792931829952,7887.040722418317
forecast_7501,2025-11-09 13:00:00,12096.000051498413,11466.910603716777,9136.077831622411
forecast_7502,2025-11-09 14:00:00,13500.0,11722.395462180317,9121.496503497492
forecast_7503,2025-11-09 15:00:00,14472.000360488892,11543.39613550354,9127.514769441132
forecast_7504,2025-11-09 16:00:00,14472.000360488892,12054.839121036375,9313.747810549645
forecast_7505,2025-11-09 17:00:00,14580.000257492065,12366.430267387215,9896.8082675593
forecast_7506,2025-11-09 18:00:00,14580.000257492065,13545.709558687671,11187.138499595963
forecast_7507,2025-11-09 19:00:00,15660.00051498413,15065.345911457292,12805.146128963717
forecast_7508,2025-11-09 20:00:00,18252.000617980957,16426.877811251088,14616.262183104383
forecast_7509,2025-11-09 21:00:00,18252.000617980957,16403.480778001438,14477.12539728539
forecast_7510,2025-11-09 22:00:00,17819.999742507935,15473.079110492996,13164.41234355468
forecast_7511,2025-11-09 23:00:00,16847.999382019043,14654.511999181785,12297.255491025986
forecast_7512,2025-11-10 00:00:00,14688.00015449524,13543.871454419676,11474.588377763466
forecast_7513,2025-11-10 01:00:00,14688.00015449524,12871.364750237164,10919.26075747621
forecast_7514,2025-11-10 02:00:00,14147.999382019043,11578.388036026305,10440.45682901664
forecast_7515,2025-11-10 03:00:00,14147.999382019043,11957.631948152622,9583.35123311917
forecast_7516,2025-11-10 04:00:00,13607.999897003174,11921.1377447445,8615.256589185785
forecast_7517,2025-11-10 05:00:00,13607.999897003174,13858.064519427133,9532.330227915269
forecast_7518,2025-11-10 06:00:00,14688.00015449524,14005.5175564046,11064.510106838088
forecast_7519,2025-11-10 07:00:00,17172.00036048889,14824.623038168456,12273.904245543708
forecast_7520,2025-11-10 08:00:00,15335.999536514282,14801.236682955468,12315.84168020446
forecast_7521,2025-11-10 09:00:00,14688.00015449524,14274.807493310862,12017.192636630283
forecast_7522,2025-11-10 10:00:00,12635.999536514282,13044.28376867046,9788.967663231078
forecast_7523,2025-11-10 11:00:00,11447.999382019043,10897.412715913146,8111.84950487388
forecast_7524,2025-11-10 12:00:00,10476.000308990479,9315.923014000877,7166.206232326985
forecast_7525,2025-11-10 13:00:00,10259.999871253967,7220.562260800707,6489.321456106792
forecast_7526,2025-11-10 14:00:00,10259.999871253967,7132.297677438117,5449.009268984735
forecast_7527,2025-11-10 15:00:00,10259.999871253967,7248.283556591622,4986.610357155804
forecast_7528,2025-11-10 16:00:00,9396.000051498413,7194.568978549154,4686.243182975878
forecast_7529,2025-11-10 17:00:00,10476.000308990479,8194.603990299162,5111.209478531751
forecast_7530,2025-11-10 18:00:00,13823.999691009521,11006.713948533858,8069.157928273578
forecast_7531,2025-11-10 19:00:00,18252.000617980957,14109.756573692865,10318.516771366814
forecast_7532,2025-11-10 20:00:00,19980.000257492065,15488.705577467168,11687.399443168342
forecast_7533,2025-11-10 21:00:00,19980.000257492065,16005.256595389837,12065.476182847657
forecast_7534,2025-11-10 22:00:00,19980.000257492065,17478.132279027595,13881.80073409356
forecast_7535,2025-11-10 23:00:00,19980.000257492065,17161.490521001822,13282.417846838138
forecast_7536,2025-11-11 00:00:00,19980.000257492065,17219.536740448977,12833.989928776044
forecast_7537,2025-11-11 01:00:00,19980.000257492065,18478.81440283154,15445.806844516075
forecast_7538,2025-11-11 02:00:00,19980.000257492065,17863.751769928396,14060.298523677497
forecast_7539,2025-11-11 03:00:00,19980.000257492065,16742.740891588124,12886.498835032196
forecast_7540,2025-11-11 04:00:00,18468.000411987305,15527.415290266998,10740.280368902611
forecast_7541,2025-11-11 05:00:00,14688.00015449524,11662.64893059772,7384.825335393544
forecast_7542,2025-11-11 06:00:00,8748.000025749207,7401.045832095446,4160.902624703536
forecast_7543,2025-11-11 07:00:00,7451.9999742507935,6542.037181407928,3674.770347975512
forecast_7544,2025-11-11 08:00:00,4859.999871253967,4332.605701454001,3440.4410761055356
forecast_7545,2025-11-11 09:00:00,4859.999871253967,3988.309525397845,3295.0348715940127
forecast_7546,2025-11-11 10:00:00,4644.00007724762,3505.7372614134124,2813.9960705205117
forecast_7547,2025-11-11 11:00:00,3888.0001544952393,3116.286249645947,2363.65654121173
forecast_7548,2025-11-11 12:00:00,3888.0001544952393,2734.170316199054,2295.5439257629214
forecast_7549,2025-11-11 13:00:00,3888.0001544952393,2547.0432002823395,1916.3804114669797
forecast_7550,2025-11-11 14:00:00,3888.0001544952393,2435.111740397599,1916.626407707265
forecast_7551,2025-11-11 15:00:00,3888.0001544952393,2474.3355724350067,2049.415788310127
forecast_7552,2025-11-11 16:00:00,3779.9999356269836,2482.981287074065,2124.14648422359
forecast_7553,2025-11-11 17:00:00,3888.0001544952393,2904.3505920857015,2539.195816328724
forecast_7554,2025-11-11 18:00:00,3888.0001544952393,2995.364117936704,3016.996267183701
forecast_7555,2025-11-11 19:00:00,3779.9999356269836,2743.8160253857923,2973.4717754687817
forecast_7556,2025-11-11 20:00:00,3672.00003862381,3029.51520371526,2988.6495456398065
forecast_7557,2025-11-11 21:00:00,3564.000141620636,3068.912416554416,2957.5803849979825
forecast_7558,2025-11-11 22:00:00,3564.000141620636,2894.1073239909006,2869.750211935024
forecast_7559,2025-11-11 23:00:00,3888.0001544952393,2801.198323167272,2764.058068653512
forecast_7560,2025-11-12 00:00:00,3888.0001544952393,2790.280594876463,2761.4643598766447
forecast_7561,2025-11-12 01:00:00,3888.0001544952393,2949.5352651151925,2529.7431356160155
forecast_7562,2025-11-12 02:00:00,3888.0001544952393,2764.729323163202,2731.197682480808
forecast_7563,2025-11-12 03:00:00,3888.0001544952393,3284.255539970642,3065.509785390336
forecast_7564,2025-11-12 04:00:00,3888.0001544952393,3537.185888502212,3312.602583587926
forecast_7565,2025-11-12 05:00:00,3888.0001544952393,3650.332574554645,3400.127500644921
forecast_7566,2025-11-12 06:00:00,3888.0001544952393,4415.100862760464,3831.269792989969
forecast_7567,2025-11-12 07:00:00,3996.000051498413,5890.276476249508,4533.496225116561
forecast_7568,2025-11-12 08:00:00,4320.000064373016,6240.241877601101,4373.307611120441
forecast_7569,2025-11-12 09:00:00,4320.000064373016,5950.784462713099,4532.956841782427
forecast_7570,2025-11-12 10:00:00,4320.000064373016,4862.373762010596,3857.03461422386
forecast_7571,2025-11-12 11:00:00,3888.0001544952393,4569.470109406906,3664.719577073841
forecast_7572,2025-11-12 12:00:00,3888.0001544952393,4332.872508914134,3762.51357823385
forecast_7573,2025-11-12 13:00:00,3888.0001544952393,4314.606286187202,3495.1053896715653
forecast_7574,2025-11-12 14:00:00,3888.0001544952393,4362.631392637654,3719.124423024483
forecast_7575,2025-11-12 15:00:00,4320.000064373016,5342.861977413348,4254.435333260514
forecast_7576,2025-11-12 16:00:00,5507.999897003174,6326.550164315162,4292.801344338328
forecast_7577,2025-11-12 17:00:00,11123.999691009521,9096.582119574923,7163.357405064275
forecast_7578,2025-11-12 18:00:00,13068.000411987305,11255.427211065571,8443.470353713139
forecast_7579,2025-11-12 19:00:00,17172.00036048889,14637.06665629191,10991.066857778282
forecast_7580,2025-11-12 20:00:00,18035.999536514282,15963.505066636591,11420.878223320711
forecast_7581,2025-11-12 21:00:00,18035.999536514282,17137.03827863141,12186.595581954443
forecast_7582,2025-11-12 22:00:00,19547.999382019043,17855.035616410063,14020.419709629068
forecast_7583,2025-11-12 23:00:00,19980.000257492065,18563.67461900489,14880.800105173968
forecast_7584,2025-11-13 00:00:00,19980.000257492065,19053.90577462953,16783.204471596302
forecast_7585,2025-11-13 01:00:00,19980.000257492065,18698.02063338932,16325.648609296088
forecast_7586,2025-11-13 02:00:00,19980.000257492065,18286.92032844642,16039.660342059979
forecast_7587,2025-11-13 03:00:00,19980.000257492065,17605.66975876117,15742.569561383429
forecast_7588,2025-11-13 04:00:00,19980.000257492065,16912.962118933912,14926.996647323553
forecast_7589,2025-11-13 05:00:00,19547.999382019043,16124.30343914746,14373.802256341773
forecast_7590,2025-11-13 06:00:00,19439.99948501587,16075.536401765616,14011.49325306342
forecast_7591,2025-11-13 07:00:00,18360.00051498413,15841.885424011958,13256.904108384795
forecast_7592,2025-11-13 08:00:00,15768.000411987305,14396.11642053794,12561.05467684499
forecast_7593,2025-11-13 09:00:00,14688.00015449524,12723.279079323063,11337.18982002333
forecast_7594,2025-11-13 10:00:00,11339.99948501587,10280.827963470523,10000.180545695715
forecast_7595,2025-11-13 11:00:00,10476.000308990479,9323.135156884731,9510.811799885236
forecast_7596,2025-11-13 12:00:00,6803.999948501587,5706.145301536503,4337.618452782858
forecast_7597,2025-11-13 13:00:00,4211.999845504761,4060.8843498810015,3057.5869774202324
forecast_7598,2025-11-13 14:00:00,3888.0001544952393,3277.81263214776,3302.683306990162
forecast_7599,2025-11-13 15:00:00,3888.0001544952393,3011.675489590649,3130.054625769292
forecast_7600,2025-11-13 16:00:00,3888.0001544952393,4101.090640225895,3673.932728247529
forecast_7601,2025-11-13 17:00:00,4535.999858379364,4760.424115806806,4761.833478429992
forecast_7602,2025-11-13 18:00:00,6048.0000257492065,5612.182110728479,4962.54552345247
forecast_7603,2025-11-13 19:00:00,5832.000231742859,5875.0989078651455,4868.935522299003
forecast_7604,2025-11-13 20:00:00,4427.99996137619,5598.401618765156,4568.7850145182765
forecast_7605,2025-11-13 21:00:00,6048.0000257492065,6341.106536102231,4989.232870430397
forecast_7606,2025-11-13 22:00:00,7884.000205993652,6814.907468671289,4896.865970645033
forecast_7607,2025-11-13 23:00:00,7776.0003089904785,6642.220478306626,5430.688310219231
forecast_7608,2025-11-14 00:00:00,7776.0003089904785,6617.917938115369,5047.507494730318
forecast_7609,2025-11-14 01:00:00,3888.0001544952393,3969.2669277545024,3562.080945697567
forecast_7610,2025-11-14 02:00:00,3888.0001544952393,4115.936918813993,3803.3201022046665
forecast_7611,2025-11-14 03:00:00,4103.999948501587,4054.539116924924,3490.4060938903526
forecast_7612,2025-11-14 04:00:00,4103.999948501587,4107.802749230193,3422.907730283604
forecast_7613,2025-11-14 05:00:00,4103.999948501587,4152.107196321995,3334.4171205838666
forecast_7614,2025-11-14 06:00:00,4103.999948501587,4202.265332075017,3351.599055038171
forecast_7615,2025-11-14 07:00:00,4751.9999742507935,4435.302383320192,3422.3538319675404
forecast_7616,2025-11-14 08:00:00,5400.0,4793.719632564673,4089.181137654489
forecast_7617,2025-11-14 09:00:00,4859.999871253967,4614.601638101031,4099.8953912035
forecast_7618,2025-11-14 10:00:00,4859.999871253967,4219.21981155881,3649.8014845745033
forecast_7619,2025-11-14 11:00:00,3888.0001544952393,4075.4959002641817,3075.5974774948727
forecast_7620,2025-11-14 12:00:00,3888.0001544952393,3779.509208708548,2748.653452773062
forecast_7621,2025-11-14 13:00:00,3888.0001544952393,3833.8715005821937,2785.380524773925
forecast_7622,2025-11-14 14:00:00,4103.999948501587,3815.138424869802,2727.227436529924
forecast_7623,2025-11-14 15:00:00,4968.000090122223,4017.6100914923336,3420.841656466406
forecast_7624,2025-11-14 16:00:00,6371.999716758728,4372.468719264027,4009.07018790262
forecast_7625,2025-11-14 17:00:00,8423.999691009521,5184.446588804931,4996.164634534145
forecast_7626,2025-11-14 18:00:00,10259.999871253967,6639.639959797298,6443.044347066892
forecast_7627,2025-11-14 19:00:00,11339.99948501587,9235.717394779753,7227.122765076811
forecast_7628,2025-11-14 20:00:00,12960.00051498413,10419.98670649588,8299.43174096949
forecast_7629,2025-11-14 21:00:00,10907.999897003174,9498.286530453466,7016.7565983730565
forecast_7630,2025-11-14 22:00:00,11231.999588012695,9591.947256999973,6444.277712168093
forecast_7631,2025-11-14 23:00:00,10044.00007724762,8678.524268140916,6695.807140897114
forecast_7632,2025-11-15 00:00:00,10044.00007724762,7165.274828251344,5894.034983003622
forecast_7633,2025-11-15 01:00:00,6155.99992275238,5951.551971759496,4199.410518191528
forecast_7634,2025-11-15 02:00:00,6155.99992275238,5018.393454797624,3474.0102303705453
forecast_7635,2025-11-15 03:00:00,6371.999716758728,4535.449291419542,3487.835451015546
forecast_7636,2025-11-15 04:00:00,9396.000051498413,5169.481894893688,3591.427204393894
forecast_7637,2025-11-15 05:00:00,5615.999794006348,4632.639888468522,3405.639352259568
forecast_7638,2025-11-15 06:00:00,5400.0,3905.329580181014,3293.9276969332823
forecast_7639,2025-11-15 07:00:00,5400.0,3784.959888212812,3251.1322007594667
forecast_7640,2025-11-15 08:00:00,4751.9999742507935,3383.068323948399,3143.8647516271317
forecast_7641,2025-11-15 09:00:00,3888.0001544952393,3271.8685936219813,3453.99294971884
forecast_7642,2025-11-15 10:00:00,3888.0001544952393,3028.958649236234,3095.453366157006
forecast_7643,2025-11-15 11:00:00,3888.0001544952393,2985.719164246187,2766.17009806401
forecast_7644,2025-11-15 12:00:00,3888.0001544952393,2904.8090646392434,2548.8412371535164
forecast_7645,2025-11-15 13:00:00,3455.9999227523804,2478.297949772094,2125.437300353853
forecast_7646,2025-11-15 14:00:00,3455.9999227523804,2643.5727260436843,2299.453247918844
forecast_7647,2025-11-15 15:00:00,3888.0001544952393,2873.419511342282,2273.1201968571536
forecast_7648,2025-11-15 16:00:00,3888.0001544952393,2709.250777806549,2452.5216780389364
forecast_7649,2025-11-15 17:00:00,4427.99996137619,3436.037037947581,2751.074714778408
forecast_7650,2025-11-15 18:00:00,7992.000102996826,4413.625459367408,3679.427666542112
forecast_7651,2025-11-15 19:00:00,9396.000051498413,6735.902549312252,5168.697866286911
forecast_7652,2025-11-15 20:00:00,10044.00007724762,8534.826949743061,7019.60898111486
forecast_7653,2025-11-15 21:00:00,10044.00007724762,8892.008651628325,7417.346913935803
forecast_7654,2025-11-15 22:00:00,10044.00007724762,9811.931259857924,7275.773930005564
forecast_7655,2025-11-15 23:00:00,10044.00007724762,9720.495103927038,6671.721651816865
forecast_7656,2025-11-16 00:00:00,10044.00007724762,9057.792746851012,6812.800626292446
forecast_7657,2025-11-16 01:00:00,12852.000617980957,10025.42022927794,7437.400054403885
forecast_7658,2025-11-16 02:00:00,9611.99984550476,8947.799072425069,6300.41836568588
forecast_7659,2025-11-16 03:00:00,9611.99984550476,9254.43050958574,7138.95732953022
forecast_7660,2025-11-16 04:00:00,9611.99984550476,9472.074500113147,7083.604410340775
forecast_7661,2025-11-16 05:00:00,12852.000617980957,10726.7066684367,8937.980051135459
forecast_7662,2025-11-16 06:00:00,13500.0,11347.756034407294,9330.335830743705
forecast_7663,2025-11-16 07:00:00,13176.000308990479,12684.648454547307,9626.62958745442
forecast_7664,2025-11-16 08:00:00,12852.000617980957,12249.753618486622,8051.64526010923
forecast_7665,2025-11-16 09:00:00,12960.00051498413,13288.75293468471,8958.857907415433
forecast_7666,2025-11-16 10:00:00,9936.000180244446,12137.581994265754,9219.83792128434
forecast_7667,2025-11-16 11:00:00,9936.000180244446,13086.394433339274,8660.233471319603
forecast_7668,2025-11-16 12:00:00,12960.00051498413,13897.021708868988,11323.25604129104
forecast_7669,2025-11-16 13:00:00,13607.999897003174,13965.175477330347,11736.83789333762
forecast_7670,2025-11-16 14:00:00,13176.000308990479,13599.156456657543,11512.789664323778
forecast_7671,2025-11-16 15:00:00,14256.000566482544,15233.893616537023,12724.797939733508
forecast_7672,2025-11-16 16:00:00,15768.000411987305,17559.803573144924,14320.528926837282
forecast_7673,2025-11-16 17:00:00,19331.999588012695,18551.14559609428,16072.46257413914
forecast_7674,2025-11-16 18:00:00,19439.99948501587,18997.96084949284,17605.327329712978
forecast_7675,2025-11-16 19:00:00,19439.99948501587,19393.24656568117,18475.19851976849
forecast_7676,2025-11-16 20:00:00,19331.999588012695,19580.43754991572,18976.002390384547
forecast_7677,2025-11-16 21:00:00,19547.999382019043,19702.85148453025,19196.519414319027
forecast_7678,2025-11-16 22:00:00,19331.999588012695,19638.620653647034,18949.901074657424
forecast_7679,2025-11-16 23:00:00,19331.999588012695,19437.87491730292,18873.448925798697
forecast_7680,2025-11-17 00:00:00,18900.0,19294.54168418848,18263.778807636536
forecast_7681,2025-11-17 01:00:00,19331.999588012695,19284.934624262904,18635.53075293329
forecast_7682,2025-11-17 02:00:00,19331.999588012695,19194.81392995587,18584.9256500115
forecast_7683,2025-11-17 03:00:00,19331.999588012695,18945.71462695256,18453.26364898925
forecast_7684,2025-11-17 04:00:00,19547.999382019043,18676.14174604213,18198.36862752791
forecast_7685,2025-11-17 05:00:00,19656.000566482544,18642.396032269706,18036.17416766004
forecast_7686,2025-11-17 06:00:00,19656.000566482544,18386.00303206782,17256.698394064628
forecast_7687,2025-11-17 07:00:00,19980.000257492065,18134.513687419963,17021.40545323752
forecast_7688,2025-11-17 08:00:00,19980.000257492065,18267.42731986756,15727.77945123669
forecast_7689,2025-11-17 09:00:00,19115.999794006348,17644.51457472125,13609.714913994674
forecast_7690,2025-11-17 10:00:00,16847.999382019043,15931.994032682458,13008.155566104451
forecast_7691,2025-11-17 11:00:00,15660.00051498413,14984.38011033695,12154.16870271146
forecast_7692,2025-11-17 12:00:00,15660.00051498413,14340.74273067749,10912.836538652447
forecast_7693,2025-11-17 13:00:00,15552.000617980957,13151.815715707897,10035.969911647564
forecast_7694,2025-11-17 14:00:00,15119.999742507935,12917.723802256522,9558.119335597214
forecast_7695,2025-11-17 15:00:00,15119.999742507935,12724.76226112674,9509.811374054749
forecast_7696,2025-11-17 16:00:00,15119.999742507935,12714.843393534175,10114.293606576986
forecast_7697,2025-11-17 17:00:00,15119.999742507935,13350.296081969293,11086.23941773014
forecast_7698,2025-11-17 18:00:00,14688.00015449524,13333.789979734876,11441.026008238636
forecast_7699,2025-11-17 19:00:00,14364.000463485718,13625.278657216233,11303.997066948692
forecast_7700,2025-11-17 20:00:00,14688.00015449524,13685.943394963138,11881.583137857098
forecast_7701,2025-11-17 21:00:00,16200.0,14601.63590517937,12407.892780404294
forecast_7702,2025-11-17 22:00:00,17388.00015449524,15589.73738576556,13755.503293377473
forecast_7703,2025-11-17 23:00:00,18684.000205993652,16572.897675743803,14879.636388525114
forecast_7704,2025-11-18 00:00:00,19007.999897003174,16882.123788977267,14717.321740306255
forecast_7705,2025-11-18 01:00:00,14688.00015449524,16446.149864037114,13376.105381434536
forecast_7706,2025-11-18 02:00:00,16200.0,16720.126442393448,13783.158929295325
forecast_7707,2025-11-18 03:00:00,16200.0,17361.659708786334,14101.753531416454
forecast_7708,2025-11-18 04:00:00,19115.999794006348,17036.42997624377,14767.024829628695
forecast_7709,2025-11-18 05:00:00,19007.999897003174,17082.29097352846,14956.251065549235
forecast_7710,2025-11-18 06:00:00,19547.999382019043,18149.16774536411,15722.264057886969
forecast_7711,2025-11-18 07:00:00,19331.999588012695,18917.94146297575,16480.004889152708
forecast_7712,2025-11-18 08:00:00,15119.999742507935,18446.139522113644,15150.826953932436
forecast_7713,2025-11-18 09:00:00,14688.00015449524,16890.163325296704,13460.173159214228
forecast_7714,2025-11-18 10:00:00,14147.999382019043,15001.598914954817,11442.027556821862
forecast_7715,2025-11-18 11:00:00,14580.000257492065,14268.166735125842,10636.590174983028
forecast_7716,2025-11-18 12:00:00,14364.000463485718,12553.304154727504,9498.340537056172
forecast_7717,2025-11-18 13:00:00,14580.000257492065,11368.6996125168,8654.91365039634
forecast_7718,2025-11-18 14:00:00,14039.99948501587,10656.741717283176,8481.426925819995
forecast_7719,2025-11-18 15:00:00,13500.0,9841.136292293122,8407.358149972164
forecast_7720,2025-11-18 16:00:00,10907.999897003174,7420.602511741304,6088.628965622374
forecast_7721,2025-11-18 17:00:00,10476.000308990479,6890.465862309099,4984.219200356552
forecast_7722,2025-11-18 18:00:00,8855.99992275238,7056.040801968932,4924.034940488313
forecast_7723,2025-11-18 19:00:00,9180.000257492065,7551.7303598308,5646.398281574265
forecast_7724,2025-11-18 20:00:00,9180.000257492065,7568.27942663608,5639.924904070016
forecast_7725,2025-11-18 21:00:00,7451.9999742507935,8503.616785822162,6524.902093409086
forecast_7726,2025-11-18 22:00:00,10044.00007724762,8983.093957189132,6759.510419670272
forecast_7727,2025-11-18 23:00:00,10044.00007724762,8648.999133665104,6619.401390882529
forecast_7728,2025-11-19 00:00:00,10044.00007724762,8418.191420868607,6573.348458768209
forecast_7729,2025-11-19 01:00:00,12852.000617980957,10736.759978164402,7940.175347913327
forecast_7730,2025-11-19 02:00:00,10044.00007724762,10068.08339235354,7578.911391239375
forecast_7731,2025-11-19 03:00:00,8855.99992275238,8842.046809477206,6504.266349231648
forecast_7732,2025-11-19 04:00:00,9180.000257492065,7656.670491447868,6260.363560341664
forecast_7733,2025-11-19 05:00:00,5507.999897003174,6077.6252489951485,5446.9050171234
forecast_7734,2025-11-19 06:00:00,5507.999897003174,5045.821592776178,5030.577285812315
forecast_7735,2025-11-19 07:00:00,3888.0001544952393,4396.862535418667,4639.701726209013
forecast_7736,2025-11-19 08:00:00,4320.000064373016,4044.777015699319,4525.787008124628
forecast_7737,2025-11-19 09:00:00,4427.99996137619,3730.440530532416,4122.3082497140695
forecast_7738,2025-11-19 10:00:00,3888.0001544952393,3300.938382757747,3587.792741039552
forecast_7739,2025-11-19 11:00:00,3455.9999227523804,3137.6472100129163,3188.475615984214
forecast_7740,2025-11-19 12:00:00,3455.9999227523804,3115.4585572760466,3019.915921707621
forecast_7741,2025-11-19 13:00:00,3672.00003862381,2986.512533066996,2708.84246313759
forecast_7742,2025-11-19 14:00:00,3888.0001544952393,3126.884113093175,2558.1051745877603
forecast_7743,2025-11-19 15:00:00,3888.0001544952393,3490.3452929849536,3350.608738146612
forecast_7744,2025-11-19 16:00:00,4211.999845504761,4031.391012130404,4016.258175387946
forecast_7745,2025-11-19 17:00:00,4968.000090122223,5816.500832121658,4695.87316110846
forecast_7746,2025-11-19 18:00:00,10044.00007724762,8331.117699769806,6582.42001856652
forecast_7747,2025-11-19 19:00:00,13500.0,10534.960104326898,8553.449400550591
forecast_7748,2025-11-19 20:00:00,17172.00036048889,13041.231491622439,9823.645722739928
forecast_7749,2025-11-19 21:00:00,19547.999382019043,14218.161955128058,10510.03640717682
forecast_7750,2025-11-19 22:00:00,19980.000257492065,17155.28404479257,13495.754187905592
forecast_7751,2025-11-19 23:00:00,19980.000257492065,18093.81166091588,14737.119337785747
forecast_7752,2025-11-20 00:00:00,19980.000257492065,18423.91259312572,15117.262104666574
forecast_7753,2025-11-20 01:00:00,19980.000257492065,18629.37248653272,16177.94753390048
forecast_7754,2025-11-20 02:00:00,19980.000257492065,19308.19764358844,17042.73726446279
forecast_7755,2025-11-20 03:00:00,19980.000257492065,19518.04227145688,16533.513999357103
forecast_7756,2025-11-20 04:00:00,19980.000257492065,18883.09166639887,15856.491738391698
forecast_7757,2025-11-20 05:00:00,19980.000257492065,19065.16664741951,16385.65823830485
forecast_7758,2025-11-20 06:00:00,19980.000257492065,19007.530161754617,16009.179942996048
forecast_7759,2025-11-20 07:00:00,19980.000257492065,19099.49337180304,16017.358463551833
forecast_7760,2025-11-20 08:00:00,19547.999382019043,18773.665877680178,16692.341618202998
forecast_7761,2025-11-20 09:00:00,19547.999382019043,19229.19830207663,17020.084474289557
forecast_7762,2025-11-20 10:00:00,19547.999382019043,18931.541246714325,17121.613692524814
forecast_7763,2025-11-20 11:00:00,19547.999382019043,18950.29754241157,16550.544396656325
forecast_7764,2025-11-20 12:00:00,19547.999382019043,18036.027994850487,16138.220774414442
forecast_7765,2025-11-20 13:00:00,19547.999382019043,17739.49801096132,16841.53715626303
forecast_7766,2025-11-20 14:00:00,19656.000566482544,18378.024513954017,16981.47571082114
forecast_7767,2025-11-20 15:00:00,19547.999382019043,18668.5462485996,17246.181990223613
forecast_7768,2025-11-20 16:00:00,19331.999588012695,18824.932077694582,17659.83917727511
forecast_7769,2025-11-20 17:00:00,19331.999588012695,18542.439940593777,17727.947415236893
forecast_7770,2025-11-20 18:00:00,19547.999382019043,18582.65806970754,18027.05818937938
forecast_7771,2025-11-20 19:00:00,19331.999588012695,18930.10135698876,17817.112270289927
forecast_7772,2025-11-20 20:00:00,19331.999588012695,19230.1113868149,18312.078418880166
forecast_7773,2025-11-20 21:00:00,19331.999588012695,18936.88620544363,18010.88322781375
forecast_7774,2025-11-20 22:00:00,19331.999588012695,18926.33976797733,17778.55848201733
forecast_7775,2025-11-20 23:00:00,19331.999588012695,18861.33939471521,17533.460513790567
forecast_7776,2025-11-21 00:00:00,19331.999588012695,18782.31164556476,17340.125617114998
forecast_7777,2025-11-21 01:00:00,19331.999588012695,18583.20565922175,15572.078467352176
forecast_7778,2025-11-21 02:00:00,17388.00015449524,17833.945998922172,14822.632678694525
forecast_7779,2025-11-21 03:00:00,17064.000463485718,17477.321227850967,14791.648910205426
forecast_7780,2025-11-21 04:00:00,19007.999897003174,17241.09781885423,14290.758178914371
forecast_7781,2025-11-21 05:00:00,19547.999382019043,17877.421262213968,14826.274411777393
forecast_7782,2025-11-21 06:00:00,19980.000257492065,18488.973482578527,15367.476425519562
forecast_7783,2025-11-21 07:00:00,19980.000257492065,18561.02861450529,15334.173895879592
forecast_7784,2025-11-21 08:00:00,19980.000257492065,18655.92579291393,15596.087560734357
forecast_7785,2025-11-21 09:00:00,19547.999382019043,18412.49071785205,15273.093039468962
forecast_7786,2025-11-21 10:00:00,16200.0,17546.08279279581,14012.46515271044
forecast_7787,2025-11-21 11:00:00,15660.00051498413,16827.5578970823,13538.175445296123
forecast_7788,2025-11-21 12:00:00,15552.000617980957,16129.312714649,13536.780540157226
forecast_7789,2025-11-21 13:00:00,15768.000411987305,15909.933253421184,12354.664457316085
forecast_7790,2025-11-21 14:00:00,15768.000411987305,15930.081047782398,12464.802640808442
forecast_7791,2025-11-21 15:00:00,15768.000411987305,16285.386436514327,14127.10461460664
forecast_7792,2025-11-21 16:00:00,16200.0,16801.580636374776,14835.30471017286
forecast_7793,2025-11-21 17:00:00,16200.0,17103.407189962294,15195.999341483735
forecast_7794,2025-11-21 18:00:00,17388.00015449524,17767.785822205005,16078.930508285765
forecast_7795,2025-11-21 19:00:00,17388.00015449524,17679.99862859291,16419.3829108069
forecast_7796,2025-11-21 20:00:00,17388.00015449524,16826.640518563527,15714.1574277344
forecast_7797,2025-11-21 21:00:00,19547.999382019043,17268.008092849745,15974.531634171615
forecast_7798,2025-11-21 22:00:00,19547.999382019043,17498.218924059132,15932.316419292045
forecast_7799,2025-11-21 23:00:00,19547.999382019043,17548.850703541048,15841.4906057747
forecast_7800,2025-11-22 00:00:00,19547.999382019043,18447.11990307621,15501.724537636685
forecast_7801,2025-11-22 01:00:00,19547.999382019043,17796.94794771505,14637.157872946238
forecast_7802,2025-11-22 02:00:00,19547.999382019043,18151.71416663391,15062.483387429516
forecast_7803,2025-11-22 03:00:00,19547.999382019043,18219.601003717216,14422.922556210742
forecast_7804,2025-11-22 04:00:00,19547.999382019043,18455.76957569907,14629.089102626633
forecast_7805,2025-11-22 05:00:00,19547.999382019043,18668.692301705767,14859.489662877697
forecast_7806,2025-11-22 06:00:00,19980.000257492065,19032.75226277517,14931.3168280594
forecast_7807,2025-11-22 07:00:00,19980.000257492065,19092.333088395782,15134.261826926277
forecast_7808,2025-11-22 08:00:00,19547.999382019043,17939.213660572947,13488.018314323845
forecast_7809,2025-11-22 09:00:00,19547.999382019043,16645.525523483157,12416.358298496325
forecast_7810,2025-11-22 10:00:00,13823.999691009521,15102.411711541685,10581.204349062646
forecast_7811,2025-11-22 11:00:00,13176.000308990479,14181.1068137619,10068.602832462262
forecast_7812,2025-11-22 12:00:00,13607.999897003174,13700.581848019729,9802.37173945683
forecast_7813,2025-11-22 13:00:00,13931.999588012695,12531.769376938651,9678.487268161458
forecast_7814,2025-11-22 14:00:00,13500.0,11395.013272756058,9931.3599240076
forecast_7815,2025-11-22 15:00:00,14147.999382019043,11983.430249766714,10550.11912947662
forecast_7816,2025-11-22 16:00:00,16847.999382019043,13197.479649861862,11630.424286864416
forecast_7817,2025-11-22 17:00:00,18035.999536514282,15929.446271292709,12800.659824756698
forecast_7818,2025-11-22 18:00:00,19980.000257492065,17306.84269701698,14602.28391631733
forecast_7819,2025-11-22 19:00:00,19980.000257492065,17702.575920065556,14675.882762772242
forecast_7820,2025-11-22 20:00:00,19980.000257492065,18084.846520009552,14770.516359286767
forecast_7821,2025-11-22 21:00:00,19980.000257492065,18443.77578225845,15161.769609429784
forecast_7822,2025-11-22 22:00:00,19980.000257492065,18575.27827648989,16728.97847429026
forecast_7823,2025-11-22 23:00:00,19980.000257492065,18692.18347079078,17145.71709436673
forecast_7824,2025-11-23 00:00:00,19980.000257492065,19077.27783635316,16215.61411818649
forecast_7825,2025-11-23 01:00:00,19980.000257492065,19812.624921630628,17580.616980279934
forecast_7826,2025-11-23 02:00:00,19980.000257492065,19821.76268798813,17661.765097133677
forecast_7827,2025-11-23 03:00:00,19980.000257492065,19940.0157453388,17536.111127554483
forecast_7828,2025-11-23 04:00:00,19980.000257492065,19821.586990497293,17577.19145904057
forecast_7829,2025-11-23 05:00:00,19980.000257492065,19948.769211360577,17609.502165796635
forecast_7830,2025-11-23 06:00:00,19980.000257492065,19936.56837766287,17393.64375298413
forecast_7831,2025-11-23 07:00:00,19980.000257492065,19951.70568587665,17305.375476703346
forecast_7832,2025-11-23 08:00:00,19980.000257492065,18155.67532686148,15599.983599371602
forecast_7833,2025-11-23 09:00:00,19980.000257492065,17029.85375397644,14752.019603069615
forecast_7834,2025-11-23 10:00:00,19547.999382019043,16978.121961364493,14253.69507949839
forecast_7835,2025-11-23 11:00:00,17388.00015449524,16701.589645149157,13303.887681827317
forecast_7836,2025-11-23 12:00:00,18792.000102996826,17297.851892335853,14902.94795613502
forecast_7837,2025-11-23 13:00:00,17496.000051498413,15430.845163250287,12905.214881594233
forecast_7838,2025-11-23 14:00:00,15984.000205993652,13989.55068969041,12175.74695462016
forecast_7839,2025-11-23 15:00:00,14796.000051498413,14613.841193610198,11904.175215836516
forecast_7840,2025-11-23 16:00:00,14796.000051498413,14986.421137776912,12328.187664578829
forecast_7841,2025-11-23 17:00:00,18468.000411987305,15654.253179302064,13194.917547343144
forecast_7842,2025-11-23 18:00:00,19547.999382019043,16904.166619367457,14085.298724516084
forecast_7843,2025-11-23 19:00:00,19547.999382019043,17589.366947189632,15452.781940672545
forecast_7844,2025-11-23 20:00:00,19980.000257492065,18023.98594808645,15714.816759783816
forecast_7845,2025-11-23 21:00:00,19547.999382019043,17660.226834365458,15885.302953656856
forecast_7846,2025-11-23 22:00:00,19547.999382019043,17397.755594114882,15264.00667256746
forecast_7847,2025-11-23 23:00:00,19331.999588012695,17387.298274236542,14637.581260816376
forecast_7848,2025-11-24 00:00:00,19331.999588012695,17140.59693657915,14371.577983019228
forecast_7849,2025-11-24 01:00:00,17064.000463485718,15324.48525478401,12713.624356200356
forecast_7850,2025-11-24 02:00:00,17064.000463485718,15165.568191488655,12602.55792426576
forecast_7851,2025-11-24 03:00:00,14688.00015449524,14645.360994233795,12048.417246372548
forecast_7852,2025-11-24 04:00:00,14688.00015449524,13469.39824082986,10684.613346495627
forecast_7853,2025-11-24 05:00:00,13500.0,12706.382381504029,9336.801214052704
forecast_7854,2025-11-24 06:00:00,14147.999382019043,13738.473943247482,9885.399964495204
forecast_7855,2025-11-24 07:00:00,14688.00015449524,13919.777534853078,10494.001136468363
forecast_7856,2025-11-24 08:00:00,14688.00015449524,13531.294017592652,9892.313130694436
forecast_7857,2025-11-24 09:00:00,14688.00015449524,13439.55361446046,9951.6179296332
forecast_7858,2025-11-24 10:00:00,11772.000360488892,11936.112728282911,8045.195352179026
forecast_7859,2025-11-24 11:00:00,10476.000308990479,11360.213502304532,9335.627795374818
forecast_7860,2025-11-24 12:00:00,11339.99948501587,10996.797275937624,10120.622344740688
forecast_7861,2025-11-24 13:00:00,11880.000257492065,12589.215760657811,10912.605091942
forecast_7862,2025-11-24 14:00:00,14039.99948501587,13592.275489645648,11758.733890725414
forecast_7863,2025-11-24 15:00:00,14039.99948501587,13245.25726573505,11747.338138296816
forecast_7864,2025-11-24 16:00:00,14039.99948501587,12355.589959375724,11616.380398831569
forecast_7865,2025-11-24 17:00:00,13392.000102996826,12790.077908172629,11757.126922622529
forecast_7866,2025-11-24 18:00:00,14147.999382019043,13038.398573150242,11672.4147100486
forecast_7867,2025-11-24 19:00:00,13068.000411987305,12071.97505912216,10270.825011596557
forecast_7868,2025-11-24 20:00:00,13068.000411987305,13359.364283601968,11787.265685879483
forecast_7869,2025-11-24 21:00:00,13068.000411987305,13451.894585581798,10473.62002775142
forecast_7870,2025-11-24 22:00:00,13068.000411987305,13454.300146357187,9465.256243996568
forecast_7871,2025-11-24 23:00:00,13176.000308990479,13688.9223633273,9049.108247425303
forecast_7872,2025-11-25 00:00:00,14256.000566482544,14234.18306125323,9502.054300509542
forecast_7873,2025-11-25 01:00:00,14256.000566482544,13943.17320444146,9932.910584708468
forecast_7874,2025-11-25 02:00:00,14147.999382019043,14367.23117309231,12170.797438571484
forecast_7875,2025-11-25 03:00:00,14472.000360488892,13358.215444545871,11416.411966242573
forecast_7876,2025-11-25 04:00:00,13392.000102996826,12971.45910346672,11616.813014858068
forecast_7877,2025-11-25 05:00:00,13392.000102996826,14074.958669626934,11946.121965216673
forecast_7878,2025-11-25 06:00:00,14688.00015449524,15461.428971357567,12751.658652848088
forecast_7879,2025-11-25 07:00:00,14688.00015449524,15733.970388548463,12687.74180058247
forecast_7880,2025-11-25 08:00:00,15119.999742507935,13923.495763669054,9900.0349748958
forecast_7881,2025-11-25 09:00:00,13500.0,11420.063129160544,7617.1233111718375
forecast_7882,2025-11-25 10:00:00,10476.000308990479,10369.241016358372,7598.836627249856
forecast_7883,2025-11-25 11:00:00,10259.999871253967,8898.66005724284,7644.041222486111
forecast_7884,2025-11-25 12:00:00,9396.000051498413,8850.972144118374,5300.479444013888
forecast_7885,2025-11-25 13:00:00,10476.000308990479,11062.303936800352,7994.634837895801
forecast_7886,2025-11-25 14:00:00,11123.999691009521,9140.670769175793,7490.111800145975
forecast_7887,2025-11-25 15:00:00,12852.000617980957,10825.256121918097,8213.896178909516
forecast_7888,2025-11-25 16:00:00,12096.000051498413,10167.261982681595,7768.886461223742
forecast_7889,2025-11-25 17:00:00,13715.999794006348,12188.484713673026,9665.26376383689
forecast_7890,2025-11-25 18:00:00,13500.0,12508.076673926214,9857.950538417288
forecast_7891,2025-11-25 19:00:00,13392.000102996826,11124.294564456117,8618.317939752123
forecast_7892,2025-11-25 20:00:00,12960.00051498413,10887.184729597728,8017.93735864766
forecast_7893,2025-11-25 21:00:00,10151.999974250793,8719.226824549884,6207.864706556288
forecast_7894,2025-11-25 22:00:00,7992.000102996826,7505.566124327275,5200.161320252199
forecast_7895,2025-11-25 23:00:00,7451.9999742507935,7245.74546809035,5208.373111297428
forecast_7896,2025-11-26 00:00:00,5940.000128746033,5744.3070433170205,4690.889360148968
forecast_7897,2025-11-26 01:00:00,5832.000231742859,5122.809591082099,3657.742312216522
forecast_7898,2025-11-26 02:00:00,4644.00007724762,4042.766398135989,3371.024659222024
forecast_7899,2025-11-26 03:00:00,4320.000064373016,3668.2289750945606,3059.281440259515
forecast_7900,2025-11-26 04:00:00,3888.0001544952393,3543.328901908544,3318.600850877625
forecast_7901,2025-11-26 05:00:00,3888.0001544952393,3589.769518291619,3394.91558895357
forecast_7902,2025-11-26 06:00:00,3888.0001544952393,3928.438708359798,3992.667494777014
forecast_7903,2025-11-26 07:00:00,3888.0001544952393,4480.035643161643,3975.755822844465
forecast_7904,2025-11-26 08:00:00,4320.000064373016,4680.584754941851,4356.557274299174
forecast_7905,2025-11-26 09:00:00,4320.000064373016,4512.550965906735,4255.000447915534
forecast_7906,2025-11-26 10:00:00,3888.0001544952393,4277.506422616898,4008.8456575679375
forecast_7907,2025-11-26 11:00:00,3888.0001544952393,4124.03843430412,3599.754070473054
forecast_7908,2025-11-26 12:00:00,3888.0001544952393,3677.200555618362,2921.5340700214806
forecast_7909,2025-11-26 13:00:00,3888.0001544952393,3899.518227770349,2779.256195625131
forecast_7910,2025-11-26 14:00:00,4968.000090122223,4134.707311201591,3045.079225176399
forecast_7911,2025-11-26 15:00:00,5615.999794006348,4889.89142777446,3949.491595420765
forecast_7912,2025-11-26 16:00:00,4968.000090122223,5531.573072367363,4184.967683336143
forecast_7913,2025-11-26 17:00:00,9828.000283241272,7746.387219149221,6005.3331326093485
forecast_7914,2025-11-26 18:00:00,11556.000566482544,11299.376718348396,8658.835360903673
forecast_7915,2025-11-26 19:00:00,17064.000463485718,12752.425360817298,9517.358595126432
forecast_7916,2025-11-26 20:00:00,15552.000617980957,13234.496184184602,9180.264491077329
forecast_7917,2025-11-26 21:00:00,13500.0,13941.86445570488,9307.653962972878
forecast_7918,2025-11-26 22:00:00,15552.000617980957,15403.430249185203,9980.088817631093
forecast_7919,2025-11-26 23:00:00,16739.99948501587,16635.178809594832,11171.513230765124
forecast_7920,2025-11-27 00:00:00,19547.999382019043,17623.951886503888,12919.8680643464
forecast_7921,2025-11-27 01:00:00,18468.000411987305,17799.86212585614,13032.010560654338
forecast_7922,2025-11-27 02:00:00,19547.999382019043,18330.741476994965,13792.478768642228
forecast_7923,2025-11-27 03:00:00,18684.000205993652,17515.2506595094,13662.158531828434
forecast_7924,2025-11-27 04:00:00,19547.999382019043,17767.735029063308,14039.058074224982
forecast_7925,2025-11-27 05:00:00,17064.000463485718,16182.434649380051,12557.764523825092
forecast_7926,2025-11-27 06:00:00,17280.000257492065,17613.53824955836,13470.359759124867
forecast_7927,2025-11-27 07:00:00,13500.0,15009.703435443367,9970.467701058493
forecast_7928,2025-11-27 08:00:00,15119.999742507935,16677.3648788936,13103.966028693152
forecast_7929,2025-11-27 09:00:00,18684.000205993652,17454.74975433055,14708.148109577563
forecast_7930,2025-11-27 10:00:00,17388.00015449524,17513.409358069723,14548.891720272628
forecast_7931,2025-11-27 11:00:00,15660.00051498413,17552.194963424186,15270.100291188455
forecast_7932,2025-11-27 12:00:00,17711.99984550476,17600.155891518858,15856.05442293623
forecast_7933,2025-11-27 13:00:00,15660.00051498413,18116.71316822082,16084.31322135533
forecast_7934,2025-11-27 14:00:00,18360.00051498413,18678.28209461069,16942.17858103866
forecast_7935,2025-11-27 15:00:00,18684.000205993652,18346.800975681865,16586.120033984793
forecast_7936,2025-11-27 16:00:00,18792.000102996826,18752.9550965053,17230.32589758147
forecast_7937,2025-11-27 17:00:00,18792.000102996826,18695.30775446411,17721.518929274935
forecast_7938,2025-11-27 18:00:00,18792.000102996826,18988.371968718224,17948.88828380926
forecast_7939,2025-11-27 19:00:00,17819.999742507935,18360.2580058424,17127.419623468195
forecast_7940,2025-11-27 20:00:00,18035.999536514282,18546.732089023088,15608.26271194804
forecast_7941,2025-11-27 21:00:00,17711.99984550476,18169.30738774114,15085.143516948297
forecast_7942,2025-11-27 22:00:00,17711.99984550476,17926.212070278983,14679.213299338582
forecast_7943,2025-11-27 23:00:00,17711.99984550476,17839.738006951782,15070.615267927918
forecast_7944,2025-11-28 00:00:00,18035.999536514282,17869.537305565944,16739.71501160188
forecast_7945,2025-11-28 01:00:00,19331.999588012695,18259.20514252068,16559.18344215403
forecast_7946,2025-11-28 02:00:00,17819.999742507935,17602.63671826709,15631.638689133482
forecast_7947,2025-11-28 03:00:00,17819.999742507935,17508.879953879867,14862.532601003848
forecast_7948,2025-11-28 04:00:00,19547.999382019043,17607.22296846526,15565.075837517788
forecast_7949,2025-11-28 05:00:00,18468.000411987305,17246.793686587996,15261.809269597752
forecast_7950,2025-11-28 06:00:00,16523.99969100952,16612.45817017062,13961.954448885612
forecast_7951,2025-11-28 07:00:00,17603.999948501587,16529.95008205138,13152.9286181837
forecast_7952,2025-11-28 08:00:00,17496.000051498413,14854.434593196087,10281.937579160876
forecast_7953,2025-11-28 09:00:00,15552.000617980957,13626.143956755062,8824.682105745022
forecast_7954,2025-11-28 10:00:00,13068.000411987305,10941.298277933867,7524.056110985733
forecast_7955,2025-11-28 11:00:00,10259.999871253967,9245.47249921189,6473.0128716358
forecast_7956,2025-11-28 12:00:00,9071.999716758728,7787.363934507178,5873.501137628631
forecast_7957,2025-11-28 13:00:00,8963.999819755554,6613.73400174958,6159.1554809419495
forecast_7958,2025-11-28 14:00:00,8963.999819755554,6608.923819404136,5874.156580236368
forecast_7959,2025-11-28 15:00:00,8748.000025749207,6524.602574540538,5438.496510247447
forecast_7960,2025-11-28 16:00:00,7776.0003089904785,6837.145530841937,5753.41791536753
forecast_7961,2025-11-28 17:00:00,9396.000051498413,6912.101264975771,5391.458331434484
forecast_7962,2025-11-28 18:00:00,9071.999716758728,7513.053788971003,5405.027066183716
forecast_7963,2025-11-28 19:00:00,9180.000257492065,6475.879146767895,4818.64845135639
forecast_7964,2025-11-28 20:00:00,10044.00007724762,6370.264045178047,4826.718010082341
forecast_7965,2025-11-28 21:00:00,7776.0003089904785,6276.667802902022,4876.333956421364
forecast_7966,2025-11-28 22:00:00,7451.9999742507935,6182.932431451255,4502.430836001994
forecast_7967,2025-11-28 23:00:00,7451.9999742507935,6542.240792451567,4986.524940216672
forecast_7968,2025-11-29 00:00:00,10044.00007724762,7192.4349177822905,5205.989784969515
forecast_7969,2025-11-29 01:00:00,7451.9999742507935,6782.374805520929,4530.251152527828
forecast_7970,2025-11-29 02:00:00,8855.99992275238,8404.688051457073,5154.266162120322
forecast_7971,2025-11-29 03:00:00,9180.000257492065,9996.797923927144,6179.104592378288
forecast_7972,2025-11-29 04:00:00,13500.0,11891.198516730206,7637.464050362469
forecast_7973,2025-11-29 05:00:00,14472.000360488892,13245.317343910574,10273.175234301749
forecast_7974,2025-11-29 06:00:00,15660.00051498413,14647.783958156446,11894.966569579517
forecast_7975,2025-11-29 07:00:00,15119.999742507935,14773.600677635766,12118.756091748011
forecast_7976,2025-11-29 08:00:00,14688.00015449524,13851.98736648488,10154.58625011317
forecast_7977,2025-11-29 09:00:00,14039.99948501587,12926.803518547886,8037.748219336241
forecast_7978,2025-11-29 10:00:00,9180.000257492065,10994.518862829538,7073.998759463016
forecast_7979,2025-11-29 11:00:00,7451.9999742507935,11116.332795079035,6288.157297591154
forecast_7980,2025-11-29 12:00:00,10476.000308990479,13152.909481465957,9187.3378103589
forecast_7981,2025-11-29 13:00:00,11447.999382019043,14379.290154989949,12582.34965429189
forecast_7982,2025-11-29 14:00:00,15227.999639511108,15174.464072070281,13832.93041363752
forecast_7983,2025-11-29 15:00:00,17388.00015449524,16167.224788317608,14898.861698799416
forecast_7984,2025-11-29 16:00:00,19331.999588012695,17415.523377796802,15396.70245468789
forecast_7985,2025-11-29 17:00:00,19331.999588012695,18711.30819161893,16408.61884902638
forecast_7986,2025-11-29 18:00:00,19331.999588012695,19502.40997723196,18030.46057428651
forecast_7987,2025-11-29 19:00:00,19331.999588012695,19640.688966160465,18651.702667212547
forecast_7988,2025-11-29 20:00:00,19331.999588012695,19583.643147418705,18957.18347556009
forecast_7989,2025-11-29 21:00:00,19331.999588012695,19694.83536439064,19135.73018076859
forecast_7990,2025-11-29 22:00:00,19331.999588012695,19539.39421763671,19301.51934534854
forecast_7991,2025-11-29 23:00:00,19331.999588012695,19389.07349177953,19029.998473916778
forecast_7992,2025-11-30 00:00:00,19331.999588012695,19446.59350868093,18905.3350212998
forecast_7993,2025-11-30 01:00:00,19656.000566482544,19190.767230063982,17778.308570476933
forecast_7994,2025-11-30 02:00:00,19656.000566482544,18825.65603154649,17516.21257399335
forecast_7995,2025-11-30 03:00:00,19547.999382019043,18498.166020856184,17370.275301977348
forecast_7996,2025-11-30 04:00:00,19547.999382019043,18413.26233614845,17050.59035135859
forecast_7997,2025-11-30 05:00:00,19439.99948501587,17909.782294004508,16305.090310663616
forecast_7998,2025-11-30 06:00:00,19331.999588012695,17193.242525586502,15393.959479636162
forecast_7999,2025-11-30 07:00:00,16092.000102996826,16214.045677771,14129.515771523178
forecast_8000,2025-11-30 08:00:00,15011.99984550476,15309.854933499828,12373.172538577504
forecast_8001,2025-11-30 09:00:00,16307.999897003174,14677.458249992356,11625.107276883273
forecast_8002,2025-11-30 10:00:00,17603.999948501587,13260.133213851965,10707.532312506552
forecast_8003,2025-11-30 11:00:00,15876.000308990479,12400.170545450648,10304.008502217712
forecast_8004,2025-11-30 12:00:00,15876.000308990479,11885.619987224169,9811.250135658423
forecast_8005,2025-11-30 13:00:00,11880.000257492065,10556.119166016948,9328.36973240581
forecast_8006,2025-11-30 14:00:00,11339.99948501587,10887.488293535414,9618.66302447454
forecast_8007,2025-11-30 15:00:00,11664.000463485718,11543.993004985245,9574.704586564509
forecast_8008,2025-11-30 16:00:00,11664.000463485718,12961.774147774024,9801.035635150489
forecast_8009,2025-11-30 17:00:00,11880.000257492065,14311.565400454425,11490.337469166752
forecast_8010,2025-11-30 18:00:00,15660.00051498413,17030.88258871875,14409.513815786424
forecast_8011,2025-11-30 19:00:00,19331.999588012695,18909.57284099523,17108.619869463797
forecast_8012,2025-11-30 20:00:00,19331.999588012695,19406.465254134924,18461.48520540891
forecast_8013,2025-11-30 21:00:00,19547.999382019043,19805.854231145546,18496.27795418345
forecast_8014,2025-11-30 22:00:00,19547.999382019043,20089.520092535786,18726.002164475067
forecast_8015,2025-11-30 23:00:00,19331.999588012695,20034.698796364,18676.96398818151
forecast_8016,2025-12-01 00:00:00,19331.999588012695,20061.56244711557,18040.825216462978
forecast_8017,2025-12-01 01:00:00,19331.999588012695,20188.65553322944,18073.522790749048
forecast_8018,2025-12-01 02:00:00,19331.999588012695,20150.86664031639,18476.9257792436
forecast_8019,2025-12-01 03:00:00,19331.999588012695,20024.56291559688,18338.18141609798
forecast_8020,2025-12-01 04:00:00,18900.0,19794.348157635188,18041.94467393898
forecast_8021,2025-12-01 05:00:00,19331.999588012695,19451.632599504792,17865.946858096275
forecast_8022,2025-12-01 06:00:00,19547.999382019043,19491.373757654463,18010.365905323182
forecast_8023,2025-12-01 07:00:00,19547.999382019043,19525.81878399665,17735.57456745161
forecast_8024,2025-12-01 08:00:00,19547.999382019043,18813.79221062637,16935.14133124431
forecast_8025,2025-12-01 09:00:00,19331.999588012695,17634.52331791273,14703.5091771709
forecast_8026,2025-12-01 10:00:00,14688.00015449524,15024.895233116727,12071.864074989586
forecast_8027,2025-12-01 11:00:00,11447.999382019043,10243.54796177774,7070.177802742511
forecast_8028,2025-12-01 12:00:00,9828.000283241272,7674.617729994267,4760.87658718284
forecast_8029,2025-12-01 13:00:00,7344.00007724762,5634.487855561288,4178.765061012923
forecast_8030,2025-12-01 14:00:00,7451.9999742507935,4705.85275976366,3082.1750817720485
forecast_8031,2025-12-01 15:00:00,5615.999794006348,4277.064621239066,3012.063545621215
forecast_8032,2025-12-01 16:00:00,4320.000064373016,4832.741520571421,3647.0993624257135
forecast_8033,2025-12-01 17:00:00,6263.999819755554,5299.597763604692,3659.250920638243
forecast_8034,2025-12-01 18:00:00,7451.9999742507935,5854.064077944366,4180.825975874656
forecast_8035,2025-12-01 19:00:00,7451.9999742507935,6217.803582159115,3670.122156815142
forecast_8036,2025-12-01 20:00:00,9180.000257492065,7385.922743083179,5176.835127715621
forecast_8037,2025-12-01 21:00:00,11015.999794006348,8324.448504727636,6001.107797757631
forecast_8038,2025-12-01 22:00:00,13176.000308990479,10735.894126121362,8096.506437476095
forecast_8039,2025-12-01 23:00:00,14688.00015449524,12360.803499049443,9233.166219849503
forecast_8040,2025-12-02 00:00:00,16307.999897003174,14403.466696958269,10296.744774064526
forecast_8041,2025-12-02 01:00:00,18792.000102996826,16179.309075690424,12974.894074427595
forecast_8042,2025-12-02 02:00:00,19115.999794006348,16632.26610622789,13500.402739063004
forecast_8043,2025-12-02 03:00:00,19547.999382019043,17127.01477254541,14642.281095789069
forecast_8044,2025-12-02 04:00:00,19547.999382019043,16943.248707160783,14162.327483193076
forecast_8045,2025-12-02 05:00:00,18576.00030899048,16770.261602304174,12703.44222485128
forecast_8046,2025-12-02 06:00:00,18143.999433517456,16373.738955589346,12800.739098844455
forecast_8047,2025-12-02 07:00:00,16200.0,14678.389892329466,11686.241250531331
forecast_8048,2025-12-02 08:00:00,13392.000102996826,12671.63024472,8382.131706720027
forecast_8049,2025-12-02 09:00:00,10907.999897003174,11734.0150672076,6426.6179192875
forecast_8050,2025-12-02 10:00:00,10476.000308990479,10060.139469272335,5787.1095815062645
forecast_8051,2025-12-02 11:00:00,10259.999871253967,9287.600123187296,4871.2427724517975
forecast_8052,2025-12-02 12:00:00,10476.000308990479,9934.433467310557,6039.862450868157
forecast_8053,2025-12-02 13:00:00,11447.999382019043,10512.523936493526,7184.308838254398
forecast_8054,2025-12-02 14:00:00,12096.000051498413,13001.218842363163,8428.727977694392
forecast_8055,2025-12-02 15:00:00,14147.999382019043,14268.398979298632,9339.555769607476
forecast_8056,2025-12-02 16:00:00,14364.000463485718,14407.255543135449,9872.055820119693
forecast_8057,2025-12-02 17:00:00,14688.00015449524,15044.731556738609,11310.877570540464
forecast_8058,2025-12-02 18:00:00,14688.00015449524,15729.35250434439,12626.88221361284
forecast_8059,2025-12-02 19:00:00,15768.000411987305,15913.031405369367,13111.914229323404
forecast_8060,2025-12-02 20:00:00,16307.999897003174,16858.505723671653,13322.745403994606
forecast_8061,2025-12-02 21:00:00,17064.000463485718,16865.806484585097,13590.396275066649
forecast_8062,2025-12-02 22:00:00,18035.999536514282,16787.016541729616,13628.24319155037
forecast_8063,2025-12-02 23:00:00,17064.000463485718,16940.727213906168,14085.932206128133
forecast_8064,2025-12-03 00:00:00,17064.000463485718,17070.869364298753,14264.625711595607
forecast_8065,2025-12-03 01:00:00,18252.000617980957,17914.5589683978,15339.48242581769
forecast_8066,2025-12-03 02:00:00,18360.00051498413,18083.26776491849,15259.057729155644
forecast_8067,2025-12-03 03:00:00,18360.00051498413,17692.815741408234,15045.291811709243
forecast_8068,2025-12-03 04:00:00,18360.00051498413,17590.030421460633,15164.418126802248
forecast_8069,2025-12-03 05:00:00,15768.000411987305,17345.417987179593,13680.766066984052
forecast_8070,2025-12-03 06:00:00,15768.000411987305,17239.37867997583,12392.70352758107
forecast_8071,2025-12-03 07:00:00,15768.000411987305,17433.153322695554,12667.395498293125
forecast_8072,2025-12-03 08:00:00,14688.00015449524,16829.221876134758,11810.121646613105
forecast_8073,2025-12-03 09:00:00,15768.000411987305,17374.933693136067,12609.087016812093
forecast_8074,2025-12-03 10:00:00,16200.0,17857.66357640825,13632.066605694708
forecast_8075,2025-12-03 11:00:00,16200.0,17939.381490753647,13374.694404150256
forecast_8076,2025-12-03 12:00:00,16631.999588012695,18131.8273925142,13794.892425440645
forecast_8077,2025-12-03 13:00:00,16307.999897003174,17814.652015159067,14002.654598758369
forecast_8078,2025-12-03 14:00:00,16631.999588012695,17946.08210251379,14011.507668895045
forecast_8079,2025-12-03 15:00:00,17064.000463485718,17658.476112046454,13951.168155828236
forecast_8080,2025-12-03 16:00:00,16200.0,17718.560770210217,13810.53015265006
forecast_8081,2025-12-03 17:00:00,16307.999897003174,17470.690387717546,13041.37251536699
forecast_8082,2025-12-03 18:00:00,16200.0,16739.660633648808,12589.131580694298
forecast_8083,2025-12-03 19:00:00,15335.999536514282,16418.736078508475,12614.345490007374
forecast_8084,2025-12-03 20:00:00,15768.000411987305,16425.887084965085,13206.241680377534
forecast_8085,2025-12-03 21:00:00,15768.000411987305,16316.96155222955,14132.607911416391
forecast_8086,2025-12-03 22:00:00,15119.999742507935,16409.624896308324,13190.262108898696
forecast_8087,2025-12-03 23:00:00,15119.999742507935,16604.503439812182,12609.103099375376
forecast_8088,2025-12-04 00:00:00,14688.00015449524,17241.07947480288,13180.391881675068
forecast_8089,2025-12-04 01:00:00,14688.00015449524,17425.392819134424,12423.571380009407
forecast_8090,2025-12-04 02:00:00,18900.0,17759.336441835858,13469.100936836385
forecast_8091,2025-12-04 03:00:00,19547.999382019043,17624.22238753234,13748.072471734082
forecast_8092,2025-12-04 04:00:00,19547.999382019043,18005.192612111667,14432.625873141124
forecast_8093,2025-12-04 05:00:00,19980.000257492065,17725.218175670205,15998.558238862428
forecast_8094,2025-12-04 06:00:00,19980.000257492065,18139.762154155247,16178.752862463887
forecast_8095,2025-12-04 07:00:00,19980.000257492065,18598.644368206325,16236.488064939353
forecast_8096,2025-12-04 08:00:00,19980.000257492065,18473.98322968,16292.82156318384
forecast_8097,2025-12-04 09:00:00,19547.999382019043,18813.05965491379,15505.154876713317
forecast_8098,2025-12-04 10:00:00,16200.0,18013.488082141983,13576.672313228466
forecast_8099,2025-12-04 11:00:00,14903.999948501587,16151.859389260022,11839.838050216686
forecast_8100,2025-12-04 12:00:00,14796.000051498413,14358.807850610157,10721.286303510982
forecast_8101,2025-12-04 13:00:00,14796.000051498413,14071.620206441632,10292.339945804146
forecast_8102,2025-12-04 14:00:00,14796.000051498413,13855.651821513318,9995.575106092736
forecast_8103,2025-12-04 15:00:00,14364.000463485718,14763.15145384787,10748.101947951158
forecast_8104,2025-12-04 16:00:00,14147.999382019043,15100.823933330095,11501.027336164496
forecast_8105,2025-12-04 17:00:00,14688.00015449524,15370.272943223035,11758.555821229647
forecast_8106,2025-12-04 18:00:00,15119.999742507935,17136.965616521087,14579.559057279956
forecast_8107,2025-12-04 19:00:00,17711.99984550476,17087.261366404135,15716.880524806806
forecast_8108,2025-12-04 20:00:00,18035.999536514282,17168.668549525486,15734.918781302444
forecast_8109,2025-12-04 21:00:00,18468.000411987305,17074.543007446453,15905.850013379271
forecast_8110,2025-12-04 22:00:00,17819.999742507935,16970.219918172064,14835.988122963096
forecast_8111,2025-12-04 23:00:00,17064.000463485718,16951.68932464673,14730.955731528094
forecast_8112,2025-12-05 00:00:00,16631.999588012695,16739.435576011445,14393.209309381458
forecast_8113,2025-12-05 01:00:00,16200.0,16436.52865280592,14019.440139361464
forecast_8114,2025-12-05 02:00:00,16631.999588012695,16493.589427806197,14229.290629800436
forecast_8115,2025-12-05 03:00:00,16200.0,15568.525458275775,13445.880751948238
forecast_8116,2025-12-05 04:00:00,15119.999742507935,16526.032565540172,13566.488975796548
forecast_8117,2025-12-05 05:00:00,15119.999742507935,16920.04825301421,13278.417143051103
forecast_8118,2025-12-05 06:00:00,14903.999948501587,17961.054275712155,14599.663659296191
forecast_8119,2025-12-05 07:00:00,16631.999588012695,18940.5301126313,14756.686523024906
forecast_8120,2025-12-05 08:00:00,19547.999382019043,18885.72698447553,14665.598768450927
forecast_8121,2025-12-05 09:00:00,19547.999382019043,18774.91477552181,14451.33510918841
forecast_8122,2025-12-05 10:00:00,18468.000411987305,17263.70609757889,13051.479174145456
forecast_8123,2025-12-05 11:00:00,13931.999588012695,17412.736660279672,12260.677822360574
forecast_8124,2025-12-05 12:00:00,12635.999536514282,15957.769216124236,11188.774315070428
forecast_8125,2025-12-05 13:00:00,10584.000205993652,14312.572018040331,9210.36759417874
forecast_8126,2025-12-05 14:00:00,12527.999639511108,14984.581164525664,11124.430829509132
forecast_8127,2025-12-05 15:00:00,14796.000051498413,15792.805924597338,12948.616041715672
forecast_8128,2025-12-05 16:00:00,16200.0,16732.11143430076,13915.275143799949
forecast_8129,2025-12-05 17:00:00,19547.999382019043,16587.588804757648,13734.116478329855
forecast_8130,2025-12-05 18:00:00,19547.999382019043,16973.514169004193,13148.300629378356
forecast_8131,2025-12-05 19:00:00,19547.999382019043,16771.077989921076,11841.986646732466
forecast_8132,2025-12-05 20:00:00,19547.999382019043,17062.50429320998,12415.19115072657
forecast_8133,2025-12-05 21:00:00,19980.000257492065,17358.904208937936,13408.326264622854
forecast_8134,2025-12-05 22:00:00,19980.000257492065,18575.55291180221,14596.613472812536
forecast_8135,2025-12-05 23:00:00,19980.000257492065,18808.78338283151,15398.930864944276
forecast_8136,2025-12-06 00:00:00,19980.000257492065,19435.894735208138,16441.80789817411
forecast_8137,2025-12-06 01:00:00,19980.000257492065,19253.09913580949,15641.669510578127
forecast_8138,2025-12-06 02:00:00,19980.000257492065,19736.15247550065,17212.73827187278
forecast_8139,2025-12-06 03:00:00,19980.000257492065,19726.5047651171,17168.555579011645
forecast_8140,2025-12-06 04:00:00,19980.000257492065,19488.550659420496,15904.044738615756
forecast_8141,2025-12-06 05:00:00,19980.000257492065,19540.388842611395,16931.21666859131
forecast_8142,2025-12-06 06:00:00,19980.000257492065,19629.714138086987,16699.66386351965
forecast_8143,2025-12-06 07:00:00,19980.000257492065,19376.72065629549,16431.78591151713
forecast_8144,2025-12-06 08:00:00,19547.999382019043,18807.795469273213,15225.162289743032
forecast_8145,2025-12-06 09:00:00,19547.999382019043,18485.65927192981,13941.677441648291
forecast_8146,2025-12-06 10:00:00,16739.99948501587,17316.117767091982,12932.753386945296
forecast_8147,2025-12-06 11:00:00,17927.99963951111,16897.624790710463,13106.248359883124
forecast_8148,2025-12-06 12:00:00,18468.000411987305,16673.523806661306,13865.453049187032
forecast_8149,2025-12-06 13:00:00,18468.000411987305,16993.01049025367,15139.031386273513
forecast_8150,2025-12-06 14:00:00,18684.000205993652,17004.96534867966,14764.487724444638
forecast_8151,2025-12-06 15:00:00,19331.999588012695,18073.051965685245,15477.485370441736
forecast_8152,2025-12-06 16:00:00,19331.999588012695,18777.685479207503,15923.41564986914
forecast_8153,2025-12-06 17:00:00,18360.00051498413,18549.389736115656,16156.222950089264
forecast_8154,2025-12-06 18:00:00,17388.00015449524,18695.891565371727,16511.042764942264
forecast_8155,2025-12-06 19:00:00,18252.000617980957,18650.661160022737,16819.70526030633
forecast_8156,2025-12-06 20:00:00,18792.000102996826,18800.111342094693,17273.117165170745
forecast_8157,2025-12-06 21:00:00,19223.99969100952,19072.425086892734,17774.497727336235
forecast_8158,2025-12-06 22:00:00,19331.999588012695,19299.551446598125,18136.98560583093
forecast_8159,2025-12-06 23:00:00,19331.999588012695,19428.94122266568,17953.037207726178
forecast_8160,2025-12-07 00:00:00,19331.999588012695,19531.99668353703,17783.489974703432
forecast_8161,2025-12-07 01:00:00,19331.999588012695,19020.437540539657,17802.504722195627
forecast_8162,2025-12-07 02:00:00,18792.000102996826,19026.62553645357,17836.349112395732
forecast_8163,2025-12-07 03:00:00,18900.0,18874.88289482388,17673.24365790037
forecast_8164,2025-12-07 04:00:00,18900.0,19029.06208024429,17619.845198383002
forecast_8165,2025-12-07 05:00:00,18900.0,18903.541937240538,17382.405763185634
forecast_8166,2025-12-07 06:00:00,19223.99969100952,18924.661553946706,17685.97423582621
forecast_8167,2025-12-07 07:00:00,19331.999588012695,19072.960538094536,17739.032181505652
forecast_8168,2025-12-07 08:00:00,19547.999382019043,18990.22523079066,16796.34684330217
forecast_8169,2025-12-07 09:00:00,19547.999382019043,18741.930942111136,16533.975123407126
forecast_8170,2025-12-07 10:00:00,19331.999588012695,18488.553699374395,16576.978244731945
forecast_8171,2025-12-07 11:00:00,19223.99969100952,18339.478627674263,16071.159495727265
forecast_8172,2025-12-07 12:00:00,18900.0,18183.507045360588,16237.3203648587
forecast_8173,2025-12-07 13:00:00,18900.0,18081.92718843479,16231.407419672296
forecast_8174,2025-12-07 14:00:00,18900.0,18625.68080114333,16581.10784147965
forecast_8175,2025-12-07 15:00:00,19223.99969100952,18785.48586994732,17065.99632453176
forecast_8176,2025-12-07 16:00:00,18900.0,19160.88267117329,17116.19949662906
forecast_8177,2025-12-07 17:00:00,18900.0,19109.941031969985,17281.77233343045
forecast_8178,2025-12-07 18:00:00,18792.000102996826,19311.820062416304,17531.013089369782
forecast_8179,2025-12-07 19:00:00,18792.000102996826,19339.413591563865,17707.095491285854
forecast_8180,2025-12-07 20:00:00,18792.000102996826,19381.943453729426,17504.363536232388
forecast_8181,2025-12-07 21:00:00,18792.000102996826,19401.58071441924,17694.618626181174
forecast_8182,2025-12-07 22:00:00,18468.000411987305,19380.06675966459,17591.364750830573
forecast_8183,2025-12-07 23:00:00,18900.0,19426.860340638952,17240.84087067433
forecast_8184,2025-12-08 00:00:00,18684.000205993652,18991.402771755605,16337.277641313518
forecast_8185,2025-12-08 01:00:00,18900.0,18920.78987288928,16230.996586918782
forecast_8186,2025-12-08 02:00:00,18468.000411987305,18707.93785971119,16246.308130239022
forecast_8187,2025-12-08 03:00:00,18468.000411987305,18479.790559246216,15425.452054367172
forecast_8188,2025-12-08 04:00:00,18468.000411987305,17920.545179149995,14111.738795759382
forecast_8189,2025-12-08 05:00:00,16200.0,16809.532467432527,12647.235048925066
forecast_8190,2025-12-08 06:00:00,14688.00015449524,16472.154919086457,11818.598223341362
forecast_8191,2025-12-08 07:00:00,14688.00015449524,15691.543172627571,11277.283249255324
forecast_8192,2025-12-08 08:00:00,13823.999691009521,14399.776101565394,9580.589525152787
forecast_8193,2025-12-08 09:00:00,12960.00051498413,12486.03357020672,8720.829009472658
forecast_8194,2025-12-08 10:00:00,11015.999794006348,9850.649344838806,7077.000270879331
forecast_8195,2025-12-08 11:00:00,8855.99992275238,7562.532801951222,5252.340194585528
forecast_8196,2025-12-08 12:00:00,6696.000051498413,5666.72485611601,3793.210344168264
forecast_8197,2025-12-08 13:00:00,5940.000128746033,4483.217481512374,3306.215095906382
forecast_8198,2025-12-08 14:00:00,5183.999884128571,4312.139052753498,3412.9909125857903
forecast_8199,2025-12-08 15:00:00,5183.999884128571,4688.341318254461,3519.182307144983
forecast_8200,2025-12-08 16:00:00,6371.999716758728,5496.154169039374,4221.736150758257
forecast_8201,2025-12-08 17:00:00,8100.0,7763.232654852822,5102.124631202949
forecast_8202,2025-12-08 18:00:00,12960.00051498413,12649.988676602778,9125.751196056202
forecast_8203,2025-12-08 19:00:00,12960.00051498413,14024.278292368264,10364.702320062714
forecast_8204,2025-12-08 20:00:00,14580.000257492065,14955.6941315133,10859.145569453452
forecast_8205,2025-12-08 21:00:00,15876.000308990479,15166.307175398097,11205.209419125547
forecast_8206,2025-12-08 22:00:00,17172.00036048889,16506.872582063235,12727.451673246762
forecast_8207,2025-12-08 23:00:00,16415.999794006348,16409.793111360235,11913.378767290862
forecast_8208,2025-12-09 00:00:00,16307.999897003174,17075.817475416945,12027.629879622657
forecast_8209,2025-12-09 01:00:00,16415.999794006348,17032.640312898722,11998.38788827044
forecast_8210,2025-12-09 02:00:00,18035.999536514282,18146.615455556,13511.327238880123
forecast_8211,2025-12-09 03:00:00,19547.999382019043,18554.13527964477,13937.28007754106
forecast_8212,2025-12-09 04:00:00,19547.999382019043,18521.466529710808,14230.176774081045
forecast_8213,2025-12-09 05:00:00,19547.999382019043,18734.12172448504,14713.43034026995
forecast_8214,2025-12-09 06:00:00,19547.999382019043,18916.9336252052,14491.659924126016
forecast_8215,2025-12-09 07:00:00,19547.999382019043,19324.95352172968,14941.484604941696
forecast_8216,2025-12-09 08:00:00,19980.000257492065,19197.59647006603,14205.464595532689
forecast_8217,2025-12-09 09:00:00,19223.99969100952,19043.85126525181,14235.813384551877
forecast_8218,2025-12-09 10:00:00,16200.0,17548.054050399925,13332.919179605084
forecast_8219,2025-12-09 11:00:00,14796.000051498413,17404.855336568475,13405.678014815338
forecast_8220,2025-12-09 12:00:00,14796.000051498413,15785.545243118942,11213.374210997205
forecast_8221,2025-12-09 13:00:00,14796.000051498413,14228.50505814808,9984.17454825752
forecast_8222,2025-12-09 14:00:00,14364.000463485718,13900.426013765027,10237.675314130607
forecast_8223,2025-12-09 15:00:00,14580.000257492065,13793.88494382396,10456.651661779666
forecast_8224,2025-12-09 16:00:00,13715.999794006348,13655.266327131008,11200.008209110714
forecast_8225,2025-12-09 17:00:00,13931.999588012695,13012.398396906328,10514.444874571707
forecast_8226,2025-12-09 18:00:00,13931.999588012695,14653.853491842536,11684.37975314378
forecast_8227,2025-12-09 19:00:00,14688.00015449524,14412.083740940465,11621.630296001147
forecast_8228,2025-12-09 20:00:00,14039.99948501587,14256.285244850866,10561.232012882238
forecast_8229,2025-12-09 21:00:00,13176.000308990479,13273.235554223262,10410.189530170946
forecast_8230,2025-12-09 22:00:00,13176.000308990479,13929.603886371931,10756.177499146885
forecast_8231,2025-12-09 23:00:00,13931.999588012695,13179.698030115404,9630.32825427098
forecast_8232,2025-12-10 00:00:00,13931.999588012695,13318.175172215671,9172.026764233597
forecast_8233,2025-12-10 01:00:00,12852.000617980957,13074.029921791212,8362.512837472583
forecast_8234,2025-12-10 02:00:00,13931.999588012695,14893.175171524868,9480.965884248277
forecast_8235,2025-12-10 03:00:00,14364.000463485718,16499.935223543936,11963.615185334966
forecast_8236,2025-12-10 04:00:00,17064.000463485718,16936.028745131363,12587.220551319446
forecast_8237,2025-12-10 05:00:00,17064.000463485718,16668.274303325747,12261.432741265176
forecast_8238,2025-12-10 06:00:00,17603.999948501587,17154.685085783316,12957.842696460008
forecast_8239,2025-12-10 07:00:00,18468.000411987305,17180.185208664258,13087.846201782037
forecast_8240,2025-12-10 08:00:00,18360.00051498413,16217.420552067111,12019.62273603522
forecast_8241,2025-12-10 09:00:00,16307.999897003174,15420.50001752892,11494.180706379737
forecast_8242,2025-12-10 10:00:00,16092.000102996826,14255.053078145143,11128.951785458705
forecast_8243,2025-12-10 11:00:00,13823.999691009521,13440.60986849661,9906.746342850098
forecast_8244,2025-12-10 12:00:00,11339.99948501587,11901.678066953904,8970.085064684032
forecast_8245,2025-12-10 13:00:00,11339.99948501587,11135.074917097225,8079.0699754958705
forecast_8246,2025-12-10 14:00:00,10259.999871253967,9884.26970123324,7697.536974684888
forecast_8247,2025-12-10 15:00:00,9396.000051498413,9058.516576635524,6179.882588335322
forecast_8248,2025-12-10 16:00:00,9071.999716758728,8137.161054129475,5190.636173940321
forecast_8249,2025-12-10 17:00:00,6263.999819755554,8396.578319719933,4479.857527724394
forecast_8250,2025-12-10 18:00:00,6155.99992275238,8290.235575877323,5239.025181280048
forecast_8251,2025-12-10 19:00:00,5832.000231742859,8168.897588959253,5268.253961779795
forecast_8252,2025-12-10 20:00:00,6263.999819755554,9305.541839835892,5753.206962731411
forecast_8253,2025-12-10 21:00:00,10044.00007724762,11614.702607415742,7738.158972366634
forecast_8254,2025-12-10 22:00:00,14580.000257492065,15409.14745622847,11495.450770565025
forecast_8255,2025-12-10 23:00:00,16092.000102996826,16769.379418168042,13040.766228580094
forecast_8256,2025-12-11 00:00:00,14688.00015449524,16560.74944560803,11090.34573058491
forecast_8257,2025-12-11 01:00:00,19007.999897003174,18234.01092706696,15868.395653851258
forecast_8258,2025-12-11 02:00:00,19331.999588012695,18795.39374394115,15714.303896239006
forecast_8259,2025-12-11 03:00:00,19331.999588012695,19210.32983969427,16794.036621100906
forecast_8260,2025-12-11 04:00:00,19331.999588012695,19566.85576287802,17613.086474345844
forecast_8261,2025-12-11 05:00:00,19547.999382019043,19746.500614915545,17996.936755051167
forecast_8262,2025-12-11 06:00:00,19331.999588012695,19930.40320514442,18098.236082431205
forecast_8263,2025-12-11 07:00:00,19331.999588012695,19767.10173436639,17946.974292554107
forecast_8264,2025-12-11 08:00:00,18360.00051498413,18645.12026141172,16359.596814937211
forecast_8265,2025-12-11 09:00:00,15768.000411987305,17523.55364750035,15079.305866068007
forecast_8266,2025-12-11 10:00:00,18360.00051498413,18719.11945924472,15901.201243230813
forecast_8267,2025-12-11 11:00:00,18360.00051498413,17575.852138290506,13699.669097802644
forecast_8268,2025-12-11 12:00:00,17819.999742507935,16878.449387556426,12668.197023825323
forecast_8269,2025-12-11 13:00:00,15119.999742507935,14453.30813894572,10946.437540358322
forecast_8270,2025-12-11 14:00:00,14364.000463485718,13518.78434467742,10179.236892830007
forecast_8271,2025-12-11 15:00:00,14147.999382019043,13327.127699172062,9495.570721332397
forecast_8272,2025-12-11 16:00:00,14147.999382019043,13525.78353182002,9000.706421677149
forecast_8273,2025-12-11 17:00:00,14580.000257492065,13710.192912988852,9423.966799193911
forecast_8274,2025-12-11 18:00:00,14580.000257492065,13750.41495671761,9979.989135371903
forecast_8275,2025-12-11 19:00:00,14147.999382019043,12924.907249618094,8774.892288895571
forecast_8276,2025-12-11 20:00:00,13176.000308990479,11744.316073305436,6043.257573725255
forecast_8277,2025-12-11 21:00:00,8315.999794006348,6277.168695067477,3733.914203548777
forecast_8278,2025-12-11 22:00:00,5940.000128746033,5305.388900636198,3694.6415280680376
forecast_8279,2025-12-11 23:00:00,6263.999819755554,5378.296705241185,3377.044134103632
forecast_8280,2025-12-12 00:00:00,4751.9999742507935,5360.011934109102,3782.958580447088
forecast_8281,2025-12-12 01:00:00,3888.0001544952393,4047.813164560666,3193.106596703155
forecast_8282,2025-12-12 02:00:00,3888.0001544952393,3777.351952368912,3283.4904833161672
forecast_8283,2025-12-12 03:00:00,3888.0001544952393,3584.5398878763813,3156.30311131323
forecast_8284,2025-12-12 04:00:00,3888.0001544952393,3468.257525277432,2839.6017282993803
forecast_8285,2025-12-12 05:00:00,3888.0001544952393,3525.5741216402325,3042.2565414542746
forecast_8286,2025-12-12 06:00:00,3996.000051498413,3455.2070406530383,3040.288178909563
forecast_8287,2025-12-12 07:00:00,3996.000051498413,3354.8745771777444,2627.7172877472035
forecast_8288,2025-12-12 08:00:00,3888.0001544952393,3520.477385920241,2668.719553074382
forecast_8289,2025-12-12 09:00:00,3888.0001544952393,3298.068084391477,2419.97309433286
forecast_8290,2025-12-12 10:00:00,3672.00003862381,2924.30968180894,2453.689624777921
forecast_8291,2025-12-12 11:00:00,3672.00003862381,2877.355275287214,2356.0028247975342
forecast_8292,2025-12-12 12:00:00,3564.000141620636,2690.5716019295746,2444.359736242185
forecast_8293,2025-12-12 13:00:00,3564.000141620636,2654.412887656165,2693.3606401453208
forecast_8294,2025-12-12 14:00:00,3779.9999356269836,2515.669944783983,2366.6092679374665
forecast_8295,2025-12-12 15:00:00,3455.9999227523804,2633.490855333758,2722.8793458734062
forecast_8296,2025-12-12 16:00:00,3455.9999227523804,2805.6942522275162,3016.146172918968
forecast_8297,2025-12-12 17:00:00,3888.0001544952393,2852.496009270445,2855.768350463032
forecast_8298,2025-12-12 18:00:00,3672.00003862381,2909.07127183628,2750.2222844087264
forecast_8299,2025-12-12 19:00:00,3888.0001544952393,2853.4217721510445,2565.206777430127
forecast_8300,2025-12-12 20:00:00,3888.0001544952393,2966.253359869673,2101.026945812737
forecast_8301,2025-12-12 21:00:00,3888.0001544952393,3264.5428260355598,2672.7495840528145
forecast_8302,2025-12-12 22:00:00,3996.000051498413,3281.949230528673,2097.7207341878834
forecast_8303,2025-12-12 23:00:00,3888.0001544952393,3311.994653659428,2135.60365944233
forecast_8304,2025-12-13 00:00:00,3888.0001544952393,3417.725295869342,3055.02773192611
forecast_8305,2025-12-13 01:00:00,3888.0001544952393,3711.088961656991,4079.598655705306
forecast_8306,2025-12-13 02:00:00,4211.999845504761,4282.903181953378,3814.309053594992
forecast_8307,2025-12-13 03:00:00,4644.00007724762,4207.634718004897,3747.818090661112
forecast_8308,2025-12-13 04:00:00,5075.999987125397,5003.94766206783,4243.066599211104
forecast_8309,2025-12-13 05:00:00,4427.99996137619,5137.989686640412,4636.446472177031
forecast_8310,2025-12-13 06:00:00,5400.0,5653.581170702274,4441.943786117859
forecast_8311,2025-12-13 07:00:00,5832.000231742859,6126.731109531113,4241.025371273573
forecast_8312,2025-12-13 08:00:00,6263.999819755554,6916.926490980749,4302.625423377022
forecast_8313,2025-12-13 09:00:00,4427.99996137619,5936.169195792104,3869.782924737613
forecast_8314,2025-12-13 10:00:00,3888.0001544952393,4281.972856164788,3634.46929439032
forecast_8315,2025-12-13 11:00:00,3996.000051498413,3586.6213247651704,3177.502607361
forecast_8316,2025-12-13 12:00:00,3888.0001544952393,3506.195497193805,2866.312694039243
forecast_8317,2025-12-13 13:00:00,3888.0001544952393,3300.029818938149,2721.0451194264588
forecast_8318,2025-12-13 14:00:00,3888.0001544952393,3328.383571102653,2432.650196273289
forecast_8319,2025-12-13 15:00:00,3888.0001544952393,3358.302898770208,2844.268168431771
forecast_8320,2025-12-13 16:00:00,3888.0001544952393,3459.8771594126506,3375.949965069202
forecast_8321,2025-12-13 17:00:00,3888.0001544952393,3769.992154136713,3294.6362771688955
forecast_8322,2025-12-13 18:00:00,3888.0001544952393,4127.173638636222,3226.308513619569
forecast_8323,2025-12-13 19:00:00,3888.0001544952393,4587.46175662505,3591.6908726093134
forecast_8324,2025-12-13 20:00:00,3888.0001544952393,4913.605782347811,3730.1184663907934
forecast_8325,2025-12-13 21:00:00,4320.000064373016,5701.262101620101,3899.648450745872
forecast_8326,2025-12-13 22:00:00,6155.99992275238,7493.388702606455,5240.440519601623
forecast_8327,2025-12-13 23:00:00,11231.999588012695,9160.3045771772,6232.499308211631
forecast_8328,2025-12-14 00:00:00,10476.000308990479,11002.346108476104,6526.9285385919775
forecast_8329,2025-12-14 01:00:00,14688.00015449524,16025.203111279861,11893.050538228164
forecast_8330,2025-12-14 02:00:00,15119.999742507935,16290.874277779263,12344.327456363168
forecast_8331,2025-12-14 03:00:00,15119.999742507935,16373.5515291761,12689.832604855448
forecast_8332,2025-12-14 04:00:00,15119.999742507935,16437.14813458236,12938.310242171025
forecast_8333,2025-12-14 05:00:00,17280.000257492065,17482.28071886484,14075.393059621645
forecast_8334,2025-12-14 06:00:00,16200.0,17463.577363643737,13924.09595829248
forecast_8335,2025-12-14 07:00:00,17172.00036048889,16932.120278060702,13536.015649572126
forecast_8336,2025-12-14 08:00:00,17388.00015449524,17323.399359350493,13754.506134599063
forecast_8337,2025-12-14 09:00:00,16200.0,17277.796452331502,13228.67385000528
forecast_8338,2025-12-14 10:00:00,16200.0,16656.55543615156,12808.498446242314
forecast_8339,2025-12-14 11:00:00,16200.0,14934.827757706127,11431.776624493088
forecast_8340,2025-12-14 12:00:00,15660.00051498413,14492.426512461681,10750.117523999406
forecast_8341,2025-12-14 13:00:00,14903.999948501587,14696.36287052898,10898.39532746974
forecast_8342,2025-12-14 14:00:00,13068.000411987305,14123.155279604938,9690.062804209072
forecast_8343,2025-12-14 15:00:00,12096.000051498413,14305.253451221062,9268.724121158994
forecast_8344,2025-12-14 16:00:00,13392.000102996826,14802.286681823429,10309.549433491162
forecast_8345,2025-12-14 17:00:00,14039.99948501587,15120.903778958867,11647.871229105094
forecast_8346,2025-12-14 18:00:00,14688.00015449524,16118.671342706133,13234.064143510352
forecast_8347,2025-12-14 19:00:00,15119.999742507935,16728.276261978488,14032.240079740292
forecast_8348,2025-12-14 20:00:00,15119.999742507935,17198.32565894403,14688.176682936106
forecast_8349,2025-12-14 21:00:00,15011.99984550476,17429.802745593184,14462.39201938906
forecast_8350,2025-12-14 22:00:00,14903.999948501587,17636.07112281086,14280.41117234414
forecast_8351,2025-12-14 23:00:00,14688.00015449524,17657.355639981564,14161.324118683438
forecast_8352,2025-12-15 00:00:00,19547.999382019043,18071.921831333955,14605.442853801096
forecast_8353,2025-12-15 01:00:00,19547.999382019043,18690.62155842252,15062.759681277335
forecast_8354,2025-12-15 02:00:00,19547.999382019043,19116.20657741925,15447.694667223132
forecast_8355,2025-12-15 03:00:00,19547.999382019043,19304.32389357076,15518.91094414824
forecast_8356,2025-12-15 04:00:00,19547.999382019043,19243.05400786757,15681.703867098511
forecast_8357,2025-12-15 05:00:00,19547.999382019043,19450.40671725565,15729.62824785708
forecast_8358,2025-12-15 06:00:00,19980.000257492065,19545.47677624251,15834.336449901832
forecast_8359,2025-12-15 07:00:00,19547.999382019043,19399.284582470224,15396.634356093818
forecast_8360,2025-12-15 08:00:00,19547.999382019043,18739.05206838644,14126.786421780944
forecast_8361,2025-12-15 09:00:00,19547.999382019043,18101.74696630808,13447.54511408388
forecast_8362,2025-12-15 10:00:00,19547.999382019043,16612.576891660585,12868.714291306527
forecast_8363,2025-12-15 11:00:00,18035.999536514282,15562.677401042418,11927.772426711024
forecast_8364,2025-12-15 12:00:00,13068.000411987305,14977.750917512578,9465.332013783194
forecast_8365,2025-12-15 13:00:00,13068.000411987305,13756.294652004592,8825.25265519692
forecast_8366,2025-12-15 14:00:00,14580.000257492065,14856.06824101257,10150.211336001244
forecast_8367,2025-12-15 15:00:00,16847.999382019043,15753.190220178163,11392.639682487836
forecast_8368,2025-12-15 16:00:00,16847.999382019043,17256.673112124296,12659.102101933498
forecast_8369,2025-12-15 17:00:00,19547.999382019043,17919.339763187283,14505.10524770959
forecast_8370,2025-12-15 18:00:00,19980.000257492065,19108.64616163053,16305.778496265388
forecast_8371,2025-12-15 19:00:00,19980.000257492065,19650.41868015451,16500.80820550165
forecast_8372,2025-12-15 20:00:00,19980.000257492065,19682.195074509567,17047.948913733107
forecast_8373,2025-12-15 21:00:00,19980.000257492065,19571.92914928712,16500.471332386638
forecast_8374,2025-12-15 22:00:00,19980.000257492065,19658.36650069041,16451.118073455607
forecast_8375,2025-12-15 23:00:00,19980.000257492065,18883.34777709358,15351.8080299609
forecast_8376,2025-12-16 00:00:00,19115.999794006348,17284.257054527345,13787.17015090046
forecast_8377,2025-12-16 01:00:00,19007.999897003174,17688.93393603004,14847.057966676855
forecast_8378,2025-12-16 02:00:00,17496.000051498413,16778.234265009363,13960.165225822057
forecast_8379,2025-12-16 03:00:00,16739.99948501587,16140.848603244907,13123.704874525407
forecast_8380,2025-12-16 04:00:00,14580.000257492065,14327.605769875285,11004.726412072789
forecast_8381,2025-12-16 05:00:00,14256.000566482544,13455.722009242963,10971.11448140126
forecast_8382,2025-12-16 06:00:00,14256.000566482544,13847.147508419148,9844.385247415315
forecast_8383,2025-12-16 07:00:00,13500.0,13754.429760732482,9892.297685287404
forecast_8384,2025-12-16 08:00:00,13500.0,13258.50563525513,9381.067631141002
forecast_8385,2025-12-16 09:00:00,13068.000411987305,13714.80284412441,9979.132472387788
forecast_8386,2025-12-16 10:00:00,13500.0,13989.58017070261,9847.116205174309
forecast_8387,2025-12-16 11:00:00,13500.0,14609.261525245744,11237.321903970258
forecast_8388,2025-12-16 12:00:00,13500.0,13887.604906435135,10931.46489640572
forecast_8389,2025-12-16 13:00:00,13500.0,13692.73590663181,11424.238530253811
forecast_8390,2025-12-16 14:00:00,13500.0,13177.72398025655,11190.288774258242
forecast_8391,2025-12-16 15:00:00,12096.000051498413,11402.951800906576,9422.88304061133
forecast_8392,2025-12-16 16:00:00,12096.000051498413,11371.74127381689,9474.232383668892
forecast_8393,2025-12-16 17:00:00,12096.000051498413,10615.503871026023,8115.934655172316
forecast_8394,2025-12-16 18:00:00,10151.999974250793,10831.487320980948,8121.914332290501
forecast_8395,2025-12-16 19:00:00,9936.000180244446,9810.791065609275,7774.877212268644
forecast_8396,2025-12-16 20:00:00,7451.9999742507935,9165.385681038684,7636.7689359528285
forecast_8397,2025-12-16 21:00:00,9180.000257492065,9847.787450202131,7835.240157321084
forecast_8398,2025-12-16 22:00:00,9288.00015449524,8687.856999403633,6674.136126552487
forecast_8399,2025-12-16 23:00:00,7451.9999742507935,7878.448045050955,6038.01942386198
forecast_8400,2025-12-17 00:00:00,9288.00015449524,9368.400994309764,6587.030065662061
forecast_8401,2025-12-17 01:00:00,10151.999974250793,10444.610120041096,7074.718121933153
forecast_8402,2025-12-17 02:00:00,10259.999871253967,11315.293407350991,6974.82928668688
forecast_8403,2025-12-17 03:00:00,11880.000257492065,11138.377694190754,6847.666677872249
forecast_8404,2025-12-17 04:00:00,9936.000180244446,9504.916054361403,5736.185501353969
forecast_8405,2025-12-17 05:00:00,10044.00007724762,8448.626474575574,4802.997398434614
forecast_8406,2025-12-17 06:00:00,9936.000180244446,9567.224428095691,6274.8535337807425
forecast_8407,2025-12-17 07:00:00,10044.00007724762,9942.549045202044,6595.52949572348
forecast_8408,2025-12-17 08:00:00,7451.9999742507935,8244.543641538834,4814.987732078132
forecast_8409,2025-12-17 09:00:00,8963.999819755554,7848.7241463591445,5272.162309974043
forecast_8410,2025-12-17 10:00:00,5615.999794006348,8184.285718329353,5319.200450956607
forecast_8411,2025-12-17 11:00:00,4968.000090122223,6623.710725328577,4936.335235069952
forecast_8412,2025-12-17 12:00:00,4968.000090122223,5691.472453148621,4476.011052370388
forecast_8413,2025-12-17 13:00:00,4968.000090122223,4832.45624826501,3999.791871389513
forecast_8414,2025-12-17 14:00:00,4211.999845504761,4209.248292166344,3371.3890471429004
forecast_8415,2025-12-17 15:00:00,3888.0001544952393,3750.070628633892,3121.054155016001
forecast_8416,2025-12-17 16:00:00,3888.0001544952393,3830.044598163346,2874.023988251105
forecast_8417,2025-12-17 17:00:00,3888.0001544952393,4792.420047580746,3510.870438699626
forecast_8418,2025-12-17 18:00:00,5507.999897003174,5340.636938509665,4167.003171324566
forecast_8419,2025-12-17 19:00:00,5507.999897003174,5439.104576160596,4407.111785368363
forecast_8420,2025-12-17 20:00:00,6371.999716758728,5773.2513519344575,4991.225616066192
forecast_8421,2025-12-17 21:00:00,7451.9999742507935,6923.030441994677,4954.655631126129
forecast_8422,2025-12-17 22:00:00,9611.99984550476,8365.009902186153,5898.972907689961
forecast_8423,2025-12-17 23:00:00,10044.00007724762,8975.132480895032,5688.109966709057
forecast_8424,2025-12-18 00:00:00,10044.00007724762,9938.67872785369,6096.543664616273
forecast_8425,2025-12-18 01:00:00,14147.999382019043,14379.454131381803,10585.047837860662
forecast_8426,2025-12-18 02:00:00,15984.000205993652,15770.523729631697,10928.322980053405
forecast_8427,2025-12-18 03:00:00,16307.999897003174,16199.454172922193,10691.609606933212
forecast_8428,2025-12-18 04:00:00,17172.00036048889,15833.007064416815,11078.280394983196
forecast_8429,2025-12-18 05:00:00,17172.00036048889,15319.495650135837,11009.577565217822
forecast_8430,2025-12-18 06:00:00,15984.000205993652,14590.395326535268,11061.161862622144
forecast_8431,2025-12-18 07:00:00,15552.000617980957,13785.874964342982,10552.465882480132
forecast_8432,2025-12-18 08:00:00,13284.000205993652,10959.28150660721,8300.091268027934
forecast_8433,2025-12-18 09:00:00,10044.00007724762,9002.685314113447,6418.991026043132
forecast_8434,2025-12-18 10:00:00,5507.999897003174,7167.831709277051,5537.621480239726
forecast_8435,2025-12-18 11:00:00,5507.999897003174,6091.3261805031725,4785.181543155658
forecast_8436,2025-12-18 12:00:00,6263.999819755554,5849.845794999692,3829.427991558206
forecast_8437,2025-12-18 13:00:00,5075.999987125397,5102.912799856619,3105.965326304867
forecast_8438,2025-12-18 14:00:00,3888.0001544952393,4521.00243485014,2967.946367172524
forecast_8439,2025-12-18 15:00:00,3996.000051498413,4172.924018003712,3078.4488341375577
forecast_8440,2025-12-18 16:00:00,3996.000051498413,4886.997372724013,3297.6051199555773
forecast_8441,2025-12-18 17:00:00,8855.99992275238,5318.696433308132,4040.415682726903
forecast_8442,2025-12-18 18:00:00,4751.9999742507935,5840.376955573515,4847.512640521256
forecast_8443,2025-12-18 19:00:00,5832.000231742859,6036.738954818514,5236.242393182996
forecast_8444,2025-12-18 20:00:00,5832.000231742859,6423.067723587414,5484.961100693462
forecast_8445,2025-12-18 21:00:00,8315.999794006348,7738.357974686991,5904.073467224214
forecast_8446,2025-12-18 22:00:00,10044.00007724762,10726.780175228369,7309.165627461122
forecast_8447,2025-12-18 23:00:00,10044.00007724762,13429.082075757802,9056.241351197816
forecast_8448,2025-12-19 00:00:00,12852.000617980957,15265.442730226072,9594.346260327997
forecast_8449,2025-12-19 01:00:00,17172.00036048889,17780.326293528622,14537.926945151208
forecast_8450,2025-12-19 02:00:00,19547.999382019043,17865.678938167344,14701.055041727785
forecast_8451,2025-12-19 03:00:00,19331.999588012695,17424.08818538667,13850.567709202378
forecast_8452,2025-12-19 04:00:00,18792.000102996826,17435.8636010882,12747.963716965627
forecast_8453,2025-12-19 05:00:00,16307.999897003174,17296.673992321746,12447.360611391407
forecast_8454,2025-12-19 06:00:00,19547.999382019043,18432.703412270195,13826.124634589172
forecast_8455,2025-12-19 07:00:00,19547.999382019043,18676.89914714444,14356.073496869529
forecast_8456,2025-12-19 08:00:00,19547.999382019043,18651.303936097825,14295.538211986606
forecast_8457,2025-12-19 09:00:00,19547.999382019043,18495.59518597825,14234.23817141376
forecast_8458,2025-12-19 10:00:00,19547.999382019043,18488.481939738296,15509.33729684368
forecast_8459,2025-12-19 11:00:00,19547.999382019043,18670.96300983724,15350.775771325334
forecast_8460,2025-12-19 12:00:00,19547.999382019043,18712.224224372207,14848.074092695952
forecast_8461,2025-12-19 13:00:00,19331.999588012695,17932.339473015047,15247.22572863139
forecast_8462,2025-12-19 14:00:00,19547.999382019043,17781.324729141972,15407.604762389388
forecast_8463,2025-12-19 15:00:00,19547.999382019043,18159.154631209087,15463.565126804118
forecast_8464,2025-12-19 16:00:00,19547.999382019043,18252.695600252817,15639.334628633304
forecast_8465,2025-12-19 17:00:00,19331.999588012695,18146.34503998996,16137.536443081875
forecast_8466,2025-12-19 18:00:00,19656.000566482544,18309.138781601265,16902.203165182033
forecast_8467,2025-12-19 19:00:00,19547.999382019043,18239.43880991312,17164.688744059928
forecast_8468,2025-12-19 20:00:00,19764.000463485718,17932.030050896014,16363.311985695558
forecast_8469,2025-12-19 21:00:00,19547.999382019043,18489.14875695597,17203.57930594948
forecast_8470,2025-12-19 22:00:00,19547.999382019043,19109.28242771001,17342.321931924493
forecast_8471,2025-12-19 23:00:00,19547.999382019043,19049.731417394927,16863.405819861113
forecast_8472,2025-12-20 00:00:00,19331.999588012695,19060.584532970155,15833.100592829192
forecast_8473,2025-12-20 01:00:00,15768.000411987305,17879.536953048075,13907.283407034693
forecast_8474,2025-12-20 02:00:00,14688.00015449524,17113.28082788405,12231.984792776848
forecast_8475,2025-12-20 03:00:00,14688.00015449524,17078.6658443143,12052.16811467208
forecast_8476,2025-12-20 04:00:00,14688.00015449524,16882.309837438523,12275.479557381545
forecast_8477,2025-12-20 05:00:00,14472.000360488892,15954.056448666955,11984.089005456291
forecast_8478,2025-12-20 06:00:00,14472.000360488892,15334.29407537756,12029.761477120666
forecast_8479,2025-12-20 07:00:00,14039.99948501587,15481.175271774113,12186.201531068178
forecast_8480,2025-12-20 08:00:00,14039.99948501587,15833.742058770582,12749.425272832472
forecast_8481,2025-12-20 09:00:00,14039.99948501587,16102.15160252771,12782.174565233174
forecast_8482,2025-12-20 10:00:00,14472.000360488892,16133.650876857975,13003.663432015166
forecast_8483,2025-12-20 11:00:00,14039.99948501587,15999.071684949178,12939.862998939394
forecast_8484,2025-12-20 12:00:00,14472.000360488892,16781.21926126617,14066.639451905296
forecast_8485,2025-12-20 13:00:00,17496.000051498413,16840.409224512237,14198.383191851342
forecast_8486,2025-12-20 14:00:00,15227.999639511108,16269.768504215765,13457.590139742231
forecast_8487,2025-12-20 15:00:00,14039.99948501587,15601.682815892693,12548.284402239997
forecast_8488,2025-12-20 16:00:00,12311.99984550476,15101.428403161748,11136.081615367986
forecast_8489,2025-12-20 17:00:00,13500.0,15404.570007131835,11249.874577275428
forecast_8490,2025-12-20 18:00:00,13500.0,15354.543317064465,11575.73587833427
forecast_8491,2025-12-20 19:00:00,13500.0,15615.125398047629,11585.629573595628
forecast_8492,2025-12-20 20:00:00,13500.0,15038.096741590922,10981.41659710524
forecast_8493,2025-12-20 21:00:00,13392.000102996826,14041.603672228133,9803.953913068082
forecast_8494,2025-12-20 22:00:00,17064.000463485718,14471.246431734875,10654.40158729333
forecast_8495,2025-12-20 23:00:00,17927.99963951111,15672.798182690683,11607.040629588151
forecast_8496,2025-12-21 00:00:00,19547.999382019043,17465.128243743544,12832.175358113134
forecast_8497,2025-12-21 01:00:00,19547.999382019043,19139.21184541195,17556.96253987243
forecast_8498,2025-12-21 02:00:00,19547.999382019043,19313.39641201938,16724.856033834272
forecast_8499,2025-12-21 03:00:00,19439.99948501587,19264.2784766386,16689.986401406946
forecast_8500,2025-12-21 04:00:00,19331.999588012695,19165.20852551859,14976.28130942241
forecast_8501,2025-12-21 05:00:00,19547.999382019043,18874.63332515242,13777.68594017419
forecast_8502,2025-12-21 06:00:00,19547.999382019043,18761.029470136225,13445.099087123986
forecast_8503,2025-12-21 07:00:00,19547.999382019043,18592.47008887997,12993.441882740955
forecast_8504,2025-12-21 08:00:00,19007.999897003174,18395.997953734222,12039.153192156193
forecast_8505,2025-12-21 09:00:00,16200.0,17594.869802813348,12184.450303275487
forecast_8506,2025-12-21 10:00:00,14796.000051498413,16497.774634898495,12340.298327172237
forecast_8507,2025-12-21 11:00:00,14796.000051498413,15709.576802079104,11036.267722948469
forecast_8508,2025-12-21 12:00:00,14039.99948501587,14671.771366561245,10336.472061278777
forecast_8509,2025-12-21 13:00:00,11880.000257492065,12375.99760898671,8355.507336456656
forecast_8510,2025-12-21 14:00:00,10044.00007724762,8602.519332783577,5721.193262959056
forecast_8511,2025-12-21 15:00:00,5183.999884128571,5561.089589663894,3530.4160460379667
forecast_8512,2025-12-21 16:00:00,5183.999884128571,4227.155657552733,2396.557456006217
forecast_8513,2025-12-21 17:00:00,5940.000128746033,3767.56154818386,2473.794034209884
forecast_8514,2025-12-21 18:00:00,5832.000231742859,3559.3184336404424,2924.4592337963104
forecast_8515,2025-12-21 19:00:00,5075.999987125397,3392.4285512494557,3003.1456263510186
forecast_8516,2025-12-21 20:00:00,5507.999897003174,3306.1767277151,2912.409395037958
forecast_8517,2025-12-21 21:00:00,4427.99996137619,3064.632955114352,2775.0364967233354
forecast_8518,2025-12-21 22:00:00,4320.000064373016,2910.264518873718,3115.375665228496
forecast_8519,2025-12-21 23:00:00,4320.000064373016,2943.3078662957314,2915.9738062352253
forecast_8520,2025-12-22 00:00:00,3888.0001544952393,2817.6138332411047,2866.307880166817
forecast_8521,2025-12-22 01:00:00,3888.0001544952393,3154.408487537364,2744.973148933614
forecast_8522,2025-12-22 02:00:00,3888.0001544952393,2962.803927818579,2392.7441394469142
forecast_8523,2025-12-22 03:00:00,3779.9999356269836,2791.745038827753,2339.149251512717
forecast_8524,2025-12-22 04:00:00,3779.9999356269836,2666.5754943413194,1966.2432061094576
forecast_8525,2025-12-22 05:00:00,3779.9999356269836,2508.670151033391,2150.6475371270726
forecast_8526,2025-12-22 06:00:00,3455.9999227523804,2463.488445250281,1931.724117130684
forecast_8527,2025-12-22 07:00:00,3779.9999356269836,2385.1537896189525,2276.089688669376
forecast_8528,2025-12-22 08:00:00,3455.9999227523804,2586.692415007846,2385.593693011079
forecast_8529,2025-12-22 09:00:00,3779.9999356269836,2615.651846432067,2093.9403469754293
forecast_8530,2025-12-22 10:00:00,3888.0001544952393,2732.179231610428,2216.989936450955
forecast_8531,2025-12-22 11:00:00,3779.9999356269836,2638.5107327196465,2272.716098264063
forecast_8532,2025-12-22 12:00:00,3888.0001544952393,2640.1181931124515,2216.994419253933
forecast_8533,2025-12-22 13:00:00,3779.9999356269836,2612.460228089221,1896.9650346140495
forecast_8534,2025-12-22 14:00:00,3779.9999356269836,2602.532295686332,2053.233469517698
forecast_8535,2025-12-22 15:00:00,3455.9999227523804,2565.863461819188,2044.217213231244
forecast_8536,2025-12-22 16:00:00,3888.0001544952393,2643.5280945401887,1770.5952892774185
forecast_8537,2025-12-22 17:00:00,3779.9999356269836,3199.033904791494,1988.65515040498
forecast_8538,2025-12-22 18:00:00,3888.0001544952393,3007.4506265643563,2293.9900733717054
forecast_8539,2025-12-22 19:00:00,3888.0001544952393,3223.116410350847,2301.5324925002164
forecast_8540,2025-12-22 20:00:00,3888.0001544952393,3336.57942014979,2258.116222968958
forecast_8541,2025-12-22 21:00:00,3888.0001544952393,3429.9669293617585,2722.1009633061585
forecast_8542,2025-12-22 22:00:00,3888.0001544952393,3817.9988090971174,3318.083588353592
forecast_8543,2025-12-22 23:00:00,3888.0001544952393,4119.440513615348,3451.088524971933
forecast_8544,2025-12-23 00:00:00,3888.0001544952393,4189.500501526476,3665.246185936332
forecast_8545,2025-12-23 01:00:00,4535.999858379364,4816.030418321012,3719.6308843470624
forecast_8546,2025-12-23 02:00:00,6048.0000257492065,5786.717598101891,3997.19891487149
forecast_8547,2025-12-23 03:00:00,6048.0000257492065,5743.898747200119,4236.10319173391
forecast_8548,2025-12-23 04:00:00,4103.999948501587,5483.594750134155,4385.76263167025
forecast_8549,2025-12-23 05:00:00,4535.999858379364,5777.333776764456,4422.717590940962
forecast_8550,2025-12-23 06:00:00,5400.0,6097.906451094848,3927.748522084294
forecast_8551,2025-12-23 07:00:00,4644.00007724762,5444.102841164892,4243.100517586884
forecast_8552,2025-12-23 08:00:00,3996.000051498413,4747.041283070063,4439.8171888624265
forecast_8553,2025-12-23 09:00:00,3996.000051498413,5420.6437468836775,4457.141042383331
forecast_8554,2025-12-23 10:00:00,4211.999845504761,6725.687996780036,4676.5709355553045
forecast_8555,2025-12-23 11:00:00,7992.000102996826,8768.301898107693,5502.922171149542
forecast_8556,2025-12-23 12:00:00,7019.999742507935,8325.850696342106,5262.171581037631
forecast_8557,2025-12-23 13:00:00,4320.000064373016,6705.138616913858,5193.720117621196
forecast_8558,2025-12-23 14:00:00,4427.99996137619,6027.998739893829,4873.278808292161
forecast_8559,2025-12-23 15:00:00,4320.000064373016,6344.391316842926,4488.39688056425
forecast_8560,2025-12-23 16:00:00,3996.000051498413,5896.836760963533,3974.616039129201
forecast_8561,2025-12-23 17:00:00,4320.000064373016,6606.244801271706,4307.330082067082
forecast_8562,2025-12-23 18:00:00,7451.9999742507935,8635.296499569498,5766.036299068809
forecast_8563,2025-12-23 19:00:00,10044.00007724762,10307.139212883923,6765.824192999426
forecast_8564,2025-12-23 20:00:00,10259.999871253967,11491.598609005934,7350.253090151443
forecast_8565,2025-12-23 21:00:00,10151.999974250793,10969.612331488812,7381.519460557538
forecast_8566,2025-12-23 22:00:00,10259.999871253967,11151.780263250665,7679.940231223981
forecast_8567,2025-12-23 23:00:00,10259.999871253967,10962.956105762729,7583.185582469612
forecast_8568,2025-12-24 00:00:00,10259.999871253967,10712.706164755802,7940.9198728499005
forecast_8569,2025-12-24 01:00:00,6155.99992275238,7846.57296140973,4631.101941309164
forecast_8570,2025-12-24 02:00:00,6155.99992275238,6900.893760528584,4401.231427351435
forecast_8571,2025-12-24 03:00:00,4644.00007724762,4297.644539995956,3564.4547538698985
forecast_8572,2025-12-24 04:00:00,4644.00007724762,4038.559903066781,3220.72602091161
forecast_8573,2025-12-24 05:00:00,3888.0001544952393,3580.6554872669903,3421.3550215674863
forecast_8574,2025-12-24 06:00:00,3888.0001544952393,3669.948286589488,3238.6868112243283
forecast_8575,2025-12-24 07:00:00,3888.0001544952393,3596.455505570448,3177.842313925947
forecast_8576,2025-12-24 08:00:00,3888.0001544952393,3622.592962301783,2960.2895168515865
forecast_8577,2025-12-24 09:00:00,3888.0001544952393,3418.004387637255,2857.6597469181856
forecast_8578,2025-12-24 10:00:00,3779.9999356269836,3077.900159136699,2505.763060086851
forecast_8579,2025-12-24 11:00:00,3779.9999356269836,2971.423394561223,2608.2548897014367
forecast_8580,2025-12-24 12:00:00,3888.0001544952393,2852.437664156138,2469.6285140032383
forecast_8581,2025-12-24 13:00:00,3779.9999356269836,2935.7401235231046,2518.6415635620774
forecast_8582,2025-12-24 14:00:00,3888.0001544952393,3020.5365248037338,2566.973110352168
forecast_8583,2025-12-24 15:00:00,3888.0001544952393,2847.112552680016,2688.1376791815
forecast_8584,2025-12-24 16:00:00,3564.000141620636,2652.935658269781,2591.8633686973208
forecast_8585,2025-12-24 17:00:00,3564.000141620636,2463.5928733151,2562.485930143902
forecast_8586,2025-12-24 18:00:00,3888.0001544952393,2562.064089351385,2854.871926422714
forecast_8587,2025-12-24 19:00:00,3888.0001544952393,2696.597093186719,2795.175366194396
forecast_8588,2025-12-24 20:00:00,3779.9999356269836,2783.702516779357,2647.563485660872
forecast_8589,2025-12-24 21:00:00,3888.0001544952393,3110.807000661725,3360.8788253402004
forecast_8590,2025-12-24 22:00:00,3888.0001544952393,3430.09532605425,3403.236030464623
forecast_8591,2025-12-24 23:00:00,3888.0001544952393,3092.753326485507,3311.9844999864545
forecast_8592,2025-12-25 00:00:00,3888.0001544952393,3248.036962668733,3246.1075353741235
forecast_8593,2025-12-25 01:00:00,3888.0001544952393,3265.0610590106508,2916.240024094027
forecast_8594,2025-12-25 02:00:00,4968.000090122223,4383.287303332494,3855.984720665704
forecast_8595,2025-12-25 03:00:00,7451.9999742507935,6049.724987548283,4792.496443711688
forecast_8596,2025-12-25 04:00:00,9611.99984550476,8591.635518771442,6037.857349320424
forecast_8597,2025-12-25 05:00:00,11231.999588012695,10304.266245153827,7058.970876381407
forecast_8598,2025-12-25 06:00:00,11988.00015449524,12314.76926189185,7540.563145663943
forecast_8599,2025-12-25 07:00:00,14472.000360488892,15114.359606059736,10505.396577009911
forecast_8600,2025-12-25 08:00:00,14903.999948501587,15767.843805880491,11577.05045057757
forecast_8601,2025-12-25 09:00:00,15119.999742507935,16148.661940071835,12017.803943104092
forecast_8602,2025-12-25 10:00:00,14796.000051498413,15087.651391524518,11528.389487101884
forecast_8603,2025-12-25 11:00:00,14796.000051498413,14898.35285450876,11017.632450099343
forecast_8604,2025-12-25 12:00:00,15768.000411987305,15230.386603081311,10760.400604068336
forecast_8605,2025-12-25 13:00:00,16200.0,15365.088062861294,11458.90041743237
forecast_8606,2025-12-25 14:00:00,16200.0,15334.466642322375,11844.236841410975
forecast_8607,2025-12-25 15:00:00,16200.0,15575.58696133902,11958.275515914114
forecast_8608,2025-12-25 16:00:00,16200.0,16167.53278330895,12581.478628102026
forecast_8609,2025-12-25 17:00:00,16200.0,16837.29658255434,12614.015042983605
forecast_8610,2025-12-25 18:00:00,16200.0,17473.03567172221,13484.717740159993
forecast_8611,2025-12-25 19:00:00,15119.999742507935,17996.007522535998,14349.090637511006
forecast_8612,2025-12-25 20:00:00,15119.999742507935,18194.4612946256,14553.760354059714
forecast_8613,2025-12-25 21:00:00,15119.999742507935,18332.99591828457,14927.884121034362
forecast_8614,2025-12-25 22:00:00,15119.999742507935,17748.083716119254,14973.264360425866
forecast_8615,2025-12-25 23:00:00,15119.999742507935,18149.213323230728,15060.260800753058
forecast_8616,2025-12-26 00:00:00,15768.000411987305,18389.899205894028,15367.539983059753
forecast_8617,2025-12-26 01:00:00,15119.999742507935,18565.42959952729,14799.596456260831
forecast_8618,2025-12-26 02:00:00,15119.999742507935,17690.7214802284,14166.651466374322
forecast_8619,2025-12-26 03:00:00,15984.000205993652,19097.510561333685,14224.68808902782
forecast_8620,2025-12-26 04:00:00,16415.999794006348,19401.21453392184,14738.01540273208
forecast_8621,2025-12-26 05:00:00,17172.00036048889,19750.60499811144,13871.720247329771
forecast_8622,2025-12-26 06:00:00,18468.000411987305,19580.864645945177,13631.655143274522
forecast_8623,2025-12-26 07:00:00,16415.999794006348,19425.64217431827,14019.680804983424
forecast_8624,2025-12-26 08:00:00,15876.000308990479,18172.050572898173,12282.7097440749
forecast_8625,2025-12-26 09:00:00,15984.000205993652,17934.79427347148,11986.958969868449
forecast_8626,2025-12-26 10:00:00,15552.000617980957,16632.726832302946,11465.8648027512
forecast_8627,2025-12-26 11:00:00,13068.000411987305,15564.136714767466,10313.833443961106
forecast_8628,2025-12-26 12:00:00,10584.000205993652,13175.558269489897,8352.958453140245
forecast_8629,2025-12-26 13:00:00,10476.000308990479,12452.41028694469,7692.165152682432
forecast_8630,2025-12-26 14:00:00,10476.000308990479,12250.398884616254,7998.152185698937
forecast_8631,2025-12-26 15:00:00,10476.000308990479,12155.46325203065,8123.1007264366035
forecast_8632,2025-12-26 16:00:00,10476.000308990479,12750.922173240342,9106.294651765522
forecast_8633,2025-12-26 17:00:00,12527.999639511108,13547.518980109018,9766.553688286864
forecast_8634,2025-12-26 18:00:00,12635.999536514282,14411.386701786323,10554.890703187908
forecast_8635,2025-12-26 19:00:00,14472.000360488892,15557.881705334426,11306.451055511256
forecast_8636,2025-12-26 20:00:00,15984.000205993652,16717.919171463815,12040.04409283644
forecast_8637,2025-12-26 21:00:00,16307.999897003174,17626.3714501702,12847.023489665173
forecast_8638,2025-12-26 22:00:00,19547.999382019043,19084.71215907399,14738.68494997321
forecast_8639,2025-12-26 23:00:00,19547.999382019043,18903.08475887833,14568.361160893308
forecast_8640,2025-12-27 00:00:00,19547.999382019043,18909.65134975423,13899.44211652856
forecast_8641,2025-12-27 01:00:00,19547.999382019043,19267.819612031657,15118.97736460156
forecast_8642,2025-12-27 02:00:00,19547.999382019043,19041.267884871355,14746.396744409742
forecast_8643,2025-12-27 03:00:00,19547.999382019043,18630.18876542874,14674.16899440793
forecast_8644,2025-12-27 04:00:00,19547.999382019043,18291.51205729145,14306.01230098746
forecast_8645,2025-12-27 05:00:00,19547.999382019043,18106.0413617108,13360.465301267204
forecast_8646,2025-12-27 06:00:00,19547.999382019043,18369.150456711945,13989.039611232103
forecast_8647,2025-12-27 07:00:00,19547.999382019043,18367.587865511985,14440.082186653526
forecast_8648,2025-12-27 08:00:00,19547.999382019043,17876.736213937427,14273.272989396588
forecast_8649,2025-12-27 09:00:00,19439.99948501587,17193.414126462663,13239.94706895948
forecast_8650,2025-12-27 10:00:00,16739.99948501587,15929.60570309142,12229.059077425376
forecast_8651,2025-12-27 11:00:00,14903.999948501587,16029.262051843423,12767.577245758765
forecast_8652,2025-12-27 12:00:00,14796.000051498413,16287.689640679286,12791.013669545438
forecast_8653,2025-12-27 13:00:00,14796.000051498413,16442.802493766812,12560.51839515164
forecast_8654,2025-12-27 14:00:00,14796.000051498413,16645.157576393234,13063.94503494297
forecast_8655,2025-12-27 15:00:00,14796.000051498413,16703.921719756836,13819.615149604966
forecast_8656,2025-12-27 16:00:00,14796.000051498413,16450.28688528567,13628.64252157472
forecast_8657,2025-12-27 17:00:00,15443.999433517456,16941.387092339006,14877.6886437072
forecast_8658,2025-12-27 18:00:00,17388.00015449524,17288.977591813622,15573.941317220117
forecast_8659,2025-12-27 19:00:00,19547.999382019043,17935.390435790658,16754.85722687078
forecast_8660,2025-12-27 20:00:00,19547.999382019043,17400.466512549927,17239.108142798996
forecast_8661,2025-12-27 21:00:00,19547.999382019043,17996.937365847956,17072.989424346706
forecast_8662,2025-12-27 22:00:00,19547.999382019043,18082.43425732832,17149.68519985705
forecast_8663,2025-12-27 23:00:00,19547.999382019043,18017.20429072863,16634.557541253314
forecast_8664,2025-12-28 00:00:00,17064.000463485718,17776.133684772114,15286.611128279985
forecast_8665,2025-12-28 01:00:00,19547.999382019043,18333.967331013664,16515.185698814767
forecast_8666,2025-12-28 02:00:00,19547.999382019043,18736.746516496085,17165.89193013645
forecast_8667,2025-12-28 03:00:00,19980.000257492065,18821.31702744984,17163.10472254561
forecast_8668,2025-12-28 04:00:00,19980.000257492065,18845.27928022166,17074.526232280674
forecast_8669,2025-12-28 05:00:00,19980.000257492065,19276.08445759929,17091.810646501315
forecast_8670,2025-12-28 06:00:00,19980.000257492065,19176.723288143483,16904.176080751527
forecast_8671,2025-12-28 07:00:00,19980.000257492065,19245.376186059653,16360.505493213836
forecast_8672,2025-12-28 08:00:00,19980.000257492065,19044.96167180176,15903.058086690498
forecast_8673,2025-12-28 09:00:00,19547.999382019043,18761.04240749978,15582.160563813142
forecast_8674,2025-12-28 10:00:00,19547.999382019043,18413.27563307924,15232.518759055538
forecast_8675,2025-12-28 11:00:00,19547.999382019043,17560.286168060924,15041.94713097059
forecast_8676,2025-12-28 12:00:00,18143.999433517456,16567.842254054507,14386.56952844166
forecast_8677,2025-12-28 13:00:00,16307.999897003174,15131.472207054356,12504.843805254224
forecast_8678,2025-12-28 14:00:00,14796.000051498413,13787.345997944796,11668.061537196605
forecast_8679,2025-12-28 15:00:00,14472.000360488892,14315.354075241812,12578.342240862194
forecast_8680,2025-12-28 16:00:00,14796.000051498413,14305.303710290338,13338.691859396728
forecast_8681,2025-12-28 17:00:00,14688.00015449524,15620.186602770258,14235.961619271604
forecast_8682,2025-12-28 18:00:00,18468.000411987305,15555.37716439192,13530.015054608317
forecast_8683,2025-12-28 19:00:00,14039.99948501587,15011.670265334467,13048.284094536366
forecast_8684,2025-12-28 20:00:00,14688.00015449524,15626.387173460336,13165.615704299062
forecast_8685,2025-12-28 21:00:00,19547.999382019043,16685.764453698463,14347.04542208839
forecast_8686,2025-12-28 22:00:00,18792.000102996826,17123.485876057704,14837.923810274637
forecast_8687,2025-12-28 23:00:00,18792.000102996826,17505.555882460274,15183.645911500042
forecast_8688,2025-12-29 00:00:00,19223.99969100952,17801.128414184168,15189.72167827826
forecast_8689,2025-12-29 01:00:00,19547.999382019043,18239.949928588285,16521.435758578154
forecast_8690,2025-12-29 02:00:00,19547.999382019043,18493.02022029643,16713.273926279508
forecast_8691,2025-12-29 03:00:00,19547.999382019043,18543.46239544196,17081.67323438064
forecast_8692,2025-12-29 04:00:00,19331.999588012695,18844.31188563797,17397.578874109826
forecast_8693,2025-12-29 05:00:00,19331.999588012695,19115.028258738985,17788.863546673325
forecast_8694,2025-12-29 06:00:00,19331.999588012695,18971.85101601668,17617.3792405616
forecast_8695,2025-12-29 07:00:00,19331.999588012695,18975.059108018537,17702.836901454328
forecast_8696,2025-12-29 08:00:00,19331.999588012695,18826.35569782804,17303.77946648497
forecast_8697,2025-12-29 09:00:00,19223.99969100952,18660.706416829667,17405.280467270644
forecast_8698,2025-12-29 10:00:00,19223.99969100952,18152.395097930475,17318.2666758612
forecast_8699,2025-12-29 11:00:00,19223.99969100952,18304.658624711392,17076.889195032876
forecast_8700,2025-12-29 12:00:00,18792.000102996826,18563.49360136645,17307.39214164857
forecast_8701,2025-12-29 13:00:00,18792.000102996826,18464.815066581967,16464.433310840413
forecast_8702,2025-12-29 14:00:00,18468.000411987305,18283.326574501265,16719.769546664003
forecast_8703,2025-12-29 15:00:00,18252.000617980957,17932.45516219124,15928.031169893497
forecast_8704,2025-12-29 16:00:00,18360.00051498413,17587.661028531824,15599.812741824802
forecast_8705,2025-12-29 17:00:00,18252.000617980957,17744.55960431004,15369.812548360918
forecast_8706,2025-12-29 18:00:00,19439.99948501587,17558.51695121572,15660.942727252808
forecast_8707,2025-12-29 19:00:00,18684.000205993652,17111.761945508584,15206.8325188717
forecast_8708,2025-12-29 20:00:00,17388.00015449524,16559.619131246993,14651.725073829688
forecast_8709,2025-12-29 21:00:00,14688.00015449524,16214.329266188375,14196.686563112477
forecast_8710,2025-12-29 22:00:00,14688.00015449524,15824.944840501572,13157.907529122667
forecast_8711,2025-12-29 23:00:00,14688.00015449524,15327.630294082603,12564.243941026993
forecast_8712,2025-12-30 00:00:00,14688.00015449524,14429.592650910578,11905.861506290452
forecast_8713,2025-12-30 01:00:00,13176.000308990479,14148.425889540555,9710.717821124288
forecast_8714,2025-12-30 02:00:00,13176.000308990479,14360.905027502373,9971.855365548532
forecast_8715,2025-12-30 03:00:00,13068.000411987305,14058.053662673728,11050.982869200985
forecast_8716,2025-12-30 04:00:00,14147.999382019043,14292.023812891692,11540.945319916817
forecast_8717,2025-12-30 05:00:00,14147.999382019043,14289.70901455497,10797.226733311833
forecast_8718,2025-12-30 06:00:00,13823.999691009521,14641.066402380755,10445.33783312523
forecast_8719,2025-12-30 07:00:00,13068.000411987305,14382.341330013141,10208.13598663663
forecast_8720,2025-12-30 08:00:00,12852.000617980957,13228.249874512177,8977.731170571842
forecast_8721,2025-12-30 09:00:00,12635.999536514282,12760.757158899867,8334.539879079945
forecast_8722,2025-12-30 10:00:00,10476.000308990479,9506.94144563968,5627.798675699661
forecast_8723,2025-12-30 11:00:00,10476.000308990479,8788.12459553406,6110.511030544994
forecast_8724,2025-12-30 12:00:00,12096.000051498413,9110.398633326016,6818.090668876164
forecast_8725,2025-12-30 13:00:00,12096.000051498413,11387.250223646082,8255.991963724422
forecast_8726,2025-12-30 14:00:00,13715.999794006348,11500.108157110926,8466.648947117736
forecast_8727,2025-12-30 15:00:00,14147.999382019043,11875.772159646838,8779.851262054694
forecast_8728,2025-12-30 16:00:00,14580.000257492065,12165.9200781238,9219.738822237325
forecast_8729,2025-12-30 17:00:00,14256.000566482544,12177.639806975563,8590.36866032432
forecast_8730,2025-12-30 18:00:00,14256.000566482544,12508.043988339983,8940.131358869688
forecast_8731,2025-12-30 19:00:00,14256.000566482544,12943.17455480301,9843.5510553818
forecast_8732,2025-12-30 20:00:00,14256.000566482544,13219.150845250651,10220.548746105942
forecast_8733,2025-12-30 21:00:00,14688.00015449524,14390.45615663307,11560.970210621146
forecast_8734,2025-12-30 22:00:00,15443.999433517456,15421.69435589353,12565.95196633404
forecast_8735,2025-12-30 23:00:00,15443.999433517456,15775.944030261138,12424.33463920404
forecast_8736,2025-12-31 00:00:00,14688.00015449524,16568.16014641074,12785.029274760323
forecast_8737,2025-12-31 01:00:00,16200.0,17197.85687235876,13895.573059438622
forecast_8738,2025-12-31 02:00:00,16847.999382019043,17393.893688606557,14455.558501764554
forecast_8739,2025-12-31 03:00:00,16847.999382019043,17317.275061904355,14151.675551264583
forecast_8740,2025-12-31 04:00:00,16847.999382019043,17447.06708089111,14074.07592485726
forecast_8741,2025-12-31 05:00:00,15768.000411987305,17302.978171057523,13176.622954711249
forecast_8742,2025-12-31 06:00:00,15443.999433517456,17419.826662551695,12942.48113596912
forecast_8743,2025-12-31 07:00:00,14688.00015449524,17195.757245530964,12912.667266446637
forecast_8744,2025-12-31 08:00:00,14688.00015449524,16621.943238184227,11777.3271250049
forecast_8745,2025-12-31 09:00:00,14796.000051498413,14915.027204288977,10807.473071846252
forecast_8746,2025-12-31 10:00:00,13715.999794006348,13366.708204326927,9450.274664925488
forecast_8747,2025-12-31 11:00:00,11447.999382019043,11299.134740658295,8079.239569307094
forecast_8748,2025-12-31 12:00:00,11447.999382019043,9873.58768471194,7945.91462683846
forecast_8749,2025-12-31 13:00:00,10907.999897003174,9239.776340869836,6977.005122322708
forecast_8750,2025-12-31 14:00:00,10476.000308990479,9273.436917315998,7000.253518884527
forecast_8751,2025-12-31 15:00:00,11339.99948501587,9849.370623674407,7251.303645673864
forecast_8752,2025-12-31 16:00:00,12527.999639511108,10249.361140561969,7604.665799618821
forecast_8753,2025-12-31 17:00:00,11339.99948501587,10694.18231474472,7326.660205093046
forecast_8754,2025-12-31 18:00:00,12527.999639511108,12157.597201675571,8416.833810077944
forecast_8755,2025-12-31 19:00:00,13392.000102996826,13267.259181302314,9748.537571461446
forecast_8756,2025-12-31 20:00:00,12960.00051498413,14438.156130951238,11148.038572166348
forecast_8757,2025-12-31 21:00:00,13823.999691009521,15419.68524185479,11534.081071791596
forecast_8758,2025-12-31 22:00:00,16307.999897003174,16322.155665127028,12404.86053283484
forecast_8759,2025-12-31 23:00:00,16307.999897003174,16751.385680146926,12906.73346022956
forecast_8760,2026-01-01 00:00:00,16307.999897003174,16764.441448186702,12495.823194824634
