forecast_id,forecast_kst_dtm,kpx_group_1,kpx_group_2,kpx_group_3
forecast_0001,2025-01-01 01:00:00,19950.07059085228,18847.042710538073,17670.239048608477
forecast_0002,2025-01-01 02:00:00,19560.726876784334,18816.951604967766,17893.2275868496
forecast_0003,2025-01-01 03:00:00,19032.57699687687,18500.315496445743,17307.401161199912
forecast_0004,2025-01-01 04:00:00,18365.595175728617,17979.187832547806,15744.440870958677
forecast_0005,2025-01-01 05:00:00,18199.393630583272,17530.46261516443,15023.07269962958
forecast_0006,2025-01-01 06:00:00,17935.694937223514,17187.343079116166,14995.665086630292
forecast_0007,2025-01-01 07:00:00,16015.992860387776,14033.440655593597,12974.295367852214
forecast_0008,2025-01-01 08:00:00,15465.144806023758,14350.340476854662,13302.342180986769
forecast_0009,2025-01-01 09:00:00,14718.439143052265,13649.73379365154,12690.457078240852
forecast_0010,2025-01-01 10:00:00,15637.483209661392,13763.66247743842,12839.384557156422
forecast_0011,2025-01-01 11:00:00,15278.84707862392,13863.75899630981,12321.655764476782
forecast_0012,2025-01-01 12:00:00,14946.44549266357,13101.095836212822,11831.498031512956
forecast_0013,2025-01-01 13:00:00,14914.05458913279,12841.492585490501,11729.390600650891
forecast_0014,2025-01-01 14:00:00,14999.282574795752,12946.082542357019,11218.44103100444
forecast_0015,2025-01-01 15:00:00,14593.819696171138,12275.206462829006,10289.230641484492
forecast_0016,2025-01-01 16:00:00,14612.735236933526,12727.009210670478,10755.306673535933
forecast_0017,2025-01-01 17:00:00,14895.7532507355,13338.35360082237,11940.748023340462
forecast_0018,2025-01-01 18:00:00,14868.722520619534,13668.132686583442,12055.929803010064
forecast_0019,2025-01-01 19:00:00,14396.980493514802,13975.06628262497,12348.33190753394
forecast_0020,2025-01-01 20:00:00,14771.644801372962,14374.104852656665,13552.769892150898
forecast_0021,2025-01-01 21:00:00,15389.436735508112,15531.855612103744,14226.106564167128
forecast_0022,2025-01-01 22:00:00,15130.920316139327,15730.77523980915,14349.909448826862
forecast_0023,2025-01-01 23:00:00,15433.07254029956,15926.055121753403,13533.790024715745
forecast_0024,2025-01-02 00:00:00,15436.611793682707,15640.155654326423,12593.016468502945
forecast_0025,2025-01-02 01:00:00,14059.11990013554,15165.174646968373,11725.407747665651
forecast_0026,2025-01-02 02:00:00,12995.709255111928,15115.951368730064,10773.773051898352
forecast_0027,2025-01-02 03:00:00,12489.462357367609,14805.897459719323,9608.867897939352
forecast_0028,2025-01-02 04:00:00,12735.348852278097,14075.090194968874,8469.37836290221
forecast_0029,2025-01-02 05:00:00,11820.804583597446,12101.292261581113,7596.519172201547
forecast_0030,2025-01-02 06:00:00,11425.95487680702,10719.154159444874,6598.504744259627
forecast_0031,2025-01-02 07:00:00,11254.692326118991,10200.506134773445,6508.660281855865
forecast_0032,2025-01-02 08:00:00,9885.579428691137,9249.650087682878,5751.1676911828745
forecast_0033,2025-01-02 09:00:00,8673.53307980557,8442.790710237998,5122.438065977684
forecast_0034,2025-01-02 10:00:00,6673.589254557882,6480.64352645571,4236.643967587844
forecast_0035,2025-01-02 11:00:00,5720.928960010531,5807.532057903985,3756.824300349029
forecast_0036,2025-01-02 12:00:00,5790.170333640763,5693.132077024433,3432.6720792689785
forecast_0037,2025-01-02 13:00:00,5782.59023243543,5142.652094272966,3224.5883017220026
forecast_0038,2025-01-02 14:00:00,6517.833208235038,5102.53750348138,3348.441703860392
forecast_0039,2025-01-02 15:00:00,7978.255539676881,5896.477368912324,4047.035304103165
forecast_0040,2025-01-02 16:00:00,9422.955038645165,7220.086154702157,4402.852879656454
forecast_0041,2025-01-02 17:00:00,10527.343187535675,8550.605786411332,5663.2444251796815
forecast_0042,2025-01-02 18:00:00,11357.995988760444,9366.57516390081,6492.187259026412
forecast_0043,2025-01-02 19:00:00,12580.616477240826,11171.0106422083,8728.500377031718
forecast_0044,2025-01-02 20:00:00,12650.220900555234,11784.113319339382,9170.447686492229
forecast_0045,2025-01-02 21:00:00,12930.758940080404,12462.3862107609,9712.305022128676
forecast_0046,2025-01-02 22:00:00,13271.367513267127,12797.978700517404,10352.707070599077
forecast_0047,2025-01-02 23:00:00,13455.330032035326,14197.216015549135,11268.827721893029
forecast_0048,2025-01-03 00:00:00,14022.292657833534,15145.221053555719,11168.5544512729
forecast_0049,2025-01-03 01:00:00,14295.71983086541,16434.291452615762,11903.003116468466
forecast_0050,2025-01-03 02:00:00,13985.358508825451,16410.02303264061,11627.428378127172
forecast_0051,2025-01-03 03:00:00,13909.549579720679,16151.407267870374,10816.759000064563
forecast_0052,2025-01-03 04:00:00,14031.661698805026,16657.397452172958,10743.271071734962
forecast_0053,2025-01-03 05:00:00,14513.379023776335,15979.978137287506,10189.601023188125
forecast_0054,2025-01-03 06:00:00,13923.860346852087,14910.5715387549,9085.94459986072
forecast_0055,2025-01-03 07:00:00,13249.112285243717,13014.734938910953,8241.354903570304
forecast_0056,2025-01-03 08:00:00,13425.741707518491,12800.970288563618,9288.947369180143
forecast_0057,2025-01-03 09:00:00,13098.061972416419,12674.695040793207,8805.89070367468
forecast_0058,2025-01-03 10:00:00,13167.838805153471,11862.598657326746,9078.66330294397
forecast_0059,2025-01-03 11:00:00,13861.140327106388,11853.500742440665,8860.264849284496
forecast_0060,2025-01-03 12:00:00,13559.03158103877,11369.355979498067,8428.018092871664
forecast_0061,2025-01-03 13:00:00,13502.923165387614,11267.33472590978,8554.113075435913
forecast_0062,2025-01-03 14:00:00,13569.26376912188,11332.802427294562,8507.58272090434
forecast_0063,2025-01-03 15:00:00,13883.81649761465,11309.852460549098,8799.428981894176
forecast_0064,2025-01-03 16:00:00,13764.947934114267,11266.50587635371,8995.296148034968
forecast_0065,2025-01-03 17:00:00,13614.697889498504,11018.835454146189,9068.696099769151
forecast_0066,2025-01-03 18:00:00,12350.407728241977,11145.985007269766,9100.012279612121
forecast_0067,2025-01-03 19:00:00,12611.032455769953,11517.858910180947,10572.218254290681
forecast_0068,2025-01-03 20:00:00,13154.228519072905,12472.234280096554,11565.556471813534
forecast_0069,2025-01-03 21:00:00,13583.976236067663,13203.275967449003,12131.769773312333
forecast_0070,2025-01-03 22:00:00,14219.20152058971,14050.523691303677,13329.508319482338
forecast_0071,2025-01-03 23:00:00,14504.832901455738,14225.525473430842,14000.265361709477
forecast_0072,2025-01-04 00:00:00,13932.960258909117,14597.52950577803,13914.302773016932
forecast_0073,2025-01-04 01:00:00,14949.17942628988,14517.335185063124,14695.42821890666
forecast_0074,2025-01-04 02:00:00,15036.180352238334,14685.449337119786,14777.733753167044
forecast_0075,2025-01-04 03:00:00,14973.986229143657,14895.388929305276,14519.823261217323
forecast_0076,2025-01-04 04:00:00,15308.126393172663,14907.117030965548,13763.048808557793
forecast_0077,2025-01-04 05:00:00,15945.418038886264,15202.785832878228,13523.00163756494
forecast_0078,2025-01-04 06:00:00,15998.491837451,15482.457468761819,13850.192729127939
forecast_0079,2025-01-04 07:00:00,15789.565011280103,15020.009113925355,13282.41399741277
forecast_0080,2025-01-04 08:00:00,15271.20063991015,14518.215642581828,12993.149883175594
forecast_0081,2025-01-04 09:00:00,15023.964405825232,14252.176991723169,12388.759901714375
forecast_0082,2025-01-04 10:00:00,13533.345588550676,13163.490261261122,11336.7702383556
forecast_0083,2025-01-04 11:00:00,12079.37126477089,11698.911501490807,10875.943989805122
forecast_0084,2025-01-04 12:00:00,12467.917393507078,11241.831237800423,10430.071949591495
forecast_0085,2025-01-04 13:00:00,12869.069835111684,11295.840403739483,9994.136313544168
forecast_0086,2025-01-04 14:00:00,12506.395285887,11975.906961372357,8380.985296996785
forecast_0087,2025-01-04 15:00:00,13420.772751431174,12785.353005743624,8606.77578848251
forecast_0088,2025-01-04 16:00:00,13706.703959762524,12785.982125317765,10369.203814806056
forecast_0089,2025-01-04 17:00:00,14583.743185877769,13266.279012514751,11856.648157825768
forecast_0090,2025-01-04 18:00:00,14845.627876049095,14155.00793333936,13082.604290781906
forecast_0091,2025-01-04 19:00:00,13681.885981522339,14812.4328485701,13245.286095981513
forecast_0092,2025-01-04 20:00:00,15658.681576956007,16458.93856619725,14915.75253137803
forecast_0093,2025-01-04 21:00:00,16185.612430717616,15948.905538286139,14857.565126767337
forecast_0094,2025-01-04 22:00:00,17128.052024911358,16961.289315629932,15370.83296146691
forecast_0095,2025-01-04 23:00:00,17673.331416556706,17437.826423825038,15004.105831906312
forecast_0096,2025-01-05 00:00:00,18237.690159895792,18129.826581474135,15120.084499707044
forecast_0097,2025-01-05 01:00:00,17860.771414330615,17106.493530925698,13498.13380707473
forecast_0098,2025-01-05 02:00:00,16561.582232761295,16980.08525311705,12399.273668534715
forecast_0099,2025-01-05 03:00:00,17080.94396563767,15953.676348962395,11602.26057262454
forecast_0100,2025-01-05 04:00:00,16217.203767680336,15292.032552859333,11072.541784275085
forecast_0101,2025-01-05 05:00:00,14446.997176958997,14373.119122417582,10951.711843062845
forecast_0102,2025-01-05 06:00:00,13299.371180063377,13606.674096161098,10674.595122336563
forecast_0103,2025-01-05 07:00:00,12947.598638022475,13243.84169462544,10434.90883312468
forecast_0104,2025-01-05 08:00:00,13355.111354275545,13099.32074121324,10855.98335296115
forecast_0105,2025-01-05 09:00:00,13047.958394423484,13309.581903489941,11316.054484063914
forecast_0106,2025-01-05 10:00:00,14471.584037915285,13830.208538723093,12689.551916826296
forecast_0107,2025-01-05 11:00:00,15457.898306334411,14461.018306109192,13611.895713774416
forecast_0108,2025-01-05 12:00:00,14770.264987917617,13653.39478490136,13593.113331638746
forecast_0109,2025-01-05 13:00:00,14903.103608639965,13725.789886463539,13675.456841963489
forecast_0110,2025-01-05 14:00:00,14523.637842383192,13461.920927132027,13024.193778465808
forecast_0111,2025-01-05 15:00:00,14446.182737783272,13386.584143593676,13221.14033325315
forecast_0112,2025-01-05 16:00:00,13444.72839552038,13079.851153013044,11940.685162416175
forecast_0113,2025-01-05 17:00:00,12828.916642651537,12534.505597415744,11364.044162589833
forecast_0114,2025-01-05 18:00:00,13203.254925586716,12099.173634357136,11263.430094533443
forecast_0115,2025-01-05 19:00:00,13886.585173963667,12928.660534227327,12632.657360624511
forecast_0116,2025-01-05 20:00:00,14514.19919852491,13720.603045599917,13911.485263631497
forecast_0117,2025-01-05 21:00:00,14001.06023960926,13246.653398148888,12895.32393939222
forecast_0118,2025-01-05 22:00:00,13969.440191941145,12647.649443410783,12605.660125186521
forecast_0119,2025-01-05 23:00:00,13753.163530796066,11605.140587558182,12480.262678383991
forecast_0120,2025-01-06 00:00:00,13329.014771060884,11364.752442971238,11799.102779939847
forecast_0121,2025-01-06 01:00:00,12655.303189155298,10561.339249118002,10179.626548187287
forecast_0122,2025-01-06 02:00:00,11372.341684191857,9599.475794868022,9199.760612670347
forecast_0123,2025-01-06 03:00:00,10190.014998911785,8434.138843996194,7750.536055123512
forecast_0124,2025-01-06 04:00:00,9691.638006124698,7850.248551850335,6889.780564491219
forecast_0125,2025-01-06 05:00:00,7582.838591466994,6348.918716034116,3770.694167012134
forecast_0126,2025-01-06 06:00:00,4070.540193843453,4944.259227719091,3502.408127109169
forecast_0127,2025-01-06 07:00:00,3738.456349707828,3651.114929182458,3552.1679662348065
forecast_0128,2025-01-06 08:00:00,3702.0416595071797,3798.711029403861,3558.5354936877734
forecast_0129,2025-01-06 09:00:00,4031.522828995172,4949.757578601236,3673.6130874833625
forecast_0130,2025-01-06 10:00:00,3830.738739283295,3871.293389315805,5104.368543028195
forecast_0131,2025-01-06 11:00:00,6514.736474082606,4715.920514462297,5140.595280815071
forecast_0132,2025-01-06 12:00:00,6671.506750629455,4769.522100349763,4887.468041449122
forecast_0133,2025-01-06 13:00:00,7829.404278984077,5703.2222123072725,4761.232504336321
forecast_0134,2025-01-06 14:00:00,8104.495364849016,5706.468873474654,4650.025063441097
forecast_0135,2025-01-06 15:00:00,8381.475705934772,6223.009644348357,4801.108416120845
forecast_0136,2025-01-06 16:00:00,10027.23258543942,7964.743762718855,5937.952966937486
forecast_0137,2025-01-06 17:00:00,11137.453992441515,9589.87571072374,7811.890011660606
forecast_0138,2025-01-06 18:00:00,12137.366725202377,10815.745163862037,10549.125678896726
forecast_0139,2025-01-06 19:00:00,13596.252941627115,12378.273906927927,11611.056873038619
forecast_0140,2025-01-06 20:00:00,13905.926260627866,13260.026256987663,13337.741828130123
forecast_0141,2025-01-06 21:00:00,14442.737599181695,13451.808416907274,14088.998564585923
forecast_0142,2025-01-06 22:00:00,14788.917669919601,14537.646772402255,15061.363870695219
forecast_0143,2025-01-06 23:00:00,15540.747157877338,14857.293789718095,15431.934778725705
forecast_0144,2025-01-07 00:00:00,16203.365492971445,15840.983045854275,15797.515797718484
forecast_0145,2025-01-07 01:00:00,17142.380957913643,16370.684569564282,16597.44249539871
forecast_0146,2025-01-07 02:00:00,17627.100611155594,17002.10702593632,16373.43395593114
forecast_0147,2025-01-07 03:00:00,17485.046785425297,17202.38234396349,16555.049036886197
forecast_0148,2025-01-07 04:00:00,16867.154148168214,17008.154273890836,15983.955884726485
forecast_0149,2025-01-07 05:00:00,16525.866833538134,17206.940509146527,16153.092804216367
forecast_0150,2025-01-07 06:00:00,16296.15904590906,17291.469832008148,15427.087895160554
forecast_0151,2025-01-07 07:00:00,16284.275451643494,17464.996285695786,15371.83113784878
forecast_0152,2025-01-07 08:00:00,15873.104143384064,17375.489853699495,14398.123118863272
forecast_0153,2025-01-07 09:00:00,15748.926742216765,17177.213275498543,13996.648154294408
forecast_0154,2025-01-07 10:00:00,15981.094999996238,17045.34236587363,13102.811456681293
forecast_0155,2025-01-07 11:00:00,16071.43849847915,17241.298565512403,13262.850576753908
forecast_0156,2025-01-07 12:00:00,16072.75238404852,17121.855505228654,13167.314260839159
forecast_0157,2025-01-07 13:00:00,16097.917991422584,17027.88444037738,12950.118464610317
forecast_0158,2025-01-07 14:00:00,15870.332113497663,16874.316140554733,12403.444956424657
forecast_0159,2025-01-07 15:00:00,15990.246858833601,17068.00145123457,12951.360278133352
forecast_0160,2025-01-07 16:00:00,15904.288632089616,17013.113605205384,12756.8218756302
forecast_0161,2025-01-07 17:00:00,16077.032103724852,17099.443359665733,13207.271061705245
forecast_0162,2025-01-07 18:00:00,16648.494829206025,17150.435844715073,14179.617202313682
forecast_0163,2025-01-07 19:00:00,17094.95744707715,17089.300255374343,15361.106475774037
forecast_0164,2025-01-07 20:00:00,17611.802633008847,17518.10295473677,16426.777318768018
forecast_0165,2025-01-07 21:00:00,17806.848415418128,17959.582932543304,16853.570353247953
forecast_0166,2025-01-07 22:00:00,18152.220076565674,18134.381250179842,16564.241749856137
forecast_0167,2025-01-07 23:00:00,18063.35685664731,18163.957068165764,16354.750406979318
forecast_0168,2025-01-08 00:00:00,16853.45619156797,17536.411628335136,15792.207827926917
forecast_0169,2025-01-08 01:00:00,15664.239956032221,17652.00699452298,15936.115471181321
forecast_0170,2025-01-08 02:00:00,15215.661124288737,17048.298300508846,15110.138064443707
forecast_0171,2025-01-08 03:00:00,15344.16825589503,16927.64309077243,15188.780310109498
forecast_0172,2025-01-08 04:00:00,15251.778001848246,16550.76040952993,13999.57083325012
forecast_0173,2025-01-08 05:00:00,14973.6334532321,16317.272168848767,13722.51924575929
forecast_0174,2025-01-08 06:00:00,15344.152568125328,16660.463065566215,14034.08030285463
forecast_0175,2025-01-08 07:00:00,15131.334223475447,15623.00514963229,14893.081261680001
forecast_0176,2025-01-08 08:00:00,14973.927460897909,15801.020848963672,14395.240394117362
forecast_0177,2025-01-08 09:00:00,15101.718807080442,15921.939862647834,14594.528575558916
forecast_0178,2025-01-08 10:00:00,15035.665722930711,15817.773565110978,14259.297301122708
forecast_0179,2025-01-08 11:00:00,15450.829541925494,15833.990161364269,14707.797601024577
forecast_0180,2025-01-08 12:00:00,15955.913090395508,16451.809879865734,15542.945851599305
forecast_0181,2025-01-08 13:00:00,15676.178635692124,16431.092328458286,15319.459495151685
forecast_0182,2025-01-08 14:00:00,15633.91149646917,16333.696616703399,15539.872247314392
forecast_0183,2025-01-08 15:00:00,15537.283375854211,16451.095447285697,15240.931794715181
forecast_0184,2025-01-08 16:00:00,15206.18091143791,16208.326494830493,14199.7243326185
forecast_0185,2025-01-08 17:00:00,15369.818096511717,16038.848261994352,14474.10494305313
forecast_0186,2025-01-08 18:00:00,15157.686344396127,16257.088945500911,14202.763229590153
forecast_0187,2025-01-08 19:00:00,15250.666304584493,16654.99566011587,15862.409774590269
forecast_0188,2025-01-08 20:00:00,15319.914685747286,16971.033328353846,16856.01798621937
forecast_0189,2025-01-08 21:00:00,15119.48790767406,17060.17203613802,16664.934229162038
forecast_0190,2025-01-08 22:00:00,15183.698318195484,16937.22643707806,15982.531774424888
forecast_0191,2025-01-08 23:00:00,15035.988508715014,17276.535101903548,15967.531841124011
forecast_0192,2025-01-09 00:00:00,14947.548670484734,18020.070189624665,16170.600816781549
forecast_0193,2025-01-09 01:00:00,14724.984142623784,16902.928823856302,15074.63991911781
forecast_0194,2025-01-09 02:00:00,14654.178325789559,16921.441056769203,14694.885558720634
forecast_0195,2025-01-09 03:00:00,15113.815983282799,16840.595044725604,13914.836280532207
forecast_0196,2025-01-09 04:00:00,15272.897643552464,16733.929690676625,13198.50771723266
forecast_0197,2025-01-09 05:00:00,14890.290346706573,16949.819974805847,12953.63089055072
forecast_0198,2025-01-09 06:00:00,14695.671093774747,16530.577798561982,12461.975280477938
forecast_0199,2025-01-09 07:00:00,14692.230234336792,16062.98024340435,11636.988347029603
forecast_0200,2025-01-09 08:00:00,14442.178709774345,15797.38014437115,11769.267721500624
forecast_0201,2025-01-09 09:00:00,14588.073564213892,16086.16399428845,11677.853228774435
forecast_0202,2025-01-09 10:00:00,14928.519981992831,16088.85427249133,12024.523556250784
forecast_0203,2025-01-09 11:00:00,14946.643573532334,16264.88428031747,12259.224383636223
forecast_0204,2025-01-09 12:00:00,14807.80087883957,16371.577880111761,12254.698163487801
forecast_0205,2025-01-09 13:00:00,14951.838558109434,16473.385677763596,12314.099646941517
forecast_0206,2025-01-09 14:00:00,15009.337478929316,15579.527202902815,11936.020112418058
forecast_0207,2025-01-09 15:00:00,14941.406800412926,15136.868094388115,10695.045312556946
forecast_0208,2025-01-09 16:00:00,14958.056223920728,14618.135463586876,10323.046989056435
forecast_0209,2025-01-09 17:00:00,15191.045532457376,14939.180176254598,10243.325077877395
forecast_0210,2025-01-09 18:00:00,15337.40009102976,14839.99406694919,10284.103828011344
forecast_0211,2025-01-09 19:00:00,15728.037366865503,14998.111448995649,10087.367533451981
forecast_0212,2025-01-09 20:00:00,15597.935165030385,15709.752153985151,9564.320410338476
forecast_0213,2025-01-09 21:00:00,16977.15411069668,17116.57107882467,11140.260460820444
forecast_0214,2025-01-09 22:00:00,18376.906161282128,18922.940408325776,11255.65850882714
forecast_0215,2025-01-09 23:00:00,19729.890266812963,19730.087370853485,13537.126448787765
forecast_0216,2025-01-10 00:00:00,19088.295740908976,19212.58320348262,13835.024867967775
forecast_0217,2025-01-10 01:00:00,17254.553063383784,17213.545882315237,11526.379802778154
forecast_0218,2025-01-10 02:00:00,17525.82497263962,17675.740433049312,12724.565269468976
forecast_0219,2025-01-10 03:00:00,17968.6909140811,16846.718758014144,13350.45832893671
forecast_0220,2025-01-10 04:00:00,17718.611933397784,16950.482474497672,13170.088680227858
forecast_0221,2025-01-10 05:00:00,17552.853276708523,16391.374610385952,12905.3369881043
forecast_0222,2025-01-10 06:00:00,16673.16002002666,15672.596220859801,12092.295114719667
forecast_0223,2025-01-10 07:00:00,15219.8468754618,15353.025785516626,10427.04578067318
forecast_0224,2025-01-10 08:00:00,13538.583497638223,12311.305286417451,8807.890935814998
forecast_0225,2025-01-10 09:00:00,11119.050564112991,8231.212849262489,7218.131526215012
forecast_0226,2025-01-10 10:00:00,7055.344658099967,5057.498657744137,5109.72454510545
forecast_0227,2025-01-10 11:00:00,5292.6863737449985,3139.1113876942254,3726.0891049274182
forecast_0228,2025-01-10 12:00:00,3492.059441546187,2484.6555610423525,3485.035673159873
forecast_0229,2025-01-10 13:00:00,3465.5951749786523,2626.2456834406144,3772.6488524247493
forecast_0230,2025-01-10 14:00:00,3455.2410079479496,2769.0742296954477,3764.7825461584534
forecast_0231,2025-01-10 15:00:00,3484.528479506886,2971.086790108137,4284.343895722694
forecast_0232,2025-01-10 16:00:00,3505.468182001699,3048.992500472194,4360.9540506985995
forecast_0233,2025-01-10 17:00:00,5293.172347327073,3531.810001220555,4742.755260030356
forecast_0234,2025-01-10 18:00:00,6896.217717435372,5138.292318092515,6220.934515111135
forecast_0235,2025-01-10 19:00:00,7408.87176796623,6116.126531579946,6642.887996901415
forecast_0236,2025-01-10 20:00:00,7836.698856655648,6926.062670215803,6993.056740013888
forecast_0237,2025-01-10 21:00:00,8242.523264838763,7303.321808323289,6741.887389686257
forecast_0238,2025-01-10 22:00:00,8494.526122130486,7661.284282881377,7381.955634112414
forecast_0239,2025-01-10 23:00:00,8951.859524231277,7360.587984259804,7836.844784198357
forecast_0240,2025-01-11 00:00:00,9316.726621451564,7351.458440322022,7869.689971979744
forecast_0241,2025-01-11 01:00:00,9697.429355308517,7104.996954098289,8019.942896242782
forecast_0242,2025-01-11 02:00:00,9152.193718647239,7197.296079746071,8352.162000463033
forecast_0243,2025-01-11 03:00:00,8763.12635185611,7087.679270000052,7850.0225634050375
forecast_0244,2025-01-11 04:00:00,9218.13038133522,7293.093444227316,7857.2289051593225
forecast_0245,2025-01-11 05:00:00,9168.46353951512,7258.502518648326,7489.862900872799
forecast_0246,2025-01-11 06:00:00,8384.15589697756,6163.431938370428,6949.303596929774
forecast_0247,2025-01-11 07:00:00,7453.385459589513,5873.937315034902,6589.403265661316
forecast_0248,2025-01-11 08:00:00,7281.706440210924,5458.155557303726,3707.652880699973
forecast_0249,2025-01-11 09:00:00,7074.898173185842,4978.2107254356015,3731.50552966583
forecast_0250,2025-01-11 10:00:00,3760.513189012751,3409.904653822916,3434.0026447979376
forecast_0251,2025-01-11 11:00:00,4756.060769422542,2662.4422623266155,3436.9364919761724
forecast_0252,2025-01-11 12:00:00,3758.4182577093065,3784.926612945314,3424.070793306655
forecast_0253,2025-01-11 13:00:00,3641.854259921416,3818.212491920699,3476.862645004544
forecast_0254,2025-01-11 14:00:00,3548.075705851495,3697.3757383283673,3524.8037052779177
forecast_0255,2025-01-11 15:00:00,3564.6690997118835,3596.024711937041,3440.5331743483453
forecast_0256,2025-01-11 16:00:00,3540.7797177904235,3583.132753986521,3397.945108670501
forecast_0257,2025-01-11 17:00:00,3676.6808356467463,3874.7984768043766,3997.8535977220795
forecast_0258,2025-01-11 18:00:00,6703.107384755472,5235.401800918355,6487.320879659803
forecast_0259,2025-01-11 19:00:00,7846.008614780496,6775.767790848124,6430.344558709519
forecast_0260,2025-01-11 20:00:00,8392.984959416142,7284.243746019671,7169.556150814348
forecast_0261,2025-01-11 21:00:00,9525.986724102573,7923.161805459193,7421.930531044141
forecast_0262,2025-01-11 22:00:00,11241.43953903979,9096.544568683223,9086.142442381411
forecast_0263,2025-01-11 23:00:00,13098.447138733874,10633.440914356244,9468.986189322575
forecast_0264,2025-01-12 00:00:00,14185.181340511754,12775.60222511327,9967.73066015131
forecast_0265,2025-01-12 01:00:00,13044.964850265518,11566.959204501625,8627.801317730193
forecast_0266,2025-01-12 02:00:00,13664.525911383274,12512.58056158683,9031.008137975827
forecast_0267,2025-01-12 03:00:00,14362.631674110628,13854.164074507285,9895.660426507742
forecast_0268,2025-01-12 04:00:00,14721.725636840449,14823.534252097143,10408.599150372147
forecast_0269,2025-01-12 05:00:00,14848.50146503767,15293.765537163792,10600.776364246718
forecast_0270,2025-01-12 06:00:00,15224.216509586844,16051.110862122034,10528.278963231432
forecast_0271,2025-01-12 07:00:00,15408.931716814626,16091.794582839104,11099.201905842965
forecast_0272,2025-01-12 08:00:00,15444.288212198346,15668.665060476202,10300.900145020638
forecast_0273,2025-01-12 09:00:00,15220.307291348841,16062.578901917901,10004.564450942386
forecast_0274,2025-01-12 10:00:00,13814.998638699346,15313.050740197687,9754.641543793208
forecast_0275,2025-01-12 11:00:00,13312.81325192077,14954.605381673293,9804.378761115706
forecast_0276,2025-01-12 12:00:00,11672.240509954281,13847.313787076351,8510.659652223469
forecast_0277,2025-01-12 13:00:00,11512.64346210876,12825.73175510963,8303.239362153454
forecast_0278,2025-01-12 14:00:00,12185.127123084436,13137.444011501439,8539.527321079042
forecast_0279,2025-01-12 15:00:00,13091.883911976482,13696.355779636704,8831.297493859787
forecast_0280,2025-01-12 16:00:00,13566.777596148133,15290.280739864955,9186.289402708906
forecast_0281,2025-01-12 17:00:00,13585.398764639429,15432.290421386218,10574.469602395835
forecast_0282,2025-01-12 18:00:00,14139.61758335894,16417.767045471624,11221.800048823901
forecast_0283,2025-01-12 19:00:00,15478.860329629473,17113.7021779513,10712.954832286789
forecast_0284,2025-01-12 20:00:00,16824.323885563877,17344.476412165244,11594.436400601026
forecast_0285,2025-01-12 21:00:00,17662.55937864835,17617.037745372865,11944.186582320392
forecast_0286,2025-01-12 22:00:00,17919.87042746551,18136.442416434445,12894.626441109987
forecast_0287,2025-01-12 23:00:00,17817.09517934058,18408.34200027259,12920.650690672051
forecast_0288,2025-01-13 00:00:00,17961.34240309616,18606.715059440132,13597.65305878101
forecast_0289,2025-01-13 01:00:00,18901.838704199177,19238.68618841729,15904.301032369116
forecast_0290,2025-01-13 02:00:00,19204.936066504302,19867.17758428478,16962.337098071708
forecast_0291,2025-01-13 03:00:00,19749.70641860169,20053.492391544412,17630.893219548423
forecast_0292,2025-01-13 04:00:00,19765.678177735575,20212.552833785005,18467.632265167347
forecast_0293,2025-01-13 05:00:00,19825.15764784371,20372.96906548583,18875.95175441904
forecast_0294,2025-01-13 06:00:00,19464.162729315976,20395.29783372482,18933.442123634468
forecast_0295,2025-01-13 07:00:00,19034.53067974154,20328.93137824222,19002.135126493395
forecast_0296,2025-01-13 08:00:00,18897.781827201783,20008.485853534712,17723.616410323684
forecast_0297,2025-01-13 09:00:00,18928.849402674055,19528.47879555826,17542.722155920044
forecast_0298,2025-01-13 10:00:00,17188.206019625908,17434.052803897775,16513.59709271873
forecast_0299,2025-01-13 11:00:00,16748.2871398126,16454.39649768974,16088.795543408747
forecast_0300,2025-01-13 12:00:00,16088.447221939545,15822.881898205133,14226.648710629792
forecast_0301,2025-01-13 13:00:00,14986.225819152543,14427.613282676792,12464.055257948476
forecast_0302,2025-01-13 14:00:00,14298.522438706574,12886.581485049188,11333.558934978668
forecast_0303,2025-01-13 15:00:00,13911.502513767757,12487.967350256244,11403.927157629712
forecast_0304,2025-01-13 16:00:00,13750.346080838086,13420.273914681124,11999.050677268928
forecast_0305,2025-01-13 17:00:00,14173.509583114746,13716.786390533513,11995.428272594945
forecast_0306,2025-01-13 18:00:00,14323.012723837626,14772.060146715852,12919.983928328193
forecast_0307,2025-01-13 19:00:00,14413.887921189706,15450.054028250797,14075.650695448501
forecast_0308,2025-01-13 20:00:00,15490.41215989608,16369.796386448414,15138.059095916857
forecast_0309,2025-01-13 21:00:00,16053.157623662339,17200.529959464213,15431.446248090004
forecast_0310,2025-01-13 22:00:00,16753.16590367461,17439.526718632977,15962.816669256177
forecast_0311,2025-01-13 23:00:00,17381.72122963182,17920.054849060565,17268.878275431278
forecast_0312,2025-01-14 00:00:00,17995.26460122829,19213.879851288715,17681.764849332994
forecast_0313,2025-01-14 01:00:00,17944.148865065206,19246.10784636981,17795.897207124468
forecast_0314,2025-01-14 02:00:00,17876.427150845724,18972.352292335458,17476.366391025753
forecast_0315,2025-01-14 03:00:00,18138.217727793988,19075.754510729435,18090.412013505895
forecast_0316,2025-01-14 04:00:00,18571.02735660878,19065.39368760469,17899.940656737876
forecast_0317,2025-01-14 05:00:00,18500.517057112815,18923.037133118076,18294.196611705018
forecast_0318,2025-01-14 06:00:00,18707.504471397588,19055.8349024099,18465.252358144324
forecast_0319,2025-01-14 07:00:00,18858.900791479726,19286.84488946218,18500.326491022483
forecast_0320,2025-01-14 08:00:00,18139.352942533747,18304.769068662896,16778.982400620313
forecast_0321,2025-01-14 09:00:00,16909.31381275156,18008.59559261328,15595.328423531386
forecast_0322,2025-01-14 10:00:00,16562.20429045457,17068.39058238917,15493.656318729103
forecast_0323,2025-01-14 11:00:00,15328.080935604628,15786.792523800612,14779.300752269239
forecast_0324,2025-01-14 12:00:00,14796.978622434945,14328.717591908544,13487.416259414782
forecast_0325,2025-01-14 13:00:00,14799.9523161239,14062.698704728116,13631.457748681833
forecast_0326,2025-01-14 14:00:00,14832.790643901059,13423.557290961087,13412.618913192995
forecast_0327,2025-01-14 15:00:00,14427.000955726578,12851.519865723783,13193.531344671612
forecast_0328,2025-01-14 16:00:00,14095.483626736072,12839.462197193016,12609.977530557764
forecast_0329,2025-01-14 17:00:00,13736.483309244459,12520.151135375942,11877.765914923139
forecast_0330,2025-01-14 18:00:00,13839.46528713231,12689.176719694904,11531.274991719216
forecast_0331,2025-01-14 19:00:00,13875.710707212167,13100.676537956018,12309.271968887644
forecast_0332,2025-01-14 20:00:00,13910.675371765197,13003.338844851427,12048.554096923284
forecast_0333,2025-01-14 21:00:00,13486.705743276405,12964.43246214301,11384.263763884108
forecast_0334,2025-01-14 22:00:00,13959.125116476898,14364.446194905518,12519.363999097932
forecast_0335,2025-01-14 23:00:00,13773.948977539449,14151.277395316902,11346.170907720387
forecast_0336,2025-01-15 00:00:00,13702.251821070691,13902.362222560314,11576.31978484351
forecast_0337,2025-01-15 01:00:00,13639.716048844517,14109.955843863818,11921.038796709665
forecast_0338,2025-01-15 02:00:00,13584.121235124663,13804.434018701293,10338.534638253503
forecast_0339,2025-01-15 03:00:00,13104.122645315747,13602.455195916955,8685.50455071507
forecast_0340,2025-01-15 04:00:00,13334.463394559918,14251.193177738074,9124.93350124275
forecast_0341,2025-01-15 05:00:00,13501.174937143529,13923.53780216475,8699.083845668636
forecast_0342,2025-01-15 06:00:00,13410.723804794146,13883.741791861159,8873.790485679843
forecast_0343,2025-01-15 07:00:00,13692.002508136906,14312.21825873234,9554.213645431904
forecast_0344,2025-01-15 08:00:00,13851.50557276399,14134.16305101915,10197.240801057866
forecast_0345,2025-01-15 09:00:00,13986.604162987976,14257.409921408254,10721.829055173916
forecast_0346,2025-01-15 10:00:00,13959.036561286031,13314.736805559894,10287.582841664313
forecast_0347,2025-01-15 11:00:00,14041.437572239727,13322.168561292656,10958.348973452823
forecast_0348,2025-01-15 12:00:00,13895.160898404083,13056.91159469148,10326.8463431807
forecast_0349,2025-01-15 13:00:00,13802.738785222908,12741.47230282806,9976.953451329944
forecast_0350,2025-01-15 14:00:00,13287.376734612546,11594.02204607806,9018.670464459017
forecast_0351,2025-01-15 15:00:00,13460.177606240088,11668.13854899772,8718.892882448927
forecast_0352,2025-01-15 16:00:00,13812.199250250353,12581.042384608094,9585.067080248493
forecast_0353,2025-01-15 17:00:00,14236.495573653883,13481.548081294926,11415.934159766855
forecast_0354,2025-01-15 18:00:00,15139.718879028655,15072.762868283298,12719.513681782844
forecast_0355,2025-01-15 19:00:00,16183.243546012707,17287.713583764755,14163.00008675127
forecast_0356,2025-01-15 20:00:00,16001.994308637872,17880.718282876518,15018.869807484096
forecast_0357,2025-01-15 21:00:00,16783.177149792522,19431.72019540979,15880.986609243326
forecast_0358,2025-01-15 22:00:00,17352.053173438933,19805.092448814023,17031.34411565472
forecast_0359,2025-01-15 23:00:00,18026.121378709537,19827.409161635216,18078.798768096844
forecast_0360,2025-01-16 00:00:00,18056.26259277566,19653.10657957287,18016.37121804272
forecast_0361,2025-01-16 01:00:00,18147.236325207643,19438.17762564445,17017.7431556403
forecast_0362,2025-01-16 02:00:00,18388.11728072051,19398.917793237844,17517.046383027024
forecast_0363,2025-01-16 03:00:00,17899.515919446236,19712.46337241228,17861.18128075985
forecast_0364,2025-01-16 04:00:00,17673.384989644575,19688.799331735998,17956.127746961876
forecast_0365,2025-01-16 05:00:00,17765.14735819599,19626.50322026166,18005.436488360407
forecast_0366,2025-01-16 06:00:00,17712.19719352745,19674.30475794046,17759.712825544226
forecast_0367,2025-01-16 07:00:00,17936.32939206695,19913.22269355477,18560.65318074341
forecast_0368,2025-01-16 08:00:00,18124.20623797704,20018.516519369612,17972.095306162853
forecast_0369,2025-01-16 09:00:00,18055.723172547023,19964.9469798534,17971.529026120454
forecast_0370,2025-01-16 10:00:00,18879.27966034241,20099.945385668674,18261.40497727316
forecast_0371,2025-01-16 11:00:00,18876.967660637954,19721.369104490048,18136.699529814166
forecast_0372,2025-01-16 12:00:00,18350.17146239776,18993.27865104396,16728.1384121197
forecast_0373,2025-01-16 13:00:00,17886.77187860836,17667.7872765422,16434.74358654157
forecast_0374,2025-01-16 14:00:00,17670.309471655823,17410.437361443437,16186.952032512494
forecast_0375,2025-01-16 15:00:00,17520.420540822775,17123.98143392443,15858.192684511536
forecast_0376,2025-01-16 16:00:00,17064.75549238876,16550.002598895902,15584.583349057413
forecast_0377,2025-01-16 17:00:00,16663.94480801809,16314.244442482566,15981.503691934526
forecast_0378,2025-01-16 18:00:00,16582.303270994198,16241.956669827596,15187.036512493089
forecast_0379,2025-01-16 19:00:00,15927.025137285227,15228.31069624945,13887.67263552508
forecast_0380,2025-01-16 20:00:00,13327.240301425112,11677.913495274626,11243.625956300302
forecast_0381,2025-01-16 21:00:00,10498.666214979956,8736.976488328117,9491.403141235318
forecast_0382,2025-01-16 22:00:00,9067.046544887147,7511.074571555322,7692.959984012105
forecast_0383,2025-01-16 23:00:00,7360.197981059754,5596.895115130122,5752.803336776343
forecast_0384,2025-01-17 00:00:00,5514.0311566832,3614.7928023883146,4990.540352024617
forecast_0385,2025-01-17 01:00:00,3713.8145539147254,3551.5344210141684,3493.794459066482
forecast_0386,2025-01-17 02:00:00,3626.823102843119,3539.42908310727,3386.062965230488
forecast_0387,2025-01-17 03:00:00,3507.562053797706,3473.9788844029013,3368.4103921267074
forecast_0388,2025-01-17 04:00:00,3490.078802059044,3488.4972829136796,3368.260673100518
forecast_0389,2025-01-17 05:00:00,3508.2740351324637,3494.1284543933893,3365.840596030182
forecast_0390,2025-01-17 06:00:00,3538.62478331091,3481.680485154118,3362.9371535409878
forecast_0391,2025-01-17 07:00:00,3518.5427313657415,3522.155768177697,3363.1250249219115
forecast_0392,2025-01-17 08:00:00,3519.0038650571605,3520.3837769133434,3363.5374745445824
forecast_0393,2025-01-17 09:00:00,3501.11247083341,3510.576008732306,3362.127152484542
forecast_0394,2025-01-17 10:00:00,3477.4403347916195,3497.932396333969,3362.1806140568056
forecast_0395,2025-01-17 11:00:00,3476.42161652051,3498.053388117617,3368.5436818758503
forecast_0396,2025-01-17 12:00:00,3471.38374226968,3488.178615973514,3383.3371661454976
forecast_0397,2025-01-17 13:00:00,3470.4366617577343,3475.1444042221287,3381.17672414301
forecast_0398,2025-01-17 14:00:00,3474.777845051243,3477.8227833265173,3392.1295340933584
forecast_0399,2025-01-17 15:00:00,3489.052173717305,3495.567103483804,3373.8045044078262
forecast_0400,2025-01-17 16:00:00,3518.136800633639,3533.9363581797747,3438.2803200968347
forecast_0401,2025-01-17 17:00:00,5420.452111016934,4122.248067931006,3627.779170844112
forecast_0402,2025-01-17 18:00:00,7073.640970549566,5855.8541028853015,5574.448162307174
forecast_0403,2025-01-17 19:00:00,8839.62668744506,7996.305725826565,6722.80277016124
forecast_0404,2025-01-17 20:00:00,11158.533101073299,10511.89612423484,7769.902007908857
forecast_0405,2025-01-17 21:00:00,13113.166873145674,12432.214895542329,10137.433174495807
forecast_0406,2025-01-17 22:00:00,14521.021337044056,14015.994565926054,10920.78226231679
forecast_0407,2025-01-17 23:00:00,15592.236739681226,14228.690706575688,11505.872188773705
forecast_0408,2025-01-18 00:00:00,15927.58287097932,14257.674563327631,11922.876566044546
forecast_0409,2025-01-18 01:00:00,14023.922723717758,12490.099945512622,11399.520017664592
forecast_0410,2025-01-18 02:00:00,14198.151950458016,12423.228627621622,11375.131587603659
forecast_0411,2025-01-18 03:00:00,15943.092259751245,13166.361951758041,11782.099452705139
forecast_0412,2025-01-18 04:00:00,16499.03592165258,13683.349661413935,12207.75363192319
forecast_0413,2025-01-18 05:00:00,16306.525995524624,13814.222891388672,11906.038525402202
forecast_0414,2025-01-18 06:00:00,15220.942873853632,12935.283254940123,10143.637898468634
forecast_0415,2025-01-18 07:00:00,13658.498440759942,11115.871090676392,8881.390222927772
forecast_0416,2025-01-18 08:00:00,11109.84658182231,8818.081246933476,6950.339611883398
forecast_0417,2025-01-18 09:00:00,8118.144680541431,5709.8240018522,5174.50803702893
forecast_0418,2025-01-18 10:00:00,5835.838569417504,4317.8967710703155,3687.5614592086517
forecast_0419,2025-01-18 11:00:00,3855.5114045122355,3839.66308208084,3603.230625591847
forecast_0420,2025-01-18 12:00:00,5702.8337489879705,4285.0287659886235,3758.178609836257
forecast_0421,2025-01-18 13:00:00,4014.276758869216,4655.650028668688,3747.7915110155113
forecast_0422,2025-01-18 14:00:00,3873.6151863444875,4258.283062973136,3712.571102799587
forecast_0423,2025-01-18 15:00:00,5985.810559187037,4552.771619910798,3494.8050523337565
forecast_0424,2025-01-18 16:00:00,4101.414259122998,4985.586349145127,3865.7629213948085
forecast_0425,2025-01-18 17:00:00,10503.596177725363,8220.591548242111,6306.368761369856
forecast_0426,2025-01-18 18:00:00,15215.085900438504,11861.172449353715,10183.731752253898
forecast_0427,2025-01-18 19:00:00,16538.824121774916,14919.698683653034,12164.940396058595
forecast_0428,2025-01-18 20:00:00,17824.193770225822,17189.5984577982,13614.810291384312
forecast_0429,2025-01-18 21:00:00,18791.295205368646,18746.255411012797,14850.470132136477
forecast_0430,2025-01-18 22:00:00,19757.894188309096,19052.50562485223,15761.350599411615
forecast_0431,2025-01-18 23:00:00,19672.676815663737,19122.209345192696,14275.640126058042
forecast_0432,2025-01-19 00:00:00,19369.67141862211,18970.050135471658,13921.163757888851
forecast_0433,2025-01-19 01:00:00,18167.256538036137,18194.809965576987,13914.273236825036
forecast_0434,2025-01-19 02:00:00,18478.520082769228,18573.037945349814,13672.277838684251
forecast_0435,2025-01-19 03:00:00,19288.023767454222,18893.808656055247,14005.781044099238
forecast_0436,2025-01-19 04:00:00,19937.38062600091,19291.517458002076,14941.223327999642
forecast_0437,2025-01-19 05:00:00,19972.193916970125,19590.60127232354,15453.369033983301
forecast_0438,2025-01-19 06:00:00,19677.876693415084,19487.969097991037,16073.918026493791
forecast_0439,2025-01-19 07:00:00,19226.118972843964,19511.636844079618,16002.716982998965
forecast_0440,2025-01-19 08:00:00,18391.418392897147,19367.493366066537,14491.617565483004
forecast_0441,2025-01-19 09:00:00,16453.354442702414,18889.247515850795,13730.09779735405
forecast_0442,2025-01-19 10:00:00,14300.822121842719,17244.87306169043,11807.035915980725
forecast_0443,2025-01-19 11:00:00,12413.216316836522,15255.123770158405,10329.610356354598
forecast_0444,2025-01-19 12:00:00,10643.092919336135,13656.27323383999,8091.575432550777
forecast_0445,2025-01-19 13:00:00,10261.271772254444,12269.912658696629,6914.054642395154
forecast_0446,2025-01-19 14:00:00,9448.832282538939,11272.925757595287,5883.220495623964
forecast_0447,2025-01-19 15:00:00,8628.647391846274,10273.773981376338,4335.5036925878085
forecast_0448,2025-01-19 16:00:00,9286.167610289041,10059.883259223088,5076.566953371365
forecast_0449,2025-01-19 17:00:00,10878.813958411187,10551.870097503926,6057.609128738804
forecast_0450,2025-01-19 18:00:00,11742.014985873335,11299.082849833054,7054.058021279032
forecast_0451,2025-01-19 19:00:00,12938.929927534264,12435.518106356549,7411.722899887705
forecast_0452,2025-01-19 20:00:00,12446.162853567399,11568.640022883423,7258.440998648588
forecast_0453,2025-01-19 21:00:00,11845.224940624857,10595.037810860213,7360.012408002091
forecast_0454,2025-01-19 22:00:00,10299.418457490368,9710.663839151792,8244.706227130928
forecast_0455,2025-01-19 23:00:00,10416.72616875153,8730.664882019979,7878.660716497848
forecast_0456,2025-01-20 00:00:00,9471.255496651445,8508.804137483836,7456.729564743359
forecast_0457,2025-01-20 01:00:00,8853.540554573021,6675.327971907423,6375.481579532557
forecast_0458,2025-01-20 02:00:00,8328.46074413607,6114.861004894784,5529.790483904469
forecast_0459,2025-01-20 03:00:00,7129.216504990202,5637.145587810049,5172.973535377138
forecast_0460,2025-01-20 04:00:00,6078.4974927292915,4752.862259377454,4501.975460304809
forecast_0461,2025-01-20 05:00:00,5651.583257762625,3468.081751854871,3729.9717839161076
forecast_0462,2025-01-20 06:00:00,3570.939683188372,3656.538495119603,3472.274842382714
forecast_0463,2025-01-20 07:00:00,3505.7861377343256,3536.8515717595565,3386.3481979366397
forecast_0464,2025-01-20 08:00:00,3466.434979309805,3467.6323395282834,3362.469826871589
forecast_0465,2025-01-20 09:00:00,3463.847169466716,3465.5538518014855,3363.206571482624
forecast_0466,2025-01-20 10:00:00,3458.807869378667,3460.5957270189033,3361.6335684482824
forecast_0467,2025-01-20 11:00:00,3456.849115246494,3456.924359892607,3360.5441019595023
forecast_0468,2025-01-20 12:00:00,3456.98401038975,3457.2401641829,3360.1766422679443
forecast_0469,2025-01-20 13:00:00,3456.5061397255113,3456.564288079095,3360.612550497171
forecast_0470,2025-01-20 14:00:00,3456.577302891258,3456.5000041490134,3360.3096897190226
forecast_0471,2025-01-20 15:00:00,3456.80909440238,3456.36088742467,3360.62233719394
forecast_0472,2025-01-20 16:00:00,3457.4533171754933,3457.344133623372,3362.2905134740736
forecast_0473,2025-01-20 17:00:00,3457.3758571291824,3458.65957209898,3361.9305357349076
forecast_0474,2025-01-20 18:00:00,3458.625313087246,3461.034712868227,3360.6673643635595
forecast_0475,2025-01-20 19:00:00,3458.082021589239,3461.2033402109746,3361.1420495327598
forecast_0476,2025-01-20 20:00:00,3459.669432924446,3462.307577911797,3361.151954439839
forecast_0477,2025-01-20 21:00:00,3460.9141694936193,3464.2460363546998,3369.7692732373025
forecast_0478,2025-01-20 22:00:00,3473.6712732397687,3492.5849854783733,3385.729694119544
forecast_0479,2025-01-20 23:00:00,3472.852702319906,3475.1788398319654,3382.6016275103707
forecast_0480,2025-01-21 00:00:00,3491.105119314638,3485.577256580638,3383.3756175920284
forecast_0481,2025-01-21 01:00:00,3503.99786606235,3527.5537376640114,3450.5165396472985
forecast_0482,2025-01-21 02:00:00,3571.5525918528656,3594.76939209851,3409.3790815450643
forecast_0483,2025-01-21 03:00:00,3686.441650682913,3712.3450482993167,3509.5534290716896
forecast_0484,2025-01-21 04:00:00,3671.657829855659,3705.051718065471,3522.3455736255974
forecast_0485,2025-01-21 05:00:00,3686.374962248986,3717.9586500299856,3483.982186950333
forecast_0486,2025-01-21 06:00:00,3677.7452873730094,3741.6275422258173,3491.7670074484495
forecast_0487,2025-01-21 07:00:00,3623.3748660541078,3595.916347727056,3546.531366883536
forecast_0488,2025-01-21 08:00:00,3606.8721933550996,3613.176057173173,3501.9230626500876
forecast_0489,2025-01-21 09:00:00,3583.9704816481253,3593.4366240284726,3481.50568354674
forecast_0490,2025-01-21 10:00:00,3504.747651538134,3485.5221562433394,3377.3593964228944
forecast_0491,2025-01-21 11:00:00,3490.5445049146765,3484.7352463837556,3371.4031503810083
forecast_0492,2025-01-21 12:00:00,3530.2463769769984,3624.914051847892,3383.6976418620243
forecast_0493,2025-01-21 13:00:00,3517.0998567249267,3610.1391869677304,3407.1331861732197
forecast_0494,2025-01-21 14:00:00,3663.455079867132,3683.3753361376876,3413.5418710253502
forecast_0495,2025-01-21 15:00:00,3755.5259184026027,3779.1967496746297,3411.235643242915
forecast_0496,2025-01-21 16:00:00,5321.839380719019,4322.098406092919,3743.116999889899
forecast_0497,2025-01-21 17:00:00,6536.671437232889,5727.767513086454,4343.454055939844
forecast_0498,2025-01-21 18:00:00,8893.06260652359,7454.605267845769,6573.684324322813
forecast_0499,2025-01-21 19:00:00,10887.01618079568,11031.948731609988,7947.2234003380645
forecast_0500,2025-01-21 20:00:00,12214.559978398926,12619.105975337867,8821.738449270511
forecast_0501,2025-01-21 21:00:00,13219.63467551207,14039.427826191908,8616.407804336215
forecast_0502,2025-01-21 22:00:00,12777.007505735717,14238.568728205943,9267.38754928001
forecast_0503,2025-01-21 23:00:00,12822.516271561572,14638.446091172676,9842.65514827262
forecast_0504,2025-01-22 00:00:00,13418.626275353276,14724.77315128739,8768.32867419739
forecast_0505,2025-01-22 01:00:00,12803.118335880512,14163.032915869348,8579.524490178555
forecast_0506,2025-01-22 02:00:00,13129.937902560196,14744.436899179325,9005.956949632211
forecast_0507,2025-01-22 03:00:00,14463.526403491269,15226.057926897722,10453.82510410439
forecast_0508,2025-01-22 04:00:00,14649.39440470679,14877.331946684324,11482.132472897938
forecast_0509,2025-01-22 05:00:00,14163.349882107033,14833.207142296164,11797.958569721857
forecast_0510,2025-01-22 06:00:00,14788.532088067293,14878.76657362988,12698.2232174371
forecast_0511,2025-01-22 07:00:00,14099.194734409235,14129.145325785248,12252.613251224695
forecast_0512,2025-01-22 08:00:00,13883.774764497832,13511.77507143869,12446.887158318716
forecast_0513,2025-01-22 09:00:00,13421.044879908815,13120.212588511225,11657.231497509842
forecast_0514,2025-01-22 10:00:00,12193.975970253683,10870.866429538508,10306.922311546985
forecast_0515,2025-01-22 11:00:00,10463.983005889939,8880.937014116005,8931.305223729652
forecast_0516,2025-01-22 12:00:00,8597.696072499533,7494.25257710883,7792.226669843343
forecast_0517,2025-01-22 13:00:00,7814.449968553569,6245.695932016475,6471.855759173224
forecast_0518,2025-01-22 14:00:00,7431.6590501236315,5956.363702752484,5244.843215269825
forecast_0519,2025-01-22 15:00:00,7132.6979125686785,5800.072476483176,4553.335763414221
forecast_0520,2025-01-22 16:00:00,7618.653030290669,6560.556796534828,5263.308500620106
forecast_0521,2025-01-22 17:00:00,8001.4701286702575,6205.667113477642,4887.67102268556
forecast_0522,2025-01-22 18:00:00,10012.53940485626,8684.500216795403,7157.560236480691
forecast_0523,2025-01-22 19:00:00,10286.906066395626,9707.316904889003,7584.194713564372
forecast_0524,2025-01-22 20:00:00,10083.52814049629,10298.126349454747,7103.41972907123
forecast_0525,2025-01-22 21:00:00,10473.101327684013,10657.22344284844,7183.677313639514
forecast_0526,2025-01-22 22:00:00,10569.190582973635,11018.839249880348,7236.2885038534105
forecast_0527,2025-01-22 23:00:00,10744.456977859287,11683.99229753303,7501.465235115837
forecast_0528,2025-01-23 00:00:00,11175.827537246623,12189.252153060124,7825.923859457
forecast_0529,2025-01-23 01:00:00,13156.827095355331,15106.321329948154,9420.63182428425
forecast_0530,2025-01-23 02:00:00,13172.898984643078,15563.81231028193,9775.232436845072
forecast_0531,2025-01-23 03:00:00,13132.54030476922,15618.708775978836,10115.889184940948
forecast_0532,2025-01-23 04:00:00,13550.627856212548,15444.589594216852,9298.205499185564
forecast_0533,2025-01-23 05:00:00,13127.550654352312,14617.87352358191,8510.037759015097
forecast_0534,2025-01-23 06:00:00,11731.85430421135,13682.238896177783,7914.442450114446
forecast_0535,2025-01-23 07:00:00,10941.231093239217,12451.16615095917,6734.003012874101
forecast_0536,2025-01-23 08:00:00,9595.271712268,11152.323305054715,6124.604685468043
forecast_0537,2025-01-23 09:00:00,8352.053815574269,8488.68303624651,5012.679004668772
forecast_0538,2025-01-23 10:00:00,6205.108376586084,5799.766131945274,3520.7421252049994
forecast_0539,2025-01-23 11:00:00,5043.4618479283745,3806.0074867326557,3463.6802063615037
forecast_0540,2025-01-23 12:00:00,3599.9475978345827,3680.783313527875,3500.6385154752356
forecast_0541,2025-01-23 13:00:00,3612.695745823293,3615.256145609071,3594.502326281259
forecast_0542,2025-01-23 14:00:00,3687.865792131893,3610.6029363973926,3706.368450613591
forecast_0543,2025-01-23 15:00:00,3644.6977630912966,3584.7605623527943,3622.0683975595975
forecast_0544,2025-01-23 16:00:00,3514.7655639544655,3528.6155196025866,3386.9405302838486
forecast_0545,2025-01-23 17:00:00,3525.016221032537,3490.99533353793,3373.1376734112896
forecast_0546,2025-01-23 18:00:00,3620.490976563177,3621.258918736898,3384.88300719833
forecast_0547,2025-01-23 19:00:00,3712.822042654145,3863.912326515397,3447.284630804544
forecast_0548,2025-01-23 20:00:00,3398.884029811531,2681.537099258305,3471.1975474181872
forecast_0549,2025-01-23 21:00:00,3664.884405095226,3737.251562009046,3417.379697737232
forecast_0550,2025-01-23 22:00:00,3708.2218840266123,3822.1389284440306,3435.5006565788194
forecast_0551,2025-01-23 23:00:00,3554.7057192598245,3181.5752955444505,3632.5215587274383
forecast_0552,2025-01-24 00:00:00,3454.990993582062,2718.3784035292947,3503.1561096525143
forecast_0553,2025-01-24 01:00:00,3539.1935704173093,3623.9047401397015,3373.280935842659
forecast_0554,2025-01-24 02:00:00,3509.67910781082,3579.062634757579,3367.2730811085607
forecast_0555,2025-01-24 03:00:00,3523.255579880453,3575.663045972143,3371.4683942073243
forecast_0556,2025-01-24 04:00:00,3556.7580990880165,3571.903860720107,3363.40160864121
forecast_0557,2025-01-24 05:00:00,3489.756675469989,3509.6502874117764,3361.6115384240784
forecast_0558,2025-01-24 06:00:00,3493.0529189605963,3490.9059669079197,3360.663647701035
forecast_0559,2025-01-24 07:00:00,3501.1302366222876,3497.871195036625,3361.0860128729432
forecast_0560,2025-01-24 08:00:00,3475.3678310806254,3478.5912460235086,3360.2213196061725
forecast_0561,2025-01-24 09:00:00,3472.5227047111607,3470.8712518901993,3360.277790113959
forecast_0562,2025-01-24 10:00:00,3457.858961505126,3457.6006406697993,3360.4574954333016
forecast_0563,2025-01-24 11:00:00,3457.025169384609,3456.6736277098144,3360.212494852345
forecast_0564,2025-01-24 12:00:00,3457.30547729008,3456.773696243918,3360.3512403055056
forecast_0565,2025-01-24 13:00:00,3457.276336533214,3456.9839418764877,3360.577951188236
forecast_0566,2025-01-24 14:00:00,3457.3080952049436,3456.9384078602175,3361.8561569359053
forecast_0567,2025-01-24 15:00:00,3456.902731573657,3456.645323165383,3360.8789289672973
forecast_0568,2025-01-24 16:00:00,3456.491561028727,3456.330073088421,3360.5925372387173
forecast_0569,2025-01-24 17:00:00,3456.670123328435,3457.2869174302446,3362.4643257366943
forecast_0570,2025-01-24 18:00:00,3458.2823048757987,3460.7533818137445,3365.506567238341
forecast_0571,2025-01-24 19:00:00,3472.5678820361636,3502.781827235545,3366.267345443283
forecast_0572,2025-01-24 20:00:00,3494.756598881511,3547.666174002559,3365.36633791218
forecast_0573,2025-01-24 21:00:00,3476.109989145029,3504.009644271775,3369.528686356768
forecast_0574,2025-01-24 22:00:00,3486.124463147939,3510.470603178531,3369.4688538117007
forecast_0575,2025-01-24 23:00:00,3506.3670385069217,3588.991422486402,3402.8993036088723
forecast_0576,2025-01-25 00:00:00,3540.237909621996,3611.7623212337967,3398.75027840963
forecast_0577,2025-01-25 01:00:00,3550.3496891551854,3670.1466730977177,3393.4121297024876
forecast_0578,2025-01-25 02:00:00,3489.6100993594346,3544.3527035216193,3410.1122228849617
forecast_0579,2025-01-25 03:00:00,3515.451056699781,3615.471594157382,3435.6353648900413
forecast_0580,2025-01-25 04:00:00,3517.189584843455,3622.4732085474666,3398.8200083562565
forecast_0581,2025-01-25 05:00:00,3498.4775422700754,3547.185032158883,3420.7261642014155
forecast_0582,2025-01-25 06:00:00,3490.6538000549835,3546.0829529989874,3425.0181318685923
forecast_0583,2025-01-25 07:00:00,3477.3543813705155,3519.142077596419,3400.660652158994
forecast_0584,2025-01-25 08:00:00,3477.4278733008937,3506.4513212442425,3395.8761165883648
forecast_0585,2025-01-25 09:00:00,3487.792833216247,3495.1853714242693,3388.2108083156018
forecast_0586,2025-01-25 10:00:00,3507.5402638822243,3527.7743181487513,3398.281580966355
forecast_0587,2025-01-25 11:00:00,3502.2535820555295,3557.1035573406366,3426.49133420613
forecast_0588,2025-01-25 12:00:00,3489.3026238285756,3532.5107335952766,3398.606855813292
forecast_0589,2025-01-25 13:00:00,3479.9527032611895,3526.874163383935,3411.595180143664
forecast_0590,2025-01-25 14:00:00,3474.283241951234,3493.5757118149963,3407.455210057311
forecast_0591,2025-01-25 15:00:00,3468.095524007292,3497.808641701119,3385.8554485738928
forecast_0592,2025-01-25 16:00:00,3469.172677985525,3490.4323232266147,3383.552900578624
forecast_0593,2025-01-25 17:00:00,3473.0352390814865,3509.2780453460373,3383.3616637574114
forecast_0594,2025-01-25 18:00:00,3477.0889876344627,3521.958126999136,3395.3065312623694
forecast_0595,2025-01-25 19:00:00,3490.5705440515076,3545.0878392616123,3402.8439314974275
forecast_0596,2025-01-25 20:00:00,3502.987453065497,3545.295908239903,3420.483961907941
forecast_0597,2025-01-25 21:00:00,3495.4916190440576,3515.235178215659,3407.2546967013536
forecast_0598,2025-01-25 22:00:00,3597.086316284352,3525.3263002976487,3400.503459474559
forecast_0599,2025-01-25 23:00:00,3572.6353668846064,3539.2969442640747,3450.2978624040575
forecast_0600,2025-01-26 00:00:00,3557.7449628588806,3576.7664680168496,3412.0430807514053
forecast_0601,2025-01-26 01:00:00,3589.699141640472,3673.4193023469074,3460.1169090586245
forecast_0602,2025-01-26 02:00:00,3532.356947136138,3575.0471057340224,3438.371017273377
forecast_0603,2025-01-26 03:00:00,3505.745296446658,3514.944418028649,3465.9244744197977
forecast_0604,2025-01-26 04:00:00,3559.2772737464697,3562.7745824737804,3435.9978706848906
forecast_0605,2025-01-26 05:00:00,3509.2745551435783,3572.6888340701885,3444.6260954926656
forecast_0606,2025-01-26 06:00:00,3490.117023749566,3563.1245655939083,3438.821999091746
forecast_0607,2025-01-26 07:00:00,3502.9730469527385,3581.277840209608,3488.450346514828
forecast_0608,2025-01-26 08:00:00,3485.1479343214914,3521.0386778382112,3421.9278590895874
forecast_0609,2025-01-26 09:00:00,3487.195770942754,3503.0768805083985,3389.707786029984
forecast_0610,2025-01-26 10:00:00,3498.792016528088,3502.3274091154417,3374.4252950850796
forecast_0611,2025-01-26 11:00:00,3473.462774424293,3496.4881135296873,3367.6309175917854
forecast_0612,2025-01-26 12:00:00,3470.4928777228947,3507.5767051967673,3366.043176182627
forecast_0613,2025-01-26 13:00:00,3459.52447110787,3461.829625015838,3362.1903885705524
forecast_0614,2025-01-26 14:00:00,3457.647742248017,3457.7196304160425,3360.8359371245547
forecast_0615,2025-01-26 15:00:00,3456.417352030695,3456.4055632408117,3361.1263709187756
forecast_0616,2025-01-26 16:00:00,3456.63553046915,3457.111532612692,3361.0913599889714
forecast_0617,2025-01-26 17:00:00,3457.486580934273,3457.852096541293,3360.5118981970627
forecast_0618,2025-01-26 18:00:00,3459.0857123971564,3459.7796052518593,3360.21420831124
forecast_0619,2025-01-26 19:00:00,3460.985913927208,3464.0232690095218,3360.425936948612
forecast_0620,2025-01-26 20:00:00,3466.833696187494,3472.5447878615573,3360.7775045836634
forecast_0621,2025-01-26 21:00:00,3477.1763797883955,3513.0730470981352,3361.7873114354443
forecast_0622,2025-01-26 22:00:00,3467.6129789908005,3475.6336756546775,3364.7273132250607
forecast_0623,2025-01-26 23:00:00,3472.42962355637,3480.986978028006,3364.294305885959
forecast_0624,2025-01-27 00:00:00,3494.8183507102335,3543.419302734536,3371.3670479814928
forecast_0625,2025-01-27 01:00:00,3508.9157978580615,3473.1271563027576,3363.636686260065
forecast_0626,2025-01-27 02:00:00,3502.526356938855,3479.8095711672327,3366.6020363913267
forecast_0627,2025-01-27 03:00:00,3588.629652357745,3517.3432321388996,3365.2890148192682
forecast_0628,2025-01-27 04:00:00,3644.115094354274,3586.769430068318,3385.1748768252146
forecast_0629,2025-01-27 05:00:00,3771.2901653770336,3629.006910876586,3413.8084853698083
forecast_0630,2025-01-27 06:00:00,3678.983446476173,3627.4622625629872,3411.654961955951
forecast_0631,2025-01-27 07:00:00,3691.597602075514,3775.335313749982,3379.951976279804
forecast_0632,2025-01-27 08:00:00,3677.35663092573,3779.8225677195865,3403.9910558585034
forecast_0633,2025-01-27 09:00:00,3815.2043820637205,3760.639486605139,3561.1947173915196
forecast_0634,2025-01-27 10:00:00,3631.179201829257,3736.571083584814,3420.721961977027
forecast_0635,2025-01-27 11:00:00,3664.556080236553,3531.381033418706,3572.8052376686173
forecast_0636,2025-01-27 12:00:00,7916.700407444883,6111.187487129575,8224.004273653518
forecast_0637,2025-01-27 13:00:00,11799.878753529394,8066.0103156131945,11514.91758865599
forecast_0638,2025-01-27 14:00:00,14512.467121771606,12782.417914722006,13747.25111704221
forecast_0639,2025-01-27 15:00:00,16455.533675239993,15204.347636483284,15295.981982416235
forecast_0640,2025-01-27 16:00:00,17545.088157860588,17144.33983419385,16660.01115011528
forecast_0641,2025-01-27 17:00:00,17342.515419457537,17608.313525789403,15946.391249674456
forecast_0642,2025-01-27 18:00:00,17229.231334371878,16773.40983093086,15017.964234062238
forecast_0643,2025-01-27 19:00:00,17173.275307803448,16415.139636726646,15497.263870027624
forecast_0644,2025-01-27 20:00:00,17063.8776243371,16324.39416083617,15529.110034471352
forecast_0645,2025-01-27 21:00:00,17129.881961408737,16622.314001450246,15454.189360706647
forecast_0646,2025-01-27 22:00:00,17285.341673578176,17568.555799015976,15830.415711179323
forecast_0647,2025-01-27 23:00:00,17202.04658314957,17262.240790585456,15701.28253681691
forecast_0648,2025-01-28 00:00:00,17454.440054228446,17476.104127885377,16037.121399985039
forecast_0649,2025-01-28 01:00:00,17246.52714797923,17300.343746238406,15905.503656572191
forecast_0650,2025-01-28 02:00:00,17088.526498609845,16985.339301065054,15616.051464607332
forecast_0651,2025-01-28 03:00:00,17188.656974467624,16328.454919821223,16043.079393441274
forecast_0652,2025-01-28 04:00:00,17230.709849702354,16523.70571681665,15695.04035896637
forecast_0653,2025-01-28 05:00:00,16965.596019027053,16587.435551155322,16403.753229725993
forecast_0654,2025-01-28 06:00:00,17233.869609930476,16473.17805002922,16695.719998470453
forecast_0655,2025-01-28 07:00:00,16953.81003092512,16361.901394564356,17431.717690643458
forecast_0656,2025-01-28 08:00:00,17103.440235549013,16238.359319936511,16045.542481674745
forecast_0657,2025-01-28 09:00:00,17470.31652208718,16363.637261760352,15716.93682586094
forecast_0658,2025-01-28 10:00:00,17091.346766637846,16063.512718101165,15739.271285141498
forecast_0659,2025-01-28 11:00:00,17020.355618029567,16078.104524900209,15479.940824745152
forecast_0660,2025-01-28 12:00:00,17070.299366623847,16020.185182002382,15437.787346948835
forecast_0661,2025-01-28 13:00:00,16692.849761673955,15935.521044262492,14642.618090104246
forecast_0662,2025-01-28 14:00:00,16455.384154864718,15915.899441987485,14863.118244894833
forecast_0663,2025-01-28 15:00:00,16027.91284758593,15901.428991868384,14038.418089461135
forecast_0664,2025-01-28 16:00:00,16081.844757727342,16047.825517298606,14323.419782265586
forecast_0665,2025-01-28 17:00:00,16294.590339820807,15943.948201231215,13828.566997563783
forecast_0666,2025-01-28 18:00:00,16262.9139268811,15996.363258619842,13537.9393774427
forecast_0667,2025-01-28 19:00:00,16544.03790865388,16380.961868123515,14198.910325427172
forecast_0668,2025-01-28 20:00:00,16513.327095196655,16746.24355938124,16077.97307008521
forecast_0669,2025-01-28 21:00:00,16858.131030863504,16828.66846295721,16109.770855415218
forecast_0670,2025-01-28 22:00:00,17041.138571205047,17358.530857849208,17076.06826444007
forecast_0671,2025-01-28 23:00:00,17012.323706297208,17486.27049769024,17028.30648717852
forecast_0672,2025-01-29 00:00:00,17107.673920045967,17718.116934355516,16883.022870213146
forecast_0673,2025-01-29 01:00:00,17163.170832241023,17281.462261517383,16442.764539336804
forecast_0674,2025-01-29 02:00:00,17351.65325663734,17857.09777440756,16255.121040441194
forecast_0675,2025-01-29 03:00:00,17355.26998013918,17701.035964748564,16083.899042929612
forecast_0676,2025-01-29 04:00:00,17166.01251241746,16917.540720351488,16131.211752932202
forecast_0677,2025-01-29 05:00:00,17239.12349382772,16845.031235674534,16202.954644214635
forecast_0678,2025-01-29 06:00:00,16935.166193908168,16093.752921712785,15988.339048963915
forecast_0679,2025-01-29 07:00:00,16893.527450793154,15999.58820680952,15576.063356523464
forecast_0680,2025-01-29 08:00:00,17365.771944285705,15728.455144180289,15248.956535380927
forecast_0681,2025-01-29 09:00:00,17467.945814901952,15971.2291685576,15475.947005593467
forecast_0682,2025-01-29 10:00:00,16756.69589173931,15799.716616117174,15397.87446901089
forecast_0683,2025-01-29 11:00:00,16491.160223353152,15319.116474450844,15305.165673636515
forecast_0684,2025-01-29 12:00:00,16162.392875344161,15173.781268527464,14894.3726194181
forecast_0685,2025-01-29 13:00:00,16314.867541822976,15527.999711636734,15317.46657643735
forecast_0686,2025-01-29 14:00:00,16213.537720096701,15632.92853747409,15108.297772507412
forecast_0687,2025-01-29 15:00:00,15998.677032695958,15303.999283131081,14549.39404288213
forecast_0688,2025-01-29 16:00:00,14854.943182915667,14637.702808891368,14323.630289681678
forecast_0689,2025-01-29 17:00:00,14723.676379660086,14712.086570929952,13383.012405055215
forecast_0690,2025-01-29 18:00:00,14802.776607998187,14818.736991667758,13426.118074373788
forecast_0691,2025-01-29 19:00:00,14971.855555832915,15172.25305587958,14079.572065257227
forecast_0692,2025-01-29 20:00:00,14922.478260350243,15364.605048974741,14369.101706242887
forecast_0693,2025-01-29 21:00:00,14872.373346038295,15571.395895159118,14283.720269174744
forecast_0694,2025-01-29 22:00:00,15017.253920455343,15906.177070557,14094.504159677579
forecast_0695,2025-01-29 23:00:00,14869.316008350062,15971.630988592156,14190.325031295395
forecast_0696,2025-01-30 00:00:00,14897.488382570458,16256.376342919544,14159.984372284936
forecast_0697,2025-01-30 01:00:00,14982.073483902901,16328.498089662262,14054.557629552914
forecast_0698,2025-01-30 02:00:00,15495.393536141537,16482.610146057592,13916.27300034104
forecast_0699,2025-01-30 03:00:00,15606.58123718233,16613.161324149194,14145.601751898495
forecast_0700,2025-01-30 04:00:00,15396.792001686395,16990.863728834025,13739.147097816594
forecast_0701,2025-01-30 05:00:00,15290.101349553668,16921.610063155724,13509.32263673579
forecast_0702,2025-01-30 06:00:00,15053.664283878348,17089.932993819533,13606.343022336654
forecast_0703,2025-01-30 07:00:00,15058.980063488398,17012.676512169277,13848.739714523343
forecast_0704,2025-01-30 08:00:00,15066.357584257323,16950.95830627555,13149.39991718781
forecast_0705,2025-01-30 09:00:00,15207.27502666821,16936.621762805487,13087.896715148358
forecast_0706,2025-01-30 10:00:00,15129.000477403755,16445.61306688924,13149.94058260144
forecast_0707,2025-01-30 11:00:00,15327.4991989807,16020.115986685496,12675.120966178212
forecast_0708,2025-01-30 12:00:00,15759.818677217603,14950.989342746245,12601.746920167958
forecast_0709,2025-01-30 13:00:00,15551.780565793762,14423.558199181694,12249.314298634965
forecast_0710,2025-01-30 14:00:00,15225.260567187925,13496.689225846305,12005.73426247688
forecast_0711,2025-01-30 15:00:00,15141.919395555171,13529.341389532801,12042.73912728551
forecast_0712,2025-01-30 16:00:00,14932.233634196575,13313.35043861581,12358.35961932162
forecast_0713,2025-01-30 17:00:00,14615.63513592167,13472.89638638407,13008.94300990764
forecast_0714,2025-01-30 18:00:00,15289.214511828606,14821.983002909768,14298.34432422953
forecast_0715,2025-01-30 19:00:00,14791.286961511762,14289.422238328156,15451.624371659298
forecast_0716,2025-01-30 20:00:00,14909.82030780401,14637.913079604352,16787.570073536524
forecast_0717,2025-01-30 21:00:00,15051.877924233506,14471.43165417338,15982.720100503375
forecast_0718,2025-01-30 22:00:00,14976.25755134605,14361.612594214917,16252.362462940102
forecast_0719,2025-01-30 23:00:00,13992.62267140944,13635.570994926009,15985.399992720235
forecast_0720,2025-01-31 00:00:00,13927.038428505843,13473.378871856175,14343.225690040263
forecast_0721,2025-01-31 01:00:00,14005.3074328851,14205.028692652715,14765.168564123604
forecast_0722,2025-01-31 02:00:00,14369.70141028789,14616.531934211927,14363.663512038323
forecast_0723,2025-01-31 03:00:00,14322.076944561064,14513.156151568981,13328.420185267381
forecast_0724,2025-01-31 04:00:00,14662.47211915347,14537.086847437893,13197.343456393974
forecast_0725,2025-01-31 05:00:00,14011.209872038475,13733.731793708253,13449.75658303045
forecast_0726,2025-01-31 06:00:00,14283.486148008169,13206.370818975609,13597.257999703557
forecast_0727,2025-01-31 07:00:00,14144.025374568693,13117.389928242263,13888.271437275765
forecast_0728,2025-01-31 08:00:00,13575.660777739518,12227.341154081447,13416.946498066758
forecast_0729,2025-01-31 09:00:00,12201.991207459356,11857.978666814526,11274.989867009248
forecast_0730,2025-01-31 10:00:00,10976.84627597127,10917.249463658136,9861.652493547637
forecast_0731,2025-01-31 11:00:00,10233.812132526109,10922.99592274889,9594.836850720667
forecast_0732,2025-01-31 12:00:00,8825.174097265366,9396.64829403883,8612.817329361245
forecast_0733,2025-01-31 13:00:00,7455.68788929213,7165.02829478594,5756.326507916847
forecast_0734,2025-01-31 14:00:00,6397.83235489491,6281.211195810882,5393.310800475424
forecast_0735,2025-01-31 15:00:00,5664.875313883812,5094.404845077307,4178.591097915324
forecast_0736,2025-01-31 16:00:00,5055.95702336436,4128.192958169437,4994.804465172303
forecast_0737,2025-01-31 17:00:00,5118.661073381973,3801.5517608997343,3576.910298346316
forecast_0738,2025-01-31 18:00:00,5581.904495969202,4315.877769970323,3549.6407487293372
forecast_0739,2025-01-31 19:00:00,5788.921801503926,4471.538657134702,3768.6329119995066
forecast_0740,2025-01-31 20:00:00,5660.588629251664,4444.436253419599,3641.930713348472
forecast_0741,2025-01-31 21:00:00,5765.962300714666,5301.472100976724,3763.9535514029976
forecast_0742,2025-01-31 22:00:00,5269.61568930602,4671.094190823272,3428.460686170456
forecast_0743,2025-01-31 23:00:00,5470.032136255712,5734.690137975611,3461.3781559045624
forecast_0744,2025-02-01 00:00:00,5029.479805942814,3938.6283899333075,3410.308673281983
forecast_0745,2025-02-01 01:00:00,6446.70521196261,5721.190796089199,3621.7846099854387
forecast_0746,2025-02-01 02:00:00,3739.7010569122745,3867.3343105106383,3415.878184920121
forecast_0747,2025-02-01 03:00:00,3698.006183754102,3669.6839275797715,3385.55457182084
forecast_0748,2025-02-01 04:00:00,3560.5814492494214,3565.957729645271,3391.8516170713874
forecast_0749,2025-02-01 05:00:00,3525.074391596739,3513.571129927127,3376.3866431904653
forecast_0750,2025-02-01 06:00:00,3474.767393053155,3482.1729674486587,3363.124741159481
forecast_0751,2025-02-01 07:00:00,3460.066207529919,3466.4276350707514,3360.710742716656
forecast_0752,2025-02-01 08:00:00,3460.4625549341604,3463.051884383423,3361.2294163084975
forecast_0753,2025-02-01 09:00:00,3457.277825725656,3457.5528474746475,3360.8336191977833
forecast_0754,2025-02-01 10:00:00,3457.3985006911266,3457.347800781174,3361.106591607868
forecast_0755,2025-02-01 11:00:00,3457.1519179845486,3457.2203519766654,3360.59892697696
forecast_0756,2025-02-01 12:00:00,3456.783675734805,3456.854695131528,3360.65291024759
forecast_0757,2025-02-01 13:00:00,3456.774979764505,3457.4464541786606,3360.7181631572093
forecast_0758,2025-02-01 14:00:00,3456.868945633413,3456.9093755357476,3361.8306338966245
forecast_0759,2025-02-01 15:00:00,3456.579545502821,3456.7223523025086,3361.2785338780195
forecast_0760,2025-02-01 16:00:00,3457.4156899150953,3456.9462786774047,3360.6874650043314
forecast_0761,2025-02-01 17:00:00,3457.8732712886417,3456.5771589136275,3360.850455236221
forecast_0762,2025-02-01 18:00:00,3457.127836757065,3456.393318556619,3360.788292325234
forecast_0763,2025-02-01 19:00:00,3456.8305201080475,3457.0239136274563,3360.5990132231077
forecast_0764,2025-02-01 20:00:00,3456.49956413879,3456.426682752782,3360.944492436475
forecast_0765,2025-02-01 21:00:00,3457.50588611643,3457.2269030971356,3360.645273962228
forecast_0766,2025-02-01 22:00:00,3457.70240220565,3457.517307173596,3363.1435570609733
forecast_0767,2025-02-01 23:00:00,3458.384208535466,3458.6391767733257,3361.907330950443
forecast_0768,2025-02-02 00:00:00,3462.602845696654,3462.7521503903777,3361.7505540153265
forecast_0769,2025-02-02 01:00:00,3471.1443975131065,3470.126229239677,3364.188865502382
forecast_0770,2025-02-02 02:00:00,3464.777760303674,3467.325715776997,3361.212548844146
forecast_0771,2025-02-02 03:00:00,3461.559410110939,3466.1625537552595,3360.549124001166
forecast_0772,2025-02-02 04:00:00,3466.7490545492283,3478.667209368927,3361.2793086446463
forecast_0773,2025-02-02 05:00:00,3487.084580911543,3493.9243534116686,3360.805861072438
forecast_0774,2025-02-02 06:00:00,3473.5886753402615,3495.896958120603,3360.4274976411048
forecast_0775,2025-02-02 07:00:00,3464.049233214997,3478.2720589809346,3360.853761749161
forecast_0776,2025-02-02 08:00:00,3482.3947121579104,3533.883460180573,3366.5181891364464
forecast_0777,2025-02-02 09:00:00,3465.6951661797843,3483.5247224636464,3361.4986945993905
forecast_0778,2025-02-02 10:00:00,3468.288625216426,3477.019625094641,3362.2457951643914
forecast_0779,2025-02-02 11:00:00,3478.978591715511,3521.2625372029497,3362.8636268494784
forecast_0780,2025-02-02 12:00:00,3473.6138367864924,3502.5052443154527,3365.7965511859056
forecast_0781,2025-02-02 13:00:00,3468.8594721196077,3495.2607956069924,3371.2722009215126
forecast_0782,2025-02-02 14:00:00,3465.7717939961153,3479.896974485263,3386.650135698272
forecast_0783,2025-02-02 15:00:00,3472.5133007889763,3485.27694549488,3374.71929149128
forecast_0784,2025-02-02 16:00:00,3488.0408888473034,3481.8614851439606,3404.2904364401115
forecast_0785,2025-02-02 17:00:00,3571.8654236332336,3576.705084594614,3421.156782731908
forecast_0786,2025-02-02 18:00:00,3553.4926511894414,3645.0093328629164,3478.7697747949487
forecast_0787,2025-02-02 19:00:00,6786.253978823918,5007.073510902525,3613.395850580718
forecast_0788,2025-02-02 20:00:00,8239.336289019615,6728.831921618663,7075.686868230091
forecast_0789,2025-02-02 21:00:00,9105.378234943797,8400.819235656387,8448.47313505098
forecast_0790,2025-02-02 22:00:00,10715.313621878478,9653.403996449817,11384.179313263196
forecast_0791,2025-02-02 23:00:00,12713.560376625022,13854.79627496181,13381.911005991495
forecast_0792,2025-02-03 00:00:00,14046.189269602319,14313.817147356398,12937.279705168274
forecast_0793,2025-02-03 01:00:00,15037.838394150993,15691.946221278056,14885.957305346605
forecast_0794,2025-02-03 02:00:00,15325.230137967017,15311.986259272171,16135.205937359846
forecast_0795,2025-02-03 03:00:00,15000.15669570839,14747.884980037148,15888.570238158303
forecast_0796,2025-02-03 04:00:00,14668.02983275395,14682.50403263781,15765.578166207504
forecast_0797,2025-02-03 05:00:00,14375.606217802553,14418.086414275562,15314.499744637018
forecast_0798,2025-02-03 06:00:00,14614.89485888938,14405.03739630591,15363.239708148878
forecast_0799,2025-02-03 07:00:00,14952.942123131585,14460.509092384658,15402.968049340583
forecast_0800,2025-02-03 08:00:00,15191.477582936877,14904.854126129905,14335.179970798834
forecast_0801,2025-02-03 09:00:00,14881.51297533331,14855.172376100616,13809.66250490376
forecast_0802,2025-02-03 10:00:00,14755.160161411244,14425.056785405219,12728.905228884527
forecast_0803,2025-02-03 11:00:00,14934.973339034785,14780.550167371497,12456.97257342185
forecast_0804,2025-02-03 12:00:00,15059.035141327931,15121.171055325047,12726.710810846445
forecast_0805,2025-02-03 13:00:00,14941.219437398235,15018.573107534692,12065.4476286643
forecast_0806,2025-02-03 14:00:00,14687.645434124826,14823.095934458297,11900.885285373419
forecast_0807,2025-02-03 15:00:00,14608.43796388345,14453.109748133496,11636.059103691005
forecast_0808,2025-02-03 16:00:00,14692.265138185707,14754.988457637337,11749.587609815515
forecast_0809,2025-02-03 17:00:00,14687.968484132467,14911.25750167563,12861.28533747868
forecast_0810,2025-02-03 18:00:00,14830.692646012301,14840.122314606011,13753.849905537681
forecast_0811,2025-02-03 19:00:00,15099.510283825397,15080.86671286062,15374.535492886196
forecast_0812,2025-02-03 20:00:00,15219.076449365944,14363.725614563917,15771.047866935138
forecast_0813,2025-02-03 21:00:00,15245.13998611474,13807.1520120896,15737.23376734128
forecast_0814,2025-02-03 22:00:00,15154.320623775297,13745.86771609961,16026.87274649445
forecast_0815,2025-02-03 23:00:00,15467.623827826059,13549.528157816098,15885.601720262326
forecast_0816,2025-02-04 00:00:00,15600.861802041241,12963.570510927777,15915.783784957124
forecast_0817,2025-02-04 01:00:00,15899.768196242761,13556.365586101392,16530.674158404927
forecast_0818,2025-02-04 02:00:00,15801.843897922734,13218.416425155016,15913.732194638163
forecast_0819,2025-02-04 03:00:00,15476.56655316607,13263.903427228444,15348.23474816691
forecast_0820,2025-02-04 04:00:00,15219.688407610882,13380.68131567838,15034.62863427918
forecast_0821,2025-02-04 05:00:00,15117.469427405551,13324.694738855016,14731.715345253206
forecast_0822,2025-02-04 06:00:00,15406.238166656663,13615.174120870917,14570.240598801118
forecast_0823,2025-02-04 07:00:00,15467.803027193777,13648.659328388034,14185.154465497511
forecast_0824,2025-02-04 08:00:00,14954.361001733012,13459.106324170772,13509.471778333766
forecast_0825,2025-02-04 09:00:00,14702.936520471543,13472.956148948142,13003.455358684922
forecast_0826,2025-02-04 10:00:00,14648.604841468783,14080.567177271563,13143.849381890806
forecast_0827,2025-02-04 11:00:00,14493.736463489227,13864.626655445285,13702.396004898288
forecast_0828,2025-02-04 12:00:00,14320.665366905614,13473.475407109265,14215.43886474548
forecast_0829,2025-02-04 13:00:00,14205.883561281742,13092.033352697295,12285.03606918693
forecast_0830,2025-02-04 14:00:00,13888.527438380894,12643.311468261874,11779.938588849098
forecast_0831,2025-02-04 15:00:00,14219.065707101725,13222.6766143011,12597.124205888287
forecast_0832,2025-02-04 16:00:00,14401.349594697485,14001.073873614858,12348.639970808797
forecast_0833,2025-02-04 17:00:00,14449.543240156114,14475.46361114975,13042.764355081976
forecast_0834,2025-02-04 18:00:00,14674.815066569183,14703.673246363462,13332.08536711023
forecast_0835,2025-02-04 19:00:00,14741.396953220927,14395.606177739039,13890.535640870086
forecast_0836,2025-02-04 20:00:00,14912.60282647947,13913.068028142781,14899.005476870785
forecast_0837,2025-02-04 21:00:00,15600.30220553206,14130.24338165535,15201.421268277842
forecast_0838,2025-02-04 22:00:00,15820.418576005943,14550.763463042273,15263.335151015128
forecast_0839,2025-02-04 23:00:00,15252.165972480783,13879.475451283766,14932.013828904339
forecast_0840,2025-02-05 00:00:00,16084.783212916655,14893.027683792687,14911.834203054785
forecast_0841,2025-02-05 01:00:00,15690.30383982865,13539.919140287058,15441.51535442148
forecast_0842,2025-02-05 02:00:00,15486.972104435414,13557.869673083514,14911.70077687666
forecast_0843,2025-02-05 03:00:00,15754.138119310863,14734.273408418798,14283.438534726858
forecast_0844,2025-02-05 04:00:00,15501.172239970023,15709.415671256942,14287.183863224716
forecast_0845,2025-02-05 05:00:00,15303.421431624925,16135.352536668575,13260.420062720741
forecast_0846,2025-02-05 06:00:00,15242.107788056674,16004.60489025738,12813.603202527049
forecast_0847,2025-02-05 07:00:00,15233.4131843902,15867.794133260288,12948.75887969144
forecast_0848,2025-02-05 08:00:00,15046.248482902676,15514.97175502863,11838.961461080617
forecast_0849,2025-02-05 09:00:00,14328.783708314906,14294.8621218853,11721.887587430552
forecast_0850,2025-02-05 10:00:00,14537.689173182434,14090.651221928338,11221.685680153269
forecast_0851,2025-02-05 11:00:00,14598.958865659037,14095.879291258041,11584.692900848035
forecast_0852,2025-02-05 12:00:00,14791.448252241564,14607.403233249857,11836.290183911784
forecast_0853,2025-02-05 13:00:00,14682.905301403765,14738.77267703727,12496.051808266402
forecast_0854,2025-02-05 14:00:00,14642.641642770406,14703.178105941437,12762.56115684278
forecast_0855,2025-02-05 15:00:00,14642.599655466778,14466.011821587594,12216.210153543007
forecast_0856,2025-02-05 16:00:00,14543.149915265329,14378.076587362131,12293.50862540598
forecast_0857,2025-02-05 17:00:00,14565.015260666452,14710.705840681749,12231.20655216879
forecast_0858,2025-02-05 18:00:00,14301.740865156919,14680.674033074843,12383.718386328885
forecast_0859,2025-02-05 19:00:00,14362.860254163495,14548.349775990544,12559.30177673324
forecast_0860,2025-02-05 20:00:00,14459.257055916774,14629.863473765688,13885.382392613084
forecast_0861,2025-02-05 21:00:00,14447.995106532184,14113.533436091539,14898.974683676612
forecast_0862,2025-02-05 22:00:00,14873.521880645043,13580.504409379631,14929.757981853592
forecast_0863,2025-02-05 23:00:00,15240.245224446282,13849.086151667108,14715.392942032342
forecast_0864,2025-02-06 00:00:00,14782.506481253398,13868.774834082018,14534.536075971851
forecast_0865,2025-02-06 01:00:00,14913.646614213967,13494.033955983212,14962.249154738884
forecast_0866,2025-02-06 02:00:00,15027.61395512842,13885.528477841246,14561.248263451802
forecast_0867,2025-02-06 03:00:00,15889.063209759865,14904.619040300144,14718.911686926125
forecast_0868,2025-02-06 04:00:00,16396.25260018627,15252.614203819823,14630.411935925671
forecast_0869,2025-02-06 05:00:00,16408.672866623827,15193.793728333254,15044.783528550906
forecast_0870,2025-02-06 06:00:00,16389.00211977996,15478.332831841497,14300.601248706653
forecast_0871,2025-02-06 07:00:00,15767.48744709401,14848.614360069123,13389.9968179444
forecast_0872,2025-02-06 08:00:00,15361.845168678474,14401.008911745872,12324.228767861747
forecast_0873,2025-02-06 09:00:00,14373.140257911713,14087.520016211394,12374.502285392513
forecast_0874,2025-02-06 10:00:00,13302.52787465166,12215.390455654708,11375.18155880724
forecast_0875,2025-02-06 11:00:00,13542.114814434588,12268.575948097945,10757.799901059363
forecast_0876,2025-02-06 12:00:00,13161.340734585236,12219.913395715881,11002.856394532997
forecast_0877,2025-02-06 13:00:00,13558.525688570542,12603.45877014312,11282.922879801457
forecast_0878,2025-02-06 14:00:00,13409.020470820076,12265.810511792573,13041.180843388276
forecast_0879,2025-02-06 15:00:00,13534.373307810207,12450.310808191613,13126.313791054434
forecast_0880,2025-02-06 16:00:00,13803.691636915793,12848.091631921481,13192.570388075646
forecast_0881,2025-02-06 17:00:00,13281.790601076162,12305.528935142767,12823.808182891997
forecast_0882,2025-02-06 18:00:00,13683.816593240588,12754.30089178348,12952.604171000692
forecast_0883,2025-02-06 19:00:00,13616.778111359676,12687.698541415411,13712.914979820158
forecast_0884,2025-02-06 20:00:00,13658.920108164071,12581.256560892085,14002.079481906925
forecast_0885,2025-02-06 21:00:00,13676.252252822105,13357.514949552207,13097.145667732206
forecast_0886,2025-02-06 22:00:00,13328.884866753879,12516.357596488162,11393.648748828417
forecast_0887,2025-02-06 23:00:00,13778.48052856912,12994.286468895587,11278.440127428259
forecast_0888,2025-02-07 00:00:00,13085.198812718325,11773.97457918976,9690.409835761282
forecast_0889,2025-02-07 01:00:00,11853.88484669437,11739.61124679729,8836.995000906263
forecast_0890,2025-02-07 02:00:00,9339.250735387212,9547.165117852648,7282.2388777020715
forecast_0891,2025-02-07 03:00:00,9767.49062826871,10351.610699546922,7184.584981238146
forecast_0892,2025-02-07 04:00:00,9108.764101446122,9142.428807709259,6225.758075914622
forecast_0893,2025-02-07 05:00:00,9144.734758911529,9243.888881846826,6209.43282702395
forecast_0894,2025-02-07 06:00:00,8755.232412870773,8164.684722003527,3739.870145315758
forecast_0895,2025-02-07 07:00:00,4282.169099642685,5965.531495391687,3662.0095435978396
forecast_0896,2025-02-07 08:00:00,4217.446820545408,5983.992082746363,3552.121547135421
forecast_0897,2025-02-07 09:00:00,8344.14691205484,7868.451403077848,6095.613618917946
forecast_0898,2025-02-07 10:00:00,8735.441916979315,8582.665607147675,7623.614952841464
forecast_0899,2025-02-07 11:00:00,12056.566919510109,10997.804359172644,9428.193249729025
forecast_0900,2025-02-07 12:00:00,13152.378706461992,12094.62902275077,10616.225183004619
forecast_0901,2025-02-07 13:00:00,13494.291627970499,12422.9403170965,9691.99901158755
forecast_0902,2025-02-07 14:00:00,13770.550253821939,12797.390707682389,10642.426159848594
forecast_0903,2025-02-07 15:00:00,14206.484878990073,12593.481179450495,11029.964428826159
forecast_0904,2025-02-07 16:00:00,14255.177138010773,12662.043690783734,10446.353194703508
forecast_0905,2025-02-07 17:00:00,14047.615422649564,12671.146696476439,10179.34448855578
forecast_0906,2025-02-07 18:00:00,14151.608626947052,12575.13341648996,10480.37952963754
forecast_0907,2025-02-07 19:00:00,13906.33666879922,13109.148996145426,12082.586118212615
forecast_0908,2025-02-07 20:00:00,14424.648037052444,13842.177778395804,12903.331414178485
forecast_0909,2025-02-07 21:00:00,14934.121372387897,14551.422603219784,13167.578380795918
forecast_0910,2025-02-07 22:00:00,15150.605473220729,14783.871321427185,12479.71321985811
forecast_0911,2025-02-07 23:00:00,15473.17736644744,15100.114475124557,12389.543431022028
forecast_0912,2025-02-08 00:00:00,15576.759188054553,15316.29642065843,11778.141433276685
forecast_0913,2025-02-08 01:00:00,16110.958449750713,15073.591774708664,12172.636655834094
forecast_0914,2025-02-08 02:00:00,16176.381377210242,14858.319714228906,12167.042056826098
forecast_0915,2025-02-08 03:00:00,16429.59036849292,14788.764915986038,12396.74784288468
forecast_0916,2025-02-08 04:00:00,17165.51512406853,15373.800478363994,12171.97992024444
forecast_0917,2025-02-08 05:00:00,17237.18715751067,15343.63546470896,12017.838144198879
forecast_0918,2025-02-08 06:00:00,16834.489274250594,15529.992012164339,11803.900353396279
forecast_0919,2025-02-08 07:00:00,16035.992888438044,14948.60996744975,11124.337233441916
forecast_0920,2025-02-08 08:00:00,15053.00634317099,14065.89922376126,11020.896499369055
forecast_0921,2025-02-08 09:00:00,13462.33488741195,12797.502806634133,10113.431071697727
forecast_0922,2025-02-08 10:00:00,9200.300856475722,9391.201018122929,8501.446108101623
forecast_0923,2025-02-08 11:00:00,7753.819842302086,6852.9551529454,6848.424566441335
forecast_0924,2025-02-08 12:00:00,3801.595870890901,4204.96854752047,6247.929111241896
forecast_0925,2025-02-08 13:00:00,3569.0120961381526,3262.501456234809,5525.892356360804
forecast_0926,2025-02-08 14:00:00,3547.1712662378904,3142.563365343973,5003.800527961507
forecast_0927,2025-02-08 15:00:00,3632.1248905470507,3092.8301472564767,4954.21008964881
forecast_0928,2025-02-08 16:00:00,3708.571628314823,3808.422364760812,5326.627601472392
forecast_0929,2025-02-08 17:00:00,3987.764430976048,4845.528877293017,5590.561811183605
forecast_0930,2025-02-08 18:00:00,6878.70604864711,5890.24822935155,6742.388508074591
forecast_0931,2025-02-08 19:00:00,9431.136479803637,8206.686926687124,8728.618467628148
forecast_0932,2025-02-08 20:00:00,12807.372614599339,10854.029401100595,9229.109381301509
forecast_0933,2025-02-08 21:00:00,14845.835907841618,12279.609573357919,11314.465089890122
forecast_0934,2025-02-08 22:00:00,16812.90521167095,15036.640483649935,13242.017719507576
forecast_0935,2025-02-08 23:00:00,17070.40435796011,16045.346869471281,14069.723463776088
forecast_0936,2025-02-09 00:00:00,17649.628315108337,16345.581077060582,14302.126593560764
forecast_0937,2025-02-09 01:00:00,17194.380175413866,16134.997460525663,15079.015412354913
forecast_0938,2025-02-09 02:00:00,17383.92533875047,16200.052439181089,15637.645555453659
forecast_0939,2025-02-09 03:00:00,17457.540423071812,15542.283388508724,15748.544458400522
forecast_0940,2025-02-09 04:00:00,17951.42697392159,16601.881341342672,16023.192145906114
forecast_0941,2025-02-09 05:00:00,18286.82001066101,16930.9128699895,16869.52485217247
forecast_0942,2025-02-09 06:00:00,17699.31283481022,15757.722020142704,16767.821933208175
forecast_0943,2025-02-09 07:00:00,17099.080512028104,15428.869121459487,15712.478431804222
forecast_0944,2025-02-09 08:00:00,16632.3190693601,14879.741193978476,13738.556321781216
forecast_0945,2025-02-09 09:00:00,16412.509807327315,14670.565775172327,12767.3484744601
forecast_0946,2025-02-09 10:00:00,14702.995365656368,13004.589467798667,11515.972786230586
forecast_0947,2025-02-09 11:00:00,13580.461099784754,11403.790762709834,10599.770322210712
forecast_0948,2025-02-09 12:00:00,12327.050503697106,9691.58487601705,9140.827650205754
forecast_0949,2025-02-09 13:00:00,11789.078270249087,8489.138592994723,8719.523900242328
forecast_0950,2025-02-09 14:00:00,12362.56186706415,9571.408252084851,7973.394399955915
forecast_0951,2025-02-09 15:00:00,12990.855591473046,10606.721715329213,8775.363331536295
forecast_0952,2025-02-09 16:00:00,13644.957207181626,10979.473622179152,9386.206358363763
forecast_0953,2025-02-09 17:00:00,13940.879172697007,12331.628288555568,10388.460626036365
forecast_0954,2025-02-09 18:00:00,13960.054718272913,12730.031541005887,11967.93712288758
forecast_0955,2025-02-09 19:00:00,14460.22338931138,13645.531999222665,13686.19785668082
forecast_0956,2025-02-09 20:00:00,14769.623991531003,14332.536921575473,13736.994733245807
forecast_0957,2025-02-09 21:00:00,15322.49046386931,15675.502390396641,14054.629933923216
forecast_0958,2025-02-09 22:00:00,16076.31029865512,16694.66499406882,15295.032913413424
forecast_0959,2025-02-09 23:00:00,17461.74522485984,16907.9810235978,15462.650652880911
forecast_0960,2025-02-10 00:00:00,17982.440208744705,17429.348672543532,15948.845523033882
forecast_0961,2025-02-10 01:00:00,17231.91200907077,17096.535959618024,15613.704492827821
forecast_0962,2025-02-10 02:00:00,17297.224347832856,17139.629888460662,16812.677889816143
forecast_0963,2025-02-10 03:00:00,17434.50176641248,17461.384616175765,17370.664827852837
forecast_0964,2025-02-10 04:00:00,17768.677220776746,17807.89432249783,17852.98118306115
forecast_0965,2025-02-10 05:00:00,17531.319021055893,18040.459671453104,18318.55730593837
forecast_0966,2025-02-10 06:00:00,17430.12746707282,18257.050815267237,18616.266461070027
forecast_0967,2025-02-10 07:00:00,17435.951706312822,18237.654655569884,18533.206245345507
forecast_0968,2025-02-10 08:00:00,16836.440812468947,17519.39179195607,17373.442472424147
forecast_0969,2025-02-10 09:00:00,16789.15818309052,17028.66672107669,15274.516130853257
forecast_0970,2025-02-10 10:00:00,15907.605897990683,15821.644712234554,13465.286828854547
forecast_0971,2025-02-10 11:00:00,14565.739639106108,13502.68404339511,12890.138029673504
forecast_0972,2025-02-10 12:00:00,13461.339427666302,12181.000665401745,11270.684833897863
forecast_0973,2025-02-10 13:00:00,13303.52601435228,11675.927439412771,11052.575656899191
forecast_0974,2025-02-10 14:00:00,13411.429135658349,11451.677623394946,9889.665493940598
forecast_0975,2025-02-10 15:00:00,13113.681365296994,11371.282743504918,9839.956680776424
forecast_0976,2025-02-10 16:00:00,12694.967581552179,11347.21619414674,10442.22763551797
forecast_0977,2025-02-10 17:00:00,13015.211783702012,11519.760894388297,10712.819617263116
forecast_0978,2025-02-10 18:00:00,13212.047794137945,11898.73257573382,11480.391786987284
forecast_0979,2025-02-10 19:00:00,12646.726725228751,11720.545728083864,11601.99071814921
forecast_0980,2025-02-10 20:00:00,12651.374625645185,12183.487674652211,10254.332155380906
forecast_0981,2025-02-10 21:00:00,11874.531368902222,11723.70206840387,8839.109548745268
forecast_0982,2025-02-10 22:00:00,11872.603393909234,12275.811897947231,9965.194014927545
forecast_0983,2025-02-10 23:00:00,10527.526628721303,11527.951417490505,9066.768194374494
forecast_0984,2025-02-11 00:00:00,10120.35009240384,10022.664048759885,8740.433259074049
forecast_0985,2025-02-11 01:00:00,10052.142824812714,9583.921354522465,8640.566022061601
forecast_0986,2025-02-11 02:00:00,9678.913567802794,8856.881972616771,8565.29474213877
forecast_0987,2025-02-11 03:00:00,10010.229778284142,9062.342129474102,8736.144303452624
forecast_0988,2025-02-11 04:00:00,8923.438767073369,8797.696011585036,8845.400127043662
forecast_0989,2025-02-11 05:00:00,7935.135858501799,6844.3531188233555,7358.936449096028
forecast_0990,2025-02-11 06:00:00,6866.227456906156,5693.781594148596,6522.1714656398535
forecast_0991,2025-02-11 07:00:00,6622.713055708179,5182.785481640201,6626.964692722463
forecast_0992,2025-02-11 08:00:00,6520.536695843325,4746.923266664541,5708.653613962618
forecast_0993,2025-02-11 09:00:00,6343.1840959267865,4205.505701931791,5038.820711063714
forecast_0994,2025-02-11 10:00:00,4787.986799772982,3116.585014002098,3902.6206397179526
forecast_0995,2025-02-11 11:00:00,3596.8271831552024,2751.759064393345,3734.5745244038776
forecast_0996,2025-02-11 12:00:00,3597.2467977565734,3648.9924468382824,3671.514016278356
forecast_0997,2025-02-11 13:00:00,3570.606907959128,3692.0764645368445,3579.017388645397
forecast_0998,2025-02-11 14:00:00,3581.5132041588345,3792.0953822475,3584.0166104922628
forecast_0999,2025-02-11 15:00:00,3778.4509287819683,3851.07476284167,3586.8286875760864
forecast_1000,2025-02-11 16:00:00,3777.065967700759,3700.9064314782745,3384.531006414118
forecast_1001,2025-02-11 17:00:00,3737.4768920863767,3769.8063870562046,3371.0489932154333
forecast_1002,2025-02-11 18:00:00,5276.550866823475,3937.750028996634,3518.8481918247453
forecast_1003,2025-02-11 19:00:00,7107.017849841193,6117.545774700776,6351.105839244224
forecast_1004,2025-02-11 20:00:00,9773.365852830044,7461.88961029695,7068.689332060711
forecast_1005,2025-02-11 21:00:00,12042.785613731927,10568.464929481222,8105.741955800628
forecast_1006,2025-02-11 22:00:00,14099.725065949284,12604.666510179262,9164.423237874442
forecast_1007,2025-02-11 23:00:00,17376.928026270223,15996.800377229927,12465.147407942553
forecast_1008,2025-02-12 00:00:00,18508.669902776295,17577.891472044546,13607.571885699528
forecast_1009,2025-02-12 01:00:00,18093.286393359274,17544.964300970638,12217.124958224553
forecast_1010,2025-02-12 02:00:00,18472.706770844656,17953.494367688425,12251.05803088814
forecast_1011,2025-02-12 03:00:00,17631.511362285975,17606.77256464696,11458.658178923197
forecast_1012,2025-02-12 04:00:00,16459.944705678226,17601.636367730876,11954.181244115862
forecast_1013,2025-02-12 05:00:00,15791.597700642506,17280.045986717258,10855.05523631839
forecast_1014,2025-02-12 06:00:00,13739.535532750075,13882.649209703166,9284.212257023053
forecast_1015,2025-02-12 07:00:00,11997.490446929183,12369.414188165096,7063.479473709813
forecast_1016,2025-02-12 08:00:00,10429.932939811255,11334.668218985984,3702.3706815005544
forecast_1017,2025-02-12 09:00:00,9121.179415224942,11635.054869651667,6230.912180756517
forecast_1018,2025-02-12 10:00:00,9282.025149687306,11091.041485248747,6692.051359665984
forecast_1019,2025-02-12 11:00:00,10448.575090162369,12369.531214715264,8501.247735106554
forecast_1020,2025-02-12 12:00:00,12477.514840071583,12839.912953798435,10087.051198000097
forecast_1021,2025-02-12 13:00:00,12784.040833134199,13422.562060574297,11875.536011111966
forecast_1022,2025-02-12 14:00:00,13938.561636691378,14204.433449157836,13147.344531453145
forecast_1023,2025-02-12 15:00:00,14901.911938337546,15162.377838014789,14685.009355105907
forecast_1024,2025-02-12 16:00:00,15594.914860791456,16164.396628048184,15957.659874087782
forecast_1025,2025-02-12 17:00:00,15824.243995850025,16610.77186853945,15490.039063071785
forecast_1026,2025-02-12 18:00:00,15988.80737297022,17367.614411588933,13881.062371441114
forecast_1027,2025-02-12 19:00:00,16302.652852456598,17453.022662751162,14553.894321878537
forecast_1028,2025-02-12 20:00:00,15854.719344873472,16778.189634919967,14040.413794924556
forecast_1029,2025-02-12 21:00:00,15603.619747834411,16410.04124027918,13804.09720265969
forecast_1030,2025-02-12 22:00:00,15318.323043403447,16667.662238831403,14715.330938022797
forecast_1031,2025-02-12 23:00:00,15591.919909654753,16505.72009573107,13695.760906834385
forecast_1032,2025-02-13 00:00:00,14630.51220586997,15683.24543345537,13689.549923643564
forecast_1033,2025-02-13 01:00:00,14035.744421865209,13633.59845481762,12308.02544495111
forecast_1034,2025-02-13 02:00:00,14117.190234363432,13690.773349171111,12001.750303146191
forecast_1035,2025-02-13 03:00:00,14116.531181178538,13517.320416146493,11892.763066875737
forecast_1036,2025-02-13 04:00:00,13240.211170120223,13197.319255441724,10797.641043566997
forecast_1037,2025-02-13 05:00:00,13201.163506151745,13407.319974359976,12049.44618880249
forecast_1038,2025-02-13 06:00:00,14727.734767404225,15192.841372273286,14017.849716137598
forecast_1039,2025-02-13 07:00:00,15463.603525776178,15758.623733691586,14284.296201885682
forecast_1040,2025-02-13 08:00:00,15641.121022754529,15999.744999367078,13785.288538339515
forecast_1041,2025-02-13 09:00:00,16309.690164239817,16812.051504789502,13087.548087635398
forecast_1042,2025-02-13 10:00:00,15915.186069702479,16179.4252123419,13019.28212988228
forecast_1043,2025-02-13 11:00:00,15524.740539472064,15617.315431436502,12530.812370245978
forecast_1044,2025-02-13 12:00:00,14659.794687199514,13842.640623175039,12479.329450363379
forecast_1045,2025-02-13 13:00:00,14884.978932149195,13790.700212834081,13206.16136793008
forecast_1046,2025-02-13 14:00:00,14899.122555450254,13864.400667913756,13325.26520383222
forecast_1047,2025-02-13 15:00:00,15347.826373145657,13974.848554682316,13830.067810798902
forecast_1048,2025-02-13 16:00:00,15503.131724862618,14476.175679254786,14495.974531841293
forecast_1049,2025-02-13 17:00:00,16389.717221396808,15869.609902310163,15376.102612555247
forecast_1050,2025-02-13 18:00:00,17279.41220646892,17318.695659658777,16666.441886808352
forecast_1051,2025-02-13 19:00:00,17619.467965430104,17955.439738560868,17686.309171790486
forecast_1052,2025-02-13 20:00:00,17647.809035833965,18080.169197881583,18260.99747273366
forecast_1053,2025-02-13 21:00:00,18037.402378023053,18346.23812592526,18400.896566228723
forecast_1054,2025-02-13 22:00:00,18255.562631171157,18748.189053923452,18653.717440955585
forecast_1055,2025-02-13 23:00:00,18407.88171027122,18848.811190925266,19024.120051548358
forecast_1056,2025-02-14 00:00:00,18860.972464971095,19003.91391449592,18526.701156462434
forecast_1057,2025-02-14 01:00:00,18809.865010756785,18975.65708477383,18203.83254453862
forecast_1058,2025-02-14 02:00:00,18817.615643681496,19089.900406199584,17843.302519817065
forecast_1059,2025-02-14 03:00:00,18744.60342344714,18971.770056374728,17723.09427960714
forecast_1060,2025-02-14 04:00:00,18825.679722260673,18977.974878011566,17505.770369174596
forecast_1061,2025-02-14 05:00:00,18820.523403825726,18763.791987616012,18148.820486933982
forecast_1062,2025-02-14 06:00:00,19079.01310820167,18849.67220692479,17878.91092280324
forecast_1063,2025-02-14 07:00:00,19073.319611724255,18720.48261327151,17809.41305645996
forecast_1064,2025-02-14 08:00:00,18627.219390572835,18666.95213402061,17495.680122110865
forecast_1065,2025-02-14 09:00:00,17409.93614987357,17803.029069068085,16561.81422672165
forecast_1066,2025-02-14 10:00:00,15125.008758358459,16392.09839139611,13194.213509080606
forecast_1067,2025-02-14 11:00:00,13368.674239134281,14541.301802076969,11714.571063387699
forecast_1068,2025-02-14 12:00:00,12497.715494390291,12784.508534990158,10716.633991091754
forecast_1069,2025-02-14 13:00:00,11742.56231536745,11537.22099138989,9745.032190882452
forecast_1070,2025-02-14 14:00:00,11751.658913126617,11280.801500948934,9454.85676129689
forecast_1071,2025-02-14 15:00:00,12233.300689070027,11710.999526178644,9966.32719348854
forecast_1072,2025-02-14 16:00:00,13559.041308967624,12798.502180156038,10485.191393361836
forecast_1073,2025-02-14 17:00:00,14138.649461523126,14554.475467778893,12221.869881049382
forecast_1074,2025-02-14 18:00:00,15274.789628684273,15731.07521966708,12848.786621353238
forecast_1075,2025-02-14 19:00:00,16395.68521425105,16561.90052314379,13272.798826160168
forecast_1076,2025-02-14 20:00:00,17102.944783030984,16690.789327314185,12862.51902122433
forecast_1077,2025-02-14 21:00:00,17829.727760404377,17296.86281601366,13383.514369966773
forecast_1078,2025-02-14 22:00:00,18211.02192825652,17446.08800150602,14080.75423661966
forecast_1079,2025-02-14 23:00:00,17990.98327699577,17033.6147831845,13916.318101611296
forecast_1080,2025-02-15 00:00:00,18321.630847255627,17277.579875016545,14962.950675621832
forecast_1081,2025-02-15 01:00:00,17921.413740694094,16701.557878268075,14006.913668727299
forecast_1082,2025-02-15 02:00:00,18234.605021909916,17436.13364158979,12783.26924928621
forecast_1083,2025-02-15 03:00:00,18267.655195313455,17083.7965689547,12933.314450532898
forecast_1084,2025-02-15 04:00:00,17928.259958919818,16896.134823690765,13055.744467598917
forecast_1085,2025-02-15 05:00:00,17744.690843027205,16900.56812045011,12612.650182102536
forecast_1086,2025-02-15 06:00:00,17365.079729537065,16714.712760210292,12016.294374501094
forecast_1087,2025-02-15 07:00:00,16571.36156388779,16026.887689999628,11115.237661165373
forecast_1088,2025-02-15 08:00:00,15342.975162263894,15299.29575842042,9614.219158596557
forecast_1089,2025-02-15 09:00:00,13675.277490713868,14505.34976354201,8758.525990302114
forecast_1090,2025-02-15 10:00:00,12032.098414337588,12555.386420386863,9325.418155353174
forecast_1091,2025-02-15 11:00:00,11813.98356605615,12027.673920643478,8930.434509257639
forecast_1092,2025-02-15 12:00:00,11055.991738613588,12570.922064854925,9665.426139702022
forecast_1093,2025-02-15 13:00:00,11759.733304017536,13279.646745985667,10953.852735432058
forecast_1094,2025-02-15 14:00:00,13314.199143086282,13799.112892385065,12455.576467337618
forecast_1095,2025-02-15 15:00:00,13814.2328414577,14506.787769125565,11706.92691771214
forecast_1096,2025-02-15 16:00:00,13994.898673128882,15131.671752381226,11058.518479037702
forecast_1097,2025-02-15 17:00:00,15516.653100665537,16853.651941530607,14173.250493485271
forecast_1098,2025-02-15 18:00:00,16737.486452269954,17810.454194787864,15194.928407304606
forecast_1099,2025-02-15 19:00:00,18105.64807608141,18245.6794543646,16712.766056749933
forecast_1100,2025-02-15 20:00:00,18905.06302804244,18844.495558212424,17137.397884216567
forecast_1101,2025-02-15 21:00:00,19275.88453367835,19258.982645124284,17138.52313234898
forecast_1102,2025-02-15 22:00:00,19646.15496664566,18833.710148527967,17094.495177199635
forecast_1103,2025-02-15 23:00:00,19807.35571140202,18765.47465710379,16624.40942159349
forecast_1104,2025-02-16 00:00:00,19575.388156920784,18700.692424488556,16815.359207862686
forecast_1105,2025-02-16 01:00:00,19351.714561693283,18476.007180114808,17051.24746334329
forecast_1106,2025-02-16 02:00:00,18836.181409717803,18138.184757651743,16595.947466687205
forecast_1107,2025-02-16 03:00:00,19117.364696469547,17972.08073401142,15513.803035357987
forecast_1108,2025-02-16 04:00:00,17859.307059548642,17727.054239774407,14321.88238237977
forecast_1109,2025-02-16 05:00:00,17192.44424518642,16999.75002591758,13676.95974763385
forecast_1110,2025-02-16 06:00:00,15948.202670157516,16413.948650283088,12844.780950133665
forecast_1111,2025-02-16 07:00:00,14921.100542927556,15438.926748476695,11175.834672069788
forecast_1112,2025-02-16 08:00:00,14141.421540999301,14260.502705740264,10118.226296945673
forecast_1113,2025-02-16 09:00:00,13285.359314343596,13320.944930396223,9531.232160211062
forecast_1114,2025-02-16 10:00:00,10505.764577838383,10834.21094280489,8517.442226935793
forecast_1115,2025-02-16 11:00:00,11211.377415863939,10913.034954613513,9528.410715508166
forecast_1116,2025-02-16 12:00:00,11589.683739352904,10555.788195618905,9720.094510896077
forecast_1117,2025-02-16 13:00:00,12117.253651024655,11036.984544637247,10847.131099298816
forecast_1118,2025-02-16 14:00:00,13717.277130918517,12462.750612816388,12153.705960617475
forecast_1119,2025-02-16 15:00:00,15508.392851054276,14621.776673558557,14100.177170728555
forecast_1120,2025-02-16 16:00:00,16593.25451913096,15799.846916591083,14517.21763110392
forecast_1121,2025-02-16 17:00:00,16924.02609389662,16480.26546812788,14937.694492338936
forecast_1122,2025-02-16 18:00:00,17154.678290996224,17051.01366289204,15261.512712018817
forecast_1123,2025-02-16 19:00:00,17018.06608158677,17068.084232402354,15886.686845531729
forecast_1124,2025-02-16 20:00:00,16954.806339193183,17029.02242290968,15795.855344197253
forecast_1125,2025-02-16 21:00:00,16555.695509065994,16359.231459636547,14929.999650678586
forecast_1126,2025-02-16 22:00:00,17400.863812302,17824.01517809659,16221.28936164821
forecast_1127,2025-02-16 23:00:00,16720.333671859968,17361.613172861656,14976.191241077855
forecast_1128,2025-02-17 00:00:00,15653.019444302592,15879.571069528298,14047.258673071285
forecast_1129,2025-02-17 01:00:00,14877.267513345916,14085.926758834674,11732.736061681704
forecast_1130,2025-02-17 02:00:00,14200.974889306133,13402.763286364563,11691.077522984453
forecast_1131,2025-02-17 03:00:00,13705.508738240287,13007.985096985683,11986.353202793964
forecast_1132,2025-02-17 04:00:00,13332.476958019177,12632.640944363555,11960.397647572932
forecast_1133,2025-02-17 05:00:00,12751.818576083142,11929.576592531692,10166.345189009342
forecast_1134,2025-02-17 06:00:00,12665.753645443383,12112.583224884964,9712.10903352058
forecast_1135,2025-02-17 07:00:00,12762.629152539108,12079.886286948025,10072.548898025514
forecast_1136,2025-02-17 08:00:00,13033.60267028746,12588.091094315958,9878.64580176222
forecast_1137,2025-02-17 09:00:00,13200.497598229767,12628.549728721764,9919.265388785476
forecast_1138,2025-02-17 10:00:00,13372.85098958143,12603.517057593557,10104.099964546365
forecast_1139,2025-02-17 11:00:00,13320.036123067455,12415.51875156905,10134.515253031266
forecast_1140,2025-02-17 12:00:00,13328.126179036624,12206.985396759988,9462.678755896752
forecast_1141,2025-02-17 13:00:00,13288.484396573924,11971.68229119332,9303.351240854372
forecast_1142,2025-02-17 14:00:00,13023.054180351459,11628.852379224802,8747.615910376771
forecast_1143,2025-02-17 15:00:00,12471.002019009486,10972.588100696717,8380.824239028969
forecast_1144,2025-02-17 16:00:00,11825.053039070546,9945.538502287734,7685.00322242465
forecast_1145,2025-02-17 17:00:00,10724.186411830098,8622.2378119528,6976.672207686697
forecast_1146,2025-02-17 18:00:00,9265.474317910428,8029.271509669005,6164.154701950686
forecast_1147,2025-02-17 19:00:00,8551.145189877845,6611.50178112993,5660.509664859728
forecast_1148,2025-02-17 20:00:00,8284.271212662976,6484.511545322116,5548.820312557994
forecast_1149,2025-02-17 21:00:00,8192.435197839714,6818.656324064445,6381.685882326807
forecast_1150,2025-02-17 22:00:00,8210.040968751498,6942.080420876912,6370.218003547289
forecast_1151,2025-02-17 23:00:00,8412.555948891222,7347.95245856558,7217.746718596087
forecast_1152,2025-02-18 00:00:00,9489.74190807526,8717.265791501673,7514.784876474019
forecast_1153,2025-02-18 01:00:00,10640.143935349362,10360.8679468696,8650.694637620365
forecast_1154,2025-02-18 02:00:00,11441.508515218795,10795.856714766775,9685.433427913136
forecast_1155,2025-02-18 03:00:00,11933.780451679628,10761.990631909828,10213.662337140488
forecast_1156,2025-02-18 04:00:00,12025.435046595512,11264.41173716823,9716.394742014505
forecast_1157,2025-02-18 05:00:00,12654.30619886917,12186.00394058954,10268.710028923568
forecast_1158,2025-02-18 06:00:00,12905.372926251752,13273.202496143434,11311.991769088534
forecast_1159,2025-02-18 07:00:00,13338.547591917148,13786.695021782132,11562.959556023348
forecast_1160,2025-02-18 08:00:00,12950.869398416326,13232.292097033947,10444.504409989142
forecast_1161,2025-02-18 09:00:00,13029.823360454087,12336.786529858864,10293.542878073864
forecast_1162,2025-02-18 10:00:00,13106.161267124146,12114.840203453687,10419.403291603414
forecast_1163,2025-02-18 11:00:00,13085.213699928327,12150.930871249246,10894.872499423202
forecast_1164,2025-02-18 12:00:00,12725.375834396345,11527.06404825568,10232.238976201505
forecast_1165,2025-02-18 13:00:00,12961.386385512944,11686.639861132599,9895.682008494105
forecast_1166,2025-02-18 14:00:00,12981.534023475306,11545.840214962473,9715.837884408256
forecast_1167,2025-02-18 15:00:00,13038.52253096778,11603.167562080453,9350.0713603855
forecast_1168,2025-02-18 16:00:00,12863.09389825807,11429.135083056655,8932.644630819053
forecast_1169,2025-02-18 17:00:00,12593.722384586792,10963.946390973617,8326.436110203742
forecast_1170,2025-02-18 18:00:00,12181.655435468712,10790.854389515533,8042.624824714279
forecast_1171,2025-02-18 19:00:00,11383.912913494114,10395.678924681744,8455.700863335165
forecast_1172,2025-02-18 20:00:00,10980.229812182499,9561.485483777591,8018.786677732019
forecast_1173,2025-02-18 21:00:00,9744.866218372677,8937.94627252239,7353.566364117121
forecast_1174,2025-02-18 22:00:00,9859.83485831889,9943.359584069129,8443.123869449708
forecast_1175,2025-02-18 23:00:00,9833.337912538653,10445.497459005588,8090.688886523844
forecast_1176,2025-02-19 00:00:00,11047.568200626802,11377.218448222508,8975.136263954415
forecast_1177,2025-02-19 01:00:00,11088.10772031157,12278.24860092156,7901.727866973526
forecast_1178,2025-02-19 02:00:00,11967.233368825007,13049.39632531753,8928.512557188744
forecast_1179,2025-02-19 03:00:00,11979.786614155826,12875.153990915736,8704.985719014921
forecast_1180,2025-02-19 04:00:00,12473.851318662422,12918.27271917724,8535.99339994736
forecast_1181,2025-02-19 05:00:00,13350.271125112828,13409.766653432569,9125.51746436179
forecast_1182,2025-02-19 06:00:00,12596.283391503455,13595.411874656029,8745.409557614103
forecast_1183,2025-02-19 07:00:00,11451.48739080026,12782.857891678332,8272.701800895835
forecast_1184,2025-02-19 08:00:00,10495.271053211118,11548.63457888132,7131.293902228703
forecast_1185,2025-02-19 09:00:00,9249.872353146702,9241.95498001636,6686.554579741544
forecast_1186,2025-02-19 10:00:00,6412.593114911284,7089.439902985655,5415.6647793806715
forecast_1187,2025-02-19 11:00:00,5605.573932804502,4599.146416765582,4831.598974318802
forecast_1188,2025-02-19 12:00:00,5137.961544283137,3813.4964367375037,4439.728515045241
forecast_1189,2025-02-19 13:00:00,5249.389925513808,4011.6415673581805,3915.2638887194144
forecast_1190,2025-02-19 14:00:00,5560.735588986555,4736.689371823336,3886.7198617146023
forecast_1191,2025-02-19 15:00:00,6013.528807436454,4751.93367177329,3807.401409229624
forecast_1192,2025-02-19 16:00:00,5756.419628596451,4651.183390636806,3795.7233306820744
forecast_1193,2025-02-19 17:00:00,5824.219370010727,5065.986630034161,3902.2486447534093
forecast_1194,2025-02-19 18:00:00,6118.25912873716,5798.600198790746,5805.492694230841
forecast_1195,2025-02-19 19:00:00,6623.179189061881,7090.216222302468,6453.367104812062
forecast_1196,2025-02-19 20:00:00,6981.138990914642,7292.166223569853,6005.949336514349
forecast_1197,2025-02-19 21:00:00,7938.122305538315,8047.8627480295045,6030.769495163152
forecast_1198,2025-02-19 22:00:00,8962.205878652661,9317.361540367696,7774.3591821148375
forecast_1199,2025-02-19 23:00:00,9657.755977397008,8984.514937326838,7416.211350945393
forecast_1200,2025-02-20 00:00:00,9963.968637740298,9051.394422019508,7551.7320388640155
forecast_1201,2025-02-20 01:00:00,9884.604351934688,8849.502755652564,6975.677601983251
forecast_1202,2025-02-20 02:00:00,10315.943174616817,9876.71907865659,7258.228450463946
forecast_1203,2025-02-20 03:00:00,10826.561112970367,10975.673242613355,7528.683355737311
forecast_1204,2025-02-20 04:00:00,11511.887582594476,11528.674709528355,7953.661086357192
forecast_1205,2025-02-20 05:00:00,12340.123627085788,12422.0054719582,8393.98298835916
forecast_1206,2025-02-20 06:00:00,12929.655393637913,13061.484930840874,9339.103461668436
forecast_1207,2025-02-20 07:00:00,13861.22437520726,13486.275903942396,10074.468829913996
forecast_1208,2025-02-20 08:00:00,13787.232085182684,12963.280878691003,9406.29705316537
forecast_1209,2025-02-20 09:00:00,13069.830394206807,12490.469364590173,9830.290817202145
forecast_1210,2025-02-20 10:00:00,12273.078920697444,11380.852675036826,9372.143144610245
forecast_1211,2025-02-20 11:00:00,11432.935001774136,10027.658153729146,9052.09913505448
forecast_1212,2025-02-20 12:00:00,11276.107351580531,9756.747684532435,8484.091244848467
forecast_1213,2025-02-20 13:00:00,11186.657833895062,9193.846100539264,8534.033296464877
forecast_1214,2025-02-20 14:00:00,11011.537296137432,8113.145835313687,9088.553024693285
forecast_1215,2025-02-20 15:00:00,11307.622346294205,9391.785233782764,8713.908026374505
forecast_1216,2025-02-20 16:00:00,10760.118190714647,8141.23411977441,8182.896985922387
forecast_1217,2025-02-20 17:00:00,11081.177779046287,7964.619779162424,8263.013019537253
forecast_1218,2025-02-20 18:00:00,11726.508555866048,8712.253841055324,9247.301745589146
forecast_1219,2025-02-20 19:00:00,11390.186618102467,8991.732673819268,9779.690704696395
forecast_1220,2025-02-20 20:00:00,10843.952741266894,10102.006904049133,9255.631471960512
forecast_1221,2025-02-20 21:00:00,10627.672253201767,10261.788811567065,8382.539242790708
forecast_1222,2025-02-20 22:00:00,10996.543845199874,10394.565661179447,8924.362825805483
forecast_1223,2025-02-20 23:00:00,10164.267922508978,10171.285214298034,7591.418160508754
forecast_1224,2025-02-21 00:00:00,10863.546663837255,10580.158827159055,8239.230957733076
forecast_1225,2025-02-21 01:00:00,10344.389543970314,10183.780581208086,7523.8998002562585
forecast_1226,2025-02-21 02:00:00,10686.41189078349,11302.523143502598,8235.735357480704
forecast_1227,2025-02-21 03:00:00,11080.638358372888,11545.860937241343,7748.845824950674
forecast_1228,2025-02-21 04:00:00,10924.61992532435,11242.549940313005,7847.922048208128
forecast_1229,2025-02-21 05:00:00,10818.965018288338,11360.685475763335,7660.318392766319
forecast_1230,2025-02-21 06:00:00,11048.619434372995,10934.517305435478,7778.611799133474
forecast_1231,2025-02-21 07:00:00,10403.680765160849,10580.324532563913,8000.370770185309
forecast_1232,2025-02-21 08:00:00,10323.141391576208,10405.021660314229,7418.771204104644
forecast_1233,2025-02-21 09:00:00,9480.621880980672,9073.461494158837,6486.7123607138465
forecast_1234,2025-02-21 10:00:00,6842.850152281758,6929.322749460644,5425.180145148665
forecast_1235,2025-02-21 11:00:00,5886.494934856179,5448.664723784361,5021.400356404972
forecast_1236,2025-02-21 12:00:00,5394.244654712263,4542.952430644565,4495.530546381607
forecast_1237,2025-02-21 13:00:00,6196.685367467964,5077.694924887485,4507.632369037585
forecast_1238,2025-02-21 14:00:00,6923.846981714004,5107.707261408262,4795.591869187357
forecast_1239,2025-02-21 15:00:00,7391.171594114035,5158.184509893067,4738.978503327132
forecast_1240,2025-02-21 16:00:00,8227.84335713261,5766.23031093231,4781.924131437374
forecast_1241,2025-02-21 17:00:00,9041.624836358735,6899.741076263194,5780.706765307194
forecast_1242,2025-02-21 18:00:00,9868.371774097515,7615.8167566299635,6732.546351461333
forecast_1243,2025-02-21 19:00:00,10531.828081191406,8288.242514487545,8443.322688833941
forecast_1244,2025-02-21 20:00:00,10568.960220972476,9113.864784309675,9215.483690814186
forecast_1245,2025-02-21 21:00:00,11671.49986394897,10464.787575522916,9960.573991606305
forecast_1246,2025-02-21 22:00:00,12293.577540838129,11119.235371642166,10148.865956976495
forecast_1247,2025-02-21 23:00:00,12608.789269847726,11790.23963087065,9944.491340665512
forecast_1248,2025-02-22 00:00:00,12969.072578249308,12234.112404596133,9813.683795836669
forecast_1249,2025-02-22 01:00:00,13440.596221909254,13027.484545267851,10389.39931721699
forecast_1250,2025-02-22 02:00:00,14131.89037282073,13545.388161917437,10134.570745747345
forecast_1251,2025-02-22 03:00:00,13439.925236528976,13041.896089476826,10285.24505906286
forecast_1252,2025-02-22 04:00:00,12448.00428322758,12116.694341799024,10084.99449195446
forecast_1253,2025-02-22 05:00:00,11978.957821808754,12898.461280474741,9398.425082752101
forecast_1254,2025-02-22 06:00:00,9968.829553945261,13284.721006522093,7944.874578520264
forecast_1255,2025-02-22 07:00:00,9862.856921389463,12573.135934446604,7289.599997373613
forecast_1256,2025-02-22 08:00:00,8468.04136038552,10226.912722005103,5361.882256348714
forecast_1257,2025-02-22 09:00:00,7597.198229203459,8347.938605996986,3732.0680567853724
forecast_1258,2025-02-22 10:00:00,5521.109461621756,4914.781294754208,3750.1062800884847
forecast_1259,2025-02-22 11:00:00,4820.011683199666,3780.327493679973,3528.843473526303
forecast_1260,2025-02-22 12:00:00,4655.855674369623,3808.7081998653603,3653.0543411420113
forecast_1261,2025-02-22 13:00:00,5491.040409151313,5052.740736501418,4220.656207154077
forecast_1262,2025-02-22 14:00:00,6690.489926769474,5744.475378365112,5874.038299506336
forecast_1263,2025-02-22 15:00:00,6926.770271861972,5875.216038428628,5868.101302399406
forecast_1264,2025-02-22 16:00:00,7852.224066872755,5657.415455324191,5407.866863932731
forecast_1265,2025-02-22 17:00:00,9791.72515243162,6584.509896755335,7201.292128823831
forecast_1266,2025-02-22 18:00:00,11692.67660789297,8631.985237457717,10056.256945614705
forecast_1267,2025-02-22 19:00:00,12770.1225044694,11857.947095572636,12185.650820704994
forecast_1268,2025-02-22 20:00:00,13990.434183965595,13369.485603820138,13858.798871510022
forecast_1269,2025-02-22 21:00:00,14859.248104281192,15398.520999970904,16236.038258315337
forecast_1270,2025-02-22 22:00:00,15676.665444812888,17125.301875116736,17839.8926555439
forecast_1271,2025-02-22 23:00:00,15927.568853893115,18140.105153155735,17941.069409180887
forecast_1272,2025-02-23 00:00:00,16135.97065838233,18240.759517458468,18150.42874495339
forecast_1273,2025-02-23 01:00:00,15853.773455657712,18386.11173472406,18110.543564616673
forecast_1274,2025-02-23 02:00:00,16302.467966056369,18374.048861718093,18352.53154581814
forecast_1275,2025-02-23 03:00:00,16719.921874708776,18522.955619550627,17716.97131341375
forecast_1276,2025-02-23 04:00:00,16673.8709143237,18526.247029067956,18220.804173129025
forecast_1277,2025-02-23 05:00:00,16744.61927162941,18176.891523095986,17848.414482074393
forecast_1278,2025-02-23 06:00:00,16328.977867039359,17458.9492836139,17944.016616511162
forecast_1279,2025-02-23 07:00:00,16290.927197226076,16002.139861362539,17346.28408174608
forecast_1280,2025-02-23 08:00:00,16258.361924851626,15519.055356277251,16403.559332323504
forecast_1281,2025-02-23 09:00:00,15192.376333852222,15094.040446531224,15082.847998153164
forecast_1282,2025-02-23 10:00:00,14521.79444897581,14797.759626320554,14231.363198906842
forecast_1283,2025-02-23 11:00:00,14674.898413001465,14737.022488583107,12767.22682564975
forecast_1284,2025-02-23 12:00:00,14570.507105623237,14615.259330955107,12222.69915632553
forecast_1285,2025-02-23 13:00:00,14317.606363974523,14324.962401146515,11565.76328263635
forecast_1286,2025-02-23 14:00:00,14121.134962647806,13676.627522791918,11214.257194015361
forecast_1287,2025-02-23 15:00:00,13957.814297001742,13312.386861235615,10981.151122133964
forecast_1288,2025-02-23 16:00:00,13753.812625424023,13123.406289738416,9778.203221137443
forecast_1289,2025-02-23 17:00:00,12997.969131797821,11997.080435354213,9030.317188783547
forecast_1290,2025-02-23 18:00:00,12657.169787549641,12197.329412435962,8696.563129745815
forecast_1291,2025-02-23 19:00:00,11811.536275656523,12448.130129639443,7904.058508206632
forecast_1292,2025-02-23 20:00:00,11210.058439817562,12578.234555215593,8073.86341700081
forecast_1293,2025-02-23 21:00:00,12349.215667927754,13529.965418451484,8849.526295237221
forecast_1294,2025-02-23 22:00:00,13833.620825502949,14737.535832986283,10004.584309959715
forecast_1295,2025-02-23 23:00:00,13499.177475682429,14131.165848639817,10393.934504839885
forecast_1296,2025-02-24 00:00:00,14736.69046247728,14180.78450047179,11377.362339456782
forecast_1297,2025-02-24 01:00:00,14723.157520689132,14368.762464023002,11624.454192681114
forecast_1298,2025-02-24 02:00:00,16110.541938377353,15482.599404074932,12432.964509091671
forecast_1299,2025-02-24 03:00:00,16561.71303238457,15451.12326750954,12961.079333991489
forecast_1300,2025-02-24 04:00:00,17127.663510104074,16278.158465232329,13440.92896545027
forecast_1301,2025-02-24 05:00:00,17079.266345386357,16380.75938412565,13893.617570676919
forecast_1302,2025-02-24 06:00:00,16427.72262421186,15555.169590919677,13316.904394684834
forecast_1303,2025-02-24 07:00:00,16061.010344421516,15557.107751747446,13718.324062854275
forecast_1304,2025-02-24 08:00:00,15924.027884161302,15563.384967988315,12678.88734648116
forecast_1305,2025-02-24 09:00:00,15798.16453912162,15091.73695476111,12811.461962288058
forecast_1306,2025-02-24 10:00:00,13256.735832935226,13944.85154284067,11549.05938341589
forecast_1307,2025-02-24 11:00:00,12013.25138354625,13032.501253720053,9972.689714140102
forecast_1308,2025-02-24 12:00:00,11395.53877482226,11416.24961468383,7734.054225545777
forecast_1309,2025-02-24 13:00:00,11018.474268050371,11568.288542569446,7335.209226709802
forecast_1310,2025-02-24 14:00:00,11569.608442158513,11556.227755732312,7341.197442915198
forecast_1311,2025-02-24 15:00:00,12657.902678762825,12027.374961790976,8478.686693955764
forecast_1312,2025-02-24 16:00:00,13035.41712533317,12975.57887811364,8724.018621608879
forecast_1313,2025-02-24 17:00:00,13988.046517104382,14387.710950705683,10750.091344735716
forecast_1314,2025-02-24 18:00:00,15880.53005912066,16307.88367557046,12240.004167915065
forecast_1315,2025-02-24 19:00:00,16441.9225920383,17235.43870485638,14593.994783397884
forecast_1316,2025-02-24 20:00:00,17565.923059609835,18167.81679632079,16238.54405674254
forecast_1317,2025-02-24 21:00:00,18631.293998616486,18294.680428461656,17242.448217881458
forecast_1318,2025-02-24 22:00:00,19688.03618532619,19359.589247667584,18214.463222512866
forecast_1319,2025-02-24 23:00:00,20049.997659559176,19430.927505390944,18375.819464358825
forecast_1320,2025-02-25 00:00:00,20259.663024896272,19586.097762729685,18487.811167743333
forecast_1321,2025-02-25 01:00:00,20103.789745680835,19592.238212001146,18157.191609930538
forecast_1322,2025-02-25 02:00:00,19301.422832411725,19984.441169297184,18488.868968410665
forecast_1323,2025-02-25 03:00:00,20399.357911519503,20225.761666719423,18669.57802954143
forecast_1324,2025-02-25 04:00:00,20112.065105504145,20381.616637275532,18416.19794122207
forecast_1325,2025-02-25 05:00:00,19920.71743948289,20579.822927404155,18750.98928702863
forecast_1326,2025-02-25 06:00:00,19848.697667496155,20554.5688937172,18907.940064842573
forecast_1327,2025-02-25 07:00:00,19859.458707408034,20500.43744176174,18831.613146520864
forecast_1328,2025-02-25 08:00:00,19781.040316481976,20293.2590190278,17583.31161177117
forecast_1329,2025-02-25 09:00:00,20081.22288383015,19658.574951220584,17664.939835631692
forecast_1330,2025-02-25 10:00:00,17952.540659026392,18887.306388715864,17752.57783274026
forecast_1331,2025-02-25 11:00:00,17521.03314317507,17948.087218844103,17663.257864819534
forecast_1332,2025-02-25 12:00:00,17152.125676874395,16671.088827995667,16806.719621739026
forecast_1333,2025-02-25 13:00:00,15134.040864972121,14824.147341856376,14161.264276497426
forecast_1334,2025-02-25 14:00:00,15482.515792573675,14943.25142327228,16355.15284006989
forecast_1335,2025-02-25 15:00:00,15618.88334793659,15328.415945173503,16193.132423430492
forecast_1336,2025-02-25 16:00:00,16422.49583485784,16182.73571747666,16718.436289890135
forecast_1337,2025-02-25 17:00:00,17434.39897546295,17849.730158351573,17304.23847302507
forecast_1338,2025-02-25 18:00:00,18340.941496362793,18653.84626310749,18097.047072586727
forecast_1339,2025-02-25 19:00:00,18812.864823770567,19044.22558387953,19003.283255893853
forecast_1340,2025-02-25 20:00:00,19031.007928649542,19178.591497651545,19334.064734497526
forecast_1341,2025-02-25 21:00:00,19240.61114280585,19205.650630087563,19439.271349216975
forecast_1342,2025-02-25 22:00:00,19523.2752373182,19343.851882108247,19547.950831613864
forecast_1343,2025-02-25 23:00:00,19502.62576230556,19242.774755577808,19385.352206566382
forecast_1344,2025-02-26 00:00:00,19521.452252387695,19193.966395825646,19610.454341150045
forecast_1345,2025-02-26 01:00:00,19422.921300560578,18971.572094982308,19797.89647588874
forecast_1346,2025-02-26 02:00:00,19355.81457791689,18854.569081925456,19726.52609177618
forecast_1347,2025-02-26 03:00:00,19193.706511183704,18963.114601064786,19524.447521521783
forecast_1348,2025-02-26 04:00:00,18649.23400941394,18720.76385030446,19288.934055720165
forecast_1349,2025-02-26 05:00:00,18472.50062522128,18703.753520309598,19166.65471343461
forecast_1350,2025-02-26 06:00:00,17756.89532362153,18374.722778316427,17311.61085949008
forecast_1351,2025-02-26 07:00:00,17635.31134960683,18645.957758157947,16685.94896675667
forecast_1352,2025-02-26 08:00:00,17283.409352891522,18020.476322206192,16443.131919373103
forecast_1353,2025-02-26 09:00:00,16386.370775982246,16991.604150107327,14002.799837583365
forecast_1354,2025-02-26 10:00:00,14084.655387956404,15212.367289502972,11753.621582779208
forecast_1355,2025-02-26 11:00:00,13220.063838158745,13572.086000657346,10610.565844582012
forecast_1356,2025-02-26 12:00:00,13529.24892842823,13302.066238506019,10393.4989365504
forecast_1357,2025-02-26 13:00:00,13232.67598943345,12903.664434142804,10143.809406602555
forecast_1358,2025-02-26 14:00:00,13159.605795919068,12551.457938603162,9927.977738370217
forecast_1359,2025-02-26 15:00:00,13336.451667807547,13141.09702342048,9565.064785856968
forecast_1360,2025-02-26 16:00:00,13356.686686630983,13289.583937227586,9930.661882683708
forecast_1361,2025-02-26 17:00:00,13532.952208094317,13163.626136037787,11067.385008576755
forecast_1362,2025-02-26 18:00:00,14547.172461942651,14756.248320762847,13509.826729134384
forecast_1363,2025-02-26 19:00:00,15965.86647465865,16957.70789601795,15365.573641602923
forecast_1364,2025-02-26 20:00:00,16645.979585249523,18072.382358213817,16134.982505607297
forecast_1365,2025-02-26 21:00:00,17485.48528167951,18942.34826490573,17582.952029701588
forecast_1366,2025-02-26 22:00:00,17405.770511538834,19459.07924260768,17087.857274899983
forecast_1367,2025-02-26 23:00:00,17537.9868525776,19556.78394616821,16088.485216017898
forecast_1368,2025-02-27 00:00:00,18118.523603132242,19956.421143606523,17805.372501747275
forecast_1369,2025-02-27 01:00:00,18607.867263695356,19892.76762466417,18142.084287584697
forecast_1370,2025-02-27 02:00:00,19040.55689841482,19901.379620617714,17862.005368019687
forecast_1371,2025-02-27 03:00:00,18813.70221471903,19667.66837644568,18433.20033002848
forecast_1372,2025-02-27 04:00:00,19080.711684177633,19719.67101817682,18679.80787804627
forecast_1373,2025-02-27 05:00:00,18665.50242170713,19378.832608557455,18222.239965378238
forecast_1374,2025-02-27 06:00:00,18366.470702073173,19313.54369962502,17864.814418565016
forecast_1375,2025-02-27 07:00:00,17980.021980464928,18193.62271256195,16583.130570061785
forecast_1376,2025-02-27 08:00:00,16864.732573415276,17260.150089088325,16371.777141047696
forecast_1377,2025-02-27 09:00:00,16684.49350694192,17020.26202132799,14642.25152520608
forecast_1378,2025-02-27 10:00:00,14152.356723436276,15446.55169096017,14359.570134608412
forecast_1379,2025-02-27 11:00:00,11819.249599623023,13232.443929323586,12894.738232589712
forecast_1380,2025-02-27 12:00:00,10199.145365657669,11465.555023093437,10566.890560856775
forecast_1381,2025-02-27 13:00:00,8202.886453515684,8890.118064128152,9009.38201804413
forecast_1382,2025-02-27 14:00:00,7703.708743088986,7459.795380630714,8076.6028820981555
forecast_1383,2025-02-27 15:00:00,7246.167894633959,6325.944247818526,7730.125252735812
forecast_1384,2025-02-27 16:00:00,7602.482528739446,6166.997826182634,7272.579620081217
forecast_1385,2025-02-27 17:00:00,8023.8592655050115,6861.856533232801,6089.247641818907
forecast_1386,2025-02-27 18:00:00,8872.054687890579,7378.168165250183,6630.237769912625
forecast_1387,2025-02-27 19:00:00,10173.993636832125,9233.209844195662,7976.822561125099
forecast_1388,2025-02-27 20:00:00,10943.880948859149,10608.418044002403,8411.127528153298
forecast_1389,2025-02-27 21:00:00,12628.877617071174,13305.584498461063,10098.737727972983
forecast_1390,2025-02-27 22:00:00,13887.281151133498,15724.71620763742,11092.492410215149
forecast_1391,2025-02-27 23:00:00,14249.484289045155,16888.300356944852,12159.853096441513
forecast_1392,2025-02-28 00:00:00,15346.094687235429,16821.155647956126,12654.940906302729
forecast_1393,2025-02-28 01:00:00,16185.537975692427,16469.20715002861,14163.407246996263
forecast_1394,2025-02-28 02:00:00,16959.61494787842,16538.011308148263,14611.53277253049
forecast_1395,2025-02-28 03:00:00,17567.739124037085,16217.813296752773,15882.433106813887
forecast_1396,2025-02-28 04:00:00,18023.183290721052,17652.93238518074,16326.234425222212
forecast_1397,2025-02-28 05:00:00,18094.90122508454,18359.872747805366,16656.531039574915
forecast_1398,2025-02-28 06:00:00,17725.30769782059,18357.028320723486,17268.24059616848
forecast_1399,2025-02-28 07:00:00,17645.239278679943,18603.803932156025,15864.660698028307
forecast_1400,2025-02-28 08:00:00,14860.618237644961,17113.055083442112,15490.739156472782
forecast_1401,2025-02-28 09:00:00,16263.71581099247,17677.220375184803,15539.596210716882
forecast_1402,2025-02-28 10:00:00,15272.751693857634,16761.050248638676,14992.671264007276
forecast_1403,2025-02-28 11:00:00,14495.90140026277,15949.75160745442,13862.99130206563
forecast_1404,2025-02-28 12:00:00,13437.51232137276,13815.337345582011,11252.067332399052
forecast_1405,2025-02-28 13:00:00,12231.314337924307,12493.993200993917,11062.046675923482
forecast_1406,2025-02-28 14:00:00,12478.156860946394,12595.18517968556,11548.926704339596
forecast_1407,2025-02-28 15:00:00,12430.427781320594,11963.644773961045,11326.561401916351
forecast_1408,2025-02-28 16:00:00,12059.833321132332,12061.790627710192,10659.502185266754
forecast_1409,2025-02-28 17:00:00,13607.979548632176,14247.683709432731,12327.630174483247
forecast_1410,2025-02-28 18:00:00,13737.898037135696,13536.6033296149,12255.653527292521
forecast_1411,2025-02-28 19:00:00,13088.880952960222,12489.511407332884,11106.017121930547
forecast_1412,2025-02-28 20:00:00,13983.654614572813,12775.970271933653,9990.903227210212
forecast_1413,2025-02-28 21:00:00,13061.01020054782,10229.29880804515,9061.190605382999
forecast_1414,2025-02-28 22:00:00,13085.465620318937,9136.548541165113,9129.745895702627
forecast_1415,2025-02-28 23:00:00,11773.438734399064,8092.259058610292,8604.440998650945
forecast_1416,2025-03-01 00:00:00,9974.523275820853,6502.191115181941,7218.668880728776
forecast_1417,2025-03-01 01:00:00,10539.170220921062,7447.787242707112,7538.385823490849
forecast_1418,2025-03-01 02:00:00,8320.001455785621,6173.812721040606,6061.960301147644
forecast_1419,2025-03-01 03:00:00,6977.2934935929325,5596.728257513659,5455.247226497616
forecast_1420,2025-03-01 04:00:00,5499.591913988681,4627.469971277611,4210.816838930847
forecast_1421,2025-03-01 05:00:00,3757.837265436241,3378.6746561165837,3472.6751097659812
forecast_1422,2025-03-01 06:00:00,3715.5428895060463,3860.327327851705,3424.7901815570563
forecast_1423,2025-03-01 07:00:00,3699.975202195014,3792.88797152423,3386.278265589128
forecast_1424,2025-03-01 08:00:00,3570.2560446145644,3594.5648450470935,3364.812581071996
forecast_1425,2025-03-01 09:00:00,3530.92074799532,3523.152055710796,3372.206058954041
forecast_1426,2025-03-01 10:00:00,3526.3313609162774,3500.7097730792584,3420.7515917235214
forecast_1427,2025-03-01 11:00:00,3567.2330687664876,3503.8097523105384,3466.11518201012
forecast_1428,2025-03-01 12:00:00,3523.741469392245,3521.4850144941133,3442.654435813244
forecast_1429,2025-03-01 13:00:00,3578.969382419588,3722.187776159156,3476.40202967001
forecast_1430,2025-03-01 14:00:00,3807.0162613560155,3870.421539808359,3686.757158893511
forecast_1431,2025-03-01 15:00:00,4902.360425642792,3203.3946706917322,3533.175789681609
forecast_1432,2025-03-01 16:00:00,3633.8799271969883,3799.4413509452975,3648.6679883368934
forecast_1433,2025-03-01 17:00:00,3728.4388746529567,3766.95750597679,3720.112794161725
forecast_1434,2025-03-01 18:00:00,3860.239692307869,4054.8077978031756,3700.95764739722
forecast_1435,2025-03-01 19:00:00,3698.9861983411365,3408.309872571909,3475.8963525887816
forecast_1436,2025-03-01 20:00:00,3674.8035396674186,3123.2429455165643,3455.8048323114417
forecast_1437,2025-03-01 21:00:00,3710.0141555222026,3229.1157691766716,3633.36557276098
forecast_1438,2025-03-01 22:00:00,3648.400394001174,3449.096418390746,3631.818535940853
forecast_1439,2025-03-01 23:00:00,4605.060788494819,3098.987339412543,3596.8103115879844
forecast_1440,2025-03-02 00:00:00,4579.478931854935,3868.749376760118,3481.438874220631
forecast_1441,2025-03-02 01:00:00,3971.918446623916,4680.219299581735,4418.55629208375
forecast_1442,2025-03-02 02:00:00,5526.968147130145,4584.515705799592,3985.234471132773
forecast_1443,2025-03-02 03:00:00,3823.033589860649,3802.9053350723466,3849.706794182405
forecast_1444,2025-03-02 04:00:00,5537.869043566637,4366.925237014496,3789.5795008138784
forecast_1445,2025-03-02 05:00:00,5508.846666487954,4390.334311740739,3688.677826417825
forecast_1446,2025-03-02 06:00:00,4641.6367820638625,3817.043685624729,3464.5706098213827
forecast_1447,2025-03-02 07:00:00,3593.384580437238,3643.200255151042,3416.672411406025
forecast_1448,2025-03-02 08:00:00,3595.9493539079394,3873.481837230683,3384.951147313103
forecast_1449,2025-03-02 09:00:00,3436.068540183118,3160.978219088212,3403.590309689181
forecast_1450,2025-03-02 10:00:00,3758.689744211485,4729.387188643054,3602.8218044753025
forecast_1451,2025-03-02 11:00:00,3928.5809683370258,5012.651716173545,3609.674615096212
forecast_1452,2025-03-02 12:00:00,4011.5507190230005,5052.24515432193,4319.09804802297
forecast_1453,2025-03-02 13:00:00,3803.7940094335677,3851.7398062278903,4737.227751316143
forecast_1454,2025-03-02 14:00:00,4461.227748965216,7262.736913217142,5353.0781032143
forecast_1455,2025-03-02 15:00:00,4634.791874946984,7674.957415484191,5995.480686672411
forecast_1456,2025-03-02 16:00:00,4594.233220592189,7444.831714964924,7514.365136413403
forecast_1457,2025-03-02 17:00:00,4364.656955494529,7007.100107519684,9009.85824923389
forecast_1458,2025-03-02 18:00:00,4394.8847299826675,7336.24256182618,10056.453110987533
forecast_1459,2025-03-02 19:00:00,5374.780872599062,11396.92572801893,11008.732702249972
forecast_1460,2025-03-02 20:00:00,5369.546209101464,11425.769957998133,11316.967938097163
forecast_1461,2025-03-02 21:00:00,5032.900092357042,10894.163045842277,12190.473236955024
forecast_1462,2025-03-02 22:00:00,5330.5300704735555,11833.986183106732,12503.633852316272
forecast_1463,2025-03-02 23:00:00,5425.496841008623,11906.688682978693,13095.90297510573
forecast_1464,2025-03-03 00:00:00,5296.742240495711,11698.492106430187,12862.237812595242
forecast_1465,2025-03-03 01:00:00,15181.374439711528,14447.369793876396,13019.088492856534
forecast_1466,2025-03-03 02:00:00,14789.054550116207,14787.468986342687,12566.93517294874
forecast_1467,2025-03-03 03:00:00,14896.160365735854,15427.827652546,12970.45414080205
forecast_1468,2025-03-03 04:00:00,15249.539021723196,16463.461368801563,12872.189102551069
forecast_1469,2025-03-03 05:00:00,15167.123037072417,16441.436725182204,12391.876262920887
forecast_1470,2025-03-03 06:00:00,16446.989304320352,17421.96728543643,13135.558483491852
forecast_1471,2025-03-03 07:00:00,16675.69010255373,17231.16749590277,13073.058216200532
forecast_1472,2025-03-03 08:00:00,6472.919069538574,17145.454982575706,13351.542980118564
forecast_1473,2025-03-03 09:00:00,6412.020805853862,16821.708460486556,13317.245279022174
forecast_1474,2025-03-03 10:00:00,6210.736150365349,15746.695192714455,13700.560398242389
forecast_1475,2025-03-03 11:00:00,14498.614291617307,15887.815742942845,13586.30884125363
forecast_1476,2025-03-03 12:00:00,13915.845679391909,15572.556886494529,13683.229209425459
forecast_1477,2025-03-03 13:00:00,13510.622454316872,15560.56247632165,13698.59882797452
forecast_1478,2025-03-03 14:00:00,13200.022033135145,15320.02015365091,13699.877736512197
forecast_1479,2025-03-03 15:00:00,6323.810201115946,16398.861421113743,13804.005581076217
forecast_1480,2025-03-03 16:00:00,6061.892495467129,15705.883703494344,13736.907403713578
forecast_1481,2025-03-03 17:00:00,6025.418812685603,15538.232206774142,13622.829673431139
forecast_1482,2025-03-03 18:00:00,5968.948661654312,15102.799376988982,13818.656330803924
forecast_1483,2025-03-03 19:00:00,5954.362347151203,14999.997299943954,13096.30105298014
forecast_1484,2025-03-03 20:00:00,5831.952382738319,14641.816476660086,12248.683963435113
forecast_1485,2025-03-03 21:00:00,5922.155393250039,14721.97532044097,12163.629190027672
forecast_1486,2025-03-03 22:00:00,5989.050217356226,15188.698705649264,3646.672653203154
forecast_1487,2025-03-03 23:00:00,6087.684100409124,15482.240603854074,3585.5665020581655
forecast_1488,2025-03-04 00:00:00,14014.968016066401,15597.363286678885,3744.45576897615
forecast_1489,2025-03-04 01:00:00,14482.704731150343,16299.37798219801,12583.467425427963
forecast_1490,2025-03-04 02:00:00,15196.6716978006,16353.029052663487,12631.463805291683
forecast_1491,2025-03-04 03:00:00,15388.975961925385,15366.10463334644,12536.067836253387
forecast_1492,2025-03-04 04:00:00,15828.41787228432,15373.428620818308,12420.911908211618
forecast_1493,2025-03-04 05:00:00,6207.043527876248,15639.301531483265,12320.829890900288
forecast_1494,2025-03-04 06:00:00,15988.069143059052,16139.916387719612,11743.450221646808
forecast_1495,2025-03-04 07:00:00,15739.545148869023,16349.97720921584,12257.137171085598
forecast_1496,2025-03-04 08:00:00,15915.928509933685,16667.02255711938,12281.90805128643
forecast_1497,2025-03-04 09:00:00,15962.908083549431,16981.60194494422,12037.223494840398
forecast_1498,2025-03-04 10:00:00,6531.410620201529,17170.624630228052,12155.762580416958
forecast_1499,2025-03-04 11:00:00,15917.402568725785,17184.523394855492,12419.008786295091
forecast_1500,2025-03-04 12:00:00,15855.9369945984,17215.015464603315,12153.433669835715
forecast_1501,2025-03-04 13:00:00,16090.71402672821,17363.731586997365,12153.737908457493
forecast_1502,2025-03-04 14:00:00,15763.994502929656,17179.44577191222,12313.35867825778
forecast_1503,2025-03-04 15:00:00,15723.788358120555,17331.91776067841,12490.502348638307
forecast_1504,2025-03-04 16:00:00,15614.233664495605,17418.208619208635,13104.186527139356
forecast_1505,2025-03-04 17:00:00,15418.954604590885,17110.432653529602,12565.386118397802
forecast_1506,2025-03-04 18:00:00,14941.71943344508,16890.4076669882,12790.64316430126
forecast_1507,2025-03-04 19:00:00,14404.408584121378,16583.52571322159,13480.326143866794
forecast_1508,2025-03-04 20:00:00,13756.015575389309,15873.533394446511,12785.248244515378
forecast_1509,2025-03-04 21:00:00,13676.122001243533,15369.491414904434,11781.329925438651
forecast_1510,2025-03-04 22:00:00,13571.45978343924,15137.811679188637,11912.640393026515
forecast_1511,2025-03-04 23:00:00,5660.123728550809,12750.159695881335,12103.445251366316
forecast_1512,2025-03-05 00:00:00,5315.710268219806,11615.72153920103,10536.99263254634
forecast_1513,2025-03-05 01:00:00,3618.2573258376324,3794.328694988361,3613.3453559750587
forecast_1514,2025-03-05 02:00:00,3555.4045301083133,3498.4850303918965,3524.741217783463
forecast_1515,2025-03-05 03:00:00,3495.910187713874,3483.4379404095316,3587.90102304625
forecast_1516,2025-03-05 04:00:00,3497.266444853829,3522.253411122465,3741.778276985588
forecast_1517,2025-03-05 05:00:00,3489.222601680414,3517.284413448204,3524.3494786186066
forecast_1518,2025-03-05 06:00:00,3473.884499576397,3490.0814006957758,3710.993726620192
forecast_1519,2025-03-05 07:00:00,3485.8907555795013,3473.0427512808974,3579.2972418324225
forecast_1520,2025-03-05 08:00:00,3479.516281332189,3478.1671806906925,3651.667149227977
forecast_1521,2025-03-05 09:00:00,3467.933828578774,3479.8375920760614,3512.556447018411
forecast_1522,2025-03-05 10:00:00,3467.649449732334,3466.08926050436,3425.6818856003097
forecast_1523,2025-03-05 11:00:00,3463.8642213681446,3464.6406626568355,3398.615353546785
forecast_1524,2025-03-05 12:00:00,3458.9923264464483,3462.358601070284,3379.388890018132
forecast_1525,2025-03-05 13:00:00,3459.455328159025,3465.37989193292,3374.5258531296295
forecast_1526,2025-03-05 14:00:00,3461.516501991481,3462.0348606026305,3398.085630815553
forecast_1527,2025-03-05 15:00:00,3462.439396883875,3462.239251585027,3374.7534657317387
forecast_1528,2025-03-05 16:00:00,3459.815923962677,3460.682326223454,3362.670873723745
forecast_1529,2025-03-05 17:00:00,3460.4432837096815,3463.6097234126764,3361.7650823934755
forecast_1530,2025-03-05 18:00:00,3462.4302197683764,3473.7102005146394,3362.20085727476
forecast_1531,2025-03-05 19:00:00,3463.202095270073,3478.410076765725,3380.010055609444
forecast_1532,2025-03-05 20:00:00,3470.1383556442343,3495.767785132669,3406.1086646732724
forecast_1533,2025-03-05 21:00:00,3480.1996695544713,3487.078045990957,3404.88569624226
forecast_1534,2025-03-05 22:00:00,3477.6506336737116,3479.386345649354,3393.627905580485
forecast_1535,2025-03-05 23:00:00,3503.4023235916316,3494.9115243826077,3388.710456724994
forecast_1536,2025-03-06 00:00:00,3475.383243978878,3472.678202780941,3370.559773985475
forecast_1537,2025-03-06 01:00:00,3482.9842216416423,3471.1390696011026,3396.9598678756106
forecast_1538,2025-03-06 02:00:00,3480.4752494357613,3476.5967081438553,3369.1645909278354
forecast_1539,2025-03-06 03:00:00,3477.8279667339084,3480.0729714278855,3366.807881319199
forecast_1540,2025-03-06 04:00:00,3475.0893596894643,3481.6301549242685,3364.5808652132073
forecast_1541,2025-03-06 05:00:00,3462.6107587346823,3465.844207404252,3362.233715321661
forecast_1542,2025-03-06 06:00:00,3460.802977170954,3466.886210984938,3361.023431139469
forecast_1543,2025-03-06 07:00:00,3460.8637637989405,3465.9050318339987,3360.7614031986004
forecast_1544,2025-03-06 08:00:00,3462.24341984419,3462.466850317448,3360.4501119826864
forecast_1545,2025-03-06 09:00:00,3458.9693332979987,3459.176522990658,3360.208252883557
forecast_1546,2025-03-06 10:00:00,3458.6387153715445,3457.5934242192093,3360.279835478839
forecast_1547,2025-03-06 11:00:00,3459.569507462235,3458.184149087224,3360.3853103935153
forecast_1548,2025-03-06 12:00:00,3458.8770888139093,3457.6533568505793,3360.373938124649
forecast_1549,2025-03-06 13:00:00,3459.183229183251,3460.5143280027446,3360.6375537729623
forecast_1550,2025-03-06 14:00:00,3458.4750291623454,3459.0924119166775,3360.3690342564455
forecast_1551,2025-03-06 15:00:00,3458.457186736793,3459.687270035454,3360.39681097486
forecast_1552,2025-03-06 16:00:00,3457.7341084173772,3458.458443065755,3360.3395356977667
forecast_1553,2025-03-06 17:00:00,3460.58705670487,3466.355102742371,3362.9855547818493
forecast_1554,2025-03-06 18:00:00,3459.9906354859113,3464.9562469188686,3360.898743063052
forecast_1555,2025-03-06 19:00:00,3457.7845403530296,3462.183891475889,3360.803095890297
forecast_1556,2025-03-06 20:00:00,3460.934411283283,3466.9836190124097,3361.8010770018773
forecast_1557,2025-03-06 21:00:00,3474.3117472279664,3487.9582308302397,3367.1622757791483
forecast_1558,2025-03-06 22:00:00,3481.63473119635,3490.2191273277144,3361.893715656373
forecast_1559,2025-03-06 23:00:00,3483.158590869296,3486.66743200015,3363.1455493910685
forecast_1560,2025-03-07 00:00:00,3496.1048851276596,3508.1910438072855,3361.9528279682086
forecast_1561,2025-03-07 01:00:00,3466.861578916658,3471.098474017755,3362.4694374748346
forecast_1562,2025-03-07 02:00:00,3480.3461445012367,3503.576159456985,3363.120710531031
forecast_1563,2025-03-07 03:00:00,3464.3257147776376,3467.3996457699545,3360.651530648588
forecast_1564,2025-03-07 04:00:00,3457.688750280605,3458.957706414305,3360.300641148155
forecast_1565,2025-03-07 05:00:00,3457.955179259795,3460.025079962768,3360.5157760101974
forecast_1566,2025-03-07 06:00:00,3458.799348621856,3461.194631374215,3360.693845774117
forecast_1567,2025-03-07 07:00:00,3457.4108500421708,3458.84344992867,3360.5788384695916
forecast_1568,2025-03-07 08:00:00,3457.184223360773,3458.2036249013818,3360.4746934023055
forecast_1569,2025-03-07 09:00:00,3457.105372685297,3458.1284642686196,3360.3634229344175
forecast_1570,2025-03-07 10:00:00,3456.438812540792,3456.5941440450747,3360.307533037078
forecast_1571,2025-03-07 11:00:00,3456.5173866500054,3456.6383861800064,3360.4400805192354
forecast_1572,2025-03-07 12:00:00,3456.545895004345,3456.744597015372,3360.8864818551306
forecast_1573,2025-03-07 13:00:00,3456.3661835528246,3456.2343922123046,3360.147968407827
forecast_1574,2025-03-07 14:00:00,3456.36704689964,3456.5409071307995,3360.2024834437652
forecast_1575,2025-03-07 15:00:00,3456.5214990631407,3456.6840768095553,3360.215926038978
forecast_1576,2025-03-07 16:00:00,3456.3230015235654,3456.7156049551395,3360.237636318304
forecast_1577,2025-03-07 17:00:00,3456.576009788338,3456.7812560302655,3360.299721167543
forecast_1578,2025-03-07 18:00:00,3458.0578674462063,3463.2628195030975,3360.562354749697
forecast_1579,2025-03-07 19:00:00,3459.474803106807,3469.7090470078665,3361.9894677843117
forecast_1580,2025-03-07 20:00:00,3462.019991277055,3463.988695749207,3360.812378489372
forecast_1581,2025-03-07 21:00:00,3469.0757367913325,3478.410049805312,3363.0472482280843
forecast_1582,2025-03-07 22:00:00,3482.4025661793744,3490.0517189443126,3365.404154231638
forecast_1583,2025-03-07 23:00:00,3513.867923047419,3556.312549801578,3364.000495332828
forecast_1584,2025-03-08 00:00:00,3544.1016787974986,3579.779978016029,3377.972474487353
forecast_1585,2025-03-08 01:00:00,3530.811757598024,3563.51181133741,3364.9816949430856
forecast_1586,2025-03-08 02:00:00,3527.076848668182,3688.356170448514,3368.976579552695
forecast_1587,2025-03-08 03:00:00,3606.1691272045273,3736.118530499606,3391.6083672887507
forecast_1588,2025-03-08 04:00:00,3628.5184313631835,3682.0040159862074,3630.2112245193025
forecast_1589,2025-03-08 05:00:00,3667.591408748215,3770.209747793883,3582.0060965363737
forecast_1590,2025-03-08 06:00:00,4302.702743654039,6603.546939673744,3660.8687056714216
forecast_1591,2025-03-08 07:00:00,3751.4045006235488,3637.2956428740936,3588.7463778132314
forecast_1592,2025-03-08 08:00:00,3854.5657618668947,3874.7991974665406,3549.088018443588
forecast_1593,2025-03-08 09:00:00,3638.244071280066,3758.99551763762,3427.986815902046
forecast_1594,2025-03-08 10:00:00,3565.1279734216146,3613.8582589987827,3387.8586685856208
forecast_1595,2025-03-08 11:00:00,3575.7028541414556,3685.9714642358604,3421.1434921107452
forecast_1596,2025-03-08 12:00:00,3615.046577608068,3700.97522678405,3560.1625961836685
forecast_1597,2025-03-08 13:00:00,3663.550631430862,3758.649767087799,4455.382860180324
forecast_1598,2025-03-08 14:00:00,3780.1082933171415,3814.676737583926,3681.138562705105
forecast_1599,2025-03-08 15:00:00,6913.583694162149,3843.60500378764,4790.333200518859
forecast_1600,2025-03-08 16:00:00,3861.5587641428906,3771.397096477262,4943.639954303897
forecast_1601,2025-03-08 17:00:00,6355.654216307352,3818.515892684916,5431.651322632045
forecast_1602,2025-03-08 18:00:00,8024.610201929012,7310.554981134524,5560.233471396765
forecast_1603,2025-03-08 19:00:00,8082.250453953884,3854.959398222307,6610.479551590797
forecast_1604,2025-03-08 20:00:00,8932.996763076731,7508.195981518992,6800.484932362786
forecast_1605,2025-03-08 21:00:00,8915.077000868854,7430.642313404274,6972.254419087218
forecast_1606,2025-03-08 22:00:00,8834.92835916965,8087.892484134547,7248.829065329516
forecast_1607,2025-03-08 23:00:00,8859.6521787317,7481.2998593835955,7066.970456043714
forecast_1608,2025-03-09 00:00:00,8380.032301233645,6393.477959491264,6806.895933477885
forecast_1609,2025-03-09 01:00:00,6992.242545102869,4741.958342997127,5062.279678096546
forecast_1610,2025-03-09 02:00:00,6194.007543297201,3684.681089218423,4985.810985286604
forecast_1611,2025-03-09 03:00:00,6010.369985287014,3733.807932576331,4697.292245421597
forecast_1612,2025-03-09 04:00:00,5410.932540047073,3863.1809103541796,4139.958868682099
forecast_1613,2025-03-09 05:00:00,4925.012338146688,3714.459680019364,3659.1159923913146
forecast_1614,2025-03-09 06:00:00,4950.81840265093,3629.929274425451,3579.168757827086
forecast_1615,2025-03-09 07:00:00,3583.6199660131692,3520.5256656791967,3536.8719569409313
forecast_1616,2025-03-09 08:00:00,3485.3644717589527,3463.0488974568275,3366.4404350237473
forecast_1617,2025-03-09 09:00:00,3462.285421050395,3458.424495071569,3363.692900366548
forecast_1618,2025-03-09 10:00:00,3457.2447031220136,3456.380449082127,3361.071356763548
forecast_1619,2025-03-09 11:00:00,3456.65791292588,3456.2406080197416,3360.362837793236
forecast_1620,2025-03-09 12:00:00,3456.732456521872,3456.209145116783,3360.4848330091872
forecast_1621,2025-03-09 13:00:00,3456.5599327207688,3456.3232821721795,3360.5193915742843
forecast_1622,2025-03-09 14:00:00,3456.427641469001,3456.4328758192833,3360.7333606345073
forecast_1623,2025-03-09 15:00:00,3456.466932266254,3456.2928864948954,3360.4043800993154
forecast_1624,2025-03-09 16:00:00,3456.297701403014,3456.3765388407305,3360.2611563583596
forecast_1625,2025-03-09 17:00:00,3456.439031781294,3456.390446547848,3360.2139332422794
forecast_1626,2025-03-09 18:00:00,3456.8232311962956,3457.7616880730434,3360.3523581055465
forecast_1627,2025-03-09 19:00:00,3458.167789763055,3457.492117399391,3361.2707768722235
forecast_1628,2025-03-09 20:00:00,3461.9964898692206,3464.552722417715,3362.112762061619
forecast_1629,2025-03-09 21:00:00,3465.6254463684336,3477.1224359809958,3363.5644188297697
forecast_1630,2025-03-09 22:00:00,3469.5354018144308,3472.3676088346547,3367.5681678903215
forecast_1631,2025-03-09 23:00:00,3521.913713758021,3582.2818968543374,3369.2424078878644
forecast_1632,2025-03-10 00:00:00,3735.373617859433,3776.9273550820067,3418.8194364158353
forecast_1633,2025-03-10 01:00:00,3868.29524906065,4380.153501843277,3592.8926481614703
forecast_1634,2025-03-10 02:00:00,4286.273110762634,5966.730496751282,5262.231199284951
forecast_1635,2025-03-10 03:00:00,6218.433610140289,6268.348219872059,4974.1390610727685
forecast_1636,2025-03-10 04:00:00,6703.24367784426,6735.818517269994,4728.180631549947
forecast_1637,2025-03-10 05:00:00,6511.12909224883,6512.314237702329,4761.91074132299
forecast_1638,2025-03-10 06:00:00,6696.1705438110685,6357.601249823745,4331.828822773024
forecast_1639,2025-03-10 07:00:00,7089.311758400656,6447.1783883665785,4081.652086214026
forecast_1640,2025-03-10 08:00:00,6889.323842520773,6053.596077429405,3808.5939373229835
forecast_1641,2025-03-10 09:00:00,6228.98334944005,4818.627941996571,3475.50064067065
forecast_1642,2025-03-10 10:00:00,3610.0391489165936,3282.428727146222,3530.2136548701737
forecast_1643,2025-03-10 11:00:00,3682.667877520894,3867.463678540434,3427.1082727153525
forecast_1644,2025-03-10 12:00:00,3678.7407220934883,3804.674939460549,3428.8522619132964
forecast_1645,2025-03-10 13:00:00,3534.5028832824937,3064.4678331767727,3497.1972645043443
forecast_1646,2025-03-10 14:00:00,3569.1537686740376,3083.4193248498227,3569.3036480619967
forecast_1647,2025-03-10 15:00:00,3784.6529100073285,3784.568906196,3562.0735315500724
forecast_1648,2025-03-10 16:00:00,4734.834385103096,3757.8053150912256,3669.701265788641
forecast_1649,2025-03-10 17:00:00,4978.484148326353,4236.778138950908,3769.804098636497
forecast_1650,2025-03-10 18:00:00,5830.277356332627,5576.671599714118,3753.9317403683285
forecast_1651,2025-03-10 19:00:00,7561.215782866629,7400.794972701622,5365.888311765193
forecast_1652,2025-03-10 20:00:00,9725.882743034066,9580.386816732916,6208.825088987058
forecast_1653,2025-03-10 21:00:00,11487.496597067198,11695.237017450456,8410.784308850505
forecast_1654,2025-03-10 22:00:00,14422.619356624758,15031.488303369344,11061.98448512837
forecast_1655,2025-03-10 23:00:00,16196.334992178974,15958.424895744558,12506.686628083136
forecast_1656,2025-03-11 00:00:00,17907.635886898162,16620.584129964678,14314.161145086206
forecast_1657,2025-03-11 01:00:00,17760.88797894617,16908.417044325466,14267.648943802777
forecast_1658,2025-03-11 02:00:00,18159.753789907863,17758.314956935046,14259.51635442073
forecast_1659,2025-03-11 03:00:00,18443.21937318482,18003.803909926413,15236.863165689969
forecast_1660,2025-03-11 04:00:00,19108.188650273703,18238.61364452439,15971.375406259147
forecast_1661,2025-03-11 05:00:00,18829.301468866444,17997.667924898047,15083.459028876401
forecast_1662,2025-03-11 06:00:00,17473.563329609646,15391.931776768832,12419.076979904503
forecast_1663,2025-03-11 07:00:00,13834.109132313357,11318.042473926344,7502.3812037041625
forecast_1664,2025-03-11 08:00:00,10475.544299110534,9093.691279763238,6404.241973065883
forecast_1665,2025-03-11 09:00:00,6669.67535054848,5351.882307370367,3565.0708791873903
forecast_1666,2025-03-11 10:00:00,3876.1822987410264,3870.0167740065976,3582.0705582203623
forecast_1667,2025-03-11 11:00:00,3646.6620668923374,3499.5840278198034,3387.9442352028705
forecast_1668,2025-03-11 12:00:00,3556.5174374862354,3605.350050614653,3493.899584735444
forecast_1669,2025-03-11 13:00:00,3522.7602363156766,3538.0904164947906,3423.134207542754
forecast_1670,2025-03-11 14:00:00,3503.7012700066384,3560.000651923099,3444.3675683201545
forecast_1671,2025-03-11 15:00:00,3512.1819551272715,3561.0853725244965,3450.7744267521307
forecast_1672,2025-03-11 16:00:00,3507.5159457197915,3506.1179516111583,3470.1047263216683
forecast_1673,2025-03-11 17:00:00,3528.386105907471,3522.7640482463466,3467.534573231771
forecast_1674,2025-03-11 18:00:00,5156.239893103264,3673.453747717504,3905.4647388366143
forecast_1675,2025-03-11 19:00:00,5839.686706541947,4811.9815043877015,5205.232763631767
forecast_1676,2025-03-11 20:00:00,6948.679941642001,6558.335807201355,5992.83011362038
forecast_1677,2025-03-11 21:00:00,9915.716403197248,9728.679202128582,7827.69261740095
forecast_1678,2025-03-11 22:00:00,10635.291686532762,9852.008719639512,8728.355573697414
forecast_1679,2025-03-11 23:00:00,15019.055979379811,14652.32779582488,12100.13297446793
forecast_1680,2025-03-12 00:00:00,16853.075444755144,17631.273066867867,14171.925752898058
forecast_1681,2025-03-12 01:00:00,16633.175023057778,16701.007895833773,13099.384942782628
forecast_1682,2025-03-12 02:00:00,16871.569765464566,17171.083089160278,13887.455107662343
forecast_1683,2025-03-12 03:00:00,15637.653390922715,16086.71201085074,13131.22835025397
forecast_1684,2025-03-12 04:00:00,18596.066081088982,17775.839420489192,13691.371974763359
forecast_1685,2025-03-12 05:00:00,18299.98580152039,18040.672166356853,15234.601033877772
forecast_1686,2025-03-12 06:00:00,18499.736194192636,17828.686038927026,17215.598297232576
forecast_1687,2025-03-12 07:00:00,18564.460386902145,17405.506753735863,16230.399069855866
forecast_1688,2025-03-12 08:00:00,18525.852569902272,17686.4716032794,16745.06186367761
forecast_1689,2025-03-12 09:00:00,18258.68926554312,18221.82211293982,17316.337075262265
forecast_1690,2025-03-12 10:00:00,17262.39281744025,16512.56424400285,15769.202820381774
forecast_1691,2025-03-12 11:00:00,17069.072881159824,16408.06857405973,16287.387532051738
forecast_1692,2025-03-12 12:00:00,17184.594039697175,16139.33132497299,16186.002630572459
forecast_1693,2025-03-12 13:00:00,17455.0064772539,16044.75379764277,15928.303646966186
forecast_1694,2025-03-12 14:00:00,18237.331636999723,16644.504961621078,16301.298762393275
forecast_1695,2025-03-12 15:00:00,18410.486155646908,17639.871305609224,16624.822645171615
forecast_1696,2025-03-12 16:00:00,18786.742227805422,18717.89854603435,18306.401642390458
forecast_1697,2025-03-12 17:00:00,18503.041654658045,18811.681876910043,18038.53350075931
forecast_1698,2025-03-12 18:00:00,17817.734865066464,18605.702336985945,16739.758224139503
forecast_1699,2025-03-12 19:00:00,17171.818645542015,17627.127523000323,15926.31635682068
forecast_1700,2025-03-12 20:00:00,16060.432421126003,16545.77231694165,13157.467096892118
forecast_1701,2025-03-12 21:00:00,14875.181512210698,15560.46882184892,15177.70254265568
forecast_1702,2025-03-12 22:00:00,14485.991235634312,14877.725384599027,13094.085722248878
forecast_1703,2025-03-12 23:00:00,13503.925714486148,13886.95032804772,12911.515287017846
forecast_1704,2025-03-13 00:00:00,13109.81718002684,13843.863313702934,12891.612301090216
forecast_1705,2025-03-13 01:00:00,13173.97245717104,14982.319093027343,11356.653970083895
forecast_1706,2025-03-13 02:00:00,14428.6525529672,14611.026540814733,11612.188649328353
forecast_1707,2025-03-13 03:00:00,13999.654090980497,14450.552059477355,11572.522496777021
forecast_1708,2025-03-13 04:00:00,12588.54476269344,13886.027407149588,11083.59740118869
forecast_1709,2025-03-13 05:00:00,12003.982320277055,13161.274734271954,11028.185659083372
forecast_1710,2025-03-13 06:00:00,10620.5093335714,11668.61099434858,10054.755923588149
forecast_1711,2025-03-13 07:00:00,9705.711584088447,11743.38693811559,8956.531063322684
forecast_1712,2025-03-13 08:00:00,8588.816154981156,10208.807071745885,6403.909381639715
forecast_1713,2025-03-13 09:00:00,8150.216123247707,8478.072450518535,5147.3440156087045
forecast_1714,2025-03-13 10:00:00,4231.0942104885025,5624.664414925544,3604.011713801466
forecast_1715,2025-03-13 11:00:00,3609.493835151275,3666.098744456785,3518.7144750240827
forecast_1716,2025-03-13 12:00:00,3595.976847270397,3713.5982764288083,3629.878738443801
forecast_1717,2025-03-13 13:00:00,3581.8759219177314,3593.6065702725323,3623.969139470391
forecast_1718,2025-03-13 14:00:00,3565.1639057622388,3528.5900517035016,3538.3987478484055
forecast_1719,2025-03-13 15:00:00,3511.6714341491997,3516.9816084934523,3509.0685104767163
forecast_1720,2025-03-13 16:00:00,3509.1393202508416,3468.426091806646,3488.3617462959005
forecast_1721,2025-03-13 17:00:00,3489.3099334756025,3473.6534225909622,3417.7130498212086
forecast_1722,2025-03-13 18:00:00,3502.701162272076,3537.781363274318,3369.9024256421603
forecast_1723,2025-03-13 19:00:00,3563.5447199031864,3546.827021757923,3405.416131332193
forecast_1724,2025-03-13 20:00:00,3719.2631374840585,3772.2452469485793,3528.063056782929
forecast_1725,2025-03-13 21:00:00,4438.36168497325,2689.0326424520354,3604.589338191221
forecast_1726,2025-03-13 22:00:00,5152.319973140385,3322.9232020691647,3978.397952565077
forecast_1727,2025-03-13 23:00:00,5061.597214039649,3163.0859678645006,3921.8961538076933
forecast_1728,2025-03-14 00:00:00,3584.438618030735,2815.615571560803,3755.2184191755914
forecast_1729,2025-03-14 01:00:00,3755.0480419165897,3711.1905000639913,3454.932882282092
forecast_1730,2025-03-14 02:00:00,3660.5975206942894,3644.7488540598665,3378.6406896474723
forecast_1731,2025-03-14 03:00:00,3685.737730993885,3690.410511708485,3371.9547630183197
forecast_1732,2025-03-14 04:00:00,3560.1323565513235,3588.78693454853,3363.2817248712145
forecast_1733,2025-03-14 05:00:00,3500.13955810009,3514.9685242356004,3360.563505887188
forecast_1734,2025-03-14 06:00:00,3519.228821880572,3567.8883074237497,3362.4478793804383
forecast_1735,2025-03-14 07:00:00,3514.4783094673876,3559.475349515348,3361.1823350316768
forecast_1736,2025-03-14 08:00:00,3511.72628143315,3575.121521213152,3361.7423787113594
forecast_1737,2025-03-14 09:00:00,3486.433716275546,3498.5937875537747,3362.271802383293
forecast_1738,2025-03-14 10:00:00,3477.5224651565813,3479.6678338124207,3368.620897661901
forecast_1739,2025-03-14 11:00:00,3468.6930244332293,3469.928905525799,3367.5430360254327
forecast_1740,2025-03-14 12:00:00,3466.5583652239693,3469.375673323857,3384.79684961607
forecast_1741,2025-03-14 13:00:00,3464.4421638702393,3472.6882420825623,3370.9242380157198
forecast_1742,2025-03-14 14:00:00,3463.115295605232,3463.230683618817,3364.572204861561
forecast_1743,2025-03-14 15:00:00,3459.7880708948687,3462.76239318669,3367.260761425577
forecast_1744,2025-03-14 16:00:00,3458.0862118489454,3457.9212323032557,3362.6899074320236
forecast_1745,2025-03-14 17:00:00,3457.8109351359935,3457.640065285613,3361.6843983168737
forecast_1746,2025-03-14 18:00:00,3460.1048705240833,3460.1778848537783,3366.4526352314288
forecast_1747,2025-03-14 19:00:00,3467.4598977352184,3462.6383700499223,3361.530573574214
forecast_1748,2025-03-14 20:00:00,3517.397600600129,3536.8454491178636,3363.786584885503
forecast_1749,2025-03-14 21:00:00,3511.1429040370567,3522.8417931431377,3369.602944029539
forecast_1750,2025-03-14 22:00:00,3563.758683506208,3548.3871613129586,3369.4934903338203
forecast_1751,2025-03-14 23:00:00,3585.882095272,3550.953186681158,3374.1155818377915
forecast_1752,2025-03-15 00:00:00,3659.466932709187,3584.4978745269436,3372.5488948614407
forecast_1753,2025-03-15 01:00:00,3792.6746701695015,3678.6367734938653,3380.513977036085
forecast_1754,2025-03-15 02:00:00,3848.6415121394534,3834.15337212117,3397.466973106405
forecast_1755,2025-03-15 03:00:00,4620.0971686934045,3860.3242921793835,3458.9332552067567
forecast_1756,2025-03-15 04:00:00,5512.583636031875,4083.012122855433,3464.6447336963006
forecast_1757,2025-03-15 05:00:00,3849.208918097173,3740.8414692394385,3421.4748477108324
forecast_1758,2025-03-15 06:00:00,5599.307451794006,3594.003006250352,3399.4258097596744
forecast_1759,2025-03-15 07:00:00,3640.452684673493,3573.6089922253354,3415.135655795647
forecast_1760,2025-03-15 08:00:00,3594.539070677627,3549.4946310212345,3417.6714135188554
forecast_1761,2025-03-15 09:00:00,3530.538148985179,3503.2842031709274,3440.314209994439
forecast_1762,2025-03-15 10:00:00,3489.058408079703,3518.70703253784,3582.8953063214512
forecast_1763,2025-03-15 11:00:00,3477.887491711816,3493.3636475557123,3589.6797784418395
forecast_1764,2025-03-15 12:00:00,3464.483397899043,3477.0024027175405,3509.995798875086
forecast_1765,2025-03-15 13:00:00,3464.8754061296004,3476.8054334214203,3388.889669814745
forecast_1766,2025-03-15 14:00:00,3465.6960589760065,3480.992396281129,3425.677601103969
forecast_1767,2025-03-15 15:00:00,3460.5945724556946,3465.197499100842,3391.5176797380336
forecast_1768,2025-03-15 16:00:00,3459.7823428652055,3463.7926609277033,3386.923590007421
forecast_1769,2025-03-15 17:00:00,3458.65876940598,3458.970446910623,3373.900530498079
forecast_1770,2025-03-15 18:00:00,3458.341787015966,3459.5681758681512,3381.8490622003696
forecast_1771,2025-03-15 19:00:00,3464.000767196005,3462.1400713190874,3431.618113688968
forecast_1772,2025-03-15 20:00:00,3468.050637190897,3474.0997693281843,3506.3422240046684
forecast_1773,2025-03-15 21:00:00,3471.027376620854,3467.400394557193,3468.205271276448
forecast_1774,2025-03-15 22:00:00,3472.50280818242,3462.410980057121,3410.0520642319634
forecast_1775,2025-03-15 23:00:00,3462.857546500989,3460.0271850197814,3384.354587034652
forecast_1776,2025-03-16 00:00:00,3464.6136825707904,3462.180794421644,3397.292085373177
forecast_1777,2025-03-16 01:00:00,3470.238337695936,3467.872240223496,3377.57347089201
forecast_1778,2025-03-16 02:00:00,3462.355321683166,3465.854552178748,3361.6731614799182
forecast_1779,2025-03-16 03:00:00,3461.85982771868,3462.070769753931,3364.1476079072413
forecast_1780,2025-03-16 04:00:00,3462.26197409739,3467.917830712558,3370.4315658255828
forecast_1781,2025-03-16 05:00:00,3459.475836600144,3465.0817284312884,3362.720206654165
forecast_1782,2025-03-16 06:00:00,3458.6998531459026,3460.4609697220267,3361.3954829553663
forecast_1783,2025-03-16 07:00:00,3457.6310575609514,3458.6523602827315,3360.360612032713
forecast_1784,2025-03-16 08:00:00,3457.7932941041463,3459.6765325738484,3360.360679184735
forecast_1785,2025-03-16 09:00:00,3457.4871225033244,3460.04498842544,3360.330413818624
forecast_1786,2025-03-16 10:00:00,3458.430355037752,3464.4471513967455,3360.2989742411023
forecast_1787,2025-03-16 11:00:00,3460.898131855449,3466.1235384279375,3361.030103480527
forecast_1788,2025-03-16 12:00:00,3472.8217539140137,3473.494009237891,3363.077098660628
forecast_1789,2025-03-16 13:00:00,3505.8378741314027,3495.7968442375777,3381.9581901085467
forecast_1790,2025-03-16 14:00:00,3667.2043225369866,3625.3527603396333,3445.053715416791
forecast_1791,2025-03-16 15:00:00,3758.5357665844413,3863.025900510603,5376.959194231674
forecast_1792,2025-03-16 16:00:00,7470.940686380192,3838.3183563520265,5737.790860499662
forecast_1793,2025-03-16 17:00:00,8104.408925366191,3815.149961858265,6717.614473355555
forecast_1794,2025-03-16 18:00:00,8544.215900014175,4671.334342943401,7316.218597799534
forecast_1795,2025-03-16 19:00:00,9459.576086459492,5644.986382394873,6783.434136584708
forecast_1796,2025-03-16 20:00:00,10902.378197869795,8827.505633463194,7759.820445876958
forecast_1797,2025-03-16 21:00:00,11355.154620925377,10197.587980621016,8372.509856953868
forecast_1798,2025-03-16 22:00:00,11511.313826507518,9715.539355058057,8965.371972715624
forecast_1799,2025-03-16 23:00:00,9919.783015844647,7482.121168285859,7935.502651790502
forecast_1800,2025-03-17 00:00:00,8457.741522661165,6556.428873965694,6719.828188249785
forecast_1801,2025-03-17 01:00:00,11907.160619449403,10717.191265632306,8692.158924114834
forecast_1802,2025-03-17 02:00:00,10743.33922442513,9147.394308566154,7662.941456577306
forecast_1803,2025-03-17 03:00:00,9112.257742295922,7030.174790255829,6982.865197230405
forecast_1804,2025-03-17 04:00:00,10009.749340876071,3838.8466405118565,7618.703293642016
forecast_1805,2025-03-17 05:00:00,8650.980983761181,4504.255393342833,3611.7989660993985
forecast_1806,2025-03-17 06:00:00,8524.841373486412,4736.467931311646,3615.264026459417
forecast_1807,2025-03-17 07:00:00,3657.493689988482,2897.2056941095293,3393.587094349723
forecast_1808,2025-03-17 08:00:00,4637.959970006284,3846.1829982409454,3381.447437232185
forecast_1809,2025-03-17 09:00:00,3733.0692349078513,3753.453837411797,3433.0434987540034
forecast_1810,2025-03-17 10:00:00,3717.246867865915,3816.5782009687846,3400.2265131564304
forecast_1811,2025-03-17 11:00:00,3570.4380633036412,2797.011427000998,3506.3881665603953
forecast_1812,2025-03-17 12:00:00,3826.6424816057543,3855.0941138836274,3550.825539351896
forecast_1813,2025-03-17 13:00:00,6709.25174061779,5395.572168593283,5524.340018068825
forecast_1814,2025-03-17 14:00:00,8429.895983124397,5967.380036801464,6534.206467446224
forecast_1815,2025-03-17 15:00:00,9299.12035157131,7248.943462068982,7134.547441611978
forecast_1816,2025-03-17 16:00:00,9320.908453473261,7910.053166180908,6204.570499566185
forecast_1817,2025-03-17 17:00:00,9847.39883364043,7920.674464371113,6177.91452667585
forecast_1818,2025-03-17 18:00:00,9403.53869295763,7984.7281619142,5959.816647337391
forecast_1819,2025-03-17 19:00:00,9458.979322207666,8417.508220144122,8043.900356890914
forecast_1820,2025-03-17 20:00:00,9922.290558251834,9065.032479281408,7785.431564318122
forecast_1821,2025-03-17 21:00:00,10207.131015669856,9478.262451327231,7930.278928524768
forecast_1822,2025-03-17 22:00:00,11444.114706194443,11478.482606034277,8904.290817087105
forecast_1823,2025-03-17 23:00:00,10355.483362703064,10024.869448163045,7970.16840176005
forecast_1824,2025-03-18 00:00:00,8849.579684688655,7467.909798240729,6009.814835990919
forecast_1825,2025-03-18 01:00:00,7694.884333707834,7153.809142704172,5175.9680191448115
forecast_1826,2025-03-18 02:00:00,6323.603098781226,4975.371724662088,4974.253981263951
forecast_1827,2025-03-18 03:00:00,5740.571544382081,4692.032726839268,4563.794771031994
forecast_1828,2025-03-18 04:00:00,5431.7458695541645,4027.3313403109946,3759.6788978888
forecast_1829,2025-03-18 05:00:00,3961.8620133868726,4468.131983364188,3553.8855227785452
forecast_1830,2025-03-18 06:00:00,3773.2527051071434,3402.354537724442,3415.9183099991124
forecast_1831,2025-03-18 07:00:00,3668.48150588851,3732.422666021002,3381.995938958245
forecast_1832,2025-03-18 08:00:00,3703.6501221481194,3726.394203919901,3382.3809003331016
forecast_1833,2025-03-18 09:00:00,4428.621612508224,2915.29052776874,3449.18082347376
forecast_1834,2025-03-18 10:00:00,3472.9321892180637,2202.928410888307,3520.3988346967353
forecast_1835,2025-03-18 11:00:00,3682.265161418732,3820.8878369885847,3418.3197737546966
forecast_1836,2025-03-18 12:00:00,3729.9660575832086,3689.3322374489717,3422.3039006026384
forecast_1837,2025-03-18 13:00:00,3709.603286883847,3801.3731980070133,3389.350665280369
forecast_1838,2025-03-18 14:00:00,4849.173156041766,3169.430122906984,3547.7729590665986
forecast_1839,2025-03-18 15:00:00,6234.891049203436,5348.6970986781,3714.405804217886
forecast_1840,2025-03-18 16:00:00,7555.827240856969,8099.2189824485795,6600.880778538124
forecast_1841,2025-03-18 17:00:00,10824.655925329962,11207.95677235055,8802.781312678228
forecast_1842,2025-03-18 18:00:00,10885.079740319537,11228.526064866086,8646.358194788165
forecast_1843,2025-03-18 19:00:00,10871.846638338617,10885.531153643651,8975.019821382026
forecast_1844,2025-03-18 20:00:00,10774.14297455968,10315.206703410162,7690.571455466996
forecast_1845,2025-03-18 21:00:00,9033.860685935511,8934.369414192395,6591.508831751997
forecast_1846,2025-03-18 22:00:00,8619.554222395154,7063.8831020055595,3776.935191919747
forecast_1847,2025-03-18 23:00:00,6214.304932525767,6185.742064675997,3683.842206658535
forecast_1848,2025-03-19 00:00:00,5141.630183696438,4032.5866223498806,3693.0834087868643
forecast_1849,2025-03-19 01:00:00,4468.878606100426,3159.3338775790066,3497.8617599778754
forecast_1850,2025-03-19 02:00:00,3546.070245790594,2741.958684086408,3394.7074955141243
forecast_1851,2025-03-19 03:00:00,3695.827278287213,3818.4474485290625,3401.2860152490393
forecast_1852,2025-03-19 04:00:00,3713.3409464559136,3790.085416036794,3444.352236121825
forecast_1853,2025-03-19 05:00:00,3803.400497560398,3815.884593961129,3474.608674864101
forecast_1854,2025-03-19 06:00:00,3553.636990930314,2323.654878879356,3453.8074972042737
forecast_1855,2025-03-19 07:00:00,3777.7153438849527,3752.9750267534555,4261.533196870561
forecast_1856,2025-03-19 08:00:00,3665.300617742303,3765.847726986794,4714.9457349822
forecast_1857,2025-03-19 09:00:00,3626.981087890054,3774.587605108501,4740.545746810447
forecast_1858,2025-03-19 10:00:00,3816.83138125539,3858.2886119289888,4485.769570997194
forecast_1859,2025-03-19 11:00:00,5370.402811748171,4410.775794017526,4939.0772057155
forecast_1860,2025-03-19 12:00:00,5917.520124530794,5244.085707196193,5407.191235551854
forecast_1861,2025-03-19 13:00:00,7025.7490972411,6090.663131765832,5856.711518343346
forecast_1862,2025-03-19 14:00:00,6861.822404944066,5921.944016289711,4812.35920788038
forecast_1863,2025-03-19 15:00:00,7948.371498609994,7558.009125213365,6132.233536906495
forecast_1864,2025-03-19 16:00:00,9542.93188396576,8481.711701617121,6622.976892468399
forecast_1865,2025-03-19 17:00:00,9488.420422326088,8898.874500052838,7185.1976431769945
forecast_1866,2025-03-19 18:00:00,10576.117722906354,9941.398956774021,8479.496821058758
forecast_1867,2025-03-19 19:00:00,12103.08115509227,10946.712336282972,10577.011339719736
forecast_1868,2025-03-19 20:00:00,12585.05057657576,12352.490640389547,11874.252419949293
forecast_1869,2025-03-19 21:00:00,13250.70938606437,13219.922981496959,12525.52556022508
forecast_1870,2025-03-19 22:00:00,13897.944427025905,14327.68043767356,13074.784987796613
forecast_1871,2025-03-19 23:00:00,14271.26345932994,14824.363522929663,13272.275108180973
forecast_1872,2025-03-20 00:00:00,15873.308559483425,15390.402275480616,14542.495591755129
forecast_1873,2025-03-20 01:00:00,16473.559541023504,15835.35169189349,14577.763629815325
forecast_1874,2025-03-20 02:00:00,16794.512610320886,15803.009994900438,15031.675767073775
forecast_1875,2025-03-20 03:00:00,16837.664973791932,16173.219040578397,15517.119489812045
forecast_1876,2025-03-20 04:00:00,18055.565790297518,16616.33545390951,16503.405931054112
forecast_1877,2025-03-20 05:00:00,18221.57447865595,17064.77903960265,17506.107897055626
forecast_1878,2025-03-20 06:00:00,18819.163460440213,17487.511280511382,18639.716660379974
forecast_1879,2025-03-20 07:00:00,19248.382875198102,17264.765015379242,17929.487902685436
forecast_1880,2025-03-20 08:00:00,18287.564106900652,17145.239619397227,17977.62648635195
forecast_1881,2025-03-20 09:00:00,17758.393974155988,17030.646587863645,17543.263041620652
forecast_1882,2025-03-20 10:00:00,16658.61352396641,16568.152301109487,16419.67411146287
forecast_1883,2025-03-20 11:00:00,16718.41625070008,16545.744957301013,16186.0261821693
forecast_1884,2025-03-20 12:00:00,16777.268547541382,16191.424586859017,15578.866379101983
forecast_1885,2025-03-20 13:00:00,16643.01111882999,16234.05306488023,15873.101882478953
forecast_1886,2025-03-20 14:00:00,17622.598134556014,18500.310215639256,16806.90102434928
forecast_1887,2025-03-20 15:00:00,18072.576209423387,18599.29067733225,17237.9716085471
forecast_1888,2025-03-20 16:00:00,17974.240653327703,18511.453493593348,17894.593353406406
forecast_1889,2025-03-20 17:00:00,18061.459356291372,18855.017888701615,17965.449826073116
forecast_1890,2025-03-20 18:00:00,18163.414863122864,19044.773504138306,17958.712242196296
forecast_1891,2025-03-20 19:00:00,18248.637535478185,18973.77909534666,17748.414805296896
forecast_1892,2025-03-20 20:00:00,18487.962431185057,19105.105976445113,18429.033971914658
forecast_1893,2025-03-20 21:00:00,18768.617353790687,19208.827600099423,18538.16679378025
forecast_1894,2025-03-20 22:00:00,19172.79620069425,19565.649987969766,18696.425336156375
forecast_1895,2025-03-20 23:00:00,19261.172591177838,19701.524954449942,18715.007281248927
forecast_1896,2025-03-21 00:00:00,19141.34252615457,19632.061764807233,18890.85968567488
forecast_1897,2025-03-21 01:00:00,19247.404312293886,19807.56585463169,19028.547748129564
forecast_1898,2025-03-21 02:00:00,19510.107563074343,19845.270052758617,19183.66079754459
forecast_1899,2025-03-21 03:00:00,19703.790592114696,19834.36144876163,19534.25342204354
forecast_1900,2025-03-21 04:00:00,19663.009721285758,19920.331202547524,19390.864980930015
forecast_1901,2025-03-21 05:00:00,19847.89431679012,19997.082403347787,19428.8114197667
forecast_1902,2025-03-21 06:00:00,19950.09788352931,20046.057957852343,19275.009097799513
forecast_1903,2025-03-21 07:00:00,20056.067575565186,20076.790236640772,18738.87206249225
forecast_1904,2025-03-21 08:00:00,19906.52766797573,19936.584729509792,18336.740528012266
forecast_1905,2025-03-21 09:00:00,19399.96479186982,19612.50831905579,18256.54772223377
forecast_1906,2025-03-21 10:00:00,18566.70282219476,19201.012507766827,17779.31562072476
forecast_1907,2025-03-21 11:00:00,18460.987362302672,19007.644288333828,17680.762304503543
forecast_1908,2025-03-21 12:00:00,18049.528314305222,18884.72927079288,17189.691408467177
forecast_1909,2025-03-21 13:00:00,18171.396162194356,18960.49808978825,17604.761350080313
forecast_1910,2025-03-21 14:00:00,18193.180021833974,18962.2579534753,17257.05791523027
forecast_1911,2025-03-21 15:00:00,18237.443222244307,18758.26617767509,16656.886861855855
forecast_1912,2025-03-21 16:00:00,17954.38191373394,18866.17785654588,15010.379771406704
forecast_1913,2025-03-21 17:00:00,18066.17358899105,18798.61651229174,16323.938854824108
forecast_1914,2025-03-21 18:00:00,18025.713326438832,18886.195610186853,17197.272543926287
forecast_1915,2025-03-21 19:00:00,18015.11682357043,18888.13258531449,17676.026440046913
forecast_1916,2025-03-21 20:00:00,18195.07624623366,18775.400981344872,18413.588442736094
forecast_1917,2025-03-21 21:00:00,17920.651602131307,18507.927176834983,18564.81313521604
forecast_1918,2025-03-21 22:00:00,18159.365310930578,18410.053745607325,18642.356167978778
forecast_1919,2025-03-21 23:00:00,18845.997741650393,18683.543513717064,19313.767045449575
forecast_1920,2025-03-22 00:00:00,18833.14976563885,18703.840806160722,18910.84618515326
forecast_1921,2025-03-22 01:00:00,18816.894063487776,19119.914190250838,18638.868362428264
forecast_1922,2025-03-22 02:00:00,19006.635602939863,19266.17117439301,18354.58154221495
forecast_1923,2025-03-22 03:00:00,19058.48996843827,18991.994384450176,17926.03233451858
forecast_1924,2025-03-22 04:00:00,18895.431996492724,18884.085560257117,17725.581045912288
forecast_1925,2025-03-22 05:00:00,19270.345796744346,19384.258810290987,17885.200221979117
forecast_1926,2025-03-22 06:00:00,19229.542898194024,19561.478509186636,17925.08066930524
forecast_1927,2025-03-22 07:00:00,19423.92595657785,19586.8495468246,17897.579083226523
forecast_1928,2025-03-22 08:00:00,19309.828650808726,19224.1278051617,18055.364548968748
forecast_1929,2025-03-22 09:00:00,18897.12614177822,19344.831668470877,18186.321539596982
forecast_1930,2025-03-22 10:00:00,18552.09625341247,19406.650481823453,17354.335516547224
forecast_1931,2025-03-22 11:00:00,18511.50338745162,19179.85037323681,16911.244544031324
forecast_1932,2025-03-22 12:00:00,18400.43175566622,19207.37930029948,16742.678900192906
forecast_1933,2025-03-22 13:00:00,18285.489380893887,19037.58365882068,16693.288784996592
forecast_1934,2025-03-22 14:00:00,18235.877672387687,18961.98236445267,16482.11642724109
forecast_1935,2025-03-22 15:00:00,17981.550553088407,18913.578727330703,16520.72377286918
forecast_1936,2025-03-22 16:00:00,17505.576526121353,18816.604917852474,16058.902116104286
forecast_1937,2025-03-22 17:00:00,17105.210065236384,18463.664120875746,15474.206790491837
forecast_1938,2025-03-22 18:00:00,16992.481297683295,17980.128748488827,16035.512259845296
forecast_1939,2025-03-22 19:00:00,17091.639468639743,18034.995024770968,16218.215194082255
forecast_1940,2025-03-22 20:00:00,17760.761353320016,18423.3364150491,16736.706485384806
forecast_1941,2025-03-22 21:00:00,18049.251548222663,18442.039462670902,18373.469325489415
forecast_1942,2025-03-22 22:00:00,18769.95816249893,18711.846087181424,18506.62719356171
forecast_1943,2025-03-22 23:00:00,18496.775055585666,18315.1301825962,17622.87554723238
forecast_1944,2025-03-23 00:00:00,18596.965304080586,18496.832089578562,17737.364925555303
forecast_1945,2025-03-23 01:00:00,17593.25508789943,18176.858688499327,15738.773510322242
forecast_1946,2025-03-23 02:00:00,17194.71017597932,18015.534192891802,15879.791426090007
forecast_1947,2025-03-23 03:00:00,16925.343319640706,16782.991597600958,17079.602258843446
forecast_1948,2025-03-23 04:00:00,16757.08493521897,16414.992323795344,15951.590959428835
forecast_1949,2025-03-23 05:00:00,14812.7146574816,14507.93659809701,13541.134679761122
forecast_1950,2025-03-23 06:00:00,12553.853483886867,13638.208581083594,12430.6831068336
forecast_1951,2025-03-23 07:00:00,10005.699885153168,11359.931930215025,7633.70770049001
forecast_1952,2025-03-23 08:00:00,6983.213560302437,6630.679400900662,4389.2768986809115
forecast_1953,2025-03-23 09:00:00,5014.597089064956,3309.9167934213046,3572.568331129396
forecast_1954,2025-03-23 10:00:00,3539.1939371872054,3564.4933863245506,3383.7629609447563
forecast_1955,2025-03-23 11:00:00,3477.9260199854543,3485.4567790711303,3362.7382808895904
forecast_1956,2025-03-23 12:00:00,3471.3872242479,3480.122058251838,3361.123239625138
forecast_1957,2025-03-23 13:00:00,3504.80414482684,3486.1814343933625,3363.272280191547
forecast_1958,2025-03-23 14:00:00,3481.7989517514857,3487.898333284989,3368.2753577876633
forecast_1959,2025-03-23 15:00:00,3580.965600836884,3534.3075374272817,3383.469615437666
forecast_1960,2025-03-23 16:00:00,3581.0229951882698,3651.6844622080557,3477.6092966030537
forecast_1961,2025-03-23 17:00:00,3605.3780416774757,3787.716730259074,3555.944916762939
forecast_1962,2025-03-23 18:00:00,3688.3460203250156,3806.089661339339,3392.700131001226
forecast_1963,2025-03-23 19:00:00,4888.189102519482,4515.068910068116,3732.846193480723
forecast_1964,2025-03-23 20:00:00,6269.6978951700785,6294.172700607309,4227.88373845822
forecast_1965,2025-03-23 21:00:00,8215.934661117722,10323.713944568583,6304.386242306716
forecast_1966,2025-03-23 22:00:00,10745.725090064567,13062.54426975763,9725.345617727738
forecast_1967,2025-03-23 23:00:00,11655.751053670612,14201.025533171678,11057.832737314962
forecast_1968,2025-03-24 00:00:00,12388.39430879295,15043.628635703813,11219.853240865321
forecast_1969,2025-03-24 01:00:00,13073.997595814588,15552.87383859254,11487.23454079924
forecast_1970,2025-03-24 02:00:00,12587.402695220144,15230.468956482908,9995.924651917907
forecast_1971,2025-03-24 03:00:00,14096.171477097401,15988.185655384097,11283.811153631093
forecast_1972,2025-03-24 04:00:00,14153.36102252931,16246.30287264368,10935.119796334968
forecast_1973,2025-03-24 05:00:00,12850.121181454493,15546.846706118744,9982.007409245161
forecast_1974,2025-03-24 06:00:00,14509.267258402026,15995.873566432203,11790.978779952191
forecast_1975,2025-03-24 07:00:00,14753.191257882396,15699.355062894658,12692.408454261567
forecast_1976,2025-03-24 08:00:00,14446.914441369787,15647.89655145604,13114.80036337254
forecast_1977,2025-03-24 09:00:00,13765.334947831965,15062.448420371391,13319.850247028326
forecast_1978,2025-03-24 10:00:00,15155.11909385656,16204.64903398836,14964.463503431152
forecast_1979,2025-03-24 11:00:00,15036.431235583847,15905.741515994905,15188.70764532268
forecast_1980,2025-03-24 12:00:00,15413.2952286506,15932.482779099277,15739.700471436758
forecast_1981,2025-03-24 13:00:00,15308.572745234665,15162.960913169945,15064.621198901548
forecast_1982,2025-03-24 14:00:00,14832.489050254324,14911.24136791583,14365.382553065325
forecast_1983,2025-03-24 15:00:00,13758.267017611026,13830.304154466143,13778.592248310179
forecast_1984,2025-03-24 16:00:00,13518.225340422292,13466.620418562377,13633.429272832946
forecast_1985,2025-03-24 17:00:00,13170.969581554436,13124.69457291013,13302.638170927812
forecast_1986,2025-03-24 18:00:00,13433.980533352482,13777.641078420056,13046.428702312323
forecast_1987,2025-03-24 19:00:00,13758.945929998115,14442.494316480512,14440.344086907693
forecast_1988,2025-03-24 20:00:00,15228.938709305428,15319.297976954798,14972.975167646719
forecast_1989,2025-03-24 21:00:00,15316.04425912024,15889.638011464507,15734.351497480102
forecast_1990,2025-03-24 22:00:00,15892.312940924632,17049.46493589707,16731.97383171866
forecast_1991,2025-03-24 23:00:00,17161.941784745843,18702.324449497715,17678.80510461651
forecast_1992,2025-03-25 00:00:00,17696.856637285684,18511.19701722021,17325.244700079533
forecast_1993,2025-03-25 01:00:00,17116.45328623976,18019.37259085369,17571.502332675507
forecast_1994,2025-03-25 02:00:00,16967.870332875304,17480.91059024526,17118.261885015407
forecast_1995,2025-03-25 03:00:00,15875.72639731122,15624.147015358009,14485.28299999339
forecast_1996,2025-03-25 04:00:00,14368.811904234744,15489.235032223849,12806.954422227129
forecast_1997,2025-03-25 05:00:00,11919.393562884088,13115.024195925638,9975.009237839831
forecast_1998,2025-03-25 06:00:00,10116.731992891213,10047.98782915058,7268.655430495108
forecast_1999,2025-03-25 07:00:00,9958.540374980654,9700.473251618614,6794.864585638182
forecast_2000,2025-03-25 08:00:00,10110.59733224022,10176.162079238822,6711.303044280347
forecast_2001,2025-03-25 09:00:00,9548.869109513917,9766.144531839516,7232.166455004876
forecast_2002,2025-03-25 10:00:00,10139.733681348636,10826.026711128246,9697.742436515284
forecast_2003,2025-03-25 11:00:00,10229.801683845262,11280.787808386518,11008.71249717453
forecast_2004,2025-03-25 12:00:00,11530.814737430714,12136.119752018865,11707.573191780948
forecast_2005,2025-03-25 13:00:00,12710.373335598348,14007.179025622407,14224.863672574636
forecast_2006,2025-03-25 14:00:00,15011.118781276788,16383.142925833716,15913.139067002603
forecast_2007,2025-03-25 15:00:00,16049.512756350274,17443.557234078715,17238.673844739944
forecast_2008,2025-03-25 16:00:00,16345.39095714991,17712.220961716597,17228.507186562478
forecast_2009,2025-03-25 17:00:00,17077.606216486696,18176.659961189453,17199.561910712015
forecast_2010,2025-03-25 18:00:00,17447.933053451983,18341.186275165193,17373.7247058318
forecast_2011,2025-03-25 19:00:00,17380.16514482562,18006.412672681054,17745.44376472564
forecast_2012,2025-03-25 20:00:00,17593.64826675155,18161.630109711772,17755.042354462235
forecast_2013,2025-03-25 21:00:00,17694.70566959577,18408.546311268517,17844.242930762473
forecast_2014,2025-03-25 22:00:00,18328.0750734416,18512.879112146864,18430.886094626894
forecast_2015,2025-03-25 23:00:00,18674.257884256807,19264.343479675357,18170.42390819294
forecast_2016,2025-03-26 00:00:00,19065.609243350256,19281.454403687138,18160.937434598425
forecast_2017,2025-03-26 01:00:00,18569.17803710587,18790.337476665292,18936.982449477935
forecast_2018,2025-03-26 02:00:00,17899.25135706229,18280.752134974693,18625.192887721158
forecast_2019,2025-03-26 03:00:00,17111.549062248483,17313.41549781854,17178.47355423791
forecast_2020,2025-03-26 04:00:00,16119.583027561055,15909.95255267616,14613.152648826774
forecast_2021,2025-03-26 05:00:00,13306.070653159191,14548.370896457354,11692.009461433905
forecast_2022,2025-03-26 06:00:00,10496.654044053977,11306.486103101914,8663.263170835353
forecast_2023,2025-03-26 07:00:00,7047.414643779969,5616.4397524603355,3628.8003698339576
forecast_2024,2025-03-26 08:00:00,3674.941612265501,3781.928079558373,3586.500439120492
forecast_2025,2025-03-26 09:00:00,3560.2300801549472,3682.4402356604,3549.9311415142447
forecast_2026,2025-03-26 10:00:00,3533.9819036330637,3599.743047218478,3375.8042720200665
forecast_2027,2025-03-26 11:00:00,3488.7107205083853,3551.647852745936,3366.9989657785977
forecast_2028,2025-03-26 12:00:00,3489.069879895069,3559.668002195008,3364.202638276471
forecast_2029,2025-03-26 13:00:00,3594.667087387763,3700.8194224995764,3367.1106243991735
forecast_2030,2025-03-26 14:00:00,3366.920183951761,2607.4814561106127,3442.8580579126283
forecast_2031,2025-03-26 15:00:00,3698.1666930229867,3515.987737129383,3431.3178202840077
forecast_2032,2025-03-26 16:00:00,3597.3894630520635,3484.519336867255,3469.7127640420294
forecast_2033,2025-03-26 17:00:00,3687.835665478685,3704.1430980076034,3498.091909085795
forecast_2034,2025-03-26 18:00:00,6663.022663116636,6976.114761218894,3675.9563797825485
forecast_2035,2025-03-26 19:00:00,7690.695546226791,8758.837137556739,5015.215734896548
forecast_2036,2025-03-26 20:00:00,9626.782946709833,11682.426015381307,5704.972186757071
forecast_2037,2025-03-26 21:00:00,11379.845979652078,13640.399854141682,7581.757431084847
forecast_2038,2025-03-26 22:00:00,13513.792577066557,15386.579764874028,10600.758968848959
forecast_2039,2025-03-26 23:00:00,15115.33961638137,17541.118001975545,14078.668653792172
forecast_2040,2025-03-27 00:00:00,15728.738854086825,18313.98424453438,15659.693631416572
forecast_2041,2025-03-27 01:00:00,16535.73898600276,18830.223155254604,15943.243858912962
forecast_2042,2025-03-27 02:00:00,16196.796883063265,18671.950051548538,16332.39525883699
forecast_2043,2025-03-27 03:00:00,15756.765698954076,18613.69331326563,16179.17578160756
forecast_2044,2025-03-27 04:00:00,16027.65411175873,18453.51636947074,16325.1157545723
forecast_2045,2025-03-27 05:00:00,15104.716154779537,17189.781317378143,15398.487508453049
forecast_2046,2025-03-27 06:00:00,12972.282872416785,14781.360942840798,12747.830240490744
forecast_2047,2025-03-27 07:00:00,12961.124786695118,14531.72055764226,13776.031311685474
forecast_2048,2025-03-27 08:00:00,13410.96479059801,14845.199766006108,13698.596340332004
forecast_2049,2025-03-27 09:00:00,12714.44203968615,13579.281143480994,12962.204890670382
forecast_2050,2025-03-27 10:00:00,11707.780775898424,12867.31383953765,11224.856771125185
forecast_2051,2025-03-27 11:00:00,10637.211556413786,11979.03748336945,11125.546603930758
forecast_2052,2025-03-27 12:00:00,10418.207789061405,11197.584943168018,9059.75585751251
forecast_2053,2025-03-27 13:00:00,9141.259164217638,9142.74838551552,7541.48538500914
forecast_2054,2025-03-27 14:00:00,9395.411298826037,9315.22823534999,8792.544547128524
forecast_2055,2025-03-27 15:00:00,9021.262397809627,8523.353508894437,7986.197905060228
forecast_2056,2025-03-27 16:00:00,7858.580354061675,7518.419276408578,5795.123650256353
forecast_2057,2025-03-27 17:00:00,7488.59071353558,7246.64864714661,6093.724601302612
forecast_2058,2025-03-27 18:00:00,8910.09703588382,8193.61184065672,7374.110021507213
forecast_2059,2025-03-27 19:00:00,9101.612123604915,8103.061666562671,6586.9161939041505
forecast_2060,2025-03-27 20:00:00,9455.60121465544,8130.945520736493,7824.805851762439
forecast_2061,2025-03-27 21:00:00,9953.130430675143,8810.875607533673,8655.224331582276
forecast_2062,2025-03-27 22:00:00,10148.772892097038,11318.602519187602,8450.021041014694
forecast_2063,2025-03-27 23:00:00,10662.308245389408,10802.5653651141,9209.665458678886
forecast_2064,2025-03-28 00:00:00,9644.64027891084,10073.762948088583,7646.2720435000165
forecast_2065,2025-03-28 01:00:00,5242.657185657528,3867.614655408467,3501.9949466969465
forecast_2066,2025-03-28 02:00:00,3873.903885926735,3838.9928430971513,3532.647327834371
forecast_2067,2025-03-28 03:00:00,3645.902161444854,3652.0470799100435,3444.5050336754066
forecast_2068,2025-03-28 04:00:00,3702.311119125299,3709.5689867227297,3447.9744130450435
forecast_2069,2025-03-28 05:00:00,3574.554641879162,3519.2610697160294,3414.185748774423
forecast_2070,2025-03-28 06:00:00,3533.254837628541,3492.532158200661,3367.4077084111727
forecast_2071,2025-03-28 07:00:00,3632.0918485886423,3733.1480099969804,3401.6708834486003
forecast_2072,2025-03-28 08:00:00,3541.715050307486,3609.4208946778244,3365.179665110924
forecast_2073,2025-03-28 09:00:00,3521.9435881958434,3577.425621475566,3403.702235182275
forecast_2074,2025-03-28 10:00:00,3499.6104056201393,3528.6871295482083,3376.271182997584
forecast_2075,2025-03-28 11:00:00,3477.868988342975,3477.5596868081234,3387.973522593734
forecast_2076,2025-03-28 12:00:00,3478.8351805934312,3486.815453607021,3385.8110889480704
forecast_2077,2025-03-28 13:00:00,3467.018987301074,3472.2579988554694,3374.081360020224
forecast_2078,2025-03-28 14:00:00,3482.387672259901,3466.9694686408548,3377.6397229323247
forecast_2079,2025-03-28 15:00:00,3484.7724848624966,3470.915699998897,3415.7747185036046
forecast_2080,2025-03-28 16:00:00,3531.4815051093924,3487.6940373907055,3400.0407870777344
forecast_2081,2025-03-28 17:00:00,3602.8540119904746,3515.8348945490975,3377.8725486601934
forecast_2082,2025-03-28 18:00:00,3657.562792473283,3521.6592530488706,3414.3322014625282
forecast_2083,2025-03-28 19:00:00,3848.6911132416326,3775.3392281944143,3728.2501820445923
forecast_2084,2025-03-28 20:00:00,6608.180324997075,4930.074569879396,3706.91993700053
forecast_2085,2025-03-28 21:00:00,6993.350133040386,6063.018556602091,3718.1813532490582
forecast_2086,2025-03-28 22:00:00,6878.96755680318,5953.424005717124,3709.334643567368
forecast_2087,2025-03-28 23:00:00,7155.141079570025,5781.497251970135,5816.7572223951465
forecast_2088,2025-03-29 00:00:00,7287.270320140258,4887.976373095614,3728.7448006538884
forecast_2089,2025-03-29 01:00:00,3553.1546791525043,3533.016278326398,3383.6429150775275
forecast_2090,2025-03-29 02:00:00,3529.7849814875876,3550.454669728147,3367.9856590167183
forecast_2091,2025-03-29 03:00:00,3503.277947668296,3531.552797250627,3371.157817353459
forecast_2092,2025-03-29 04:00:00,3576.2537579675395,3650.1214583745154,3392.334137069905
forecast_2093,2025-03-29 05:00:00,3801.4834900198316,3780.6160532259787,3438.8701930398015
forecast_2094,2025-03-29 06:00:00,6479.712174065648,5502.43950571431,3672.1041487962457
forecast_2095,2025-03-29 07:00:00,6794.734142494388,5862.193959337744,5151.721354372002
forecast_2096,2025-03-29 08:00:00,7155.459906684656,6116.1865152426335,5836.911235418841
forecast_2097,2025-03-29 09:00:00,6914.729477073848,6024.052035453863,5068.319471641971
forecast_2098,2025-03-29 10:00:00,6621.8522650493405,6813.2473313435985,6173.170495799094
forecast_2099,2025-03-29 11:00:00,8779.555644208644,7387.36981839276,7173.338580314306
forecast_2100,2025-03-29 12:00:00,10138.684367972395,9458.228620720487,8506.906261642494
forecast_2101,2025-03-29 13:00:00,11890.208374660919,11113.846354477095,10622.048513211455
forecast_2102,2025-03-29 14:00:00,13105.269022527911,11652.31226113421,11510.99343077393
forecast_2103,2025-03-29 15:00:00,13857.19001968581,12684.742069873144,9920.547271765467
forecast_2104,2025-03-29 16:00:00,13736.664015926304,13076.42136097422,12875.723305319209
forecast_2105,2025-03-29 17:00:00,13193.681704770725,12383.385687487602,9697.41421651243
forecast_2106,2025-03-29 18:00:00,13272.230194181246,12156.131407923589,9571.739376345833
forecast_2107,2025-03-29 19:00:00,13344.808218213275,11688.219988883187,8718.421609101233
forecast_2108,2025-03-29 20:00:00,13342.096057948193,12202.193184493732,9133.372451331526
forecast_2109,2025-03-29 21:00:00,13613.647475906117,12621.714642033668,9666.126507299265
forecast_2110,2025-03-29 22:00:00,13697.36803300497,12939.273170786833,10175.775416936312
forecast_2111,2025-03-29 23:00:00,13586.351794272887,12844.744723522212,9621.188604167211
forecast_2112,2025-03-30 00:00:00,13444.945511175096,12655.41065763575,10033.670985371416
forecast_2113,2025-03-30 01:00:00,13346.920543176893,12520.706823697008,9941.219487728416
forecast_2114,2025-03-30 02:00:00,13041.590686742398,12011.50477058357,9265.674684871943
forecast_2115,2025-03-30 03:00:00,12868.646666134102,11615.872010244102,8596.593575857138
forecast_2116,2025-03-30 04:00:00,12673.486496754727,11334.301499137937,7734.712508199078
forecast_2117,2025-03-30 05:00:00,11587.156646593903,10206.684134611085,7474.591830937368
forecast_2118,2025-03-30 06:00:00,11551.379876394045,9981.15256753105,7071.8343839118725
forecast_2119,2025-03-30 07:00:00,10860.688945302514,9905.737497815886,6270.400954727305
forecast_2120,2025-03-30 08:00:00,10034.263852229842,9698.50898313678,6131.071561623242
forecast_2121,2025-03-30 09:00:00,9492.800532669437,9579.37702251055,6467.224397527129
forecast_2122,2025-03-30 10:00:00,8856.052718500843,8285.934751585919,6226.007197681266
forecast_2123,2025-03-30 11:00:00,9095.231497513107,7868.72084411591,6062.8539701153095
forecast_2124,2025-03-30 12:00:00,9338.750686011921,7642.771811906099,5750.442525241951
forecast_2125,2025-03-30 13:00:00,9172.312378415016,7745.46524087337,6690.79720845224
forecast_2126,2025-03-30 14:00:00,9072.56373802945,7837.8129727436,6100.979602550289
forecast_2127,2025-03-30 15:00:00,8420.786102692535,7474.52630734689,5515.059343317168
forecast_2128,2025-03-30 16:00:00,7311.7249985130165,5258.825673672173,4307.698601224002
forecast_2129,2025-03-30 17:00:00,7322.442915424406,5259.516653639667,4452.253430550222
forecast_2130,2025-03-30 18:00:00,7649.156569903237,5172.7649511168,4485.514954412682
forecast_2131,2025-03-30 19:00:00,8085.659657280935,5700.374347682459,5045.777853367035
forecast_2132,2025-03-30 20:00:00,9431.879271306885,7118.677712101879,5773.239193961239
forecast_2133,2025-03-30 21:00:00,9094.112115156555,7241.19328936902,6197.68096466326
forecast_2134,2025-03-30 22:00:00,10591.842645547018,8594.02384719055,8338.995205162853
forecast_2135,2025-03-30 23:00:00,11239.8885500794,10184.253710712925,10431.459597001674
forecast_2136,2025-03-31 00:00:00,11626.781156234576,12257.336064140402,9500.671946468636
forecast_2137,2025-03-31 01:00:00,14917.115925112685,15253.70387869384,14351.092339587773
forecast_2138,2025-03-31 02:00:00,15458.22367679254,15935.645105435295,13731.923580484783
forecast_2139,2025-03-31 03:00:00,15393.6306486298,15748.099286453948,13612.535235386289
forecast_2140,2025-03-31 04:00:00,15031.774776278206,15505.04704879276,13208.675060932006
forecast_2141,2025-03-31 05:00:00,13978.234034406327,14837.111172259138,12829.8676525785
forecast_2142,2025-03-31 06:00:00,13400.18012521874,15102.588644589026,12721.8694167137
forecast_2143,2025-03-31 07:00:00,10400.021005266855,11053.579408979862,8229.15686858786
forecast_2144,2025-03-31 08:00:00,8557.353169832812,9306.255416226746,6996.2642817503165
forecast_2145,2025-03-31 09:00:00,7090.937117797339,7173.74646998464,3779.8564100249346
forecast_2146,2025-03-31 10:00:00,3792.8940991921313,3872.92434544871,3625.6331013193617
forecast_2147,2025-03-31 11:00:00,3711.9782759991317,3662.2316694529773,3595.054305668109
forecast_2148,2025-03-31 12:00:00,4658.758580447439,3516.9448130832197,3632.244585925172
forecast_2149,2025-03-31 13:00:00,4722.448501080489,3713.494840360437,3506.1101313389745
forecast_2150,2025-03-31 14:00:00,4875.554755333248,3998.1883190511726,3386.4675729398755
forecast_2151,2025-03-31 15:00:00,5111.92250950721,4543.599303745869,3370.179023775142
forecast_2152,2025-03-31 16:00:00,3938.7576449951302,4167.521222271085,3225.825110395448
forecast_2153,2025-03-31 17:00:00,4737.630331669331,4344.952742798046,3314.713976062376
forecast_2154,2025-03-31 18:00:00,5447.450381778683,5389.477326811207,5060.039263889975
forecast_2155,2025-03-31 19:00:00,6575.680280256435,6012.509324361866,6574.092571416546
forecast_2156,2025-03-31 20:00:00,8613.373551445251,7663.328493400298,7938.174855020696
forecast_2157,2025-03-31 21:00:00,9291.966282086183,10025.112726823885,7997.293919882878
forecast_2158,2025-03-31 22:00:00,11198.53647864407,12021.859070203276,8719.794886574353
forecast_2159,2025-03-31 23:00:00,11251.45337949631,12385.6441487018,9530.588854250793
forecast_2160,2025-04-01 00:00:00,11241.24702879739,10461.068987409602,9238.025094804434
forecast_2161,2025-04-01 01:00:00,8101.408379740406,7209.922631515407,6513.6725320802625
forecast_2162,2025-04-01 02:00:00,8293.786669886145,7580.6457849475555,6548.320958849858
forecast_2163,2025-04-01 03:00:00,8021.224665580254,7285.236588402234,6118.598537308788
forecast_2164,2025-04-01 04:00:00,7537.289604416289,6351.909654221852,5632.050942850732
forecast_2165,2025-04-01 05:00:00,4081.6904420403866,5293.845589379743,4835.426539654732
forecast_2166,2025-04-01 06:00:00,3608.443253866965,3762.9415618955363,4605.253626009136
forecast_2167,2025-04-01 07:00:00,3501.5323695798184,3505.0906203936906,3587.884962369801
forecast_2168,2025-04-01 08:00:00,3506.807513074107,3507.3703059757895,3452.7726574216185
forecast_2169,2025-04-01 09:00:00,3465.909711748462,3461.709342612453,3361.475648069355
forecast_2170,2025-04-01 10:00:00,3457.5746635522637,3458.3943225588555,3361.7058288165454
forecast_2171,2025-04-01 11:00:00,3457.5427996343756,3458.09591282394,3360.603937959772
forecast_2172,2025-04-01 12:00:00,3457.3187647849204,3458.1354252884025,3361.3514555924457
forecast_2173,2025-04-01 13:00:00,3456.7383703234086,3458.235132341911,3362.209418132844
forecast_2174,2025-04-01 14:00:00,3458.0732067452004,3462.1995212459274,3364.5673116239477
forecast_2175,2025-04-01 15:00:00,3462.2275571957207,3467.733917587088,3365.031958770085
forecast_2176,2025-04-01 16:00:00,3468.0400926482444,3495.791394662279,3385.201444772743
forecast_2177,2025-04-01 17:00:00,3489.307382969918,3546.35147875256,3390.175037113707
forecast_2178,2025-04-01 18:00:00,3484.0744795156247,3527.9298178199388,3383.7993816898484
forecast_2179,2025-04-01 19:00:00,3508.604878377681,3571.2222935648697,3457.822565871269
forecast_2180,2025-04-01 20:00:00,3523.2529106092215,3618.913299456782,3370.5074869890113
forecast_2181,2025-04-01 21:00:00,3574.8954375309327,3556.1427450642973,3375.2476012889897
forecast_2182,2025-04-01 22:00:00,3571.5722451051106,3515.8453989066074,3364.110688065517
forecast_2183,2025-04-01 23:00:00,3539.634652462817,3547.8925099274284,3371.3541731485425
forecast_2184,2025-04-02 00:00:00,3595.473295252792,3576.8956764442346,3362.1027497619634
forecast_2185,2025-04-02 01:00:00,3529.7822346539665,3496.081285651762,3361.869711600681
forecast_2186,2025-04-02 02:00:00,3507.0819109002464,3483.4096302104876,3360.8732234572076
forecast_2187,2025-04-02 03:00:00,3480.094748476298,3469.8716623450136,3362.529649038856
forecast_2188,2025-04-02 04:00:00,3473.392936290682,3479.9445779870284,3361.5003368629436
forecast_2189,2025-04-02 05:00:00,3466.054274986501,3480.9132886600623,3361.4326198797453
forecast_2190,2025-04-02 06:00:00,3469.6067186793493,3485.968609702784,3363.7827514033615
forecast_2191,2025-04-02 07:00:00,3468.9896135191157,3483.064255026034,3362.273083601555
forecast_2192,2025-04-02 08:00:00,3464.9791780694754,3466.84724910562,3362.9904442353304
forecast_2193,2025-04-02 09:00:00,3461.034084284848,3464.5465516420304,3360.712810591558
forecast_2194,2025-04-02 10:00:00,3462.1595288926883,3463.926624658048,3364.029673684227
forecast_2195,2025-04-02 11:00:00,3481.1241919474587,3497.204356221705,3390.804731385376
forecast_2196,2025-04-02 12:00:00,3464.2832318677474,3475.464974097325,3371.3712156440556
forecast_2197,2025-04-02 13:00:00,3480.449491392089,3528.2018210067054,3453.635143216995
forecast_2198,2025-04-02 14:00:00,3507.7915377519644,3640.02435182299,3610.593909059638
forecast_2199,2025-04-02 15:00:00,3547.5601525762463,3769.8065581434444,3612.306150757738
forecast_2200,2025-04-02 16:00:00,3576.5868092658566,3712.180204267524,3495.559070932908
forecast_2201,2025-04-02 17:00:00,3500.9965064250728,3558.990438187456,3399.412445141203
forecast_2202,2025-04-02 18:00:00,3542.231357352833,3653.285087083095,3410.056410392463
forecast_2203,2025-04-02 19:00:00,3492.6446073054412,3534.5995477298293,3370.2682706978353
forecast_2204,2025-04-02 20:00:00,3466.097454452971,3490.7201299129993,3375.421671986656
forecast_2205,2025-04-02 21:00:00,3474.931180978539,3488.357659299971,3369.3715223807562
forecast_2206,2025-04-02 22:00:00,3523.6757426781264,3554.2999055362143,3386.542858118519
forecast_2207,2025-04-02 23:00:00,3573.9637216651936,3652.4435839072116,3440.4385209443517
forecast_2208,2025-04-03 00:00:00,3601.3491816781384,3842.5757025437165,3482.434771115441
forecast_2209,2025-04-03 01:00:00,3534.906971080664,3513.8781541967655,3412.6020666765257
forecast_2210,2025-04-03 02:00:00,3546.563233651526,3607.888251854083,3470.8801154507655
forecast_2211,2025-04-03 03:00:00,3541.684154646321,3612.9072293425324,3489.7153960803007
forecast_2212,2025-04-03 04:00:00,3550.353100350205,3590.5022731824156,3484.880814540928
forecast_2213,2025-04-03 05:00:00,3549.5500250206906,3595.3357192718304,3439.038135217764
forecast_2214,2025-04-03 06:00:00,3520.065671607811,3558.871853642338,3439.491505986942
forecast_2215,2025-04-03 07:00:00,3498.837342501519,3575.9364563260983,3392.08159729079
forecast_2216,2025-04-03 08:00:00,3511.8507838298024,3570.3873571171853,3449.5739771147378
forecast_2217,2025-04-03 09:00:00,3478.9146152603125,3524.1793520086753,3399.9812690621184
forecast_2218,2025-04-03 10:00:00,3476.1743237568276,3509.9844852220226,3375.9888042415096
forecast_2219,2025-04-03 11:00:00,3460.9763900687017,3467.8465118355275,3368.4951663104766
forecast_2220,2025-04-03 12:00:00,3458.940714051692,3460.4075936794275,3366.9003129131975
forecast_2221,2025-04-03 13:00:00,3458.5035135857947,3459.8747196401155,3367.0281571951377
forecast_2222,2025-04-03 14:00:00,3459.097953508479,3460.701516604603,3370.4084998954418
forecast_2223,2025-04-03 15:00:00,3459.496956739165,3461.388025962318,3362.5226365093386
forecast_2224,2025-04-03 16:00:00,3458.7676749333755,3459.159240374147,3362.0673715041057
forecast_2225,2025-04-03 17:00:00,3456.859415549028,3458.901347026041,3360.884824034775
forecast_2226,2025-04-03 18:00:00,3456.749923006104,3457.8920563579304,3361.0134474325346
forecast_2227,2025-04-03 19:00:00,3457.3380479683406,3459.2885552390326,3370.102905468537
forecast_2228,2025-04-03 20:00:00,3486.7419702140787,3534.562090093858,3398.4133703498205
forecast_2229,2025-04-03 21:00:00,3523.287931108601,3568.433259184341,3427.6326992769123
forecast_2230,2025-04-03 22:00:00,3596.272524757759,3792.9712454037076,3706.5121035871266
forecast_2231,2025-04-03 23:00:00,3597.5937537916407,3804.423083086183,4674.811958832083
forecast_2232,2025-04-04 00:00:00,3873.430091729701,4568.368964542503,4973.124683996613
forecast_2233,2025-04-04 01:00:00,6964.052674839159,5106.459823479356,4999.581908185867
forecast_2234,2025-04-04 02:00:00,7630.80051998691,7028.347741560868,5220.291696491602
forecast_2235,2025-04-04 03:00:00,8876.435471463794,8029.779781903206,5459.951258353811
forecast_2236,2025-04-04 04:00:00,10150.527884905952,9722.51721663899,6548.823084498437
forecast_2237,2025-04-04 05:00:00,11186.2560353348,10836.8791707759,7175.15474921593
forecast_2238,2025-04-04 06:00:00,10281.979153061124,10120.53453929,6985.815720892582
forecast_2239,2025-04-04 07:00:00,8856.355899092385,7649.621597255613,5676.68255392561
forecast_2240,2025-04-04 08:00:00,7798.876247964062,6049.5006136794445,4601.315533357028
forecast_2241,2025-04-04 09:00:00,3756.3957500538504,3859.3509557604466,3621.2806728993955
forecast_2242,2025-04-04 10:00:00,3484.296012998801,3488.8486425859196,3431.44200778501
forecast_2243,2025-04-04 11:00:00,3479.5359284653823,3470.609442760349,3383.510645310317
forecast_2244,2025-04-04 12:00:00,3466.8775090378185,3461.176284914371,3391.478948659286
forecast_2245,2025-04-04 13:00:00,3467.550284291106,3460.497657354732,3374.462186327196
forecast_2246,2025-04-04 14:00:00,3466.889387780537,3458.771901729907,3362.2164663868143
forecast_2247,2025-04-04 15:00:00,3486.495405567049,3463.8433796856416,3371.4769034180417
forecast_2248,2025-04-04 16:00:00,3618.224541449247,3475.558085955577,3444.9088243409988
forecast_2249,2025-04-04 17:00:00,3680.306747153987,3494.1481390699737,3437.8451516301407
forecast_2250,2025-04-04 18:00:00,3677.877851929556,3638.608839163597,3449.3983017537016
forecast_2251,2025-04-04 19:00:00,3713.759583997611,3773.207643150932,3425.1955907306988
forecast_2252,2025-04-04 20:00:00,4490.618954965943,3131.7472990016795,3645.4452228439663
forecast_2253,2025-04-04 21:00:00,4017.2721375360384,4562.71774453381,3569.9269618843555
forecast_2254,2025-04-04 22:00:00,5224.443888627889,4095.1719644116465,3601.2750312625385
forecast_2255,2025-04-04 23:00:00,6988.707211712546,5998.134119909856,3989.7965710829003
forecast_2256,2025-04-05 00:00:00,7969.448111177388,5774.804532174642,4255.065014607647
forecast_2257,2025-04-05 01:00:00,8722.11123157816,9080.362745677156,5309.229435455997
forecast_2258,2025-04-05 02:00:00,9291.588940263362,9990.218007361762,5960.394906575436
forecast_2259,2025-04-05 03:00:00,9141.066224655067,9272.97202105733,6077.991249876073
forecast_2260,2025-04-05 04:00:00,10365.577440732875,10397.386005699276,6080.7939118365
forecast_2261,2025-04-05 05:00:00,9453.008751697582,9157.105179817303,6364.009517875201
forecast_2262,2025-04-05 06:00:00,10818.363566108937,9924.451140474906,6321.491468438885
forecast_2263,2025-04-05 07:00:00,8891.552603723248,8230.541538796151,5244.81555427565
forecast_2264,2025-04-05 08:00:00,8023.430159728121,8422.106221128968,4695.608306890955
forecast_2265,2025-04-05 09:00:00,8018.178042234191,8536.305516610617,5156.63733586784
forecast_2266,2025-04-05 10:00:00,4480.771400890695,7469.978535346032,5329.777925571035
forecast_2267,2025-04-05 11:00:00,4556.4228694189405,7549.944534083944,6085.816635905659
forecast_2268,2025-04-05 12:00:00,9193.894877219109,9638.271434206648,7712.778809999724
forecast_2269,2025-04-05 13:00:00,11593.430064125234,12207.414763907496,10055.188126582592
forecast_2270,2025-04-05 14:00:00,12836.116969670733,14101.303939093497,11221.724167533519
forecast_2271,2025-04-05 15:00:00,13206.888837469553,14403.742618943408,11784.252567230902
forecast_2272,2025-04-05 16:00:00,15177.132742758842,15911.658328095162,13358.428839817643
forecast_2273,2025-04-05 17:00:00,15386.125247855156,16638.328412592633,14207.199971104325
forecast_2274,2025-04-05 18:00:00,16647.23199664024,17057.398099786285,14869.56386118583
forecast_2275,2025-04-05 19:00:00,15811.191143591239,15161.044491274932,13810.312033420425
forecast_2276,2025-04-05 20:00:00,15845.81215016398,14823.972463285854,14523.98010083834
forecast_2277,2025-04-05 21:00:00,15210.598776336854,13773.918864842582,14021.66239850719
forecast_2278,2025-04-05 22:00:00,15005.495715095509,13510.232301595492,14553.57288636434
forecast_2279,2025-04-05 23:00:00,15408.828127227485,14073.357481135807,15306.97388522805
forecast_2280,2025-04-06 00:00:00,15715.127554876975,14443.077387849135,15889.165226823601
forecast_2281,2025-04-06 01:00:00,15606.070296116157,13921.434117400944,15670.851148044425
forecast_2282,2025-04-06 02:00:00,15786.860696598953,14117.83409283435,15238.032979910575
forecast_2283,2025-04-06 03:00:00,15886.220033617634,14366.042531076968,15439.547072583342
forecast_2284,2025-04-06 04:00:00,15420.71221261557,13807.75040034894,14413.986571023048
forecast_2285,2025-04-06 05:00:00,15303.509120514664,14467.807109929801,15300.596948412765
forecast_2286,2025-04-06 06:00:00,14680.94088063166,14696.319640954547,14350.632130560249
forecast_2287,2025-04-06 07:00:00,15315.15661061586,14873.715655152815,14439.458938790807
forecast_2288,2025-04-06 08:00:00,15721.655705347019,15547.758165644751,14228.448750526413
forecast_2289,2025-04-06 09:00:00,14732.178116016656,14336.404877195397,12344.487110392733
forecast_2290,2025-04-06 10:00:00,13596.935017959635,13597.424203861825,11577.431142890799
forecast_2291,2025-04-06 11:00:00,13274.540768993942,12965.504077382977,10306.597033692324
forecast_2292,2025-04-06 12:00:00,13270.803168290999,12928.12904162637,10516.633658636512
forecast_2293,2025-04-06 13:00:00,13578.022625540752,13822.865966380146,11238.817678760555
forecast_2294,2025-04-06 14:00:00,13702.02306046674,14061.991478793765,12785.036746023647
forecast_2295,2025-04-06 15:00:00,13751.768861509032,14024.247323200476,12827.18213000932
forecast_2296,2025-04-06 16:00:00,13374.523230730565,13287.828142003456,12220.771250678778
forecast_2297,2025-04-06 17:00:00,13499.427084258969,13151.776051385486,12466.56848264929
forecast_2298,2025-04-06 18:00:00,13247.917446449906,12374.121305325307,11228.090778182806
forecast_2299,2025-04-06 19:00:00,13469.246968488027,12505.977269283754,11938.135673312137
forecast_2300,2025-04-06 20:00:00,13403.035799605354,13143.30141827064,12742.956421833625
forecast_2301,2025-04-06 21:00:00,13717.819398448495,13357.566680185322,13349.704000197959
forecast_2302,2025-04-06 22:00:00,14336.453302325779,14540.112336915283,14872.079385347788
forecast_2303,2025-04-06 23:00:00,14228.642154871062,14607.294860174896,13910.319060143625
forecast_2304,2025-04-07 00:00:00,13485.298664484671,13734.1758320888,13303.500990974726
forecast_2305,2025-04-07 01:00:00,14843.291427749627,15259.936967578426,14281.489546077853
forecast_2306,2025-04-07 02:00:00,14623.877070453336,15149.437959630488,13535.325044207726
forecast_2307,2025-04-07 03:00:00,14374.345301743186,14552.111213829226,11756.098124498198
forecast_2308,2025-04-07 04:00:00,14318.751293538578,14322.502628495773,11097.202849663361
forecast_2309,2025-04-07 05:00:00,14332.91461573721,15142.343780254312,11736.532112292569
forecast_2310,2025-04-07 06:00:00,14424.466569300614,15271.062055714618,12117.7163706924
forecast_2311,2025-04-07 07:00:00,14081.493937964366,14448.89939842254,11921.052253865026
forecast_2312,2025-04-07 08:00:00,14293.572772498239,15100.154846633888,11258.27117146707
forecast_2313,2025-04-07 09:00:00,13836.311903324391,14033.28880866071,11419.407733048281
forecast_2314,2025-04-07 10:00:00,11732.91192984965,12630.101071104917,11317.52846033549
forecast_2315,2025-04-07 11:00:00,11340.160989122187,11221.76751024111,10718.389476424982
forecast_2316,2025-04-07 12:00:00,11967.381201693557,11100.111001930567,10674.299377130223
forecast_2317,2025-04-07 13:00:00,12405.127970372443,11120.15197339885,10160.436594850036
forecast_2318,2025-04-07 14:00:00,12992.66819648287,12491.41472356739,12413.357284550597
forecast_2319,2025-04-07 15:00:00,14028.900000286058,14676.179390673698,12812.550493509538
forecast_2320,2025-04-07 16:00:00,14615.73228137275,15916.382279758476,13875.971320981836
forecast_2321,2025-04-07 17:00:00,15581.828112762334,17264.650423407507,15197.457066477675
forecast_2322,2025-04-07 18:00:00,16434.424503734197,17987.57904272985,15944.536938209703
forecast_2323,2025-04-07 19:00:00,17336.788304616286,18776.916892592286,17672.086103973583
forecast_2324,2025-04-07 20:00:00,17921.334740633567,19557.90374942592,18835.337967921914
forecast_2325,2025-04-07 21:00:00,18446.232165976675,19744.00260507787,18826.081152914954
forecast_2326,2025-04-07 22:00:00,18521.858582326968,20041.48567246676,18981.52796651922
forecast_2327,2025-04-07 23:00:00,18428.29674021288,19767.61671906457,18326.12069027818
forecast_2328,2025-04-08 00:00:00,18435.82115903942,19780.637681438475,18381.849787973366
forecast_2329,2025-04-08 01:00:00,18525.031077648022,19794.9147661699,17655.622258411244
forecast_2330,2025-04-08 02:00:00,18503.24966855107,19660.311326893516,17395.40332335752
forecast_2331,2025-04-08 03:00:00,19086.52217240594,19378.884739684952,18425.75392982571
forecast_2332,2025-04-08 04:00:00,19486.448671865826,19489.115551265757,18773.96201433521
forecast_2333,2025-04-08 05:00:00,19446.47019448065,19348.101088094427,18080.359250570677
forecast_2334,2025-04-08 06:00:00,19310.70954989334,18849.773159858218,16364.651020288562
forecast_2335,2025-04-08 07:00:00,17929.69612059823,17852.47515094834,15272.205153892375
forecast_2336,2025-04-08 08:00:00,16988.181017489707,17335.447136729472,14351.887664488426
forecast_2337,2025-04-08 09:00:00,15929.805774065382,15499.123175002736,13042.83208568254
forecast_2338,2025-04-08 10:00:00,14548.781888870619,14179.592974855128,12719.556828504281
forecast_2339,2025-04-08 11:00:00,13768.103394254567,13107.725810914175,10853.335812590421
forecast_2340,2025-04-08 12:00:00,12829.09790998737,12601.407755992172,9472.173938951817
forecast_2341,2025-04-08 13:00:00,12532.13825621853,10906.52609993819,9249.18675544151
forecast_2342,2025-04-08 14:00:00,11660.194096796315,8460.739101925856,8194.020842595799
forecast_2343,2025-04-08 15:00:00,10178.853802639906,6269.103383367398,7222.97608424013
forecast_2344,2025-04-08 16:00:00,6929.5083623701985,4482.142810210513,4043.1040228845886
forecast_2345,2025-04-08 17:00:00,4949.65060646011,2713.6345943509436,3738.440600013238
forecast_2346,2025-04-08 18:00:00,3675.7654477209426,3754.85265534978,3423.7286400121548
forecast_2347,2025-04-08 19:00:00,3509.7253317997806,3551.9190731702406,3400.3806294503784
forecast_2348,2025-04-08 20:00:00,3499.6498816686276,3501.456469975663,3364.551339553643
forecast_2349,2025-04-08 21:00:00,3488.8615065534905,3489.941519679637,3365.5521019511584
forecast_2350,2025-04-08 22:00:00,3540.746756358085,3516.2138914244565,3369.741259619485
forecast_2351,2025-04-08 23:00:00,3537.067868101257,3533.340447754374,3400.0619481318795
forecast_2352,2025-04-09 00:00:00,3545.220842985619,3585.244778138292,3382.8118104740806
forecast_2353,2025-04-09 01:00:00,3538.405251686073,3573.7500565042724,3376.912344674826
forecast_2354,2025-04-09 02:00:00,3534.8614015247927,3503.2042024599396,3367.743666506453
forecast_2355,2025-04-09 03:00:00,3549.9237411189165,3568.64077572,3378.845356710227
forecast_2356,2025-04-09 04:00:00,3597.1368009059306,3561.985797026529,3384.1041193176375
forecast_2357,2025-04-09 05:00:00,3605.2018723642764,3563.236394867085,3375.6398894104123
forecast_2358,2025-04-09 06:00:00,3620.164198584574,3576.895405010368,3374.35637430059
forecast_2359,2025-04-09 07:00:00,3687.5365388480886,3756.0326205674432,3366.4523061658783
forecast_2360,2025-04-09 08:00:00,3732.6829154958173,3828.7492200172305,3387.5031785198803
forecast_2361,2025-04-09 09:00:00,3285.7571545166697,2205.105665029588,3376.4742753766413
forecast_2362,2025-04-09 10:00:00,3615.9507039425966,3879.203193065458,3397.1713595505626
forecast_2363,2025-04-09 11:00:00,3622.6379508309137,3653.91479604926,3504.4333629402263
forecast_2364,2025-04-09 12:00:00,3664.3190171846163,3247.9803533512068,3747.6233757030072
forecast_2365,2025-04-09 13:00:00,3718.3252431109504,3759.6571126448375,4286.691310275413
forecast_2366,2025-04-09 14:00:00,3847.8005439939325,4427.54784576452,4950.856894248995
forecast_2367,2025-04-09 15:00:00,6229.753269751378,6052.749205443663,5344.31695142181
forecast_2368,2025-04-09 16:00:00,6622.697707504186,5987.603760635338,5857.046403045104
forecast_2369,2025-04-09 17:00:00,6367.687228050727,5599.01627825526,6033.304645746799
forecast_2370,2025-04-09 18:00:00,7099.826832529742,6336.374475520876,5432.0787728524165
forecast_2371,2025-04-09 19:00:00,4239.389317894982,6090.911918996991,4913.797783050571
forecast_2372,2025-04-09 20:00:00,6165.153309716617,6997.035871937466,3688.2824324392814
forecast_2373,2025-04-09 21:00:00,6932.615124335133,7184.239522812301,3446.218312946579
forecast_2374,2025-04-09 22:00:00,7406.374023401762,8492.526814283776,5513.428083160546
forecast_2375,2025-04-09 23:00:00,7279.7541560964555,7171.523669830182,5937.24111854682
forecast_2376,2025-04-10 00:00:00,8139.281769653494,7664.139540339211,6648.1737833716
forecast_2377,2025-04-10 01:00:00,7377.896305679544,7433.551302202881,6204.164184586939
forecast_2378,2025-04-10 02:00:00,8247.212265920596,8431.520274586957,7504.848200006155
forecast_2379,2025-04-10 03:00:00,8213.58461524662,8294.675788899014,6634.415598337813
forecast_2380,2025-04-10 04:00:00,7457.4898909159,6898.662658970928,3776.5920802918113
forecast_2381,2025-04-10 05:00:00,8167.536522395247,6393.5278779821865,3771.695175913459
forecast_2382,2025-04-10 06:00:00,4027.525224198954,5207.5448658503365,3723.5878803216483
forecast_2383,2025-04-10 07:00:00,3814.786077196509,4226.022094751716,3573.7470466908057
forecast_2384,2025-04-10 08:00:00,3870.3174952951467,4327.259546728017,3718.9643124908685
forecast_2385,2025-04-10 09:00:00,4029.21623559937,4653.515298491406,3953.5480596675397
forecast_2386,2025-04-10 10:00:00,5190.395958230586,3781.3147426976916,3674.6712178991684
forecast_2387,2025-04-10 11:00:00,4599.073450927954,3193.6783033068464,3666.450970513114
forecast_2388,2025-04-10 12:00:00,3661.464920113708,2791.942344500204,3622.998176594507
forecast_2389,2025-04-10 13:00:00,3706.9669680462634,3767.291498510608,3419.8856658014815
forecast_2390,2025-04-10 14:00:00,3557.09822085776,3611.124569997345,3382.784743010903
forecast_2391,2025-04-10 15:00:00,3446.98236818024,2616.6107731163697,3424.4834844097254
forecast_2392,2025-04-10 16:00:00,3860.4289531509057,3800.495286278761,3557.5310639325994
forecast_2393,2025-04-10 17:00:00,3744.6213776309564,3752.2371644125906,3390.233684439718
forecast_2394,2025-04-10 18:00:00,3496.383895544923,3546.425519673717,3371.4692626586543
forecast_2395,2025-04-10 19:00:00,3543.827727081831,3586.9356053976735,3409.871245026412
forecast_2396,2025-04-10 20:00:00,3633.9965247196833,3628.082150381545,3373.3297978882583
forecast_2397,2025-04-10 21:00:00,3729.8382253871764,3735.4360870810824,3426.1316976862795
forecast_2398,2025-04-10 22:00:00,3642.2710345282785,3329.331801480952,3428.365451836952
forecast_2399,2025-04-10 23:00:00,3830.9365687822583,3759.5647526661246,3491.51949100349
forecast_2400,2025-04-11 00:00:00,3757.0638917023753,3659.0527398193562,3479.4370011051083
forecast_2401,2025-04-11 01:00:00,3614.1831531325597,3614.0137925541967,3495.0667368830873
forecast_2402,2025-04-11 02:00:00,3621.092502034833,3584.326411538115,3419.849694099025
forecast_2403,2025-04-11 03:00:00,3714.350764015129,3594.388121965085,3422.744689284475
forecast_2404,2025-04-11 04:00:00,3649.8190369275035,3634.382031736415,3401.936981017427
forecast_2405,2025-04-11 05:00:00,3518.052066351702,3558.0345020063846,3400.4446794853698
forecast_2406,2025-04-11 06:00:00,3570.447535116631,3599.567280315749,3377.1134459894197
forecast_2407,2025-04-11 07:00:00,3557.309688101428,3577.214587577723,3370.409874420022
forecast_2408,2025-04-11 08:00:00,3481.531018623931,3497.0967656033417,3362.598084225251
forecast_2409,2025-04-11 09:00:00,3463.5289919016363,3478.4862598932773,3360.8150220428734
forecast_2410,2025-04-11 10:00:00,3459.4810203343823,3463.4902116986027,3360.737842319632
forecast_2411,2025-04-11 11:00:00,3461.638939575559,3469.7926144595817,3360.8051431664576
forecast_2412,2025-04-11 12:00:00,3458.3080170475773,3462.0172602177295,3360.3524300856184
forecast_2413,2025-04-11 13:00:00,3463.6065640074157,3476.958934336276,3366.378600727465
forecast_2414,2025-04-11 14:00:00,3479.204569442523,3553.211427824781,3379.339843703463
forecast_2415,2025-04-11 15:00:00,3472.797245501193,3512.0517426107735,3375.3953022749765
forecast_2416,2025-04-11 16:00:00,3477.9370414268847,3495.6768997595336,3375.974983662909
forecast_2417,2025-04-11 17:00:00,3472.6310950516013,3484.3497097667605,3367.1207088267975
forecast_2418,2025-04-11 18:00:00,3500.6080753939923,3547.7156805669456,3385.759344963592
forecast_2419,2025-04-11 19:00:00,3524.5730392624687,3658.2873580861074,3373.7740563643465
forecast_2420,2025-04-11 20:00:00,3609.027809527339,3735.1221784683285,3397.139921672237
forecast_2421,2025-04-11 21:00:00,3724.4082963758524,3838.4379860534377,3390.216200547861
forecast_2422,2025-04-11 22:00:00,5388.158549368921,4365.488987181355,3523.6657698817103
forecast_2423,2025-04-11 23:00:00,5326.950083172202,4362.315927027299,3668.3399337930164
forecast_2424,2025-04-12 00:00:00,3754.8675768410794,3276.1288875748573,3543.7586218458046
forecast_2425,2025-04-12 01:00:00,3649.325012928055,3734.2355611179482,3456.0750145392512
forecast_2426,2025-04-12 02:00:00,3645.4323546806822,3338.2480085683005,3472.0195034116227
forecast_2427,2025-04-12 03:00:00,3908.751563654183,4222.686707939806,3568.1105397205215
forecast_2428,2025-04-12 04:00:00,4108.144694500334,5528.60147417175,4276.791045946907
forecast_2429,2025-04-12 05:00:00,6292.52178214919,5597.605432957427,4439.3949083329135
forecast_2430,2025-04-12 06:00:00,6202.711065823225,5393.494790729571,4524.935500253787
forecast_2431,2025-04-12 07:00:00,6295.7238047188475,5339.148872906483,4816.917695314661
forecast_2432,2025-04-12 08:00:00,7596.068848642826,6457.982544555676,5848.636448883928
forecast_2433,2025-04-12 09:00:00,8368.32346234968,7982.145401666207,7488.043365152103
forecast_2434,2025-04-12 10:00:00,7952.063232952112,8100.055669194166,9583.390420358857
forecast_2435,2025-04-12 11:00:00,7922.311739553146,8690.423275186893,10628.211664707978
forecast_2436,2025-04-12 12:00:00,8428.988594120487,8973.45997045524,11456.800569347106
forecast_2437,2025-04-12 13:00:00,10159.098369889087,11673.778971022368,12296.84607343636
forecast_2438,2025-04-12 14:00:00,10479.111537777631,12067.30711357209,12202.034505349815
forecast_2439,2025-04-12 15:00:00,9918.903307566847,10612.611665078151,11877.340009897365
forecast_2440,2025-04-12 16:00:00,10563.671529516403,10619.046148315776,12117.687172057633
forecast_2441,2025-04-12 17:00:00,11873.93347062913,11255.256266774946,12302.495279513963
forecast_2442,2025-04-12 18:00:00,13864.83240035689,13873.327991911112,13096.0254718008
forecast_2443,2025-04-12 19:00:00,14054.142275412803,13900.163631933194,13610.834226882762
forecast_2444,2025-04-12 20:00:00,14752.307868586333,14154.525978844082,13864.758083793855
forecast_2445,2025-04-12 21:00:00,14835.545604857269,15082.948480802257,14469.967859079634
forecast_2446,2025-04-12 22:00:00,15202.671232506278,16439.36677333122,14012.907233949381
forecast_2447,2025-04-12 23:00:00,15700.70765282881,17143.72980774351,14637.005759494445
forecast_2448,2025-04-13 00:00:00,16077.090176470689,17368.180034374986,14932.507320585388
forecast_2449,2025-04-13 01:00:00,15812.993658712707,17265.973581225353,14065.347117807323
forecast_2450,2025-04-13 02:00:00,16271.856078980743,16428.352401784523,10826.129478508747
forecast_2451,2025-04-13 03:00:00,17557.82413769051,18389.848309782337,14106.183105041986
forecast_2452,2025-04-13 04:00:00,17984.54854016833,18245.07182939099,15251.244994999497
forecast_2453,2025-04-13 05:00:00,17737.37233962467,19239.232038795464,13731.861800803752
forecast_2454,2025-04-13 06:00:00,17115.822597822014,18767.18871904071,14463.81619356568
forecast_2455,2025-04-13 07:00:00,17441.72349749271,18522.52853015129,15417.03557466821
forecast_2456,2025-04-13 08:00:00,17938.22220868905,18479.05316880885,16397.6272118802
forecast_2457,2025-04-13 09:00:00,17987.084598587287,18272.027526205824,16887.74345853686
forecast_2458,2025-04-13 10:00:00,16947.68885813839,18068.699582353842,16962.760076018058
forecast_2459,2025-04-13 11:00:00,17137.934578703313,18101.83515000173,16676.795830679974
forecast_2460,2025-04-13 12:00:00,16974.98837778255,18026.794598176657,16740.317261482727
forecast_2461,2025-04-13 13:00:00,16855.49328482959,17774.103924915384,16572.147842406568
forecast_2462,2025-04-13 14:00:00,16140.290977166784,17745.344343857938,16329.258511635491
forecast_2463,2025-04-13 15:00:00,17109.96882867733,17804.190258464852,16074.39909623839
forecast_2464,2025-04-13 16:00:00,17476.084172393865,17902.859165207,16192.935447962882
forecast_2465,2025-04-13 17:00:00,18145.599231475593,18361.430370940034,16458.000043650147
forecast_2466,2025-04-13 18:00:00,18128.312465462946,18389.81376926696,16923.924412588436
forecast_2467,2025-04-13 19:00:00,17557.204996389108,17994.44098017674,16881.11970604774
forecast_2468,2025-04-13 20:00:00,17680.37459840413,17896.921692008953,17498.010088870302
forecast_2469,2025-04-13 21:00:00,16744.429833346472,17139.536868781284,17585.95582355015
forecast_2470,2025-04-13 22:00:00,15770.925341517413,16777.308336972434,17011.948098130473
forecast_2471,2025-04-13 23:00:00,15204.484935746832,16342.652025590696,16341.657895435972
forecast_2472,2025-04-14 00:00:00,14918.126458331883,15957.172084226057,16270.445387337426
forecast_2473,2025-04-14 01:00:00,13472.551709966932,14153.757708531377,13488.622039679094
forecast_2474,2025-04-14 02:00:00,12195.938351230865,12728.849404281169,11834.257751364854
forecast_2475,2025-04-14 03:00:00,11287.198464265035,11244.355577410397,10462.621189064583
forecast_2476,2025-04-14 04:00:00,10708.240405363675,9683.107318608425,8540.56591782994
forecast_2477,2025-04-14 05:00:00,10453.362820451322,8726.359965212869,7285.795500674838
forecast_2478,2025-04-14 06:00:00,7942.177997044207,5609.977268753916,5495.493664944748
forecast_2479,2025-04-14 07:00:00,4133.68797132491,5246.955470321567,3693.3167996796997
forecast_2480,2025-04-14 08:00:00,3970.2540874611905,4549.388552089508,3510.3404717271515
forecast_2481,2025-04-14 09:00:00,3740.3440828052853,3758.334206780165,3448.710143841634
forecast_2482,2025-04-14 10:00:00,3843.498822580485,4035.147515331644,3506.081899129844
forecast_2483,2025-04-14 11:00:00,4479.762263759308,3621.9950065311978,3566.465655951485
forecast_2484,2025-04-14 12:00:00,4683.203086159724,4010.3741069500065,3642.6045251983674
forecast_2485,2025-04-14 13:00:00,4805.507126962282,3789.1901068549837,3603.1703380107365
forecast_2486,2025-04-14 14:00:00,3624.7706802697417,3235.0114729141633,3552.856652580214
forecast_2487,2025-04-14 15:00:00,3689.5562635245346,3700.54760440688,3603.3681423733983
forecast_2488,2025-04-14 16:00:00,3504.252303793314,3530.7431612093915,3580.3730890592806
forecast_2489,2025-04-14 17:00:00,3602.5572050391042,3516.633458614065,3469.4032790583274
forecast_2490,2025-04-14 18:00:00,3571.2945676394,3538.2143688201913,3552.3285697166925
forecast_2491,2025-04-14 19:00:00,3638.102666025376,3604.795313032191,3421.9911219978453
forecast_2492,2025-04-14 20:00:00,3653.6051226310246,3662.6409446042585,3504.083334742466
forecast_2493,2025-04-14 21:00:00,3848.1347011278003,3778.7599914020293,3108.648712589717
forecast_2494,2025-04-14 22:00:00,5758.965062309453,4204.386131918755,3765.7854898789005
forecast_2495,2025-04-14 23:00:00,5763.189747049982,4555.701966306213,3671.651663409575
forecast_2496,2025-04-15 00:00:00,5736.131674452242,4643.328250192645,3669.135497534727
forecast_2497,2025-04-15 01:00:00,5755.443058601315,5014.446023819249,3560.2393006934767
forecast_2498,2025-04-15 02:00:00,6697.141637970076,6117.297268766169,4538.859666746708
forecast_2499,2025-04-15 03:00:00,6784.3987678891735,5880.974285981119,4677.3504508613805
forecast_2500,2025-04-15 04:00:00,6089.900305565299,5010.053100095516,3601.4171934822034
forecast_2501,2025-04-15 05:00:00,6675.768561101425,6026.860398432461,3642.938481032983
forecast_2502,2025-04-15 06:00:00,6632.278181250546,6362.226299707374,4931.199276989496
forecast_2503,2025-04-15 07:00:00,8012.1802132030325,7565.496496283082,6058.03091479695
forecast_2504,2025-04-15 08:00:00,8376.537369386815,8712.552959747522,4708.92231130735
forecast_2505,2025-04-15 09:00:00,8324.60479439014,8385.452266004146,4919.978840572733
forecast_2506,2025-04-15 10:00:00,8120.085710905061,7686.257767570406,5339.766748856529
forecast_2507,2025-04-15 11:00:00,9441.438267314465,8086.056215073993,5980.899022685316
forecast_2508,2025-04-15 12:00:00,10113.937561257499,8490.960302199062,5947.550927218178
forecast_2509,2025-04-15 13:00:00,10865.007596376992,8407.728884416227,5979.20229178909
forecast_2510,2025-04-15 14:00:00,12179.113732201804,10239.791600906312,7146.017618518625
forecast_2511,2025-04-15 15:00:00,12547.22587160095,10962.582842863423,7645.811909455425
forecast_2512,2025-04-15 16:00:00,12849.263007301453,11268.777328043092,7896.905086210762
forecast_2513,2025-04-15 17:00:00,13189.446421513847,11738.835269749676,8794.6559914815
forecast_2514,2025-04-15 18:00:00,13562.132916440776,12290.790858554388,11073.867110248228
forecast_2515,2025-04-15 19:00:00,13996.963643762776,13314.862511691364,12721.588801243915
forecast_2516,2025-04-15 20:00:00,15587.572532902555,15387.65324796731,15749.362444247157
forecast_2517,2025-04-15 21:00:00,14799.545250308902,15073.923606421016,15845.339183207197
forecast_2518,2025-04-15 22:00:00,15420.140658685203,15441.1128551309,17032.879384342636
forecast_2519,2025-04-15 23:00:00,16001.135011081258,16302.265202886225,17692.609812632774
forecast_2520,2025-04-16 00:00:00,16217.358667036153,16163.389320934048,17635.66328678004
forecast_2521,2025-04-16 01:00:00,15747.614497084222,16171.01700706402,15176.596397573348
forecast_2522,2025-04-16 02:00:00,15002.309116583201,16018.86443762023,14675.709157696587
forecast_2523,2025-04-16 03:00:00,15092.792203679755,15901.650119394944,14474.821471668149
forecast_2524,2025-04-16 04:00:00,14777.874645341684,15000.967586775041,13718.491459521765
forecast_2525,2025-04-16 05:00:00,16138.789782631511,14839.862657599055,13644.104547934025
forecast_2526,2025-04-16 06:00:00,16351.42983377156,15063.71417390629,13756.9067010626
forecast_2527,2025-04-16 07:00:00,14178.12408768181,13924.451275761658,11410.127390256843
forecast_2528,2025-04-16 08:00:00,14365.671372202953,14092.300155286934,11293.49116850028
forecast_2529,2025-04-16 09:00:00,13444.028617549955,12529.856975505005,10662.991777793983
forecast_2530,2025-04-16 10:00:00,12792.04046474567,11466.2302281108,10448.149665245064
forecast_2531,2025-04-16 11:00:00,12421.788697045875,11727.758359876154,10765.515577452432
forecast_2532,2025-04-16 12:00:00,13073.331264929273,12498.41356559865,10919.917036916439
forecast_2533,2025-04-16 13:00:00,14107.192589837341,13762.39789243428,11417.04202564845
forecast_2534,2025-04-16 14:00:00,14767.828031302111,14494.57671028974,14536.69335405371
forecast_2535,2025-04-16 15:00:00,15397.768093305642,15649.975556278765,15207.203356976563
forecast_2536,2025-04-16 16:00:00,16009.491618019072,16874.00110232352,16181.31900269931
forecast_2537,2025-04-16 17:00:00,17093.415220537197,17948.825305181537,16659.082852183084
forecast_2538,2025-04-16 18:00:00,17334.26703141207,18195.988245114288,17343.66347494582
forecast_2539,2025-04-16 19:00:00,17950.470741022833,18537.102111194537,17766.17389903526
forecast_2540,2025-04-16 20:00:00,17776.157844976664,18585.99476396425,18107.076999015095
forecast_2541,2025-04-16 21:00:00,17684.48628682562,18570.29385912064,18414.697242344486
forecast_2542,2025-04-16 22:00:00,17829.236501670843,19205.593666282308,17731.5526752864
forecast_2543,2025-04-16 23:00:00,17678.998302561402,19100.169237425263,18407.239530616658
forecast_2544,2025-04-17 00:00:00,18017.48511302532,18880.33419830015,17588.017511015023
forecast_2545,2025-04-17 01:00:00,16754.642355364474,18303.184051193388,16503.275837964455
forecast_2546,2025-04-17 02:00:00,17186.56963755962,18111.689880203623,16734.845758512143
forecast_2547,2025-04-17 03:00:00,16702.616911135465,18177.414262339473,16974.861166321058
forecast_2548,2025-04-17 04:00:00,16085.168756479989,17232.89657359885,15694.295602673674
forecast_2549,2025-04-17 05:00:00,16048.157653839384,16683.288011738783,15328.285979565255
forecast_2550,2025-04-17 06:00:00,15495.907755867305,16501.15904783812,16461.665939166425
forecast_2551,2025-04-17 07:00:00,15179.967694817225,15824.95746476126,14811.067603891439
forecast_2552,2025-04-17 08:00:00,14293.49221067878,15599.143019467561,13911.475708940585
forecast_2553,2025-04-17 09:00:00,13083.74797680035,14190.280558410854,13109.671428228783
forecast_2554,2025-04-17 10:00:00,10656.530167553818,12251.581328851571,11770.075944481618
forecast_2555,2025-04-17 11:00:00,10810.550736300998,11764.839989111939,11284.392769918833
forecast_2556,2025-04-17 12:00:00,11368.68715074725,11807.530523347754,12100.582365083936
forecast_2557,2025-04-17 13:00:00,11731.05313832228,11609.68534972445,12011.35112724588
forecast_2558,2025-04-17 14:00:00,12018.838877144346,12258.347012779423,12514.207556875837
forecast_2559,2025-04-17 15:00:00,11555.273914397229,11794.684520061437,13071.143025932182
forecast_2560,2025-04-17 16:00:00,12258.509732783106,12639.996580322717,13614.455420703114
forecast_2561,2025-04-17 17:00:00,12663.168063448516,13546.845744580654,14021.245839906063
forecast_2562,2025-04-17 18:00:00,12491.34713525205,14016.819072547238,13406.639139026503
forecast_2563,2025-04-17 19:00:00,14272.025518983666,15715.023354739302,14139.940310388367
forecast_2564,2025-04-17 20:00:00,15192.898581839927,16967.328017879776,13165.783550207327
forecast_2565,2025-04-17 21:00:00,15265.774830454458,16553.53175154438,12820.189641176497
forecast_2566,2025-04-17 22:00:00,16643.365999712852,17621.78544614738,15214.21764702598
forecast_2567,2025-04-17 23:00:00,16685.34524402603,17311.357718584277,14957.014120833872
forecast_2568,2025-04-18 00:00:00,17340.51332397485,17881.84390550138,16472.323551265206
forecast_2569,2025-04-18 01:00:00,17677.45615647861,18295.83314217845,16710.18489020868
forecast_2570,2025-04-18 02:00:00,18120.218708457236,18630.965615813497,18111.857079803038
forecast_2571,2025-04-18 03:00:00,18423.85809593095,18838.677200451275,17702.746681792436
forecast_2572,2025-04-18 04:00:00,18336.76079929633,18740.90297584338,17728.81391254232
forecast_2573,2025-04-18 05:00:00,18127.132651084354,18420.733378151694,16702.715437235784
forecast_2574,2025-04-18 06:00:00,17022.56673615306,17060.038187825627,14549.232540618259
forecast_2575,2025-04-18 07:00:00,15858.27664769739,15702.948833076525,13114.308942001606
forecast_2576,2025-04-18 08:00:00,14507.51354494245,14276.171910654932,11736.50985291749
forecast_2577,2025-04-18 09:00:00,12788.168991855062,12655.862148842221,10449.929510781665
forecast_2578,2025-04-18 10:00:00,11789.294077945578,11965.307061395912,9879.825575897721
forecast_2579,2025-04-18 11:00:00,11041.566478812632,10753.726311290551,9193.830387000662
forecast_2580,2025-04-18 12:00:00,11445.625129814967,10298.903684659113,9186.549637061215
forecast_2581,2025-04-18 13:00:00,10432.295047658276,9312.410478207008,8556.354548930776
forecast_2582,2025-04-18 14:00:00,9919.025198415615,8228.739821102732,7376.473678964756
forecast_2583,2025-04-18 15:00:00,9199.503126724088,6786.789389986131,6238.843292785105
forecast_2584,2025-04-18 16:00:00,8453.796237314848,6412.269077829143,6250.112216414771
forecast_2585,2025-04-18 17:00:00,7690.012350228307,5857.835067920792,6262.344210306451
forecast_2586,2025-04-18 18:00:00,8100.433915947601,6296.1349963576295,6654.711657077464
forecast_2587,2025-04-18 19:00:00,7425.443910507521,6852.562456119264,7152.133472396657
forecast_2588,2025-04-18 20:00:00,8940.881360649782,10019.429907302,8557.969201520396
forecast_2589,2025-04-18 21:00:00,9048.816568672293,10198.920623307684,8832.059291281073
forecast_2590,2025-04-18 22:00:00,10188.703426372882,12615.192557061864,9852.746838732193
forecast_2591,2025-04-18 23:00:00,9735.33274396355,12464.1244297998,9312.606648585519
forecast_2592,2025-04-19 00:00:00,10697.148607454908,14024.328250106757,10579.322718208194
forecast_2593,2025-04-19 01:00:00,11103.540241450153,14429.552746923067,10149.463496709535
forecast_2594,2025-04-19 02:00:00,11679.077355715875,14538.556345933734,11313.023753395039
forecast_2595,2025-04-19 03:00:00,13256.403167838163,15293.982512252449,12953.771214669727
forecast_2596,2025-04-19 04:00:00,13319.79300997684,13856.424191143735,13087.79639272973
forecast_2597,2025-04-19 05:00:00,12755.066768641751,14199.194207174101,13379.668956849495
forecast_2598,2025-04-19 06:00:00,12995.525691238565,13520.002988687493,12392.4858816627
forecast_2599,2025-04-19 07:00:00,12191.37977387362,13076.971315636654,12256.602571338348
forecast_2600,2025-04-19 08:00:00,11499.813115890507,13016.884654996971,12777.01444826601
forecast_2601,2025-04-19 09:00:00,11929.87475226899,13069.864983085892,13314.342634797087
forecast_2602,2025-04-19 10:00:00,12579.97599823042,14234.828763199132,13896.595344499949
forecast_2603,2025-04-19 11:00:00,13324.483426487517,14889.574875176388,14708.23323898492
forecast_2604,2025-04-19 12:00:00,14728.004030857448,16296.28360496846,15940.530309849646
forecast_2605,2025-04-19 13:00:00,16319.29500142211,17802.25459851287,16467.936080803887
forecast_2606,2025-04-19 14:00:00,16943.932732282898,18492.490228099996,17034.15838251855
forecast_2607,2025-04-19 15:00:00,16576.628191897442,18294.023665633344,16799.590336550766
forecast_2608,2025-04-19 16:00:00,17370.74163138407,18568.647245233413,17040.14638971539
forecast_2609,2025-04-19 17:00:00,17920.574342910033,18603.133878674864,17526.476462023853
forecast_2610,2025-04-19 18:00:00,17855.892122165555,18429.89260895106,17283.686855868233
forecast_2611,2025-04-19 19:00:00,16945.03403500049,17341.284839890362,15951.336869557448
forecast_2612,2025-04-19 20:00:00,16669.44650201706,16880.49446463702,16518.09189487432
forecast_2613,2025-04-19 21:00:00,15470.106692743333,15328.231750327011,15608.006971397723
forecast_2614,2025-04-19 22:00:00,14021.233590343441,14637.988871453897,14516.048828605628
forecast_2615,2025-04-19 23:00:00,12524.058926994592,12587.933239836822,11860.829984282143
forecast_2616,2025-04-20 00:00:00,11631.88461490358,10192.225927823541,10848.237578925206
forecast_2617,2025-04-20 01:00:00,9897.070485804163,9570.267690510627,9122.187618341044
forecast_2618,2025-04-20 02:00:00,8741.797681964967,8334.245408150397,7356.0300312068
forecast_2619,2025-04-20 03:00:00,6265.321503914303,5834.314312419114,3538.0994593091596
forecast_2620,2025-04-20 04:00:00,5216.227753939103,3710.855669215984,3437.7393313082607
forecast_2621,2025-04-20 05:00:00,3704.471031252772,3604.8464799735375,3460.3661260565736
forecast_2622,2025-04-20 06:00:00,3535.940760737367,3511.162360702138,3376.631853199991
forecast_2623,2025-04-20 07:00:00,3590.715375772372,3555.9428636856137,3363.7660068657797
forecast_2624,2025-04-20 08:00:00,3505.8147223758983,3505.399479174133,3362.755687914386
forecast_2625,2025-04-20 09:00:00,3508.0584835010604,3486.323140033343,3362.221883638276
forecast_2626,2025-04-20 10:00:00,3463.7785482905474,3461.3649249334726,3361.434811991168
forecast_2627,2025-04-20 11:00:00,3460.4847219213552,3459.9221170898604,3360.2796780876033
forecast_2628,2025-04-20 12:00:00,3458.18136601905,3460.3819712260142,3360.1358408940787
forecast_2629,2025-04-20 13:00:00,3457.770271294599,3461.396875450735,3361.008565042345
forecast_2630,2025-04-20 14:00:00,3458.2956788655783,3458.494077641849,3360.5695691721885
forecast_2631,2025-04-20 15:00:00,3458.41955455662,3459.427068114724,3360.5869354781553
forecast_2632,2025-04-20 16:00:00,3459.7786156171833,3460.587343158108,3360.8137362543616
forecast_2633,2025-04-20 17:00:00,3458.5250492994637,3461.7743728786754,3360.8694216432978
forecast_2634,2025-04-20 18:00:00,3459.6923144842194,3459.6432098521814,3361.6042757483065
forecast_2635,2025-04-20 19:00:00,3462.0763334295375,3462.244328057509,3362.669364541106
forecast_2636,2025-04-20 20:00:00,3462.238221556569,3468.169171375911,3363.960000276707
forecast_2637,2025-04-20 21:00:00,3472.0750539465366,3494.7645804000917,3369.3755459495956
forecast_2638,2025-04-20 22:00:00,3486.3424450979514,3514.3927747874973,3373.1786258969228
forecast_2639,2025-04-20 23:00:00,3495.7183761742453,3506.1436726795305,3377.5097098358337
forecast_2640,2025-04-21 00:00:00,3530.181794647649,3518.584781994132,3364.1221500688334
forecast_2641,2025-04-21 01:00:00,3519.755465861377,3490.6431264811763,3361.3651588062926
forecast_2642,2025-04-21 02:00:00,3545.2789494800927,3564.838327743008,3365.3714647094644
forecast_2643,2025-04-21 03:00:00,3518.0663258690843,3508.7995480634954,3370.6142237825534
forecast_2644,2025-04-21 04:00:00,3593.7964406351207,3522.6983755668116,3368.8303616790645
forecast_2645,2025-04-21 05:00:00,3536.8085778606946,3582.3244763218995,3369.9322250974724
forecast_2646,2025-04-21 06:00:00,3668.6322419489143,3780.2776286172534,3369.9638364707384
forecast_2647,2025-04-21 07:00:00,3707.5642099794723,3827.331278076725,3385.47894174204
forecast_2648,2025-04-21 08:00:00,3715.731663169324,3339.399449495925,3445.4666918822622
forecast_2649,2025-04-21 09:00:00,3599.554992054139,3793.489296740435,3410.147101388579
forecast_2650,2025-04-21 10:00:00,3508.305495974686,3560.5283819187343,3406.1358931874543
forecast_2651,2025-04-21 11:00:00,3512.0723141015023,3506.1962814736803,3426.523451302697
forecast_2652,2025-04-21 12:00:00,3507.852888237423,3521.6910290486685,3450.6618928134167
forecast_2653,2025-04-21 13:00:00,3481.224372717291,3527.1029187361314,3479.945138251773
forecast_2654,2025-04-21 14:00:00,3486.720671691468,3536.688195558306,3625.1527032337312
forecast_2655,2025-04-21 15:00:00,3490.5777892750652,3532.775540552625,3588.103913019718
forecast_2656,2025-04-21 16:00:00,3514.247406916106,3662.565278866994,3453.959394552251
forecast_2657,2025-04-21 17:00:00,3626.229791699295,3777.259819143802,3519.098370710478
forecast_2658,2025-04-21 18:00:00,3580.925157113365,3093.844545963176,3416.986334006788
forecast_2659,2025-04-21 19:00:00,5119.141096510627,4358.187322559786,3674.382312144306
forecast_2660,2025-04-21 20:00:00,6533.495300189664,6143.787571738336,4594.194172265493
forecast_2661,2025-04-21 21:00:00,6620.526924345556,6790.379781447088,4295.567542514174
forecast_2662,2025-04-21 22:00:00,8730.884817134143,9410.80884784971,5421.077933178576
forecast_2663,2025-04-21 23:00:00,9305.355715280108,10021.040198371422,6114.732091246616
forecast_2664,2025-04-22 00:00:00,8954.03298608294,9194.991720359403,6038.398150759575
forecast_2665,2025-04-22 01:00:00,8703.103840331112,9206.37687670577,6565.764126711893
forecast_2666,2025-04-22 02:00:00,9737.493357654954,9712.401968953536,6495.119602598125
forecast_2667,2025-04-22 03:00:00,8328.317401064698,7675.330310609282,5466.146784844588
forecast_2668,2025-04-22 04:00:00,7865.540675065428,7425.516964225241,4792.199754177744
forecast_2669,2025-04-22 05:00:00,7015.004236799204,5053.374432591697,4631.0505324563455
forecast_2670,2025-04-22 06:00:00,6141.64484766829,4306.436240125406,4004.5684791984063
forecast_2671,2025-04-22 07:00:00,5826.034869431109,4463.26598851435,3940.586964279676
forecast_2672,2025-04-22 08:00:00,3795.3250484676564,3848.716375141347,3914.3039505226297
forecast_2673,2025-04-22 09:00:00,7891.708965025299,7671.877690079393,4867.305005593636
forecast_2674,2025-04-22 10:00:00,4611.5336718882545,7915.238548516648,5153.505706502354
forecast_2675,2025-04-22 11:00:00,8199.742834297187,8338.122666552199,5897.7900210721
forecast_2676,2025-04-22 12:00:00,8623.990926294764,9108.926360139933,6597.126310126266
forecast_2677,2025-04-22 13:00:00,9236.011836747584,9277.639232944952,7094.8575112562385
forecast_2678,2025-04-22 14:00:00,7990.17512188183,6572.632304373275,5764.2645229983555
forecast_2679,2025-04-22 15:00:00,4056.135536750778,5237.359694195564,5008.844857589288
forecast_2680,2025-04-22 16:00:00,3917.009865830321,4703.657371342977,3650.932882594277
forecast_2681,2025-04-22 17:00:00,3630.1253757619784,3785.682594861083,3598.8301951192766
forecast_2682,2025-04-22 18:00:00,3513.370311193736,2946.8426692353564,3558.245737453998
forecast_2683,2025-04-22 19:00:00,3848.546611183422,3792.7021589962737,3497.3871583990162
forecast_2684,2025-04-22 20:00:00,5329.226662871354,3948.743459673746,3481.165799456783
forecast_2685,2025-04-22 21:00:00,5805.61939018798,4584.280571499927,3485.357692849835
forecast_2686,2025-04-22 22:00:00,5857.127509346282,4789.050750201806,3513.9436892349195
forecast_2687,2025-04-22 23:00:00,5997.882664130851,4796.131416970071,3586.191607684224
forecast_2688,2025-04-23 00:00:00,5410.809095585082,4294.97307782329,3566.5907695260153
forecast_2689,2025-04-23 01:00:00,8344.322317304683,6075.912476440755,3733.2341507520296
forecast_2690,2025-04-23 02:00:00,6554.210073331839,5416.621821039363,4360.30737458754
forecast_2691,2025-04-23 03:00:00,6058.058819362314,4907.473562148156,3963.425263359976
forecast_2692,2025-04-23 04:00:00,6139.913058539484,5286.112786334246,4110.558187410727
forecast_2693,2025-04-23 05:00:00,5470.005415832296,5062.387921674517,3960.344114260427
forecast_2694,2025-04-23 06:00:00,4879.104831905947,4992.994843960541,3591.6851002580647
forecast_2695,2025-04-23 07:00:00,4942.668831594851,4592.475444680151,3440.259425245354
forecast_2696,2025-04-23 08:00:00,3719.224341527882,3756.595996977986,3377.82883677166
forecast_2697,2025-04-23 09:00:00,3562.414369019454,3596.309778097882,3368.0126835813885
forecast_2698,2025-04-23 10:00:00,3515.984281072721,3541.6776161017256,3368.7941851660667
forecast_2699,2025-04-23 11:00:00,3466.885571464521,3482.9520624189254,3361.1471496821623
forecast_2700,2025-04-23 12:00:00,3463.572038277571,3479.8588886511384,3363.0466926106646
forecast_2701,2025-04-23 13:00:00,3458.656362313747,3461.029412741858,3361.3937320324344
forecast_2702,2025-04-23 14:00:00,3465.0638206321632,3482.3926607953813,3361.165458497851
forecast_2703,2025-04-23 15:00:00,3501.5467917329456,3529.5804514149336,3361.7754503804126
forecast_2704,2025-04-23 16:00:00,3515.605328305914,3524.2513509205196,3362.820007571467
forecast_2705,2025-04-23 17:00:00,3663.936013994028,3766.232902469634,3376.9709384573307
forecast_2706,2025-04-23 18:00:00,3808.5997354133156,3964.2358948060423,3549.2023242286673
forecast_2707,2025-04-23 19:00:00,3911.117570675376,4393.8261415855695,3486.4837833015536
forecast_2708,2025-04-23 20:00:00,6181.422557509716,6844.796888963818,4475.288967958332
forecast_2709,2025-04-23 21:00:00,8093.712899360179,8835.88418976687,5977.573775475513
forecast_2710,2025-04-23 22:00:00,12057.960740889173,14498.88302357005,10075.577703064073
forecast_2711,2025-04-23 23:00:00,14030.587701554934,16254.936535448605,12110.746206546457
forecast_2712,2025-04-24 00:00:00,15144.806018317895,17112.604455522636,13833.01795338326
forecast_2713,2025-04-24 01:00:00,15326.012204281069,16765.831444980697,14236.099596252774
forecast_2714,2025-04-24 02:00:00,16354.390302160142,17589.60750835766,15855.45868109658
forecast_2715,2025-04-24 03:00:00,16782.73796660951,17956.836871540603,15670.889419070712
forecast_2716,2025-04-24 04:00:00,16942.323183816283,17982.76072465172,17200.259017411114
forecast_2717,2025-04-24 05:00:00,15940.550049879283,17130.763021558665,15253.84603051659
forecast_2718,2025-04-24 06:00:00,15168.240415128428,16271.283676125826,15430.339061630355
forecast_2719,2025-04-24 07:00:00,14664.540704323561,15492.88864069189,13815.772295478677
forecast_2720,2025-04-24 08:00:00,14384.636017984356,14723.842566462885,12766.373073015873
forecast_2721,2025-04-24 09:00:00,12782.437754383327,12460.285974378743,10413.600529830032
forecast_2722,2025-04-24 10:00:00,11437.738650162493,10889.33886213004,10135.622148071518
forecast_2723,2025-04-24 11:00:00,11911.343948343336,10993.399111594748,10902.215465397896
forecast_2724,2025-04-24 12:00:00,12319.489490114718,11503.775937487992,11036.452342223722
forecast_2725,2025-04-24 13:00:00,12913.530630661344,12503.469557775881,12307.852154453707
forecast_2726,2025-04-24 14:00:00,13960.753094617596,13895.003646207411,13333.134192667183
forecast_2727,2025-04-24 15:00:00,15474.755467696548,15409.230281534505,14505.074473816981
forecast_2728,2025-04-24 16:00:00,16361.167960771836,16262.18516347095,14920.136788087379
forecast_2729,2025-04-24 17:00:00,16858.485315065023,17340.091774950837,14792.669212614686
forecast_2730,2025-04-24 18:00:00,17291.262436798443,17868.995047871704,14943.28065597219
forecast_2731,2025-04-24 19:00:00,17862.746334403073,18487.69032480741,15677.14469620859
forecast_2732,2025-04-24 20:00:00,17904.303779889422,18652.204520881543,16318.031210232919
forecast_2733,2025-04-24 21:00:00,17884.332882152645,18896.417428417426,15933.719520092665
forecast_2734,2025-04-24 22:00:00,17127.54715843022,18592.560077247916,13538.291645982426
forecast_2735,2025-04-24 23:00:00,16832.255105881515,18082.885073243586,13382.807234611935
forecast_2736,2025-04-25 00:00:00,15899.76471493459,17570.069179695067,13211.91548725726
forecast_2737,2025-04-25 01:00:00,15324.62933247099,15865.413361048419,11473.042658959945
forecast_2738,2025-04-25 02:00:00,15129.07925128083,15227.30727888999,10303.697961061465
forecast_2739,2025-04-25 03:00:00,14674.376951182448,14866.429310204583,10197.527838265089
forecast_2740,2025-04-25 04:00:00,14308.843186059039,14547.82273921997,9220.838962669797
forecast_2741,2025-04-25 05:00:00,14553.801245147528,14453.722595548117,9339.819368172955
forecast_2742,2025-04-25 06:00:00,14418.75468133379,13693.768116735682,9095.392584879764
forecast_2743,2025-04-25 07:00:00,13246.739550337528,12571.14106631562,8614.109332207365
forecast_2744,2025-04-25 08:00:00,12923.910500705759,12195.68262681199,8249.619232187519
forecast_2745,2025-04-25 09:00:00,12612.983591338261,11718.07947269241,8230.773348585315
forecast_2746,2025-04-25 10:00:00,12637.207757002006,11621.258563343175,8223.630903886253
forecast_2747,2025-04-25 11:00:00,12215.598135050697,11006.499080131565,8234.061980999435
forecast_2748,2025-04-25 12:00:00,11853.434617822068,10061.049672756008,8291.395030607766
forecast_2749,2025-04-25 13:00:00,12021.642354127025,10282.954035762443,8209.347466513384
forecast_2750,2025-04-25 14:00:00,12102.657036173685,10825.880478255109,8246.808763213732
forecast_2751,2025-04-25 15:00:00,12004.08868839553,11134.308817161054,8569.809466142511
forecast_2752,2025-04-25 16:00:00,12015.410900027728,11239.038177524342,8803.671690667305
forecast_2753,2025-04-25 17:00:00,12180.499367489556,11178.455730645486,8571.307974202722
forecast_2754,2025-04-25 18:00:00,12315.637601341972,11187.86505010817,8775.254156137184
forecast_2755,2025-04-25 19:00:00,12431.274493367508,10960.293355368183,9921.559509915875
forecast_2756,2025-04-25 20:00:00,12573.338178264008,11474.741437525028,9743.414835196785
forecast_2757,2025-04-25 21:00:00,14179.591975156265,12785.51737138257,10958.423055903975
forecast_2758,2025-04-25 22:00:00,14135.67933302225,13023.066011991838,12087.147283409962
forecast_2759,2025-04-25 23:00:00,12077.567921023816,11177.07246334353,10745.940688837289
forecast_2760,2025-04-26 00:00:00,11940.648571623618,11896.7404794373,11319.30388701727
forecast_2761,2025-04-26 01:00:00,12203.499222177663,13390.068117119199,11300.79035349118
forecast_2762,2025-04-26 02:00:00,14085.165850020172,15158.923979550904,11307.247186266926
forecast_2763,2025-04-26 03:00:00,14907.910735433014,15637.90673734734,12440.336401452923
forecast_2764,2025-04-26 04:00:00,14715.212197551196,15260.63053972923,11959.362176910243
forecast_2765,2025-04-26 05:00:00,14769.876081911721,15212.502005447332,12521.549112820687
forecast_2766,2025-04-26 06:00:00,15119.412791467073,15112.072174509767,12901.642954924155
forecast_2767,2025-04-26 07:00:00,15416.884889980125,15267.334115886271,12722.5850052146
forecast_2768,2025-04-26 08:00:00,16326.227178778472,15621.535229949006,13978.237547975114
forecast_2769,2025-04-26 09:00:00,14278.585156921312,14657.49661686336,12537.02979854614
forecast_2770,2025-04-26 10:00:00,13637.154157255594,13481.058104516045,12805.702185097956
forecast_2771,2025-04-26 11:00:00,13900.176296257896,13664.73629941626,11733.6271444459
forecast_2772,2025-04-26 12:00:00,14258.856198625122,14124.672415615682,13393.10625646726
forecast_2773,2025-04-26 13:00:00,14013.389508094922,14351.563653517915,13602.867581227758
forecast_2774,2025-04-26 14:00:00,14532.864855043072,14565.849801370412,13990.950686363842
forecast_2775,2025-04-26 15:00:00,16161.647751560376,16182.532128910512,15200.052531671294
forecast_2776,2025-04-26 16:00:00,15957.946711808843,16424.06878999341,15306.118875591903
forecast_2777,2025-04-26 17:00:00,16143.387970566186,16454.19271075567,15417.314543594404
forecast_2778,2025-04-26 18:00:00,17112.45647400411,17727.076107424942,16470.443309932158
forecast_2779,2025-04-26 19:00:00,17583.495340331698,18161.81586617411,17529.072528967117
forecast_2780,2025-04-26 20:00:00,17891.675202244965,18752.687904956812,18765.611907803177
forecast_2781,2025-04-26 21:00:00,18214.80120655731,19047.75311854049,18754.886179256744
forecast_2782,2025-04-26 22:00:00,19216.98299110091,19454.246895471435,19360.026574758456
forecast_2783,2025-04-26 23:00:00,19336.568268761912,19669.960467240075,18798.817111219356
forecast_2784,2025-04-27 00:00:00,19609.37301569194,19953.337816515457,19049.038414143906
forecast_2785,2025-04-27 01:00:00,19426.998984049933,19995.747810348075,18355.82202422749
forecast_2786,2025-04-27 02:00:00,19559.935477981868,19991.18510803552,18543.30269238427
forecast_2787,2025-04-27 03:00:00,19578.60743140213,19844.62756748045,18503.29252387508
forecast_2788,2025-04-27 04:00:00,19620.393427320803,19738.868235605798,18236.503859526176
forecast_2789,2025-04-27 05:00:00,19247.8999141811,19335.731062536255,17689.217897995146
forecast_2790,2025-04-27 06:00:00,19135.460494632676,19297.59741841756,16962.949980547935
forecast_2791,2025-04-27 07:00:00,18016.54506105285,18894.25122625429,16743.077961489773
forecast_2792,2025-04-27 08:00:00,18114.058087783313,18720.91278225344,16706.7148969416
forecast_2793,2025-04-27 09:00:00,17314.82993033381,17673.68598628101,15780.869865933913
forecast_2794,2025-04-27 10:00:00,16161.587723169678,15998.947054052798,15073.597609899012
forecast_2795,2025-04-27 11:00:00,15817.822470333746,15781.909301909402,15118.10977257916
forecast_2796,2025-04-27 12:00:00,15770.079061682247,15508.17064345252,14760.304885086802
forecast_2797,2025-04-27 13:00:00,15706.541883789676,15528.957331607244,15331.056569511662
forecast_2798,2025-04-27 14:00:00,15570.663864282518,15630.040476131931,15066.961377950189
forecast_2799,2025-04-27 15:00:00,15307.773823719845,15322.329497579387,14520.8372004139
forecast_2800,2025-04-27 16:00:00,15485.407986974233,15279.633401547166,15258.30077167553
forecast_2801,2025-04-27 17:00:00,16032.541789387622,16430.824627992082,15514.098401646359
forecast_2802,2025-04-27 18:00:00,16010.145701859432,16330.50430190991,15795.621113325382
forecast_2803,2025-04-27 19:00:00,16142.261732670468,16384.869823240253,15989.969164952734
forecast_2804,2025-04-27 20:00:00,16766.922642824604,17232.925410812222,16553.354928106597
forecast_2805,2025-04-27 21:00:00,17037.53703143259,17571.110192079756,14908.710383626032
forecast_2806,2025-04-27 22:00:00,17396.35990559595,18239.19684862786,15413.679365921449
forecast_2807,2025-04-27 23:00:00,17780.02003594718,18080.703474370388,15805.802042635687
forecast_2808,2025-04-28 00:00:00,16504.37903464862,16761.027352435456,13819.179380759075
forecast_2809,2025-04-28 01:00:00,16105.371729322056,17424.945709700434,13376.798350588011
forecast_2810,2025-04-28 02:00:00,15576.749966364821,16960.255267123197,12337.583115463474
forecast_2811,2025-04-28 03:00:00,14515.063748024106,15261.774998158782,12061.060807746862
forecast_2812,2025-04-28 04:00:00,13034.295319896157,13435.668474028464,9983.900405236964
forecast_2813,2025-04-28 05:00:00,11946.690471908434,12531.077115740445,9296.476567113581
forecast_2814,2025-04-28 06:00:00,12059.390435049612,10867.667232264002,8812.933464160258
forecast_2815,2025-04-28 07:00:00,11247.864551840941,10445.162331637332,7388.663925227817
forecast_2816,2025-04-28 08:00:00,9610.532453266542,8360.726514396487,5095.391436801183
forecast_2817,2025-04-28 09:00:00,8234.721809055149,6474.839333510344,4185.753203006264
forecast_2818,2025-04-28 10:00:00,7854.916661958928,5954.054643587816,4120.551907195048
forecast_2819,2025-04-28 11:00:00,9131.297844509632,6572.656849773678,4561.3151297509285
forecast_2820,2025-04-28 12:00:00,10404.872550302323,8716.410988204485,8554.79863686065
forecast_2821,2025-04-28 13:00:00,10346.718109534593,7408.552730199617,6964.4565165099275
forecast_2822,2025-04-28 14:00:00,10127.124593354607,7133.973059246265,6910.758615457759
forecast_2823,2025-04-28 15:00:00,9912.716431497705,6577.623344167423,5908.400941210315
forecast_2824,2025-04-28 16:00:00,8311.395942225266,5170.260181957762,4397.473231057922
forecast_2825,2025-04-28 17:00:00,6270.856970707979,4104.011056689162,3435.6070452510953
forecast_2826,2025-04-28 18:00:00,5200.956991026475,3163.365098435503,3009.2594305186176
forecast_2827,2025-04-28 19:00:00,3653.638693757799,3179.457447187726,3746.1210134680646
forecast_2828,2025-04-28 20:00:00,4959.6027676255335,3875.5669131608847,3243.0553910726326
forecast_2829,2025-04-28 21:00:00,3806.712866523665,3667.961668700262,3664.7758266453056
forecast_2830,2025-04-28 22:00:00,6317.0094843318075,4760.7767741983525,3630.9644706253976
forecast_2831,2025-04-28 23:00:00,6193.618672167002,4433.887746728817,3631.066973323531
forecast_2832,2025-04-29 00:00:00,3952.2161319360225,4285.422304913492,3667.2853068850804
forecast_2833,2025-04-29 01:00:00,3703.7413192942618,3817.6358493467646,3418.69769708264
forecast_2834,2025-04-29 02:00:00,3720.327305440818,3835.2149104975333,3402.765644950442
forecast_2835,2025-04-29 03:00:00,3562.941142548023,3675.412634759532,3389.064088177311
forecast_2836,2025-04-29 04:00:00,3544.1006219609976,3655.850417900561,3394.7509745471625
forecast_2837,2025-04-29 05:00:00,3600.6197483991987,3611.701116817606,3484.748586737726
forecast_2838,2025-04-29 06:00:00,3607.085146261473,3614.1252514360417,3499.516015465518
forecast_2839,2025-04-29 07:00:00,4099.746511000589,5356.066688654593,4502.269082570194
forecast_2840,2025-04-29 08:00:00,4299.40729688484,6073.801841521792,3742.0895325866013
forecast_2841,2025-04-29 09:00:00,6157.164130124579,6161.559714001282,3963.3873028334174
forecast_2842,2025-04-29 10:00:00,6202.7499763927435,5769.307748567372,4212.479091444621
forecast_2843,2025-04-29 11:00:00,6130.350267060823,5380.13736030353,4571.6738306933075
forecast_2844,2025-04-29 12:00:00,6767.518846827211,5907.6975701188385,4591.691662270449
forecast_2845,2025-04-29 13:00:00,7702.118124523943,6521.4429188518,5673.188338352215
forecast_2846,2025-04-29 14:00:00,8399.11314288581,6474.15980765064,5738.195383215153
forecast_2847,2025-04-29 15:00:00,9118.243010896545,7179.820334754373,5810.488921073481
forecast_2848,2025-04-29 16:00:00,9698.584554203791,7501.099617728901,6731.029852851018
forecast_2849,2025-04-29 17:00:00,10173.383567457564,8474.951327261504,7971.819587519183
forecast_2850,2025-04-29 18:00:00,10482.633934143978,10409.945947180298,9845.156965373251
forecast_2851,2025-04-29 19:00:00,12316.700481024065,13001.115600484498,11732.966144640253
forecast_2852,2025-04-29 20:00:00,14169.913357201023,15122.548447912839,13968.930275980516
forecast_2853,2025-04-29 21:00:00,15415.122034054051,16099.185706460043,15341.690344489902
forecast_2854,2025-04-29 22:00:00,15922.191852422173,16904.793157542073,17198.039724888873
forecast_2855,2025-04-29 23:00:00,17752.96236045321,17874.84175195966,18018.394904693894
forecast_2856,2025-04-30 00:00:00,19088.33287237958,18316.04250151952,17661.30464699029
forecast_2857,2025-04-30 01:00:00,18037.738106833003,17470.86013196226,17673.965082648003
forecast_2858,2025-04-30 02:00:00,18790.21641369874,18046.615082620552,18347.9261046232
forecast_2859,2025-04-30 03:00:00,19261.15547656109,18704.23873996481,18506.683698835677
forecast_2860,2025-04-30 04:00:00,19362.38148388893,18882.02626836098,18596.457537969054
forecast_2861,2025-04-30 05:00:00,18964.270269932877,18976.354496494256,18072.828990862854
forecast_2862,2025-04-30 06:00:00,18584.071252356764,18630.857334506934,17476.514758704187
forecast_2863,2025-04-30 07:00:00,17162.368099002913,17901.210182400264,16681.051260824286
forecast_2864,2025-04-30 08:00:00,16353.503593151368,18005.98890558193,15829.22627677253
forecast_2865,2025-04-30 09:00:00,16098.616245127392,16576.20786498906,15062.443451068903
forecast_2866,2025-04-30 10:00:00,14344.129696988926,14585.201208934182,14478.805788511703
forecast_2867,2025-04-30 11:00:00,13641.069655102685,13772.745141647814,13566.839322894624
forecast_2868,2025-04-30 12:00:00,12807.791580850615,12249.229703190156,13374.01789239792
forecast_2869,2025-04-30 13:00:00,11771.033873751183,11484.857776252433,12975.604491855958
forecast_2870,2025-04-30 14:00:00,10692.415231897745,10828.431730988992,12033.754345752777
forecast_2871,2025-04-30 15:00:00,10028.70704188659,10409.319166015504,10537.960336379367
forecast_2872,2025-04-30 16:00:00,9382.501239114159,9375.639952217538,8995.342462791225
forecast_2873,2025-04-30 17:00:00,8202.23336648208,8190.741592129314,7189.074822041698
forecast_2874,2025-04-30 18:00:00,8650.683816809425,7629.245980506651,6559.744970556144
forecast_2875,2025-04-30 19:00:00,8809.017000031496,7920.676767521659,6208.55774685179
forecast_2876,2025-04-30 20:00:00,8964.234373980202,8055.883130191995,5844.754000704657
forecast_2877,2025-04-30 21:00:00,8782.867869101732,8510.79751758979,6713.646035988112
forecast_2878,2025-04-30 22:00:00,11289.770726422958,10842.68313509405,7905.064874187488
forecast_2879,2025-04-30 23:00:00,12505.079876199983,13426.480482012605,9157.445764652432
forecast_2880,2025-05-01 00:00:00,12791.8097931728,14562.461297272775,10206.437057983141
forecast_2881,2025-05-01 01:00:00,14449.92170784882,15926.222485155084,12568.866633747051
forecast_2882,2025-05-01 02:00:00,15602.410766327297,16770.095764620648,14205.335788841443
forecast_2883,2025-05-01 03:00:00,16562.239813935783,17194.45332421697,14688.666116844573
forecast_2884,2025-05-01 04:00:00,17080.792908173156,17828.23788657136,15441.958067633459
forecast_2885,2025-05-01 05:00:00,17346.155940849112,18138.553610271254,15684.444470577208
forecast_2886,2025-05-01 06:00:00,17542.20605904444,18402.972890283516,15923.631217329339
forecast_2887,2025-05-01 07:00:00,17739.39443574015,19049.777906662082,16176.446813130497
forecast_2888,2025-05-01 08:00:00,17445.006658555467,18683.86683288134,16088.410748635328
forecast_2889,2025-05-01 09:00:00,17130.145240938993,18014.279566130146,16052.418738873957
forecast_2890,2025-05-01 10:00:00,17281.89267433168,18090.38394788242,16743.354215363783
forecast_2891,2025-05-01 11:00:00,17313.78423119998,17845.89293815018,17490.851838954015
forecast_2892,2025-05-01 12:00:00,17448.8136704551,17458.43915491676,16795.570867759525
forecast_2893,2025-05-01 13:00:00,16708.751236419066,17316.856117247808,16821.468829465346
forecast_2894,2025-05-01 14:00:00,16181.81750125473,16992.491634033642,16052.612167440464
forecast_2895,2025-05-01 15:00:00,16247.5660162611,16063.915461854482,16756.722275112355
forecast_2896,2025-05-01 16:00:00,16265.322972596989,16407.41969256849,16713.285853860278
forecast_2897,2025-05-01 17:00:00,15875.009224413398,16580.089897420756,15616.119147353054
forecast_2898,2025-05-01 18:00:00,14511.841852316655,15806.845212105261,14102.705763555503
forecast_2899,2025-05-01 19:00:00,14347.817821961353,16188.323838976796,15274.876778905083
forecast_2900,2025-05-01 20:00:00,14626.15071136981,15876.701105944443,13353.504522449992
forecast_2901,2025-05-01 21:00:00,13571.516326028606,14704.306322685772,12406.78121038706
forecast_2902,2025-05-01 22:00:00,15899.447608958517,15081.721929346642,13812.8391559423
forecast_2903,2025-05-01 23:00:00,16649.095519985298,15393.37865891376,15830.795457781496
forecast_2904,2025-05-02 00:00:00,17284.886511208028,15650.326591650739,16537.975395149326
forecast_2905,2025-05-02 01:00:00,17370.50898578596,16623.10925524257,15467.02393897065
forecast_2906,2025-05-02 02:00:00,17552.159721044212,16799.89146070256,14888.350674606534
forecast_2907,2025-05-02 03:00:00,16833.71051629097,16181.970834978409,14522.323258358854
forecast_2908,2025-05-02 04:00:00,16291.882970742774,16146.949505594825,15178.944839914662
forecast_2909,2025-05-02 05:00:00,16638.658369460354,17373.51417465235,16506.231540123175
forecast_2910,2025-05-02 06:00:00,16666.276142080365,17186.128604795278,15726.422943362275
forecast_2911,2025-05-02 07:00:00,15675.40036106155,15831.128075249459,14592.85556314708
forecast_2912,2025-05-02 08:00:00,14870.789329126157,14369.439708304568,11927.718553900777
forecast_2913,2025-05-02 09:00:00,14361.316248668356,13259.483630339708,10526.902060384036
forecast_2914,2025-05-02 10:00:00,13138.097281766766,12009.834821534136,9654.644584868744
forecast_2915,2025-05-02 11:00:00,11604.817630523545,9043.88690488952,8039.616844003312
forecast_2916,2025-05-02 12:00:00,10927.52610115709,6795.3988137932,7270.678526234335
forecast_2917,2025-05-02 13:00:00,10665.011223664851,6210.458427757124,6676.049231242965
forecast_2918,2025-05-02 14:00:00,10225.51703161082,6202.754687806239,6155.667317723955
forecast_2919,2025-05-02 15:00:00,10504.130542899118,6113.57831322673,5550.861012722337
forecast_2920,2025-05-02 16:00:00,10118.044322656015,6295.061184081839,5392.832953338378
forecast_2921,2025-05-02 17:00:00,10090.263529791402,6244.681644097739,4938.370897465653
forecast_2922,2025-05-02 18:00:00,10078.217301632827,7510.726180492342,6256.323440432105
forecast_2923,2025-05-02 19:00:00,10152.971417116516,8794.982256753408,7519.200637780795
forecast_2924,2025-05-02 20:00:00,11441.217020984568,10169.794230946836,9263.194959275866
forecast_2925,2025-05-02 21:00:00,11378.802092280077,11000.182995028052,11405.709711597601
forecast_2926,2025-05-02 22:00:00,11642.17452464606,11655.032879083312,11973.57398503636
forecast_2927,2025-05-02 23:00:00,12728.900981319246,12620.917511213858,12055.001039070155
forecast_2928,2025-05-03 00:00:00,11526.279149640748,11773.260813981955,10152.987406208906
forecast_2929,2025-05-03 01:00:00,12136.79759456679,13112.190421412792,10445.439754179668
forecast_2930,2025-05-03 02:00:00,11908.720127092893,12824.572075199982,9745.77732965605
forecast_2931,2025-05-03 03:00:00,10575.61153086512,11332.35277697665,8511.188871174427
forecast_2932,2025-05-03 04:00:00,9668.213054933687,9181.129425137025,6916.091357716755
forecast_2933,2025-05-03 05:00:00,9275.192466400009,7689.2399426170605,6522.958128302988
forecast_2934,2025-05-03 06:00:00,7633.38889821187,6292.905458322051,3631.809038656014
forecast_2935,2025-05-03 07:00:00,7042.329812148922,5330.898902117982,3624.915809920582
forecast_2936,2025-05-03 08:00:00,7632.583365127207,5685.770875076738,3584.084089655758
forecast_2937,2025-05-03 09:00:00,7379.169772261693,6365.101479102263,6199.8568395880675
forecast_2938,2025-05-03 10:00:00,8485.64352864415,7878.639205838023,7075.507034610041
forecast_2939,2025-05-03 11:00:00,9792.13016233409,11051.589510294687,9599.871981716553
forecast_2940,2025-05-03 12:00:00,12206.391545864682,12652.87499431822,11443.200421253954
forecast_2941,2025-05-03 13:00:00,12037.227284352655,13548.579127100376,12456.831536909656
forecast_2942,2025-05-03 14:00:00,12444.4829926342,13303.38136107059,12921.466236710441
forecast_2943,2025-05-03 15:00:00,13874.877084940912,13963.088188739172,13793.303804319277
forecast_2944,2025-05-03 16:00:00,13919.928636976067,13705.186478169555,13153.362535294113
forecast_2945,2025-05-03 17:00:00,13654.749847669618,13604.1303387356,11619.810041725865
forecast_2946,2025-05-03 18:00:00,14718.249424607562,14088.667791549715,11739.364564781756
forecast_2947,2025-05-03 19:00:00,14966.165977100862,14184.248199283185,12150.315759752291
forecast_2948,2025-05-03 20:00:00,15338.047693547203,14049.833739794616,13573.890440773548
forecast_2949,2025-05-03 21:00:00,15251.218239195085,13804.5098202819,12789.044983558333
forecast_2950,2025-05-03 22:00:00,15391.149901262568,13466.27293283948,12129.85680585016
forecast_2951,2025-05-03 23:00:00,15330.999480591518,13279.954195240718,12671.150614552997
forecast_2952,2025-05-04 00:00:00,15575.347307472864,14534.939194171518,14104.76734641769
forecast_2953,2025-05-04 01:00:00,15820.707191951318,15139.802413884616,14700.791193158555
forecast_2954,2025-05-04 02:00:00,15290.951200654676,15128.791533347017,14316.641437195514
forecast_2955,2025-05-04 03:00:00,15488.26737201768,14938.07355446942,13004.260710985118
forecast_2956,2025-05-04 04:00:00,15956.039478805487,15201.490894140168,13244.259161999975
forecast_2957,2025-05-04 05:00:00,15741.056708791433,15233.618460402311,12754.027415243472
forecast_2958,2025-05-04 06:00:00,15313.951096326673,15223.201801463212,11736.531128625375
forecast_2959,2025-05-04 07:00:00,15404.470970487087,14643.133508492429,11820.352418121143
forecast_2960,2025-05-04 08:00:00,15330.021936712454,14911.932614419817,11455.078103684884
forecast_2961,2025-05-04 09:00:00,14889.183306608156,14029.31910145218,11106.379269908479
forecast_2962,2025-05-04 10:00:00,15018.471584158757,13706.434744538874,10945.747242460553
forecast_2963,2025-05-04 11:00:00,14621.32112745986,13281.286023235634,10790.920842826372
forecast_2964,2025-05-04 12:00:00,14112.852195459285,13686.875857198014,11132.53026300601
forecast_2965,2025-05-04 13:00:00,14835.101406949723,14402.344899174519,13884.338002193826
forecast_2966,2025-05-04 14:00:00,15629.04899473146,15049.12571203675,15253.489474061209
forecast_2967,2025-05-04 15:00:00,16213.04981438883,15693.740339908318,15995.04076380274
forecast_2968,2025-05-04 16:00:00,16251.24918951939,15388.697500893282,14863.963140480872
forecast_2969,2025-05-04 17:00:00,15262.322908548262,14151.846454545064,11964.444166951851
forecast_2970,2025-05-04 18:00:00,14629.296439915228,13555.29086401472,11110.52653257782
forecast_2971,2025-05-04 19:00:00,13737.13032500543,12697.32401429862,10150.585536368535
forecast_2972,2025-05-04 20:00:00,13281.48120879661,11067.170577286946,9501.296596769153
forecast_2973,2025-05-04 21:00:00,12591.271707542286,9238.869446556932,8509.005389776192
forecast_2974,2025-05-04 22:00:00,9994.684851258244,6989.910859539897,6619.612595312193
forecast_2975,2025-05-04 23:00:00,7135.253201232193,4955.168896725057,3765.7897145626116
forecast_2976,2025-05-05 00:00:00,3611.3730580533097,3531.013129970099,3430.637343368808
forecast_2977,2025-05-05 01:00:00,3649.270288329098,3676.0866119823763,3416.4302937463162
forecast_2978,2025-05-05 02:00:00,3591.2379728608826,3567.6479343734663,3413.8759169778486
forecast_2979,2025-05-05 03:00:00,3617.435145655353,3612.846784567903,3444.4856572479443
forecast_2980,2025-05-05 04:00:00,3667.237396177618,3659.0454652817552,3436.9545874500914
forecast_2981,2025-05-05 05:00:00,3592.038147099599,3617.423155229363,3376.0871263455747
forecast_2982,2025-05-05 06:00:00,3493.847211172738,3480.7535913678403,3368.9826772529373
forecast_2983,2025-05-05 07:00:00,3505.0237800132845,3552.235284737719,3363.3894351682115
forecast_2984,2025-05-05 08:00:00,3481.2577575227983,3500.428836594347,3368.716334862463
forecast_2985,2025-05-05 09:00:00,3465.098431392,3462.6174729313757,3363.7946033966928
forecast_2986,2025-05-05 10:00:00,3462.4949106997683,3459.78811697487,3362.4305791876186
forecast_2987,2025-05-05 11:00:00,3463.3294838989696,3457.6541670407673,3360.943823020468
forecast_2988,2025-05-05 12:00:00,3461.437711412369,3457.820807546674,3360.2975006409083
forecast_2989,2025-05-05 13:00:00,3459.5211665461297,3459.1542690878027,3360.7124912681643
forecast_2990,2025-05-05 14:00:00,3462.8939745861344,3464.503724311876,3361.325699244028
forecast_2991,2025-05-05 15:00:00,3460.2702000362133,3462.6092410363462,3361.9932454706764
forecast_2992,2025-05-05 16:00:00,3462.1473987681907,3472.0219570939626,3364.1595726822684
forecast_2993,2025-05-05 17:00:00,3470.314158707661,3497.2200810404393,3367.217514294273
forecast_2994,2025-05-05 18:00:00,3482.334066386753,3513.587149118732,3383.941445926616
forecast_2995,2025-05-05 19:00:00,3696.8202774776532,3632.5131087243403,3421.358390762374
forecast_2996,2025-05-05 20:00:00,3683.637674971625,3646.4405584231854,3471.7895171790437
forecast_2997,2025-05-05 21:00:00,3781.9681520919803,3819.7696208094976,3411.3767020993273
forecast_2998,2025-05-05 22:00:00,3903.6443016456165,4172.529147681906,3479.666266793997
forecast_2999,2025-05-05 23:00:00,3794.4335469540247,3835.9841022714863,3421.348494454962
forecast_3000,2025-05-06 00:00:00,3548.7444151008604,2844.5031243521385,3386.4832387855304
forecast_3001,2025-05-06 01:00:00,3644.0752693973077,3763.6214372352306,3361.9810890105664
forecast_3002,2025-05-06 02:00:00,3530.426512878479,3572.1894769502856,3363.4822410854053
forecast_3003,2025-05-06 03:00:00,3552.6187715732453,3519.345226496628,3364.1585006823416
forecast_3004,2025-05-06 04:00:00,3495.0972879408896,3525.007297157278,3361.126072599084
forecast_3005,2025-05-06 05:00:00,3498.91100406171,3525.484590404326,3361.1307615743026
forecast_3006,2025-05-06 06:00:00,3577.11149797315,3649.344016832054,3363.146571810228
forecast_3007,2025-05-06 07:00:00,3630.4251324487136,3710.291259187784,3364.681011414476
forecast_3008,2025-05-06 08:00:00,3530.038375231211,3596.2677142700463,3366.0655998706516
forecast_3009,2025-05-06 09:00:00,3500.140735852031,3528.3784247164303,3363.5995943726525
forecast_3010,2025-05-06 10:00:00,3465.9766101330615,3486.5285780206736,3362.952231703035
forecast_3011,2025-05-06 11:00:00,3460.9618297837123,3470.7623598439586,3361.715065072749
forecast_3012,2025-05-06 12:00:00,3458.740500910733,3464.0331414779057,3362.5579835877
forecast_3013,2025-05-06 13:00:00,3472.091970068967,3477.425515265524,3362.2566942726326
forecast_3014,2025-05-06 14:00:00,3469.6094114310667,3472.579333694533,3372.462523710978
forecast_3015,2025-05-06 15:00:00,3472.003006492931,3482.815752117566,3366.650939574109
forecast_3016,2025-05-06 16:00:00,3464.032215228995,3471.8467220885223,3361.462684265791
forecast_3017,2025-05-06 17:00:00,3464.6829330185597,3468.74987881553,3362.4078854209474
forecast_3018,2025-05-06 18:00:00,3465.2374681674846,3467.202024614915,3361.6764223308664
forecast_3019,2025-05-06 19:00:00,3514.5735828629927,3468.368725408666,3368.844004813581
forecast_3020,2025-05-06 20:00:00,3581.937375725211,3588.7153267760073,3398.0390136343603
forecast_3021,2025-05-06 21:00:00,3588.106252814084,3663.921322531645,3387.4190865132614
forecast_3022,2025-05-06 22:00:00,3663.4137119181128,3783.4665768741947,3477.9131897486095
forecast_3023,2025-05-06 23:00:00,3674.599096914739,3656.2473773133743,3578.314789097405
forecast_3024,2025-05-07 00:00:00,3683.2485880164536,3697.8053721958513,3531.3906161114974
forecast_3025,2025-05-07 01:00:00,4649.801435447783,3706.3959289520744,3520.4988488942636
forecast_3026,2025-05-07 02:00:00,3758.7753272831246,3713.6880601777034,3516.2683505595483
forecast_3027,2025-05-07 03:00:00,3751.174535817317,3677.4117925981745,3447.9892074604977
forecast_3028,2025-05-07 04:00:00,3851.7382788464934,3824.5998466471538,3450.419160327101
forecast_3029,2025-05-07 05:00:00,4806.833243459806,2943.426665621042,3657.4594867070095
forecast_3030,2025-05-07 06:00:00,5229.4965665042455,3159.0570934750203,3513.3124470225553
forecast_3031,2025-05-07 07:00:00,5306.267894585395,3147.6952783455063,3507.0710027284936
forecast_3032,2025-05-07 08:00:00,4639.797185397958,3241.3125422756425,3492.6334197011333
forecast_3033,2025-05-07 09:00:00,3771.3203081694865,3802.6764831828154,3396.3136343294454
forecast_3034,2025-05-07 10:00:00,3635.8657690472846,3788.724024794937,3410.6621767371275
forecast_3035,2025-05-07 11:00:00,3686.589953924249,3719.893751521202,3406.5161352127325
forecast_3036,2025-05-07 12:00:00,3638.735122899901,3771.892086986096,3375.128629547024
forecast_3037,2025-05-07 13:00:00,3511.6887185025466,3590.5479337533893,3379.632637142271
forecast_3038,2025-05-07 14:00:00,3526.449205805528,3525.4533963101985,3375.790324931435
forecast_3039,2025-05-07 15:00:00,3500.4040779631123,3560.744851853999,3371.1109982575786
forecast_3040,2025-05-07 16:00:00,3478.4655409709553,3486.067853317407,3365.7939204964177
forecast_3041,2025-05-07 17:00:00,3475.621245937442,3474.2536342520802,3365.7561787608897
forecast_3042,2025-05-07 18:00:00,3496.374272262501,3502.965402330104,3431.5289736703608
forecast_3043,2025-05-07 19:00:00,3524.925119135963,3561.450081658535,3433.4325070182117
forecast_3044,2025-05-07 20:00:00,3740.9788800109663,3832.874509177017,3462.150586540657
forecast_3045,2025-05-07 21:00:00,6436.083379543049,4812.347109185001,4420.782806222002
forecast_3046,2025-05-07 22:00:00,8075.29270249659,6168.179559620065,4901.148307425316
forecast_3047,2025-05-07 23:00:00,9144.750366153625,8353.229939895682,5159.384978733825
forecast_3048,2025-05-08 00:00:00,8563.36395544316,8201.631882380616,5035.509211838161
forecast_3049,2025-05-08 01:00:00,9509.351622460388,8298.07917264592,5012.672291683507
forecast_3050,2025-05-08 02:00:00,9039.878534678839,8145.924290447198,5724.368077858574
forecast_3051,2025-05-08 03:00:00,9873.70882238598,8613.117622999014,6386.339928831507
forecast_3052,2025-05-08 04:00:00,10862.89505352153,10174.87597373086,6680.30919867371
forecast_3053,2025-05-08 05:00:00,9687.30807355701,9616.624373380606,6384.3404741733275
forecast_3054,2025-05-08 06:00:00,8947.536468038308,8276.089371331645,5305.619098958752
forecast_3055,2025-05-08 07:00:00,7043.630331331173,5288.6635294645275,3761.877836375033
forecast_3056,2025-05-08 08:00:00,3737.337089706422,3771.4437883617043,3510.819723451938
forecast_3057,2025-05-08 09:00:00,3582.36865134306,3676.5188397159322,3393.266722970553
forecast_3058,2025-05-08 10:00:00,3496.523126536692,3551.1136238946674,3377.142196079334
forecast_3059,2025-05-08 11:00:00,3499.504751661251,3528.053579243498,3389.989191481588
forecast_3060,2025-05-08 12:00:00,3476.240899326809,3508.6175170855963,3367.17555843475
forecast_3061,2025-05-08 13:00:00,3482.041132379373,3498.8986289682703,3400.052061595795
forecast_3062,2025-05-08 14:00:00,3554.4351032302116,3703.3471024984906,3459.5206215551334
forecast_3063,2025-05-08 15:00:00,3552.934877176613,3652.971453097772,3622.304711556106
forecast_3064,2025-05-08 16:00:00,3556.4533602122533,3758.3792112051797,3587.602299712116
forecast_3065,2025-05-08 17:00:00,3570.008631944319,3719.8380283262463,3520.1284779302064
forecast_3066,2025-05-08 18:00:00,3556.767348702533,3675.1103716178427,3535.585871013271
forecast_3067,2025-05-08 19:00:00,3742.6349429094535,3826.4973718522265,3913.551574658392
forecast_3068,2025-05-08 20:00:00,3645.0051722172784,3788.0381790832885,3403.6076163998455
forecast_3069,2025-05-08 21:00:00,3779.2674275736736,3784.744774516586,3428.9114640981757
forecast_3070,2025-05-08 22:00:00,5546.456579947649,3808.899816388507,3563.2416571544527
forecast_3071,2025-05-08 23:00:00,3789.526168802535,3599.217603075316,3625.7776377296505
forecast_3072,2025-05-09 00:00:00,4919.909702604333,4087.5927387152324,3563.374868122576
forecast_3073,2025-05-09 01:00:00,6442.423539962777,5750.182742235,4465.829592889721
forecast_3074,2025-05-09 02:00:00,6756.3240200682185,6258.284990365206,4430.305541411358
forecast_3075,2025-05-09 03:00:00,6258.772772928583,5860.740927936298,3677.8055311276216
forecast_3076,2025-05-09 04:00:00,5727.7073690799725,5589.876280991639,3721.449521579823
forecast_3077,2025-05-09 05:00:00,5055.239183511651,4522.871811589419,3620.6690126947597
forecast_3078,2025-05-09 06:00:00,3906.3774811921944,4118.184415282564,3521.4119609750023
forecast_3079,2025-05-09 07:00:00,3773.112903109961,3664.051820480163,3481.036528562581
forecast_3080,2025-05-09 08:00:00,3699.9615958041154,3747.938673557544,3470.2454369572724
forecast_3081,2025-05-09 09:00:00,3812.0070039592024,3787.1210187451593,3522.2621255084296
forecast_3082,2025-05-09 10:00:00,6062.835384389123,4417.304673540003,3633.5950831372165
forecast_3083,2025-05-09 11:00:00,6878.2317282418235,4730.456318515028,3727.9102537273616
forecast_3084,2025-05-09 12:00:00,8591.790093625188,7859.161052633967,3776.0006535602793
forecast_3085,2025-05-09 13:00:00,9176.671037761475,8700.653775483905,6306.7105256072
forecast_3086,2025-05-09 14:00:00,9934.84926036485,10444.639942621561,8248.665803353726
forecast_3087,2025-05-09 15:00:00,9652.85847599491,10085.709842031523,8418.775196614011
forecast_3088,2025-05-09 16:00:00,9297.20218282952,8744.604237933776,9477.998412014049
forecast_3089,2025-05-09 17:00:00,8997.068895117185,8464.413779989201,9296.941525666283
forecast_3090,2025-05-09 18:00:00,8183.492716962085,7670.219608332059,8033.109992335981
forecast_3091,2025-05-09 19:00:00,7403.647893928959,6799.8162857594125,7295.27423982656
forecast_3092,2025-05-09 20:00:00,6453.065496599265,5922.322754942606,6034.676640069625
forecast_3093,2025-05-09 21:00:00,5871.087208747001,5491.711984052622,3477.262235626035
forecast_3094,2025-05-09 22:00:00,3873.764714573856,3844.8545918160066,3574.4159454086594
forecast_3095,2025-05-09 23:00:00,6777.365133465175,6857.035155724993,5899.778948448993
forecast_3096,2025-05-10 00:00:00,8814.75929560699,9177.831240176878,7675.054620080063
forecast_3097,2025-05-10 01:00:00,10438.464986685778,11820.465376236774,10485.048970991802
forecast_3098,2025-05-10 02:00:00,12364.886430872191,13761.716006712411,12725.589190405059
forecast_3099,2025-05-10 03:00:00,13163.169876508533,15080.219114253245,14867.793907998883
forecast_3100,2025-05-10 04:00:00,14488.922105953401,16218.645872254105,14705.196845389675
forecast_3101,2025-05-10 05:00:00,15505.563145784054,16597.13558072219,15441.159211429715
forecast_3102,2025-05-10 06:00:00,17096.18063712049,18033.144242031976,16450.06570646789
forecast_3103,2025-05-10 07:00:00,18996.380158735737,19167.28861331707,17774.98803143279
forecast_3104,2025-05-10 08:00:00,19184.90164624376,19138.422987369042,17723.96756380614
forecast_3105,2025-05-10 09:00:00,19044.772000954024,19119.240588586254,18019.91829025343
forecast_3106,2025-05-10 10:00:00,18952.749426210263,18914.35282379089,17645.859774438
forecast_3107,2025-05-10 11:00:00,19040.064725031145,18902.83417969097,17675.746369353474
forecast_3108,2025-05-10 12:00:00,19131.697808070247,18753.65980028891,17700.565280827373
forecast_3109,2025-05-10 13:00:00,18817.815098289724,18668.488886610423,17388.17391001611
forecast_3110,2025-05-10 14:00:00,18806.117349706285,18533.794911961435,17680.654718128335
forecast_3111,2025-05-10 15:00:00,18341.630971271337,18311.905454260992,17187.51450888013
forecast_3112,2025-05-10 16:00:00,17664.104222611644,17654.379663916043,16506.92230763544
forecast_3113,2025-05-10 17:00:00,16524.482615065914,16872.39210976246,15984.41691685724
forecast_3114,2025-05-10 18:00:00,14891.05589905172,14701.888734493277,14955.36607126279
forecast_3115,2025-05-10 19:00:00,13338.091317007837,12812.131213118593,12011.631341638627
forecast_3116,2025-05-10 20:00:00,12768.683166702189,12102.070501640015,12325.741510363296
forecast_3117,2025-05-10 21:00:00,12054.602043926048,11208.76318576633,9789.69400929587
forecast_3118,2025-05-10 22:00:00,10071.12164129331,10122.483228606776,8287.446275803713
forecast_3119,2025-05-10 23:00:00,10191.400386671072,10813.586124922695,7574.973864090117
forecast_3120,2025-05-11 00:00:00,9241.014829695754,8654.042668190195,7656.920184514229
forecast_3121,2025-05-11 01:00:00,9365.722893344442,9584.856642566092,7666.963863598079
forecast_3122,2025-05-11 02:00:00,9003.96599170231,9699.544153387993,7868.780137720007
forecast_3123,2025-05-11 03:00:00,8937.45900969704,9246.029664736743,6838.1592887734105
forecast_3124,2025-05-11 04:00:00,8044.223708106873,8431.061219412759,6145.368783400165
forecast_3125,2025-05-11 05:00:00,8285.776871415486,7923.493221738622,6101.9929662373725
forecast_3126,2025-05-11 06:00:00,7513.847463614896,6137.525553087207,5302.538777964518
forecast_3127,2025-05-11 07:00:00,6789.143143676812,5038.766899035315,4692.823029776529
forecast_3128,2025-05-11 08:00:00,3809.2653228644194,3922.7496675567636,3673.935222007286
forecast_3129,2025-05-11 09:00:00,3437.482781699616,2610.5782868600195,3390.6619583143174
forecast_3130,2025-05-11 10:00:00,3556.860045301571,3543.0733929898734,3367.6611296171063
forecast_3131,2025-05-11 11:00:00,3557.2613293302934,3557.7424929895305,3370.7104741410612
forecast_3132,2025-05-11 12:00:00,3525.9831649884654,3528.9340576918285,3374.970768470802
forecast_3133,2025-05-11 13:00:00,3596.3752713131994,3680.8842905315137,3432.775279109737
forecast_3134,2025-05-11 14:00:00,4408.629287838317,2473.3535233707903,3458.599613717975
forecast_3135,2025-05-11 15:00:00,4860.201144171078,2962.2070927061504,3695.7356019613603
forecast_3136,2025-05-11 16:00:00,4834.057212336913,3258.783978841624,3670.8047159615967
forecast_3137,2025-05-11 17:00:00,5609.43275143262,5446.188007011562,3703.5342039983275
forecast_3138,2025-05-11 18:00:00,6415.641248461602,6220.938537900486,3298.9999433043654
forecast_3139,2025-05-11 19:00:00,7319.24343409761,7145.31390120626,3682.847770653457
forecast_3140,2025-05-11 20:00:00,8634.49846240599,8923.905587822212,5432.211352308272
forecast_3141,2025-05-11 21:00:00,10823.794393210468,10832.344226823041,8803.076609884827
forecast_3142,2025-05-11 22:00:00,13170.314405228586,13453.715586459419,11528.92794175826
forecast_3143,2025-05-11 23:00:00,14314.079075595333,14081.337620668673,12689.16819276827
forecast_3144,2025-05-12 00:00:00,14690.656657000296,14437.830373923016,13467.362939046996
forecast_3145,2025-05-12 01:00:00,13887.881812591457,13839.486448902493,12471.255453026097
forecast_3146,2025-05-12 02:00:00,14445.658121333392,14620.119757875806,13196.059084844226
forecast_3147,2025-05-12 03:00:00,15217.87648565596,15054.4795065505,13731.812426115705
forecast_3148,2025-05-12 04:00:00,15297.641093686183,15217.808998429475,13746.967237010696
forecast_3149,2025-05-12 05:00:00,15558.70245903654,15914.574273493708,13836.829163318296
forecast_3150,2025-05-12 06:00:00,15063.30045320483,14533.29646403809,11838.471987531386
forecast_3151,2025-05-12 07:00:00,14538.055963642713,14248.706729257627,10889.205904617023
forecast_3152,2025-05-12 08:00:00,13408.613013928201,13237.508059598942,10303.50770245965
forecast_3153,2025-05-12 09:00:00,11777.198512543744,11714.426174608108,8548.534006821674
forecast_3154,2025-05-12 10:00:00,10329.955927411705,9988.86436332499,7659.395570767523
forecast_3155,2025-05-12 11:00:00,9488.672636036437,7366.734455188538,6631.529082668687
forecast_3156,2025-05-12 12:00:00,9780.931623991448,7145.160233926869,6225.245619358879
forecast_3157,2025-05-12 13:00:00,10085.3548339157,7190.937395387683,7478.409599931177
forecast_3158,2025-05-12 14:00:00,8776.212999141026,6512.271548740199,6970.593240009292
forecast_3159,2025-05-12 15:00:00,8137.072826513296,6406.5676000915155,6662.323151568137
forecast_3160,2025-05-12 16:00:00,8652.53525889933,6709.961146606329,6292.355321066094
forecast_3161,2025-05-12 17:00:00,9179.516154412579,7805.8361512643105,7548.1057719395685
forecast_3162,2025-05-12 18:00:00,10496.05585226548,8942.355499729356,8449.193331966608
forecast_3163,2025-05-12 19:00:00,12853.622993176314,11702.651472140844,11510.562213953415
forecast_3164,2025-05-12 20:00:00,15720.269804018199,14185.26750169426,12742.413094241321
forecast_3165,2025-05-12 21:00:00,17202.22568009745,16375.907918429328,14829.964761631427
forecast_3166,2025-05-12 22:00:00,18198.352552920278,17034.088158889765,16678.658696885333
forecast_3167,2025-05-12 23:00:00,18928.491011454153,17418.449785090448,16842.763805930823
forecast_3168,2025-05-13 00:00:00,19003.269680037574,17694.433229697075,17805.905699143543
forecast_3169,2025-05-13 01:00:00,19622.95311395707,18624.08207725794,17845.806172020028
forecast_3170,2025-05-13 02:00:00,19845.503753063665,18819.06196145201,18296.58071619828
forecast_3171,2025-05-13 03:00:00,19241.95006969433,18780.1097297059,18346.94527950519
forecast_3172,2025-05-13 04:00:00,18689.10993760858,18769.13418739598,18027.350697461803
forecast_3173,2025-05-13 05:00:00,18621.29607881603,18706.771901875432,18284.328930705262
forecast_3174,2025-05-13 06:00:00,18380.740315066196,18457.53921639458,17108.788771721043
forecast_3175,2025-05-13 07:00:00,17772.083214699887,17528.11352333992,16287.1879060772
forecast_3176,2025-05-13 08:00:00,17486.752731110115,17208.603029608807,16286.578115949505
forecast_3177,2025-05-13 09:00:00,16575.421205682407,16755.17232517704,15095.429356562903
forecast_3178,2025-05-13 10:00:00,15442.443537853977,16226.43256471574,14931.806038902068
forecast_3179,2025-05-13 11:00:00,14798.737155908762,15468.54788418225,14605.862278714065
forecast_3180,2025-05-13 12:00:00,14298.944069813711,14373.407340994847,14128.748417452523
forecast_3181,2025-05-13 13:00:00,14302.06602804828,14179.317387174264,14343.595886666557
forecast_3182,2025-05-13 14:00:00,13891.320059556503,13609.49389997249,13798.386245664962
forecast_3183,2025-05-13 15:00:00,13898.697898367975,13363.582054139926,13585.598020017016
forecast_3184,2025-05-13 16:00:00,13692.458901362745,13190.946219357556,13960.123625678065
forecast_3185,2025-05-13 17:00:00,14071.097317342497,13537.39634816427,14231.117661495335
forecast_3186,2025-05-13 18:00:00,14089.747799962228,14283.831041177757,15524.924713119985
forecast_3187,2025-05-13 19:00:00,15985.37547521007,15812.53969517075,16803.337692472564
forecast_3188,2025-05-13 20:00:00,17688.384255157376,16539.488783121542,17021.838696003848
forecast_3189,2025-05-13 21:00:00,18433.221838939357,17836.24737051433,18164.345889628814
forecast_3190,2025-05-13 22:00:00,19106.001614113688,18314.476687486596,18518.354063097122
forecast_3191,2025-05-13 23:00:00,19466.037094608244,18549.162502032526,18688.85150267109
forecast_3192,2025-05-14 00:00:00,19448.953976749257,18669.399921420863,18311.056366587087
forecast_3193,2025-05-14 01:00:00,19915.05018114417,18510.363532317573,18342.78113552926
forecast_3194,2025-05-14 02:00:00,20086.621386288527,18789.691205874777,18506.561413177067
forecast_3195,2025-05-14 03:00:00,20058.29588335912,18685.469358078873,18530.888972435307
forecast_3196,2025-05-14 04:00:00,20128.298649716176,18634.06088874662,18135.922187394845
forecast_3197,2025-05-14 05:00:00,20294.794108023587,18558.549503684913,18214.325712899725
forecast_3198,2025-05-14 06:00:00,19977.323292910773,18059.306962713606,17063.59644863524
forecast_3199,2025-05-14 07:00:00,17491.54768674624,14962.308266722423,13947.680357704367
forecast_3200,2025-05-14 08:00:00,14265.408855734193,12583.33816475966,10776.728215039524
forecast_3201,2025-05-14 09:00:00,12024.89247102128,9315.757821947485,9432.991814233928
forecast_3202,2025-05-14 10:00:00,7813.114605141321,7443.572438089782,7658.645513903086
forecast_3203,2025-05-14 11:00:00,6619.701275506736,5119.402779043789,5546.834596842239
forecast_3204,2025-05-14 12:00:00,3836.9543351825523,3783.6755203630764,4414.899350759053
forecast_3205,2025-05-14 13:00:00,5429.850111063038,3830.676520084213,4621.266238037325
forecast_3206,2025-05-14 14:00:00,3867.460127418868,3989.294964132888,4846.950295930297
forecast_3207,2025-05-14 15:00:00,5472.654164704419,3938.7079119731675,4872.186322259462
forecast_3208,2025-05-14 16:00:00,5398.439160311182,4364.509958147133,4520.136660649247
forecast_3209,2025-05-14 17:00:00,5299.347898155527,4404.618538987158,4578.335580690424
forecast_3210,2025-05-14 18:00:00,5538.945498973658,4745.028195818013,4545.084327520309
forecast_3211,2025-05-14 19:00:00,5938.1363159836355,5605.329647638884,4532.652278789559
forecast_3212,2025-05-14 20:00:00,6687.069821348048,6224.5946078926445,5007.317363984727
forecast_3213,2025-05-14 21:00:00,6774.219279790486,7454.853850264382,5038.084675580219
forecast_3214,2025-05-14 22:00:00,8756.6885060865,9735.705859695052,5829.183694400749
forecast_3215,2025-05-14 23:00:00,8679.258518204177,9900.44938149837,6169.092028499301
forecast_3216,2025-05-15 00:00:00,9919.190392615412,12009.334455716691,7058.812602008174
forecast_3217,2025-05-15 01:00:00,11526.010498588714,13480.267636916235,8896.288487336882
forecast_3218,2025-05-15 02:00:00,12271.327114018954,13807.395689705922,10057.097166854453
forecast_3219,2025-05-15 03:00:00,12662.929152193106,14403.040113637117,9660.271442927493
forecast_3220,2025-05-15 04:00:00,13377.100892795508,14556.740986396313,12085.804953998515
forecast_3221,2025-05-15 05:00:00,13552.82446525694,14870.210267942244,13109.566377382524
forecast_3222,2025-05-15 06:00:00,14112.075258731507,15320.463582550714,13617.52938381213
forecast_3223,2025-05-15 07:00:00,15800.353020258664,17176.719599081316,15822.898409045729
forecast_3224,2025-05-15 08:00:00,16986.9151248239,17712.860033592264,17399.401216125832
forecast_3225,2025-05-15 09:00:00,16606.589075595348,17748.505686584638,16763.025948847797
forecast_3226,2025-05-15 10:00:00,16361.833284191576,17730.9008599514,16616.535887446807
forecast_3227,2025-05-15 11:00:00,15442.686585547384,16435.63913478597,15831.68274422719
forecast_3228,2025-05-15 12:00:00,14480.909124721034,16049.687526598946,15780.20766927569
forecast_3229,2025-05-15 13:00:00,16051.56142453275,17083.37419609611,17160.74012360238
forecast_3230,2025-05-15 14:00:00,16243.266245784067,17432.109708949374,17636.074508436275
forecast_3231,2025-05-15 15:00:00,15695.930256385604,16884.93905415269,17583.29758337876
forecast_3232,2025-05-15 16:00:00,14857.826802804993,15972.880995637914,16475.453357987397
forecast_3233,2025-05-15 17:00:00,15226.792576459591,15600.811494568938,15766.757467445837
forecast_3234,2025-05-15 18:00:00,16027.7616290359,16435.533607247144,16387.85201705139
forecast_3235,2025-05-15 19:00:00,16972.367610532783,16821.46994879016,17497.19576566746
forecast_3236,2025-05-15 20:00:00,17642.39120124116,17035.280972152035,18015.02441364971
forecast_3237,2025-05-15 21:00:00,17225.271093990526,17188.731469817732,18141.865811082036
forecast_3238,2025-05-15 22:00:00,17683.85839449418,17676.788935167337,18737.065864374254
forecast_3239,2025-05-15 23:00:00,17816.358312192606,17383.790426307034,18106.891113190963
forecast_3240,2025-05-16 00:00:00,17615.17123278867,17088.30034774589,17591.505539828115
forecast_3241,2025-05-16 01:00:00,17673.86306300183,17103.080927544903,17458.24336888804
forecast_3242,2025-05-16 02:00:00,17704.049694547273,17401.31543145344,17433.312559753882
forecast_3243,2025-05-16 03:00:00,18063.17352114084,17594.231657531265,16735.829502693297
forecast_3244,2025-05-16 04:00:00,17468.622003818982,17155.191845622372,16975.881934651952
forecast_3245,2025-05-16 05:00:00,16645.085011765303,16589.757569863254,16611.993809389896
forecast_3246,2025-05-16 06:00:00,15791.834246460792,16161.8174722652,15847.199557851394
forecast_3247,2025-05-16 07:00:00,15175.051814733462,15808.938490659948,15308.3755818876
forecast_3248,2025-05-16 08:00:00,15834.655946775028,15836.036410599992,15868.743228964422
forecast_3249,2025-05-16 09:00:00,14670.93855056541,15170.433263245612,15240.065108283601
forecast_3250,2025-05-16 10:00:00,12625.569235836374,13810.067939123992,13358.826560981508
forecast_3251,2025-05-16 11:00:00,10708.05145287407,11247.813050963932,11836.09054327732
forecast_3252,2025-05-16 12:00:00,9491.350580593902,9735.549005762432,9627.707828997985
forecast_3253,2025-05-16 13:00:00,8589.122269547683,8265.559466686676,7809.201039494554
forecast_3254,2025-05-16 14:00:00,7952.950142883641,7178.491333325191,7328.673654163595
forecast_3255,2025-05-16 15:00:00,6539.633226101756,6168.184416656696,6642.129527341441
forecast_3256,2025-05-16 16:00:00,6192.213334450882,4928.899974217561,6231.330237448628
forecast_3257,2025-05-16 17:00:00,4089.532543581004,4999.623331794094,5980.0334389307545
forecast_3258,2025-05-16 18:00:00,5819.714899817895,4600.688802421756,3641.4918801837675
forecast_3259,2025-05-16 19:00:00,5973.229555164691,4729.147588096836,3737.550400975497
forecast_3260,2025-05-16 20:00:00,6265.8299510639345,4460.907619221984,3625.4172039982445
forecast_3261,2025-05-16 21:00:00,5601.92792761866,3928.3438766238614,3640.6171909004697
forecast_3262,2025-05-16 22:00:00,4936.057783748905,3505.844602616069,3514.282925163591
forecast_3263,2025-05-16 23:00:00,4796.491480843506,3722.3822773501574,5066.830552027173
forecast_3264,2025-05-17 00:00:00,4565.968644911827,3739.6175511629162,3636.7475142093726
forecast_3265,2025-05-17 01:00:00,5149.354523271935,4529.203447345673,3527.7645540616454
forecast_3266,2025-05-17 02:00:00,3865.782302984389,4034.5544079981137,3612.486195680571
forecast_3267,2025-05-17 03:00:00,3728.9827088213206,3710.815928571228,3596.274939227775
forecast_3268,2025-05-17 04:00:00,5955.6415987783475,4313.313082857511,3544.2194240493973
forecast_3269,2025-05-17 05:00:00,3601.4340680654086,3309.2498977653113,3511.204570347344
forecast_3270,2025-05-17 06:00:00,3604.9174163918215,3702.8637021737786,3570.584886960715
forecast_3271,2025-05-17 07:00:00,3545.5064358664745,3547.4847058232003,3382.3322296126908
forecast_3272,2025-05-17 08:00:00,3648.258303523516,3663.455864171587,3513.1405642351046
forecast_3273,2025-05-17 09:00:00,5576.074803782925,4922.821660774984,3177.174227576992
forecast_3274,2025-05-17 10:00:00,5276.97991659735,4455.481142453022,2921.261153965451
forecast_3275,2025-05-17 11:00:00,6330.663723808453,5212.31833917009,3357.0340996582754
forecast_3276,2025-05-17 12:00:00,7948.14118749483,6488.940646175782,4663.993189532789
forecast_3277,2025-05-17 13:00:00,10565.095567680159,9154.969892989038,6702.342673305035
forecast_3278,2025-05-17 14:00:00,11766.982720218522,11634.599121175557,10507.794067156245
forecast_3279,2025-05-17 15:00:00,12709.713818113261,13568.53235389125,13056.746319490447
forecast_3280,2025-05-17 16:00:00,14344.730395370238,15071.490869793866,14713.313325451138
forecast_3281,2025-05-17 17:00:00,16442.287214844662,17663.93194343278,16586.24537480335
forecast_3282,2025-05-17 18:00:00,17562.967494393004,18861.0940805502,17620.854956678162
forecast_3283,2025-05-17 19:00:00,18334.72363594974,18910.378920370535,17358.117924522685
forecast_3284,2025-05-17 20:00:00,19040.056194544388,18870.11155992961,17226.43740442976
forecast_3285,2025-05-17 21:00:00,19278.409960176396,19059.4342789405,17650.434446135117
forecast_3286,2025-05-17 22:00:00,19547.966031078297,19085.797881888582,18021.12066837312
forecast_3287,2025-05-17 23:00:00,19655.612858044573,19178.37216259292,17812.938492385503
forecast_3288,2025-05-18 00:00:00,19322.261119217375,18379.069525975432,16032.44902434636
forecast_3289,2025-05-18 01:00:00,18402.448404607734,17677.617937485968,16240.56069454819
forecast_3290,2025-05-18 02:00:00,16285.696624896394,16309.100384236834,15444.840624798202
forecast_3291,2025-05-18 03:00:00,14372.060855510606,14448.338458153932,11818.019955315198
forecast_3292,2025-05-18 04:00:00,12293.76111990698,12521.623211717544,9360.988215950129
forecast_3293,2025-05-18 05:00:00,12597.26450671623,11921.016784510653,11424.72783581564
forecast_3294,2025-05-18 06:00:00,9309.174365404064,8856.388937339298,6573.577527299166
forecast_3295,2025-05-18 07:00:00,5894.257913733049,4333.0091662545665,3387.381954084483
forecast_3296,2025-05-18 08:00:00,3790.6337473954422,3742.1507335345996,3378.1677198419748
forecast_3297,2025-05-18 09:00:00,3625.069699845892,3543.3860853556394,3368.8950864546728
forecast_3298,2025-05-18 10:00:00,3554.3690216281607,3494.618595373481,3367.2904860046374
forecast_3299,2025-05-18 11:00:00,3621.134074503413,3522.4255919546868,3365.162049226086
forecast_3300,2025-05-18 12:00:00,3774.2421886988045,3664.1050099337217,3390.814615886629
forecast_3301,2025-05-18 13:00:00,4490.512165902084,3152.9978612246696,3464.39621655221
forecast_3302,2025-05-18 14:00:00,5041.737010040315,3719.3515276145345,3558.4321389067372
forecast_3303,2025-05-18 15:00:00,6085.165549753991,4295.4944290073345,3759.9181492479643
forecast_3304,2025-05-18 16:00:00,6531.844582590628,4839.965440769382,3055.0693118377694
forecast_3305,2025-05-18 17:00:00,7644.779578179367,6026.132440318397,4372.0965071566725
forecast_3306,2025-05-18 18:00:00,7897.453641372844,6196.997500590487,4882.8381385550065
forecast_3307,2025-05-18 19:00:00,9512.752842669246,8423.527481077397,6750.111100929924
forecast_3308,2025-05-18 20:00:00,11148.226210522973,10638.192688225252,10121.482727300438
forecast_3309,2025-05-18 21:00:00,11492.529913051369,11194.749844664188,11432.876178059014
forecast_3310,2025-05-18 22:00:00,11921.186044968015,11976.92865814578,11971.143703527761
forecast_3311,2025-05-18 23:00:00,11943.430949800546,11848.398595176655,11595.31921294458
forecast_3312,2025-05-19 00:00:00,11877.414983166636,12105.571004374884,11325.923094148873
forecast_3313,2025-05-19 01:00:00,10183.168911992696,11429.513901965372,9774.9090572066
forecast_3314,2025-05-19 02:00:00,10449.627687029677,11385.668302202344,9336.141261006198
forecast_3315,2025-05-19 03:00:00,10222.123186816645,10998.08186969372,8415.310901938823
forecast_3316,2025-05-19 04:00:00,10451.555829627885,9881.245313536523,8112.893587765818
forecast_3317,2025-05-19 05:00:00,10719.969388427086,9970.542063970905,7774.136504130779
forecast_3318,2025-05-19 06:00:00,11185.148805495515,11979.711455422317,7636.983862059782
forecast_3319,2025-05-19 07:00:00,12311.60754505763,12708.364876881798,8923.260281018062
forecast_3320,2025-05-19 08:00:00,13660.735722284582,14265.618890716276,11120.710878519829
forecast_3321,2025-05-19 09:00:00,12429.123765228189,14409.899237415624,11855.532841554357
forecast_3322,2025-05-19 10:00:00,12854.485804659062,14603.005730982764,13580.102849971083
forecast_3323,2025-05-19 11:00:00,13757.214457821443,15112.18095400783,14260.90892821989
forecast_3324,2025-05-19 12:00:00,15514.544318131788,16850.929724126512,15779.96368351875
forecast_3325,2025-05-19 13:00:00,16251.388332487648,17659.39556007751,16677.443656864747
forecast_3326,2025-05-19 14:00:00,16773.955740888126,17991.01661002736,16638.20156816847
forecast_3327,2025-05-19 15:00:00,17456.860237772344,18311.2730326735,16663.198572483256
forecast_3328,2025-05-19 16:00:00,18207.263608707006,18379.706150894774,16893.086255157905
forecast_3329,2025-05-19 17:00:00,18286.35724561146,18423.373836806673,16733.376486456124
forecast_3330,2025-05-19 18:00:00,18165.88987811385,18248.89379504013,17015.170705459277
forecast_3331,2025-05-19 19:00:00,18676.21522345495,18548.638610616857,17423.712163746062
forecast_3332,2025-05-19 20:00:00,18875.80090505471,18642.31369632251,17540.814601191658
forecast_3333,2025-05-19 21:00:00,18807.67935711298,18590.284415100352,17836.479568481693
forecast_3334,2025-05-19 22:00:00,18681.43915014732,18343.98653471158,17816.39466099708
forecast_3335,2025-05-19 23:00:00,18399.91026885444,18185.76283602992,17898.99736613241
forecast_3336,2025-05-20 00:00:00,18323.322211786457,18114.20802104849,17968.714507569777
forecast_3337,2025-05-20 01:00:00,18597.946499927984,18447.057736243925,18585.27848515269
forecast_3338,2025-05-20 02:00:00,18702.399453476275,18606.872649610355,18874.896608394993
forecast_3339,2025-05-20 03:00:00,18963.182519066897,18356.90777326391,18533.152571743864
forecast_3340,2025-05-20 04:00:00,19170.777213206762,18521.9819862025,18733.607805694
forecast_3341,2025-05-20 05:00:00,19025.736506339425,18599.061424570707,18554.405300605915
forecast_3342,2025-05-20 06:00:00,18543.354675051767,18441.420455546726,17429.426444891735
forecast_3343,2025-05-20 07:00:00,18126.278073649864,18064.5753975412,17435.041006094638
forecast_3344,2025-05-20 08:00:00,17722.004636785423,17810.88575754595,17446.2727269943
forecast_3345,2025-05-20 09:00:00,16798.77914493207,17563.178253551912,16775.338069288744
forecast_3346,2025-05-20 10:00:00,15162.602369258588,16481.020699375054,15707.13669299984
forecast_3347,2025-05-20 11:00:00,14128.41802200737,15313.01369969279,14822.38914403489
forecast_3348,2025-05-20 12:00:00,13296.957712993279,14236.335846869859,14381.247381686371
forecast_3349,2025-05-20 13:00:00,12924.369752938765,13512.806964704516,14093.38220122963
forecast_3350,2025-05-20 14:00:00,13047.898587873615,13265.010488566802,14370.95026273529
forecast_3351,2025-05-20 15:00:00,13771.341396125848,13796.842827604956,14847.155425766128
forecast_3352,2025-05-20 16:00:00,14178.467464576002,14186.482019656827,15656.35633728072
forecast_3353,2025-05-20 17:00:00,14261.22860338847,14593.950448482732,16541.655144596145
forecast_3354,2025-05-20 18:00:00,14341.518180550467,15537.823959354017,17045.98880003447
forecast_3355,2025-05-20 19:00:00,15212.085451164168,16369.278916200286,17502.54158412545
forecast_3356,2025-05-20 20:00:00,15489.525951880956,16956.176194905256,18055.496215119318
forecast_3357,2025-05-20 21:00:00,16257.578111922416,17549.30922561206,18624.55400469517
forecast_3358,2025-05-20 22:00:00,17339.991539709386,18044.01988162437,18797.8055205617
forecast_3359,2025-05-20 23:00:00,18077.30706986499,18036.331971247888,18795.20412324935
forecast_3360,2025-05-21 00:00:00,18220.372737393885,17760.157322204115,18053.584731713392
forecast_3361,2025-05-21 01:00:00,17892.003136364485,16877.812546840756,16512.648066511556
forecast_3362,2025-05-21 02:00:00,17921.692407663573,16800.316287803555,16557.77870228841
forecast_3363,2025-05-21 03:00:00,17970.85319625761,16532.793653600704,16002.129473234958
forecast_3364,2025-05-21 04:00:00,15483.07766479922,14883.492992929985,14491.584528533507
forecast_3365,2025-05-21 05:00:00,14047.135302063394,13270.006644600046,14529.254033096253
forecast_3366,2025-05-21 06:00:00,12417.65128164373,9181.735284318132,12210.066526209539
forecast_3367,2025-05-21 07:00:00,9998.403654369584,5716.837672550135,7469.081605555542
forecast_3368,2025-05-21 08:00:00,6911.265611129293,4542.083191236072,3767.4799014523655
forecast_3369,2025-05-21 09:00:00,5280.194164835511,3567.05491537081,3528.6238815656784
forecast_3370,2025-05-21 10:00:00,3587.6727754835633,3517.9984203883882,3420.5518751233844
forecast_3371,2025-05-21 11:00:00,3486.5912058207377,3496.313320999142,3393.1093525415495
forecast_3372,2025-05-21 12:00:00,3474.7271678561874,3495.916389055378,3389.0890368534956
forecast_3373,2025-05-21 13:00:00,3472.5208340952395,3483.378994556009,3437.734072827245
forecast_3374,2025-05-21 14:00:00,3467.1771502884317,3473.3385385711217,3447.8095819824225
forecast_3375,2025-05-21 15:00:00,3465.1576404912385,3474.8170804542756,3460.147764302397
forecast_3376,2025-05-21 16:00:00,3461.786870156436,3471.152280243933,3381.5605638643547
forecast_3377,2025-05-21 17:00:00,3459.6563924263864,3462.143177532229,3363.06073306534
forecast_3378,2025-05-21 18:00:00,3463.263541183151,3469.0356928852916,3364.7101277656857
forecast_3379,2025-05-21 19:00:00,3475.5292044309244,3488.8325733080696,3361.4787732266063
forecast_3380,2025-05-21 20:00:00,3495.2717396237017,3533.0986733879313,3362.550794709687
forecast_3381,2025-05-21 21:00:00,3570.8873200314742,3591.087354241049,3362.0663219216935
forecast_3382,2025-05-21 22:00:00,3597.6536399251536,3690.948707339089,3361.7357893212265
forecast_3383,2025-05-21 23:00:00,3518.53084109819,3485.16670651435,3361.1063614716545
forecast_3384,2025-05-22 00:00:00,3477.255154794724,3472.873958962479,3360.724458666261
forecast_3385,2025-05-22 01:00:00,3468.2877426318287,3484.7524288036225,3360.6446742576795
forecast_3386,2025-05-22 02:00:00,3467.490159509191,3480.670546327563,3361.325784925028
forecast_3387,2025-05-22 03:00:00,3521.301918111833,3490.2613635268517,3366.775051636812
forecast_3388,2025-05-22 04:00:00,3571.5631078113984,3505.5064557153473,3372.2956542555585
forecast_3389,2025-05-22 05:00:00,3544.435072653613,3487.208869916176,3376.9755359306537
forecast_3390,2025-05-22 06:00:00,3494.69783898129,3478.5844421344755,3377.8293152960164
forecast_3391,2025-05-22 07:00:00,3518.6966864960596,3475.19109795748,3366.7346746306234
forecast_3392,2025-05-22 08:00:00,3492.3279148043766,3480.744916760771,3365.748967697314
forecast_3393,2025-05-22 09:00:00,3557.702323676409,3591.58632932464,3379.2107929565123
forecast_3394,2025-05-22 10:00:00,3719.59243547791,3531.03846880852,3503.212347106633
forecast_3395,2025-05-22 11:00:00,3710.3835049715453,3801.2741244372637,3702.987049486946
forecast_3396,2025-05-22 12:00:00,3820.7468268172333,3734.8315475352406,3660.775617340654
forecast_3397,2025-05-22 13:00:00,3776.6231043969387,3795.3332840609696,3546.9843423485113
forecast_3398,2025-05-22 14:00:00,3754.1032976131432,3798.735072460502,3518.7873171930482
forecast_3399,2025-05-22 15:00:00,3601.920252823159,3665.609318973965,3420.138226523218
forecast_3400,2025-05-22 16:00:00,3501.972023720296,3497.6404943723724,3381.159166451475
forecast_3401,2025-05-22 17:00:00,3498.4292498500968,3488.6157165544396,3368.2108622224514
forecast_3402,2025-05-22 18:00:00,3505.5735030198816,3507.2687599805877,3365.2768561770267
forecast_3403,2025-05-22 19:00:00,3523.765742528883,3516.687792173179,3381.836589353716
forecast_3404,2025-05-22 20:00:00,3596.158304610097,3685.912829346305,3380.659964347212
forecast_3405,2025-05-22 21:00:00,3637.684189986006,3707.280777359696,3374.60453919808
forecast_3406,2025-05-22 22:00:00,3441.616020323719,2597.547665787427,3370.4812714945074
forecast_3407,2025-05-22 23:00:00,3534.500050142686,2771.1229558756145,3375.1355892107695
forecast_3408,2025-05-23 00:00:00,4188.9133428740015,2964.880384152627,3386.5187609823424
forecast_3409,2025-05-23 01:00:00,4181.212827289995,3052.9755574838014,3375.209254546994
forecast_3410,2025-05-23 02:00:00,4316.465375902997,3136.1345061911975,3374.378073278821
forecast_3411,2025-05-23 03:00:00,4391.952940252763,3067.670507117743,3378.808401867105
forecast_3412,2025-05-23 04:00:00,4434.92347869307,3245.670300692271,3393.907753959407
forecast_3413,2025-05-23 05:00:00,4270.608486421748,3195.588886555507,3377.2460253028253
forecast_3414,2025-05-23 06:00:00,4283.19173689817,3436.8377654075116,3448.8036449156875
forecast_3415,2025-05-23 07:00:00,4416.656054307652,3701.139136111293,3429.112285061276
forecast_3416,2025-05-23 08:00:00,4368.32631685574,3486.823000568987,3471.4073092726026
forecast_3417,2025-05-23 09:00:00,4288.26345958776,3279.976377917323,3484.8201826770255
forecast_3418,2025-05-23 10:00:00,4132.229923420406,3784.606780497759,3432.4105245830897
forecast_3419,2025-05-23 11:00:00,4059.0367990143463,3818.2475117832596,3432.9088888588985
forecast_3420,2025-05-23 12:00:00,3762.7250432845067,3611.295258576403,3587.7322950048165
forecast_3421,2025-05-23 13:00:00,3746.5324437891945,3778.857631145903,3431.69990986563
forecast_3422,2025-05-23 14:00:00,3692.8922583896137,3643.670021030883,3431.2532075208223
forecast_3423,2025-05-23 15:00:00,3762.307566220089,3736.997946330052,3441.5903490120036
forecast_3424,2025-05-23 16:00:00,3689.441240226138,3697.060856832756,3386.9275914849236
forecast_3425,2025-05-23 17:00:00,3793.545874631918,3878.4671882698763,3386.634930678849
forecast_3426,2025-05-23 18:00:00,3943.5595059596894,2655.6340627912655,3414.2124080774042
forecast_3427,2025-05-23 19:00:00,3793.2068965783005,2918.323715469506,3395.348207306757
forecast_3428,2025-05-23 20:00:00,4269.44129924209,3476.6311144725996,3447.522823536509
forecast_3429,2025-05-23 21:00:00,4571.614760591344,3933.253595639023,3706.4905993819693
forecast_3430,2025-05-23 22:00:00,4917.6871184042575,4317.383686868404,3487.846467067236
forecast_3431,2025-05-23 23:00:00,4438.816462515059,4107.29492250897,3417.5629557697152
forecast_3432,2025-05-24 00:00:00,4536.848464023244,3665.2750109538406,3413.184196574267
forecast_3433,2025-05-24 01:00:00,5537.6788195317795,5422.425791990797,3667.13226573734
forecast_3434,2025-05-24 02:00:00,5317.832459388889,5069.97993482495,3543.5881210050975
forecast_3435,2025-05-24 03:00:00,4987.022484146785,4983.028983509346,3469.535090900783
forecast_3436,2025-05-24 04:00:00,5494.375945725739,5686.857141899622,3523.0347033976436
forecast_3437,2025-05-24 05:00:00,5431.751248933979,5971.121253175458,3556.7987392900536
forecast_3438,2025-05-24 06:00:00,5176.400878456125,6120.910484020451,3603.2770109268945
forecast_3439,2025-05-24 07:00:00,5526.915122708344,6438.093460378678,3209.620078245892
forecast_3440,2025-05-24 08:00:00,5512.141253050647,6795.583490241763,3373.931108458943
forecast_3441,2025-05-24 09:00:00,5369.586667713834,6655.29519719924,3700.1580152986658
forecast_3442,2025-05-24 10:00:00,5036.906084499763,6215.322127155694,3714.4430404423215
forecast_3443,2025-05-24 11:00:00,4875.892877888003,6008.892451024115,3472.9140227460957
forecast_3444,2025-05-24 12:00:00,4981.668174266967,5684.070487000992,3771.7838930406006
forecast_3445,2025-05-24 13:00:00,5085.478070932232,5561.967505481101,3747.7416119831946
forecast_3446,2025-05-24 14:00:00,5011.5237182014735,5503.521852207808,4129.928448659865
forecast_3447,2025-05-24 15:00:00,4937.903417968587,5076.335678477483,4519.756865032623
forecast_3448,2025-05-24 16:00:00,5350.579640642977,5380.405135421963,5040.700638209779
forecast_3449,2025-05-24 17:00:00,5501.880057980388,5766.0311882693695,5176.877351376709
forecast_3450,2025-05-24 18:00:00,5722.123387444447,6157.016043439047,5649.936619323706
forecast_3451,2025-05-24 19:00:00,5523.846533191491,5306.1669143879635,5317.757683552752
forecast_3452,2025-05-24 20:00:00,5480.989791103742,5209.437403062077,5044.615547788391
forecast_3453,2025-05-24 21:00:00,5641.482570516219,5409.468587434835,5186.337506186246
forecast_3454,2025-05-24 22:00:00,5679.262657907865,5294.303092628786,5075.474787397092
forecast_3455,2025-05-24 23:00:00,5479.7045723151605,5016.370779629183,5221.620018196769
forecast_3456,2025-05-25 00:00:00,5202.9952926552305,4763.421846208785,4824.344854561595
forecast_3457,2025-05-25 01:00:00,5237.968008041465,4841.964745662093,3926.001437514456
forecast_3458,2025-05-25 02:00:00,4785.5748170602155,4024.9192895543283,3724.2121962864167
forecast_3459,2025-05-25 03:00:00,3790.2141220417343,3502.857214020872,3509.416412994198
forecast_3460,2025-05-25 04:00:00,4646.051679997826,3316.20691120911,3392.699300160144
forecast_3461,2025-05-25 05:00:00,4660.432018691814,3509.874718571117,3419.91174221393
forecast_3462,2025-05-25 06:00:00,4789.523325868789,3597.3640691646056,3457.86879008981
forecast_3463,2025-05-25 07:00:00,4796.478898446073,3346.448665215907,3467.6364483763355
forecast_3464,2025-05-25 08:00:00,3516.495554936178,2645.8479690012578,3498.203519948124
forecast_3465,2025-05-25 09:00:00,3554.8738667659622,3598.485552244991,3414.7495653164483
forecast_3466,2025-05-25 10:00:00,3499.232584117166,3506.9575600370194,3374.531054110212
forecast_3467,2025-05-25 11:00:00,3488.629555035616,3508.2100249569503,3367.730621984114
forecast_3468,2025-05-25 12:00:00,3560.9717606589234,3577.9490919306545,3373.5276609763805
forecast_3469,2025-05-25 13:00:00,3582.216781824019,3789.242747683681,3469.6768741911333
forecast_3470,2025-05-25 14:00:00,3557.842859253066,3744.274593837571,3393.082081743404
forecast_3471,2025-05-25 15:00:00,3533.5182206571803,3538.1172878895695,3519.2631953503906
forecast_3472,2025-05-25 16:00:00,3552.097431260736,3547.6899962468474,3491.240200250481
forecast_3473,2025-05-25 17:00:00,3604.322444502759,3603.5224370023598,3725.995545711504
forecast_3474,2025-05-25 18:00:00,3735.2791227972584,3832.395336038412,3405.8152431753524
forecast_3475,2025-05-25 19:00:00,4667.040728451064,4094.112278320226,3756.7218976476556
forecast_3476,2025-05-25 20:00:00,6631.2116579927015,5755.150145141151,5072.695066897955
forecast_3477,2025-05-25 21:00:00,7715.534780305294,6623.487788546969,4516.915204849986
forecast_3478,2025-05-25 22:00:00,9935.332286866656,8642.101057873735,5919.661717397595
forecast_3479,2025-05-25 23:00:00,10318.408055684959,9556.8063955578,6362.2072208793725
forecast_3480,2025-05-26 00:00:00,10397.273373569773,9310.973520953325,6144.303519393081
forecast_3481,2025-05-26 01:00:00,10305.165045791497,10141.632076622616,7363.579745873638
forecast_3482,2025-05-26 02:00:00,9816.930043942808,8493.741472308526,6438.50571541124
forecast_3483,2025-05-26 03:00:00,8705.464128273927,6510.056232234935,5904.611748556276
forecast_3484,2025-05-26 04:00:00,6762.769171670761,5185.416963909512,4740.116888239734
forecast_3485,2025-05-26 05:00:00,5236.246918103589,3603.6393490754367,3656.0738578728615
forecast_3486,2025-05-26 06:00:00,5033.061748246122,3862.590291568886,3550.9694630238346
forecast_3487,2025-05-26 07:00:00,3751.8961112129136,3508.192461190408,3415.8158800580454
forecast_3488,2025-05-26 08:00:00,3494.993700014512,3474.162264986836,3366.166933105872
forecast_3489,2025-05-26 09:00:00,3471.575808779111,3464.905354755627,3362.120328725883
forecast_3490,2025-05-26 10:00:00,3461.1614554621715,3461.0398912505966,3360.738275406412
forecast_3491,2025-05-26 11:00:00,3460.17982950575,3458.5717814004192,3360.642594095916
forecast_3492,2025-05-26 12:00:00,3460.3067677385575,3457.234435147366,3360.1873113348115
forecast_3493,2025-05-26 13:00:00,3459.048216465643,3459.9766286280333,3360.621375252317
forecast_3494,2025-05-26 14:00:00,3467.9429877875773,3488.6626666112325,3361.8857296479596
forecast_3495,2025-05-26 15:00:00,3460.5850851825107,3467.48332724411,3361.7938775169932
forecast_3496,2025-05-26 16:00:00,3459.9460096999464,3461.800259394649,3360.526904847543
forecast_3497,2025-05-26 17:00:00,3461.1351591358552,3467.7950091265075,3365.116827798204
forecast_3498,2025-05-26 18:00:00,3470.8633186904945,3471.233014852225,3365.666287013941
forecast_3499,2025-05-26 19:00:00,3489.977717054444,3519.576986751301,3364.959420366647
forecast_3500,2025-05-26 20:00:00,3520.4874504075406,3518.2550159430693,3364.840379503443
forecast_3501,2025-05-26 21:00:00,3419.125380184141,2393.6161060353998,3398.765821223328
forecast_3502,2025-05-26 22:00:00,3766.797853252157,3301.862400505889,3444.1770180115304
forecast_3503,2025-05-26 23:00:00,4487.908592469103,3848.0040629389505,3523.1840593483607
forecast_3504,2025-05-27 00:00:00,5906.3204855212025,4663.142320697854,3636.7081057048454
forecast_3505,2025-05-27 01:00:00,6140.854269171258,4561.957850375995,3614.3875661439965
forecast_3506,2025-05-27 02:00:00,7010.823512744534,6210.076771711153,3693.9960353128645
forecast_3507,2025-05-27 03:00:00,6886.655247533086,5705.074974550753,3751.585399276949
forecast_3508,2025-05-27 04:00:00,6095.046694986546,4901.051309062797,3748.7216442735153
forecast_3509,2025-05-27 05:00:00,4819.234167242388,3755.4821641107533,3761.2492441658233
forecast_3510,2025-05-27 06:00:00,4370.260226379324,3877.998675129271,3388.8396274590737
forecast_3511,2025-05-27 07:00:00,3672.2772859299766,3663.2156910204267,3391.3801608025246
forecast_3512,2025-05-27 08:00:00,3479.200909411716,3465.469504539057,3364.1004064540866
forecast_3513,2025-05-27 09:00:00,3458.5191536784046,3458.0908988940864,3361.112152411954
forecast_3514,2025-05-27 10:00:00,3456.451682661758,3456.4703839048916,3360.4965128258705
forecast_3515,2025-05-27 11:00:00,3456.510753724991,3456.7854351411083,3360.20129470337
forecast_3516,2025-05-27 12:00:00,3456.606813915055,3457.3456897231495,3360.7461502348556
forecast_3517,2025-05-27 13:00:00,3456.6391810826008,3456.7735562210164,3360.689637456081
forecast_3518,2025-05-27 14:00:00,3457.040483211287,3457.317031438661,3360.5574680142963
forecast_3519,2025-05-27 15:00:00,3457.207803666891,3457.543266331452,3360.5670578604418
forecast_3520,2025-05-27 16:00:00,3456.9808752911695,3456.9155461413798,3360.1158118130247
forecast_3521,2025-05-27 17:00:00,3457.2906929588025,3456.7886779800733,3360.3801337147925
forecast_3522,2025-05-27 18:00:00,3458.4609241517305,3459.703600276016,3360.4162494564025
forecast_3523,2025-05-27 19:00:00,3458.1237814946703,3460.0561191690485,3360.130504841417
forecast_3524,2025-05-27 20:00:00,3459.247661229378,3463.118963172429,3361.9432671802665
forecast_3525,2025-05-27 21:00:00,3478.9105841225673,3509.0402093860775,3378.632943066427
forecast_3526,2025-05-27 22:00:00,3543.5799929800633,3558.7905458950036,3389.846938168368
forecast_3527,2025-05-27 23:00:00,3611.858472360503,3542.4784689363346,3420.778409064406
forecast_3528,2025-05-28 00:00:00,3684.078421399464,3592.0244682434595,3477.2070713964968
forecast_3529,2025-05-28 01:00:00,5046.617982038316,3870.8625966399513,3945.2524830808366
forecast_3530,2025-05-28 02:00:00,5669.518218322706,5007.921693319306,3882.4193873252257
forecast_3531,2025-05-28 03:00:00,5738.463831319335,5609.974245501986,4138.8351982333315
forecast_3532,2025-05-28 04:00:00,5515.9434764081525,5418.420065663005,4058.673122463627
forecast_3533,2025-05-28 05:00:00,5391.903968825807,4864.970633077617,3517.277623345881
forecast_3534,2025-05-28 06:00:00,3989.215151164809,2529.789546307065,3530.686032783521
forecast_3535,2025-05-28 07:00:00,3702.272448890674,3605.400878911692,3367.180381220517
forecast_3536,2025-05-28 08:00:00,3476.046390551616,3473.8523440605977,3361.446398273278
forecast_3537,2025-05-28 09:00:00,3460.3741492207305,3462.9689936173054,3360.233898655733
forecast_3538,2025-05-28 10:00:00,3458.4670031014493,3461.7657956102903,3360.471937795911
forecast_3539,2025-05-28 11:00:00,3457.568146542055,3460.0077251304147,3360.5833222696338
forecast_3540,2025-05-28 12:00:00,3457.3592882079274,3457.828102112887,3360.3180411678313
forecast_3541,2025-05-28 13:00:00,3456.7829856262756,3457.2109328137303,3360.977994631311
forecast_3542,2025-05-28 14:00:00,3457.110523586509,3458.3899834538875,3360.73495165463
forecast_3543,2025-05-28 15:00:00,3460.57016370551,3470.3087823805604,3365.411658870817
forecast_3544,2025-05-28 16:00:00,3473.1970143415815,3471.232399007452,3401.104484721016
forecast_3545,2025-05-28 17:00:00,3489.521528649473,3487.7697270620547,3366.6490758871346
forecast_3546,2025-05-28 18:00:00,3512.6056096063544,3467.800868166478,3371.424200366717
forecast_3547,2025-05-28 19:00:00,3493.5983919706773,3489.789353145227,3369.9998115068333
forecast_3548,2025-05-28 20:00:00,3515.7223161296874,3501.441532545188,3382.132664447863
forecast_3549,2025-05-28 21:00:00,3614.149590317433,3685.425355668677,3399.976716710255
forecast_3550,2025-05-28 22:00:00,3696.0453190907406,3690.587457067168,3374.946656716077
forecast_3551,2025-05-28 23:00:00,3866.9464729116467,3864.7664998454547,3518.0776222238096
forecast_3552,2025-05-29 00:00:00,3719.515296926489,3820.5543754219893,3417.1949834557627
forecast_3553,2025-05-29 01:00:00,3626.678638338668,3796.805097081685,3440.989090726653
forecast_3554,2025-05-29 02:00:00,3657.3832954028458,3799.8444988479278,3412.105706041085
forecast_3555,2025-05-29 03:00:00,3747.244561231994,3761.515229030689,3386.3885543465844
forecast_3556,2025-05-29 04:00:00,3777.4294375415593,3728.8396296682795,3404.3134509809765
forecast_3557,2025-05-29 05:00:00,3539.463709780738,3505.4810167195624,3380.874568462968
forecast_3558,2025-05-29 06:00:00,3485.3453742639704,3492.4427873344716,3366.060426343488
forecast_3559,2025-05-29 07:00:00,3481.935156037166,3516.327564700968,3367.296032773345
forecast_3560,2025-05-29 08:00:00,3465.503124639701,3465.4593442849564,3361.3840742607945
forecast_3561,2025-05-29 09:00:00,3460.55191000332,3462.8225219121146,3361.783199942091
forecast_3562,2025-05-29 10:00:00,3458.045985597255,3461.0711174973935,3360.5566085525033
forecast_3563,2025-05-29 11:00:00,3457.7790313192704,3459.706611371202,3361.0143497646272
forecast_3564,2025-05-29 12:00:00,3457.6402093948427,3461.814945207786,3361.510776153853
forecast_3565,2025-05-29 13:00:00,3460.3958202145986,3472.095261460337,3362.5235259821407
forecast_3566,2025-05-29 14:00:00,3459.2038917333684,3465.9367438963113,3362.949122615269
forecast_3567,2025-05-29 15:00:00,3461.7294304145607,3473.9219348457186,3368.255207601141
forecast_3568,2025-05-29 16:00:00,3462.318005050838,3472.821347689882,3368.7341663998395
forecast_3569,2025-05-29 17:00:00,3478.587605066065,3494.159788339238,3366.982949756808
forecast_3570,2025-05-29 18:00:00,3476.970903700642,3496.699364029944,3372.9022364729153
forecast_3571,2025-05-29 19:00:00,3503.506822178947,3557.6303647523896,3368.4214247813643
forecast_3572,2025-05-29 20:00:00,3549.004244506342,3687.232824822607,3365.0963047326027
forecast_3573,2025-05-29 21:00:00,3640.472581642137,3703.374254746126,3459.969635419824
forecast_3574,2025-05-29 22:00:00,3642.3649366715663,3671.3235327861653,3422.596664093474
forecast_3575,2025-05-29 23:00:00,3610.185133148319,3624.7899460897916,3391.105859170183
forecast_3576,2025-05-30 00:00:00,3573.031313819644,3563.3389429259564,3379.0637322172943
forecast_3577,2025-05-30 01:00:00,3552.263277085701,3652.585183985216,3367.9543272736573
forecast_3578,2025-05-30 02:00:00,3544.7951411896534,3566.302798689479,3370.1645117386606
forecast_3579,2025-05-30 03:00:00,3536.594560914508,3575.4822226607816,3381.378947553578
forecast_3580,2025-05-30 04:00:00,3702.6240986229836,3879.494492946639,3434.0688435328557
forecast_3581,2025-05-30 05:00:00,3708.614619849039,3794.6975974807215,3452.878961518979
forecast_3582,2025-05-30 06:00:00,3475.515899679088,2520.8782030097996,3464.556185730324
forecast_3583,2025-05-30 07:00:00,3539.50604540277,2571.2578178323415,3400.9578385083432
forecast_3584,2025-05-30 08:00:00,3537.652278642599,2307.883138978646,3367.366624201
forecast_3585,2025-05-30 09:00:00,3365.5669415433554,2040.5570238160026,3378.956533091275
forecast_3586,2025-05-30 10:00:00,3243.992257505931,2007.347004568781,3396.126967489086
forecast_3587,2025-05-30 11:00:00,3133.6035694713623,1679.6150796137097,3377.23363037094
forecast_3588,2025-05-30 12:00:00,3494.5071868549853,3623.694493412754,3370.9416402224324
forecast_3589,2025-05-30 13:00:00,3497.6211025865914,3646.119421899256,3370.228968733956
forecast_3590,2025-05-30 14:00:00,3464.4033509036285,3493.113153254668,3363.2026838571664
forecast_3591,2025-05-30 15:00:00,3458.815196171959,3462.1336328204475,3361.3550452521026
forecast_3592,2025-05-30 16:00:00,3458.6344528495097,3461.1924429656738,3362.169378860643
forecast_3593,2025-05-30 17:00:00,3460.7212289967674,3469.423676752215,3360.839798412454
forecast_3594,2025-05-30 18:00:00,3470.329726701605,3512.8547107633185,3363.689705604484
forecast_3595,2025-05-30 19:00:00,3483.7013371181542,3545.049591263769,3362.048893236329
forecast_3596,2025-05-30 20:00:00,3496.2399056132144,3577.3629104481683,3363.3348786338565
forecast_3597,2025-05-30 21:00:00,3539.566209044409,3556.507911290146,3378.923726707682
forecast_3598,2025-05-30 22:00:00,3623.492948810249,3676.5274489170984,3369.31827366303
forecast_3599,2025-05-30 23:00:00,3586.5660216694096,3641.205569551785,3385.004615501093
forecast_3600,2025-05-31 00:00:00,3615.0641502040676,3649.9543606291163,3389.2214103012066
forecast_3601,2025-05-31 01:00:00,3545.526997341385,3487.1476450621244,3373.4410984904243
forecast_3602,2025-05-31 02:00:00,3583.8403856779696,3496.949392658475,3388.8739793489726
forecast_3603,2025-05-31 03:00:00,3562.912510050893,3592.5215383952695,3397.805449852897
forecast_3604,2025-05-31 04:00:00,3530.848776592926,3536.5983593569013,3385.3534599276286
forecast_3605,2025-05-31 05:00:00,3532.4801469835224,3557.3662898755383,3369.741906439296
forecast_3606,2025-05-31 06:00:00,3603.743816825633,3823.0259322753227,3390.13184849915
forecast_3607,2025-05-31 07:00:00,3565.044900832489,3645.212853788339,3368.353518035423
forecast_3608,2025-05-31 08:00:00,3732.7921601399303,3749.199933392949,3378.315124745254
forecast_3609,2025-05-31 09:00:00,3548.3210972999086,3529.0351872508713,3370.081658307762
forecast_3610,2025-05-31 10:00:00,3516.5531024981533,3498.3515681813187,3364.754555795497
forecast_3611,2025-05-31 11:00:00,3492.9661389629073,3501.799210724902,3370.850503495208
forecast_3612,2025-05-31 12:00:00,3480.655925541662,3540.3073127064367,3377.5377015228955
forecast_3613,2025-05-31 13:00:00,3475.8321688512283,3539.7325643650634,3373.5665221979166
forecast_3614,2025-05-31 14:00:00,3504.415952970518,3651.847066376018,3374.317723002498
forecast_3615,2025-05-31 15:00:00,3500.471044715129,3627.373300033025,3372.002775170888
forecast_3616,2025-05-31 16:00:00,3479.0197569965844,3539.460513726584,3364.013236775972
forecast_3617,2025-05-31 17:00:00,3460.524463582206,3466.1743562344554,3361.4445530190246
forecast_3618,2025-05-31 18:00:00,3468.8767522543726,3474.6633395355393,3364.3213271934874
forecast_3619,2025-05-31 19:00:00,3528.1733575263693,3647.01123071159,3408.8511353922004
forecast_3620,2025-05-31 20:00:00,3500.5285871386054,3578.850144722306,3460.9127167757624
forecast_3621,2025-05-31 21:00:00,3209.6947433527916,1944.1699640564757,3449.121422901164
forecast_3622,2025-05-31 22:00:00,3330.134750784627,2010.763150147676,3508.9770259641887
forecast_3623,2025-05-31 23:00:00,3718.1229670794555,3806.3296356221763,3536.2283870794136
forecast_3624,2025-06-01 00:00:00,3557.065779945591,3595.906975624593,3382.9948276864184
forecast_3625,2025-06-01 01:00:00,3616.7239856061346,3590.5135527941493,3414.860234190169
forecast_3626,2025-06-01 02:00:00,3599.689022215003,3629.88765702796,3404.655245559356
forecast_3627,2025-06-01 03:00:00,3854.6341516913503,3742.446768968557,3402.284976927203
forecast_3628,2025-06-01 04:00:00,3743.8235569884305,3610.794176283763,3389.6407176184593
forecast_3629,2025-06-01 05:00:00,3669.232687122574,3521.3245350313277,3375.427715275645
forecast_3630,2025-06-01 06:00:00,3600.815852034899,3529.7622587559886,3367.680155530957
forecast_3631,2025-06-01 07:00:00,3499.926927826789,3502.2933363283882,3362.0675084986988
forecast_3632,2025-06-01 08:00:00,3467.8364624706765,3459.441156879228,3360.3448670377916
forecast_3633,2025-06-01 09:00:00,3461.4484330045902,3458.5677065747145,3360.1308630467015
forecast_3634,2025-06-01 10:00:00,3461.856406049991,3457.5762815542853,3360.280487284468
forecast_3635,2025-06-01 11:00:00,3471.3707294251685,3458.1880009226825,3360.2261564709156
forecast_3636,2025-06-01 12:00:00,3462.7253960583207,3458.8826846104107,3360.22208098404
forecast_3637,2025-06-01 13:00:00,3460.4788468621136,3460.67909886746,3360.568012258252
forecast_3638,2025-06-01 14:00:00,3459.1409787851353,3458.524424183501,3360.207520003965
forecast_3639,2025-06-01 15:00:00,3457.5684052762363,3457.929059400957,3360.4500543089684
forecast_3640,2025-06-01 16:00:00,3459.938984609171,3457.12488739806,3360.5331009171437
forecast_3641,2025-06-01 17:00:00,3457.5166297496216,3457.2584277010023,3360.611940136634
forecast_3642,2025-06-01 18:00:00,3495.630854571538,3530.0567018935285,3388.680622062742
forecast_3643,2025-06-01 19:00:00,3580.956817087759,3665.421715559492,3758.399300747273
forecast_3644,2025-06-01 20:00:00,3787.3333572677784,3776.9979165740915,4101.054195890124
forecast_3645,2025-06-01 21:00:00,3847.0014453361828,3901.981902323794,3964.0219297437106
forecast_3646,2025-06-01 22:00:00,6697.656816507684,5305.886501227401,4155.143306822445
forecast_3647,2025-06-01 23:00:00,6244.541177447201,4392.845895636033,3768.859082912455
forecast_3648,2025-06-02 00:00:00,6326.944251599873,4986.709668062484,4384.845521757803
forecast_3649,2025-06-02 01:00:00,5621.844707596635,4656.544960816932,4089.312795826428
forecast_3650,2025-06-02 02:00:00,3714.2932658430072,3344.7457372162885,3541.028719114207
forecast_3651,2025-06-02 03:00:00,5847.838521786311,4312.764979620731,3867.251172628755
forecast_3652,2025-06-02 04:00:00,3691.875165295445,3699.971734626628,3571.2838689337377
forecast_3653,2025-06-02 05:00:00,3834.266270727583,3628.823102499072,3558.905334491632
forecast_3654,2025-06-02 06:00:00,3563.817109426119,3643.987460702509,3391.3165482935683
forecast_3655,2025-06-02 07:00:00,3504.5327708436985,3519.091885856806,3370.1408001874142
forecast_3656,2025-06-02 08:00:00,3487.3231025406417,3499.6630069155917,3362.939858428756
forecast_3657,2025-06-02 09:00:00,3471.53153949396,3485.1036936873957,3361.47531915802
forecast_3658,2025-06-02 10:00:00,3467.665461537177,3490.1763720722765,3367.3056421158726
forecast_3659,2025-06-02 11:00:00,3466.0528870183143,3471.40918438787,3366.221621041818
forecast_3660,2025-06-02 12:00:00,3461.396336523378,3466.3765086753224,3365.185203080728
forecast_3661,2025-06-02 13:00:00,3462.790643009452,3471.1651322371818,3363.355948289123
forecast_3662,2025-06-02 14:00:00,3468.9499050529644,3469.7333830015023,3370.621551592919
forecast_3663,2025-06-02 15:00:00,3506.015867710435,3487.578768312706,3375.240460627727
forecast_3664,2025-06-02 16:00:00,3560.6808071642195,3570.619411712488,3417.2624757278936
forecast_3665,2025-06-02 17:00:00,3656.998483639056,3559.6832334583078,3380.0944479848963
forecast_3666,2025-06-02 18:00:00,3645.192252306559,3512.6464083184387,3408.9655723068713
forecast_3667,2025-06-02 19:00:00,3616.0145103448062,3574.597010134995,3444.406769750269
forecast_3668,2025-06-02 20:00:00,3590.0655698874843,3533.4383633585994,3400.632166862678
forecast_3669,2025-06-02 21:00:00,3534.319652047929,3556.092716810221,3441.565013014764
forecast_3670,2025-06-02 22:00:00,3520.350270864399,3578.441813678032,3394.355396150518
forecast_3671,2025-06-02 23:00:00,3501.251757455663,3547.361433917879,3373.36142297714
forecast_3672,2025-06-03 00:00:00,3573.470372192049,3624.296173274072,3379.219866188397
forecast_3673,2025-06-03 01:00:00,3599.338679937845,3681.7081198211054,3405.3592612261305
forecast_3674,2025-06-03 02:00:00,3584.167099791101,3628.5740790880036,3377.115862055438
forecast_3675,2025-06-03 03:00:00,3594.448575255699,3745.6303994618156,3372.4516255451445
forecast_3676,2025-06-03 04:00:00,3545.995607711252,3602.0432183227035,3370.8188108743907
forecast_3677,2025-06-03 05:00:00,3635.7742813487953,3612.5244896523927,3378.031480813177
forecast_3678,2025-06-03 06:00:00,3703.3663080811243,3612.1146032903093,3413.208825406393
forecast_3679,2025-06-03 07:00:00,3682.187094452195,3646.7118809710723,3483.033601809663
forecast_3680,2025-06-03 08:00:00,3676.0738587616797,3598.9877064142975,3445.2324775753773
forecast_3681,2025-06-03 09:00:00,3725.9953985406823,3542.802148086146,3440.285259534821
forecast_3682,2025-06-03 10:00:00,4858.25439999629,3871.802088083424,3568.719134644558
forecast_3683,2025-06-03 11:00:00,5442.814758936437,4337.9129818356005,3771.200926091972
forecast_3684,2025-06-03 12:00:00,6572.90351532216,5065.565897232306,3281.4148177662446
forecast_3685,2025-06-03 13:00:00,8689.49665782558,6913.541907815607,4898.169414516743
forecast_3686,2025-06-03 14:00:00,10460.590498415768,9055.757720882422,5695.5005578741775
forecast_3687,2025-06-03 15:00:00,11622.986068412665,10595.039690164445,6879.664737139881
forecast_3688,2025-06-03 16:00:00,12188.435823532393,10893.094258608691,7830.984686433892
forecast_3689,2025-06-03 17:00:00,12675.398766155153,11414.256042358526,8869.498625136348
forecast_3690,2025-06-03 18:00:00,13323.150952289441,11985.997532941372,9894.45979607489
forecast_3691,2025-06-03 19:00:00,13474.845473674897,12093.829007357526,10837.162637361831
forecast_3692,2025-06-03 20:00:00,14517.289270521189,13846.694849232179,12065.362822439112
forecast_3693,2025-06-03 21:00:00,15524.478383971235,15287.695722110457,14360.394134103202
forecast_3694,2025-06-03 22:00:00,15967.480695620692,16491.247100152046,13821.258271940042
forecast_3695,2025-06-03 23:00:00,15830.295717934505,15880.563809338055,13064.851025918228
forecast_3696,2025-06-04 00:00:00,15741.547094308606,15826.71143310488,12677.763109381354
forecast_3697,2025-06-04 01:00:00,15447.40647943559,14817.294715339269,12988.476546737324
forecast_3698,2025-06-04 02:00:00,16459.234799431495,15959.607894142977,13504.206596759237
forecast_3699,2025-06-04 03:00:00,16968.991170535435,16252.491220093076,15110.998851269898
forecast_3700,2025-06-04 04:00:00,17515.214929429527,16678.404253689936,15850.703284893321
forecast_3701,2025-06-04 05:00:00,17521.77620154669,17046.340056406512,15762.88807451921
forecast_3702,2025-06-04 06:00:00,16882.318876215453,16585.964637999445,16179.737284510647
forecast_3703,2025-06-04 07:00:00,17415.958670409003,17387.9082170275,16671.811801154505
forecast_3704,2025-06-04 08:00:00,17392.305737108843,17373.216054568406,16602.72823634755
forecast_3705,2025-06-04 09:00:00,17865.629781436233,17044.020919862392,16452.007905873652
forecast_3706,2025-06-04 10:00:00,17761.958523834193,16655.209599724145,16225.457874150341
forecast_3707,2025-06-04 11:00:00,17671.479003102875,16533.696713046033,16077.828483959842
forecast_3708,2025-06-04 12:00:00,17097.82107993738,16554.338845040646,16183.709194842382
forecast_3709,2025-06-04 13:00:00,16097.346591595535,16287.996346976535,15454.471705453225
forecast_3710,2025-06-04 14:00:00,15440.725256064303,15085.483611145659,12416.501841005927
forecast_3711,2025-06-04 15:00:00,14896.953624378193,13638.741923945761,10594.329015307398
forecast_3712,2025-06-04 16:00:00,14237.433773003077,12385.826923007695,10408.29114220682
forecast_3713,2025-06-04 17:00:00,14106.957199875673,12046.837681534307,10595.336413970355
forecast_3714,2025-06-04 18:00:00,13295.107173126064,11038.743292321726,9333.26212583408
forecast_3715,2025-06-04 19:00:00,12914.085234558794,11063.61786074485,9341.238836828195
forecast_3716,2025-06-04 20:00:00,13079.228552590097,11885.52830100337,9718.9656251061
forecast_3717,2025-06-04 21:00:00,12980.965290186785,12280.31298457325,10811.070176386846
forecast_3718,2025-06-04 22:00:00,12273.608339752773,11799.910570331958,10986.761941491772
forecast_3719,2025-06-04 23:00:00,12790.651368297944,13137.627230260003,13352.586186836443
forecast_3720,2025-06-05 00:00:00,12663.889589820592,13061.288846514622,14364.12357570453
forecast_3721,2025-06-05 01:00:00,11560.07887437615,11233.74935005814,12139.838088241835
forecast_3722,2025-06-05 02:00:00,13581.61030332286,13988.251118311116,14273.272792777067
forecast_3723,2025-06-05 03:00:00,13482.541538612102,14921.964890062554,13532.775613293068
forecast_3724,2025-06-05 04:00:00,13955.071064620817,15099.659023184595,13562.46022357406
forecast_3725,2025-06-05 05:00:00,13778.36207316525,14451.607030399886,12810.712554548052
forecast_3726,2025-06-05 06:00:00,13533.152796671227,13235.377560435116,10978.676881367614
forecast_3727,2025-06-05 07:00:00,14417.13210564416,13267.480435430673,11365.539832428247
forecast_3728,2025-06-05 08:00:00,11713.606343234711,11739.85621088195,8923.0296708488
forecast_3729,2025-06-05 09:00:00,10729.797193437975,10276.21432099835,6698.0090559269765
forecast_3730,2025-06-05 10:00:00,9226.878116323367,7970.393444112695,5829.280963622441
forecast_3731,2025-06-05 11:00:00,7808.043277985744,6666.7838178934035,5407.16414545009
forecast_3732,2025-06-05 12:00:00,7860.44148047116,6779.418395355667,5471.338026433287
forecast_3733,2025-06-05 13:00:00,7758.199765383961,6390.128539578478,5854.583895692672
forecast_3734,2025-06-05 14:00:00,8065.317780811165,6256.1846544977325,6082.403435406151
forecast_3735,2025-06-05 15:00:00,8144.967746139529,5982.629795280398,6025.267215631608
forecast_3736,2025-06-05 16:00:00,9343.137050974185,6734.120615960478,6597.031878348229
forecast_3737,2025-06-05 17:00:00,10498.555357191708,8451.762051696007,9729.285852920519
forecast_3738,2025-06-05 18:00:00,12190.516564832556,10310.818642276705,11391.20788890986
forecast_3739,2025-06-05 19:00:00,14375.204214623089,12852.137287589285,14090.493430719247
forecast_3740,2025-06-05 20:00:00,15964.513135665184,14815.30141170245,15202.878472300617
forecast_3741,2025-06-05 21:00:00,16862.280105773407,15949.316832818586,16584.330146234755
forecast_3742,2025-06-05 22:00:00,18246.076699391,16826.56640308805,17624.01313516029
forecast_3743,2025-06-05 23:00:00,18204.526336045124,16854.73075526404,17564.463579802017
forecast_3744,2025-06-06 00:00:00,18249.56638958131,16991.735921288313,18088.8335663724
forecast_3745,2025-06-06 01:00:00,17921.35955075271,17233.05880819745,17372.976100036492
forecast_3746,2025-06-06 02:00:00,18169.94823145149,17542.675307978323,17324.976681034987
forecast_3747,2025-06-06 03:00:00,18833.74566363011,17834.427131102915,17166.858709595606
forecast_3748,2025-06-06 04:00:00,18591.163732198995,17395.40898680546,16909.99318796165
forecast_3749,2025-06-06 05:00:00,18435.43026336489,16967.390025996283,17233.567065795625
forecast_3750,2025-06-06 06:00:00,18258.242690194063,16809.622215378775,16544.096161467503
forecast_3751,2025-06-06 07:00:00,17751.56362056745,16257.192420405125,16283.651448220979
forecast_3752,2025-06-06 08:00:00,17040.444406625207,16567.23652208844,16489.978392735175
forecast_3753,2025-06-06 09:00:00,16144.722855164406,15953.790498704539,15361.535615364077
forecast_3754,2025-06-06 10:00:00,14882.989627075578,15019.190399016237,14668.565637157511
forecast_3755,2025-06-06 11:00:00,14378.586801898697,13920.086422400977,13476.816229502556
forecast_3756,2025-06-06 12:00:00,13773.411099686004,13483.911390616287,14463.35733758194
forecast_3757,2025-06-06 13:00:00,13826.141580689782,13314.962384661723,14308.082549429215
forecast_3758,2025-06-06 14:00:00,13986.217988435012,13415.229126446508,14558.423941917497
forecast_3759,2025-06-06 15:00:00,14566.807591977918,13521.810551007178,14995.20241610951
forecast_3760,2025-06-06 16:00:00,14362.096948033832,13168.131114710608,14818.562144134918
forecast_3761,2025-06-06 17:00:00,14432.135469399667,13632.724327725158,15094.26699850651
forecast_3762,2025-06-06 18:00:00,15249.45106744872,14848.983791572235,16913.990620848243
forecast_3763,2025-06-06 19:00:00,16667.119774413393,17220.463446170685,17873.656182398587
forecast_3764,2025-06-06 20:00:00,16736.938042402046,17695.01243633525,18345.78451385557
forecast_3765,2025-06-06 21:00:00,17297.071861966644,18116.68423228841,18865.208280243056
forecast_3766,2025-06-06 22:00:00,17687.952420822236,17943.98690957494,19037.121017140696
forecast_3767,2025-06-06 23:00:00,18527.77912952631,18104.54536128177,18772.3055836796
forecast_3768,2025-06-07 00:00:00,18160.702130239228,17709.17153453829,18686.023314176586
forecast_3769,2025-06-07 01:00:00,17939.010514689577,17616.908491350456,18403.330541149488
forecast_3770,2025-06-07 02:00:00,18415.172078122006,17653.65217571546,18010.587346532913
forecast_3771,2025-06-07 03:00:00,18581.519971749738,17618.264276897728,18400.02899369662
forecast_3772,2025-06-07 04:00:00,18100.270360074064,17822.85170597161,18114.727935777813
forecast_3773,2025-06-07 05:00:00,18311.56258722829,17716.676183013886,17985.974896818938
forecast_3774,2025-06-07 06:00:00,18150.023380941173,17415.22226047687,16792.771672251467
forecast_3775,2025-06-07 07:00:00,17970.23531866773,16524.13211101915,16168.181565836054
forecast_3776,2025-06-07 08:00:00,16875.31440315402,16140.163347816402,14937.296737122475
forecast_3777,2025-06-07 09:00:00,15646.938501799461,14282.256907602386,13280.988730701001
forecast_3778,2025-06-07 10:00:00,12380.345034887185,11124.206867600626,11086.401301327785
forecast_3779,2025-06-07 11:00:00,9142.74743295768,8091.522699720978,8555.071719410309
forecast_3780,2025-06-07 12:00:00,8335.11624446375,6609.718512221452,6244.505606618756
forecast_3781,2025-06-07 13:00:00,7546.960041316032,6058.171737193551,6191.1412159908305
forecast_3782,2025-06-07 14:00:00,7000.125007455556,5470.491201290289,5356.824805406608
forecast_3783,2025-06-07 15:00:00,6949.961527962899,5603.826464911624,4937.281791509649
forecast_3784,2025-06-07 16:00:00,6665.09384550234,5267.712877407437,4877.683876092809
forecast_3785,2025-06-07 17:00:00,6903.719722007244,5809.246668428246,5000.128940871847
forecast_3786,2025-06-07 18:00:00,8613.51568768262,7812.585348960507,7147.1961550700125
forecast_3787,2025-06-07 19:00:00,9681.232642809286,9240.140705061984,8762.695732213162
forecast_3788,2025-06-07 20:00:00,10673.677555956248,10369.307775137122,9499.612543927456
forecast_3789,2025-06-07 21:00:00,13176.353943360386,12743.665432290845,12022.777194611996
forecast_3790,2025-06-07 22:00:00,14410.788592321363,14140.072172085665,13160.41332620687
forecast_3791,2025-06-07 23:00:00,13873.353061764534,14067.258271382667,11801.556251347267
forecast_3792,2025-06-08 00:00:00,14635.126809047732,14551.967324501938,12452.618852237683
forecast_3793,2025-06-08 01:00:00,13814.457705197083,14056.955166445427,11598.83290039215
forecast_3794,2025-06-08 02:00:00,13268.475211365097,14131.2363758755,10733.552385770156
forecast_3795,2025-06-08 03:00:00,12775.058171816452,13733.426891645293,9319.392072320174
forecast_3796,2025-06-08 04:00:00,11798.000025590103,12671.89791701549,8479.560538837239
forecast_3797,2025-06-08 05:00:00,10756.031496788124,11159.944787315944,7128.732693639637
forecast_3798,2025-06-08 06:00:00,7426.628381353092,7695.845098413637,4413.437772255178
forecast_3799,2025-06-08 07:00:00,5078.180976717413,3859.6390563608884,3482.833959091049
forecast_3800,2025-06-08 08:00:00,3646.302223928962,3729.9296493970032,3378.407140123838
forecast_3801,2025-06-08 09:00:00,3486.2746556408097,3467.2049502998957,3367.06524357575
forecast_3802,2025-06-08 10:00:00,3462.7765617781556,3463.158103311626,3361.650372391957
forecast_3803,2025-06-08 11:00:00,3459.7526304420803,3459.903617677495,3360.3810373493584
forecast_3804,2025-06-08 12:00:00,3456.664511449976,3457.0584938277966,3360.182287717656
forecast_3805,2025-06-08 13:00:00,3456.466703771454,3456.7275139240637,3360.105940767746
forecast_3806,2025-06-08 14:00:00,3456.471043965569,3456.6315466014644,3360.136273459923
forecast_3807,2025-06-08 15:00:00,3457.077297650269,3456.612288940398,3360.1459372981863
forecast_3808,2025-06-08 16:00:00,3457.661554517415,3456.9232299836203,3360.2467500655102
forecast_3809,2025-06-08 17:00:00,3458.5647798261875,3456.9118492666853,3360.676296130484
forecast_3810,2025-06-08 18:00:00,3470.595124755327,3466.8856698087125,3363.1471198686863
forecast_3811,2025-06-08 19:00:00,3565.0123136504926,3611.195413302651,3372.779285938325
forecast_3812,2025-06-08 20:00:00,3827.2872129769908,3851.248659633194,3431.3312617303955
forecast_3813,2025-06-08 21:00:00,3650.9086023168256,3050.297989522384,3544.163153195987
forecast_3814,2025-06-08 22:00:00,5337.6711440452755,4131.877799209529,4360.469388586021
forecast_3815,2025-06-08 23:00:00,7161.705943819919,6241.561635004389,5122.020428183733
forecast_3816,2025-06-09 00:00:00,8975.98513661276,7962.200409262316,7063.521090236996
forecast_3817,2025-06-09 01:00:00,8703.04711153043,8370.496347155755,6803.741706168273
forecast_3818,2025-06-09 02:00:00,9255.739209393683,8882.623964277127,6700.46175051843
forecast_3819,2025-06-09 03:00:00,8559.311707210143,8344.99488913097,5656.618530736142
forecast_3820,2025-06-09 04:00:00,8098.822429781841,7440.674041392327,5027.687954199274
forecast_3821,2025-06-09 05:00:00,6732.546959391496,5838.033853590357,4524.385137486541
forecast_3822,2025-06-09 06:00:00,6412.754496668628,4481.559146383596,3994.5331616005224
forecast_3823,2025-06-09 07:00:00,3828.31487355708,3677.304095713261,3550.137687191188
forecast_3824,2025-06-09 08:00:00,3734.652933688813,3586.287943729916,3383.527008536104
forecast_3825,2025-06-09 09:00:00,3521.0615889635483,3495.880694784154,3372.205261063744
forecast_3826,2025-06-09 10:00:00,3483.279919434494,3496.3241466244954,3372.5535226328698
forecast_3827,2025-06-09 11:00:00,3482.081156619505,3485.3196597576743,3367.8062705035422
forecast_3828,2025-06-09 12:00:00,3464.3337439287675,3469.80650625577,3365.0432076148213
forecast_3829,2025-06-09 13:00:00,3464.0617150455,3465.6840913264055,3375.2497442331164
forecast_3830,2025-06-09 14:00:00,3476.3644428010516,3473.391081976876,3406.0419459595996
forecast_3831,2025-06-09 15:00:00,3485.8345312572005,3485.779304614234,3395.7921734918427
forecast_3832,2025-06-09 16:00:00,3485.8795652529316,3491.5465113336854,3487.6784339527117
forecast_3833,2025-06-09 17:00:00,3562.222411727424,3710.271023445289,3565.604960932512
forecast_3834,2025-06-09 18:00:00,3452.219618186945,3271.030890624515,3651.452449518995
forecast_3835,2025-06-09 19:00:00,3735.8730389781895,4039.076061499948,4002.8647850056905
forecast_3836,2025-06-09 20:00:00,3889.5774324612125,4620.207188808889,3607.5482476132743
forecast_3837,2025-06-09 21:00:00,9099.71421607404,8143.6444351774635,6164.215191871029
forecast_3838,2025-06-09 22:00:00,12456.641160599236,11154.91977073879,8888.618927680764
forecast_3839,2025-06-09 23:00:00,13183.083274596898,12996.214205531585,10069.588101134135
forecast_3840,2025-06-10 00:00:00,14330.872769564368,13689.23099706249,10201.231258789585
forecast_3841,2025-06-10 01:00:00,15492.400376679463,15234.044058528367,13598.93820666837
forecast_3842,2025-06-10 02:00:00,15298.151366136752,15639.924455718892,14363.571758503585
forecast_3843,2025-06-10 03:00:00,15860.998797356477,15493.50096651586,15643.855184633432
forecast_3844,2025-06-10 04:00:00,15819.689054415598,15434.8929817185,15215.65826270505
forecast_3845,2025-06-10 05:00:00,15593.3283309264,15120.674775181584,15248.024277603166
forecast_3846,2025-06-10 06:00:00,13894.107444789,13204.749419682894,13284.632125651879
forecast_3847,2025-06-10 07:00:00,12129.665993699142,11942.476695741945,10850.868013035635
forecast_3848,2025-06-10 08:00:00,12628.608721289811,11812.5895232571,8689.844137009319
forecast_3849,2025-06-10 09:00:00,9247.433045207143,9010.821853121763,6633.232024536363
forecast_3850,2025-06-10 10:00:00,6997.147049779963,7057.052134705066,4592.323863252995
forecast_3851,2025-06-10 11:00:00,6323.883448861079,5352.454113068276,4728.056158488974
forecast_3852,2025-06-10 12:00:00,6119.16259512143,4778.834722439055,4956.398479795505
forecast_3853,2025-06-10 13:00:00,6765.89678416065,5272.801639476051,5362.856486424265
forecast_3854,2025-06-10 14:00:00,7717.946282476106,6915.923938099317,5854.060713605237
forecast_3855,2025-06-10 15:00:00,8833.665856837746,7777.918087629733,6510.607798899391
forecast_3856,2025-06-10 16:00:00,9160.889115661881,7964.003068627641,6370.088394451696
forecast_3857,2025-06-10 17:00:00,10278.139312552848,9253.12747434141,9026.540846349495
forecast_3858,2025-06-10 18:00:00,11005.188162629647,9915.05045190774,9792.929805650754
forecast_3859,2025-06-10 19:00:00,11373.403544941468,10384.134987080979,10981.629737149886
forecast_3860,2025-06-10 20:00:00,11727.913840378698,10927.664501399511,12605.588958070262
forecast_3861,2025-06-10 21:00:00,11962.974241477768,11599.330338288037,13827.536793354522
forecast_3862,2025-06-10 22:00:00,13670.432774135425,12721.2806159715,15317.046984774744
forecast_3863,2025-06-10 23:00:00,14102.018671338254,13828.849514860778,15811.315084502334
forecast_3864,2025-06-11 00:00:00,14029.109041562013,13804.026213163666,15145.19302940961
forecast_3865,2025-06-11 01:00:00,13678.07584716892,13802.174979518373,15158.752080689823
forecast_3866,2025-06-11 02:00:00,13364.808400836993,13938.430194388058,14064.798841476222
forecast_3867,2025-06-11 03:00:00,13438.09557995312,13559.757315424975,13275.992512700237
forecast_3868,2025-06-11 04:00:00,13350.855533561382,13609.83422776982,12502.744505309392
forecast_3869,2025-06-11 05:00:00,12899.734930766703,12946.749750526782,10550.886968218232
forecast_3870,2025-06-11 06:00:00,11977.049496389514,11628.932690287438,7773.14057540127
forecast_3871,2025-06-11 07:00:00,11666.188488636417,11196.250740716017,8293.274174089403
forecast_3872,2025-06-11 08:00:00,9774.687065258808,9184.292216497495,5829.802605913194
forecast_3873,2025-06-11 09:00:00,7975.0266408608995,7615.206151735811,4940.740325226697
forecast_3874,2025-06-11 10:00:00,7566.958682714089,7327.358675341846,5526.9189993294085
forecast_3875,2025-06-11 11:00:00,7982.073203362498,6245.939872200892,5495.027202169999
forecast_3876,2025-06-11 12:00:00,7336.981477762126,5576.8265724633975,4874.447296745026
forecast_3877,2025-06-11 13:00:00,7079.668995880908,4829.813809440009,4384.258374307752
forecast_3878,2025-06-11 14:00:00,6415.160749693534,4345.545125366655,4617.616467924114
forecast_3879,2025-06-11 15:00:00,6372.467897034474,4191.901952065997,4287.251233957341
forecast_3880,2025-06-11 16:00:00,5865.312235234257,3396.5905857690977,3651.1289146443446
forecast_3881,2025-06-11 17:00:00,3832.70278254259,3728.7362455013754,4073.861257515751
forecast_3882,2025-06-11 18:00:00,4741.718650851182,2964.3559882156565,3116.5290749229775
forecast_3883,2025-06-11 19:00:00,4794.8976732115925,3823.15455849405,3648.9148012363667
forecast_3884,2025-06-11 20:00:00,5066.07571444927,4432.405878497,3996.5914448674694
forecast_3885,2025-06-11 21:00:00,5099.696812111936,4804.166116202106,3521.461592258438
forecast_3886,2025-06-11 22:00:00,7188.022985969545,6189.527243513362,4886.316822593995
forecast_3887,2025-06-11 23:00:00,6978.1596389208025,6063.563781962862,5295.680129027642
forecast_3888,2025-06-12 00:00:00,6038.589862006874,4872.354927352579,4787.176128563166
forecast_3889,2025-06-12 01:00:00,5813.366203597285,4121.044980190886,4018.708364679996
forecast_3890,2025-06-12 02:00:00,5234.4227223998,3735.3553404394247,3565.627098375793
forecast_3891,2025-06-12 03:00:00,3741.0978088260636,3729.1478256449714,3424.5695315961966
forecast_3892,2025-06-12 04:00:00,3669.022558610181,3624.1871227462207,3395.2531390934446
forecast_3893,2025-06-12 05:00:00,3702.3245791629583,3691.4884893561684,3393.282484330648
forecast_3894,2025-06-12 06:00:00,3550.4293912944718,3542.8032716677885,3372.408449898464
forecast_3895,2025-06-12 07:00:00,3486.3338311144416,3496.854071516654,3361.4495803082527
forecast_3896,2025-06-12 08:00:00,3505.5990583921384,3483.08967824736,3360.676537343496
forecast_3897,2025-06-12 09:00:00,3465.856612991175,3461.0039947853597,3360.221271045058
forecast_3898,2025-06-12 10:00:00,3458.1737687532295,3456.9731829052625,3360.376675516802
forecast_3899,2025-06-12 11:00:00,3456.535053953044,3456.306917201298,3360.2274964256762
forecast_3900,2025-06-12 12:00:00,3456.395584722467,3456.2673077239006,3360.213828318764
forecast_3901,2025-06-12 13:00:00,3456.35979370272,3456.283238643677,3360.321276547743
forecast_3902,2025-06-12 14:00:00,3456.479746701347,3456.397798232164,3360.1876778506426
forecast_3903,2025-06-12 15:00:00,3456.3268831527917,3456.4275880123323,3360.1901571966514
forecast_3904,2025-06-12 16:00:00,3456.7251975285753,3458.2081863414614,3361.154227209457
forecast_3905,2025-06-12 17:00:00,3457.3562108456235,3458.926353807753,3363.0806172692505
forecast_3906,2025-06-12 18:00:00,3459.419597414103,3467.2275344221935,3364.0083065734525
forecast_3907,2025-06-12 19:00:00,3478.566138223959,3503.578004531021,3373.8458896587517
forecast_3908,2025-06-12 20:00:00,3482.0213756364187,3500.2745145803897,3375.3434698798033
forecast_3909,2025-06-12 21:00:00,3516.557990246241,3481.6192519872475,3380.269042885276
forecast_3910,2025-06-12 22:00:00,3684.226167643065,3712.330613565754,3461.796773212541
forecast_3911,2025-06-12 23:00:00,3776.742481907375,3852.5571950259123,3529.0443335999307
forecast_3912,2025-06-13 00:00:00,3604.803001946511,3127.692833884541,3544.0438800653865
forecast_3913,2025-06-13 01:00:00,6030.831928245751,4672.5174963180525,3715.25845086654
forecast_3914,2025-06-13 02:00:00,6319.702590661779,5649.4943258582825,4486.806985793403
forecast_3915,2025-06-13 03:00:00,7083.718625169883,6720.1952102485475,4671.662781936134
forecast_3916,2025-06-13 04:00:00,5883.844730392609,4932.957531578093,3660.4085412169698
forecast_3917,2025-06-13 05:00:00,4382.413316844235,3474.0935918568784,3524.3198152818422
forecast_3918,2025-06-13 06:00:00,3638.398758361403,2715.6813440731125,3399.2391806255105
forecast_3919,2025-06-13 07:00:00,3569.8015008585526,3584.134067212023,3365.603778592459
forecast_3920,2025-06-13 08:00:00,3486.6218683907077,3489.7812678928676,3361.665067477857
forecast_3921,2025-06-13 09:00:00,3466.9559282006553,3479.181449718784,3361.1078066338864
forecast_3922,2025-06-13 10:00:00,3464.321506405838,3465.876230634384,3360.7494558258254
forecast_3923,2025-06-13 11:00:00,3459.8366025819673,3462.3759758960005,3362.3122394253946
forecast_3924,2025-06-13 12:00:00,3458.7172276774168,3463.1503723974624,3361.290238501843
forecast_3925,2025-06-13 13:00:00,3465.0774353445163,3472.8347176789066,3366.5800936275805
forecast_3926,2025-06-13 14:00:00,3466.465988036352,3484.249711668903,3367.032569615477
forecast_3927,2025-06-13 15:00:00,3485.786960277641,3563.7587976911636,3362.817256535123
forecast_3928,2025-06-13 16:00:00,3486.881156067686,3568.5466711587046,3362.2666577571717
forecast_3929,2025-06-13 17:00:00,3483.432314211044,3530.722392937639,3365.555329922248
forecast_3930,2025-06-13 18:00:00,3502.1000232440056,3533.9585466207755,3369.5288784763175
forecast_3931,2025-06-13 19:00:00,3507.6104104649453,3550.90999812547,3408.962752164834
forecast_3932,2025-06-13 20:00:00,3684.857375480547,3710.5603019408227,3407.3815158722778
forecast_3933,2025-06-13 21:00:00,4734.750653843657,3070.0415271864126,3428.5418070764995
forecast_3934,2025-06-13 22:00:00,4748.9024488315745,3926.9348869652276,3605.19134840709
forecast_3935,2025-06-13 23:00:00,5900.780140175608,5486.061097600421,3771.1874926502596
forecast_3936,2025-06-14 00:00:00,5140.0529747568235,5212.069527623422,4217.38984332041
forecast_3937,2025-06-14 01:00:00,7642.70995703458,8700.084804803098,7234.432584119141
forecast_3938,2025-06-14 02:00:00,7493.252989633578,8321.494890354143,7025.6246909600795
forecast_3939,2025-06-14 03:00:00,7169.385694429583,7006.267141400428,6444.471988398273
forecast_3940,2025-06-14 04:00:00,6826.753943426713,6655.015946026368,3741.4955276839023
forecast_3941,2025-06-14 05:00:00,6507.883959819058,6037.33923381029,3656.172701834126
forecast_3942,2025-06-14 06:00:00,4957.414901833103,3848.084369420378,3375.0564438554684
forecast_3943,2025-06-14 07:00:00,3555.8775141973642,3500.9743019089924,3365.13412713333
forecast_3944,2025-06-14 08:00:00,3587.2312779562844,3520.165949280931,3369.548043700276
forecast_3945,2025-06-14 09:00:00,3494.6520205260795,3505.530733637705,3363.217079393362
forecast_3946,2025-06-14 10:00:00,3503.5068597863215,3546.109357615594,3380.079397692622
forecast_3947,2025-06-14 11:00:00,3483.090164160667,3495.9531220072804,3362.8466237597704
forecast_3948,2025-06-14 12:00:00,3476.627946558448,3503.96487921371,3363.231288036295
forecast_3949,2025-06-14 13:00:00,3463.0203986368547,3469.2620585567543,3361.1754714879935
forecast_3950,2025-06-14 14:00:00,3463.8737670321607,3472.422137358479,3360.998057133877
forecast_3951,2025-06-14 15:00:00,3462.0027581736945,3463.4521623502887,3361.5376392651706
forecast_3952,2025-06-14 16:00:00,3460.187913810096,3460.861023905883,3360.8831040381906
forecast_3953,2025-06-14 17:00:00,3460.2085958044295,3460.463029942055,3362.503081490098
forecast_3954,2025-06-14 18:00:00,3466.447043603971,3460.810593861997,3363.7543536380917
forecast_3955,2025-06-14 19:00:00,3476.40640885172,3477.4107389321243,3367.792624239682
forecast_3956,2025-06-14 20:00:00,3497.5313857626543,3501.6841375877993,3391.349015748602
forecast_3957,2025-06-14 21:00:00,3574.03527008144,3555.553800797008,3384.2323588572035
forecast_3958,2025-06-14 22:00:00,3551.64506485973,3537.584469692094,3392.770475240597
forecast_3959,2025-06-14 23:00:00,3517.2179407464196,3536.3717183812605,3510.221901503376
forecast_3960,2025-06-15 00:00:00,3585.6683165810264,3666.135066019775,3490.7159674856616
forecast_3961,2025-06-15 01:00:00,6471.278955392641,4998.580426801807,4975.060857229973
forecast_3962,2025-06-15 02:00:00,7124.02995010097,5561.294141183307,4946.1627289267035
forecast_3963,2025-06-15 03:00:00,6475.359412417873,5489.762999155172,4493.073838716206
forecast_3964,2025-06-15 04:00:00,6621.648747114594,5416.65467038386,4927.4522145435085
forecast_3965,2025-06-15 05:00:00,7654.00041812406,6096.273805307945,5357.390767854453
forecast_3966,2025-06-15 06:00:00,8091.308362531292,6745.873866414874,4902.565640409066
forecast_3967,2025-06-15 07:00:00,5881.3878717533735,5017.856115323686,4149.41354106918
forecast_3968,2025-06-15 08:00:00,3787.7539542092522,3760.8417991933516,3697.560812458467
forecast_3969,2025-06-15 09:00:00,3480.1162176333555,2609.5384812159396,3638.5712723948623
forecast_3970,2025-06-15 10:00:00,3483.828063182679,2479.6869122734374,3527.6224932006644
forecast_3971,2025-06-15 11:00:00,3714.197720052024,3861.380290373333,3421.1630617300475
forecast_3972,2025-06-15 12:00:00,3613.825960307532,3702.2479444320115,3570.989561207285
forecast_3973,2025-06-15 13:00:00,3556.166977571687,3665.473631837117,3546.8246499168563
forecast_3974,2025-06-15 14:00:00,3582.991645470211,3706.4926671664966,3511.098959436114
forecast_3975,2025-06-15 15:00:00,3551.76006955863,3034.0839833256427,3551.171054035095
forecast_3976,2025-06-15 16:00:00,3720.586763665633,3558.4047767245775,3579.5053033872737
forecast_3977,2025-06-15 17:00:00,3760.824651241556,3611.730637075352,3398.2822313263296
forecast_3978,2025-06-15 18:00:00,3950.663292581053,4877.433520157447,4281.220502999201
forecast_3979,2025-06-15 19:00:00,6864.130102757697,6677.959204357849,5479.898412113189
forecast_3980,2025-06-15 20:00:00,7136.005921139721,6990.434226040176,5562.170295956553
forecast_3981,2025-06-15 21:00:00,7471.574395683477,7758.646002209529,6027.072743050259
forecast_3982,2025-06-15 22:00:00,9654.397470571997,9500.47766070592,7240.989718057678
forecast_3983,2025-06-15 23:00:00,9368.604796113588,9788.027821679794,7901.085133848342
forecast_3984,2025-06-16 00:00:00,10118.844196640766,10510.802594203906,8339.874727813165
forecast_3985,2025-06-16 01:00:00,9763.809835811197,10242.600131675968,7538.910630824928
forecast_3986,2025-06-16 02:00:00,10370.819736226262,10894.519732842573,7431.926742195279
forecast_3987,2025-06-16 03:00:00,10514.588649551153,10933.964940161279,8048.264062505546
forecast_3988,2025-06-16 04:00:00,8475.453150465939,8480.122059379104,6194.247843578907
forecast_3989,2025-06-16 05:00:00,7602.358900506421,6954.9395515778715,5180.70104078264
forecast_3990,2025-06-16 06:00:00,8154.590636791402,6967.781585069911,5327.94533929709
forecast_3991,2025-06-16 07:00:00,8805.005859155728,9126.057725004002,5858.696921309184
forecast_3992,2025-06-16 08:00:00,9267.967870840837,9876.757786448654,7251.981398492514
forecast_3993,2025-06-16 09:00:00,9145.793317180653,9319.050350360563,6600.566350951684
forecast_3994,2025-06-16 10:00:00,8893.497364453497,9741.675535578268,7073.590663967259
forecast_3995,2025-06-16 11:00:00,8891.359720403807,9164.214850050152,6980.576189524617
forecast_3996,2025-06-16 12:00:00,8805.15009357372,8938.4531354834,6712.670981289009
forecast_3997,2025-06-16 13:00:00,8908.56342782091,9920.791670000322,6672.812371726433
forecast_3998,2025-06-16 14:00:00,9896.667322043224,11248.639556395445,7702.171218226553
forecast_3999,2025-06-16 15:00:00,10616.26408048353,10996.92484715572,9299.247279134093
forecast_4000,2025-06-16 16:00:00,11927.836370463481,11382.288354811642,9581.92863551997
forecast_4001,2025-06-16 17:00:00,12806.180209465414,12492.964449161716,11361.763468434725
forecast_4002,2025-06-16 18:00:00,13769.96449014226,13836.510651348104,11321.697094657038
forecast_4003,2025-06-16 19:00:00,14502.683830972619,14671.351822197425,12091.154153580352
forecast_4004,2025-06-16 20:00:00,14395.742646072402,14274.194854802272,12133.325761703625
forecast_4005,2025-06-16 21:00:00,14439.309444432509,14654.852307720052,12816.133454755698
forecast_4006,2025-06-16 22:00:00,15572.067800990242,16218.153369501068,15589.629475695607
forecast_4007,2025-06-16 23:00:00,16305.623567590026,17149.828025346585,16262.219483241166
forecast_4008,2025-06-17 00:00:00,16866.397793708016,17762.951896250528,17544.166681173712
forecast_4009,2025-06-17 01:00:00,16890.21655603231,17737.67315425087,16879.931107121785
forecast_4010,2025-06-17 02:00:00,17036.58052334392,17838.22780973454,17477.123356789336
forecast_4011,2025-06-17 03:00:00,17636.301559530202,17824.646369967526,17614.5477568596
forecast_4012,2025-06-17 04:00:00,17757.37204387026,17948.071616165256,17675.4456139275
forecast_4013,2025-06-17 05:00:00,17551.80016857893,17750.711138408296,17556.97773785162
forecast_4014,2025-06-17 06:00:00,16693.235687865308,16978.810652513082,15817.144811503818
forecast_4015,2025-06-17 07:00:00,15482.914118772607,15293.056787739975,14553.547422126372
forecast_4016,2025-06-17 08:00:00,14542.61259455306,14807.72542081481,13914.534799676363
forecast_4017,2025-06-17 09:00:00,13969.17920281562,14239.828704501911,13699.703768933312
forecast_4018,2025-06-17 10:00:00,12541.470979504344,13381.783702132692,12686.634056400602
forecast_4019,2025-06-17 11:00:00,11991.622289208855,13034.610191514093,11894.61059725204
forecast_4020,2025-06-17 12:00:00,11497.834262420958,12062.025226853906,11278.194117333158
forecast_4021,2025-06-17 13:00:00,11181.148205260115,11511.723734434088,10008.923222413616
forecast_4022,2025-06-17 14:00:00,10570.254309605463,10521.692055312289,9608.756837203337
forecast_4023,2025-06-17 15:00:00,10143.93270674202,8966.93693356414,8208.45916299001
forecast_4024,2025-06-17 16:00:00,9859.197820762447,7734.690193380081,7863.782555484821
forecast_4025,2025-06-17 17:00:00,9006.787418182153,6283.320419426522,6706.556701553401
forecast_4026,2025-06-17 18:00:00,8545.630272834018,5821.903899884269,6132.836374178033
forecast_4027,2025-06-17 19:00:00,6776.634043873254,4682.131901477745,4843.918281948198
forecast_4028,2025-06-17 20:00:00,6460.074291266757,5095.82195201839,4590.606708747214
forecast_4029,2025-06-17 21:00:00,6339.870198275629,5406.723370263558,5036.791571107478
forecast_4030,2025-06-17 22:00:00,7012.917903501113,6279.8180671523,5162.874303558775
forecast_4031,2025-06-17 23:00:00,7446.524794151425,6974.87369682863,5356.5469344719495
forecast_4032,2025-06-18 00:00:00,7812.290739212788,7201.463566169275,5922.046105077316
forecast_4033,2025-06-18 01:00:00,7741.512266551227,8546.8410535087,5575.689674060325
forecast_4034,2025-06-18 02:00:00,8729.694170828438,9288.315577440375,5795.975714822493
forecast_4035,2025-06-18 03:00:00,10009.593564590956,9987.150406780644,6232.701668787369
forecast_4036,2025-06-18 04:00:00,10797.242996709952,10207.982722113324,6876.581529908697
forecast_4037,2025-06-18 05:00:00,11768.934773490328,10907.706639318987,7229.1323708679765
forecast_4038,2025-06-18 06:00:00,12658.961507957905,11806.032643812729,7129.518131931938
forecast_4039,2025-06-18 07:00:00,11281.78006901214,11867.333590068558,6277.834557483955
forecast_4040,2025-06-18 08:00:00,8842.288678986612,10573.516789530566,4966.130026736723
forecast_4041,2025-06-18 09:00:00,6611.347043858872,8928.798515312747,3444.6185105807854
forecast_4042,2025-06-18 10:00:00,5752.305959812477,6843.216793677469,3353.606024265451
forecast_4043,2025-06-18 11:00:00,5176.581692553596,5132.970936651232,3339.5306235040166
forecast_4044,2025-06-18 12:00:00,5108.938182650351,4639.364937289491,3265.882472988309
forecast_4045,2025-06-18 13:00:00,5183.678556677669,4323.304988259162,3161.703628866038
forecast_4046,2025-06-18 14:00:00,4994.671599178797,4001.199609261069,2910.282271383573
forecast_4047,2025-06-18 15:00:00,5192.833022863437,4294.151673706039,3073.4488514060004
forecast_4048,2025-06-18 16:00:00,5152.372340340752,4066.2981356276396,2985.725596081512
forecast_4049,2025-06-18 17:00:00,5003.625106961088,4380.902791296442,3283.8405228182523
forecast_4050,2025-06-18 18:00:00,5313.843234534391,4510.951323634326,3187.222802684714
forecast_4051,2025-06-18 19:00:00,6763.318460149816,5058.807705655374,4426.108790562731
forecast_4052,2025-06-18 20:00:00,8340.225729463718,7004.044646489318,6171.164924570189
forecast_4053,2025-06-18 21:00:00,9955.44468489566,9185.095293547844,8206.09742622937
forecast_4054,2025-06-18 22:00:00,11527.97608453377,10199.21650159059,8931.306598302366
forecast_4055,2025-06-18 23:00:00,12960.268851473005,11724.880914611113,9943.048089937194
forecast_4056,2025-06-19 00:00:00,12777.230765854309,12369.808353181488,9854.717066831498
forecast_4057,2025-06-19 01:00:00,13470.68662277211,13217.429661084785,11609.63672124195
forecast_4058,2025-06-19 02:00:00,13459.82890579444,12899.911921490959,11442.676972004474
forecast_4059,2025-06-19 03:00:00,13618.472558130854,13285.684076139905,11435.734814008945
forecast_4060,2025-06-19 04:00:00,13038.255302234193,12080.456589832267,10954.675704302264
forecast_4061,2025-06-19 05:00:00,12307.056016783607,11259.519302778206,8758.595933297589
forecast_4062,2025-06-19 06:00:00,10830.743779037559,9210.074756573515,5599.274371941941
forecast_4063,2025-06-19 07:00:00,8285.467655933371,6359.925481517203,3992.920928045646
forecast_4064,2025-06-19 08:00:00,5318.343240521925,3516.2409737914677,3525.4029764630036
forecast_4065,2025-06-19 09:00:00,3719.803520754011,3741.994046705377,3444.7971321682176
forecast_4066,2025-06-19 10:00:00,3539.1917448259105,3515.9693534097323,3453.8634807373883
forecast_4067,2025-06-19 11:00:00,3497.576669642298,3475.346598267036,3366.7736963221387
forecast_4068,2025-06-19 12:00:00,3465.63709032932,3472.7646809434946,3366.0460065504685
forecast_4069,2025-06-19 13:00:00,3460.8250915577005,3471.3044692796398,3361.4775776362553
forecast_4070,2025-06-19 14:00:00,3463.9680250168444,3483.090278475811,3361.3057511367615
forecast_4071,2025-06-19 15:00:00,3476.5480059530073,3537.4452783328256,3366.5554022232277
forecast_4072,2025-06-19 16:00:00,3481.704622839895,3543.9869753041776,3365.7197432813323
forecast_4073,2025-06-19 17:00:00,3483.6911093106937,3534.433849581501,3376.4550185373946
forecast_4074,2025-06-19 18:00:00,3526.793897036046,3693.9834223933044,3382.0666495492183
forecast_4075,2025-06-19 19:00:00,3435.217134449853,3051.909054228418,3426.7342866687527
forecast_4076,2025-06-19 20:00:00,3625.1767758959977,3670.4121207347616,3457.2541839622886
forecast_4077,2025-06-19 21:00:00,3957.372567854182,4562.43846946182,3649.5103741169087
forecast_4078,2025-06-19 22:00:00,6739.806545748567,7058.381988065191,4356.07022702693
forecast_4079,2025-06-19 23:00:00,7851.5021038820305,8247.89501178888,4683.914250668207
forecast_4080,2025-06-20 00:00:00,8683.55221374914,8939.855965144689,4817.947990141704
forecast_4081,2025-06-20 01:00:00,10540.317719697241,11597.079504478845,6637.335326257554
forecast_4082,2025-06-20 02:00:00,11266.860778348542,11893.259040315106,6912.201805771701
forecast_4083,2025-06-20 03:00:00,11923.154246608392,12682.405218884562,8041.185907374511
forecast_4084,2025-06-20 04:00:00,12382.755770216045,12971.387859180564,9519.236337427072
forecast_4085,2025-06-20 05:00:00,12340.4954031857,12913.635203892736,9252.472035975265
forecast_4086,2025-06-20 06:00:00,12193.993816419297,12057.115430865282,9011.02991848168
forecast_4087,2025-06-20 07:00:00,11423.884469900438,11226.104767228871,8715.424317175573
forecast_4088,2025-06-20 08:00:00,10798.307668971533,10584.674717500364,8023.173940535663
forecast_4089,2025-06-20 09:00:00,11136.432846766345,11346.473786131488,9441.785857597397
forecast_4090,2025-06-20 10:00:00,10891.299973647361,11507.243924397342,10360.40862422153
forecast_4091,2025-06-20 11:00:00,12672.550951082529,13297.598618510767,12996.949499181146
forecast_4092,2025-06-20 12:00:00,13547.62181812178,14255.91592678552,14432.906508746473
forecast_4093,2025-06-20 13:00:00,14668.626666413953,15759.81278675897,15326.782962619827
forecast_4094,2025-06-20 14:00:00,15879.75835530323,16777.60996656148,16037.042532770563
forecast_4095,2025-06-20 15:00:00,16262.936776228522,17015.148609988806,15923.955673052491
forecast_4096,2025-06-20 16:00:00,17457.926960428053,17933.71839746809,17347.698590477125
forecast_4097,2025-06-20 17:00:00,17598.085481397946,17658.538366919733,17933.038599170297
forecast_4098,2025-06-20 18:00:00,17969.29614392612,18026.702832736857,17512.376712136193
forecast_4099,2025-06-20 19:00:00,18282.651324279548,17999.183378223937,17955.15873639757
forecast_4100,2025-06-20 20:00:00,17742.642588392522,17575.612540333215,17481.649972687865
forecast_4101,2025-06-20 21:00:00,17819.40374079766,17721.02809555335,17894.605306750982
forecast_4102,2025-06-20 22:00:00,18072.716292418918,17907.5104424815,17942.971473047917
forecast_4103,2025-06-20 23:00:00,18263.47012938561,18096.823077455752,18038.420820023915
forecast_4104,2025-06-21 00:00:00,18273.830231310323,18366.63261793912,18029.27819513609
forecast_4105,2025-06-21 01:00:00,18030.930234593303,18512.47454439419,17315.164950690465
forecast_4106,2025-06-21 02:00:00,17721.535108472155,18319.032269426567,17361.3650971035
forecast_4107,2025-06-21 03:00:00,17226.726962916524,18059.56510143849,16621.099064083577
forecast_4108,2025-06-21 04:00:00,15970.472172596454,16862.99862524999,15852.08695110669
forecast_4109,2025-06-21 05:00:00,14899.332112870265,15290.930802363926,15588.781420251642
forecast_4110,2025-06-21 06:00:00,14588.503129259961,14693.238274041027,15536.761817320526
forecast_4111,2025-06-21 07:00:00,13767.524566740078,14336.815991685553,15064.670341673898
forecast_4112,2025-06-21 08:00:00,14313.928871333346,13908.215421515179,14038.050592379006
forecast_4113,2025-06-21 09:00:00,13909.625900803454,13267.385041342834,12211.905954018046
forecast_4114,2025-06-21 10:00:00,10991.870703746066,10829.414441899455,10311.226074757617
forecast_4115,2025-06-21 11:00:00,9786.34516013609,9341.846290303092,9179.300356895948
forecast_4116,2025-06-21 12:00:00,9506.51425338134,8917.630232464966,8720.418635318783
forecast_4117,2025-06-21 13:00:00,8843.367189012937,8588.632017253018,7128.211194111105
forecast_4118,2025-06-21 14:00:00,9748.120748485178,9224.411351504523,7748.480756599985
forecast_4119,2025-06-21 15:00:00,9530.66738452331,9717.140380958053,7595.221257946634
forecast_4120,2025-06-21 16:00:00,10579.45132008678,10508.339282004887,8538.065545973788
forecast_4121,2025-06-21 17:00:00,11059.674127101165,11204.534321502111,9217.924569989438
forecast_4122,2025-06-21 18:00:00,11019.756213863271,11844.190856517358,10072.338841633178
forecast_4123,2025-06-21 19:00:00,11139.458088153042,12045.254354185849,10605.859333972423
forecast_4124,2025-06-21 20:00:00,11138.745103372046,11830.227880685716,10837.420856847706
forecast_4125,2025-06-21 21:00:00,11939.081712112753,12319.648675967974,12587.430860301154
forecast_4126,2025-06-21 22:00:00,12241.33075424868,12816.033775135407,14352.354570347161
forecast_4127,2025-06-21 23:00:00,11964.152660005957,12345.804356922537,13540.89271268255
forecast_4128,2025-06-22 00:00:00,12738.626013630737,13502.413456721833,14986.841541330168
forecast_4129,2025-06-22 01:00:00,12054.807221816473,13426.953865054817,13365.654861847452
forecast_4130,2025-06-22 02:00:00,12482.303076763148,13709.900625239781,12360.19309363488
forecast_4131,2025-06-22 03:00:00,11386.285002852876,12511.2264016818,10027.167858992381
forecast_4132,2025-06-22 04:00:00,11114.71317885958,12206.237947982878,8925.483824217414
forecast_4133,2025-06-22 05:00:00,10791.128783221451,11988.669952055887,9109.833692302504
forecast_4134,2025-06-22 06:00:00,9989.898567680515,10697.995820246646,7437.488305219273
forecast_4135,2025-06-22 07:00:00,8966.725598438858,8876.579059375514,6582.373359677974
forecast_4136,2025-06-22 08:00:00,8135.296315931511,8216.70647581543,5035.69623168871
forecast_4137,2025-06-22 09:00:00,6098.818486851444,6463.891613433384,4207.471010278551
forecast_4138,2025-06-22 10:00:00,5472.237619229723,5047.771435031004,3457.3258857667493
forecast_4139,2025-06-22 11:00:00,5544.375056936567,4325.607545957372,3731.2528286051556
forecast_4140,2025-06-22 12:00:00,5686.58666504013,3536.2049984538007,3703.7904761718264
forecast_4141,2025-06-22 13:00:00,5926.7666882732265,3820.2304537285154,3975.5037647741096
forecast_4142,2025-06-22 14:00:00,5404.252991303585,3552.082567898058,3634.2118371279084
forecast_4143,2025-06-22 15:00:00,3722.2657934591643,3140.797509785839,3229.419081713368
forecast_4144,2025-06-22 16:00:00,3666.190936308538,3127.4403031832953,3089.138463672161
forecast_4145,2025-06-22 17:00:00,3700.6749798214328,3228.935093495545,3008.0338979135217
forecast_4146,2025-06-22 18:00:00,3804.9210899685204,3671.0777994607683,3302.109722379807
forecast_4147,2025-06-22 19:00:00,3885.102379080479,3962.9908479187975,3635.468981119276
forecast_4148,2025-06-22 20:00:00,5355.993783202562,3845.799764027597,4175.643857902021
forecast_4149,2025-06-22 21:00:00,5466.276775795224,4021.830185239048,4956.024897562884
forecast_4150,2025-06-22 22:00:00,7241.155993835475,5106.701670478611,5869.250070993179
forecast_4151,2025-06-22 23:00:00,6518.151662260675,4461.099608211223,4850.974495748605
forecast_4152,2025-06-23 00:00:00,5929.6039841261045,3584.0610597227374,4632.926193113114
forecast_4153,2025-06-23 01:00:00,5579.486444677168,3138.7411259431387,3912.051078710389
forecast_4154,2025-06-23 02:00:00,3709.335606050915,3222.031689643938,3955.7839286466356
forecast_4155,2025-06-23 03:00:00,3563.7552491886013,3037.789941491261,3467.1454714525153
forecast_4156,2025-06-23 04:00:00,3690.571614508291,2901.913619876547,3486.4725127302604
forecast_4157,2025-06-23 05:00:00,3726.258336100519,3885.2189709224976,3457.859044390712
forecast_4158,2025-06-23 06:00:00,3578.0633342680107,3596.4423678433045,3419.0794239921574
forecast_4159,2025-06-23 07:00:00,3502.0567684978737,3542.419311049429,3367.6704555128777
forecast_4160,2025-06-23 08:00:00,3468.9444385189645,3475.9284115333435,3363.096190912663
forecast_4161,2025-06-23 09:00:00,3459.0973503083574,3464.4105576829634,3361.311278014455
forecast_4162,2025-06-23 10:00:00,3457.9831190255654,3461.2805840783612,3360.726752518245
forecast_4163,2025-06-23 11:00:00,3459.765811032594,3464.7037787419554,3362.0037645569782
forecast_4164,2025-06-23 12:00:00,3462.8003202139307,3478.351015227865,3365.601601652234
forecast_4165,2025-06-23 13:00:00,3463.4969686039553,3476.1358197915224,3362.9699564461657
forecast_4166,2025-06-23 14:00:00,3465.7667862344215,3488.629020467767,3370.0649414588847
forecast_4167,2025-06-23 15:00:00,3465.418389284798,3488.664981706935,3365.6085310306894
forecast_4168,2025-06-23 16:00:00,3456.7314449072737,3458.1919308089914,3361.5954270772277
forecast_4169,2025-06-23 17:00:00,3456.5087387068206,3457.264787158972,3360.5304666032125
forecast_4170,2025-06-23 18:00:00,3456.517191017127,3457.4414432983713,3361.0325862264385
forecast_4171,2025-06-23 19:00:00,3457.1789355405986,3458.9578964802445,3360.6373239664604
forecast_4172,2025-06-23 20:00:00,3458.8942468426385,3460.7961664504464,3361.128276367232
forecast_4173,2025-06-23 21:00:00,3458.76014248167,3459.657740515864,3361.8192736088668
forecast_4174,2025-06-23 22:00:00,3460.098770207985,3459.5610783795114,3361.297640080321
forecast_4175,2025-06-23 23:00:00,3463.009954408074,3459.5682402143616,3360.9254239319375
forecast_4176,2025-06-24 00:00:00,3465.2471597100744,3462.388949264108,3361.3764225203718
forecast_4177,2025-06-24 01:00:00,3459.5359705656197,3458.3886324107552,3361.843314550868
forecast_4178,2025-06-24 02:00:00,3464.502908459092,3473.5552029737614,3361.244863750139
forecast_4179,2025-06-24 03:00:00,3490.201604449765,3470.065297829633,3361.046865713456
forecast_4180,2025-06-24 04:00:00,3583.347230673829,3536.995010012362,3360.6223422107573
forecast_4181,2025-06-24 05:00:00,3588.8731450116225,3527.5145874033715,3360.596275405066
forecast_4182,2025-06-24 06:00:00,3526.3778803400087,3498.084406296175,3360.6671522838965
forecast_4183,2025-06-24 07:00:00,3717.437736510001,3616.597789297167,3363.356515296902
forecast_4184,2025-06-24 08:00:00,3670.868164064479,3695.7890009563685,3370.3780518718436
forecast_4185,2025-06-24 09:00:00,3662.588011073305,3752.344979263492,3377.678905923818
forecast_4186,2025-06-24 10:00:00,3543.5602124593083,3554.086945612617,3375.454440202672
forecast_4187,2025-06-24 11:00:00,3545.6183207309523,3553.4900601590352,3379.061996366142
forecast_4188,2025-06-24 12:00:00,3547.969431806061,3596.0257811678903,3370.3309121435827
forecast_4189,2025-06-24 13:00:00,3516.7587352380483,3560.0169220249027,3378.87440148689
forecast_4190,2025-06-24 14:00:00,3537.336175849346,3651.322802611469,3373.4003188266456
forecast_4191,2025-06-24 15:00:00,3584.0241560464183,3792.3694156976417,3378.303587574119
forecast_4192,2025-06-24 16:00:00,3585.9498170053525,3790.330142086261,3365.374105469162
forecast_4193,2025-06-24 17:00:00,3629.8882969732153,3804.764791207104,3369.076591305845
forecast_4194,2025-06-24 18:00:00,3612.740096103136,3029.6232228031677,3391.433660049035
forecast_4195,2025-06-24 19:00:00,4277.118780911321,3893.9828296659566,3410.617434274937
forecast_4196,2025-06-24 20:00:00,5191.010384646931,4892.329752019319,3389.364034037226
forecast_4197,2025-06-24 21:00:00,4663.0512301101035,5041.614823620729,3469.165471171418
forecast_4198,2025-06-24 22:00:00,6041.047532692553,6269.35774932138,3463.658338216552
forecast_4199,2025-06-24 23:00:00,6411.416167701151,6462.275813577071,3429.093768255032
forecast_4200,2025-06-25 00:00:00,7037.262301226438,6463.3955450622525,3433.3029227807797
forecast_4201,2025-06-25 01:00:00,5789.545203636203,5361.886585860606,3367.5994741006307
forecast_4202,2025-06-25 02:00:00,5354.464047731066,4868.020344981282,3371.1863234570174
forecast_4203,2025-06-25 03:00:00,4483.490408237988,4086.9816891438854,3362.789250101616
forecast_4204,2025-06-25 04:00:00,4402.12082867814,3621.081630795561,3363.7258199183134
forecast_4205,2025-06-25 05:00:00,3741.9302601889644,3395.3610399593367,3365.1011458584885
forecast_4206,2025-06-25 06:00:00,3770.3307580471915,3293.6737414025542,3364.6732762162624
forecast_4207,2025-06-25 07:00:00,3605.8737463887296,3054.95589557933,3363.2638153106523
forecast_4208,2025-06-25 08:00:00,3825.338160696544,3788.085027206981,3365.5946066018837
forecast_4209,2025-06-25 09:00:00,3621.7225266581504,3853.0781817824563,3365.3076590854366
forecast_4210,2025-06-25 10:00:00,3540.3951006898747,3692.1715444385623,3361.610531930329
forecast_4211,2025-06-25 11:00:00,3508.7203122688,3550.051396760068,3361.967747486089
forecast_4212,2025-06-25 12:00:00,3497.017982017829,3500.988474522888,3361.4663365523097
forecast_4213,2025-06-25 13:00:00,3478.8052326234315,3497.214066464519,3360.8919475546118
forecast_4214,2025-06-25 14:00:00,3463.129631601943,3469.2923891500936,3360.5215531878266
forecast_4215,2025-06-25 15:00:00,3471.7789414769613,3471.0909868786507,3360.170049966296
forecast_4216,2025-06-25 16:00:00,3480.887457499348,3481.4041114642214,3360.397376875791
forecast_4217,2025-06-25 17:00:00,3481.521791108783,3503.559858831442,3360.956638473578
forecast_4218,2025-06-25 18:00:00,3466.4208912769527,3480.1535347763597,3360.6640283057473
forecast_4219,2025-06-25 19:00:00,3492.1231804061085,3532.9086166184043,3363.564334199741
forecast_4220,2025-06-25 20:00:00,3532.843225745505,3711.588107820057,3390.767325942162
forecast_4221,2025-06-25 21:00:00,3688.878320018996,3617.7660020127805,3442.759046737493
forecast_4222,2025-06-25 22:00:00,5368.8987966926,4691.135439412125,4128.915546158193
forecast_4223,2025-06-25 23:00:00,5991.604873227372,5476.820110360323,4318.319008230153
forecast_4224,2025-06-26 00:00:00,7095.663193868477,6106.695293607377,4789.958812093626
forecast_4225,2025-06-26 01:00:00,9265.705977299971,8813.550848333845,6772.800884948997
forecast_4226,2025-06-26 02:00:00,11112.75313619399,10612.58934148168,8579.070858847428
forecast_4227,2025-06-26 03:00:00,13042.887290160328,12876.355858147386,10167.734614753515
forecast_4228,2025-06-26 04:00:00,13419.286307942368,12887.911311292217,9542.954780744763
forecast_4229,2025-06-26 05:00:00,12946.574006106672,13199.61028188063,10595.955210061938
forecast_4230,2025-06-26 06:00:00,12590.174122780913,12739.957978381935,10460.870623385426
forecast_4231,2025-06-26 07:00:00,12352.35407312243,12578.952972781177,9836.223646327066
forecast_4232,2025-06-26 08:00:00,13042.464568003568,13317.269378098083,8941.376870299828
forecast_4233,2025-06-26 09:00:00,12206.896995658319,12577.758027168224,9224.130607846886
forecast_4234,2025-06-26 10:00:00,8636.04908781527,9483.797010945975,6633.475997076547
forecast_4235,2025-06-26 11:00:00,6959.103601597445,7751.6721043712905,5857.115975134101
forecast_4236,2025-06-26 12:00:00,6782.959983030858,7096.978126732354,6164.30387269809
forecast_4237,2025-06-26 13:00:00,6257.418224292269,5596.306891242556,4718.089395878196
forecast_4238,2025-06-26 14:00:00,5554.527439619464,4364.074811829378,4259.648542940125
forecast_4239,2025-06-26 15:00:00,5837.201825245568,4407.801737610126,4651.699796692499
forecast_4240,2025-06-26 16:00:00,5883.571200899453,4460.184369970205,5546.698501357525
forecast_4241,2025-06-26 17:00:00,5201.86121544827,4008.163221219993,4906.566478001458
forecast_4242,2025-06-26 18:00:00,5009.999938808593,3882.5059183000835,5002.205925211458
forecast_4243,2025-06-26 19:00:00,4933.632060672116,3882.223240346354,5073.505260449831
forecast_4244,2025-06-26 20:00:00,5272.019676385517,4011.5024837332944,5629.359424725959
forecast_4245,2025-06-26 21:00:00,5601.989957992086,4298.952976639675,5432.062542289648
forecast_4246,2025-06-26 22:00:00,6757.208163785884,5134.915177132981,5443.117639169585
forecast_4247,2025-06-26 23:00:00,6228.118134099267,4551.094638866955,5317.858006487211
forecast_4248,2025-06-27 00:00:00,6070.109014940679,4329.505499373784,5577.803600815171
forecast_4249,2025-06-27 01:00:00,3743.9841111772153,3672.185010848883,5006.079531286075
forecast_4250,2025-06-27 02:00:00,3841.5194117145434,3807.659314813214,4407.077124067905
forecast_4251,2025-06-27 03:00:00,6323.4185041617,3834.696844921291,5424.358181751471
forecast_4252,2025-06-27 04:00:00,6878.224530566759,4530.567168809948,6052.3676281754415
forecast_4253,2025-06-27 05:00:00,5677.440875353015,3835.601634293325,4897.093851360848
forecast_4254,2025-06-27 06:00:00,3813.8030904467178,3806.2842863779297,3419.8413506421775
forecast_4255,2025-06-27 07:00:00,3536.25976978333,3516.8361868475176,3418.4409097733997
forecast_4256,2025-06-27 08:00:00,3479.5568592192253,3497.5329465732816,3369.80382779306
forecast_4257,2025-06-27 09:00:00,3478.893149806404,3470.87108043985,3360.54600696124
forecast_4258,2025-06-27 10:00:00,3463.2025179024204,3462.9243800717004,3361.2890224580096
forecast_4259,2025-06-27 11:00:00,3459.5660438316327,3470.123641679444,3360.4962369927694
forecast_4260,2025-06-27 12:00:00,3457.5802345808356,3461.8838649274157,3360.4988593124417
forecast_4261,2025-06-27 13:00:00,3464.8779661369863,3483.8048227948557,3361.3135195482196
forecast_4262,2025-06-27 14:00:00,3463.794666297014,3479.8670084036385,3360.8951085977005
forecast_4263,2025-06-27 15:00:00,3482.9682280343054,3502.0591005063648,3362.6141868736945
forecast_4264,2025-06-27 16:00:00,3472.8394797161595,3484.6771261292356,3360.8442803294006
forecast_4265,2025-06-27 17:00:00,3487.2319721714603,3551.851797265331,3361.1879333502575
forecast_4266,2025-06-27 18:00:00,3491.8289200380896,3547.3097886181745,3362.3857063598743
forecast_4267,2025-06-27 19:00:00,3488.60036802065,3558.3346773163375,3361.408213133479
forecast_4268,2025-06-27 20:00:00,3491.3714344739124,3596.386020093427,3364.697953597229
forecast_4269,2025-06-27 21:00:00,3509.4632237396786,3418.2442386383022,3409.291330789666
forecast_4270,2025-06-27 22:00:00,5988.8952849970865,4766.266448595435,4323.231152363269
forecast_4271,2025-06-27 23:00:00,6666.091132387064,5576.549279898879,4526.321589409014
forecast_4272,2025-06-28 00:00:00,7030.807554389751,6015.95390152522,4698.960783926731
forecast_4273,2025-06-28 01:00:00,8644.969035859513,7279.633142340549,5875.347711998452
forecast_4274,2025-06-28 02:00:00,10209.958486960773,8776.433176719474,6882.870875381267
forecast_4275,2025-06-28 03:00:00,10899.94594025912,9948.775492243796,7280.847668701624
forecast_4276,2025-06-28 04:00:00,11740.94556334617,10889.618661327439,7654.552234026144
forecast_4277,2025-06-28 05:00:00,11708.412097307915,10629.431256654065,7599.88918915103
forecast_4278,2025-06-28 06:00:00,10340.750527095022,9364.725025252437,5770.873948961077
forecast_4279,2025-06-28 07:00:00,9405.850637694397,8553.456072286046,5959.736035360549
forecast_4280,2025-06-28 08:00:00,7263.0991792639725,6142.731101604122,4098.971818834987
forecast_4281,2025-06-28 09:00:00,5618.179698309935,4713.094488232404,3741.4838619858465
forecast_4282,2025-06-28 10:00:00,5025.199416330886,4129.796845289713,3614.0750284654587
forecast_4283,2025-06-28 11:00:00,3696.4032900301213,3738.3668522278695,3428.931285848965
forecast_4284,2025-06-28 12:00:00,3491.4693658077867,3512.1456883614937,3369.0348131508736
forecast_4285,2025-06-28 13:00:00,3472.546255978471,3478.2380260708906,3364.137704624502
forecast_4286,2025-06-28 14:00:00,3492.3134070282113,3577.843100254599,3372.598543550806
forecast_4287,2025-06-28 15:00:00,3534.954796713142,3746.4717552625025,3404.883692713388
forecast_4288,2025-06-28 16:00:00,3559.474420492112,3756.379018734153,3407.458898150086
forecast_4289,2025-06-28 17:00:00,3396.847486955094,2322.943199229929,3457.574194950977
forecast_4290,2025-06-28 18:00:00,3735.314714311138,3885.863176304667,3517.4629239959536
forecast_4291,2025-06-28 19:00:00,3753.412948072496,3587.226436299726,3461.7263808179655
forecast_4292,2025-06-28 20:00:00,5859.627163722712,5375.821120350469,4881.966266875998
forecast_4293,2025-06-28 21:00:00,7372.540426894774,6831.796622315074,5450.112143112179
forecast_4294,2025-06-28 22:00:00,9183.59508310485,8351.627525592494,6473.621170623891
forecast_4295,2025-06-28 23:00:00,9185.036046155306,8692.550096716717,6278.032982154244
forecast_4296,2025-06-29 00:00:00,9704.460632371422,9190.6601087845,6377.5597974321845
forecast_4297,2025-06-29 01:00:00,10356.577688291682,9900.280263479468,6838.880057849433
forecast_4298,2025-06-29 02:00:00,11438.025132850977,11710.251430467477,8246.04077452052
forecast_4299,2025-06-29 03:00:00,13443.438415984365,12738.601825940492,9378.192350597075
forecast_4300,2025-06-29 04:00:00,13366.166823470263,13263.681550167923,10598.18749976279
forecast_4301,2025-06-29 05:00:00,13797.087693560017,13678.653473830534,10576.089397909062
forecast_4302,2025-06-29 06:00:00,13652.028355578766,13176.966254712708,9566.945827607515
forecast_4303,2025-06-29 07:00:00,11946.308038256755,12577.053113447084,8641.29191525477
forecast_4304,2025-06-29 08:00:00,11134.020120048877,12017.178132051047,7379.189692246861
forecast_4305,2025-06-29 09:00:00,8904.937245472054,10379.36357732744,5490.285102309012
forecast_4306,2025-06-29 10:00:00,6359.494634102817,6636.739528193322,4412.389529239484
forecast_4307,2025-06-29 11:00:00,3844.7894716036913,4289.62017504313,3506.610833834492
forecast_4308,2025-06-29 12:00:00,3650.676277698242,3338.708896014329,3158.6834439254476
forecast_4309,2025-06-29 13:00:00,3591.0073001214096,3044.926346164708,3200.9677895044792
forecast_4310,2025-06-29 14:00:00,3770.834083265325,3428.75963605597,3485.906460361723
forecast_4311,2025-06-29 15:00:00,3538.7222298154793,3159.534509401631,3689.184894753325
forecast_4312,2025-06-29 16:00:00,3657.5818752677887,3213.5168732019974,3567.2077270297927
forecast_4313,2025-06-29 17:00:00,4773.747068555711,3294.712773762936,3432.438854870648
forecast_4314,2025-06-29 18:00:00,5018.423364821023,3875.4332135423465,3290.8476461156843
forecast_4315,2025-06-29 19:00:00,5946.8121583923,4903.5600461779395,3935.960136555313
forecast_4316,2025-06-29 20:00:00,6909.098252334994,5514.065306203469,4730.248575812572
forecast_4317,2025-06-29 21:00:00,7579.484974983878,6582.226646078665,5253.7673168215415
forecast_4318,2025-06-29 22:00:00,9946.69029019055,8823.850542677214,6696.986731532174
forecast_4319,2025-06-29 23:00:00,10683.533858097482,9494.790655055276,6982.032629752916
forecast_4320,2025-06-30 00:00:00,10798.689315497611,9527.934893336362,7561.242343302589
forecast_4321,2025-06-30 01:00:00,10291.257086224758,9321.784238567578,6389.977326497854
forecast_4322,2025-06-30 02:00:00,11074.368476549173,10331.918932761973,6959.575779975249
forecast_4323,2025-06-30 03:00:00,11500.562316947402,10365.783956743757,7140.373901044195
forecast_4324,2025-06-30 04:00:00,12448.981218703773,10898.844890403443,7305.799159716234
forecast_4325,2025-06-30 05:00:00,11396.485665609474,10538.233913740723,7328.610075813624
forecast_4326,2025-06-30 06:00:00,11734.86861668188,10644.755933671042,6845.344891886894
forecast_4327,2025-06-30 07:00:00,10748.119001833438,9801.984659416266,5462.101156584639
forecast_4328,2025-06-30 08:00:00,9171.535427379324,9458.326933800774,4646.5746225067205
forecast_4329,2025-06-30 09:00:00,6902.5312812873,8201.235465478521,4386.831925563775
forecast_4330,2025-06-30 10:00:00,4155.83269570289,5429.533256211587,3395.668232072899
forecast_4331,2025-06-30 11:00:00,3854.576871437325,4297.449433615807,3749.3003633964754
forecast_4332,2025-06-30 12:00:00,3621.9085665940943,3758.231941825262,3579.897279179268
forecast_4333,2025-06-30 13:00:00,3681.6417555706003,3788.5176399333423,3433.775412320755
forecast_4334,2025-06-30 14:00:00,5054.8452165421995,4717.428177902552,3617.498725933497
forecast_4335,2025-06-30 15:00:00,5681.878299089572,5135.819056062736,4129.3912736447855
forecast_4336,2025-06-30 16:00:00,6661.159523940308,5771.045672527387,4784.571116177886
forecast_4337,2025-06-30 17:00:00,6344.898166332724,6404.359349063596,5022.609032170573
forecast_4338,2025-06-30 18:00:00,7623.177730701856,7356.4680524585265,6342.293123058847
forecast_4339,2025-06-30 19:00:00,8204.017219656873,7690.250604477648,7195.459505743498
forecast_4340,2025-06-30 20:00:00,10057.872528321586,9531.517577268449,8602.023703946148
forecast_4341,2025-06-30 21:00:00,11308.764893369082,10964.868678098388,9732.667643870314
forecast_4342,2025-06-30 22:00:00,12548.986705265404,11786.08880344449,10087.43644057312
forecast_4343,2025-06-30 23:00:00,12342.239748587972,12056.184232783295,10398.747675227276
forecast_4344,2025-07-01 00:00:00,12147.745398198082,11742.436581633181,9761.95031350373
forecast_4345,2025-07-01 01:00:00,12654.805828834187,12080.429542582067,9499.6527265664
forecast_4346,2025-07-01 02:00:00,11964.35121975477,11823.802955374673,9428.850172148283
forecast_4347,2025-07-01 03:00:00,13046.120020197393,12188.237542851544,9628.11233244563
forecast_4348,2025-07-01 04:00:00,12768.176637145349,12246.794733459843,9671.903128028627
forecast_4349,2025-07-01 05:00:00,12556.165025212911,12258.068714699379,9796.897847163813
forecast_4350,2025-07-01 06:00:00,12379.52912023807,11516.593459070085,8837.441508840038
forecast_4351,2025-07-01 07:00:00,11927.698465871783,10815.350956752864,7568.436097232429
forecast_4352,2025-07-01 08:00:00,11533.187646221946,10764.299305095199,6899.252892930023
forecast_4353,2025-07-01 09:00:00,8868.125266286335,9229.553448176477,6064.386046176974
forecast_4354,2025-07-01 10:00:00,7641.791597693433,7480.063160724637,5500.947620427854
forecast_4355,2025-07-01 11:00:00,7193.1287163238985,6614.6326876917,5495.075781576947
forecast_4356,2025-07-01 12:00:00,7247.693505517009,6547.050642748915,5424.49154662436
forecast_4357,2025-07-01 13:00:00,7049.828371106342,6436.647642214464,5911.38700871461
forecast_4358,2025-07-01 14:00:00,6635.9115948217095,6228.23675772339,5752.892558863536
forecast_4359,2025-07-01 15:00:00,5972.86691307273,5589.429757544743,5026.149258129326
forecast_4360,2025-07-01 16:00:00,6127.742101546284,5379.6212694082615,4994.365256929325
forecast_4361,2025-07-01 17:00:00,6050.387866241984,5482.2907145863755,4983.042130761105
forecast_4362,2025-07-01 18:00:00,5987.8315234754555,5915.86099072836,5545.798411206577
forecast_4363,2025-07-01 19:00:00,8079.275850776032,8674.701613904379,7473.26016397534
forecast_4364,2025-07-01 20:00:00,9210.582637608324,9361.258775383301,8871.474906531565
forecast_4365,2025-07-01 21:00:00,11180.610480877065,11238.040386864726,9698.021916362155
forecast_4366,2025-07-01 22:00:00,12500.616152264847,12255.194760365488,10358.422376068278
forecast_4367,2025-07-01 23:00:00,13959.58248840244,13562.750901282858,11900.596093711601
forecast_4368,2025-07-02 00:00:00,13783.244622756138,13543.463018716899,12892.686853657984
forecast_4369,2025-07-02 01:00:00,15167.974540138053,15120.19211516072,13746.355950657859
forecast_4370,2025-07-02 02:00:00,16341.688601160242,15669.195308737197,15237.374705154441
forecast_4371,2025-07-02 03:00:00,16850.39996746578,15905.937501217286,15294.430936957015
forecast_4372,2025-07-02 04:00:00,16564.464646918008,15952.465171429276,15121.777849675878
forecast_4373,2025-07-02 05:00:00,16784.027083499626,16109.389424009767,16432.48042966567
forecast_4374,2025-07-02 06:00:00,17024.55307385296,15549.487707346783,15204.77376663977
forecast_4375,2025-07-02 07:00:00,17044.140549083346,15154.568301757421,13258.95203695134
forecast_4376,2025-07-02 08:00:00,15845.561803064533,14655.690960343638,13201.893217883115
forecast_4377,2025-07-02 09:00:00,14409.913562917971,12730.459656321687,9944.71297043503
forecast_4378,2025-07-02 10:00:00,10568.469722444148,10718.440409104554,7435.304530156929
forecast_4379,2025-07-02 11:00:00,8299.018400000718,9262.228305319593,5299.806709000252
forecast_4380,2025-07-02 12:00:00,7839.537338117526,7559.082718936398,5688.796552283248
forecast_4381,2025-07-02 13:00:00,7063.148696681292,6492.770177602524,5193.473411119259
forecast_4382,2025-07-02 14:00:00,6694.34188600898,6103.248281875755,4696.150080114354
forecast_4383,2025-07-02 15:00:00,6037.492889771728,5964.341715644758,4042.6149217484226
forecast_4384,2025-07-02 16:00:00,5217.246946751088,4825.187138220415,3527.0900856415583
forecast_4385,2025-07-02 17:00:00,4931.825642617282,4730.35767850684,3683.869535718755
forecast_4386,2025-07-02 18:00:00,5025.9855757430105,4716.154504460272,3738.309537733884
forecast_4387,2025-07-02 19:00:00,3960.3464006096447,4709.509418792508,4008.175848320762
forecast_4388,2025-07-02 20:00:00,6137.094026810902,6177.418122319204,4905.429133804556
forecast_4389,2025-07-02 21:00:00,6999.368866751392,7804.7530393702955,5666.412493212187
forecast_4390,2025-07-02 22:00:00,9033.291316232484,9304.29183804793,6651.368419818327
forecast_4391,2025-07-02 23:00:00,9568.586578022809,9896.523794104789,7926.876635418986
forecast_4392,2025-07-03 00:00:00,10227.269968199236,10687.071021189904,8699.942492029324
forecast_4393,2025-07-03 01:00:00,12331.684640698562,12213.63639056021,9861.45162463348
forecast_4394,2025-07-03 02:00:00,13344.135087572615,13979.382501597218,11018.63543690857
forecast_4395,2025-07-03 03:00:00,14263.579617598965,14470.601193349095,11968.94316428572
forecast_4396,2025-07-03 04:00:00,14916.80256801907,14849.333761675729,12490.23041604807
forecast_4397,2025-07-03 05:00:00,15217.293616914149,14740.570507962033,13712.079135617481
forecast_4398,2025-07-03 06:00:00,14026.06370964734,14172.598659001207,12507.815443333608
forecast_4399,2025-07-03 07:00:00,12900.362637762084,12926.914225723389,10753.551523222068
forecast_4400,2025-07-03 08:00:00,12909.830352042147,13415.749331622004,11135.664505312327
forecast_4401,2025-07-03 09:00:00,12350.942825166605,13297.65630201374,11577.732318093422
forecast_4402,2025-07-03 10:00:00,9893.38875330981,10318.201111097631,10835.686776359085
forecast_4403,2025-07-03 11:00:00,8995.716543242088,7927.118607362978,8736.389793309596
forecast_4404,2025-07-03 12:00:00,8137.347088429455,7007.013328907524,7388.515754219329
forecast_4405,2025-07-03 13:00:00,7986.224510945949,6958.508456559047,7267.251689336443
forecast_4406,2025-07-03 14:00:00,8482.257438050263,7610.006984575207,8879.681457329203
forecast_4407,2025-07-03 15:00:00,9181.557264578641,8130.951718941073,9679.581761800438
forecast_4408,2025-07-03 16:00:00,9616.251122336002,8269.264746148958,10020.496297314707
forecast_4409,2025-07-03 17:00:00,9659.133996569863,8948.24650729727,10338.855735683665
forecast_4410,2025-07-03 18:00:00,11217.776432288529,10309.702646525117,11354.015566181562
forecast_4411,2025-07-03 19:00:00,12465.588202636969,10998.629643232236,12623.789915817919
forecast_4412,2025-07-03 20:00:00,12759.787473960672,12136.962414594447,13958.229219388824
forecast_4413,2025-07-03 21:00:00,13396.442955551485,13617.256191927998,14477.060818181111
forecast_4414,2025-07-03 22:00:00,13933.11740999227,14502.259603082452,13793.944194839985
forecast_4415,2025-07-03 23:00:00,14913.107888026367,15425.561468106525,15041.50148058383
forecast_4416,2025-07-04 00:00:00,16329.675937142296,15778.644962085664,16539.583909984005
forecast_4417,2025-07-04 01:00:00,16052.408346962655,16132.802361504762,16289.538718520253
forecast_4418,2025-07-04 02:00:00,16807.226896102282,16385.09183645854,16901.75740495721
forecast_4419,2025-07-04 03:00:00,16725.168838564274,16504.02512755454,17641.979962713336
forecast_4420,2025-07-04 04:00:00,17029.667418279783,16456.665576612755,17956.10672912037
forecast_4421,2025-07-04 05:00:00,17060.08032907156,16528.834306405904,18185.498224600557
forecast_4422,2025-07-04 06:00:00,16922.75587525141,16427.1284201499,17602.096328932712
forecast_4423,2025-07-04 07:00:00,16672.702472239245,16729.2173713504,17795.57262539428
forecast_4424,2025-07-04 08:00:00,16516.686297195032,16424.168035637435,18042.49341188399
forecast_4425,2025-07-04 09:00:00,16299.101838939841,16092.504163714282,17896.336168231737
forecast_4426,2025-07-04 10:00:00,15915.927438035009,16104.181759663907,15404.91948889522
forecast_4427,2025-07-04 11:00:00,15871.480061656292,15980.685427539021,16843.425735615892
forecast_4428,2025-07-04 12:00:00,15712.332451175342,15408.30762473222,16017.539051275977
forecast_4429,2025-07-04 13:00:00,15636.149089983965,15394.96017785575,16431.570370615787
forecast_4430,2025-07-04 14:00:00,15446.246501396301,15509.576908259969,17489.57686899092
forecast_4431,2025-07-04 15:00:00,15408.379554043786,15590.646593703095,17076.02535822358
forecast_4432,2025-07-04 16:00:00,15176.82421252792,15522.273832638788,17241.133823111075
forecast_4433,2025-07-04 17:00:00,15025.028081698782,15659.494235204245,17547.204551177903
forecast_4434,2025-07-04 18:00:00,15061.695685528503,15574.59532526378,17392.764391835703
forecast_4435,2025-07-04 19:00:00,14920.866491369834,15286.917853854242,18066.427653289156
forecast_4436,2025-07-04 20:00:00,14924.761794267806,15134.76169510978,18414.59705246246
forecast_4437,2025-07-04 21:00:00,15510.539586047653,16337.9452872833,18676.842389995683
forecast_4438,2025-07-04 22:00:00,15776.06127966238,16353.52914987805,18499.954975048
forecast_4439,2025-07-04 23:00:00,16107.395417862834,16705.530444656077,18466.472470504334
forecast_4440,2025-07-05 00:00:00,15931.97238852472,16677.008719215133,18594.78014467633
forecast_4441,2025-07-05 01:00:00,15447.958807068826,15631.057090639448,18041.819852317356
forecast_4442,2025-07-05 02:00:00,15414.34213135681,15439.516639650057,17632.21332214732
forecast_4443,2025-07-05 03:00:00,15701.128982130978,15579.08773153528,17646.00468477291
forecast_4444,2025-07-05 04:00:00,15722.137522725532,15865.328333105694,17620.96858026574
forecast_4445,2025-07-05 05:00:00,15956.623950857402,16048.935292722288,17652.73645443841
forecast_4446,2025-07-05 06:00:00,15749.199397456849,15453.403169690411,16622.415362427797
forecast_4447,2025-07-05 07:00:00,15287.560016677033,15078.602013928921,16633.65501300376
forecast_4448,2025-07-05 08:00:00,15617.968635012669,14968.102170866981,15361.263412868191
forecast_4449,2025-07-05 09:00:00,14700.279000905253,14696.934682392242,13323.263440984723
forecast_4450,2025-07-05 10:00:00,13957.54751538256,13569.792090032533,12846.549275463796
forecast_4451,2025-07-05 11:00:00,13092.921399229053,13042.300438218044,10249.952808866556
forecast_4452,2025-07-05 12:00:00,13041.524456733545,11989.066804204926,8692.671930213455
forecast_4453,2025-07-05 13:00:00,13033.20413126081,11970.586742804464,9493.901215890075
forecast_4454,2025-07-05 14:00:00,12959.580135945915,11661.021186310594,11268.257899899212
forecast_4455,2025-07-05 15:00:00,12845.104963358912,11252.006107468358,12380.288532491302
forecast_4456,2025-07-05 16:00:00,12770.954618649452,11094.469647809865,12606.971178250471
forecast_4457,2025-07-05 17:00:00,12519.078069255007,10759.609018521083,12819.709529970978
forecast_4458,2025-07-05 18:00:00,12618.331744627205,11135.81625247272,12887.13023929325
forecast_4459,2025-07-05 19:00:00,13594.940366923336,12196.874857436069,14606.385422561283
forecast_4460,2025-07-05 20:00:00,13899.965789536129,13448.50837131752,16829.295229034095
forecast_4461,2025-07-05 21:00:00,14975.473163064216,15005.101755150228,17867.13888291265
forecast_4462,2025-07-05 22:00:00,16001.66532347042,15553.23213107671,17848.548619147412
forecast_4463,2025-07-05 23:00:00,16275.816965686032,15751.593020871109,17580.960016690296
forecast_4464,2025-07-06 00:00:00,16840.66505324668,15693.858159391539,17701.110933805252
forecast_4465,2025-07-06 01:00:00,16901.783180767572,15667.840558516076,17694.12607823887
forecast_4466,2025-07-06 02:00:00,17240.8562941617,16015.266698971314,17644.75792250034
forecast_4467,2025-07-06 03:00:00,17409.50360142583,16377.583628123966,17721.36051753658
forecast_4468,2025-07-06 04:00:00,17616.779538325947,16288.998128037792,17948.66909194749
forecast_4469,2025-07-06 05:00:00,17364.04069590319,16695.866638033003,17561.551871664607
forecast_4470,2025-07-06 06:00:00,16832.538395932697,15771.565774054068,17798.18346084862
forecast_4471,2025-07-06 07:00:00,16676.65053553145,15852.466416379582,17235.28249946107
forecast_4472,2025-07-06 08:00:00,15586.819257942743,15153.996652283302,14939.564998957547
forecast_4473,2025-07-06 09:00:00,14259.244586851804,13920.383819208102,13395.96170515962
forecast_4474,2025-07-06 10:00:00,11448.947360943974,11821.115745901452,10203.702308426246
forecast_4475,2025-07-06 11:00:00,9359.798501936675,10086.392838559672,6899.670490434335
forecast_4476,2025-07-06 12:00:00,7469.7982500885155,7410.978942888897,5394.410662804846
forecast_4477,2025-07-06 13:00:00,6664.551497822699,6001.84678130266,4245.419034941464
forecast_4478,2025-07-06 14:00:00,5381.032677639597,4696.789972187848,3658.648446236858
forecast_4479,2025-07-06 15:00:00,4875.915911635665,4263.754150277065,3915.213517571861
forecast_4480,2025-07-06 16:00:00,5089.023351233783,4045.349849586144,4230.772242891186
forecast_4481,2025-07-06 17:00:00,5434.831315269229,4708.722865890107,4953.422310792313
forecast_4482,2025-07-06 18:00:00,6093.548074871563,4869.035533395467,5339.829618099614
forecast_4483,2025-07-06 19:00:00,7196.154400878689,5367.440922331744,6061.8870374955395
forecast_4484,2025-07-06 20:00:00,9461.817081629393,6730.89818740219,7759.788464386874
forecast_4485,2025-07-06 21:00:00,10716.018563813139,9372.074090390483,8809.440600863229
forecast_4486,2025-07-06 22:00:00,12001.89114427217,11084.686940467576,9408.302567653203
forecast_4487,2025-07-06 23:00:00,11728.532933947969,10135.293953406088,8476.739836758423
forecast_4488,2025-07-07 00:00:00,11304.10622377414,9839.688229630248,8507.384620701205
forecast_4489,2025-07-07 01:00:00,10473.999637840241,8708.8397189423,7892.8847097601365
forecast_4490,2025-07-07 02:00:00,10465.937321198797,8938.957874553425,7580.114644784275
forecast_4491,2025-07-07 03:00:00,9696.327644352954,8555.381388674095,6810.595981057551
forecast_4492,2025-07-07 04:00:00,7383.700747497446,7099.505757236495,5006.24766804556
forecast_4493,2025-07-07 05:00:00,5586.758627737438,4350.87316628236,3883.314544468652
forecast_4494,2025-07-07 06:00:00,3844.580268608591,3721.866288744923,3517.101590054946
forecast_4495,2025-07-07 07:00:00,3647.3975237427326,3727.637317941806,3404.599667082907
forecast_4496,2025-07-07 08:00:00,3626.6939371990716,3595.6801100922635,3372.43905420413
forecast_4497,2025-07-07 09:00:00,3477.0512748026313,3489.8100360195003,3361.6933526591893
forecast_4498,2025-07-07 10:00:00,3459.453197591823,3464.8711348360052,3360.797009879508
forecast_4499,2025-07-07 11:00:00,3457.1141222370998,3458.20387928362,3360.3295966563
forecast_4500,2025-07-07 12:00:00,3456.613198527604,3457.0080051775603,3360.537939673939
forecast_4501,2025-07-07 13:00:00,3456.944757793663,3459.619398209919,3361.8947208757554
forecast_4502,2025-07-07 14:00:00,3457.193407952873,3459.0689565575944,3361.8371473943976
forecast_4503,2025-07-07 15:00:00,3457.447965788962,3460.744648338287,3360.6580695380453
forecast_4504,2025-07-07 16:00:00,3457.424981311232,3458.867975742339,3361.3879403897863
forecast_4505,2025-07-07 17:00:00,3456.902708065279,3459.023576699626,3360.409720027308
forecast_4506,2025-07-07 18:00:00,3456.9210744888096,3458.527407965524,3360.272393058141
forecast_4507,2025-07-07 19:00:00,3457.961918339595,3458.6490108423145,3361.1058051887326
forecast_4508,2025-07-07 20:00:00,3461.592144173518,3466.314985016015,3360.2693656624324
forecast_4509,2025-07-07 21:00:00,3465.9159001696203,3472.1826870477853,3360.170254962113
forecast_4510,2025-07-07 22:00:00,3462.519871506261,3460.9909821662686,3360.184163419518
forecast_4511,2025-07-07 23:00:00,3461.493511713454,3464.6634663035,3360.139783922488
forecast_4512,2025-07-08 00:00:00,3459.42468050581,3461.692289780681,3360.1371132812524
forecast_4513,2025-07-08 01:00:00,3459.7903000136257,3460.2838605955376,3360.450571814565
forecast_4514,2025-07-08 02:00:00,3461.9208594263528,3467.681009867901,3360.535269465002
forecast_4515,2025-07-08 03:00:00,3462.749568388555,3471.796839055572,3360.379509368888
forecast_4516,2025-07-08 04:00:00,3465.4750908982896,3475.6698915906804,3360.4715272370295
forecast_4517,2025-07-08 05:00:00,3464.647126784906,3473.04737829679,3360.77540204661
forecast_4518,2025-07-08 06:00:00,3460.215572130785,3461.38467960695,3361.0156107407324
forecast_4519,2025-07-08 07:00:00,3460.6159651981684,3459.9738991655004,3360.199514741801
forecast_4520,2025-07-08 08:00:00,3461.8728856040193,3463.6953067634536,3360.129995942813
forecast_4521,2025-07-08 09:00:00,3458.7019258626297,3461.741090321268,3360.093054253309
forecast_4522,2025-07-08 10:00:00,3457.1648534933925,3456.6947153237065,3360.1309229971557
forecast_4523,2025-07-08 11:00:00,3458.041884412003,3458.1221205625634,3360.212286876432
forecast_4524,2025-07-08 12:00:00,3457.2181295939145,3459.1450667294566,3360.3096406414293
forecast_4525,2025-07-08 13:00:00,3457.2338646442836,3457.7980846984033,3361.698075235693
forecast_4526,2025-07-08 14:00:00,3456.88826232723,3457.37720904037,3360.87102385716
forecast_4527,2025-07-08 15:00:00,3457.3777942809734,3458.356800833326,3360.7420544406727
forecast_4528,2025-07-08 16:00:00,3456.7440263698077,3457.2557932276027,3360.522607512704
forecast_4529,2025-07-08 17:00:00,3456.950027158566,3458.530606214657,3360.570338549697
forecast_4530,2025-07-08 18:00:00,3457.3943288318487,3458.4141383056776,3360.351886807843
forecast_4531,2025-07-08 19:00:00,3460.1891049318233,3459.8255040971767,3361.0703662556552
forecast_4532,2025-07-08 20:00:00,3465.4851138222893,3469.4159381621566,3361.5974072414683
forecast_4533,2025-07-08 21:00:00,3507.0034031043174,3559.688027832557,3363.2423731785434
forecast_4534,2025-07-08 22:00:00,3539.125010044434,3584.7507035053695,3362.539811270769
forecast_4535,2025-07-08 23:00:00,3581.09335033825,3637.1672290336537,3362.251243650129
forecast_4536,2025-07-09 00:00:00,3583.3399367506704,3613.7603562705162,3361.5845937532135
forecast_4537,2025-07-09 01:00:00,3552.1191984470297,3532.5127581640354,3360.773028205304
forecast_4538,2025-07-09 02:00:00,3543.1018389175442,3565.0002016720596,3361.004205508851
forecast_4539,2025-07-09 03:00:00,3559.7570324167605,3583.3778055052658,3360.5469958589447
forecast_4540,2025-07-09 04:00:00,3620.6601840268672,3608.9463034671758,3362.7411143487584
forecast_4541,2025-07-09 05:00:00,3697.624608535266,3687.414194107078,3363.9585403157953
forecast_4542,2025-07-09 06:00:00,3629.2864560108737,3672.8468659506057,3364.24218274207
forecast_4543,2025-07-09 07:00:00,3376.686352682647,2637.7460823204965,3373.572659911184
forecast_4544,2025-07-09 08:00:00,3600.6972386244056,3800.681789187594,3385.874230445783
forecast_4545,2025-07-09 09:00:00,3526.3228116837263,3685.5036773214224,3365.6287322619464
forecast_4546,2025-07-09 10:00:00,3474.4922932734535,3525.857028618386,3363.5252675900742
forecast_4547,2025-07-09 11:00:00,3472.7873449768285,3505.627896757484,3365.0288124127205
forecast_4548,2025-07-09 12:00:00,3467.763040411147,3500.081387448525,3362.7886800228034
forecast_4549,2025-07-09 13:00:00,3465.373204704668,3491.216143046239,3364.988976673459
forecast_4550,2025-07-09 14:00:00,3469.9606865797346,3501.191643212839,3369.7322606646662
forecast_4551,2025-07-09 15:00:00,3463.9738266360523,3479.0957641613163,3368.3458014604025
forecast_4552,2025-07-09 16:00:00,3459.48847224259,3467.5215645880603,3365.956063897644
forecast_4553,2025-07-09 17:00:00,3462.6225496339334,3470.7524009961676,3362.262985378263
forecast_4554,2025-07-09 18:00:00,3466.3948907325343,3476.9962058630545,3364.6761306490516
forecast_4555,2025-07-09 19:00:00,3473.7039509996853,3505.1444750370183,3369.574302505906
forecast_4556,2025-07-09 20:00:00,3522.3094986452747,3611.454689900272,3366.3537880866434
forecast_4557,2025-07-09 21:00:00,3595.0131042238236,2718.3152780120245,3366.5110569629082
forecast_4558,2025-07-09 22:00:00,4000.434285460476,3168.7577178837764,3367.276458564983
forecast_4559,2025-07-09 23:00:00,3924.7884226689316,3387.6454320359867,3390.6721926390833
forecast_4560,2025-07-10 00:00:00,4005.023674044837,3707.7371575392085,3379.865263702868
forecast_4561,2025-07-10 01:00:00,4049.9992864010947,4097.72205460819,3392.933515241974
forecast_4562,2025-07-10 02:00:00,4102.903031281832,4300.356534567987,3416.244459916527
forecast_4563,2025-07-10 03:00:00,4490.970626144189,4718.266155002654,3427.2903514405048
forecast_4564,2025-07-10 04:00:00,4538.101113253059,5340.351374142927,3471.251166690526
forecast_4565,2025-07-10 05:00:00,4993.226855410534,6131.530454669241,3628.4566234724543
forecast_4566,2025-07-10 06:00:00,5070.1292872554295,6080.377920224537,3725.724028377705
forecast_4567,2025-07-10 07:00:00,5055.167615832357,6246.188286016807,3631.7629001049977
forecast_4568,2025-07-10 08:00:00,5348.325266999044,6592.7662171304,3841.0994806408758
forecast_4569,2025-07-10 09:00:00,5283.4178261959205,5870.092941446864,4208.0138611585135
forecast_4570,2025-07-10 10:00:00,3859.0587229632206,3869.148581035302,4146.7553824116485
forecast_4571,2025-07-10 11:00:00,3972.112732185809,4506.914566606283,4228.956734456952
forecast_4572,2025-07-10 12:00:00,3866.9889641811556,4479.8303735119425,4099.917433693232
forecast_4573,2025-07-10 13:00:00,3762.190020873338,4354.398859692655,3827.36164748557
forecast_4574,2025-07-10 14:00:00,3585.6267586023837,3824.63227891741,3683.364884255238
forecast_4575,2025-07-10 15:00:00,3593.637310225398,3811.3047919989212,3677.184247833234
forecast_4576,2025-07-10 16:00:00,3556.3617779796036,3752.2225788408177,3715.295145632023
forecast_4577,2025-07-10 17:00:00,3739.527876865869,4390.97360213201,3390.667301332497
forecast_4578,2025-07-10 18:00:00,3934.925079909316,5251.961378764732,3744.810674344002
forecast_4579,2025-07-10 19:00:00,3979.8323750791565,5512.829433650158,3859.3254079181847
forecast_4580,2025-07-10 20:00:00,4137.443027099594,5588.783269338205,3740.876981726691
forecast_4581,2025-07-10 21:00:00,5994.869535674524,6875.952797109727,4141.833255031001
forecast_4582,2025-07-10 22:00:00,6667.938449426255,7557.281815766656,4545.282661294259
forecast_4583,2025-07-10 23:00:00,6895.754499315255,8198.069444588782,4127.2276463293165
forecast_4584,2025-07-11 00:00:00,7084.209129044901,7827.194239637099,4505.631748676283
forecast_4585,2025-07-11 01:00:00,7131.114079826491,8168.066833524201,4248.758289508577
forecast_4586,2025-07-11 02:00:00,6963.903566300635,7656.192223518789,4292.038691591106
forecast_4587,2025-07-11 03:00:00,7362.064867630258,8615.097682515907,4442.544488728924
forecast_4588,2025-07-11 04:00:00,7328.032935389521,9170.563608699678,4625.184796411013
forecast_4589,2025-07-11 05:00:00,7979.424010828828,10015.518623000176,4760.109534077653
forecast_4590,2025-07-11 06:00:00,7308.204492282225,9278.087876262904,4647.270582558905
forecast_4591,2025-07-11 07:00:00,7874.248549215991,9730.448432592757,5128.350511160821
forecast_4592,2025-07-11 08:00:00,7664.563878344401,8996.30770124208,5588.1586997819095
forecast_4593,2025-07-11 09:00:00,6951.840167574486,8332.57170222154,5578.37739077222
forecast_4594,2025-07-11 10:00:00,5962.743347505612,7378.120393709853,4857.821306306967
forecast_4595,2025-07-11 11:00:00,5571.576835534036,6018.824525418316,5061.9723298306835
forecast_4596,2025-07-11 12:00:00,4172.877374796516,5585.482982315756,5189.947058641511
forecast_4597,2025-07-11 13:00:00,3619.440885296365,3877.4320251207923,4740.185011683677
forecast_4598,2025-07-11 14:00:00,3608.6271032057884,3805.580512174795,4275.694166377013
forecast_4599,2025-07-11 15:00:00,3600.8488457565736,3818.3147925941603,4109.5748721879145
forecast_4600,2025-07-11 16:00:00,3536.7042017292033,3640.3123669574165,3737.4439557357823
forecast_4601,2025-07-11 17:00:00,3586.179610896439,3756.13460835488,3572.6812784992235
forecast_4602,2025-07-11 18:00:00,3858.2815299141475,5036.18101831489,3712.0485067197505
forecast_4603,2025-07-11 19:00:00,3966.2636642110406,5274.357460948623,3727.326368728573
forecast_4604,2025-07-11 20:00:00,4202.64847729953,5571.318517453994,3756.9179117427984
forecast_4605,2025-07-11 21:00:00,5941.32509590104,6250.6674396092985,3588.2084930687365
forecast_4606,2025-07-11 22:00:00,5979.256899776147,6602.573741431516,3544.8887294119872
forecast_4607,2025-07-11 23:00:00,6365.758617744232,7021.1512204695655,3552.886564227921
forecast_4608,2025-07-12 00:00:00,6012.66117459625,6539.286053741645,3533.9914182777616
forecast_4609,2025-07-12 01:00:00,6096.330977484308,5957.6415810425115,3729.7592281992283
forecast_4610,2025-07-12 02:00:00,5436.775606433578,5577.731009985924,3482.3878470518007
forecast_4611,2025-07-12 03:00:00,4581.100801676967,4859.049799252964,3469.578093641739
forecast_4612,2025-07-12 04:00:00,4331.734352675383,4583.8274416584645,3477.0749026844655
forecast_4613,2025-07-12 05:00:00,4209.405315374047,4262.471360473759,3473.8367062439934
forecast_4614,2025-07-12 06:00:00,4074.138506475537,3977.7232461336775,3403.266430969918
forecast_4615,2025-07-12 07:00:00,3857.993119456004,3616.1770178660313,3406.799717713922
forecast_4616,2025-07-12 08:00:00,3646.345994789779,3049.7836574186163,3395.9042966662023
forecast_4617,2025-07-12 09:00:00,3544.95645276787,3608.5535779028196,3389.8186699336125
forecast_4618,2025-07-12 10:00:00,3494.3169786170297,3506.0993869537447,3364.7560999388634
forecast_4619,2025-07-12 11:00:00,3467.871462890141,3465.76168853773,3361.7372024370725
forecast_4620,2025-07-12 12:00:00,3458.722507542204,3460.0508322741466,3360.800454297388
forecast_4621,2025-07-12 13:00:00,3458.138984756346,3460.267113478391,3360.67327238121
forecast_4622,2025-07-12 14:00:00,3457.9795291881383,3459.205924726194,3360.871722014933
forecast_4623,2025-07-12 15:00:00,3458.039336287062,3458.0218940356654,3360.252058505388
forecast_4624,2025-07-12 16:00:00,3457.619730511823,3458.46260673382,3360.2879885415728
forecast_4625,2025-07-12 17:00:00,3456.6974564099505,3456.5361274526454,3360.2630437046355
forecast_4626,2025-07-12 18:00:00,3461.262614762824,3459.8418849340947,3362.2617317288664
forecast_4627,2025-07-12 19:00:00,3465.183182483732,3463.9689301777685,3362.2987576957453
forecast_4628,2025-07-12 20:00:00,3473.3780283260444,3462.045937832019,3364.689406561423
forecast_4629,2025-07-12 21:00:00,3500.290297319886,3506.2893235810207,3392.3401252468143
forecast_4630,2025-07-12 22:00:00,3742.1801429836473,3752.3947849984947,3432.868421488493
forecast_4631,2025-07-12 23:00:00,3605.339530580153,3691.4238200916157,3453.916750651081
forecast_4632,2025-07-13 00:00:00,3694.1308739493693,3875.314936852406,3548.732048709046
forecast_4633,2025-07-13 01:00:00,3637.9038826851634,3720.328076644202,3474.2520937663053
forecast_4634,2025-07-13 02:00:00,3632.267720585698,3735.405481975444,3479.3623909979824
forecast_4635,2025-07-13 03:00:00,3771.3954263155506,3785.8933279081325,3390.362675813448
forecast_4636,2025-07-13 04:00:00,3610.8088216039796,3629.1276514152105,3373.6897096382995
forecast_4637,2025-07-13 05:00:00,3523.763621458407,3485.0516446494544,3372.7543554624926
forecast_4638,2025-07-13 06:00:00,3481.6866273514947,3464.691602924958,3363.1018884534105
forecast_4639,2025-07-13 07:00:00,3466.7701706869784,3460.752031342075,3362.5426358710774
forecast_4640,2025-07-13 08:00:00,3458.651689692932,3459.3069783641395,3361.2726664571587
forecast_4641,2025-07-13 09:00:00,3459.4321263192855,3459.7981300365964,3360.786849622986
forecast_4642,2025-07-13 10:00:00,3458.8359113834185,3460.677591393139,3360.909016548695
forecast_4643,2025-07-13 11:00:00,3467.5039644832827,3483.0748521093888,3360.886121539356
forecast_4644,2025-07-13 12:00:00,3478.792272448753,3487.4517643990775,3361.3567534314316
forecast_4645,2025-07-13 13:00:00,3496.4113518846057,3533.314003935235,3361.950926587454
forecast_4646,2025-07-13 14:00:00,3485.3098395463,3489.2310555096924,3362.21563421683
forecast_4647,2025-07-13 15:00:00,3495.6291532542464,3498.5080574394456,3372.607540016294
forecast_4648,2025-07-13 16:00:00,3486.9927768036073,3521.285112173609,3373.297420552271
forecast_4649,2025-07-13 17:00:00,3497.1093097018556,3536.7556616385887,3420.251775190328
forecast_4650,2025-07-13 18:00:00,3661.4104074379393,3663.189495064662,3503.4838872761284
forecast_4651,2025-07-13 19:00:00,3625.6445527259875,3704.756315095665,3476.409253497538
forecast_4652,2025-07-13 20:00:00,3652.4904642081187,3629.0484691814995,3433.9818300402803
forecast_4653,2025-07-13 21:00:00,3739.4732582738397,3715.0635962428046,3487.1059122897727
forecast_4654,2025-07-13 22:00:00,5315.314670279055,3293.228996803994,4321.895390353678
forecast_4655,2025-07-13 23:00:00,5587.389672888756,3747.301602597359,4574.895880975529
forecast_4656,2025-07-14 00:00:00,5549.339442793894,3805.990075842435,4466.84707903597
forecast_4657,2025-07-14 01:00:00,3984.183054250075,4711.79605492691,5037.564366465058
forecast_4658,2025-07-14 02:00:00,4671.844923018303,4160.909897504765,4074.4069480308012
forecast_4659,2025-07-14 03:00:00,6700.379617034346,5724.433279777426,4964.660864688069
forecast_4660,2025-07-14 04:00:00,5345.408962465148,4906.3896850928995,4318.402562053971
forecast_4661,2025-07-14 05:00:00,5202.967171098563,4935.972166611971,3447.052391283286
forecast_4662,2025-07-14 06:00:00,4829.608744368085,4974.630772030676,3144.7400017798504
forecast_4663,2025-07-14 07:00:00,5042.730060591997,5133.67986246369,3994.8955546485267
forecast_4664,2025-07-14 08:00:00,4839.9554333103115,5092.746467888305,3717.0149308171576
forecast_4665,2025-07-14 09:00:00,4941.11533567607,5112.827584244568,4600.385967726593
forecast_4666,2025-07-14 10:00:00,4613.585279502673,4843.304323623658,3713.7148917816326
forecast_4667,2025-07-14 11:00:00,4892.300540965161,5048.083473761119,4226.661563314147
forecast_4668,2025-07-14 12:00:00,5059.385043261765,4992.207466791238,3769.040207629966
forecast_4669,2025-07-14 13:00:00,5272.822201685953,5183.396449001917,4143.9556522167695
forecast_4670,2025-07-14 14:00:00,5345.131326329723,5121.23691166768,3739.074867161638
forecast_4671,2025-07-14 15:00:00,5305.419412476398,4865.967165369557,4638.106605790076
forecast_4672,2025-07-14 16:00:00,5408.540493649279,5050.475487607554,5166.927152544993
forecast_4673,2025-07-14 17:00:00,5401.889121637231,5042.018649881492,4778.573907993335
forecast_4674,2025-07-14 18:00:00,5404.7379035087015,4994.842741439695,4755.058333570216
forecast_4675,2025-07-14 19:00:00,5544.706663853434,5574.605462957396,4860.615489263381
forecast_4676,2025-07-14 20:00:00,6140.889109902851,6214.861601588758,4793.019077174502
forecast_4677,2025-07-14 21:00:00,6568.210475052169,7818.849159561714,4848.597365353515
forecast_4678,2025-07-14 22:00:00,6601.082477743997,7998.786665830516,4796.832722849078
forecast_4679,2025-07-14 23:00:00,6561.58047837843,8230.904969565567,5662.122238620709
forecast_4680,2025-07-15 00:00:00,7069.417111224094,8454.436163105165,5945.394977347333
forecast_4681,2025-07-15 01:00:00,9720.842054449862,9572.716366496665,8420.294747666774
forecast_4682,2025-07-15 02:00:00,10134.431471050177,10017.720902922805,8881.626470436579
forecast_4683,2025-07-15 03:00:00,9652.516787468945,9141.510857624822,9021.838719817308
forecast_4684,2025-07-15 04:00:00,10488.971880129791,9585.580478315778,9105.392191709418
forecast_4685,2025-07-15 05:00:00,10978.43810376811,9537.968138746926,8694.95202643506
forecast_4686,2025-07-15 06:00:00,10920.76886025258,9996.54441239266,7690.082774057635
forecast_4687,2025-07-15 07:00:00,10072.029100083695,8149.167532623307,6645.905216781003
forecast_4688,2025-07-15 08:00:00,8648.245877875592,7284.44000428878,6453.816946231585
forecast_4689,2025-07-15 09:00:00,7780.96092219512,6965.218956009781,6068.0341654044405
forecast_4690,2025-07-15 10:00:00,6352.603336269073,5379.881528000023,4737.165374923315
forecast_4691,2025-07-15 11:00:00,5756.794330089195,5110.794148159463,4407.829045481724
forecast_4692,2025-07-15 12:00:00,5562.759762340964,4398.810847279104,3950.7501315124623
forecast_4693,2025-07-15 13:00:00,5319.073678300321,3642.2658675693965,3621.748314550897
forecast_4694,2025-07-15 14:00:00,5365.258798770216,3805.958781964629,3740.322738597796
forecast_4695,2025-07-15 15:00:00,5985.636186029561,4356.667498549752,4447.098503813879
forecast_4696,2025-07-15 16:00:00,5739.378516427204,4026.5510042554356,3865.5520295289493
forecast_4697,2025-07-15 17:00:00,5097.044425107589,3416.0445823612235,3688.8930618112895
forecast_4698,2025-07-15 18:00:00,5260.631781160904,3932.273009802841,3964.6548085061927
forecast_4699,2025-07-15 19:00:00,4900.721865375416,3498.5183074094043,3553.8918416895176
forecast_4700,2025-07-15 20:00:00,5535.062016635211,5009.948025630002,3547.8114817698774
forecast_4701,2025-07-15 21:00:00,6771.503032296957,6240.5948187737795,3731.5241868617927
forecast_4702,2025-07-15 22:00:00,7747.613261543074,7652.619787953942,5071.421642066281
forecast_4703,2025-07-15 23:00:00,8118.878523562852,8466.107394079005,5510.856900603279
forecast_4704,2025-07-16 00:00:00,9543.948999685172,8991.38026545608,6093.437905173118
forecast_4705,2025-07-16 01:00:00,11902.224979545303,12522.767865064747,8772.653536233029
forecast_4706,2025-07-16 02:00:00,12626.516729889132,14536.328499359257,10449.248155500947
forecast_4707,2025-07-16 03:00:00,12846.472194704063,15084.052910589506,12229.847316329096
forecast_4708,2025-07-16 04:00:00,13152.435145223099,15114.908533184851,13268.477287853832
forecast_4709,2025-07-16 05:00:00,12605.639391604602,14643.397132057446,14064.349667719718
forecast_4710,2025-07-16 06:00:00,12816.83094967392,13891.513546181191,12815.55426026872
forecast_4711,2025-07-16 07:00:00,12008.344494107183,12915.37256310365,11055.406194204616
forecast_4712,2025-07-16 08:00:00,11282.694827831016,12051.79536985972,9155.894449506139
forecast_4713,2025-07-16 09:00:00,10092.06619697098,9953.551665807483,8005.095152472556
forecast_4714,2025-07-16 10:00:00,9508.06474076669,8327.38064985585,7080.966271242765
forecast_4715,2025-07-16 11:00:00,7133.556794468738,5841.97115690437,6707.852608516552
forecast_4716,2025-07-16 12:00:00,6018.8133181281955,4799.596169208185,5826.128193639015
forecast_4717,2025-07-16 13:00:00,6222.592959522095,4891.357957177336,5393.850668338293
forecast_4718,2025-07-16 14:00:00,3862.7758589329987,3947.3878822977013,3926.1483483588067
forecast_4719,2025-07-16 15:00:00,3671.925183039729,3473.4765549585104,3612.744679506725
forecast_4720,2025-07-16 16:00:00,5442.305614938397,3965.4732370012925,3638.694149611272
forecast_4721,2025-07-16 17:00:00,5395.420690788035,4100.082610884588,4619.411352293106
forecast_4722,2025-07-16 18:00:00,3941.329521823911,4380.311765325965,4784.3496893798965
forecast_4723,2025-07-16 19:00:00,6474.963601269214,5749.217810473536,5461.942716452413
forecast_4724,2025-07-16 20:00:00,6486.293319681171,6107.84464846431,5171.782650188193
forecast_4725,2025-07-16 21:00:00,7588.666007018617,7776.280704395976,3728.892376540359
forecast_4726,2025-07-16 22:00:00,10104.648442310887,9279.859265769646,6807.709942648195
forecast_4727,2025-07-16 23:00:00,11088.45615797744,11962.801799921086,8993.080138041434
forecast_4728,2025-07-17 00:00:00,12032.878871632412,12600.817333584477,10582.135550218714
forecast_4729,2025-07-17 01:00:00,12375.84881505115,13216.23177421514,12018.689111534806
forecast_4730,2025-07-17 02:00:00,12833.086843775116,14456.578745356668,12169.374288159443
forecast_4731,2025-07-17 03:00:00,13454.137761421276,14057.912244747084,12182.250000280083
forecast_4732,2025-07-17 04:00:00,13719.00563135103,13705.123735941,12213.028909230263
forecast_4733,2025-07-17 05:00:00,13252.83058733848,14078.297089517231,12547.758631565293
forecast_4734,2025-07-17 06:00:00,12652.484539551897,14173.65847832369,12817.467542045964
forecast_4735,2025-07-17 07:00:00,13618.922776218313,14414.982144502248,13585.360589533298
forecast_4736,2025-07-17 08:00:00,12985.699701407206,13757.86901989209,13792.200681601493
forecast_4737,2025-07-17 09:00:00,13336.507289870182,14143.14968750761,13970.010380324255
forecast_4738,2025-07-17 10:00:00,13071.68540494183,13992.170458415882,14615.461786789294
forecast_4739,2025-07-17 11:00:00,11852.291192209676,13669.808350819032,13666.937227651897
forecast_4740,2025-07-17 12:00:00,11615.348379451394,12600.988996858649,11635.750680278077
forecast_4741,2025-07-17 13:00:00,11394.138388454008,12545.356352747905,11361.104798695746
forecast_4742,2025-07-17 14:00:00,11234.390823856398,12062.745598551039,9736.298640871202
forecast_4743,2025-07-17 15:00:00,10864.888458098876,10956.085450134391,8485.268376676231
forecast_4744,2025-07-17 16:00:00,9925.514413157174,9945.098927040362,7094.855363460557
forecast_4745,2025-07-17 17:00:00,9767.378868810989,10151.838714156962,6812.707954940769
forecast_4746,2025-07-17 18:00:00,9985.928463546026,10129.055971282978,6951.852838185922
forecast_4747,2025-07-17 19:00:00,9105.13342784423,9644.014456248586,7105.280388403163
forecast_4748,2025-07-17 20:00:00,9241.854239814196,9966.290817752368,6715.541634945276
forecast_4749,2025-07-17 21:00:00,10578.427076703985,11305.592288197911,7381.306555541092
forecast_4750,2025-07-17 22:00:00,9636.543657083981,9440.958249014757,6537.665299654496
forecast_4751,2025-07-17 23:00:00,10965.462866832257,11429.640333890962,7837.294606260545
forecast_4752,2025-07-18 00:00:00,11399.541914879801,12047.794117784091,8569.388200240717
forecast_4753,2025-07-18 01:00:00,12813.793205910395,13477.275236090489,10839.178580495396
forecast_4754,2025-07-18 02:00:00,11624.216330620186,12212.42851060701,9407.459340991267
forecast_4755,2025-07-18 03:00:00,12249.776017369168,12940.399885416633,10358.049121524879
forecast_4756,2025-07-18 04:00:00,11808.320894937744,12042.77654897841,9872.284026974025
forecast_4757,2025-07-18 05:00:00,12039.189399007557,12620.563405914865,10523.521351713129
forecast_4758,2025-07-18 06:00:00,11221.615913844793,11601.351520582557,8584.004976807431
forecast_4759,2025-07-18 07:00:00,11048.659690688035,11627.266862549403,8234.623055658325
forecast_4760,2025-07-18 08:00:00,10838.73705446421,10513.25189850554,7817.2165985195015
forecast_4761,2025-07-18 09:00:00,10448.547930881861,11037.639298704136,8101.910667782675
forecast_4762,2025-07-18 10:00:00,7563.285249829393,8106.426631242579,6254.3935303137205
forecast_4763,2025-07-18 11:00:00,5436.554092517692,5023.624995634211,4950.1158569204945
forecast_4764,2025-07-18 12:00:00,3746.679642684013,3567.516700158661,3493.115581173867
forecast_4765,2025-07-18 13:00:00,3620.5326651003115,2787.7753400629263,3428.9374427489965
forecast_4766,2025-07-18 14:00:00,3679.251734616464,3348.6345025601267,3689.873218001005
forecast_4767,2025-07-18 15:00:00,5125.738026864003,4068.39386538338,4281.908462990487
forecast_4768,2025-07-18 16:00:00,4607.603791183207,3849.026368930133,3664.1478618475417
forecast_4769,2025-07-18 17:00:00,3801.7593098892303,3848.2178767347405,3753.536398496375
forecast_4770,2025-07-18 18:00:00,5549.195538968492,3863.5632638104676,5957.665391865986
forecast_4771,2025-07-18 19:00:00,6905.528337673065,6025.225871902784,5306.524888554698
forecast_4772,2025-07-18 20:00:00,4384.242741660377,6469.932133111735,5470.520194665387
forecast_4773,2025-07-18 21:00:00,8644.472888267328,9408.278312081296,6059.8915331891085
forecast_4774,2025-07-18 22:00:00,9169.224768997223,9897.216873912692,6751.053349874843
forecast_4775,2025-07-18 23:00:00,8890.748229313987,9545.939870330603,6833.10375151645
forecast_4776,2025-07-19 00:00:00,9599.95275740028,9973.956420987048,7598.730203073513
forecast_4777,2025-07-19 01:00:00,8301.670671082413,8875.067274798137,6449.733491107744
forecast_4778,2025-07-19 02:00:00,6923.1929911235975,7064.284965235354,5839.883754459314
forecast_4779,2025-07-19 03:00:00,4171.140314856444,5575.48375185985,5071.088418756626
forecast_4780,2025-07-19 04:00:00,6556.568537427069,5661.209222830917,5202.482970637749
forecast_4781,2025-07-19 05:00:00,6988.753770835367,5723.46070314241,5484.22346403737
forecast_4782,2025-07-19 06:00:00,6960.474061586596,5430.531620280459,5043.996983265797
forecast_4783,2025-07-19 07:00:00,7601.639879060686,5999.679808555776,5038.273406564702
forecast_4784,2025-07-19 08:00:00,7647.449906931724,6643.20855607809,5051.75910776401
forecast_4785,2025-07-19 09:00:00,4190.06110979906,5625.265483378901,4968.708403424007
forecast_4786,2025-07-19 10:00:00,4757.351916301517,8414.249399128707,5828.711738508863
forecast_4787,2025-07-19 11:00:00,9421.134635104412,9715.728922767728,6895.78789023699
forecast_4788,2025-07-19 12:00:00,9822.40165430052,10771.822390014046,7983.49568577498
forecast_4789,2025-07-19 13:00:00,9579.255664423177,10486.94800584449,7994.919885787985
forecast_4790,2025-07-19 14:00:00,9957.330701383293,11233.64035584576,8378.760174798685
forecast_4791,2025-07-19 15:00:00,10645.126252552722,11180.894263773025,9212.133894133716
forecast_4792,2025-07-19 16:00:00,10496.905352155574,11756.272109260804,10069.955640822262
forecast_4793,2025-07-19 17:00:00,11015.472193505542,11701.652042382922,10382.55222534008
forecast_4794,2025-07-19 18:00:00,11109.503839169622,11389.18095195451,10384.000987882462
forecast_4795,2025-07-19 19:00:00,11250.662463034589,11869.785737047401,10037.165855710806
forecast_4796,2025-07-19 20:00:00,11192.06346825355,11806.791954092678,10286.205703049509
forecast_4797,2025-07-19 21:00:00,11477.584355494893,12116.181096885834,10072.324332991246
forecast_4798,2025-07-19 22:00:00,12383.160081415892,12418.974824442485,11209.484566430945
forecast_4799,2025-07-19 23:00:00,10912.26531564418,11442.94823523381,9737.564205951905
forecast_4800,2025-07-20 00:00:00,11210.731878828707,12052.138545346637,9784.057777795098
forecast_4801,2025-07-20 01:00:00,11759.659041307264,13008.409067672907,11628.490701312314
forecast_4802,2025-07-20 02:00:00,12257.16109917669,13788.980675362507,11869.634993322728
forecast_4803,2025-07-20 03:00:00,12268.390351909975,13825.36722930771,11425.614186583682
forecast_4804,2025-07-20 04:00:00,12492.61205948067,13876.509945223252,11751.130560377267
forecast_4805,2025-07-20 05:00:00,12185.251804228084,13780.778948237254,10915.454390815428
forecast_4806,2025-07-20 06:00:00,11584.651952949398,13067.6418769831,9988.664841779046
forecast_4807,2025-07-20 07:00:00,11692.625979962388,12767.01203590009,9627.094411892976
forecast_4808,2025-07-20 08:00:00,11174.037940110462,12331.960824398982,8518.168188514315
forecast_4809,2025-07-20 09:00:00,9983.135878965344,11664.199179593164,7389.267393344573
forecast_4810,2025-07-20 10:00:00,8597.141508008242,9347.066623019842,6532.710867546908
forecast_4811,2025-07-20 11:00:00,7794.809956033964,7956.787845822723,6225.347468228087
forecast_4812,2025-07-20 12:00:00,6772.146195384713,7114.515977334581,5408.845573734141
forecast_4813,2025-07-20 13:00:00,5977.8278008028365,6156.800438836699,4873.427198616882
forecast_4814,2025-07-20 14:00:00,6076.707781860783,5631.426587807829,3997.414477021504
forecast_4815,2025-07-20 15:00:00,5166.598495652892,5420.858917534126,3960.4439063040977
forecast_4816,2025-07-20 16:00:00,5279.631066977916,4846.709491534121,3955.197762640018
forecast_4817,2025-07-20 17:00:00,5310.499716738094,5172.650541106502,4247.168613871306
forecast_4818,2025-07-20 18:00:00,5525.222174422481,5155.582353466739,4491.691748478216
forecast_4819,2025-07-20 19:00:00,6290.575296645997,6137.261234780739,5302.211796624678
forecast_4820,2025-07-20 20:00:00,8316.501496495996,8184.599154062172,6360.536014440829
forecast_4821,2025-07-20 21:00:00,9824.071032170405,10394.526936083901,7119.929060941905
forecast_4822,2025-07-20 22:00:00,11860.606278098825,11868.049085560253,8341.825030379716
forecast_4823,2025-07-20 23:00:00,11816.193184326687,11658.52239198629,8810.768289802307
forecast_4824,2025-07-21 00:00:00,11969.11890780486,11651.414600931927,9248.064330354151
forecast_4825,2025-07-21 01:00:00,12372.307252575074,11894.3486905283,9127.702305608904
forecast_4826,2025-07-21 02:00:00,13273.715748803199,12789.191137737782,9915.491379662177
forecast_4827,2025-07-21 03:00:00,13489.612497584736,12846.58938467183,9977.059925038613
forecast_4828,2025-07-21 04:00:00,12934.624761437652,12857.806382850638,9057.204932812274
forecast_4829,2025-07-21 05:00:00,13392.299069293626,12789.937500455335,9251.861790324778
forecast_4830,2025-07-21 06:00:00,13082.391932163868,11735.533796536163,8727.72786290682
forecast_4831,2025-07-21 07:00:00,12977.981967339654,11344.4570942901,8632.848823471417
forecast_4832,2025-07-21 08:00:00,11371.598653425475,11477.015013260967,6087.621488778263
forecast_4833,2025-07-21 09:00:00,11646.969753982445,11980.851593516596,5624.618075911224
forecast_4834,2025-07-21 10:00:00,9905.707717342237,10925.919100709383,6595.653609014383
forecast_4835,2025-07-21 11:00:00,9863.609548904074,10250.167094503078,6770.823090834053
forecast_4836,2025-07-21 12:00:00,7526.94959903623,8044.986635187998,5326.159867464442
forecast_4837,2025-07-21 13:00:00,7660.635008398452,7622.531620077754,5624.628580983187
forecast_4838,2025-07-21 14:00:00,7097.444739114817,7065.6267773187055,5288.761204297629
forecast_4839,2025-07-21 15:00:00,6369.51512160157,6249.097656295431,4743.087998043041
forecast_4840,2025-07-21 16:00:00,6028.209455472083,5664.171437189429,4674.743648970913
forecast_4841,2025-07-21 17:00:00,5970.894974284384,5872.684494528644,5189.173626504911
forecast_4842,2025-07-21 18:00:00,5933.25497664511,5975.867586523984,4593.2494076968505
forecast_4843,2025-07-21 19:00:00,6976.822157758984,7214.32128698481,6043.248994907693
forecast_4844,2025-07-21 20:00:00,9179.904077135512,9079.287536213413,7558.171307985311
forecast_4845,2025-07-21 21:00:00,11854.855628059235,11398.527580693628,9365.284499361303
forecast_4846,2025-07-21 22:00:00,13669.183172806972,12996.347361823737,11097.171397145132
forecast_4847,2025-07-21 23:00:00,14966.372172354939,13848.119628110182,11643.23922547091
forecast_4848,2025-07-22 00:00:00,15326.517471353365,14206.949438805115,11610.382591833397
forecast_4849,2025-07-22 01:00:00,14681.519152264427,13975.05980483006,11937.153699031925
forecast_4850,2025-07-22 02:00:00,15146.064748059263,14352.07633005186,13115.598061706121
forecast_4851,2025-07-22 03:00:00,15217.771700096993,14079.28291119405,13383.438066271032
forecast_4852,2025-07-22 04:00:00,15296.390067605491,13971.69725299711,13295.741506154554
forecast_4853,2025-07-22 05:00:00,13651.362829202006,13392.467753788836,12537.528787464988
forecast_4854,2025-07-22 06:00:00,13978.97580784728,13387.643222971981,10554.903963337321
forecast_4855,2025-07-22 07:00:00,12759.591239615169,12817.599955879368,9410.24661293929
forecast_4856,2025-07-22 08:00:00,11026.213855970904,12243.11044396179,9075.071594437277
forecast_4857,2025-07-22 09:00:00,8370.919325915349,9267.677542892265,5944.145603607996
forecast_4858,2025-07-22 10:00:00,5553.2230846868515,6247.893448888248,4010.0434336836365
forecast_4859,2025-07-22 11:00:00,4368.5190423810645,3907.1393462774154,3380.5037520240603
forecast_4860,2025-07-22 12:00:00,3723.250373108104,3162.226588536355,2795.80064069432
forecast_4861,2025-07-22 13:00:00,3483.5370678059962,2668.705004784241,3707.1235019118017
forecast_4862,2025-07-22 14:00:00,3720.995170672485,3797.1784189498735,2817.991646014765
forecast_4863,2025-07-22 15:00:00,3783.45850550793,3788.608841316596,2818.2202673317424
forecast_4864,2025-07-22 16:00:00,3824.7641049158906,3754.8276777373862,2893.9853665290384
forecast_4865,2025-07-22 17:00:00,3758.083465589274,3843.8704641994213,2869.8926378693272
forecast_4866,2025-07-22 18:00:00,3492.3880737622308,2631.901653402246,2979.6482332008923
forecast_4867,2025-07-22 19:00:00,3735.663533512177,3522.940531800217,3525.550684787791
forecast_4868,2025-07-22 20:00:00,5313.686998590956,4435.66318055391,4358.791679849817
forecast_4869,2025-07-22 21:00:00,6354.541145035507,5413.176144897911,4421.343877408609
forecast_4870,2025-07-22 22:00:00,8256.230999074683,6892.852495747811,5218.1497312485935
forecast_4871,2025-07-22 23:00:00,9039.813922837711,7817.0047096360395,5300.588646014855
forecast_4872,2025-07-23 00:00:00,9250.899729026474,8191.065504625158,5972.859819511775
forecast_4873,2025-07-23 01:00:00,9483.38508618598,8035.23613754629,6555.607043885726
forecast_4874,2025-07-23 02:00:00,10812.577586973135,8796.627030780768,7185.7813826867705
forecast_4875,2025-07-23 03:00:00,11132.187742381155,10109.129448665371,7138.26281520801
forecast_4876,2025-07-23 04:00:00,10613.363294030081,10224.16049515612,6458.88042294284
forecast_4877,2025-07-23 05:00:00,9925.12325825804,9852.39392854119,5510.440659694555
forecast_4878,2025-07-23 06:00:00,8579.208621504516,7953.761853747937,4737.530751693628
forecast_4879,2025-07-23 07:00:00,6774.919005432313,6103.700154856323,3766.2555721698673
forecast_4880,2025-07-23 08:00:00,4816.758384294747,4108.53639917376,3210.978203185051
forecast_4881,2025-07-23 09:00:00,3804.8908916378996,3654.6337470733733,3482.097852700609
forecast_4882,2025-07-23 10:00:00,3496.2102973762044,3469.4052539631366,3382.2026905743987
forecast_4883,2025-07-23 11:00:00,3464.561543679577,3459.952085998407,3385.3219872051563
forecast_4884,2025-07-23 12:00:00,3461.796147879101,3460.2458055129555,3364.7104698642447
forecast_4885,2025-07-23 13:00:00,3457.5939885775097,3457.987509026074,3360.4690191271548
forecast_4886,2025-07-23 14:00:00,3457.0074061430378,3457.4373127205845,3360.47618081657
forecast_4887,2025-07-23 15:00:00,3458.339422449059,3461.2456487125924,3361.0876786270155
forecast_4888,2025-07-23 16:00:00,3468.6576234960044,3500.0455390158927,3362.66621355356
forecast_4889,2025-07-23 17:00:00,3520.829261052605,3563.819532529001,3371.564718913728
forecast_4890,2025-07-23 18:00:00,3489.3580411032394,3530.8819989770655,3381.040991528654
forecast_4891,2025-07-23 19:00:00,3568.221045477689,3811.458603691533,3372.7662577738374
forecast_4892,2025-07-23 20:00:00,3575.071049774827,3782.851926897715,3414.793542448055
forecast_4893,2025-07-23 21:00:00,3727.6405427927443,3869.150293784719,3532.9275504679504
forecast_4894,2025-07-23 22:00:00,5786.971668141752,4804.527162535881,4162.331157224764
forecast_4895,2025-07-23 23:00:00,6185.034965905451,5377.447004623015,4407.891369658274
forecast_4896,2025-07-24 00:00:00,6365.84494404339,5557.654705586065,4603.628515435591
forecast_4897,2025-07-24 01:00:00,7145.704554448687,5952.997157413508,4649.081104791312
forecast_4898,2025-07-24 02:00:00,8117.707785099151,6666.383844862298,4790.393697652653
forecast_4899,2025-07-24 03:00:00,8774.262026949751,7596.178925243051,4697.112184670902
forecast_4900,2025-07-24 04:00:00,9267.900033487109,7438.048971719629,4912.838186959561
forecast_4901,2025-07-24 05:00:00,8406.096856887969,7304.790996438048,4854.350302775528
forecast_4902,2025-07-24 06:00:00,6812.368431446957,6070.8146569721275,4435.366222191774
forecast_4903,2025-07-24 07:00:00,4816.114574496464,4221.681980624985,3498.243273890003
forecast_4904,2025-07-24 08:00:00,4046.8399922816757,3859.151695082787,3454.988053889964
forecast_4905,2025-07-24 09:00:00,3487.7166939598205,3480.6675614556543,3363.9664422488345
forecast_4906,2025-07-24 10:00:00,3460.4890567391303,3458.3819677732895,3360.4877704343594
forecast_4907,2025-07-24 11:00:00,3456.9151672183884,3457.3442977012633,3360.0578289529903
forecast_4908,2025-07-24 12:00:00,3456.867154667061,3457.004071246506,3360.0794152674653
forecast_4909,2025-07-24 13:00:00,3456.6964591824635,3456.79805990395,3360.0738573413755
forecast_4910,2025-07-24 14:00:00,3456.360565357593,3456.3310078720738,3360.082349776317
forecast_4911,2025-07-24 15:00:00,3456.6790861117497,3456.761834864904,3360.1839772175204
forecast_4912,2025-07-24 16:00:00,3456.9655928485404,3458.257360640591,3360.643175638432
forecast_4913,2025-07-24 17:00:00,3460.6727431068903,3461.559756383418,3360.619134559176
forecast_4914,2025-07-24 18:00:00,3462.2208150002766,3477.598665468623,3360.674486289308
forecast_4915,2025-07-24 19:00:00,3480.1964282260706,3524.7239866832233,3365.354287933493
forecast_4916,2025-07-24 20:00:00,3481.6261518421966,3508.477521398674,3361.921038203361
forecast_4917,2025-07-24 21:00:00,3513.6562628230477,3503.3260051336297,3362.1118751459767
forecast_4918,2025-07-24 22:00:00,3510.2715563969837,3519.0463896719757,3380.161114295658
forecast_4919,2025-07-24 23:00:00,3584.364461776679,3585.6934279009056,3449.543335528292
forecast_4920,2025-07-25 00:00:00,3673.758157292652,3634.8589504639203,3455.831512259847
forecast_4921,2025-07-25 01:00:00,4573.790448514694,3328.272460702951,3706.5367933591174
forecast_4922,2025-07-25 02:00:00,5345.621226670519,3494.6928936688396,3755.2900952054024
forecast_4923,2025-07-25 03:00:00,5573.980827709755,3704.065544128908,4133.92733455197
forecast_4924,2025-07-25 04:00:00,5947.009178813197,3930.7125933902257,3729.897200614649
forecast_4925,2025-07-25 05:00:00,5090.789000119646,3385.496683121994,3619.897153876753
forecast_4926,2025-07-25 06:00:00,3611.887466299936,2815.6710508272954,3449.8572855980337
forecast_4927,2025-07-25 07:00:00,3836.2605116614586,3669.898041638499,3387.1262270640523
forecast_4928,2025-07-25 08:00:00,3588.1952406540813,3647.210377037863,3398.1651577634248
forecast_4929,2025-07-25 09:00:00,3493.433381003845,3483.627595407011,3363.5837976937255
forecast_4930,2025-07-25 10:00:00,3467.0137440017184,3469.176120195604,3362.0142685259625
forecast_4931,2025-07-25 11:00:00,3458.634433740554,3458.714847242569,3360.5450997571684
forecast_4932,2025-07-25 12:00:00,3457.779086430389,3457.151843664252,3360.2538638725655
forecast_4933,2025-07-25 13:00:00,3456.768438865411,3456.577490470518,3360.0649021894765
forecast_4934,2025-07-25 14:00:00,3462.8082875667405,3458.029509380415,3360.4968390838826
forecast_4935,2025-07-25 15:00:00,3458.381993048963,3457.2027488584745,3360.811809053699
forecast_4936,2025-07-25 16:00:00,3468.6554701927125,3462.6637345239665,3363.318967616335
forecast_4937,2025-07-25 17:00:00,3472.294870469688,3469.121652194734,3376.2432677019337
forecast_4938,2025-07-25 18:00:00,3527.3398548879063,3526.6278893343883,3386.020069566052
forecast_4939,2025-07-25 19:00:00,3569.68786687852,3595.693643290426,3381.811025775185
forecast_4940,2025-07-25 20:00:00,3644.0721871045293,3779.185904729261,3404.9620708348475
forecast_4941,2025-07-25 21:00:00,4426.513175865772,3087.236440581108,3482.358799606802
forecast_4942,2025-07-25 22:00:00,5141.742876685854,3772.532659162217,3893.0585213012814
forecast_4943,2025-07-25 23:00:00,5910.453091911232,4541.764407795173,4072.422363933711
forecast_4944,2025-07-26 00:00:00,6793.439795642431,4929.411270634152,4231.882141496469
forecast_4945,2025-07-26 01:00:00,7869.037091588243,6110.949419479139,5559.411383061449
forecast_4946,2025-07-26 02:00:00,7573.153954725444,6031.797441226831,4941.60358233963
forecast_4947,2025-07-26 03:00:00,7587.773591667468,5955.902092614134,4812.093647850776
forecast_4948,2025-07-26 04:00:00,6528.532937625592,5021.515748238296,4332.484047831208
forecast_4949,2025-07-26 05:00:00,6073.853067678137,4184.177535769371,3944.061557320123
forecast_4950,2025-07-26 06:00:00,5480.536231125056,2848.709846554669,3676.6392854835326
forecast_4951,2025-07-26 07:00:00,4554.350806118348,2354.245941944844,3738.5206554159213
forecast_4952,2025-07-26 08:00:00,3630.368134971465,3698.619253915011,3379.184234425666
forecast_4953,2025-07-26 09:00:00,3547.259742130656,3542.3175948938406,3365.0976244853564
forecast_4954,2025-07-26 10:00:00,3466.060522316603,3471.0864888005594,3361.857286756913
forecast_4955,2025-07-26 11:00:00,3460.68230829791,3461.6805715944333,3361.4201822715268
forecast_4956,2025-07-26 12:00:00,3457.934439285514,3459.1595322106205,3360.2708933768245
forecast_4957,2025-07-26 13:00:00,3457.080943148161,3457.036747626518,3360.13751381718
forecast_4958,2025-07-26 14:00:00,3458.9827301152673,3457.320780075043,3360.335489199344
forecast_4959,2025-07-26 15:00:00,3457.5537352349456,3456.7771497895287,3360.269528122119
forecast_4960,2025-07-26 16:00:00,3464.68913111253,3458.1444943237984,3364.4282734554076
forecast_4961,2025-07-26 17:00:00,3460.0139539453894,3458.1096809091805,3363.5448321627005
forecast_4962,2025-07-26 18:00:00,3475.5606441627247,3489.9934180023633,3367.4599526517063
forecast_4963,2025-07-26 19:00:00,3560.576147862192,3599.9197414144173,3379.7342937450903
forecast_4964,2025-07-26 20:00:00,3589.5983666866905,3655.1459208456477,3388.831203120416
forecast_4965,2025-07-26 21:00:00,3680.5843585451244,3859.3361505023745,3399.790640435188
forecast_4966,2025-07-26 22:00:00,3760.417298994965,3484.6809627422717,3565.2123568011643
forecast_4967,2025-07-26 23:00:00,6134.296963042496,4709.933023320288,4198.085588580786
forecast_4968,2025-07-27 00:00:00,7066.68760602937,5525.571653970204,5018.635318850035
forecast_4969,2025-07-27 01:00:00,8048.552196575677,7050.611310723773,5559.338775248249
forecast_4970,2025-07-27 02:00:00,8868.552003686693,7817.065006274398,5604.922638377093
forecast_4971,2025-07-27 03:00:00,9785.734516499417,8129.111933586859,5354.5132644808455
forecast_4972,2025-07-27 04:00:00,9500.487267595714,8414.441183773784,5052.204482456044
forecast_4973,2025-07-27 05:00:00,9469.055258111333,7926.5108527524435,4798.527983511811
forecast_4974,2025-07-27 06:00:00,8355.257156019747,7123.273826796839,4528.87399024201
forecast_4975,2025-07-27 07:00:00,7179.582515953499,5901.882456445933,3990.258365313966
forecast_4976,2025-07-27 08:00:00,5314.530528320693,3571.899979336109,3664.209599894162
forecast_4977,2025-07-27 09:00:00,3681.5562481580887,3732.976414102665,3443.48667439428
forecast_4978,2025-07-27 10:00:00,3498.7674672531057,3531.1295730630914,3386.41762284638
forecast_4979,2025-07-27 11:00:00,3474.633046299962,3491.288211098654,3390.7174511121643
forecast_4980,2025-07-27 12:00:00,3481.4347600990664,3492.833051423783,3412.220711850712
forecast_4981,2025-07-27 13:00:00,3466.7695667574453,3484.148111946132,3364.9232697453517
forecast_4982,2025-07-27 14:00:00,3473.663416237372,3503.2479823878903,3373.75337196482
forecast_4983,2025-07-27 15:00:00,3491.516520825154,3568.855998571845,3394.7019812484377
forecast_4984,2025-07-27 16:00:00,3476.452670712127,3504.7460429262737,3582.6547358693538
forecast_4985,2025-07-27 17:00:00,3500.2683295170064,3550.9630864000937,3706.9972867847832
forecast_4986,2025-07-27 18:00:00,3507.956411734144,3580.668129598924,3390.1666570532702
forecast_4987,2025-07-27 19:00:00,3577.265677321913,3827.1399812056184,3460.9989989977403
forecast_4988,2025-07-27 20:00:00,3667.540316377514,3397.0409761030196,3676.026007748388
forecast_4989,2025-07-27 21:00:00,3957.649796522407,4418.48989296556,4140.326919404054
forecast_4990,2025-07-27 22:00:00,6991.268681647676,6121.42635046929,4743.999124961817
forecast_4991,2025-07-27 23:00:00,8001.235084529374,6786.105603042711,5108.7622033301495
forecast_4992,2025-07-28 00:00:00,8504.318764339858,7241.133449497327,5672.8451283434415
forecast_4993,2025-07-28 01:00:00,10127.749276826424,8017.890179848654,6418.797385853039
forecast_4994,2025-07-28 02:00:00,11509.105618848227,8632.529962376946,6700.03578736622
forecast_4995,2025-07-28 03:00:00,11896.9944833815,9062.217347612592,6928.416014699652
forecast_4996,2025-07-28 04:00:00,11720.141242645246,8829.30674126231,6186.339488687137
forecast_4997,2025-07-28 05:00:00,11180.20676499853,8500.45058637071,5587.30258353396
forecast_4998,2025-07-28 06:00:00,9630.479708686364,6779.224842884582,4621.52759569763
forecast_4999,2025-07-28 07:00:00,7248.976083528618,4882.763849632406,3755.90468970145
forecast_5000,2025-07-28 08:00:00,4960.79846956209,2740.727160161779,3681.9438841937204
forecast_5001,2025-07-28 09:00:00,3606.935520464084,3548.0404247365004,3379.783887533667
forecast_5002,2025-07-28 10:00:00,3464.113640961829,3465.6341184109842,3367.0733208148513
forecast_5003,2025-07-28 11:00:00,3457.775642411407,3458.2508283232355,3361.8524084514015
forecast_5004,2025-07-28 12:00:00,3458.287402746388,3458.2679226906025,3361.2062941806284
forecast_5005,2025-07-28 13:00:00,3456.961938385094,3458.581348199712,3360.239246469971
forecast_5006,2025-07-28 14:00:00,3457.4232101750026,3459.6797676469846,3360.68068634641
forecast_5007,2025-07-28 15:00:00,3457.4087968395424,3457.771149045915,3360.1293002860825
forecast_5008,2025-07-28 16:00:00,3457.214766467925,3459.340349569122,3361.449022585026
forecast_5009,2025-07-28 17:00:00,3466.165084894681,3487.6262082745807,3363.263312052776
forecast_5010,2025-07-28 18:00:00,3470.257574565312,3497.9871991427226,3365.0149656554004
forecast_5011,2025-07-28 19:00:00,3476.762192819303,3487.43607975683,3363.191298953419
forecast_5012,2025-07-28 20:00:00,3472.289050290829,3495.465583562152,3363.1248583216293
forecast_5013,2025-07-28 21:00:00,3480.230358521088,3478.489345204446,3364.7125421107703
forecast_5014,2025-07-28 22:00:00,3514.091234876909,3519.8289432722468,3386.256464414307
forecast_5015,2025-07-28 23:00:00,3492.8835341336676,3488.579810330434,3372.832777024377
forecast_5016,2025-07-29 00:00:00,3494.411890626505,3488.068046592041,3368.2465949851567
forecast_5017,2025-07-29 01:00:00,3536.399888995317,3498.93838795562,3398.702489880302
forecast_5018,2025-07-29 02:00:00,3607.375447229726,3536.2556706940472,3460.2945739109587
forecast_5019,2025-07-29 03:00:00,3555.6681613046444,3566.3729950210804,3426.1479161733105
forecast_5020,2025-07-29 04:00:00,3581.6679860514387,3519.409312170526,3383.759827870875
forecast_5021,2025-07-29 05:00:00,3600.064269912765,3485.0259981134645,3366.26991960319
forecast_5022,2025-07-29 06:00:00,3486.754282673252,3470.889672569653,3361.9715034020705
forecast_5023,2025-07-29 07:00:00,3459.4522063602717,3461.047791800717,3363.4406541450535
forecast_5024,2025-07-29 08:00:00,3459.375660148078,3468.4021200782236,3362.0734201091072
forecast_5025,2025-07-29 09:00:00,3457.4614079018215,3461.1020508635042,3360.1108776712167
forecast_5026,2025-07-29 10:00:00,3456.486208829072,3456.894331282914,3360.1021004015124
forecast_5027,2025-07-29 11:00:00,3456.5775738472857,3456.399558329256,3360.197242496053
forecast_5028,2025-07-29 12:00:00,3456.34664929025,3456.5630579398103,3360.0446139277647
forecast_5029,2025-07-29 13:00:00,3456.461289608521,3456.548788781352,3360.2346667744587
forecast_5030,2025-07-29 14:00:00,3456.5718794836816,3456.711013512588,3360.115182834831
forecast_5031,2025-07-29 15:00:00,3456.4910708109246,3456.6280690387384,3360.1688121490906
forecast_5032,2025-07-29 16:00:00,3456.832170787068,3456.3410618420153,3360.729076531881
forecast_5033,2025-07-29 17:00:00,3457.2015208509893,3457.8986418547247,3361.0511973807725
forecast_5034,2025-07-29 18:00:00,3460.4430785542745,3469.0980542420216,3361.6305321284317
forecast_5035,2025-07-29 19:00:00,3490.1409447804117,3534.9787086219276,3364.2919916013248
forecast_5036,2025-07-29 20:00:00,3460.654479334645,3467.9985408981856,3362.143740971137
forecast_5037,2025-07-29 21:00:00,3461.943525447064,3467.2116361015214,3361.4014355803924
forecast_5038,2025-07-29 22:00:00,3480.5707508704077,3510.247092823579,3366.951556815686
forecast_5039,2025-07-29 23:00:00,3532.553763722749,3528.6747132148535,3391.1604659765862
forecast_5040,2025-07-30 00:00:00,3539.976260375338,3543.341403437506,3423.6213274378797
forecast_5041,2025-07-30 01:00:00,3535.2037778769923,3549.518344989697,3389.36306298949
forecast_5042,2025-07-30 02:00:00,3592.609938692272,3563.0458388369298,3389.21483796629
forecast_5043,2025-07-30 03:00:00,3535.908640570289,3537.6420326798993,3379.20202151669
forecast_5044,2025-07-30 04:00:00,3502.3309872493132,3485.967344859895,3367.850674838596
forecast_5045,2025-07-30 05:00:00,3475.300925277909,3467.090184705577,3364.263804631668
forecast_5046,2025-07-30 06:00:00,3470.3010947948264,3462.618370647403,3363.1742605906456
forecast_5047,2025-07-30 07:00:00,3466.7251574272436,3460.037445896372,3361.4904035546756
forecast_5048,2025-07-30 08:00:00,3465.7923576590465,3467.8718838138543,3361.450181238457
forecast_5049,2025-07-30 09:00:00,3460.507434268941,3467.274012749368,3360.605704977363
forecast_5050,2025-07-30 10:00:00,3457.8978210329024,3458.326607244453,3360.441712224383
forecast_5051,2025-07-30 11:00:00,3457.586755171007,3458.3875038861784,3360.1065966572
forecast_5052,2025-07-30 12:00:00,3458.6140257232955,3460.0499635293563,3360.326791839098
forecast_5053,2025-07-30 13:00:00,3460.564672342232,3461.723659014598,3361.038413806393
forecast_5054,2025-07-30 14:00:00,3459.659760890551,3460.011633556567,3360.8734017214324
forecast_5055,2025-07-30 15:00:00,3458.6689268768228,3461.3264668889374,3360.833738578479
forecast_5056,2025-07-30 16:00:00,3461.8112052742104,3462.0494522102085,3360.509968379656
forecast_5057,2025-07-30 17:00:00,3458.2973472634244,3459.1039860233104,3361.8224047808644
forecast_5058,2025-07-30 18:00:00,3458.707927150239,3460.0610429760063,3360.3117627182683
forecast_5059,2025-07-30 19:00:00,3472.0542760140765,3467.0917841085543,3361.0248574588236
forecast_5060,2025-07-30 20:00:00,3539.3471046331647,3518.996254317925,3365.5025203290234
forecast_5061,2025-07-30 21:00:00,3488.860700572906,3498.1936798891147,3366.2494228844475
forecast_5062,2025-07-30 22:00:00,3530.5457775564205,3556.0305637476035,3369.185688376592
forecast_5063,2025-07-30 23:00:00,3626.85547592514,3635.366318427833,3379.0471736123195
forecast_5064,2025-07-31 00:00:00,3562.1428193071015,3549.2377538349297,3381.9833909048057
forecast_5065,2025-07-31 01:00:00,3530.1563324082663,3553.5192152013756,3444.409892163719
forecast_5066,2025-07-31 02:00:00,3551.8093216467205,3692.7798590325187,3480.7962307862354
forecast_5067,2025-07-31 03:00:00,3582.583412364626,3628.821914077823,3561.471342317531
forecast_5068,2025-07-31 04:00:00,3699.577170697925,3601.571672108453,3762.0133707928762
forecast_5069,2025-07-31 05:00:00,3769.557575603846,3745.036629376917,3528.9550315241536
forecast_5070,2025-07-31 06:00:00,3672.850039289041,3558.6213058180315,3379.8838961445185
forecast_5071,2025-07-31 07:00:00,3582.4278315719853,3548.010876882777,3368.5081654250043
forecast_5072,2025-07-31 08:00:00,3571.853734176584,3641.367098740043,3372.0157302821876
forecast_5073,2025-07-31 09:00:00,3507.112178442041,3528.053146820941,3364.5833290199225
forecast_5074,2025-07-31 10:00:00,3491.013187065823,3511.3985229692985,3371.6712734980442
forecast_5075,2025-07-31 11:00:00,3470.6623140338847,3485.827982665716,3379.3150268430936
forecast_5076,2025-07-31 12:00:00,3474.624404634055,3506.5832160498385,3373.803414843328
forecast_5077,2025-07-31 13:00:00,3472.4061473261363,3489.2822029823033,3371.632718877484
forecast_5078,2025-07-31 14:00:00,3466.2669600493055,3478.8303171418397,3368.6041697799023
forecast_5079,2025-07-31 15:00:00,3475.244006225861,3498.786678153933,3367.2820547808733
forecast_5080,2025-07-31 16:00:00,3472.176683521821,3512.503122136669,3369.5695085674042
forecast_5081,2025-07-31 17:00:00,3489.5068187906445,3589.2885924088396,3365.313272304483
forecast_5082,2025-07-31 18:00:00,3465.6854643474653,3477.0551107076703,3360.205714973594
forecast_5083,2025-07-31 19:00:00,3464.0033166480443,3469.0448191987107,3360.3310609141013
forecast_5084,2025-07-31 20:00:00,3473.828730230863,3482.565361422698,3361.6634857981007
forecast_5085,2025-07-31 21:00:00,3466.1612719286263,3469.516880171051,3361.337819947198
forecast_5086,2025-07-31 22:00:00,3480.9336852730216,3483.559803540427,3362.2871144470173
forecast_5087,2025-07-31 23:00:00,3493.347899833576,3492.6842267370066,3363.2488435991236
forecast_5088,2025-08-01 00:00:00,3480.020261023243,3487.6145520678474,3362.540559358142
forecast_5089,2025-08-01 01:00:00,3484.1637501483156,3474.370939185674,3360.8745777847644
forecast_5090,2025-08-01 02:00:00,3479.6651886824284,3477.3941486581807,3362.2446001936482
forecast_5091,2025-08-01 03:00:00,3479.397993534408,3484.2170987625636,3363.4865206164413
forecast_5092,2025-08-01 04:00:00,3463.2701335840793,3466.956531589286,3363.1709932132103
forecast_5093,2025-08-01 05:00:00,3470.1347273192564,3462.1465225288575,3364.5100139883352
forecast_5094,2025-08-01 06:00:00,3460.757343787939,3458.5131664237965,3361.374496248265
forecast_5095,2025-08-01 07:00:00,3459.724571400084,3463.1753078942697,3360.613636587929
forecast_5096,2025-08-01 08:00:00,3459.0839747347513,3462.701283635347,3360.482388268213
forecast_5097,2025-08-01 09:00:00,3457.2380113590575,3458.436589929631,3360.1411895886577
forecast_5098,2025-08-01 10:00:00,3456.238833395107,3456.5654715311794,3360.0878063093433
forecast_5099,2025-08-01 11:00:00,3456.389337505236,3456.3562635057924,3360.1600851044427
forecast_5100,2025-08-01 12:00:00,3456.6233747980527,3457.220414589233,3360.1712021378585
forecast_5101,2025-08-01 13:00:00,3457.443477695732,3460.3665306298226,3360.779291762981
forecast_5102,2025-08-01 14:00:00,3457.5408356653966,3460.723200602605,3360.5075234617307
forecast_5103,2025-08-01 15:00:00,3456.6836010893194,3457.26903008055,3360.1111277560512
forecast_5104,2025-08-01 16:00:00,3456.2425019096036,3456.4468106427967,3360.1207657200525
forecast_5105,2025-08-01 17:00:00,3456.353545396892,3456.53709606142,3360.121917120817
forecast_5106,2025-08-01 18:00:00,3457.6154002614426,3461.298983248992,3360.1597518209255
forecast_5107,2025-08-01 19:00:00,3462.668026275485,3482.627725593659,3361.140262434714
forecast_5108,2025-08-01 20:00:00,3472.1254383421906,3516.9803513468664,3362.0596674396147
forecast_5109,2025-08-01 21:00:00,3490.5212441948734,3565.4733324391314,3365.7906352394143
forecast_5110,2025-08-01 22:00:00,3521.153663067986,3568.0492817445247,3366.0281565898263
forecast_5111,2025-08-01 23:00:00,3491.533509207605,3507.7372660108,3364.175125942545
forecast_5112,2025-08-02 00:00:00,3510.596463848889,3508.7091395810176,3367.517212278115
forecast_5113,2025-08-02 01:00:00,3765.3797392909646,3420.1138382697745,3492.8018609273668
forecast_5114,2025-08-02 02:00:00,5729.009511440465,4468.582635602601,3780.158394821176
forecast_5115,2025-08-02 03:00:00,7355.137914160289,5845.262725486505,4077.3154556270397
forecast_5116,2025-08-02 04:00:00,8665.227827479574,7444.132229190382,4778.129043115184
forecast_5117,2025-08-02 05:00:00,9734.84772226271,8381.242326963013,4769.181326171977
forecast_5118,2025-08-02 06:00:00,9789.1634352645,8603.790528492984,5033.554981083418
forecast_5119,2025-08-02 07:00:00,9518.240907829344,8378.285787165969,4826.845843410409
forecast_5120,2025-08-02 08:00:00,7861.299385644148,6976.715588105286,3705.6748665632144
forecast_5121,2025-08-02 09:00:00,6064.827206957971,5078.524729256057,3622.462188774379
forecast_5122,2025-08-02 10:00:00,3545.3532054391762,3036.783415429321,3462.4247452613918
forecast_5123,2025-08-02 11:00:00,3570.4188210888633,3638.627492579155,3447.368560952134
forecast_5124,2025-08-02 12:00:00,3520.0465270101845,3561.9095692228575,3384.4810771353073
forecast_5125,2025-08-02 13:00:00,3514.2613535446076,3577.215012632516,3376.12710465784
forecast_5126,2025-08-02 14:00:00,3486.7682429916986,3517.287424932393,3371.337975885719
forecast_5127,2025-08-02 15:00:00,3478.7092152842074,3507.146102463283,3362.921670961564
forecast_5128,2025-08-02 16:00:00,3475.5627830651724,3468.0668662623907,3362.524298409504
forecast_5129,2025-08-02 17:00:00,3466.2825229461646,3471.8442891798354,3362.3990318548795
forecast_5130,2025-08-02 18:00:00,3472.430010664681,3478.1247718201967,3362.4888307353413
forecast_5131,2025-08-02 19:00:00,3504.9311112338414,3528.43197470225,3364.7236374732474
forecast_5132,2025-08-02 20:00:00,3531.360737667749,3525.073994757218,3367.9100624038565
forecast_5133,2025-08-02 21:00:00,3624.2667567617027,3639.71449565233,3366.838107691893
forecast_5134,2025-08-02 22:00:00,3697.8709470916983,3654.660551648084,3380.0369164206995
forecast_5135,2025-08-02 23:00:00,3588.5138711217514,3599.687262152557,3404.6881134528217
forecast_5136,2025-08-03 00:00:00,3626.3847995803403,3553.6038354923626,3633.0432674831995
forecast_5137,2025-08-03 01:00:00,3860.552341920141,3825.6177817232883,3529.6283383338305
forecast_5138,2025-08-03 02:00:00,5424.955555979131,3645.282964717372,3621.2349877866372
forecast_5139,2025-08-03 03:00:00,5231.89799429965,3602.403179539144,3753.0566207450224
forecast_5140,2025-08-03 04:00:00,3845.8886270145676,3819.108477564466,3585.284582323518
forecast_5141,2025-08-03 05:00:00,3711.8709279223476,3594.313385066238,3421.3403825350515
forecast_5142,2025-08-03 06:00:00,3664.615494343801,3547.367076716411,3367.9133877034283
forecast_5143,2025-08-03 07:00:00,3573.335490828208,3488.8712622472535,3364.0991268845396
forecast_5144,2025-08-03 08:00:00,3471.5239259382197,3481.67988763939,3360.6656307201
forecast_5145,2025-08-03 09:00:00,3474.6409036402715,3487.4741527578076,3361.5972072086315
forecast_5146,2025-08-03 10:00:00,3459.427627168685,3465.584167211193,3360.4584647626116
forecast_5147,2025-08-03 11:00:00,3459.182173410966,3465.7650827957877,3360.1889336877894
forecast_5148,2025-08-03 12:00:00,3463.4080826947256,3487.4411195145476,3360.726112166474
forecast_5149,2025-08-03 13:00:00,3463.8994696007226,3486.4539751303373,3364.28573639822
forecast_5150,2025-08-03 14:00:00,3464.010080314555,3467.0015461483417,3362.7412598694514
forecast_5151,2025-08-03 15:00:00,3479.200554532205,3495.03509849995,3375.643575927547
forecast_5152,2025-08-03 16:00:00,3496.626567749533,3543.5003944594237,3402.728239778864
forecast_5153,2025-08-03 17:00:00,3503.3580559014626,3572.4086180465133,3383.096544917068
forecast_5154,2025-08-03 18:00:00,3520.374994875328,3571.0444247426403,3371.45006828453
forecast_5155,2025-08-03 19:00:00,3609.8623400330193,3666.6220743415024,3387.0756915531465
forecast_5156,2025-08-03 20:00:00,3926.1084444875187,4123.445383996266,3683.178872876207
forecast_5157,2025-08-03 21:00:00,3609.8294426338102,3839.2397771438714,3517.951705973133
forecast_5158,2025-08-03 22:00:00,3666.829029232787,4029.292796035096,3520.0163518701966
forecast_5159,2025-08-03 23:00:00,3865.174264077061,4622.035653206654,4029.456800273201
forecast_5160,2025-08-04 00:00:00,3980.8241480420725,5229.331269211849,4380.514026817068
forecast_5161,2025-08-04 01:00:00,4044.709569863948,4720.3436088589615,5279.69995574945
forecast_5162,2025-08-04 02:00:00,4348.350978335509,6313.023157840214,5639.053705455164
forecast_5163,2025-08-04 03:00:00,4196.041017517163,5939.1524697981895,3758.726856641468
forecast_5164,2025-08-04 04:00:00,8675.392821026653,7077.069319736165,5962.692258798549
forecast_5165,2025-08-04 05:00:00,4586.949547340444,7397.789243991184,5560.4283658767345
forecast_5166,2025-08-04 06:00:00,7780.009559897342,7169.9407746632305,5518.326469854994
forecast_5167,2025-08-04 07:00:00,7774.028531348925,6721.136930375032,4558.909788609947
forecast_5168,2025-08-04 08:00:00,7275.181521362429,6973.538925567284,5109.778985600049
forecast_5169,2025-08-04 09:00:00,7231.118033126776,6974.113820458372,4936.722027394629
forecast_5170,2025-08-04 10:00:00,6941.119202703272,7049.952020314279,4593.445220935776
forecast_5171,2025-08-04 11:00:00,7305.097591296484,7080.822172096883,5276.37400777697
forecast_5172,2025-08-04 12:00:00,6862.020762808349,6762.92507298765,5587.611754205854
forecast_5173,2025-08-04 13:00:00,6062.425888084269,4814.128791946391,4205.918499939148
forecast_5174,2025-08-04 14:00:00,3751.137159135903,3888.269718077943,4239.588323572078
forecast_5175,2025-08-04 15:00:00,3725.5232145253194,3683.037384424283,3747.9690426956386
forecast_5176,2025-08-04 16:00:00,3915.525193699247,4987.154284025744,5428.350284067969
forecast_5177,2025-08-04 17:00:00,3678.9013302812555,3879.626848800201,3681.616714936817
forecast_5178,2025-08-04 18:00:00,4317.446770184531,6832.349340745768,3651.127515089372
forecast_5179,2025-08-04 19:00:00,8964.523677220732,7084.645761869479,7574.73353564258
forecast_5180,2025-08-04 20:00:00,9280.326888998683,7687.053222508754,8553.141664140881
forecast_5181,2025-08-04 21:00:00,10116.829586268082,7967.187199555661,3757.1738238632183
forecast_5182,2025-08-04 22:00:00,9140.476847691214,7923.841862408748,9186.549381544908
forecast_5183,2025-08-04 23:00:00,8879.863988556444,7239.956412791145,8472.737120169082
forecast_5184,2025-08-05 00:00:00,8001.003589242366,6783.328649570601,7912.454673527381
forecast_5185,2025-08-05 01:00:00,7453.95199318007,6018.5054256436615,6420.273754176823
forecast_5186,2025-08-05 02:00:00,6447.897909568657,5283.657464785778,5498.8954083700055
forecast_5187,2025-08-05 03:00:00,3967.265776922364,4427.507419072341,4892.328922073645
forecast_5188,2025-08-05 04:00:00,3854.3507678543933,4166.018688882615,3659.370087663816
forecast_5189,2025-08-05 05:00:00,3782.6286495483805,3595.9202092035666,3589.3619434208836
forecast_5190,2025-08-05 06:00:00,3667.322936491705,3840.678466518352,3418.9327682355192
forecast_5191,2025-08-05 07:00:00,3507.4061602741413,3259.670314284251,3535.129540278409
forecast_5192,2025-08-05 08:00:00,3643.6869188232686,3657.003727933517,3565.6034432002043
forecast_5193,2025-08-05 09:00:00,3573.747871301515,3720.0489453179284,3518.8891034532635
forecast_5194,2025-08-05 10:00:00,3472.845271177392,2853.2315439059435,3698.6602549800377
forecast_5195,2025-08-05 11:00:00,3614.0553686654166,2941.7370971166843,3432.054162134085
forecast_5196,2025-08-05 12:00:00,4967.173529116036,3697.829817188071,3599.0486232035473
forecast_5197,2025-08-05 13:00:00,5777.225206317977,3852.9134286922526,3781.9444852921183
forecast_5198,2025-08-05 14:00:00,6722.459216989245,6281.719919287808,4595.643575143072
forecast_5199,2025-08-05 15:00:00,8655.572350642999,7109.602522855121,5250.590483577591
forecast_5200,2025-08-05 16:00:00,9005.911375749145,7381.184659492749,4960.2744538827465
forecast_5201,2025-08-05 17:00:00,8756.62766066267,7450.522689353707,5632.129417040014
forecast_5202,2025-08-05 18:00:00,7898.776611228712,7521.474385914544,5154.595024433198
forecast_5203,2025-08-05 19:00:00,8308.013480306106,7744.208994969607,6091.478907561347
forecast_5204,2025-08-05 20:00:00,8859.660599093526,8354.391101932531,6429.732470328468
forecast_5205,2025-08-05 21:00:00,9786.950210412577,9693.020432515135,7076.009902021288
forecast_5206,2025-08-05 22:00:00,10538.682833247556,10486.88792767997,8050.480124324672
forecast_5207,2025-08-05 23:00:00,10134.554488104452,10558.197553962713,8805.549570164476
forecast_5208,2025-08-06 00:00:00,10037.610408305563,11099.467391203585,8323.111750736607
forecast_5209,2025-08-06 01:00:00,11756.910123631847,14161.632638256127,12776.09076847556
forecast_5210,2025-08-06 02:00:00,12191.527749417062,14849.798273373553,13821.29517616544
forecast_5211,2025-08-06 03:00:00,12524.372732605789,14777.792261632541,13457.15020442467
forecast_5212,2025-08-06 04:00:00,11907.51748659988,13869.963268594622,13533.403969846413
forecast_5213,2025-08-06 05:00:00,12423.253069356511,14965.667175008159,14186.603055697817
forecast_5214,2025-08-06 06:00:00,12657.37324369671,15662.86010342641,14369.677621982004
forecast_5215,2025-08-06 07:00:00,12941.904273592332,15993.58223118167,15027.299943079797
forecast_5216,2025-08-06 08:00:00,12552.224274580538,15059.515684240612,14230.687080770125
forecast_5217,2025-08-06 09:00:00,12442.416101650633,15155.001303638139,14967.799168195887
forecast_5218,2025-08-06 10:00:00,13083.704942462706,15683.526974986795,15725.455929888842
forecast_5219,2025-08-06 11:00:00,13199.25919196741,16089.946562404637,15905.841724317475
forecast_5220,2025-08-06 12:00:00,13693.32362941155,16452.83077093402,16646.00276641248
forecast_5221,2025-08-06 13:00:00,14001.815631488405,16705.022287760818,16775.25906706408
forecast_5222,2025-08-06 14:00:00,14459.921290961298,16720.246632012062,17094.62403593649
forecast_5223,2025-08-06 15:00:00,14883.464766488332,17128.566685816033,17015.472547729474
forecast_5224,2025-08-06 16:00:00,14090.07901456291,16225.181263742581,16060.19131540066
forecast_5225,2025-08-06 17:00:00,14864.06898450848,17002.303954764167,16815.92075659327
forecast_5226,2025-08-06 18:00:00,15254.52461592309,17108.662684242,16935.89372912237
forecast_5227,2025-08-06 19:00:00,15128.829052672425,17007.51211169885,16713.059615497794
forecast_5228,2025-08-06 20:00:00,14327.069512299417,16312.628806202225,15650.45863143249
forecast_5229,2025-08-06 21:00:00,14444.44619441706,16542.180671626335,15889.485678338491
forecast_5230,2025-08-06 22:00:00,14643.488713731567,16782.316558949817,17421.536231456546
forecast_5231,2025-08-06 23:00:00,14571.27948233332,16430.093712213456,17487.72694254767
forecast_5232,2025-08-07 00:00:00,14554.40969995748,15968.549990593436,17178.449882562138
forecast_5233,2025-08-07 01:00:00,14348.24150188296,15126.039613252746,14822.126472230857
forecast_5234,2025-08-07 02:00:00,14915.769059074239,16204.790767562738,16623.68165144165
forecast_5235,2025-08-07 03:00:00,14955.207487152944,15907.040064475586,15948.314060130151
forecast_5236,2025-08-07 04:00:00,14819.707816695558,16069.010250343812,15529.10149727492
forecast_5237,2025-08-07 05:00:00,14891.786855446298,16160.94347582726,15664.55049200706
forecast_5238,2025-08-07 06:00:00,13914.546975954423,15628.58477722455,13134.165178126443
forecast_5239,2025-08-07 07:00:00,13680.774699137983,14625.308402914374,12157.942339182791
forecast_5240,2025-08-07 08:00:00,11667.557999892408,13217.871361094385,10002.009948486375
forecast_5241,2025-08-07 09:00:00,8568.113621838384,9996.016660831303,6045.721721701779
forecast_5242,2025-08-07 10:00:00,6550.296563585825,7488.832017865317,4272.403002231839
forecast_5243,2025-08-07 11:00:00,4785.380528073352,3950.1146155130023,3252.160738045117
forecast_5244,2025-08-07 12:00:00,3821.7257697227374,3829.24885867468,3740.172100325032
forecast_5245,2025-08-07 13:00:00,3573.6880086221868,3611.827425853634,3551.751150852912
forecast_5246,2025-08-07 14:00:00,3526.8925452057465,3515.0368475251703,3481.101778780048
forecast_5247,2025-08-07 15:00:00,3471.166813531883,3466.6044722099195,3371.450760239729
forecast_5248,2025-08-07 16:00:00,3464.3525519857667,3463.3288011577156,3381.9181420986865
forecast_5249,2025-08-07 17:00:00,3464.317908789545,3471.603200556166,3392.5127083695957
forecast_5250,2025-08-07 18:00:00,3465.7594947845296,3468.074962650392,3407.859414880708
forecast_5251,2025-08-07 19:00:00,3475.0712537208547,3495.8636079267785,3512.664174472631
forecast_5252,2025-08-07 20:00:00,3566.5639705102258,3610.517065491164,3431.175068218398
forecast_5253,2025-08-07 21:00:00,3670.275122637938,3263.5565007155337,3512.740426403963
forecast_5254,2025-08-07 22:00:00,3798.0334936474533,3943.239002569544,4453.846839830265
forecast_5255,2025-08-07 23:00:00,6339.781909566453,5761.710366240267,5247.245295796489
forecast_5256,2025-08-08 00:00:00,8014.154706861361,6856.061732371706,5818.380208952356
forecast_5257,2025-08-08 01:00:00,7518.623850136326,7137.003342279527,5386.041518591947
forecast_5258,2025-08-08 02:00:00,8001.698327042679,6503.602293136192,6090.005011647785
forecast_5259,2025-08-08 03:00:00,6887.219568448544,6184.086904442487,5570.79147445223
forecast_5260,2025-08-08 04:00:00,5548.904420830552,4342.292110864597,4448.666966325368
forecast_5261,2025-08-08 05:00:00,3723.9464015661556,3703.829022095386,3438.67873833389
forecast_5262,2025-08-08 06:00:00,3773.54195303588,3578.636527389654,3378.7557662893264
forecast_5263,2025-08-08 07:00:00,3553.165395707152,3554.748995784056,3367.975820473326
forecast_5264,2025-08-08 08:00:00,3500.608573604375,3502.6198473551285,3367.485898550972
forecast_5265,2025-08-08 09:00:00,3475.0492956429603,3482.004000269044,3362.951843579971
forecast_5266,2025-08-08 10:00:00,3457.1813020318104,3458.384742528133,3360.240575614066
forecast_5267,2025-08-08 11:00:00,3456.502555956609,3456.831340946432,3360.1456877947307
forecast_5268,2025-08-08 12:00:00,3456.4705887887217,3457.2177345883597,3360.162194194101
forecast_5269,2025-08-08 13:00:00,3456.3849222155527,3456.4926734496194,3360.2316241516774
forecast_5270,2025-08-08 14:00:00,3456.870973031815,3457.976798261117,3360.3305187113006
forecast_5271,2025-08-08 15:00:00,3458.611192604251,3462.371852601004,3361.0108643050826
forecast_5272,2025-08-08 16:00:00,3457.876834819817,3461.579655071295,3360.6862146671033
forecast_5273,2025-08-08 17:00:00,3464.3493521797363,3470.9244258546396,3360.6126654785758
forecast_5274,2025-08-08 18:00:00,3458.1865522434314,3458.4602759200934,3360.3308393031407
forecast_5275,2025-08-08 19:00:00,3461.7634017157816,3460.769097155119,3360.363840248361
forecast_5276,2025-08-08 20:00:00,3463.9510344174446,3461.4941674423244,3361.349903832781
forecast_5277,2025-08-08 21:00:00,3467.8574567844203,3479.721771007172,3362.06444440802
forecast_5278,2025-08-08 22:00:00,3472.540579389308,3472.0685568561125,3363.0122934416645
forecast_5279,2025-08-08 23:00:00,3545.940860736263,3621.5830484583826,3375.7871566669205
forecast_5280,2025-08-09 00:00:00,3643.290391726953,3609.395308246783,3441.2975346755566
forecast_5281,2025-08-09 01:00:00,3532.4492875284154,3572.021857411747,3387.935922975193
forecast_5282,2025-08-09 02:00:00,3619.4295155418986,3585.5262692521737,3441.4532832150267
forecast_5283,2025-08-09 03:00:00,3639.7251008939375,3643.7476592080825,3460.6743405279917
forecast_5284,2025-08-09 04:00:00,3659.5493211862345,3628.209235166609,3561.383362922912
forecast_5285,2025-08-09 05:00:00,5263.213726551765,3682.0479494266197,3746.8859753219213
forecast_5286,2025-08-09 06:00:00,3736.9572143088067,3863.545658863589,3503.4595618767826
forecast_5287,2025-08-09 07:00:00,3668.4679185844457,3593.0824769485052,3404.36096455948
forecast_5288,2025-08-09 08:00:00,3645.464612982705,3634.352227593969,3391.2153507436624
forecast_5289,2025-08-09 09:00:00,3559.032896045821,3544.393116594683,3406.160983198495
forecast_5290,2025-08-09 10:00:00,3540.920790376221,3540.099848828076,3407.8285153790557
forecast_5291,2025-08-09 11:00:00,3519.7485942816493,3529.231799498016,3596.663758273838
forecast_5292,2025-08-09 12:00:00,3582.328836354623,3535.6197598115696,3458.294677390154
forecast_5293,2025-08-09 13:00:00,3503.669875826241,3482.5231684901196,3377.164930185329
forecast_5294,2025-08-09 14:00:00,3474.19123398697,3478.473484731845,3365.3826342229236
forecast_5295,2025-08-09 15:00:00,3463.5804889433957,3468.182566083587,3363.176156053202
forecast_5296,2025-08-09 16:00:00,3462.2584160629767,3461.191148554461,3362.9029476545834
forecast_5297,2025-08-09 17:00:00,3471.4050131834374,3473.4697384842552,3364.6581146841722
forecast_5298,2025-08-09 18:00:00,3473.0233677499855,3472.5080700100384,3369.9010226340783
forecast_5299,2025-08-09 19:00:00,3482.3264175201057,3517.699572171063,3370.16222821018
forecast_5300,2025-08-09 20:00:00,3500.0666156411107,3519.811506557026,3414.336730989633
forecast_5301,2025-08-09 21:00:00,3509.646939102737,3549.464451531298,3404.1771733625483
forecast_5302,2025-08-09 22:00:00,3604.7224793224177,3554.3350396708174,3431.2145378159335
forecast_5303,2025-08-09 23:00:00,3601.353953894612,3577.1140577856654,3404.4409183743096
forecast_5304,2025-08-10 00:00:00,3498.2783738563867,3527.281512754171,3370.9606568391937
forecast_5305,2025-08-10 01:00:00,3470.0592351085133,3466.562936267103,3363.857429791532
forecast_5306,2025-08-10 02:00:00,3472.55543286014,3471.066456093338,3364.261602105058
forecast_5307,2025-08-10 03:00:00,3485.75318006831,3480.0675168545154,3364.553870976331
forecast_5308,2025-08-10 04:00:00,3505.465927349968,3485.568184497768,3363.2692248653675
forecast_5309,2025-08-10 05:00:00,3503.1234702272654,3522.986499633957,3363.0445286050067
forecast_5310,2025-08-10 06:00:00,3501.5529802542965,3536.812424085082,3361.331017991194
forecast_5311,2025-08-10 07:00:00,3559.313435065187,3634.83458772597,3363.506767984871
forecast_5312,2025-08-10 08:00:00,3486.751963560539,3491.3912914835832,3363.9299986227747
forecast_5313,2025-08-10 09:00:00,3473.0261631057324,3477.4092149583535,3367.3755234811956
forecast_5314,2025-08-10 10:00:00,3459.6988968816177,3464.5893420500233,3365.314262474981
forecast_5315,2025-08-10 11:00:00,3457.9849456072197,3458.9537817678624,3365.1701184389267
forecast_5316,2025-08-10 12:00:00,3457.753545843244,3459.8509605571244,3362.4044924737746
forecast_5317,2025-08-10 13:00:00,3457.0673810463522,3457.9487977514787,3363.8940036896897
forecast_5318,2025-08-10 14:00:00,3457.143530600559,3457.461991474778,3363.295346467489
forecast_5319,2025-08-10 15:00:00,3457.8416988552062,3460.4874987885682,3362.0849424718367
forecast_5320,2025-08-10 16:00:00,3456.885508047939,3456.9840223121923,3362.021122172127
forecast_5321,2025-08-10 17:00:00,3456.4495144101743,3457.078972251956,3360.608304227649
forecast_5322,2025-08-10 18:00:00,3456.316617242541,3456.7392447305947,3360.201448023232
forecast_5323,2025-08-10 19:00:00,3456.5341160451185,3457.310154434832,3360.0919219388165
forecast_5324,2025-08-10 20:00:00,3457.365502902908,3459.8872018982297,3360.177901131723
forecast_5325,2025-08-10 21:00:00,3456.8745307154118,3457.4146715854995,3360.348586178196
forecast_5326,2025-08-10 22:00:00,3457.289635651091,3458.9318584255866,3361.205461790462
forecast_5327,2025-08-10 23:00:00,3457.919007125024,3461.683830944732,3360.330813729798
forecast_5328,2025-08-11 00:00:00,3457.76692158518,3457.826352863108,3360.278108827137
forecast_5329,2025-08-11 01:00:00,3459.0774699580434,3458.8233303294296,3360.4223708468644
forecast_5330,2025-08-11 02:00:00,3458.7859607406162,3457.997635718942,3360.373979947146
forecast_5331,2025-08-11 03:00:00,3461.955557104418,3460.6410346046996,3360.541228536882
forecast_5332,2025-08-11 04:00:00,3462.564462713248,3464.272481593514,3360.4274761099605
forecast_5333,2025-08-11 05:00:00,3459.2259646360762,3459.3458418684454,3360.3478967129804
forecast_5334,2025-08-11 06:00:00,3458.016140211236,3459.976024479704,3360.6541640345667
forecast_5335,2025-08-11 07:00:00,3456.6230762124433,3456.9459770349995,3360.359690782259
forecast_5336,2025-08-11 08:00:00,3456.8092887262105,3457.574590299106,3360.3879626981384
forecast_5337,2025-08-11 09:00:00,3458.358773664808,3462.0535721815913,3360.2940949722592
forecast_5338,2025-08-11 10:00:00,3456.343433904812,3456.79176521202,3360.3502569695524
forecast_5339,2025-08-11 11:00:00,3456.7516084893755,3456.830596017626,3360.0973562009044
forecast_5340,2025-08-11 12:00:00,3457.50904353129,3457.8918244235383,3360.844909268306
forecast_5341,2025-08-11 13:00:00,3456.882829615282,3457.4656108726736,3360.262498746872
forecast_5342,2025-08-11 14:00:00,3457.1313737298365,3457.5319289232843,3360.2222976573935
forecast_5343,2025-08-11 15:00:00,3457.543424622702,3458.7702013767307,3360.6237456938015
forecast_5344,2025-08-11 16:00:00,3456.8082085513697,3456.5475759026394,3360.562264072077
forecast_5345,2025-08-11 17:00:00,3459.6605750519648,3459.412538981453,3360.587862710371
forecast_5346,2025-08-11 18:00:00,3457.01350215085,3457.5178849050258,3360.8339120730093
forecast_5347,2025-08-11 19:00:00,3463.418420829894,3464.3333303076383,3361.648650089174
forecast_5348,2025-08-11 20:00:00,3457.492414398157,3456.804693937762,3360.478167066376
forecast_5349,2025-08-11 21:00:00,3459.111593215321,3459.686170468554,3361.632613966986
forecast_5350,2025-08-11 22:00:00,3458.5501606248927,3461.5092865632046,3360.9126058571146
forecast_5351,2025-08-11 23:00:00,3460.3603304359845,3464.925835659222,3360.4601181916755
forecast_5352,2025-08-12 00:00:00,3472.65547692508,3469.357789222226,3360.979151132949
forecast_5353,2025-08-12 01:00:00,3481.1655656227713,3506.8748203725977,3372.1857836528284
forecast_5354,2025-08-12 02:00:00,3492.92122063828,3522.00803973045,3387.4283589199867
forecast_5355,2025-08-12 03:00:00,3571.246223869704,3571.0745209363204,3382.889045799633
forecast_5356,2025-08-12 04:00:00,3539.7242206067526,3531.5269134319756,3377.6504026689076
forecast_5357,2025-08-12 05:00:00,3546.308691507614,3526.526506490044,3369.090453852928
forecast_5358,2025-08-12 06:00:00,3545.0324414923966,3518.618279654804,3365.649847245132
forecast_5359,2025-08-12 07:00:00,3482.3439874401565,3515.1654275284627,3361.772955007064
forecast_5360,2025-08-12 08:00:00,3471.716037539188,3480.874883337596,3360.8771897243296
forecast_5361,2025-08-12 09:00:00,3464.8206144184446,3463.696937721486,3360.7297374770255
forecast_5362,2025-08-12 10:00:00,3458.8745763803154,3460.379678078014,3360.265099125155
forecast_5363,2025-08-12 11:00:00,3458.3542834321697,3461.0401476171774,3360.5889925123997
forecast_5364,2025-08-12 12:00:00,3457.562204744275,3457.7242714330646,3360.7924577904805
forecast_5365,2025-08-12 13:00:00,3456.725049711363,3456.902944812913,3360.503568428134
forecast_5366,2025-08-12 14:00:00,3457.32530841329,3457.642580726596,3361.3283853674743
forecast_5367,2025-08-12 15:00:00,3457.31888936347,3459.6197131611066,3361.2296421938213
forecast_5368,2025-08-12 16:00:00,3458.4164404813705,3465.6255105342493,3361.3835716388403
forecast_5369,2025-08-12 17:00:00,3461.2128822853633,3475.7672697535727,3364.663137647637
forecast_5370,2025-08-12 18:00:00,3463.4820904047365,3471.8163221207556,3362.1016946832656
forecast_5371,2025-08-12 19:00:00,3492.497675913497,3545.172507256149,3365.644267377505
forecast_5372,2025-08-12 20:00:00,3522.805071800747,3608.0716179746787,3370.5132223491705
forecast_5373,2025-08-12 21:00:00,3582.2032079184,3613.366514062977,3386.543869532351
forecast_5374,2025-08-12 22:00:00,3815.587381194424,3669.4110023816634,3405.254958356739
forecast_5375,2025-08-12 23:00:00,3599.0737891205576,3386.430537811484,3413.3778726736523
forecast_5376,2025-08-13 00:00:00,5829.8940810085805,4652.232741527328,3624.2778264179287
forecast_5377,2025-08-13 01:00:00,3720.0989086073305,3660.8331819174873,3711.872512749171
forecast_5378,2025-08-13 02:00:00,5258.237334898915,4062.39485948247,3705.012586107046
forecast_5379,2025-08-13 03:00:00,5647.332689254545,4475.9973930710075,3770.55951756933
forecast_5380,2025-08-13 04:00:00,5609.067571932915,5289.27942102097,3870.097788333399
forecast_5381,2025-08-13 05:00:00,6079.071547209037,6333.128073018505,3759.4746593677473
forecast_5382,2025-08-13 06:00:00,6597.963672831994,7284.731864110851,4295.427792332693
forecast_5383,2025-08-13 07:00:00,6940.606444609374,7140.801487650194,4730.4071712317755
forecast_5384,2025-08-13 08:00:00,6504.436389859842,7563.525086140241,4707.433950267157
forecast_5385,2025-08-13 09:00:00,6834.160542380493,7731.614785737486,5482.909801026549
forecast_5386,2025-08-13 10:00:00,7996.9578451843945,8816.130794699611,6720.9182382610525
forecast_5387,2025-08-13 11:00:00,7193.173080647316,8638.56146039193,6201.44574209017
forecast_5388,2025-08-13 12:00:00,6299.14730316358,7668.47363350273,5651.16875408688
forecast_5389,2025-08-13 13:00:00,6187.940424352274,6589.714305126749,4954.047358067149
forecast_5390,2025-08-13 14:00:00,6804.06709123906,6909.742492586247,5441.791724441305
forecast_5391,2025-08-13 15:00:00,7824.269247762185,7914.450202934391,6932.207262666685
forecast_5392,2025-08-13 16:00:00,8566.01933615564,9124.177276194188,8748.130225115921
forecast_5393,2025-08-13 17:00:00,9085.027168515815,10895.484982726524,10644.208172656432
forecast_5394,2025-08-13 18:00:00,10944.569268891899,12711.300517527741,12144.649542579047
forecast_5395,2025-08-13 19:00:00,11858.430589440995,15024.270755664707,13354.524118916439
forecast_5396,2025-08-13 20:00:00,13303.556861380843,16017.058283217964,16357.393097314298
forecast_5397,2025-08-13 21:00:00,14425.820916103969,16839.626425125574,17802.082438846748
forecast_5398,2025-08-13 22:00:00,15671.079921684428,17830.796737941713,18942.620758742334
forecast_5399,2025-08-13 23:00:00,16292.415971607232,18324.290049029714,19190.065318106925
forecast_5400,2025-08-14 00:00:00,16269.68196192768,18261.075451480592,19017.24963163932
forecast_5401,2025-08-14 01:00:00,16707.78322106161,18748.073825404994,19172.23790438744
forecast_5402,2025-08-14 02:00:00,16768.495693012188,18815.5224052072,19355.476309959096
forecast_5403,2025-08-14 03:00:00,17036.6567232731,18593.954570922633,19350.708303436575
forecast_5404,2025-08-14 04:00:00,16968.26500100061,18321.312745226485,18563.49117340768
forecast_5405,2025-08-14 05:00:00,15536.543810416135,17609.081268206584,17434.737130608853
forecast_5406,2025-08-14 06:00:00,14614.481865455684,16997.8284387993,17526.647935780547
forecast_5407,2025-08-14 07:00:00,13934.27475849675,15628.690644035854,14311.180709317288
forecast_5408,2025-08-14 08:00:00,14154.412122881311,15999.180239997544,15634.490130314667
forecast_5409,2025-08-14 09:00:00,14488.125796483051,16080.217501362304,15198.572049396478
forecast_5410,2025-08-14 10:00:00,13518.821429376112,15020.072298343763,13699.202908341782
forecast_5411,2025-08-14 11:00:00,11802.176378602717,12512.057710597295,12559.08348270184
forecast_5412,2025-08-14 12:00:00,10430.271791864776,11193.49668451061,11546.124481935187
forecast_5413,2025-08-14 13:00:00,9904.252715473516,11006.696550512448,10180.754465744521
forecast_5414,2025-08-14 14:00:00,10962.915233878128,11389.266980284876,11547.618065343231
forecast_5415,2025-08-14 15:00:00,9851.161409598702,10592.908663270175,10587.289743863086
forecast_5416,2025-08-14 16:00:00,10365.011920377743,11283.98201285655,11084.396629316836
forecast_5417,2025-08-14 17:00:00,10806.033942721344,11183.181576206951,11438.349806401326
forecast_5418,2025-08-14 18:00:00,10782.6510632866,11714.767705497723,11632.992349225779
forecast_5419,2025-08-14 19:00:00,10831.670212338839,12546.761890217653,11375.122012859818
forecast_5420,2025-08-14 20:00:00,11355.932237089703,13250.18851823813,12704.987048531018
forecast_5421,2025-08-14 21:00:00,12383.011227281952,14188.52795755375,14331.062246848222
forecast_5422,2025-08-14 22:00:00,12874.427660608744,14396.176832786108,14401.694268990705
forecast_5423,2025-08-14 23:00:00,13289.529243072599,14112.914874743947,13837.140876791456
forecast_5424,2025-08-15 00:00:00,12544.951934924542,13709.774235995277,13795.534791845288
forecast_5425,2025-08-15 01:00:00,12762.597515540278,12438.037270874054,11794.884167746706
forecast_5426,2025-08-15 02:00:00,12060.948680507143,12366.250235115698,10700.101256585382
forecast_5427,2025-08-15 03:00:00,11085.86480554499,11541.219415847343,10649.860383580597
forecast_5428,2025-08-15 04:00:00,11292.973358784366,10332.555402107208,9869.94113168357
forecast_5429,2025-08-15 05:00:00,10670.917306859134,8629.579205309461,7928.808976049586
forecast_5430,2025-08-15 06:00:00,9686.550505480702,7741.0126623456,6097.512236672414
forecast_5431,2025-08-15 07:00:00,7287.218481409154,6047.008987940953,5392.887747104344
forecast_5432,2025-08-15 08:00:00,5518.301660611993,4797.122529637555,4575.073998879678
forecast_5433,2025-08-15 09:00:00,3683.1713559472432,3681.499798658579,3500.2779533973135
forecast_5434,2025-08-15 10:00:00,3601.946122602534,3479.268058362219,3412.5568365351137
forecast_5435,2025-08-15 11:00:00,3528.306728748121,3470.7147101198248,3387.332417298071
forecast_5436,2025-08-15 12:00:00,3479.85921434898,3465.087852785699,3377.6435669678795
forecast_5437,2025-08-15 13:00:00,3468.348236762942,3462.0312801651835,3393.103092143405
forecast_5438,2025-08-15 14:00:00,3466.8123915339133,3462.438547373971,3373.6539299987644
forecast_5439,2025-08-15 15:00:00,3487.1887515402186,3466.9682596524503,3371.6677634142475
forecast_5440,2025-08-15 16:00:00,3499.8148606938075,3492.648036975763,3384.101758700447
forecast_5441,2025-08-15 17:00:00,3541.434622825126,3497.340761958008,3377.3245981985615
forecast_5442,2025-08-15 18:00:00,3529.8039455876974,3548.010314824198,3373.4388488088757
forecast_5443,2025-08-15 19:00:00,3613.5211317883977,3699.7331758703094,3445.967801493539
forecast_5444,2025-08-15 20:00:00,4890.984067212237,3379.759481885074,4423.5125554571705
forecast_5445,2025-08-15 21:00:00,6329.060971231175,5004.698738982097,5167.432244283109
forecast_5446,2025-08-15 22:00:00,7226.981236015148,7518.39334236527,5317.819586749902
forecast_5447,2025-08-15 23:00:00,8961.298348455068,8803.939681587852,6037.30017220991
forecast_5448,2025-08-16 00:00:00,9759.341533338582,9688.372068344026,6994.198295058948
forecast_5449,2025-08-16 01:00:00,10434.383042603482,10727.26808608909,7622.115502820244
forecast_5450,2025-08-16 02:00:00,11219.02212758998,12340.316422824772,8823.602509582968
forecast_5451,2025-08-16 03:00:00,12100.488115162005,12999.7273601764,9179.77265501299
forecast_5452,2025-08-16 04:00:00,11658.331030489922,12620.843578321455,9044.72875457367
forecast_5453,2025-08-16 05:00:00,11209.49318658107,11784.738793702625,8549.453153348826
forecast_5454,2025-08-16 06:00:00,10550.934519812788,10848.990653811059,6974.265802011451
forecast_5455,2025-08-16 07:00:00,10434.462064987267,10472.680932212837,6400.646298173296
forecast_5456,2025-08-16 08:00:00,10222.419210585089,9158.728084776556,5694.888388956018
forecast_5457,2025-08-16 09:00:00,9125.698498514428,8205.868711570265,5510.666771527823
forecast_5458,2025-08-16 10:00:00,6538.227750502038,6922.622522223102,4352.8454130174805
forecast_5459,2025-08-16 11:00:00,5836.038092959177,5745.144934268254,3971.4995098252593
forecast_5460,2025-08-16 12:00:00,6139.232745174079,5755.9744864990225,4152.450592501067
forecast_5461,2025-08-16 13:00:00,6696.478757115167,6320.270097563413,4505.203928010997
forecast_5462,2025-08-16 14:00:00,7594.502642762813,7701.542088202635,5760.06673383129
forecast_5463,2025-08-16 15:00:00,8500.57453002233,8392.209962865805,7627.570215385716
forecast_5464,2025-08-16 16:00:00,9052.275496563905,9241.417407761148,8796.063674676228
forecast_5465,2025-08-16 17:00:00,10410.709602249566,10986.449887569805,11220.414414866986
forecast_5466,2025-08-16 18:00:00,12021.128747947885,12385.78622647696,11636.430710253166
forecast_5467,2025-08-16 19:00:00,14440.758144332744,14057.106918086763,13021.09685209678
forecast_5468,2025-08-16 20:00:00,15308.387137587879,15047.706507914812,14491.78432447284
forecast_5469,2025-08-16 21:00:00,15964.608098551713,16051.184037237115,16080.90334134236
forecast_5470,2025-08-16 22:00:00,16738.695421310826,17050.690116294852,16820.45114701271
forecast_5471,2025-08-16 23:00:00,17627.020544759343,17564.519745993643,16508.328956672747
forecast_5472,2025-08-17 00:00:00,17095.372199772,17293.99315141555,16789.084685230533
forecast_5473,2025-08-17 01:00:00,17679.978469191497,17618.144824306128,17521.948762886143
forecast_5474,2025-08-17 02:00:00,17659.28357043186,17780.370507008156,17115.303421568387
forecast_5475,2025-08-17 03:00:00,17246.640341266957,17412.17503001593,16327.284758656067
forecast_5476,2025-08-17 04:00:00,17349.271484422767,17189.91665255215,17205.111672547348
forecast_5477,2025-08-17 05:00:00,17500.608786490455,16696.57479762581,16182.857619972938
forecast_5478,2025-08-17 06:00:00,17332.84378161462,15963.840432273046,15426.28202405812
forecast_5479,2025-08-17 07:00:00,16698.027111977215,15060.59145845791,14020.534414721484
forecast_5480,2025-08-17 08:00:00,15787.083859129436,14132.286318437798,11107.014580668741
forecast_5481,2025-08-17 09:00:00,13379.190539179708,12405.093077356463,8955.070287134824
forecast_5482,2025-08-17 10:00:00,8745.279181705653,8842.139580162715,6669.086068771335
forecast_5483,2025-08-17 11:00:00,5796.7846184224645,6355.352223643153,4599.189341230921
forecast_5484,2025-08-17 12:00:00,4531.634064910891,4310.710569986851,3707.507183043901
forecast_5485,2025-08-17 13:00:00,3764.0985106011544,3815.113371536683,3655.499396519086
forecast_5486,2025-08-17 14:00:00,3733.6839050052304,3371.4368511708026,2977.244018224578
forecast_5487,2025-08-17 15:00:00,4639.537700817747,3703.336574582665,3160.867233879415
forecast_5488,2025-08-17 16:00:00,4729.984654901285,3936.7706971387975,3379.123373431077
forecast_5489,2025-08-17 17:00:00,4332.3318787878525,3873.7587797223923,3727.4971486474897
forecast_5490,2025-08-17 18:00:00,4529.808114513828,4272.156546735571,3206.3937090572267
forecast_5491,2025-08-17 19:00:00,5223.383184103625,4870.600610239213,4204.023119025683
forecast_5492,2025-08-17 20:00:00,6221.177812048289,5882.137061237525,4573.26615794797
forecast_5493,2025-08-17 21:00:00,6460.495379666975,7678.784021007041,4871.000697633269
forecast_5494,2025-08-17 22:00:00,8402.67521594438,8239.437891814989,5237.406710213173
forecast_5495,2025-08-17 23:00:00,7311.181828793936,7791.167600354713,5529.144996503236
forecast_5496,2025-08-18 00:00:00,8367.830481818426,8431.139638550036,6027.179773868137
forecast_5497,2025-08-18 01:00:00,10233.9327884307,9614.04208249693,7422.654289678033
forecast_5498,2025-08-18 02:00:00,9724.573133643236,9084.773705403146,6612.086872937519
forecast_5499,2025-08-18 03:00:00,11110.831574416366,10697.36215000674,7420.548041727929
forecast_5500,2025-08-18 04:00:00,9383.969624462075,8786.820959711813,6553.907171207058
forecast_5501,2025-08-18 05:00:00,10819.567963571686,9731.0916108109,7777.061186163285
forecast_5502,2025-08-18 06:00:00,11101.501733024368,10034.315838861128,7557.68037835446
forecast_5503,2025-08-18 07:00:00,11044.573963911138,9990.08677043164,7191.167828073395
forecast_5504,2025-08-18 08:00:00,11058.120214482145,10418.941995986344,6664.1795407157015
forecast_5505,2025-08-18 09:00:00,9516.362645342419,9587.06432612223,6361.489293673029
forecast_5506,2025-08-18 10:00:00,8111.898669595688,7505.603767452532,7880.601742284591
forecast_5507,2025-08-18 11:00:00,8209.257334996051,7650.303013178896,7201.231770817255
forecast_5508,2025-08-18 12:00:00,6784.786130372089,6279.579218756079,6233.644882135897
forecast_5509,2025-08-18 13:00:00,6131.992960515443,5746.035843043191,5359.155623152326
forecast_5510,2025-08-18 14:00:00,6507.912150922147,5857.443651430253,5837.665776393154
forecast_5511,2025-08-18 15:00:00,7442.517059497303,6755.673864427037,7934.52036545913
forecast_5512,2025-08-18 16:00:00,9138.957786084637,7860.9321335127615,9093.162963504583
forecast_5513,2025-08-18 17:00:00,8655.393235461583,9612.03054123898,9269.641029291279
forecast_5514,2025-08-18 18:00:00,9333.570089570436,10584.13194048297,9279.226696227606
forecast_5515,2025-08-18 19:00:00,10556.635992555837,11661.42328793858,11546.341088194857
forecast_5516,2025-08-18 20:00:00,12322.979370117328,13332.508562002697,13880.323727707217
forecast_5517,2025-08-18 21:00:00,12855.382555139498,13809.1903524083,13103.509607878954
forecast_5518,2025-08-18 22:00:00,14547.86658581725,15197.856668685461,14484.34872865937
forecast_5519,2025-08-18 23:00:00,14418.326777630817,15118.165805130884,14674.690125963423
forecast_5520,2025-08-19 00:00:00,14378.662371343795,15751.184576869477,14794.399942618715
forecast_5521,2025-08-19 01:00:00,13985.75403474843,16099.895571185458,16146.352512046895
forecast_5522,2025-08-19 02:00:00,13616.80995841134,16170.775881402404,15865.216623611497
forecast_5523,2025-08-19 03:00:00,13886.309101608282,16083.384211619326,15234.478317653427
forecast_5524,2025-08-19 04:00:00,14246.248493249695,16091.902582432196,15955.973321528432
forecast_5525,2025-08-19 05:00:00,14794.39641758597,16511.22619190634,16532.211130134147
forecast_5526,2025-08-19 06:00:00,14669.572589674479,16395.674330236732,16009.793328280699
forecast_5527,2025-08-19 07:00:00,14472.18666008236,15561.363850224125,15170.452214586678
forecast_5528,2025-08-19 08:00:00,14034.135118237264,15777.402237159688,14986.8753347337
forecast_5529,2025-08-19 09:00:00,13995.050768056946,15742.687119186363,14997.7212487105
forecast_5530,2025-08-19 10:00:00,12846.639329370568,14467.03746738368,13194.613677841224
forecast_5531,2025-08-19 11:00:00,11628.675160783512,13045.288673479628,12544.635415030561
forecast_5532,2025-08-19 12:00:00,11726.051859467745,11474.439051308169,12302.51143428177
forecast_5533,2025-08-19 13:00:00,10987.941266275175,10395.655491742658,11281.936000065978
forecast_5534,2025-08-19 14:00:00,11240.543742171474,9224.377635633344,10532.082996751336
forecast_5535,2025-08-19 15:00:00,11236.236737405306,9869.908159524386,10987.365980373
forecast_5536,2025-08-19 16:00:00,11257.702939141021,10236.529497623085,11490.19977882439
forecast_5537,2025-08-19 17:00:00,11470.9433718009,11424.704869161988,13000.374044093844
forecast_5538,2025-08-19 18:00:00,12438.805347913387,13276.55313958065,13179.43293046784
forecast_5539,2025-08-19 19:00:00,13561.512671436765,14520.427172749763,13557.729407336761
forecast_5540,2025-08-19 20:00:00,14440.985508941078,15385.803404068363,15555.371718220316
forecast_5541,2025-08-19 21:00:00,15447.625293802304,15714.937531544287,15777.389181752655
forecast_5542,2025-08-19 22:00:00,16088.157943754233,16299.960463900794,16785.922325463212
forecast_5543,2025-08-19 23:00:00,16189.000341873068,16531.18016744718,14261.397968532916
forecast_5544,2025-08-20 00:00:00,16408.187763351463,17253.19208364787,17779.25035018094
forecast_5545,2025-08-20 01:00:00,16733.277380620304,17387.251533060116,16799.138629156372
forecast_5546,2025-08-20 02:00:00,17250.854206154945,17390.388624519375,17206.61482374498
forecast_5547,2025-08-20 03:00:00,17107.71175715547,17422.412505597415,17149.87749043261
forecast_5548,2025-08-20 04:00:00,17009.893527765904,17211.904510299886,17388.250414908314
forecast_5549,2025-08-20 05:00:00,17032.361987591175,17258.877762352422,17332.91707460088
forecast_5550,2025-08-20 06:00:00,16686.783004400455,16821.547230761265,15947.736671686524
forecast_5551,2025-08-20 07:00:00,14721.186036666222,15892.911062302699,14996.093283706841
forecast_5552,2025-08-20 08:00:00,15244.657808069418,15678.211539236363,14466.33810281516
forecast_5553,2025-08-20 09:00:00,12479.062135042364,13410.76855658156,10910.40950880332
forecast_5554,2025-08-20 10:00:00,10051.206767016822,10192.645497372405,7586.570360888733
forecast_5555,2025-08-20 11:00:00,8401.539652861384,6955.403873128359,6267.658429550115
forecast_5556,2025-08-20 12:00:00,7560.440696202292,5709.607021586682,5381.147251185114
forecast_5557,2025-08-20 13:00:00,6844.530002591272,4441.4330988368365,4821.381433860057
forecast_5558,2025-08-20 14:00:00,6560.025551223739,4479.220016409228,4485.090130357862
forecast_5559,2025-08-20 15:00:00,6555.222235855424,4125.18385212966,3752.480934657405
forecast_5560,2025-08-20 16:00:00,6544.588926278383,3881.726215760913,3655.9217914832943
forecast_5561,2025-08-20 17:00:00,6279.821620645033,4253.994707105763,5355.523821552405
forecast_5562,2025-08-20 18:00:00,5182.595621468617,3788.708405953802,3757.0962426589854
forecast_5563,2025-08-20 19:00:00,5469.906229800715,5066.049660220885,4213.709293193784
forecast_5564,2025-08-20 20:00:00,6506.549975568506,6208.761655022786,5427.287712678486
forecast_5565,2025-08-20 21:00:00,7057.320980811911,7783.376319273875,5724.857482736764
forecast_5566,2025-08-20 22:00:00,9323.720116071876,9012.958627722639,6836.254965892917
forecast_5567,2025-08-20 23:00:00,10534.364097013875,10301.567393120076,8205.87738642617
forecast_5568,2025-08-21 00:00:00,12526.016344293485,11852.187565116368,9559.973536826268
forecast_5569,2025-08-21 01:00:00,12012.99371940787,12107.278003965714,9868.964115601353
forecast_5570,2025-08-21 02:00:00,14093.172427384667,13216.449678483303,11135.122172947216
forecast_5571,2025-08-21 03:00:00,13845.86241549156,12710.84903446828,10723.208065885323
forecast_5572,2025-08-21 04:00:00,14446.946809071753,13186.726054800924,10978.488717979137
forecast_5573,2025-08-21 05:00:00,14723.148088058322,13349.84043489558,9738.543975922095
forecast_5574,2025-08-21 06:00:00,11335.48146459008,10854.821039202616,7195.163608685803
forecast_5575,2025-08-21 07:00:00,9827.028709951152,8277.738122810339,5685.4061475220715
forecast_5576,2025-08-21 08:00:00,6035.886110047372,5078.038808571538,4727.110098461733
forecast_5577,2025-08-21 09:00:00,3830.083139894288,3837.8155862405947,3475.2054604148216
forecast_5578,2025-08-21 10:00:00,3551.5649736220707,3472.633688874292,3388.6475124538456
forecast_5579,2025-08-21 11:00:00,3474.5162071794252,3467.7463486175698,3366.4752518981754
forecast_5580,2025-08-21 12:00:00,3462.2492148230763,3460.988819603463,3370.1152517164196
forecast_5581,2025-08-21 13:00:00,3465.1786365724784,3460.827776204322,3364.194216905005
forecast_5582,2025-08-21 14:00:00,3460.9744903151936,3459.674042089051,3361.363460869569
forecast_5583,2025-08-21 15:00:00,3457.853619259352,3457.5003991261137,3360.5541822559144
forecast_5584,2025-08-21 16:00:00,3458.7882757030807,3459.818892677371,3361.542977690765
forecast_5585,2025-08-21 17:00:00,3461.8008372160098,3466.323779534574,3360.36672444724
forecast_5586,2025-08-21 18:00:00,3477.3734019346743,3503.3130420558755,3367.110960316299
forecast_5587,2025-08-21 19:00:00,3491.7623494808636,3531.8550661817885,3369.8742042934514
forecast_5588,2025-08-21 20:00:00,3499.898314073499,3485.8395978006956,3366.645102398409
forecast_5589,2025-08-21 21:00:00,3514.0282596520155,3517.678325238096,3377.2516125313223
forecast_5590,2025-08-21 22:00:00,3593.141124712492,3590.3747028453017,3436.4483477366534
forecast_5591,2025-08-21 23:00:00,3587.833439959134,3155.2166997626678,3470.9705925228177
forecast_5592,2025-08-22 00:00:00,3749.885929063862,3782.100700016123,3775.051250085847
forecast_5593,2025-08-22 01:00:00,4825.267956277712,3769.492067108385,3962.306140808007
forecast_5594,2025-08-22 02:00:00,5501.308341786934,4296.7596781276225,4277.195373272081
forecast_5595,2025-08-22 03:00:00,5936.408268981079,5245.560105616369,4634.8733885054235
forecast_5596,2025-08-22 04:00:00,8594.455756753812,6678.752817343342,4731.997728482291
forecast_5597,2025-08-22 05:00:00,10032.452296323885,8319.476639696519,5684.867409351409
forecast_5598,2025-08-22 06:00:00,11069.658392874679,9800.520925097033,5878.178477319679
forecast_5599,2025-08-22 07:00:00,10753.14047868006,9229.380427401928,5697.672758795612
forecast_5600,2025-08-22 08:00:00,10442.780237993942,8632.779631988391,4985.811872136833
forecast_5601,2025-08-22 09:00:00,7943.7700681072565,7244.461333840718,3968.2934352615166
forecast_5602,2025-08-22 10:00:00,5310.046560029301,4957.497577727471,3382.3400158213426
forecast_5603,2025-08-22 11:00:00,4202.469907928148,3358.0197085267387,3308.4647033865463
forecast_5604,2025-08-22 12:00:00,3789.7057232938582,3766.9502837115983,3708.057749395862
forecast_5605,2025-08-22 13:00:00,3752.978138735153,3745.378473288456,3502.395670330456
forecast_5606,2025-08-22 14:00:00,4333.435657258741,3804.321908757262,3731.1566346122004
forecast_5607,2025-08-22 15:00:00,4333.796135871264,2936.804204856212,2859.125475245741
forecast_5608,2025-08-22 16:00:00,4753.263252008039,3775.937919642548,3472.4778099224864
forecast_5609,2025-08-22 17:00:00,5419.204849206234,4865.4939382439225,4157.015289595101
forecast_5610,2025-08-22 18:00:00,7034.85233402105,6051.2608865348875,4389.707650300129
forecast_5611,2025-08-22 19:00:00,9095.869173646048,7661.242788980622,5206.13195683031
forecast_5612,2025-08-22 20:00:00,10581.68109134755,8867.43778270737,7796.115422167354
forecast_5613,2025-08-22 21:00:00,12022.14463622896,10860.218707666245,8772.690625599049
forecast_5614,2025-08-22 22:00:00,14186.761416349755,13282.905264558674,10572.036095171574
forecast_5615,2025-08-22 23:00:00,15007.051256158515,13889.164746155808,10875.016758628095
forecast_5616,2025-08-23 00:00:00,15369.5896297854,13731.254954492162,11716.533957138487
forecast_5617,2025-08-23 01:00:00,15648.104685483297,14263.526046578581,12735.799091321598
forecast_5618,2025-08-23 02:00:00,15288.917679651126,13709.167939996949,11977.522707565679
forecast_5619,2025-08-23 03:00:00,14837.101633064034,13574.37268270168,11284.29532304082
forecast_5620,2025-08-23 04:00:00,13779.923281799083,13020.588997806477,9599.752091898921
forecast_5621,2025-08-23 05:00:00,11857.450018080242,10578.761262550943,8020.8382899279595
forecast_5622,2025-08-23 06:00:00,9988.043577425782,8151.116588388741,5727.016966112292
forecast_5623,2025-08-23 07:00:00,7706.983701226741,5947.21053215888,4283.234451323609
forecast_5624,2025-08-23 08:00:00,5180.292882674231,2834.363120864725,3346.2618321631226
forecast_5625,2025-08-23 09:00:00,3795.0793272757705,3699.236797699611,3387.2315141539148
forecast_5626,2025-08-23 10:00:00,3480.151184276956,3472.323040022857,3371.8230370005567
forecast_5627,2025-08-23 11:00:00,3460.47210322524,3459.0269573794676,3360.7721643250666
forecast_5628,2025-08-23 12:00:00,3457.6791221866747,3458.737184547891,3360.349343974746
forecast_5629,2025-08-23 13:00:00,3457.639498865482,3458.2159083657943,3360.84545574381
forecast_5630,2025-08-23 14:00:00,3456.870128068492,3457.231869133777,3360.3001306973724
forecast_5631,2025-08-23 15:00:00,3456.9209208214997,3457.3005395873074,3360.9821573602585
forecast_5632,2025-08-23 16:00:00,3458.8218995311972,3465.7192922398535,3360.3580908309036
forecast_5633,2025-08-23 17:00:00,3460.722210807787,3471.7378312634646,3360.8187330754404
forecast_5634,2025-08-23 18:00:00,3473.062335610806,3522.529902086973,3363.754628405771
forecast_5635,2025-08-23 19:00:00,3520.0068618407427,3682.101127824253,3364.0623307605856
forecast_5636,2025-08-23 20:00:00,3528.2007145427583,3717.3396956171828,3372.91005549871
forecast_5637,2025-08-23 21:00:00,3569.6930264539355,3718.046335802773,3403.369116101482
forecast_5638,2025-08-23 22:00:00,3720.0066346947347,3347.0315392480557,3549.8541218184096
forecast_5639,2025-08-23 23:00:00,3641.967317724745,3429.532823997763,3554.1089448607163
forecast_5640,2025-08-24 00:00:00,3679.128237282381,3335.1222139998795,3688.8783674138435
forecast_5641,2025-08-24 01:00:00,3747.8691448679942,3839.155926696494,3422.078823106007
forecast_5642,2025-08-24 02:00:00,3753.3107501157842,3700.2976791307965,3407.15822396436
forecast_5643,2025-08-24 03:00:00,3708.7078875101092,3823.6100946795896,3395.286746067051
forecast_5644,2025-08-24 04:00:00,3747.2705126527826,3644.157122480843,3399.8127940027725
forecast_5645,2025-08-24 05:00:00,3575.660502022875,3642.238825419395,3364.34779989118
forecast_5646,2025-08-24 06:00:00,3471.7331207803722,3487.1179431138853,3362.45753713597
forecast_5647,2025-08-24 07:00:00,3463.9894819324704,3469.7421829581963,3363.6287460404114
forecast_5648,2025-08-24 08:00:00,3488.7052277959215,3502.1762745986375,3364.9035972004845
forecast_5649,2025-08-24 09:00:00,3468.684274508429,3470.7560238902856,3361.652605294227
forecast_5650,2025-08-24 10:00:00,3459.042365411461,3459.4077548916107,3360.8312020596513
forecast_5651,2025-08-24 11:00:00,3458.9749599702773,3458.530485140917,3360.687963032811
forecast_5652,2025-08-24 12:00:00,3457.997536966638,3457.585495015667,3360.2051060940566
forecast_5653,2025-08-24 13:00:00,3458.2802356781867,3459.1109618405603,3360.8363254855794
forecast_5654,2025-08-24 14:00:00,3459.231668268564,3459.0106600217455,3362.7807686664987
forecast_5655,2025-08-24 15:00:00,3471.4648492877814,3484.224129677885,3375.4311153867657
forecast_5656,2025-08-24 16:00:00,3489.0771013169096,3528.2218002007025,3433.8316247084626
forecast_5657,2025-08-24 17:00:00,3522.009234305553,3623.562229564978,3414.332535079841
forecast_5658,2025-08-24 18:00:00,3612.170432418556,3815.498529004048,3498.3928610804846
forecast_5659,2025-08-24 19:00:00,3628.330639167249,3818.235332265695,3522.541699602936
forecast_5660,2025-08-24 20:00:00,3712.7353768927696,3768.231005178282,3381.170707016947
forecast_5661,2025-08-24 21:00:00,3630.5469395703753,2731.036131536892,3532.059729024202
forecast_5662,2025-08-24 22:00:00,3810.2303785988615,3812.1814308361786,3429.813823032536
forecast_5663,2025-08-24 23:00:00,4695.351399760615,3768.3599656755628,3490.745893650411
forecast_5664,2025-08-25 00:00:00,3824.3355980115707,3683.168325212345,3597.118699116968
forecast_5665,2025-08-25 01:00:00,4595.21545960224,3622.674990385536,3538.703369181284
forecast_5666,2025-08-25 02:00:00,4710.0190546927215,3660.891081825199,3605.978484656991
forecast_5667,2025-08-25 03:00:00,4892.153930626094,3343.6169890624888,3772.564698371158
forecast_5668,2025-08-25 04:00:00,5435.949340958217,3679.3718318721126,3719.034266443877
forecast_5669,2025-08-25 05:00:00,5248.208574373192,3524.8842537345267,3553.0843796515524
forecast_5670,2025-08-25 06:00:00,5255.80672131946,3796.3506251259573,3743.246003394519
forecast_5671,2025-08-25 07:00:00,5110.29264987961,3392.3113630808316,3768.072607113494
forecast_5672,2025-08-25 08:00:00,3481.972097311093,2717.0498180302206,3393.441988580201
forecast_5673,2025-08-25 09:00:00,3638.11036245026,3748.6873398578477,3388.345959215028
forecast_5674,2025-08-25 10:00:00,3478.6535653921046,3492.330823230712,3362.588696733376
forecast_5675,2025-08-25 11:00:00,3484.975209560727,3532.7816020200635,3368.7103390487405
forecast_5676,2025-08-25 12:00:00,3514.390322883002,3622.5306702030866,3433.032560451925
forecast_5677,2025-08-25 13:00:00,3488.5133068004316,3511.0750236266417,3391.5687003205903
forecast_5678,2025-08-25 14:00:00,3505.0626366237116,3550.087756251968,3452.71940355298
forecast_5679,2025-08-25 15:00:00,3667.826858111978,3726.50687889215,3649.6432354988297
forecast_5680,2025-08-25 16:00:00,3505.0145260734084,2914.5121262426014,3768.923193608585
forecast_5681,2025-08-25 17:00:00,3813.228483778661,3544.429848278963,3202.6116752541384
forecast_5682,2025-08-25 18:00:00,5875.1092796395005,5146.570257260043,4264.244501652427
forecast_5683,2025-08-25 19:00:00,6998.715487183114,6829.087944173063,4321.468353574475
forecast_5684,2025-08-25 20:00:00,9894.457020650647,9663.801774086149,6012.784434445691
forecast_5685,2025-08-25 21:00:00,11420.873072894086,11780.759515637805,7927.582705244716
forecast_5686,2025-08-25 22:00:00,13039.98618215344,13972.324602752737,9958.655058753024
forecast_5687,2025-08-25 23:00:00,13444.218895528087,14632.942251590597,11982.975827843844
forecast_5688,2025-08-26 00:00:00,13604.321008422336,15068.742421572008,12993.799614541818
forecast_5689,2025-08-26 01:00:00,14116.774499046736,15784.969383109094,13928.957853105945
forecast_5690,2025-08-26 02:00:00,13999.935883520417,16035.075121505643,14431.283087753418
forecast_5691,2025-08-26 03:00:00,13954.2911255941,16046.36130968551,14723.2597635924
forecast_5692,2025-08-26 04:00:00,14044.212598817561,15886.821298107703,14789.895421402352
forecast_5693,2025-08-26 05:00:00,14026.059425741174,16095.976335772317,15263.299743458843
forecast_5694,2025-08-26 06:00:00,14145.388313753598,16154.929758328388,15461.367414615934
forecast_5695,2025-08-26 07:00:00,13715.807694899575,15817.232600275389,15294.547532469238
forecast_5696,2025-08-26 08:00:00,13882.2469065358,15584.633452479331,14271.18671833213
forecast_5697,2025-08-26 09:00:00,13446.006016027515,15420.952769813723,14935.403445762608
forecast_5698,2025-08-26 10:00:00,12255.336572928929,14746.271110305477,13739.106574020308
forecast_5699,2025-08-26 11:00:00,12310.724699243945,14473.62963728904,13497.26182543857
forecast_5700,2025-08-26 12:00:00,12117.117925503677,13921.630929501602,13643.013727635402
forecast_5701,2025-08-26 13:00:00,12149.990312487453,13448.867578490335,14340.596159193337
forecast_5702,2025-08-26 14:00:00,11890.521288417625,13116.45450792834,14061.005319033231
forecast_5703,2025-08-26 15:00:00,12208.22848485686,13241.719789961375,13986.129897801768
forecast_5704,2025-08-26 16:00:00,11748.158283499715,12039.775591701968,12097.565452752146
forecast_5705,2025-08-26 17:00:00,11771.685203933113,12426.797267623544,11475.423787593732
forecast_5706,2025-08-26 18:00:00,11540.957850136183,11556.569195988583,11109.764295181832
forecast_5707,2025-08-26 19:00:00,10131.309726812016,10160.877970482636,9687.438267532267
forecast_5708,2025-08-26 20:00:00,9496.317245785138,9912.864620814635,8523.583828079305
forecast_5709,2025-08-26 21:00:00,10161.544139631706,10295.626032151722,8654.87398398185
forecast_5710,2025-08-26 22:00:00,10515.245551310056,10857.494502319498,8944.294077178722
forecast_5711,2025-08-26 23:00:00,9392.06035312501,9144.451067823806,7809.896316984408
forecast_5712,2025-08-27 00:00:00,8605.291111161969,8477.435598010754,6730.391257764234
forecast_5713,2025-08-27 01:00:00,8533.234719520617,7711.08072698138,6506.528072920918
forecast_5714,2025-08-27 02:00:00,7505.3895635688405,5968.737914558668,6036.605435449093
forecast_5715,2025-08-27 03:00:00,6384.926551846294,3819.5833514129627,4570.1279328877
forecast_5716,2025-08-27 04:00:00,5208.294492818249,3827.032474977955,3544.723729695422
forecast_5717,2025-08-27 05:00:00,3735.7164810379904,3694.7539495074557,3420.7142031765047
forecast_5718,2025-08-27 06:00:00,3530.2721808659962,3506.2257694348245,3376.469690039876
forecast_5719,2025-08-27 07:00:00,3467.4440160024,3468.211082052058,3363.3409009549546
forecast_5720,2025-08-27 08:00:00,3461.14752327156,3463.467620079623,3363.0827878958735
forecast_5721,2025-08-27 09:00:00,3457.766722103783,3461.4056708515027,3360.459515199202
forecast_5722,2025-08-27 10:00:00,3457.0413260139144,3458.059131782278,3360.258537019482
forecast_5723,2025-08-27 11:00:00,3457.3142140997343,3458.27153764672,3360.8236394240394
forecast_5724,2025-08-27 12:00:00,3457.604031696215,3456.9746870864747,3362.4599958329864
forecast_5725,2025-08-27 13:00:00,3458.907600052134,3458.3139142823175,3364.264720843371
forecast_5726,2025-08-27 14:00:00,3459.9655829955577,3461.0810686451728,3363.1802391522374
forecast_5727,2025-08-27 15:00:00,3459.840452784074,3459.172550178574,3364.7278883317863
forecast_5728,2025-08-27 16:00:00,3458.003867053248,3458.2864132380996,3361.17621915902
forecast_5729,2025-08-27 17:00:00,3458.23286460443,3457.0834969765638,3363.2288306639434
forecast_5730,2025-08-27 18:00:00,3458.623236229321,3459.9631893559686,3363.376216254469
forecast_5731,2025-08-27 19:00:00,3458.5167206698407,3459.552152481293,3366.6619356368606
forecast_5732,2025-08-27 20:00:00,3461.1293384706487,3469.3957445613705,3366.143468426429
forecast_5733,2025-08-27 21:00:00,3468.078008425488,3470.7903991465005,3369.6209766157226
forecast_5734,2025-08-27 22:00:00,3468.7741296971826,3469.57282515459,3362.971782515114
forecast_5735,2025-08-27 23:00:00,3518.3271572272333,3561.133395465074,3366.163908720388
forecast_5736,2025-08-28 00:00:00,3496.1232634245803,3492.2980904758424,3365.315537258345
forecast_5737,2025-08-28 01:00:00,3507.127560213576,3513.1694411424655,3400.383576793217
forecast_5738,2025-08-28 02:00:00,3649.146527767875,3631.081935653416,3455.422480739669
forecast_5739,2025-08-28 03:00:00,3773.879169656846,3750.5194958709585,3430.4663620432143
forecast_5740,2025-08-28 04:00:00,3838.821079805555,3829.1612922779814,3446.045585105216
forecast_5741,2025-08-28 05:00:00,3808.7963061148703,3893.686619217276,3594.6817768548217
forecast_5742,2025-08-28 06:00:00,3968.7260094362227,4456.449667310966,3581.146763534588
forecast_5743,2025-08-28 07:00:00,5099.608382611695,4090.067582552306,3513.0620309225715
forecast_5744,2025-08-28 08:00:00,3652.613481459047,3230.046523425248,3414.128581962582
forecast_5745,2025-08-28 09:00:00,3750.759372045856,3878.3502310307263,3414.1168469710387
forecast_5746,2025-08-28 10:00:00,3532.275537341794,3585.2961136051463,3436.6442402861044
forecast_5747,2025-08-28 11:00:00,3504.9047513836126,3529.0314655710613,3402.6765635076285
forecast_5748,2025-08-28 12:00:00,3493.879744295589,3500.224220586167,3517.1335927183004
forecast_5749,2025-08-28 13:00:00,3533.078309608256,3513.8057786987815,3747.4351885216947
forecast_5750,2025-08-28 14:00:00,3608.3646834318088,3630.175506253362,3626.428169600326
forecast_5751,2025-08-28 15:00:00,3748.268172375995,3647.108498324702,3737.2276713948927
forecast_5752,2025-08-28 16:00:00,3910.0156329883666,4168.406359113414,3292.9010631670703
forecast_5753,2025-08-28 17:00:00,4995.287826054541,5533.024203385713,4003.694161622946
forecast_5754,2025-08-28 18:00:00,6803.367267483142,7214.073716415957,4573.922550137522
forecast_5755,2025-08-28 19:00:00,8003.965479911575,8793.789753652134,5843.002410019092
forecast_5756,2025-08-28 20:00:00,10383.750493727692,11968.265508860208,7812.680630890469
forecast_5757,2025-08-28 21:00:00,11596.250069825684,13010.103440357632,8597.713685014896
forecast_5758,2025-08-28 22:00:00,12800.083106772892,14461.611669300033,11733.399363803022
forecast_5759,2025-08-28 23:00:00,14081.075062334947,15326.010378152165,14562.090600817386
forecast_5760,2025-08-29 00:00:00,15343.21493464979,16125.71296158802,15750.901134673635
forecast_5761,2025-08-29 01:00:00,15866.535027059936,16889.41530816016,16250.708926839761
forecast_5762,2025-08-29 02:00:00,15756.125314108778,17138.23441695038,16513.82689967875
forecast_5763,2025-08-29 03:00:00,15939.233265283237,17169.86758001118,16401.349866194934
forecast_5764,2025-08-29 04:00:00,16061.28221944919,17300.106970644927,16447.161109531822
forecast_5765,2025-08-29 05:00:00,15773.26458066078,17537.86520507413,17390.856413223908
forecast_5766,2025-08-29 06:00:00,15276.28327496468,17327.487392220755,17280.89381778299
forecast_5767,2025-08-29 07:00:00,15559.10837834353,17177.05207276652,17060.13518858554
forecast_5768,2025-08-29 08:00:00,16321.716833016597,17331.244407363163,16566.118156130873
forecast_5769,2025-08-29 09:00:00,15802.232740520829,17161.453233984346,15651.941388484303
forecast_5770,2025-08-29 10:00:00,14691.394323306673,15702.929289673171,13058.999334673857
forecast_5771,2025-08-29 11:00:00,13575.090159980433,13609.900802089163,12294.178780337905
forecast_5772,2025-08-29 12:00:00,11579.24758770456,10762.12749853259,11154.603314661039
forecast_5773,2025-08-29 13:00:00,11027.72103572052,9109.82496432882,10974.869347686868
forecast_5774,2025-08-29 14:00:00,10952.437319740107,9376.688808226205,11787.085072869739
forecast_5775,2025-08-29 15:00:00,10587.747262290924,9431.030386807512,11270.72685656128
forecast_5776,2025-08-29 16:00:00,10256.877275823703,9254.557540920747,11118.699571531091
forecast_5777,2025-08-29 17:00:00,10398.527596642569,10223.770982599777,11094.825887746307
forecast_5778,2025-08-29 18:00:00,11300.407739586853,10926.175420245081,10362.153268867909
forecast_5779,2025-08-29 19:00:00,12605.296137919997,11828.245004179025,11363.31740344854
forecast_5780,2025-08-29 20:00:00,12990.568791512243,12564.971705403039,12249.323518224759
forecast_5781,2025-08-29 21:00:00,13732.7152856805,12972.383170479683,11753.601652125213
forecast_5782,2025-08-29 22:00:00,14790.003720524865,14154.575395333064,12502.268959060024
forecast_5783,2025-08-29 23:00:00,14346.622285577065,13648.415695244592,12034.057276618736
forecast_5784,2025-08-30 00:00:00,13758.477041451859,13110.95083075946,10697.276536222427
forecast_5785,2025-08-30 01:00:00,14784.674315289429,13368.076983854762,11495.086314760067
forecast_5786,2025-08-30 02:00:00,14639.158408716938,13276.87377655244,10918.265480903345
forecast_5787,2025-08-30 03:00:00,14170.165740865834,12805.438763881517,10267.973877253562
forecast_5788,2025-08-30 04:00:00,13263.041947099584,12331.580419193697,9573.15656558
forecast_5789,2025-08-30 05:00:00,11732.199046385913,11707.852516211573,7954.042043931901
forecast_5790,2025-08-30 06:00:00,11612.092540261378,10940.004968362438,7411.757995138031
forecast_5791,2025-08-30 07:00:00,11034.597682616824,9635.05475353876,6328.321966837568
forecast_5792,2025-08-30 08:00:00,9101.421400805653,8943.475437121018,5252.296169034975
forecast_5793,2025-08-30 09:00:00,5974.402868008825,5441.794059404753,4321.429987790418
forecast_5794,2025-08-30 10:00:00,4287.879990853059,3787.3153882557403,3769.9908069226913
forecast_5795,2025-08-30 11:00:00,3800.758616065995,2465.203554747082,3773.440138788499
forecast_5796,2025-08-30 12:00:00,3338.9352392459464,2060.059863425341,3607.1083465244765
forecast_5797,2025-08-30 13:00:00,3580.6792167348713,3722.4703651850145,3502.1631778750684
forecast_5798,2025-08-30 14:00:00,3513.5223675179773,3595.619632301203,3522.746463817826
forecast_5799,2025-08-30 15:00:00,3592.8975056087233,3817.8439331879918,2966.764138909713
forecast_5800,2025-08-30 16:00:00,3684.0133661986715,3752.409154006179,2871.7945826028367
forecast_5801,2025-08-30 17:00:00,3645.6431659693835,3704.2610342024045,3489.954193303119
forecast_5802,2025-08-30 18:00:00,3666.191695690073,3788.9094186313127,3504.583857575946
forecast_5803,2025-08-30 19:00:00,3663.424183033663,3023.365137798018,3522.581200624331
forecast_5804,2025-08-30 20:00:00,4903.708002124589,4106.450564460656,3566.5304238260983
forecast_5805,2025-08-30 21:00:00,5207.399936615776,4653.21803046373,3715.807088145292
forecast_5806,2025-08-30 22:00:00,6063.826649790909,5038.579340136441,3946.12997308385
forecast_5807,2025-08-30 23:00:00,6276.192193226526,4745.375973255148,3928.038640875071
forecast_5808,2025-08-31 00:00:00,5886.2773247514215,5209.7473831411435,3870.334985472174
forecast_5809,2025-08-31 01:00:00,6242.461402156314,6207.995692491132,4019.6239512468183
forecast_5810,2025-08-31 02:00:00,6663.091957348685,6456.129111180527,4055.982964141431
forecast_5811,2025-08-31 03:00:00,7201.798732323948,6665.20818624523,3962.1697752063833
forecast_5812,2025-08-31 04:00:00,6064.005668531295,5469.8825940019115,3540.9158570349596
forecast_5813,2025-08-31 05:00:00,5684.367370752296,4429.402217828652,3459.7366574396333
forecast_5814,2025-08-31 06:00:00,3734.9125986735544,3140.324119434673,3468.300680464689
forecast_5815,2025-08-31 07:00:00,3675.847879351141,3678.9399655535053,3393.808324067062
forecast_5816,2025-08-31 08:00:00,3641.338162480042,3793.3933599584125,3384.669388920931
forecast_5817,2025-08-31 09:00:00,3552.9573517784047,3642.514893742934,3362.6250532801273
forecast_5818,2025-08-31 10:00:00,3531.793763005459,3719.3771337159615,3391.8337206400406
forecast_5819,2025-08-31 11:00:00,3519.854369885388,3598.3106772717815,3401.662100663191
forecast_5820,2025-08-31 12:00:00,3507.1774286397977,3559.591373578982,3413.1960317721605
forecast_5821,2025-08-31 13:00:00,3488.7766060426156,3567.6652378836393,3553.7085886095465
forecast_5822,2025-08-31 14:00:00,3557.458992090755,3770.2737172906495,3700.3571592026788
forecast_5823,2025-08-31 15:00:00,3596.9599666067197,3473.3047279571992,3494.2000535238376
forecast_5824,2025-08-31 16:00:00,3743.2309536495864,3653.57324008081,3486.8499912070915
forecast_5825,2025-08-31 17:00:00,4729.3851507526215,4325.324395911671,3492.371368989042
forecast_5826,2025-08-31 18:00:00,4105.5294388956845,4988.871706073554,3808.8119254177113
forecast_5827,2025-08-31 19:00:00,6849.913468756721,6726.091903014502,4884.620197850641
forecast_5828,2025-08-31 20:00:00,7843.423742714627,8610.110570386341,5748.529108711003
forecast_5829,2025-08-31 21:00:00,8611.089715487346,8792.7711559409,6357.468477828703
forecast_5830,2025-08-31 22:00:00,10257.556448901565,10356.136969564266,7072.087539457936
forecast_5831,2025-08-31 23:00:00,10079.860950166058,10645.234874841071,7615.667535573673
forecast_5832,2025-09-01 00:00:00,10390.22391586174,11149.693154927922,7866.699315991444
forecast_5833,2025-09-01 01:00:00,11463.108098252978,12936.838215018497,9163.002593747831
forecast_5834,2025-09-01 02:00:00,10734.143116408872,12508.046611499025,8364.958293739679
forecast_5835,2025-09-01 03:00:00,10966.38142226742,13346.133535627336,9491.643850446799
forecast_5836,2025-09-01 04:00:00,12388.530929339508,14076.991730194506,11044.771119858038
forecast_5837,2025-09-01 05:00:00,13311.677123292025,14325.24460939347,11295.562369386333
forecast_5838,2025-09-01 06:00:00,12649.571944179357,13912.227024496071,10248.08736508967
forecast_5839,2025-09-01 07:00:00,11789.024098737375,13021.016142835324,9813.367574058671
forecast_5840,2025-09-01 08:00:00,10997.376541258875,11492.568098729034,7765.784582780945
forecast_5841,2025-09-01 09:00:00,9981.471997824508,10845.492974689221,7601.574596912164
forecast_5842,2025-09-01 10:00:00,8543.148312883912,9803.516981396653,7846.801069531113
forecast_5843,2025-09-01 11:00:00,7291.907722810805,7065.763681969908,6644.436439040096
forecast_5844,2025-09-01 12:00:00,7257.0331394619025,6371.579581693489,6523.109629195412
forecast_5845,2025-09-01 13:00:00,7166.519010249813,6083.000676839482,6395.016829356054
forecast_5846,2025-09-01 14:00:00,7487.40355867247,5912.006885374087,6459.673193865618
forecast_5847,2025-09-01 15:00:00,7953.578488405621,6033.769352012837,6993.465425574331
forecast_5848,2025-09-01 16:00:00,8148.91743544797,6719.97939692007,6865.0031811222825
forecast_5849,2025-09-01 17:00:00,8326.869650679217,7768.130656943576,7103.327739167013
forecast_5850,2025-09-01 18:00:00,8934.358333323444,7980.825668683293,6859.576678699236
forecast_5851,2025-09-01 19:00:00,8842.032814165057,7745.899103170446,7021.1526047916495
forecast_5852,2025-09-01 20:00:00,8901.55604003726,8174.37413957677,7071.934126339711
forecast_5853,2025-09-01 21:00:00,9078.379651350766,8965.817949942897,3646.1776110718383
forecast_5854,2025-09-01 22:00:00,8888.947350158885,9146.487788823428,3736.3252037543893
forecast_5855,2025-09-01 23:00:00,9700.388810454024,9658.57803108333,7292.124220396626
forecast_5856,2025-09-02 00:00:00,9414.208112072862,9884.922186790043,7129.16538340005
forecast_5857,2025-09-02 01:00:00,11346.395508670023,12097.7031737389,9058.300080711224
forecast_5858,2025-09-02 02:00:00,10840.602350741487,11383.474268912516,8579.27666257925
forecast_5859,2025-09-02 03:00:00,10604.90585674396,11479.211793340988,8645.702710607973
forecast_5860,2025-09-02 04:00:00,9933.381742949918,10521.919478597434,8076.106762941228
forecast_5861,2025-09-02 05:00:00,8991.17197871299,9462.363089581997,7485.304820318904
forecast_5862,2025-09-02 06:00:00,8408.823901897862,8643.493719734044,6459.944837552738
forecast_5863,2025-09-02 07:00:00,7098.293925616304,6251.593845854493,4978.303682152173
forecast_5864,2025-09-02 08:00:00,6079.628939117633,5741.231065850923,3907.6389644227597
forecast_5865,2025-09-02 09:00:00,5001.209223838145,4588.216873113138,3377.333604749599
forecast_5866,2025-09-02 10:00:00,3683.201689994887,3353.596115817048,3476.962022639717
forecast_5867,2025-09-02 11:00:00,3653.4944479780274,3664.519099230635,3429.1482723487497
forecast_5868,2025-09-02 12:00:00,3498.4170747104286,3493.8947522932226,3378.598418493467
forecast_5869,2025-09-02 13:00:00,3489.175530485359,3505.2332841648717,3365.960204867303
forecast_5870,2025-09-02 14:00:00,3463.428875432784,3465.9673944963565,3360.9123804214173
forecast_5871,2025-09-02 15:00:00,3457.9042157539075,3459.1433555515214,3360.368146729188
forecast_5872,2025-09-02 16:00:00,3457.0096369767543,3458.3136563007847,3360.213879999331
forecast_5873,2025-09-02 17:00:00,3456.998911797256,3459.165976670251,3360.1209519640506
forecast_5874,2025-09-02 18:00:00,3456.8584717464655,3458.50119755813,3360.0571282056894
forecast_5875,2025-09-02 19:00:00,3456.69124727749,3457.1593503402005,3360.0453864707706
forecast_5876,2025-09-02 20:00:00,3457.0029757444663,3459.247928392386,3360.7179496238264
forecast_5877,2025-09-02 21:00:00,3458.4471906482568,3464.5654935681277,3360.657966580781
forecast_5878,2025-09-02 22:00:00,3461.7552324740946,3465.6254262931243,3361.3881406504997
forecast_5879,2025-09-02 23:00:00,3474.1992379466883,3464.109137613589,3361.5068822010107
forecast_5880,2025-09-03 00:00:00,3466.188656470231,3465.8332993868044,3360.478605306493
forecast_5881,2025-09-03 01:00:00,3470.310742627961,3464.9599445010685,3360.606162699351
forecast_5882,2025-09-03 02:00:00,3472.2582809709693,3461.3427743712873,3360.7702512457936
forecast_5883,2025-09-03 03:00:00,3470.6347195279523,3463.260213191832,3360.8393249283663
forecast_5884,2025-09-03 04:00:00,3498.844841920117,3474.5040333345178,3361.037280609497
forecast_5885,2025-09-03 05:00:00,3472.3223914498117,3478.761555356701,3361.0512773474343
forecast_5886,2025-09-03 06:00:00,3469.0346164248967,3471.1951033692067,3360.984326979882
forecast_5887,2025-09-03 07:00:00,3463.3998853838743,3475.5932839145535,3360.7908367272353
forecast_5888,2025-09-03 08:00:00,3463.32366098261,3475.7635628173903,3360.240473972529
forecast_5889,2025-09-03 09:00:00,3458.604394663601,3461.7355522103735,3360.0865599652616
forecast_5890,2025-09-03 10:00:00,3456.676630915941,3457.339137410726,3360.0770741427577
forecast_5891,2025-09-03 11:00:00,3456.658452283736,3456.5099048168913,3360.213872753517
forecast_5892,2025-09-03 12:00:00,3456.9161161776487,3456.789088621547,3360.440486800077
forecast_5893,2025-09-03 13:00:00,3456.9356941189785,3457.0566106310166,3360.8844463378923
forecast_5894,2025-09-03 14:00:00,3457.2349231688077,3457.394553713308,3360.7174262892627
forecast_5895,2025-09-03 15:00:00,3457.394593276971,3457.514983865863,3361.219803611793
forecast_5896,2025-09-03 16:00:00,3457.0111384618663,3457.6539978088813,3361.5934152300047
forecast_5897,2025-09-03 17:00:00,3456.5841544678374,3456.81810251043,3360.8105549982965
forecast_5898,2025-09-03 18:00:00,3457.652374238495,3460.070942961777,3361.293672337072
forecast_5899,2025-09-03 19:00:00,3461.4046010214565,3460.2451661189175,3360.5548965830553
forecast_5900,2025-09-03 20:00:00,3463.191368960992,3472.783877166424,3360.523977712079
forecast_5901,2025-09-03 21:00:00,3465.0249172466865,3483.602763999617,3366.2034250241195
forecast_5902,2025-09-03 22:00:00,3473.891030357538,3482.5588661901793,3361.4575783277355
forecast_5903,2025-09-03 23:00:00,3472.880757215205,3480.756970468822,3362.576788176365
forecast_5904,2025-09-04 00:00:00,3484.944208685534,3482.8664040128406,3361.0738800613167
forecast_5905,2025-09-04 01:00:00,3541.5334364948903,3599.911682242634,3360.5225810360785
forecast_5906,2025-09-04 02:00:00,3549.827984126489,3574.902679050923,3360.192499837578
forecast_5907,2025-09-04 03:00:00,3505.869895803564,3566.7651656186604,3360.5904408224005
forecast_5908,2025-09-04 04:00:00,3492.5649554713523,3531.289523047549,3360.4756581879524
forecast_5909,2025-09-04 05:00:00,3511.2446681925394,3544.3495606211386,3360.312000891687
forecast_5910,2025-09-04 06:00:00,3621.3641349423447,3818.0051421017474,3361.7065402353664
forecast_5911,2025-09-04 07:00:00,3793.302778546842,3831.9423486458127,3363.2194199237974
forecast_5912,2025-09-04 08:00:00,3646.8451217980714,3805.9197296014117,3364.3905115377065
forecast_5913,2025-09-04 09:00:00,3594.5085513201575,3659.844325736762,3367.132781615595
forecast_5914,2025-09-04 10:00:00,3488.270982306279,3489.780415195784,3363.211815500226
forecast_5915,2025-09-04 11:00:00,3474.0995750511925,3476.4967484255008,3362.557294854902
forecast_5916,2025-09-04 12:00:00,3470.8510381520123,3476.1451554600653,3365.49499318777
forecast_5917,2025-09-04 13:00:00,3473.9262445701775,3499.8790153052787,3367.0303358014717
forecast_5918,2025-09-04 14:00:00,3480.741759377554,3495.5293859474978,3368.9727446728875
forecast_5919,2025-09-04 15:00:00,3522.902553326215,3588.0506074264263,3380.69613384344
forecast_5920,2025-09-04 16:00:00,3565.2813290985696,3664.7110090258416,3398.077675135222
forecast_5921,2025-09-04 17:00:00,3350.051687033616,2247.938965154342,3386.914649192723
forecast_5922,2025-09-04 18:00:00,3540.227354457824,2468.0410032345685,3377.768763978188
forecast_5923,2025-09-04 19:00:00,3473.089485835488,2584.552712430795,3376.065632243179
forecast_5924,2025-09-04 20:00:00,3665.2082206005407,2778.2816473255593,3375.156646739602
forecast_5925,2025-09-04 21:00:00,3677.110258220571,2886.8449751042817,3382.333565418124
forecast_5926,2025-09-04 22:00:00,3651.932439055312,2853.4771874642884,3374.7282864394465
forecast_5927,2025-09-04 23:00:00,3232.286891801594,2840.8785852682454,3376.930129535493
forecast_5928,2025-09-05 00:00:00,3623.843443467693,2747.068630649226,3381.3124435918066
forecast_5929,2025-09-05 01:00:00,3485.6602352633936,2552.9989121458643,3363.9530116734636
forecast_5930,2025-09-05 02:00:00,3375.5488040257414,2459.325648861487,3364.4308715759744
forecast_5931,2025-09-05 03:00:00,3635.54857515439,3811.557798674089,3367.9233806690277
forecast_5932,2025-09-05 04:00:00,3688.8511080456087,3755.0456423802634,3374.493264859244
forecast_5933,2025-09-05 05:00:00,3569.152287957891,2532.8403335291177,3386.0023917366016
forecast_5934,2025-09-05 06:00:00,3673.3459965572833,3823.1035017735167,3396.0318792385847
forecast_5935,2025-09-05 07:00:00,3650.948525858227,3671.6020888814637,3385.292412532566
forecast_5936,2025-09-05 08:00:00,3557.831167134817,3548.5327534838425,3379.494539159403
forecast_5937,2025-09-05 09:00:00,3468.016690271082,3489.9153350142124,3370.256049775993
forecast_5938,2025-09-05 10:00:00,3459.5726283654153,3463.014540058926,3362.849179414465
forecast_5939,2025-09-05 11:00:00,3458.1191139061743,3459.4821992930138,3363.6724135888776
forecast_5940,2025-09-05 12:00:00,3456.7364186195514,3457.245528621854,3360.7477570369124
forecast_5941,2025-09-05 13:00:00,3456.7810757552897,3457.274545486841,3360.3792637458832
forecast_5942,2025-09-05 14:00:00,3456.460737560508,3456.7870864635684,3360.2905960595463
forecast_5943,2025-09-05 15:00:00,3456.261502948281,3456.6628997326684,3360.089471470504
forecast_5944,2025-09-05 16:00:00,3456.6265174096566,3458.1776344548575,3360.095762941364
forecast_5945,2025-09-05 17:00:00,3457.5979151331608,3460.686955719035,3360.137114058172
forecast_5946,2025-09-05 18:00:00,3461.250578793242,3470.866989110914,3360.5125487883156
forecast_5947,2025-09-05 19:00:00,3469.9421406667975,3500.219237320725,3363.303462089505
forecast_5948,2025-09-05 20:00:00,3564.080254383188,3573.862786692652,3401.282478463686
forecast_5949,2025-09-05 21:00:00,3659.9941615038474,3750.1316638183243,3510.3760303336267
forecast_5950,2025-09-05 22:00:00,3710.321127241648,3276.8926275822787,3699.378485562923
forecast_5951,2025-09-05 23:00:00,5550.307388114503,5199.309688649511,4110.552797218633
forecast_5952,2025-09-06 00:00:00,6315.387236973716,6699.658247043273,4009.7981993592202
forecast_5953,2025-09-06 01:00:00,9205.2625118933,9969.116619593235,5151.595455809752
forecast_5954,2025-09-06 02:00:00,11065.985909327384,11904.648851678523,6917.292585071558
forecast_5955,2025-09-06 03:00:00,12609.527342202235,13230.006870835768,8205.008825954495
forecast_5956,2025-09-06 04:00:00,13623.13424756167,14295.85182405223,9478.932481101425
forecast_5957,2025-09-06 05:00:00,14030.340096039512,14858.345575374995,11253.645015500524
forecast_5958,2025-09-06 06:00:00,14043.11368913716,15085.655890192125,12466.327738928527
forecast_5959,2025-09-06 07:00:00,14212.691487427115,15355.576165673485,12909.041152400445
forecast_5960,2025-09-06 08:00:00,13545.99558982313,14863.973038631537,13114.905472271019
forecast_5961,2025-09-06 09:00:00,13938.140601900352,15054.572491094035,13098.313701912437
forecast_5962,2025-09-06 10:00:00,13626.178200494933,14704.131298693246,12863.849868739064
forecast_5963,2025-09-06 11:00:00,13149.563652895651,14139.840438217925,13074.901813773811
forecast_5964,2025-09-06 12:00:00,13222.745171621887,14522.170019852763,13577.274954557666
forecast_5965,2025-09-06 13:00:00,13401.51373329509,14371.12390130955,13894.402807266777
forecast_5966,2025-09-06 14:00:00,13219.349823350976,14386.851439986922,13952.357137141003
forecast_5967,2025-09-06 15:00:00,13796.413738643,14488.109586625407,14287.725810973468
forecast_5968,2025-09-06 16:00:00,14535.314279556442,15499.347592882832,14326.624330596831
forecast_5969,2025-09-06 17:00:00,14147.34896257801,15553.559130456748,14714.249441341666
forecast_5970,2025-09-06 18:00:00,14377.3561496947,16516.458433686672,15213.253242856463
forecast_5971,2025-09-06 19:00:00,14508.688623243976,16866.85102772733,15747.024698805048
forecast_5972,2025-09-06 20:00:00,14596.69907875591,16938.821636232795,16014.009617617308
forecast_5973,2025-09-06 21:00:00,15043.396720508732,17104.412304892172,16607.986371580482
forecast_5974,2025-09-06 22:00:00,15118.131407092904,17208.4325974976,16922.346903093152
forecast_5975,2025-09-06 23:00:00,14661.969293266606,16662.21644094682,17201.269138709886
forecast_5976,2025-09-07 00:00:00,14926.322515508138,16771.65212344708,17237.97437428439
forecast_5977,2025-09-07 01:00:00,15292.09501974867,16742.77675172233,17738.262253104338
forecast_5978,2025-09-07 02:00:00,15463.374078653529,17120.241552260373,17478.617241513606
forecast_5979,2025-09-07 03:00:00,15162.571932645787,16987.761263350894,16740.51494032829
forecast_5980,2025-09-07 04:00:00,14608.687853561782,16677.68038672854,15277.86326108197
forecast_5981,2025-09-07 05:00:00,13921.078695441838,16401.804844060523,14061.713667182692
forecast_5982,2025-09-07 06:00:00,13178.382946368507,14957.024575403284,12417.6751377398
forecast_5983,2025-09-07 07:00:00,12936.518649348045,14233.11390748551,12095.36460925027
forecast_5984,2025-09-07 08:00:00,13312.527635039036,14144.202167702984,11512.284556262319
forecast_5985,2025-09-07 09:00:00,11289.763026561037,11917.398816497294,8414.859424293481
forecast_5986,2025-09-07 10:00:00,9942.483589394033,9777.211166679113,7264.560151086952
forecast_5987,2025-09-07 11:00:00,8556.289987321707,8512.075505788165,7553.460087806835
forecast_5988,2025-09-07 12:00:00,6485.710811965512,5342.558423193609,4364.193465368173
forecast_5989,2025-09-07 13:00:00,5498.2998478841255,3796.4485385112757,3628.441714482736
forecast_5990,2025-09-07 14:00:00,3738.9235398414316,3755.404089759607,3637.920447192022
forecast_5991,2025-09-07 15:00:00,3907.798816571574,4018.610039525596,3680.5590648157104
forecast_5992,2025-09-07 16:00:00,5198.314708135874,4166.924624927555,3534.5288680480835
forecast_5993,2025-09-07 17:00:00,5784.661732241474,5130.899640023444,3934.661417092534
forecast_5994,2025-09-07 18:00:00,7632.0450300729035,6465.956626736517,5040.72685026419
forecast_5995,2025-09-07 19:00:00,9436.168365505117,8615.540022925432,5969.673574471559
forecast_5996,2025-09-07 20:00:00,11365.715175933794,11400.693446298525,7691.084835067163
forecast_5997,2025-09-07 21:00:00,11379.693124039286,12050.552055459506,7023.489801081782
forecast_5998,2025-09-07 22:00:00,12617.933414264027,12253.733323909692,8681.387850060402
forecast_5999,2025-09-07 23:00:00,12364.864170902736,11414.143888942494,8641.756529726925
forecast_6000,2025-09-08 00:00:00,11368.406692855506,10074.714520809051,8396.362190779375
forecast_6001,2025-09-08 01:00:00,9261.386122068687,8194.234858052863,6025.204436567729
forecast_6002,2025-09-08 02:00:00,8603.850062685167,7836.745753893202,6101.394161544393
forecast_6003,2025-09-08 03:00:00,7223.480654814054,5984.127147468791,5248.681413980086
forecast_6004,2025-09-08 04:00:00,3821.859690633846,3790.276440863976,3665.0480264927805
forecast_6005,2025-09-08 05:00:00,3720.175976576186,3537.4983231270435,3451.1120513224155
forecast_6006,2025-09-08 06:00:00,3704.761758358536,3661.0893493127087,3375.201827914187
forecast_6007,2025-09-08 07:00:00,3526.491813378301,3552.469784763026,3363.0913227292313
forecast_6008,2025-09-08 08:00:00,3464.962325065095,3466.7793064988196,3362.1592317210307
forecast_6009,2025-09-08 09:00:00,3461.0364138432556,3466.5863504994527,3360.3366038102613
forecast_6010,2025-09-08 10:00:00,3457.3978991774516,3459.013978591207,3360.227628105219
forecast_6011,2025-09-08 11:00:00,3457.445683953522,3457.5245976787555,3360.3916885205003
forecast_6012,2025-09-08 12:00:00,3459.7016459051924,3460.1006262763053,3360.7137336467626
forecast_6013,2025-09-08 13:00:00,3459.733023977316,3461.9479682012143,3362.97603833883
forecast_6014,2025-09-08 14:00:00,3459.7984494396915,3468.793162321183,3361.0470797233334
forecast_6015,2025-09-08 15:00:00,3463.805347500474,3459.0458361098104,3365.451872866408
forecast_6016,2025-09-08 16:00:00,3499.7938212864447,3486.4728763687754,3400.2465824682786
forecast_6017,2025-09-08 17:00:00,3609.498758401228,3622.687256429863,3465.0784405312706
forecast_6018,2025-09-08 18:00:00,3556.6488085005794,3573.562062633534,3435.7344707875745
forecast_6019,2025-09-08 19:00:00,3555.0880685060733,3506.5444427778048,3422.718389099318
forecast_6020,2025-09-08 20:00:00,3710.6213685039374,3523.887085352815,3417.830313529949
forecast_6021,2025-09-08 21:00:00,3807.2665209302045,3593.6458545701303,3503.2229350573148
forecast_6022,2025-09-08 22:00:00,5151.885915153403,3782.4708168626657,3616.902913176193
forecast_6023,2025-09-08 23:00:00,3788.575528568336,3765.127315745869,3506.9878582099873
forecast_6024,2025-09-09 00:00:00,3689.2642514048193,3694.7816530490304,3413.8988588404804
forecast_6025,2025-09-09 01:00:00,3706.6610639635196,3566.535069813874,3387.089388919275
forecast_6026,2025-09-09 02:00:00,3865.8806954079346,3842.149737307324,3623.4723521693463
forecast_6027,2025-09-09 03:00:00,3575.659646060054,3545.8794545747464,3376.4877824365876
forecast_6028,2025-09-09 04:00:00,3542.7146383055915,3497.2014165258242,3372.853260256018
forecast_6029,2025-09-09 05:00:00,3540.9455082361324,3601.4390970306545,3367.7965539090305
forecast_6030,2025-09-09 06:00:00,3733.494126049317,3577.729965912433,3378.6293614693705
forecast_6031,2025-09-09 07:00:00,3599.9775505057255,3616.1447966496153,3385.5767905775565
forecast_6032,2025-09-09 08:00:00,3471.04707421665,3479.726144718554,3362.0059367147337
forecast_6033,2025-09-09 09:00:00,3497.952533329097,3522.7188150633788,3363.501079749458
forecast_6034,2025-09-09 10:00:00,3510.063203507218,3522.5905809902547,3362.8532500087167
forecast_6035,2025-09-09 11:00:00,3522.075235135956,3545.3536542234297,3364.3604706346887
forecast_6036,2025-09-09 12:00:00,3542.446451251212,3581.852444027066,3370.076562320186
forecast_6037,2025-09-09 13:00:00,3511.5346405473947,3539.7298083681485,3377.6935950799843
forecast_6038,2025-09-09 14:00:00,3502.3760048589133,3548.5049369990156,3371.8928197351115
forecast_6039,2025-09-09 15:00:00,3507.914466056049,3518.964907170732,3362.461355830069
forecast_6040,2025-09-09 16:00:00,3506.2871591747694,3499.3758172706416,3364.0424757967107
forecast_6041,2025-09-09 17:00:00,3532.0793270459394,3519.3203309268106,3362.817792632223
forecast_6042,2025-09-09 18:00:00,3508.8507834221214,3585.804020905629,3361.5765674984186
forecast_6043,2025-09-09 19:00:00,3515.9651034080734,3589.7971524769678,3362.3405785626846
forecast_6044,2025-09-09 20:00:00,3468.6250953046556,3483.7258190208004,3362.224560194598
forecast_6045,2025-09-09 21:00:00,3495.98895107179,3526.8111775158727,3364.3096777328215
forecast_6046,2025-09-09 22:00:00,3474.891848797057,3485.5702047157415,3362.4252586855187
forecast_6047,2025-09-09 23:00:00,3489.976232758372,3535.6323277854954,3363.3857517452834
forecast_6048,2025-09-10 00:00:00,3484.173454755883,3528.150465982811,3362.693520112657
forecast_6049,2025-09-10 01:00:00,3504.9251231959706,3587.7039633427485,3363.3492587111045
forecast_6050,2025-09-10 02:00:00,3493.114623275228,3534.2093634318758,3362.328291071842
forecast_6051,2025-09-10 03:00:00,3535.759178261336,3749.973606068206,3361.4693524482927
forecast_6052,2025-09-10 04:00:00,3552.8188609490103,3664.5838305793854,3362.0847450354363
forecast_6053,2025-09-10 05:00:00,3637.648309393108,3868.365672964986,3361.8607739285076
forecast_6054,2025-09-10 06:00:00,3381.266199440621,2414.387831947143,3362.6454508268253
forecast_6055,2025-09-10 07:00:00,3422.5820008711275,2702.0461945002694,3362.319317662037
forecast_6056,2025-09-10 08:00:00,3574.950318295984,3806.4347156990525,3364.3835517120115
forecast_6057,2025-09-10 09:00:00,3525.9558315268328,3736.614198827876,3366.5826854989737
forecast_6058,2025-09-10 10:00:00,3469.1738420933802,3510.5115560512186,3364.9881581101968
forecast_6059,2025-09-10 11:00:00,3471.429743895589,3515.2387123488165,3366.8335678087356
forecast_6060,2025-09-10 12:00:00,3467.1011324087626,3496.178910117442,3369.5637176036885
forecast_6061,2025-09-10 13:00:00,3466.4029537832566,3487.8922980255243,3377.6286761977567
forecast_6062,2025-09-10 14:00:00,3460.997461127487,3471.210868493081,3369.088996749751
forecast_6063,2025-09-10 15:00:00,3460.4398621926334,3469.2016886956867,3374.4142996839773
forecast_6064,2025-09-10 16:00:00,3459.2671478724365,3463.698587414593,3367.0102297541675
forecast_6065,2025-09-10 17:00:00,3460.304983440858,3468.687066033531,3360.8653974708936
forecast_6066,2025-09-10 18:00:00,3466.0309665925506,3481.716540800408,3363.4499630333653
forecast_6067,2025-09-10 19:00:00,3494.7084765464406,3523.243665375456,3362.211278951309
forecast_6068,2025-09-10 20:00:00,3531.194691027824,3539.12685674201,3367.587531571205
forecast_6069,2025-09-10 21:00:00,3719.624595605008,3651.42518545002,3367.158076677656
forecast_6070,2025-09-10 22:00:00,3808.989794160106,3753.646543701332,3366.4240588438756
forecast_6071,2025-09-10 23:00:00,3846.9749020075847,3759.4594303545286,3368.662272143504
forecast_6072,2025-09-11 00:00:00,3759.8174827127173,3795.6564631062056,3376.9287236994533
forecast_6073,2025-09-11 01:00:00,3596.4117912719494,3833.9457875449266,3368.3664406671764
forecast_6074,2025-09-11 02:00:00,3587.736258555587,3847.0511063371414,3372.214057689676
forecast_6075,2025-09-11 03:00:00,3466.9140246744737,2960.9776929477707,3382.202369004065
forecast_6076,2025-09-11 04:00:00,3773.051652532878,3541.338464746757,3379.7777224070537
forecast_6077,2025-09-11 05:00:00,4021.1823395135657,4144.117282136963,3402.925091988194
forecast_6078,2025-09-11 06:00:00,4063.163544381039,4332.412511558493,3469.83273895069
forecast_6079,2025-09-11 07:00:00,4523.484010392048,5080.841099520769,3520.371064533585
forecast_6080,2025-09-11 08:00:00,4582.60843117162,5217.110366811398,3204.0053563127813
forecast_6081,2025-09-11 09:00:00,4106.365890427367,4365.231439292084,3661.5673163958054
forecast_6082,2025-09-11 10:00:00,3703.1410678585853,3497.879436581418,3692.9502708882146
forecast_6083,2025-09-11 11:00:00,3553.1264764600037,3298.7869656783714,3524.4854293115704
forecast_6084,2025-09-11 12:00:00,3453.3442643574194,3255.1379442056646,3488.751193930136
forecast_6085,2025-09-11 13:00:00,3454.53186186759,3262.880431016014,3478.587929607885
forecast_6086,2025-09-11 14:00:00,3500.962876154793,3452.9653842130065,3315.5107884561867
forecast_6087,2025-09-11 15:00:00,3462.9521062827475,3323.808488098433,3344.6143178849065
forecast_6088,2025-09-11 16:00:00,3441.4372204684805,3239.052783306939,3108.945762963882
forecast_6089,2025-09-11 17:00:00,3540.6341359683806,3475.9919109442203,3687.1576763147514
forecast_6090,2025-09-11 18:00:00,3711.133310480116,4358.556852044307,3515.6783151920254
forecast_6091,2025-09-11 19:00:00,4006.834472683526,4761.896913569974,3443.744688514293
forecast_6092,2025-09-11 20:00:00,5161.909674720346,5908.728369253252,3595.024427245527
forecast_6093,2025-09-11 21:00:00,5008.865621429126,6255.693729866989,3542.960922454057
forecast_6094,2025-09-11 22:00:00,5963.459751312635,6900.572017524746,3551.7082098747956
forecast_6095,2025-09-11 23:00:00,6482.466391947185,7106.453836578851,3633.0745867615324
forecast_6096,2025-09-12 00:00:00,5599.660503391622,6430.710982692661,3400.6799202637926
forecast_6097,2025-09-12 01:00:00,5306.065049116563,6075.2731177187725,3382.0950734697067
forecast_6098,2025-09-12 02:00:00,5659.992564235725,5912.819587866882,3360.44534340556
forecast_6099,2025-09-12 03:00:00,4425.004966353459,4883.028688690473,3285.4952013717457
forecast_6100,2025-09-12 04:00:00,4193.062174801224,5229.0321146370725,3188.3696231914873
forecast_6101,2025-09-12 05:00:00,4136.18639420637,5181.667643503742,3086.942837341927
forecast_6102,2025-09-12 06:00:00,4005.065004009655,4843.533146577756,2985.2088118151164
forecast_6103,2025-09-12 07:00:00,4014.97092056916,5052.384250548725,3026.7092364933983
forecast_6104,2025-09-12 08:00:00,3822.0411994842125,4293.9619722935895,3581.483728622288
forecast_6105,2025-09-12 09:00:00,3970.378482274603,4535.88359771313,3605.0097596183136
forecast_6106,2025-09-12 10:00:00,3555.380419275623,3599.09026533744,3421.15639174968
forecast_6107,2025-09-12 11:00:00,3526.9639230378352,3274.3448423745217,3600.4512997853803
forecast_6108,2025-09-12 12:00:00,3628.2438004504793,2956.8315183055383,3440.356053370868
forecast_6109,2025-09-12 13:00:00,3556.7953465355813,2943.9500371508025,3445.5789930122332
forecast_6110,2025-09-12 14:00:00,3743.0873624446704,3733.385343800151,3389.94426133934
forecast_6111,2025-09-12 15:00:00,3697.4716569285465,2949.2223228618495,3478.464174565501
forecast_6112,2025-09-12 16:00:00,3570.8777253916933,3479.6584093405986,3462.3282530219553
forecast_6113,2025-09-12 17:00:00,3753.8696044448534,3685.511746015831,3566.127931730761
forecast_6114,2025-09-12 18:00:00,3954.8511511956267,3830.3026696763704,3589.784025831718
forecast_6115,2025-09-12 19:00:00,3655.783110109781,3581.2332327647864,3541.6247189990067
forecast_6116,2025-09-12 20:00:00,4526.1738594475855,4248.9379021636205,3509.241588527212
forecast_6117,2025-09-12 21:00:00,4400.469352721601,4505.748466205077,3913.690494500076
forecast_6118,2025-09-12 22:00:00,4605.306843034337,5016.778154620182,4267.14053921419
forecast_6119,2025-09-12 23:00:00,4943.278984559765,4656.097531747465,3744.5518062891565
forecast_6120,2025-09-13 00:00:00,4821.223401813457,4757.200968000321,4204.057416966933
forecast_6121,2025-09-13 01:00:00,5518.951525536489,5639.2948283853375,3711.5864638654775
forecast_6122,2025-09-13 02:00:00,5955.992307626374,5791.786156541253,5230.319900018551
forecast_6123,2025-09-13 03:00:00,6415.931422320788,6002.8884256098145,5252.972353545555
forecast_6124,2025-09-13 04:00:00,8311.398214909272,8145.484062986704,5415.318749999747
forecast_6125,2025-09-13 05:00:00,9259.837366374948,8377.555727895884,6125.036084179699
forecast_6126,2025-09-13 06:00:00,11611.579143665944,11209.312425406786,7664.031761272894
forecast_6127,2025-09-13 07:00:00,11829.419060914492,11821.010628220103,7651.971549922988
forecast_6128,2025-09-13 08:00:00,11479.161538392507,12009.62907605033,9017.922820776233
forecast_6129,2025-09-13 09:00:00,11229.409701419827,10915.397370313205,8980.015942207148
forecast_6130,2025-09-13 10:00:00,10012.589010940457,9511.711922306018,9440.920424637881
forecast_6131,2025-09-13 11:00:00,8991.996060597345,7157.004921717989,7290.395028032499
forecast_6132,2025-09-13 12:00:00,7749.395852319693,6420.139668201097,7064.301903348391
forecast_6133,2025-09-13 13:00:00,5834.785471764138,5579.713677857811,5387.804648388783
forecast_6134,2025-09-13 14:00:00,3836.395415135092,3855.6355681740206,3561.42738009342
forecast_6135,2025-09-13 15:00:00,3499.837647329717,3555.0288645479045,3471.0007127774975
forecast_6136,2025-09-13 16:00:00,3533.6095520750027,3717.1316440326573,3417.406549665707
forecast_6137,2025-09-13 17:00:00,3497.251122042153,3538.081740143873,3377.743893918982
forecast_6138,2025-09-13 18:00:00,3537.132330279882,3639.8521250589033,3374.267052492606
forecast_6139,2025-09-13 19:00:00,3662.952269024168,3798.92184726049,3367.5808131094905
forecast_6140,2025-09-13 20:00:00,3480.0292096687404,3504.499126084068,3371.2503743080606
forecast_6141,2025-09-13 21:00:00,3464.565405200223,3474.056506348742,3368.5139989335985
forecast_6142,2025-09-13 22:00:00,3459.079300334212,3462.5464668955287,3360.8259572637357
forecast_6143,2025-09-13 23:00:00,3463.27277781863,3478.244417179853,3360.7311875250884
forecast_6144,2025-09-14 00:00:00,3465.2081022579196,3476.141135085864,3360.3350838527854
forecast_6145,2025-09-14 01:00:00,3500.4098744906373,3554.5879253699395,3360.8791087040645
forecast_6146,2025-09-14 02:00:00,3505.039493805701,3522.4336942461637,3361.640080682705
forecast_6147,2025-09-14 03:00:00,3477.501355281206,3490.4154700465056,3360.6153011781826
forecast_6148,2025-09-14 04:00:00,3484.8118458674053,3466.15017856528,3360.3930195116163
forecast_6149,2025-09-14 05:00:00,3497.0026057384466,3552.474131104803,3360.9227217842845
forecast_6150,2025-09-14 06:00:00,3518.152810098836,3526.7984534892653,3363.622134578448
forecast_6151,2025-09-14 07:00:00,3549.74922393277,3543.6653187653746,3361.768537370147
forecast_6152,2025-09-14 08:00:00,3563.2914222796458,3653.7106692007737,3361.9503065936315
forecast_6153,2025-09-14 09:00:00,3590.9920345657974,3661.650138248915,3373.15629215633
forecast_6154,2025-09-14 10:00:00,3516.4406775947073,3567.099659628206,3380.831893591204
forecast_6155,2025-09-14 11:00:00,3592.9901255175073,3582.4876150745995,3390.0252292914993
forecast_6156,2025-09-14 12:00:00,3528.7734555683023,3618.5138485056177,3376.0213818949173
forecast_6157,2025-09-14 13:00:00,3514.5905313633857,3547.335979621292,3364.7809654929806
forecast_6158,2025-09-14 14:00:00,3533.3829586630113,3551.059430390807,3373.3966011532325
forecast_6159,2025-09-14 15:00:00,3667.570058372118,3741.3080560905596,3404.536987574414
forecast_6160,2025-09-14 16:00:00,3704.066696795097,3047.1108106897836,3511.6780749260465
forecast_6161,2025-09-14 17:00:00,5168.745658366492,4392.070802986269,4014.0795552994005
forecast_6162,2025-09-14 18:00:00,8474.153237857041,8193.741024811785,5681.195933236747
forecast_6163,2025-09-14 19:00:00,10594.213048270523,9780.215800061189,7952.388754732245
forecast_6164,2025-09-14 20:00:00,12942.060173784577,13108.073816848475,9283.977753559982
forecast_6165,2025-09-14 21:00:00,13822.272631044134,13930.490918092186,10295.736494781897
forecast_6166,2025-09-14 22:00:00,15199.800600208984,15343.14567088901,11981.399786988097
forecast_6167,2025-09-14 23:00:00,15610.828461750125,15271.630726064139,12813.68211304928
forecast_6168,2025-09-15 00:00:00,15605.860061511426,15120.095216698111,12606.147742187379
forecast_6169,2025-09-15 01:00:00,14979.16086830376,14349.700644067485,11298.069547293599
forecast_6170,2025-09-15 02:00:00,13982.372842517601,13135.082866600325,10124.015373107539
forecast_6171,2025-09-15 03:00:00,12740.538313694326,12438.79974087341,8837.126567470166
forecast_6172,2025-09-15 04:00:00,11822.200669816435,11115.273066247191,7720.110318312866
forecast_6173,2025-09-15 05:00:00,10053.700400793168,9260.356390143581,6378.452126719998
forecast_6174,2025-09-15 06:00:00,7241.321570509232,6584.983059830263,4704.29681244799
forecast_6175,2025-09-15 07:00:00,5481.7680351228655,4047.300986628686,3725.293214998945
forecast_6176,2025-09-15 08:00:00,4533.604266389398,2692.028027954054,3635.0507502736878
forecast_6177,2025-09-15 09:00:00,3551.0590175165644,3590.624877473497,3393.338891480902
forecast_6178,2025-09-15 10:00:00,3481.3485428902836,3470.0978725040163,3366.2843317781826
forecast_6179,2025-09-15 11:00:00,3462.1328958938097,3461.9529422616756,3361.108328485152
forecast_6180,2025-09-15 12:00:00,3460.133603895446,3465.046308691562,3360.5039445902066
forecast_6181,2025-09-15 13:00:00,3459.4784587609756,3462.165125269672,3360.5533803028247
forecast_6182,2025-09-15 14:00:00,3461.0322815378627,3466.754544417381,3361.7925865685233
forecast_6183,2025-09-15 15:00:00,3465.1136792087414,3486.886958010584,3373.416394932946
forecast_6184,2025-09-15 16:00:00,3522.524391016393,3594.466417755224,3388.234381567015
forecast_6185,2025-09-15 17:00:00,3603.287481872629,3768.4112932347175,3695.764117627445
forecast_6186,2025-09-15 18:00:00,3713.34480582977,3472.890733113936,3804.971690187143
forecast_6187,2025-09-15 19:00:00,4949.5631105712155,4172.379102080332,4191.738144791967
forecast_6188,2025-09-15 20:00:00,7199.082978080189,5812.4008217220435,4825.51203188683
forecast_6189,2025-09-15 21:00:00,8402.14251223145,6419.481625697187,4419.882479349636
forecast_6190,2025-09-15 22:00:00,8185.107661988779,6769.295850738364,4697.977389559284
forecast_6191,2025-09-15 23:00:00,8193.428032525546,6332.045764565321,4322.8505914112675
forecast_6192,2025-09-16 00:00:00,8655.918303256418,7179.941717297189,5255.389329858395
forecast_6193,2025-09-16 01:00:00,9844.704305991452,7899.052575235789,5918.06707287101
forecast_6194,2025-09-16 02:00:00,10935.328312233361,9000.77855147368,6823.32507285398
forecast_6195,2025-09-16 03:00:00,11061.37966510421,10203.89653552441,7025.458901985018
forecast_6196,2025-09-16 04:00:00,11461.512345058556,10681.797638294282,7270.129331308813
forecast_6197,2025-09-16 05:00:00,12510.194404280517,11411.574969305548,7790.458216543118
forecast_6198,2025-09-16 06:00:00,13010.598374717252,12629.339877372704,7875.839134273746
forecast_6199,2025-09-16 07:00:00,12210.074381577744,12396.875664063757,6477.483141733574
forecast_6200,2025-09-16 08:00:00,11269.931303053563,10377.40379515431,5726.971884523314
forecast_6201,2025-09-16 09:00:00,10058.124596807724,9839.856071530765,5127.637213102685
forecast_6202,2025-09-16 10:00:00,8231.107219112624,8288.576259470605,5137.570982511202
forecast_6203,2025-09-16 11:00:00,7257.021144189506,8474.190973725761,5059.94399202552
forecast_6204,2025-09-16 12:00:00,7282.177729816492,7701.176116897356,5143.1794310063515
forecast_6205,2025-09-16 13:00:00,8099.10859067034,7490.144985103424,5469.449211721355
forecast_6206,2025-09-16 14:00:00,8305.629285645371,7870.467755419369,5857.672976464552
forecast_6207,2025-09-16 15:00:00,8253.872112420393,7433.653857223906,5951.789568098312
forecast_6208,2025-09-16 16:00:00,8237.798230323377,7570.254336511922,5779.25406083111
forecast_6209,2025-09-16 17:00:00,7489.657430932211,7262.442260179925,5464.714023674373
forecast_6210,2025-09-16 18:00:00,7070.625756655627,7737.882554740911,5490.126487603622
forecast_6211,2025-09-16 19:00:00,8465.121249964712,8861.754167942294,7415.216847479447
forecast_6212,2025-09-16 20:00:00,8623.768075041666,8955.643354276446,8457.164256097145
forecast_6213,2025-09-16 21:00:00,8808.04767263303,9398.656935641142,8614.315266875023
forecast_6214,2025-09-16 22:00:00,10433.544463828599,10009.536193954267,9608.839183576265
forecast_6215,2025-09-16 23:00:00,11509.834211515421,12086.95480630015,10742.678018725122
forecast_6216,2025-09-17 00:00:00,13352.46106921974,13976.742072925144,12006.494115561834
forecast_6217,2025-09-17 01:00:00,13037.686800501711,14319.246047217435,14102.587245771667
forecast_6218,2025-09-17 02:00:00,14120.055919815608,15825.762157212504,15844.47390821349
forecast_6219,2025-09-17 03:00:00,15018.965019784295,16761.335833204004,16694.622531309007
forecast_6220,2025-09-17 04:00:00,15163.139440719498,17006.247970970067,16282.97166215093
forecast_6221,2025-09-17 05:00:00,15218.817476875702,17448.573342113184,15712.907448732738
forecast_6222,2025-09-17 06:00:00,15190.437146171336,16365.40810445042,14127.880831085224
forecast_6223,2025-09-17 07:00:00,13650.486783987284,14409.834871999008,11918.844757212584
forecast_6224,2025-09-17 08:00:00,10781.167848086803,11031.83152890624,7861.368305945894
forecast_6225,2025-09-17 09:00:00,8554.637025888183,9433.778795503156,6499.9950897744575
forecast_6226,2025-09-17 10:00:00,5608.654926112686,5822.356851716718,3730.8485522536284
forecast_6227,2025-09-17 11:00:00,4415.572253260786,3561.7015520321715,3496.7008743083866
forecast_6228,2025-09-17 12:00:00,3800.630832679928,3175.132433488181,3544.143444907028
forecast_6229,2025-09-17 13:00:00,3658.4233279922078,3674.428769297143,3401.899455716785
forecast_6230,2025-09-17 14:00:00,5217.161189951538,4252.737988172109,3500.9844262902197
forecast_6231,2025-09-17 15:00:00,4025.992236718668,5144.509600601472,3597.8100037798113
forecast_6232,2025-09-17 16:00:00,4009.3003053649727,5240.312332614888,3438.461586030764
forecast_6233,2025-09-17 17:00:00,3649.742603550959,3720.8460793365048,3372.2786283643945
forecast_6234,2025-09-17 18:00:00,3589.4807711316394,3611.015989972309,3378.9994909413126
forecast_6235,2025-09-17 19:00:00,3498.286151030304,3498.593178716095,3395.8194445045115
forecast_6236,2025-09-17 20:00:00,3465.8789908808544,3470.166164254049,3364.024333533553
forecast_6237,2025-09-17 21:00:00,3603.8463099670657,3729.091951545721,3403.4520289103616
forecast_6238,2025-09-17 22:00:00,3541.435013240031,3721.4659096951236,3368.155367787122
forecast_6239,2025-09-17 23:00:00,3508.840505607841,3611.449057866174,3370.088056520051
forecast_6240,2025-09-18 00:00:00,3513.4743877699657,3595.57888202858,3374.512685767437
forecast_6241,2025-09-18 01:00:00,3510.9723132281806,3588.6641480504168,3366.2345190437873
forecast_6242,2025-09-18 02:00:00,3549.85821427612,3689.3489905400365,3388.775467371768
forecast_6243,2025-09-18 03:00:00,3561.902665171784,3730.868741928503,3434.3558125392997
forecast_6244,2025-09-18 04:00:00,3559.614303045502,3742.461410686575,3406.3083237972564
forecast_6245,2025-09-18 05:00:00,3515.0911966557574,2962.0605506114102,3543.8602383429798
forecast_6246,2025-09-18 06:00:00,3737.670878703936,3480.6817937173696,2861.377803157257
forecast_6247,2025-09-18 07:00:00,3986.8943928217113,4350.020665154914,3320.729570318855
forecast_6248,2025-09-18 08:00:00,3918.0562643816384,4403.79282945666,3136.5248060039003
forecast_6249,2025-09-18 09:00:00,4047.5675323566593,4747.430965201028,3411.7241001110374
forecast_6250,2025-09-18 10:00:00,3997.0704039682923,4539.7384623706785,3332.105428493646
forecast_6251,2025-09-18 11:00:00,3794.4414106015433,4116.521235752309,3423.855257036663
forecast_6252,2025-09-18 12:00:00,3652.7298356812175,3978.8089583213828,3234.4385100186028
forecast_6253,2025-09-18 13:00:00,3804.2719577199477,3855.36699188823,3129.8692584259943
forecast_6254,2025-09-18 14:00:00,3651.9883343860006,3717.0423307152823,3117.9799326709344
forecast_6255,2025-09-18 15:00:00,3736.834397506352,3477.0540070660554,3003.8763602066742
forecast_6256,2025-09-18 16:00:00,3544.7377875922857,3159.2744894765565,2934.0912988421896
forecast_6257,2025-09-18 17:00:00,3700.820845821237,3299.7844259805306,3078.5736978851664
forecast_6258,2025-09-18 18:00:00,3683.099228658895,3244.4796003710817,3701.500059425188
forecast_6259,2025-09-18 19:00:00,3732.914157506267,3249.490881517264,3721.540157092791
forecast_6260,2025-09-18 20:00:00,3729.681093522341,3321.456916708937,3602.073177963262
forecast_6261,2025-09-18 21:00:00,3776.828735455578,3363.6647931753414,3634.479752927848
forecast_6262,2025-09-18 22:00:00,3569.0247298785544,3371.9382733739726,3661.448664678906
forecast_6263,2025-09-18 23:00:00,3492.7564051282347,3177.2391884541457,3488.550240647022
forecast_6264,2025-09-19 00:00:00,3713.8083960018616,3044.581688014709,3475.108232090001
forecast_6265,2025-09-19 01:00:00,3638.236681472736,3430.6119029389138,3479.9628729595147
forecast_6266,2025-09-19 02:00:00,3611.427297988835,3022.911624544358,3470.0785999443174
forecast_6267,2025-09-19 03:00:00,3598.0663437613543,3020.798750100746,3477.6245301376
forecast_6268,2025-09-19 04:00:00,3551.836560429335,2938.752936470767,3408.914722307432
forecast_6269,2025-09-19 05:00:00,3543.421710442583,2739.4814208841112,3414.633410736798
forecast_6270,2025-09-19 06:00:00,3736.736629403043,3791.3339338984415,3386.073660589174
forecast_6271,2025-09-19 07:00:00,3762.622186246629,3800.5900832230504,3380.832629033367
forecast_6272,2025-09-19 08:00:00,3673.741624652193,3615.6153636135855,3365.282024654705
forecast_6273,2025-09-19 09:00:00,3582.9535122796156,3607.477147690016,3362.167862717324
forecast_6274,2025-09-19 10:00:00,3491.7569381490966,3461.868262302996,3362.0504940458654
forecast_6275,2025-09-19 11:00:00,3491.235941254813,3463.5103788811844,3361.0866748142735
forecast_6276,2025-09-19 12:00:00,3512.4751744112455,3462.4391646226995,3362.7426134025795
forecast_6277,2025-09-19 13:00:00,3508.268613709791,3475.1474723076376,3364.0009865349107
forecast_6278,2025-09-19 14:00:00,3534.3687388033454,3465.9877613061776,3362.59884240422
forecast_6279,2025-09-19 15:00:00,3471.5172086040784,3467.6076843635415,3363.340444931975
forecast_6280,2025-09-19 16:00:00,3474.3527695283883,3465.631277883793,3364.849415225619
forecast_6281,2025-09-19 17:00:00,3479.3387682358843,3478.7197046673036,3362.565726838356
forecast_6282,2025-09-19 18:00:00,3512.671690191159,3551.92140896604,3371.7948308848413
forecast_6283,2025-09-19 19:00:00,3571.5130463211276,3538.361403601726,3389.0126243523546
forecast_6284,2025-09-19 20:00:00,3601.507352437876,3629.0073835686085,3383.3134455215036
forecast_6285,2025-09-19 21:00:00,3821.456374168839,3852.5272818879603,3421.5972195041386
forecast_6286,2025-09-19 22:00:00,3792.770895191833,3527.5823323852815,3444.216191722195
forecast_6287,2025-09-19 23:00:00,4414.02669543122,3861.0400404188076,3636.5940126144715
forecast_6288,2025-09-20 00:00:00,5812.502369281088,5488.355164995025,4100.7935332551015
forecast_6289,2025-09-20 01:00:00,6277.3724250615405,5746.1487880376135,3930.3679217432973
forecast_6290,2025-09-20 02:00:00,7361.99770054238,7628.78335878427,5051.343594747702
forecast_6291,2025-09-20 03:00:00,6368.002740093744,5446.976085943306,3593.6276893059185
forecast_6292,2025-09-20 04:00:00,5524.1243258317,4685.258350034729,3757.6372998450183
forecast_6293,2025-09-20 05:00:00,6100.4119588785625,5076.807631856229,3894.1222738126376
forecast_6294,2025-09-20 06:00:00,7235.796883993551,5641.263747454816,4737.675718382565
forecast_6295,2025-09-20 07:00:00,5290.068388532844,3975.6356250217373,4289.495211978569
forecast_6296,2025-09-20 08:00:00,4699.247626067524,3849.4509188859492,3641.9567722353904
forecast_6297,2025-09-20 09:00:00,3641.5932959039746,3530.544514122636,3497.5164164260877
forecast_6298,2025-09-20 10:00:00,3533.318224122532,3478.087461537184,3387.949068047732
forecast_6299,2025-09-20 11:00:00,3497.0022714351694,3486.4728867541166,3395.142224611233
forecast_6300,2025-09-20 12:00:00,3489.918196693416,3482.9059984819924,3409.366667400296
forecast_6301,2025-09-20 13:00:00,3662.8363446726457,3636.732817967534,3551.953996040767
forecast_6302,2025-09-20 14:00:00,3748.357149666371,3650.597361624065,3606.595692076064
forecast_6303,2025-09-20 15:00:00,3667.5197430687326,3754.470178093286,3606.009135616528
forecast_6304,2025-09-20 16:00:00,3594.775155876828,3610.109097351287,3534.1224010029823
forecast_6305,2025-09-20 17:00:00,3515.5459861394565,3516.0565146415597,3402.4932422019656
forecast_6306,2025-09-20 18:00:00,3522.7476647212557,3536.097836358145,3406.1857712103724
forecast_6307,2025-09-20 19:00:00,3582.268147772801,3698.646044746263,3509.425581872913
forecast_6308,2025-09-20 20:00:00,3402.546279710953,2355.417771539067,3640.445537274257
forecast_6309,2025-09-20 21:00:00,4049.0108896155843,2998.963950841322,3657.7863547566376
forecast_6310,2025-09-20 22:00:00,4159.723984521477,3560.988470134454,3590.3301437914342
forecast_6311,2025-09-20 23:00:00,4540.1543601424555,4276.567755546346,3778.65253135765
forecast_6312,2025-09-21 00:00:00,4718.152482726987,4655.493538452378,3318.3176556490475
forecast_6313,2025-09-21 01:00:00,4956.235816978324,5086.964914178099,3608.3846452835182
forecast_6314,2025-09-21 02:00:00,4619.11655794374,4328.623194903841,3527.64712289416
forecast_6315,2025-09-21 03:00:00,4495.479000803379,4096.0699418369195,3500.167702038112
forecast_6316,2025-09-21 04:00:00,4278.990055235109,3944.4257531880517,3333.6865300174136
forecast_6317,2025-09-21 05:00:00,4572.3632200012125,4143.235163629153,3576.8218517663718
forecast_6318,2025-09-21 06:00:00,4977.134076505387,5000.406306593429,3510.9426007054453
forecast_6319,2025-09-21 07:00:00,4877.31681487179,4885.111964911617,3573.5289680273704
forecast_6320,2025-09-21 08:00:00,4409.058509785831,4072.8312715552693,3511.827268815132
forecast_6321,2025-09-21 09:00:00,4444.3924723088485,3757.6086894904593,3682.6698657399197
forecast_6322,2025-09-21 10:00:00,3684.99806835608,3172.360913463363,3509.5640058870736
forecast_6323,2025-09-21 11:00:00,3672.1688999092366,3818.423595344143,3493.613404028994
forecast_6324,2025-09-21 12:00:00,3545.147297410897,3657.5588746402927,3634.36595287663
forecast_6325,2025-09-21 13:00:00,3522.568509260305,3610.5420694199756,3625.102923008465
forecast_6326,2025-09-21 14:00:00,3490.107925989109,3572.094892299669,3639.153409005245
forecast_6327,2025-09-21 15:00:00,3511.3453964052264,3601.1649293011933,3454.2750651057754
forecast_6328,2025-09-21 16:00:00,3484.5588388918854,3552.8718282349932,3394.688621393206
forecast_6329,2025-09-21 17:00:00,3513.745593917078,3663.817115613874,3385.9027366877995
forecast_6330,2025-09-21 18:00:00,3394.5286900253486,2958.611144076916,3461.610845979039
forecast_6331,2025-09-21 19:00:00,3604.907142452075,3504.3867879573954,3542.120111328534
forecast_6332,2025-09-21 20:00:00,3865.3866674508304,3991.5733353601727,3730.2167095967466
forecast_6333,2025-09-21 21:00:00,4551.482837749981,4846.472462860178,3759.368983178077
forecast_6334,2025-09-21 22:00:00,5079.608640113228,5685.618039156884,3680.4625594361446
forecast_6335,2025-09-21 23:00:00,5391.430390592966,6011.04151266484,3879.6125954044073
forecast_6336,2025-09-22 00:00:00,5900.79938511814,6401.6695157927425,3980.0745804979415
forecast_6337,2025-09-22 01:00:00,5607.280256856726,6132.9662211786035,3993.6602899209984
forecast_6338,2025-09-22 02:00:00,5667.659413044541,6166.64473758006,3896.633427257445
forecast_6339,2025-09-22 03:00:00,6194.340912235087,7001.021342273264,3916.5234706927404
forecast_6340,2025-09-22 04:00:00,6143.396114219457,6814.392257610628,3869.537542869473
forecast_6341,2025-09-22 05:00:00,5875.933504243091,6656.745066426336,3822.1431177034733
forecast_6342,2025-09-22 06:00:00,5841.994409155381,6589.910175652249,3604.5216568348696
forecast_6343,2025-09-22 07:00:00,5612.187040336535,6258.638469084278,3737.045397772853
forecast_6344,2025-09-22 08:00:00,5553.291939968594,6444.749870313445,3665.871337533035
forecast_6345,2025-09-22 09:00:00,5408.947359585594,6360.963219786103,3907.5812720180024
forecast_6346,2025-09-22 10:00:00,5575.357320920814,6856.175477895451,4086.2734289290324
forecast_6347,2025-09-22 11:00:00,4674.015507318089,5554.061509963638,3938.665917797314
forecast_6348,2025-09-22 12:00:00,3701.683106723136,3853.081523112774,3709.786955461097
forecast_6349,2025-09-22 13:00:00,3663.3700235396896,3849.549528046716,3718.230274261324
forecast_6350,2025-09-22 14:00:00,3657.522813048282,3832.069084704422,3482.230893588519
forecast_6351,2025-09-22 15:00:00,3568.872695674227,3541.8571362560015,3496.845888832074
forecast_6352,2025-09-22 16:00:00,3493.736908279888,3087.424661000907,3197.7410190405067
forecast_6353,2025-09-22 17:00:00,3466.04865598785,3068.7471243463565,3666.299746217998
forecast_6354,2025-09-22 18:00:00,3393.289201771669,2899.360919019701,3475.862184407788
forecast_6355,2025-09-22 19:00:00,3587.326350100079,3257.537143282605,3465.551345877516
forecast_6356,2025-09-22 20:00:00,3981.197256911386,3398.8709637678066,3492.916911977212
forecast_6357,2025-09-22 21:00:00,4082.354837669584,3559.240092551219,3546.4802984948087
forecast_6358,2025-09-22 22:00:00,4036.922685129078,3536.7773869182415,3689.7164755369495
forecast_6359,2025-09-22 23:00:00,3710.057315513049,3193.414030469893,3698.076041768572
forecast_6360,2025-09-23 00:00:00,3612.36497541208,3154.2998953968395,3420.6798351716
forecast_6361,2025-09-23 01:00:00,3653.07019182009,3731.2772899426927,3362.6064284915187
forecast_6362,2025-09-23 02:00:00,3663.490293041036,3724.9975862318456,3367.3757110806664
forecast_6363,2025-09-23 03:00:00,3644.90968582036,3712.5987942871875,3367.97798912092
forecast_6364,2025-09-23 04:00:00,3660.7360115780593,3793.6819555203047,3378.2373766578307
forecast_6365,2025-09-23 05:00:00,3500.0560816034567,2769.0620030930595,3379.7941007755026
forecast_6366,2025-09-23 06:00:00,3612.4023510966463,2966.055205167144,3398.1466729865033
forecast_6367,2025-09-23 07:00:00,3901.20588707813,2987.116777085739,3433.3140876645934
forecast_6368,2025-09-23 08:00:00,3754.6383024860756,2999.0618524582023,3410.819835866443
forecast_6369,2025-09-23 09:00:00,3673.888891906872,3423.6049792497893,3446.298922837047
forecast_6370,2025-09-23 10:00:00,3729.5720281391473,3598.643227734078,3366.03313237381
forecast_6371,2025-09-23 11:00:00,3596.367344316621,3573.115329631117,3367.4751971390024
forecast_6372,2025-09-23 12:00:00,3479.907265284062,3503.634295181676,3367.1848941779854
forecast_6373,2025-09-23 13:00:00,3476.6395450248524,3498.4270204268278,3378.9732469064284
forecast_6374,2025-09-23 14:00:00,3476.1434814218887,3487.8289104123637,3379.7832243195003
forecast_6375,2025-09-23 15:00:00,3485.666290112584,3520.152667178629,3373.868159046053
forecast_6376,2025-09-23 16:00:00,3470.528207552509,3479.513276589067,3363.444957688497
forecast_6377,2025-09-23 17:00:00,3473.776461191264,3495.622742775509,3362.50944098584
forecast_6378,2025-09-23 18:00:00,3632.130333905669,3726.9334510443437,3371.236186785038
forecast_6379,2025-09-23 19:00:00,3457.6203653597286,2300.073989548008,3381.8833491166642
forecast_6380,2025-09-23 20:00:00,3599.224563312809,2929.9795993963135,3393.5449100123415
forecast_6381,2025-09-23 21:00:00,3634.455765593484,2646.7758734474764,3379.3601036137893
forecast_6382,2025-09-23 22:00:00,3775.6218140136593,2811.4337324547114,3386.6365615685822
forecast_6383,2025-09-23 23:00:00,3842.3671426989376,2830.549810472538,3370.3090285646886
forecast_6384,2025-09-24 00:00:00,3717.5269458951375,3043.495616906764,3366.4331620663806
forecast_6385,2025-09-24 01:00:00,4060.1193394623133,3385.6981017954663,3377.8557378918413
forecast_6386,2025-09-24 02:00:00,4263.852166900878,3569.8156385486827,3381.1805557813636
forecast_6387,2025-09-24 03:00:00,4784.855041903476,4497.016918494367,3421.413728466206
forecast_6388,2025-09-24 04:00:00,5875.152366281283,5030.210171422761,4337.724115707355
forecast_6389,2025-09-24 05:00:00,7481.083838910406,6058.767735485452,4603.095959882428
forecast_6390,2025-09-24 06:00:00,7943.801711904335,5971.497243384863,4580.579655834482
forecast_6391,2025-09-24 07:00:00,7176.104046198639,5345.659710417048,3614.457153183343
forecast_6392,2025-09-24 08:00:00,7142.241731719589,6197.329182940554,3767.831446133928
forecast_6393,2025-09-24 09:00:00,7351.262617286941,7317.8311403869375,4719.5301138892
forecast_6394,2025-09-24 10:00:00,7664.870470107347,7469.137027303278,4870.905002424615
forecast_6395,2025-09-24 11:00:00,8005.808728226153,9472.986633351273,5406.480443203866
forecast_6396,2025-09-24 12:00:00,8037.265693757384,9285.64344715116,6442.408865664539
forecast_6397,2025-09-24 13:00:00,8936.833850309673,10160.279499332722,6836.072298940639
forecast_6398,2025-09-24 14:00:00,9705.776072065535,10832.570141221153,7594.173115169631
forecast_6399,2025-09-24 15:00:00,10028.830465492378,10767.899383685331,7944.5607749873425
forecast_6400,2025-09-24 16:00:00,10051.276465276,10310.269451152615,8416.910252018099
forecast_6401,2025-09-24 17:00:00,9709.355248606946,9950.175643696093,7901.827565945109
forecast_6402,2025-09-24 18:00:00,10530.005122411658,11782.782511430083,8056.857051831122
forecast_6403,2025-09-24 19:00:00,10642.357690711257,11799.6816649508,8123.82906795533
forecast_6404,2025-09-24 20:00:00,12302.564093418518,13498.968017681244,10209.767163936478
forecast_6405,2025-09-24 21:00:00,13930.077578853643,14943.481498586434,12538.900680085226
forecast_6406,2025-09-24 22:00:00,15606.396605369724,17600.045096325703,15821.570950490346
forecast_6407,2025-09-24 23:00:00,16032.618018990774,18433.26582115704,16807.471491373813
forecast_6408,2025-09-25 00:00:00,15475.75057045504,17712.690490092325,17131.64225304589
forecast_6409,2025-09-25 01:00:00,15760.37165251742,17710.61214973871,17104.64610937954
forecast_6410,2025-09-25 02:00:00,15998.40123426724,18209.29719276511,17208.33493751333
forecast_6411,2025-09-25 03:00:00,16721.823054568147,18174.14394515096,17248.48805126402
forecast_6412,2025-09-25 04:00:00,16836.330728013276,18268.44494635805,17789.263394773214
forecast_6413,2025-09-25 05:00:00,16157.105432550552,17931.30290617962,17221.326829046662
forecast_6414,2025-09-25 06:00:00,16506.84125353292,18279.54539836232,17514.302566756716
forecast_6415,2025-09-25 07:00:00,14742.96790188025,16371.110976388436,15139.853205897252
forecast_6416,2025-09-25 08:00:00,14421.371341736447,16310.552345911494,13176.414915672682
forecast_6417,2025-09-25 09:00:00,14632.16204770254,16315.64424771414,14906.767774896578
forecast_6418,2025-09-25 10:00:00,14563.264180217979,16206.651446938782,14866.063991974033
forecast_6419,2025-09-25 11:00:00,14721.087809297436,15879.064652743682,14431.062723753128
forecast_6420,2025-09-25 12:00:00,14608.509362246084,15796.47152960788,12853.289334316507
forecast_6421,2025-09-25 13:00:00,13856.997544565042,15885.711747280158,12566.677313586353
forecast_6422,2025-09-25 14:00:00,13996.876698187296,15055.604531548259,12019.552273168852
forecast_6423,2025-09-25 15:00:00,13776.725559380531,15322.721785449634,11792.925386264229
forecast_6424,2025-09-25 16:00:00,14267.65017083905,15611.439326064065,12898.60619960957
forecast_6425,2025-09-25 17:00:00,14316.605794512681,15751.275535386863,12148.079513834839
forecast_6426,2025-09-25 18:00:00,15173.630663470241,16400.36430653622,13996.747653459068
forecast_6427,2025-09-25 19:00:00,15806.436237295713,16406.629787476668,14008.513535661952
forecast_6428,2025-09-25 20:00:00,15356.40898660789,15962.354512854738,14710.79386094192
forecast_6429,2025-09-25 21:00:00,17713.620433367694,16759.616790233482,13576.536671950922
forecast_6430,2025-09-25 22:00:00,17507.436415637723,16111.841618753571,13434.999094796556
forecast_6431,2025-09-25 23:00:00,16586.755135424544,15083.83438549453,11559.628607378823
forecast_6432,2025-09-26 00:00:00,16525.66321946754,14068.145502904154,11027.510542672318
forecast_6433,2025-09-26 01:00:00,13328.493366256369,10863.7164480471,7719.11609149174
forecast_6434,2025-09-26 02:00:00,11720.338167151887,9712.010543762857,7166.728579933802
forecast_6435,2025-09-26 03:00:00,9493.470547681138,7429.574186879503,5803.554896085166
forecast_6436,2025-09-26 04:00:00,7546.126180622708,4884.489445885746,4063.980140298774
forecast_6437,2025-09-26 05:00:00,5260.793007150338,3758.6166221231306,3541.8000613830873
forecast_6438,2025-09-26 06:00:00,3648.3009163485294,3538.371103572292,3374.7360159394634
forecast_6439,2025-09-26 07:00:00,3519.456744295395,3501.33621245593,3365.1288829894415
forecast_6440,2025-09-26 08:00:00,3472.7131367414872,3477.3597344062973,3361.895737474268
forecast_6441,2025-09-26 09:00:00,3461.1721399908647,3462.112506410786,3360.2808011483453
forecast_6442,2025-09-26 10:00:00,3457.3980461270803,3457.9161454187747,3360.148764066898
forecast_6443,2025-09-26 11:00:00,3456.4702405795847,3456.753879920335,3360.2031666420726
forecast_6444,2025-09-26 12:00:00,3456.3995838379483,3456.3373542800214,3360.087193596728
forecast_6445,2025-09-26 13:00:00,3456.401195085194,3456.4033046576023,3360.238492777972
forecast_6446,2025-09-26 14:00:00,3456.312319315776,3456.4901635999436,3360.130105092151
forecast_6447,2025-09-26 15:00:00,3456.470315960675,3456.465260703002,3360.1226318621516
forecast_6448,2025-09-26 16:00:00,3456.286846246543,3456.295587832549,3360.167135417512
forecast_6449,2025-09-26 17:00:00,3457.2468960784786,3457.5507961299304,3360.0969211089514
forecast_6450,2025-09-26 18:00:00,3457.3554601849955,3456.524621719451,3360.392303574854
forecast_6451,2025-09-26 19:00:00,3458.500168648245,3458.4774463694785,3360.400038969589
forecast_6452,2025-09-26 20:00:00,3460.083087523397,3459.4271378141902,3360.2963454942624
forecast_6453,2025-09-26 21:00:00,3464.4277450308937,3460.759070817703,3360.7985389158453
forecast_6454,2025-09-26 22:00:00,3461.8821728172848,3460.5545413526315,3360.4454392334756
forecast_6455,2025-09-26 23:00:00,3465.619117102195,3461.811604373596,3361.11888471839
forecast_6456,2025-09-27 00:00:00,3465.3318060614806,3462.8982156171855,3360.4328264173982
forecast_6457,2025-09-27 01:00:00,3505.2674861222954,3515.0928545942247,3360.5466283642254
forecast_6458,2025-09-27 02:00:00,3501.9205515071576,3489.6341566061583,3360.6584270041735
forecast_6459,2025-09-27 03:00:00,3493.719632476729,3500.6028649560067,3360.9598011646112
forecast_6460,2025-09-27 04:00:00,3545.271555956874,3581.689759861243,3361.1829406228717
forecast_6461,2025-09-27 05:00:00,3534.222758385025,3537.892214500228,3360.868462801353
forecast_6462,2025-09-27 06:00:00,3547.9617696152227,3557.202923440509,3360.689505858935
forecast_6463,2025-09-27 07:00:00,3583.58345485604,3544.0450316370875,3360.622384134981
forecast_6464,2025-09-27 08:00:00,3592.3352540576,3507.8000760425707,3361.7188753771748
forecast_6465,2025-09-27 09:00:00,3492.85189745987,3476.0365794662184,3362.0541499524275
forecast_6466,2025-09-27 10:00:00,3460.449928553221,3457.377789294726,3363.085024433121
forecast_6467,2025-09-27 11:00:00,3457.3871940004897,3457.029061591045,3360.780592807392
forecast_6468,2025-09-27 12:00:00,3458.297792968594,3457.1921546577546,3360.484352568159
forecast_6469,2025-09-27 13:00:00,3457.3267597864738,3457.1225023046445,3360.296402380421
forecast_6470,2025-09-27 14:00:00,3457.0859514574036,3456.9301584732934,3360.691384307715
forecast_6471,2025-09-27 15:00:00,3457.6015890796007,3457.2525153751776,3361.1511604662087
forecast_6472,2025-09-27 16:00:00,3456.9484799865213,3456.769476208909,3361.5062821341407
forecast_6473,2025-09-27 17:00:00,3459.003218642096,3465.3796545305336,3362.8775126525193
forecast_6474,2025-09-27 18:00:00,3460.0011777617615,3465.177246760113,3366.4459374235503
forecast_6475,2025-09-27 19:00:00,3481.2547149694424,3530.146101284236,3381.587066899126
forecast_6476,2025-09-27 20:00:00,3527.764171832657,3642.670253887084,3370.4534629255086
forecast_6477,2025-09-27 21:00:00,3663.1017537156604,3611.8993236767965,3375.180873715168
forecast_6478,2025-09-27 22:00:00,4983.965210895489,3377.039923065362,3451.948607914014
forecast_6479,2025-09-27 23:00:00,5588.015093933944,5250.444113267454,3717.3069334099055
forecast_6480,2025-09-28 00:00:00,5934.112452086577,5061.692140104187,4091.2720684591504
forecast_6481,2025-09-28 01:00:00,5885.927287574493,5990.209661960881,4108.570699313898
forecast_6482,2025-09-28 02:00:00,7534.009741089563,7123.929889740594,4207.368676234762
forecast_6483,2025-09-28 03:00:00,7919.355537182448,7848.698696300767,4342.604954691048
forecast_6484,2025-09-28 04:00:00,8871.252038953548,8303.002547012322,4529.554092331001
forecast_6485,2025-09-28 05:00:00,9480.596575586786,8440.775864804637,4798.677649008297
forecast_6486,2025-09-28 06:00:00,7453.257020652035,6675.295058476188,4485.045379345667
forecast_6487,2025-09-28 07:00:00,6695.214461934476,5099.515521453906,3581.4160855115556
forecast_6488,2025-09-28 08:00:00,5783.531152669295,4589.9130780852865,3646.3838753305845
forecast_6489,2025-09-28 09:00:00,3828.6831491328776,3609.4998396195033,3508.5294989509325
forecast_6490,2025-09-28 10:00:00,6144.850662118881,4973.643722894244,4450.386676034959
forecast_6491,2025-09-28 11:00:00,6014.332771616249,4678.861046263484,3968.329943797543
forecast_6492,2025-09-28 12:00:00,3857.930057064447,3899.6263448338373,3714.826109193935
forecast_6493,2025-09-28 13:00:00,3579.6140072324984,3234.789250648495,3543.581505815873
forecast_6494,2025-09-28 14:00:00,3840.6208124286477,3978.828104681896,4173.399634019294
forecast_6495,2025-09-28 15:00:00,5140.094076124207,5213.736453931466,4436.037757322359
forecast_6496,2025-09-28 16:00:00,4935.596443096004,4864.278781220586,3610.0492263302076
forecast_6497,2025-09-28 17:00:00,4936.725641638647,4794.253512424073,4133.301580497004
forecast_6498,2025-09-28 18:00:00,4667.107921435065,4490.215729165989,3725.722388284007
forecast_6499,2025-09-28 19:00:00,5093.932549559571,5098.888794895479,4208.304673291287
forecast_6500,2025-09-28 20:00:00,5037.083813238855,5014.050683735567,4084.093407183973
forecast_6501,2025-09-28 21:00:00,5519.771396563966,5650.356856078974,4163.625557431793
forecast_6502,2025-09-28 22:00:00,5276.496399146694,4491.384978390235,3703.2561835820106
forecast_6503,2025-09-28 23:00:00,5004.380635694383,4208.824050492051,3740.187287960733
forecast_6504,2025-09-29 00:00:00,3799.1123979456765,3597.936475565482,3640.6661558790047
forecast_6505,2025-09-29 01:00:00,5015.074244757691,3745.415578840913,3746.1602642978914
forecast_6506,2025-09-29 02:00:00,3837.0264486963806,3757.96248035693,3454.2475266359975
forecast_6507,2025-09-29 03:00:00,3704.232122158489,3549.1667343589565,3450.8215197054574
forecast_6508,2025-09-29 04:00:00,3663.6004555304235,3553.273332639781,3434.7424936326865
forecast_6509,2025-09-29 05:00:00,3524.7824123430064,3508.30214961605,3397.5256995061122
forecast_6510,2025-09-29 06:00:00,3472.430432946956,3470.778439873592,3367.8346943069478
forecast_6511,2025-09-29 07:00:00,3469.60066670953,3477.063509879189,3366.0979556760917
forecast_6512,2025-09-29 08:00:00,3505.303112535953,3478.168177732169,3368.9731372861725
forecast_6513,2025-09-29 09:00:00,3464.736081824588,3468.833424714276,3362.029414316087
forecast_6514,2025-09-29 10:00:00,3457.133557544866,3458.2083034075404,3362.134044955838
forecast_6515,2025-09-29 11:00:00,3456.9355797705175,3458.0259471102295,3363.245569433539
forecast_6516,2025-09-29 12:00:00,3457.981041251258,3458.0560566718163,3360.699497777946
forecast_6517,2025-09-29 13:00:00,3457.220266508645,3457.84488851605,3363.8868887101285
forecast_6518,2025-09-29 14:00:00,3458.5452048029792,3461.40202763779,3362.0908894784384
forecast_6519,2025-09-29 15:00:00,3458.0717086191116,3459.664577691959,3360.8357614190445
forecast_6520,2025-09-29 16:00:00,3459.8650255161074,3464.386003205548,3363.141347337092
forecast_6521,2025-09-29 17:00:00,3460.0705843172254,3467.376046152912,3362.8076412890828
forecast_6522,2025-09-29 18:00:00,3464.8919750996774,3467.799424883378,3362.4067838910864
forecast_6523,2025-09-29 19:00:00,3462.9793531838495,3465.682149949979,3365.0173064340875
forecast_6524,2025-09-29 20:00:00,3459.472425437877,3462.772237632226,3363.699476543168
forecast_6525,2025-09-29 21:00:00,3461.9718077586544,3467.111529253177,3366.60301462772
forecast_6526,2025-09-29 22:00:00,3488.6292000390117,3492.459924915034,3422.560613636617
forecast_6527,2025-09-29 23:00:00,3518.5116427007597,3573.737245495628,3476.797219193981
forecast_6528,2025-09-30 00:00:00,3548.417552826181,3622.0659355503235,3434.3955412157698
forecast_6529,2025-09-30 01:00:00,3598.80507389769,3697.5204528833337,3424.330050732468
forecast_6530,2025-09-30 02:00:00,3604.320091435144,3794.275306324994,3425.8275726392712
forecast_6531,2025-09-30 03:00:00,3513.4949793374903,3519.13778811131,3367.8164183953086
forecast_6532,2025-09-30 04:00:00,3438.9830874840404,2840.069091974056,3405.0434905492016
forecast_6533,2025-09-30 05:00:00,3681.1954047379645,3737.8205372474026,3389.965884377107
forecast_6534,2025-09-30 06:00:00,3574.939653199763,3608.869072892013,3388.411231606916
forecast_6535,2025-09-30 07:00:00,3503.8335104676553,3526.2294176720884,3379.1370923452732
forecast_6536,2025-09-30 08:00:00,3474.9730450702473,3484.000012626325,3367.278788765811
forecast_6537,2025-09-30 09:00:00,3469.4152115864918,3481.2913126001063,3362.458631496698
forecast_6538,2025-09-30 10:00:00,3466.2750704418004,3479.383937931517,3361.933978829444
forecast_6539,2025-09-30 11:00:00,3461.4046837228248,3469.7914975876206,3361.995639316295
forecast_6540,2025-09-30 12:00:00,3472.8361867970825,3488.0285697827458,3363.305578318418
forecast_6541,2025-09-30 13:00:00,3465.3302250478287,3462.417896585309,3364.042649991731
forecast_6542,2025-09-30 14:00:00,3461.680105950006,3469.7049329163765,3365.0840382798847
forecast_6543,2025-09-30 15:00:00,3492.5665516107583,3503.91889518251,3374.1289685509314
forecast_6544,2025-09-30 16:00:00,3518.797268166697,3566.567064848558,3374.8104369730236
forecast_6545,2025-09-30 17:00:00,3574.1867027592816,3588.7267469675467,3422.0310459353777
forecast_6546,2025-09-30 18:00:00,3769.653638137092,3768.6737282760932,3444.228246967033
forecast_6547,2025-09-30 19:00:00,5418.335468504942,3414.589072053221,3752.9610639763537
forecast_6548,2025-09-30 20:00:00,5931.7353099662,4744.565169171422,3796.123352568344
forecast_6549,2025-09-30 21:00:00,6967.953880217447,5606.269837842943,4297.974781621687
forecast_6550,2025-09-30 22:00:00,7396.608205745313,6764.1672657131085,4521.4778163198625
forecast_6551,2025-09-30 23:00:00,8600.755911302427,7783.093809488971,4739.115425515004
forecast_6552,2025-10-01 00:00:00,8942.267591289907,7914.056722617111,4980.733242937303
forecast_6553,2025-10-01 01:00:00,9340.941506628264,9108.341182187613,5485.198155580693
forecast_6554,2025-10-01 02:00:00,10101.607732897033,9272.347119805318,5365.447176790138
forecast_6555,2025-10-01 03:00:00,9865.508640131993,9740.53075618029,5552.135001105718
forecast_6556,2025-10-01 04:00:00,10271.34757798854,8976.341194187895,5239.797264345314
forecast_6557,2025-10-01 05:00:00,8327.514605167373,7536.402164025181,4883.385189376304
forecast_6558,2025-10-01 06:00:00,7029.912821252388,6115.799248797876,4716.2989878072085
forecast_6559,2025-10-01 07:00:00,6139.644054170122,4522.82051934925,4361.048943109249
forecast_6560,2025-10-01 08:00:00,4861.321434120007,3103.146243112918,3612.72088379795
forecast_6561,2025-10-01 09:00:00,3779.7860738303384,3821.740736386593,3441.0457080112346
forecast_6562,2025-10-01 10:00:00,3514.1671569472264,3541.8213708285716,3367.798780159799
forecast_6563,2025-10-01 11:00:00,3478.2464656383827,3500.8686058352214,3363.8559352362145
forecast_6564,2025-10-01 12:00:00,3487.97387354168,3529.169131827478,3369.4569004987634
forecast_6565,2025-10-01 13:00:00,3496.468833331602,3523.1013945193154,3380.7145685359806
forecast_6566,2025-10-01 14:00:00,3539.416873391949,3578.6940895071884,3377.769758436633
forecast_6567,2025-10-01 15:00:00,3537.9199319698932,3614.2666526117755,3384.984026384549
forecast_6568,2025-10-01 16:00:00,3675.6977980153038,3646.7119468681904,3409.418301494357
forecast_6569,2025-10-01 17:00:00,3724.510937648221,3775.657694585611,3487.357940631854
forecast_6570,2025-10-01 18:00:00,4574.360465969149,3374.9889347856697,3665.682369523492
forecast_6571,2025-10-01 19:00:00,6020.045126244632,4833.633089507716,3678.5660567196524
forecast_6572,2025-10-01 20:00:00,6993.679845013122,5640.568239267361,4917.965921740824
forecast_6573,2025-10-01 21:00:00,7030.877851689465,5759.092943973519,4818.291743421131
forecast_6574,2025-10-01 22:00:00,6396.015854047528,5457.130076922548,4615.8440571527735
forecast_6575,2025-10-01 23:00:00,5452.630118484414,4927.390433947311,4397.691786451194
forecast_6576,2025-10-02 00:00:00,6131.51320708391,4747.035985224378,4541.54350881753
forecast_6577,2025-10-02 01:00:00,6332.990779463035,5785.985715800901,4611.278663864975
forecast_6578,2025-10-02 02:00:00,5735.293273713021,4610.218558323769,4037.5733529020918
forecast_6579,2025-10-02 03:00:00,5411.244861675631,3774.6909133265176,3621.9283437633962
forecast_6580,2025-10-02 04:00:00,3736.5553767384636,3717.9131424281145,3619.9733572668342
forecast_6581,2025-10-02 05:00:00,3745.593433914481,3598.662463616524,3413.3627921323796
forecast_6582,2025-10-02 06:00:00,3490.306250244166,3475.1472324665806,3372.550771825654
forecast_6583,2025-10-02 07:00:00,3489.114868828171,3474.2741743816464,3375.4229410949783
forecast_6584,2025-10-02 08:00:00,3466.4767736293034,3464.593650275938,3366.3082037525996
forecast_6585,2025-10-02 09:00:00,3457.90310005917,3460.275655727445,3361.412952899025
forecast_6586,2025-10-02 10:00:00,3456.574112830453,3457.056484664597,3360.290449607872
forecast_6587,2025-10-02 11:00:00,3456.860458463694,3456.92351461514,3360.1897090653124
forecast_6588,2025-10-02 12:00:00,3456.5955395362676,3456.4137842518203,3360.241123909938
forecast_6589,2025-10-02 13:00:00,3456.3143985838383,3456.510978625645,3360.229852443312
forecast_6590,2025-10-02 14:00:00,3456.2682487675206,3456.2930387688507,3360.190725508668
forecast_6591,2025-10-02 15:00:00,3456.3297681318386,3456.4901230684854,3360.1596979211095
forecast_6592,2025-10-02 16:00:00,3456.413626562099,3456.870381617788,3360.1171247804878
forecast_6593,2025-10-02 17:00:00,3456.968660966493,3457.39199248166,3360.1564659104542
forecast_6594,2025-10-02 18:00:00,3458.427820220807,3457.8760524108184,3360.420050673445
forecast_6595,2025-10-02 19:00:00,3458.9177051197294,3459.358000365669,3360.263794741407
forecast_6596,2025-10-02 20:00:00,3457.4656200798468,3458.023362875718,3360.6231022700886
forecast_6597,2025-10-02 21:00:00,3460.460370024892,3462.075111006136,3360.258314563166
forecast_6598,2025-10-02 22:00:00,3459.7526254259565,3462.6222248334684,3360.6935003924427
forecast_6599,2025-10-02 23:00:00,3460.59136825603,3460.2074050003353,3360.725631276034
forecast_6600,2025-10-03 00:00:00,3464.6368613139257,3463.2301590172856,3360.7129334354836
forecast_6601,2025-10-03 01:00:00,3521.898958284171,3538.5656485490113,3361.9367947569945
forecast_6602,2025-10-03 02:00:00,3533.931417674849,3591.1331504989344,3368.3491470196313
forecast_6603,2025-10-03 03:00:00,3616.870500105274,3655.678191315395,3368.8855818498378
forecast_6604,2025-10-03 04:00:00,3673.193042139337,3862.66833308662,3381.633549464013
forecast_6605,2025-10-03 05:00:00,3684.639513236799,3724.8525019306535,3395.3044334797873
forecast_6606,2025-10-03 06:00:00,3534.4857406257465,3077.91209185822,3414.3084511628326
forecast_6607,2025-10-03 07:00:00,4100.306828693234,3561.5049112703236,3442.493986676557
forecast_6608,2025-10-03 08:00:00,4441.670496315277,4224.570355902282,3569.4616347771703
forecast_6609,2025-10-03 09:00:00,4453.579481135664,4433.509183593523,3654.1360298849704
forecast_6610,2025-10-03 10:00:00,4224.450637146303,3774.0299606718854,3554.500343406972
forecast_6611,2025-10-03 11:00:00,3795.2923582234357,3475.3631466038532,3510.077683426089
forecast_6612,2025-10-03 12:00:00,4135.423559927073,3543.1221240023137,3713.682410528285
forecast_6613,2025-10-03 13:00:00,3770.010287217441,3341.814004727096,3523.166010347553
forecast_6614,2025-10-03 14:00:00,3668.3876564676443,2931.5929744461027,3432.3847110449365
forecast_6615,2025-10-03 15:00:00,3689.7839941481498,3073.2002326689803,3657.343830375346
forecast_6616,2025-10-03 16:00:00,4836.948851268051,4508.8125915468645,3406.992053513063
forecast_6617,2025-10-03 17:00:00,4725.952930129922,5027.75406984491,3829.6375042267964
forecast_6618,2025-10-03 18:00:00,4810.769895364182,5341.102794554004,3427.794689257311
forecast_6619,2025-10-03 19:00:00,6104.328360623877,6258.821266319916,4934.085098646979
forecast_6620,2025-10-03 20:00:00,6030.6778494408145,6200.4186026282505,4090.8249238726394
forecast_6621,2025-10-03 21:00:00,6490.335940754409,7231.745555497584,4820.6801855053345
forecast_6622,2025-10-03 22:00:00,5463.499729601127,5774.075536324563,3570.110539001735
forecast_6623,2025-10-03 23:00:00,5309.104880109545,5439.154127101492,3794.1339713517013
forecast_6624,2025-10-04 00:00:00,4428.1741950274145,4463.470251135426,3708.62693160128
forecast_6625,2025-10-04 01:00:00,4003.194509315041,4168.2737864692845,3504.226818872002
forecast_6626,2025-10-04 02:00:00,3738.9882930467834,3621.839912283023,3429.2049607246036
forecast_6627,2025-10-04 03:00:00,4397.748234568799,3768.674365260186,3448.118439032285
forecast_6628,2025-10-04 04:00:00,3708.9036981931613,3124.555354787928,3422.67034245192
forecast_6629,2025-10-04 05:00:00,3611.7112030889502,2890.7439847725996,3389.8883832446927
forecast_6630,2025-10-04 06:00:00,3876.60031303473,3883.202454159615,3419.5505468774213
forecast_6631,2025-10-04 07:00:00,3512.691386661532,2528.704933788995,3393.246719360591
forecast_6632,2025-10-04 08:00:00,3570.1012400167892,2404.583091359423,3416.2633048987577
forecast_6633,2025-10-04 09:00:00,3789.2579175977394,3727.698413717798,3403.2263812581114
forecast_6634,2025-10-04 10:00:00,3661.4967777717006,3694.289276299815,3381.8278896150514
forecast_6635,2025-10-04 11:00:00,3526.0289686339443,3539.4873538844686,3375.696827836687
forecast_6636,2025-10-04 12:00:00,3491.5969824761196,3506.1327583621155,3368.7147529237905
forecast_6637,2025-10-04 13:00:00,3510.642683871029,3626.748429780245,3377.9041519590196
forecast_6638,2025-10-04 14:00:00,3497.654593866175,3553.001182996411,3405.2025708775136
forecast_6639,2025-10-04 15:00:00,3484.344754045326,3530.797602037206,3378.124340802433
forecast_6640,2025-10-04 16:00:00,3480.838016843419,3526.9257182784313,3373.1930234591273
forecast_6641,2025-10-04 17:00:00,3483.8689287731077,3530.934569798582,3394.07300335906
forecast_6642,2025-10-04 18:00:00,3486.9633112618876,3522.878619957324,3376.601304025519
forecast_6643,2025-10-04 19:00:00,3488.604909820078,3506.5483883406337,3371.987939336657
forecast_6644,2025-10-04 20:00:00,3476.364461000881,3479.620358220737,3365.5096164042216
forecast_6645,2025-10-04 21:00:00,3479.682037200498,3476.3857634539563,3362.051350238224
forecast_6646,2025-10-04 22:00:00,3475.0519758261685,3464.265806017282,3360.70868570818
forecast_6647,2025-10-04 23:00:00,3464.403696442643,3461.852672329112,3361.354809650069
forecast_6648,2025-10-05 00:00:00,3461.9656748998073,3461.374527941939,3360.2308667715515
forecast_6649,2025-10-05 01:00:00,3487.2278201186923,3495.3073459363713,3363.1679116150926
forecast_6650,2025-10-05 02:00:00,3468.745308704187,3471.721862253738,3367.100823556856
forecast_6651,2025-10-05 03:00:00,3466.168071925735,3472.1695256595885,3361.8810923654282
forecast_6652,2025-10-05 04:00:00,3459.3142135481244,3457.3398931585666,3361.924980229461
forecast_6653,2025-10-05 05:00:00,3461.463032022294,3461.119763817066,3361.2628731086993
forecast_6654,2025-10-05 06:00:00,3459.368515146966,3458.367513703912,3360.670155408173
forecast_6655,2025-10-05 07:00:00,3458.236452881257,3457.759630468466,3360.70357070747
forecast_6656,2025-10-05 08:00:00,3459.7290525674225,3458.674811746779,3360.8002611341044
forecast_6657,2025-10-05 09:00:00,3457.781572308697,3458.5072873055333,3361.027730537618
forecast_6658,2025-10-05 10:00:00,3458.2352819457333,3457.4868258722327,3360.9144620273746
forecast_6659,2025-10-05 11:00:00,3458.811024185404,3457.375987540555,3361.0609955057944
forecast_6660,2025-10-05 12:00:00,3457.707015472554,3459.149598385268,3360.3554122654728
forecast_6661,2025-10-05 13:00:00,3456.7912036422344,3456.855452428442,3360.5243611675064
forecast_6662,2025-10-05 14:00:00,3456.7213997603867,3456.575851844657,3360.8900384294543
forecast_6663,2025-10-05 15:00:00,3457.0782700978502,3456.5062221708013,3360.666934229025
forecast_6664,2025-10-05 16:00:00,3458.7016653254677,3459.3637453394413,3360.829219096671
forecast_6665,2025-10-05 17:00:00,3461.543514937304,3460.847680123215,3360.250199772077
forecast_6666,2025-10-05 18:00:00,3465.509249211802,3464.0036473037962,3360.6730414882786
forecast_6667,2025-10-05 19:00:00,3478.6186229128957,3484.4529709591516,3361.062921484451
forecast_6668,2025-10-05 20:00:00,3481.9688009704423,3497.1385879913364,3360.9492356778937
forecast_6669,2025-10-05 21:00:00,3482.1486364646016,3524.9757911953243,3362.0562022305703
forecast_6670,2025-10-05 22:00:00,3476.838101454739,3495.6178913790905,3361.6291143922112
forecast_6671,2025-10-05 23:00:00,3487.5755691104464,3514.9433895498555,3363.9099877848957
forecast_6672,2025-10-06 00:00:00,3490.9185454616563,3524.7455482899286,3365.101008858522
forecast_6673,2025-10-06 01:00:00,3598.0196408223997,3862.7621362419313,3386.1895722704626
forecast_6674,2025-10-06 02:00:00,3611.384926735379,3766.5697990413555,3530.2076036946883
forecast_6675,2025-10-06 03:00:00,3905.061267903943,4121.7386678790335,3201.5162956225313
forecast_6676,2025-10-06 04:00:00,4057.496219322409,4779.865713736461,3117.4320226683462
forecast_6677,2025-10-06 05:00:00,4205.763211822719,5521.605826608873,3570.7656635092762
forecast_6678,2025-10-06 06:00:00,6751.012884930612,8095.231417876195,5503.693031386696
forecast_6679,2025-10-06 07:00:00,6425.8831848891805,8456.631293041497,6178.938075634681
forecast_6680,2025-10-06 08:00:00,6803.535852692244,8922.661323253778,6437.895559047638
forecast_6681,2025-10-06 09:00:00,7505.415437954677,10067.498759402757,6505.261850657844
forecast_6682,2025-10-06 10:00:00,7528.353785948465,9943.767556690504,6298.231040463211
forecast_6683,2025-10-06 11:00:00,6422.110651847898,7633.137992075762,5233.15030699416
forecast_6684,2025-10-06 12:00:00,5850.051109725439,7275.528431774901,5232.329972423457
forecast_6685,2025-10-06 13:00:00,5613.450735736759,6462.467430838058,4475.237456474698
forecast_6686,2025-10-06 14:00:00,5717.800248848014,6652.6104565527285,4833.783735037082
forecast_6687,2025-10-06 15:00:00,6228.950621659078,7612.774353658257,3722.3778270303756
forecast_6688,2025-10-06 16:00:00,6562.052788015326,8332.020943050613,5868.14358615053
forecast_6689,2025-10-06 17:00:00,6830.097165208263,8825.051485379818,6343.401790609423
forecast_6690,2025-10-06 18:00:00,7559.5293337624,10442.724501974411,7869.9839263317745
forecast_6691,2025-10-06 19:00:00,8704.993677066572,11676.646423542386,9263.350631956346
forecast_6692,2025-10-06 20:00:00,10572.015655003232,12533.256012660771,9322.600834144181
forecast_6693,2025-10-06 21:00:00,11900.56709585599,14270.309512482601,10002.172504572467
forecast_6694,2025-10-06 22:00:00,13769.288469470544,14781.632910353075,10909.365508202418
forecast_6695,2025-10-06 23:00:00,14031.437288959554,15160.348506360886,10519.841784065016
forecast_6696,2025-10-07 00:00:00,13906.598957370026,15756.625054794444,12309.29589541546
forecast_6697,2025-10-07 01:00:00,12939.913885862026,14910.472269103439,11088.180547205824
forecast_6698,2025-10-07 02:00:00,10623.59395789656,13143.166207180813,6803.335510724857
forecast_6699,2025-10-07 03:00:00,9936.83240437807,11857.241523145913,6211.358833801923
forecast_6700,2025-10-07 04:00:00,9524.936563346517,10287.85013073807,5512.940762383304
forecast_6701,2025-10-07 05:00:00,9531.01069386076,10603.560841827144,5488.414302845559
forecast_6702,2025-10-07 06:00:00,9499.337468431206,10324.332025254982,5925.857936967635
forecast_6703,2025-10-07 07:00:00,7575.319282786502,9124.078397483307,6371.711261666429
forecast_6704,2025-10-07 08:00:00,7202.722644999542,6874.9690567935295,5471.1081661892495
forecast_6705,2025-10-07 09:00:00,6742.075447696779,5920.299353560723,4809.382598477627
forecast_6706,2025-10-07 10:00:00,4721.761579363959,4268.9717975269095,3493.763144531005
forecast_6707,2025-10-07 11:00:00,4452.817710523272,4109.1331763093995,3723.9234037443885
forecast_6708,2025-10-07 12:00:00,3871.2109346677794,3100.6569572740855,3420.82872719768
forecast_6709,2025-10-07 13:00:00,3880.881749524461,3639.1122861234553,3412.5798940769696
forecast_6710,2025-10-07 14:00:00,3886.769456279714,3703.4059591538053,3422.349134709975
forecast_6711,2025-10-07 15:00:00,3899.4229395199804,3562.26720651811,3404.9133559114102
forecast_6712,2025-10-07 16:00:00,3875.344725526631,3518.419338193416,3366.8331943321577
forecast_6713,2025-10-07 17:00:00,3656.3716875482687,3494.984910640696,3364.2036119789077
forecast_6714,2025-10-07 18:00:00,3654.3563511238904,3490.8934049407208,3363.6165012938136
forecast_6715,2025-10-07 19:00:00,3529.979079958683,3475.9551844097923,3363.161621902646
forecast_6716,2025-10-07 20:00:00,3486.004176435878,3463.0814012467613,3360.7974784097682
forecast_6717,2025-10-07 21:00:00,3468.995970129005,3462.9611724333695,3360.4613594879893
forecast_6718,2025-10-07 22:00:00,3467.82601072982,3461.6346598359683,3361.153447973861
forecast_6719,2025-10-07 23:00:00,3493.028825295328,3462.14139309235,3360.7813146792923
forecast_6720,2025-10-08 00:00:00,3484.8572765331123,3465.2210615098184,3360.417533803069
forecast_6721,2025-10-08 01:00:00,3496.141749722189,3467.3929167831566,3361.020530086394
forecast_6722,2025-10-08 02:00:00,3492.6463358355777,3479.8642149860034,3361.4311303886743
forecast_6723,2025-10-08 03:00:00,3481.1801340600528,3480.8084030720643,3360.459435345754
forecast_6724,2025-10-08 04:00:00,3510.1733375443027,3533.9599380871755,3361.206302961686
forecast_6725,2025-10-08 05:00:00,3470.6839421180916,3478.5318035997107,3360.62416286759
forecast_6726,2025-10-08 06:00:00,3467.4304082868216,3462.3165261111767,3360.4566158994176
forecast_6727,2025-10-08 07:00:00,3474.708611656327,3479.3069265921586,3361.0902745514486
forecast_6728,2025-10-08 08:00:00,3470.693654642211,3467.973397266453,3360.857001696123
forecast_6729,2025-10-08 09:00:00,3464.403282256257,3467.2949365301442,3361.3595413789567
forecast_6730,2025-10-08 10:00:00,3462.386578576531,3470.5275630349834,3360.926537019884
forecast_6731,2025-10-08 11:00:00,3460.2635908708385,3464.848629476574,3361.0159117687203
forecast_6732,2025-10-08 12:00:00,3459.908132909331,3465.578096190376,3360.5057805932283
forecast_6733,2025-10-08 13:00:00,3461.9578463181597,3469.8838482245233,3361.8988223765814
forecast_6734,2025-10-08 14:00:00,3467.168420196163,3480.360554251442,3366.654171283427
forecast_6735,2025-10-08 15:00:00,3484.9995355719752,3517.488445305148,3386.1990605965407
forecast_6736,2025-10-08 16:00:00,3524.245529897248,3739.176486720465,3418.193002928448
forecast_6737,2025-10-08 17:00:00,3540.2210609503513,3727.3608150264995,3412.0224629547424
forecast_6738,2025-10-08 18:00:00,3631.2363689825,3797.41387807306,3476.3596703474577
forecast_6739,2025-10-08 19:00:00,3736.579797357063,3459.8057145245416,3123.09844819659
forecast_6740,2025-10-08 20:00:00,3875.1408925531014,4333.812432814711,3176.9023178774505
forecast_6741,2025-10-08 21:00:00,4084.068263299751,4704.122995728989,3268.711571374812
forecast_6742,2025-10-08 22:00:00,4217.455221592113,5406.486329736808,3695.551297567456
forecast_6743,2025-10-08 23:00:00,4640.6967829689,5557.232493485099,3725.427091161075
forecast_6744,2025-10-09 00:00:00,5401.106328456221,7209.227490461903,4572.755323634794
forecast_6745,2025-10-09 01:00:00,6113.731516060246,7599.984639280371,5033.646223519965
forecast_6746,2025-10-09 02:00:00,5997.3069906088485,7855.714767112677,5477.585006248281
forecast_6747,2025-10-09 03:00:00,5838.497444536444,7319.405988364233,4659.638326182072
forecast_6748,2025-10-09 04:00:00,5120.3473244978195,6896.074540214793,4347.398630043846
forecast_6749,2025-10-09 05:00:00,5499.905430628098,7194.802850399317,4286.128470366639
forecast_6750,2025-10-09 06:00:00,5690.534700270883,7490.051035768804,4509.151515577225
forecast_6751,2025-10-09 07:00:00,5422.555139238514,7174.960478937738,4279.41231806645
forecast_6752,2025-10-09 08:00:00,5304.975481712455,7074.872335534039,4246.788112420878
forecast_6753,2025-10-09 09:00:00,5013.3438476693755,6437.904272013129,3922.301206063208
forecast_6754,2025-10-09 10:00:00,4805.398453297047,5981.414839563279,3690.8858576783437
forecast_6755,2025-10-09 11:00:00,4056.1960188545363,4351.506434287845,3741.5459316835554
forecast_6756,2025-10-09 12:00:00,3835.979646473023,4025.4068272297827,3761.947980628636
forecast_6757,2025-10-09 13:00:00,3695.545444148622,3781.9557423274446,3605.987601747891
forecast_6758,2025-10-09 14:00:00,3792.06378883707,3474.4048452268194,3640.789832252549
forecast_6759,2025-10-09 15:00:00,3667.419370217613,3138.615824043084,3481.053612304133
forecast_6760,2025-10-09 16:00:00,3664.1020220837595,3758.167148139035,3448.565759110682
forecast_6761,2025-10-09 17:00:00,3621.066704425438,3657.516599444661,3421.0400544624154
forecast_6762,2025-10-09 18:00:00,3652.395717437966,3685.3015621351974,3373.158163620412
forecast_6763,2025-10-09 19:00:00,3680.1826057796807,3691.6663425775873,3390.5198153329648
forecast_6764,2025-10-09 20:00:00,3656.844612621706,3646.6705526997016,3372.859419529582
forecast_6765,2025-10-09 21:00:00,3585.766405796781,3556.896251600623,3366.362275083841
forecast_6766,2025-10-09 22:00:00,3534.5088099366835,3578.5050327630115,3362.7107505171803
forecast_6767,2025-10-09 23:00:00,3578.2355757023333,3593.749351700171,3363.1746448526133
forecast_6768,2025-10-10 00:00:00,3619.30400406249,3551.1169692312933,3363.4484287519444
forecast_6769,2025-10-10 01:00:00,3559.1432610307056,3526.498988638983,3368.078310440196
forecast_6770,2025-10-10 02:00:00,3574.522856367899,3529.1393882614548,3369.500312546249
forecast_6771,2025-10-10 03:00:00,3632.5223583949733,3598.214894456286,3368.922483458431
forecast_6772,2025-10-10 04:00:00,3768.0471682542698,3570.242020252193,3379.7837317958897
forecast_6773,2025-10-10 05:00:00,3743.7602015229045,3560.0401572563487,3379.7434469581035
forecast_6774,2025-10-10 06:00:00,3804.1763195656204,3629.32327513833,3376.9199785424034
forecast_6775,2025-10-10 07:00:00,3740.348604803264,3574.600386267428,3379.628188669256
forecast_6776,2025-10-10 08:00:00,3703.1630078611283,3601.674323444931,3386.323645844739
forecast_6777,2025-10-10 09:00:00,3643.8900129077256,3580.37599502463,3378.8466667212674
forecast_6778,2025-10-10 10:00:00,3612.2177934224433,3570.9495400256174,3371.2771571931357
forecast_6779,2025-10-10 11:00:00,3558.2834474100127,3551.4837173466276,3374.3087671778726
forecast_6780,2025-10-10 12:00:00,3535.0237010879755,3527.036063296897,3375.5104166382685
forecast_6781,2025-10-10 13:00:00,3601.8020333446248,3586.343115107349,3394.1428705298467
forecast_6782,2025-10-10 14:00:00,3580.7979409015575,3621.267315335404,3391.1897990447114
forecast_6783,2025-10-10 15:00:00,3649.1899058108743,3746.5117877500597,3401.7862688547393
forecast_6784,2025-10-10 16:00:00,3536.0787827179347,3530.0810564668636,3389.3615752468722
forecast_6785,2025-10-10 17:00:00,3540.2996377483228,3521.825232676333,3389.716340789684
forecast_6786,2025-10-10 18:00:00,3564.0650959769414,3519.7805026263445,3389.2233598552666
forecast_6787,2025-10-10 19:00:00,3682.3060284485,3694.4250530868076,3431.328293531259
forecast_6788,2025-10-10 20:00:00,3740.8323760185153,3759.9481476154174,3508.3244994920788
forecast_6789,2025-10-10 21:00:00,3808.562644834142,3735.303463759352,4529.963362458259
forecast_6790,2025-10-10 22:00:00,3974.9621837967993,4502.431560862507,3695.879000640193
forecast_6791,2025-10-10 23:00:00,3999.8059758084264,4577.6598592072205,4730.9905783711765
forecast_6792,2025-10-11 00:00:00,5054.119959597155,5321.2995372149835,4614.116336743094
forecast_6793,2025-10-11 01:00:00,5604.154858935237,6706.339007008619,3651.9995222703046
forecast_6794,2025-10-11 02:00:00,6332.724863730704,6563.451119770736,3747.3056995031757
forecast_6795,2025-10-11 03:00:00,7441.056314569946,7281.783574542307,5282.359084144124
forecast_6796,2025-10-11 04:00:00,9150.122138580962,8898.542650845859,5636.3749548636215
forecast_6797,2025-10-11 05:00:00,10403.969647603213,10718.595878208711,6436.486020210378
forecast_6798,2025-10-11 06:00:00,10239.373624228405,10683.22245001283,6275.7430561242545
forecast_6799,2025-10-11 07:00:00,10655.58229871305,11169.375922853815,6135.886874302666
forecast_6800,2025-10-11 08:00:00,10547.99853530432,11091.289081324834,6482.23317787986
forecast_6801,2025-10-11 09:00:00,9859.073059393353,10952.018558881493,6025.620529882312
forecast_6802,2025-10-11 10:00:00,9771.455915705918,10944.703624041675,6576.044643424857
forecast_6803,2025-10-11 11:00:00,9733.529203884998,10768.877320401933,6685.019425162894
forecast_6804,2025-10-11 12:00:00,9411.11419202102,10744.597283808516,6630.289058334402
forecast_6805,2025-10-11 13:00:00,10658.302658015387,11630.542233259668,7866.993967257953
forecast_6806,2025-10-11 14:00:00,10763.008179758279,11342.124091889784,7598.154313651738
forecast_6807,2025-10-11 15:00:00,11804.652230842239,11726.470214846435,8496.846051027509
forecast_6808,2025-10-11 16:00:00,12296.696249980536,12452.869168130974,9213.950883530752
forecast_6809,2025-10-11 17:00:00,11846.053033774953,12057.202193591549,8285.28754882417
forecast_6810,2025-10-11 18:00:00,12130.739029293181,12613.166741179704,10433.625586982318
forecast_6811,2025-10-11 19:00:00,12541.50179936733,12954.575331609094,12504.835697934299
forecast_6812,2025-10-11 20:00:00,12629.229205032752,13076.213309580744,13047.87323652158
forecast_6813,2025-10-11 21:00:00,12625.226415583607,13481.653052606682,12811.001228844163
forecast_6814,2025-10-11 22:00:00,12857.972013601473,13616.476927449852,11964.62191451209
forecast_6815,2025-10-11 23:00:00,11897.314347313599,12540.929013724628,12641.591665110554
forecast_6816,2025-10-12 00:00:00,11764.263922273572,11667.968124795429,12368.067096991192
forecast_6817,2025-10-12 01:00:00,12076.589451353913,11443.49891494489,11932.929042319556
forecast_6818,2025-10-12 02:00:00,11411.363197112601,9979.84970104966,11040.790406682996
forecast_6819,2025-10-12 03:00:00,8929.429537111324,7973.996801634822,8143.075794088491
forecast_6820,2025-10-12 04:00:00,8056.9815489653165,6541.073652166265,6576.340601699957
forecast_6821,2025-10-12 05:00:00,3876.820016173123,4218.58460807042,3642.4039635106064
forecast_6822,2025-10-12 06:00:00,3663.987708834379,3697.5987675618276,3489.497536867886
forecast_6823,2025-10-12 07:00:00,3544.4280661935672,3549.68856322057,3410.9484520317887
forecast_6824,2025-10-12 08:00:00,3656.3596039602157,3753.6937812493097,3471.936632031557
forecast_6825,2025-10-12 09:00:00,4513.014656829577,3911.0148498519657,3993.587494869499
forecast_6826,2025-10-12 10:00:00,4391.694171487924,4139.776627115552,3631.044439141084
forecast_6827,2025-10-12 11:00:00,4507.640821967049,4492.4453105773655,3795.252040957792
forecast_6828,2025-10-12 12:00:00,4399.226953669737,4611.919924235458,3803.2008993092104
forecast_6829,2025-10-12 13:00:00,5056.717233094027,5023.311728923514,3943.3097798377285
forecast_6830,2025-10-12 14:00:00,5515.650655079596,5425.317050456313,4445.008460340006
forecast_6831,2025-10-12 15:00:00,4828.633805081183,5507.697355423704,4348.949444809991
forecast_6832,2025-10-12 16:00:00,4841.104114428496,5559.757897298874,4213.901607694618
forecast_6833,2025-10-12 17:00:00,4782.066012495065,5566.471795662733,4857.6828479716005
forecast_6834,2025-10-12 18:00:00,4721.615888966862,5498.301459791235,4855.001151298926
forecast_6835,2025-10-12 19:00:00,5219.660599999675,6201.123314993247,5166.088825832165
forecast_6836,2025-10-12 20:00:00,5541.454092939577,6253.972648446163,5481.904025431197
forecast_6837,2025-10-12 21:00:00,5106.924510631991,5929.348901593361,5355.875032249366
forecast_6838,2025-10-12 22:00:00,4503.066464241606,4895.453401920569,3844.8062236639307
forecast_6839,2025-10-12 23:00:00,4132.613029414359,4460.220027922632,3939.2863936119065
forecast_6840,2025-10-13 00:00:00,3979.7136008017414,4237.980993086977,3203.0970955822486
forecast_6841,2025-10-13 01:00:00,3722.1144177140695,3606.4953348682375,3697.1700113046177
forecast_6842,2025-10-13 02:00:00,3623.9130719002633,3857.265726006457,3440.7927097134484
forecast_6843,2025-10-13 03:00:00,3528.304981409308,3680.8696248401784,3459.613369387108
forecast_6844,2025-10-13 04:00:00,3512.6754446449168,3587.4204709316614,3377.7223814214503
forecast_6845,2025-10-13 05:00:00,3538.06579171024,3741.3214870924676,3385.724144173379
forecast_6846,2025-10-13 06:00:00,3604.996761547426,3200.5405606092463,3536.567361861016
forecast_6847,2025-10-13 07:00:00,4662.29673044543,4317.562664179067,3537.214727251769
forecast_6848,2025-10-13 08:00:00,4338.384976419706,4533.825669813361,3348.7981836248923
forecast_6849,2025-10-13 09:00:00,4646.501538299681,4267.239552174669,3687.9110822286525
forecast_6850,2025-10-13 10:00:00,4561.415574435057,4437.632107939455,3549.7348978157233
forecast_6851,2025-10-13 11:00:00,4805.612801565862,4493.539352647167,3792.6575014652344
forecast_6852,2025-10-13 12:00:00,4202.734431161793,4512.225274016502,3594.6742388261923
forecast_6853,2025-10-13 13:00:00,4666.8348665640015,4878.281860784803,4032.2841631535903
forecast_6854,2025-10-13 14:00:00,4272.645112815128,4657.259632370244,4079.2434008268956
forecast_6855,2025-10-13 15:00:00,4495.136548237267,4745.893804647961,4447.491385224507
forecast_6856,2025-10-13 16:00:00,4444.084152912681,4660.543715655763,4080.753042671211
forecast_6857,2025-10-13 17:00:00,4652.282538101914,4879.609755039258,4788.634866386047
forecast_6858,2025-10-13 18:00:00,4713.403326929411,4778.580053562651,4789.138259378178
forecast_6859,2025-10-13 19:00:00,5196.649992929468,5307.394458601439,5020.389261109914
forecast_6860,2025-10-13 20:00:00,5300.050700984538,5580.136743809624,4863.664582707274
forecast_6861,2025-10-13 21:00:00,5655.712958938774,6178.263852795217,5120.457492351662
forecast_6862,2025-10-13 22:00:00,6057.828233016029,6679.495048081083,4924.322390083451
forecast_6863,2025-10-13 23:00:00,5467.483651639006,6206.648965908763,5141.007051086214
forecast_6864,2025-10-14 00:00:00,5730.704111673562,6262.501599175961,5042.526727396193
forecast_6865,2025-10-14 01:00:00,7084.2144112974765,7113.372910658377,5288.608862340033
forecast_6866,2025-10-14 02:00:00,8317.87431717587,8893.081808280329,5509.395529047859
forecast_6867,2025-10-14 03:00:00,6244.359973945246,6702.80063932854,4554.957157364414
forecast_6868,2025-10-14 04:00:00,6223.484635065215,6798.929685069592,4031.8396403029506
forecast_6869,2025-10-14 05:00:00,6701.45528685371,7333.553123688605,4279.525814266123
forecast_6870,2025-10-14 06:00:00,6578.047313549866,6591.665126486052,4032.483162473763
forecast_6871,2025-10-14 07:00:00,5237.802446407521,6294.430109983336,3861.400978055452
forecast_6872,2025-10-14 08:00:00,5360.481445237968,6363.721256526656,3740.283199879326
forecast_6873,2025-10-14 09:00:00,5344.510724975462,6713.549818032217,3985.4942525181696
forecast_6874,2025-10-14 10:00:00,4866.937686189951,6478.438906250583,3840.5975375482603
forecast_6875,2025-10-14 11:00:00,4661.581490126366,5864.0350950316315,3608.788414149084
forecast_6876,2025-10-14 12:00:00,4783.886742522418,5515.090046732406,3470.9099921195975
forecast_6877,2025-10-14 13:00:00,4658.681004566116,5210.771876998949,3503.7459773565347
forecast_6878,2025-10-14 14:00:00,4767.344692985121,5596.724183944119,3775.6313800373246
forecast_6879,2025-10-14 15:00:00,4535.301780669195,5682.115719469234,4286.597950026888
forecast_6880,2025-10-14 16:00:00,4001.2250693675105,4626.790829181019,3760.5353498206086
forecast_6881,2025-10-14 17:00:00,4049.0434149637363,4742.350774982463,4061.3034844734734
forecast_6882,2025-10-14 18:00:00,4284.125236882134,4262.251187105329,3752.3855784462376
forecast_6883,2025-10-14 19:00:00,4236.054917099755,4221.253177713804,3643.2431157989095
forecast_6884,2025-10-14 20:00:00,4454.013583060587,4422.2936067505325,3494.5102010430514
forecast_6885,2025-10-14 21:00:00,4458.2481239788,4383.338626066297,3414.3095872980984
forecast_6886,2025-10-14 22:00:00,4205.251518484669,3864.607038108772,3765.565565407322
forecast_6887,2025-10-14 23:00:00,4213.837011480748,3957.6034678578962,3700.7255748554026
forecast_6888,2025-10-15 00:00:00,4259.079615647622,3901.6859900154586,3563.1782691047774
forecast_6889,2025-10-15 01:00:00,4031.494789998694,3750.1048780252986,3728.4206572059416
forecast_6890,2025-10-15 02:00:00,3996.1133713397103,3802.9323603810526,3756.0894592936156
forecast_6891,2025-10-15 03:00:00,3951.6065008049977,3665.1021852627696,3521.545509196083
forecast_6892,2025-10-15 04:00:00,3854.1089785859203,3428.269556018237,3585.8341396861288
forecast_6893,2025-10-15 05:00:00,3828.3051654427773,3277.5259858085233,3496.675435937239
forecast_6894,2025-10-15 06:00:00,3960.5347001575287,3664.3873780857225,3616.426854378137
forecast_6895,2025-10-15 07:00:00,3901.3787308806736,3424.595201206363,3439.538941021689
forecast_6896,2025-10-15 08:00:00,3791.0623681416164,3420.0672864977278,3432.4920356338025
forecast_6897,2025-10-15 09:00:00,3761.7950681230714,3423.8962571773864,3483.7378012855065
forecast_6898,2025-10-15 10:00:00,3565.00327296379,2943.71379022137,3427.4720100486825
forecast_6899,2025-10-15 11:00:00,3567.1308793382464,2820.5862936296166,3375.466286459624
forecast_6900,2025-10-15 12:00:00,3628.421229303028,3735.346488017698,3376.409786251873
forecast_6901,2025-10-15 13:00:00,3605.4765123576262,3501.5322229821604,3365.645771883405
forecast_6902,2025-10-15 14:00:00,3555.45800581825,3483.464946259507,3363.9968151232933
forecast_6903,2025-10-15 15:00:00,3609.0769842568902,3474.2681479146486,3361.83468683717
forecast_6904,2025-10-15 16:00:00,3509.514920161654,3479.788552074154,3361.6201759549135
forecast_6905,2025-10-15 17:00:00,3621.0738178181286,3528.260061425288,3365.773082733263
forecast_6906,2025-10-15 18:00:00,3808.4067726883573,3748.5929258204374,3370.8475460247173
forecast_6907,2025-10-15 19:00:00,3719.8432579939645,3809.6804313953553,3376.2920514410903
forecast_6908,2025-10-15 20:00:00,3600.0076887117157,3157.555591270381,3431.3647969757535
forecast_6909,2025-10-15 21:00:00,3842.3498762999375,3870.148788728319,3400.7819886613183
forecast_6910,2025-10-15 22:00:00,3850.7975243155997,4161.9801009777275,3462.6693794191483
forecast_6911,2025-10-15 23:00:00,5112.729063744575,4314.4153388124605,3563.1769258156914
forecast_6912,2025-10-16 00:00:00,3859.778391580384,4057.1200646104185,3681.8093666391856
forecast_6913,2025-10-16 01:00:00,3770.9210878863237,3682.6835487786234,3409.856579128023
forecast_6914,2025-10-16 02:00:00,3397.814319971962,2705.9316016119737,3429.528007062904
forecast_6915,2025-10-16 03:00:00,3669.0240693181768,3543.9911242908956,3555.623008468656
forecast_6916,2025-10-16 04:00:00,4498.773303213459,3468.46189846064,3417.4250895025693
forecast_6917,2025-10-16 05:00:00,3675.99800288002,3220.8608429519413,3557.2706537033655
forecast_6918,2025-10-16 06:00:00,3739.3206151880163,3997.3261166858038,3493.1241058834626
forecast_6919,2025-10-16 07:00:00,5352.837849088023,5142.2541845836095,4474.837726505503
forecast_6920,2025-10-16 08:00:00,4900.444836228795,5158.149271160674,3952.1125382172745
forecast_6921,2025-10-16 09:00:00,4812.670590415501,4791.733539014413,3965.2097971559683
forecast_6922,2025-10-16 10:00:00,4342.543577816429,4465.88258585877,3839.5464711884797
forecast_6923,2025-10-16 11:00:00,4200.999104873122,4262.180955370161,3873.3777552658
forecast_6924,2025-10-16 12:00:00,4660.878204164221,5149.406394723418,3917.5200903127743
forecast_6925,2025-10-16 13:00:00,4963.312908396043,5482.373449575035,4516.544469567634
forecast_6926,2025-10-16 14:00:00,4475.003680932119,5167.411886932514,4409.032997085993
forecast_6927,2025-10-16 15:00:00,4084.00169880578,4140.31372411955,3995.560130996945
forecast_6928,2025-10-16 16:00:00,3857.603794476779,4066.577735256818,3958.1361093328087
forecast_6929,2025-10-16 17:00:00,3847.171456263665,4032.788845181099,4087.731265286305
forecast_6930,2025-10-16 18:00:00,3689.5687648328944,3570.615382539426,3703.7148262684314
forecast_6931,2025-10-16 19:00:00,3894.3240261010505,4130.292394526377,3779.3353137026374
forecast_6932,2025-10-16 20:00:00,4170.319947925697,4481.593506216819,3821.1261374626765
forecast_6933,2025-10-16 21:00:00,4391.1513997358215,5058.757626229463,3853.6835373674326
forecast_6934,2025-10-16 22:00:00,4873.934370319171,5012.069536917464,4042.0395828037563
forecast_6935,2025-10-16 23:00:00,4034.7309978219796,3723.201268491181,3561.756147951118
forecast_6936,2025-10-17 00:00:00,3899.5193075005263,3692.9099023093227,3400.459411877288
forecast_6937,2025-10-17 01:00:00,4321.745973365057,4597.343690272295,3603.8608954150886
forecast_6938,2025-10-17 02:00:00,3879.5911661416017,3622.871497265467,3733.496322976368
forecast_6939,2025-10-17 03:00:00,3933.1505599404345,3439.3341124649114,3555.5919557068755
forecast_6940,2025-10-17 04:00:00,3958.048111617746,3323.9243188145706,3400.783516509786
forecast_6941,2025-10-17 05:00:00,3939.1486388154635,3214.3249155408503,3374.120177811625
forecast_6942,2025-10-17 06:00:00,3962.361320591312,3173.2492812814044,3366.981517067029
forecast_6943,2025-10-17 07:00:00,4199.8927792439035,3691.8879479576144,3365.7865144772622
forecast_6944,2025-10-17 08:00:00,3936.4214453233226,3572.213504706743,3378.366800526327
forecast_6945,2025-10-17 09:00:00,3904.1611039858058,3643.6870293294232,3373.475876131145
forecast_6946,2025-10-17 10:00:00,3582.9002518841785,3505.55176826535,3362.3991458304135
forecast_6947,2025-10-17 11:00:00,3501.431880575626,3464.045867676712,3364.2357471979285
forecast_6948,2025-10-17 12:00:00,3468.4361145194193,3463.859253051848,3363.6885632345306
forecast_6949,2025-10-17 13:00:00,3468.242626256206,3465.1810382886056,3365.3164506657163
forecast_6950,2025-10-17 14:00:00,3474.229897592434,3470.2328599637813,3362.328606727014
forecast_6951,2025-10-17 15:00:00,3472.8443781544443,3481.506051163983,3361.90965427358
forecast_6952,2025-10-17 16:00:00,3475.3358715038835,3486.672142665758,3363.434812374274
forecast_6953,2025-10-17 17:00:00,3502.7316688456253,3572.708549473005,3377.2181150748834
forecast_6954,2025-10-17 18:00:00,3526.051991617824,3626.642567344072,3370.5500164684854
forecast_6955,2025-10-17 19:00:00,3591.3541738977483,3622.0689165713743,3411.726326787918
forecast_6956,2025-10-17 20:00:00,3644.6575084132583,3630.382684698831,3428.736703054527
forecast_6957,2025-10-17 21:00:00,4791.725846216685,3835.1276233102512,3536.6392909238193
forecast_6958,2025-10-17 22:00:00,4033.110567932115,4764.636321191219,4333.487930754625
forecast_6959,2025-10-17 23:00:00,4034.738801117438,4699.788133509953,4547.46433388752
forecast_6960,2025-10-18 00:00:00,4574.371359925755,4395.635913396705,3624.073558509669
forecast_6961,2025-10-18 01:00:00,3882.278205354102,4026.2701540104413,3684.274977957582
forecast_6962,2025-10-18 02:00:00,6210.9720557804885,5160.792084116014,5093.162421650492
forecast_6963,2025-10-18 03:00:00,6170.242171765772,4735.712782209539,4595.82519369741
forecast_6964,2025-10-18 04:00:00,5761.898082486924,4531.39155527388,4969.593673800982
forecast_6965,2025-10-18 05:00:00,3846.369117761805,3770.574392668999,3766.2913918964227
forecast_6966,2025-10-18 06:00:00,3598.7679490798696,3571.333296685098,3512.0596311026693
forecast_6967,2025-10-18 07:00:00,3717.7844736491484,3620.221322340277,3444.669842266927
forecast_6968,2025-10-18 08:00:00,3609.0920053914583,3557.3840749910933,3433.349353387946
forecast_6969,2025-10-18 09:00:00,3615.797592619795,3603.318912535351,3432.262289545999
forecast_6970,2025-10-18 10:00:00,3541.7742000066805,3589.097913861632,3394.357861692596
forecast_6971,2025-10-18 11:00:00,3556.2393562991842,3553.6100660350085,3419.070493227562
forecast_6972,2025-10-18 12:00:00,3678.976790851606,3789.5347850386584,3451.6731885533704
forecast_6973,2025-10-18 13:00:00,3753.636209089004,3863.39473231747,3561.206837495823
forecast_6974,2025-10-18 14:00:00,3763.1881808603844,3800.9169302949463,3447.99867945593
forecast_6975,2025-10-18 15:00:00,3641.159819852362,3145.8681861557243,3627.672189138868
forecast_6976,2025-10-18 16:00:00,3936.082754260421,3632.47953469202,3634.175624379437
forecast_6977,2025-10-18 17:00:00,3559.351710791485,3186.496035565787,3452.434659273095
forecast_6978,2025-10-18 18:00:00,3593.8832810650315,3853.0286381354567,3434.5793542308534
forecast_6979,2025-10-18 19:00:00,3545.5346875800046,3648.1404741216134,3405.9425122742473
forecast_6980,2025-10-18 20:00:00,3597.3560777405287,3814.322788932792,3416.8031999411905
forecast_6981,2025-10-18 21:00:00,3557.62105220421,3655.513355677911,3430.442278827208
forecast_6982,2025-10-18 22:00:00,3535.9625299591207,3567.617786903047,3391.054680973794
forecast_6983,2025-10-18 23:00:00,3516.1893063545617,3566.3794069042096,3385.22614461623
forecast_6984,2025-10-19 00:00:00,3506.199518888817,3519.7146072931255,3384.632645976561
forecast_6985,2025-10-19 01:00:00,3479.824800430178,3488.377594800445,3363.744314050447
forecast_6986,2025-10-19 02:00:00,3470.0059909750853,3475.0110605501145,3366.7328594516794
forecast_6987,2025-10-19 03:00:00,3465.3804297826614,3464.606882172235,3360.7070674121346
forecast_6988,2025-10-19 04:00:00,3467.2960080010976,3466.7530839295378,3360.786448681068
forecast_6989,2025-10-19 05:00:00,3467.3302554105503,3464.5747937863275,3360.5200544940117
forecast_6990,2025-10-19 06:00:00,3465.7652749166973,3465.658152821785,3360.238961628927
forecast_6991,2025-10-19 07:00:00,3470.8454601836793,3465.646694291328,3360.1741483850806
forecast_6992,2025-10-19 08:00:00,3495.4786526491516,3480.390839640138,3360.5035908925242
forecast_6993,2025-10-19 09:00:00,3516.5505062962293,3483.7312626105586,3363.1442481935724
forecast_6994,2025-10-19 10:00:00,3475.4729853963386,3496.6831222988085,3361.2456531223074
forecast_6995,2025-10-19 11:00:00,3484.6556533752123,3555.27851217297,3364.746074911706
forecast_6996,2025-10-19 12:00:00,3526.90139828408,3652.359151624752,3386.4766653783563
forecast_6997,2025-10-19 13:00:00,3452.9604386628107,2451.5908334589462,3599.21120465776
forecast_6998,2025-10-19 14:00:00,4379.915321931284,3271.437942114883,3464.346794120395
forecast_6999,2025-10-19 15:00:00,4843.38876109701,3796.4555095250034,3014.507936112162
forecast_7000,2025-10-19 16:00:00,5746.140661777044,4997.369191646644,3829.27483369305
forecast_7001,2025-10-19 17:00:00,6163.570306213464,4990.1410945859725,3672.3782179174386
forecast_7002,2025-10-19 18:00:00,6573.655389697095,5696.284257557134,4465.678063158668
forecast_7003,2025-10-19 19:00:00,7240.550584004652,6429.047863465166,5269.755915572401
forecast_7004,2025-10-19 20:00:00,6947.563231316965,6530.7611999056435,5633.071476857319
forecast_7005,2025-10-19 21:00:00,4135.3339934714195,5666.913461572962,3529.6568169406914
forecast_7006,2025-10-19 22:00:00,5910.874714485328,3886.5810897260303,3537.742930498848
forecast_7007,2025-10-19 23:00:00,3753.4579993121542,3688.578663980285,3441.488151216471
forecast_7008,2025-10-20 00:00:00,3562.4075225401666,3529.958603821229,3387.369430029036
forecast_7009,2025-10-20 01:00:00,3470.1040185392385,3473.7957312359354,3361.650657263048
forecast_7010,2025-10-20 02:00:00,3484.3357257706484,3463.7231280081805,3362.320693664583
forecast_7011,2025-10-20 03:00:00,3477.3192281397246,3467.9747993025007,3365.801776577344
forecast_7012,2025-10-20 04:00:00,3482.1022628852493,3470.412842136747,3366.3098542791327
forecast_7013,2025-10-20 05:00:00,3493.717082719736,3481.2997051767206,3378.9151625070517
forecast_7014,2025-10-20 06:00:00,3554.6799602404903,3586.5457512452617,3472.474012275243
forecast_7015,2025-10-20 07:00:00,3573.6795828311233,3608.9420120457926,3453.590962307388
forecast_7016,2025-10-20 08:00:00,3595.771190997393,3630.2971652183955,3431.640548610362
forecast_7017,2025-10-20 09:00:00,3510.826075985833,3095.824590045824,3772.840288725166
forecast_7018,2025-10-20 10:00:00,3629.195150387105,3746.3797006112513,3561.2091148475647
forecast_7019,2025-10-20 11:00:00,3533.070834123213,3187.075551455431,3753.112475421932
forecast_7020,2025-10-20 12:00:00,3563.15402799609,3230.352071628506,3658.59945838379
forecast_7021,2025-10-20 13:00:00,3511.702710785676,3066.3960022129163,3058.2004026300992
forecast_7022,2025-10-20 14:00:00,3590.466218507721,3795.106039023715,3477.390112468575
forecast_7023,2025-10-20 15:00:00,3521.270358004128,3600.9746696105576,3448.9620465885437
forecast_7024,2025-10-20 16:00:00,3472.544484765897,3489.8261592932026,3370.2952485928827
forecast_7025,2025-10-20 17:00:00,3460.7989058654734,3465.0507457253925,3361.421235614968
forecast_7026,2025-10-20 18:00:00,3459.0744984340226,3458.190164966055,3360.6912072959744
forecast_7027,2025-10-20 19:00:00,3459.8303499894414,3458.024892141701,3360.8267380717466
forecast_7028,2025-10-20 20:00:00,3458.9113352107793,3458.209048312123,3360.3433300548845
forecast_7029,2025-10-20 21:00:00,3459.2932912568035,3459.6604853635545,3361.0759963908786
forecast_7030,2025-10-20 22:00:00,3460.8217116699507,3459.9212980605516,3362.053973542756
forecast_7031,2025-10-20 23:00:00,3467.276434144466,3461.7667475374737,3364.419319429538
forecast_7032,2025-10-21 00:00:00,3491.5979496813998,3475.1844908316075,3362.8279708349014
forecast_7033,2025-10-21 01:00:00,3552.3446201525403,3514.618161908701,3378.8681029037934
forecast_7034,2025-10-21 02:00:00,3562.2294741643777,3521.0169093300924,3376.1489613496833
forecast_7035,2025-10-21 03:00:00,3545.076122016589,3503.195955276977,3373.837207722975
forecast_7036,2025-10-21 04:00:00,3522.926014272768,3534.585541063884,3366.0821112493018
forecast_7037,2025-10-21 05:00:00,3540.303905708885,3517.5595151578013,3371.7879517612746
forecast_7038,2025-10-21 06:00:00,3478.2113130314046,3476.415653032072,3365.7409215132225
forecast_7039,2025-10-21 07:00:00,3483.574466999004,3465.622854167944,3362.5975122227387
forecast_7040,2025-10-21 08:00:00,3463.6180988494953,3460.4227589695156,3361.4535341950177
forecast_7041,2025-10-21 09:00:00,3461.7173852741457,3463.046463251483,3362.1147008271487
forecast_7042,2025-10-21 10:00:00,3457.7376285816817,3457.828521064113,3361.064344050219
forecast_7043,2025-10-21 11:00:00,3456.886772480643,3456.853718450831,3360.9333345652867
forecast_7044,2025-10-21 12:00:00,3457.472746587384,3457.4126700865427,3361.6666869155583
forecast_7045,2025-10-21 13:00:00,3456.959333740896,3456.8625774893003,3361.6977429547055
forecast_7046,2025-10-21 14:00:00,3457.4849341490954,3458.1806298330157,3360.7952445693936
forecast_7047,2025-10-21 15:00:00,3457.9965642849356,3459.2386330211007,3360.9621771975226
forecast_7048,2025-10-21 16:00:00,3456.8351345115357,3458.4601024188178,3360.6220437560332
forecast_7049,2025-10-21 17:00:00,3456.906120159365,3458.471429204005,3360.1559760578516
forecast_7050,2025-10-21 18:00:00,3457.304580544071,3457.4511026438045,3360.402278262009
forecast_7051,2025-10-21 19:00:00,3465.4730182620297,3460.574453915899,3361.605346211157
forecast_7052,2025-10-21 20:00:00,3471.043655136032,3464.6332639346847,3361.5543281131827
forecast_7053,2025-10-21 21:00:00,3468.9363174378477,3465.326746842335,3362.64701586734
forecast_7054,2025-10-21 22:00:00,3464.714532440135,3464.902260272578,3360.866447960581
forecast_7055,2025-10-21 23:00:00,3465.04992648506,3465.091222149833,3360.730300303483
forecast_7056,2025-10-22 00:00:00,3468.07897813621,3466.687285301069,3360.7317081104193
forecast_7057,2025-10-22 01:00:00,3464.394656896784,3463.1398219397124,3360.834492302192
forecast_7058,2025-10-22 02:00:00,3468.318869753571,3459.940017134006,3360.7563076351685
forecast_7059,2025-10-22 03:00:00,3468.981605577401,3464.3332399899764,3360.926971827165
forecast_7060,2025-10-22 04:00:00,3471.1830663889095,3461.8867405331075,3361.8390661190665
forecast_7061,2025-10-22 05:00:00,3475.699304592458,3464.589377594677,3361.6802474680635
forecast_7062,2025-10-22 06:00:00,3493.277836296464,3468.176752517864,3361.118040654875
forecast_7063,2025-10-22 07:00:00,3597.6122964951423,3523.4036340339394,3364.3251532704203
forecast_7064,2025-10-22 08:00:00,3431.1995716869096,2671.8586979572815,3375.087136609388
forecast_7065,2025-10-22 09:00:00,3938.5366668355014,3065.91769543521,3563.9456196520073
forecast_7066,2025-10-22 10:00:00,3557.1412518719294,3730.4353273658935,3383.538663386398
forecast_7067,2025-10-22 11:00:00,3339.2377393787524,2467.6697135622994,3430.7893028705553
forecast_7068,2025-10-22 12:00:00,3534.117148885455,3571.6080526755477,3443.5229584971016
forecast_7069,2025-10-22 13:00:00,3468.353013939298,3486.4446643450046,3368.8821680669716
forecast_7070,2025-10-22 14:00:00,3464.273686973784,3471.632585455773,3363.8034033612917
forecast_7071,2025-10-22 15:00:00,3464.4945821502197,3477.544834650092,3362.807384021671
forecast_7072,2025-10-22 16:00:00,3468.2277276883333,3467.0088142946897,3368.453383322117
forecast_7073,2025-10-22 17:00:00,3464.9929728236175,3465.946849776138,3370.9506488583656
forecast_7074,2025-10-22 18:00:00,3469.391120972077,3470.104416039909,3365.8176779361397
forecast_7075,2025-10-22 19:00:00,3467.9922959425844,3471.31386978044,3363.5757946322306
forecast_7076,2025-10-22 20:00:00,3499.128380087941,3486.7666204379425,3361.8757231293675
forecast_7077,2025-10-22 21:00:00,3511.7949582056726,3484.265901743358,3362.0287499996666
forecast_7078,2025-10-22 22:00:00,3493.312737931695,3500.5963491599146,3363.375482520543
forecast_7079,2025-10-22 23:00:00,3532.2165723975427,3485.9178765787656,3363.6832632344795
forecast_7080,2025-10-23 00:00:00,3505.2562080044454,3469.2695522689683,3362.163336006193
forecast_7081,2025-10-23 01:00:00,3471.6640546597323,3462.5495668331946,3360.777255324014
forecast_7082,2025-10-23 02:00:00,3468.972943659682,3460.6807942232776,3360.695645373496
forecast_7083,2025-10-23 03:00:00,3464.762317820557,3468.124980872595,3362.074992537931
forecast_7084,2025-10-23 04:00:00,3463.6884877675125,3463.953878769412,3361.2530552462417
forecast_7085,2025-10-23 05:00:00,3472.6459208411684,3459.168735933553,3361.4701437504377
forecast_7086,2025-10-23 06:00:00,3465.5138781085666,3459.681657907725,3361.0190730672352
forecast_7087,2025-10-23 07:00:00,3462.3468086559765,3462.036111751984,3361.909939379716
forecast_7088,2025-10-23 08:00:00,3463.3353253766045,3464.8315691409484,3361.3259632820177
forecast_7089,2025-10-23 09:00:00,3457.725896667666,3457.6177204282335,3361.2028497726037
forecast_7090,2025-10-23 10:00:00,3457.3410134061046,3456.821390189917,3360.961039542246
forecast_7091,2025-10-23 11:00:00,3457.2418063990567,3456.168208389187,3360.253890851199
forecast_7092,2025-10-23 12:00:00,3456.9585427028383,3456.397082618992,3360.357727166234
forecast_7093,2025-10-23 13:00:00,3456.976205002197,3456.6362971615704,3360.665477102972
forecast_7094,2025-10-23 14:00:00,3458.704621071987,3457.6868240771805,3361.0353958706905
forecast_7095,2025-10-23 15:00:00,3459.016403439839,3457.464345376821,3362.5464216286437
forecast_7096,2025-10-23 16:00:00,3460.2759573055837,3456.9847196980095,3360.6579491056254
forecast_7097,2025-10-23 17:00:00,3459.515077376203,3456.843874566509,3361.0557964512714
forecast_7098,2025-10-23 18:00:00,3458.243673460189,3457.134931919803,3361.2312366947026
forecast_7099,2025-10-23 19:00:00,3457.75613257806,3456.902020737847,3360.558714736367
forecast_7100,2025-10-23 20:00:00,3469.6056613959304,3460.6597618419146,3360.6472555877313
forecast_7101,2025-10-23 21:00:00,3463.0799140966064,3462.5387854667624,3361.930808648078
forecast_7102,2025-10-23 22:00:00,3466.6863872154654,3470.900720642321,3361.6255592216335
forecast_7103,2025-10-23 23:00:00,3482.6895538205745,3468.8665043917886,3361.4118810478894
forecast_7104,2025-10-24 00:00:00,3485.33822935921,3487.6399290662166,3364.7163213718004
forecast_7105,2025-10-24 01:00:00,3497.626251378316,3474.8531727204436,3367.8503688146757
forecast_7106,2025-10-24 02:00:00,3490.3219786549703,3494.0851484136606,3361.6660218819557
forecast_7107,2025-10-24 03:00:00,3502.155179108816,3509.9425395300614,3370.764714027292
forecast_7108,2025-10-24 04:00:00,3510.0229171178476,3600.413214360876,3401.8963730613173
forecast_7109,2025-10-24 05:00:00,3530.967521420801,3589.748297962916,3468.101005294214
forecast_7110,2025-10-24 06:00:00,3453.304352601969,3102.5410583460316,3767.0807986810382
forecast_7111,2025-10-24 07:00:00,3676.417315414856,3845.492355322537,3553.6862011087305
forecast_7112,2025-10-24 08:00:00,3647.3781154919366,3789.2225091589116,3468.632146404081
forecast_7113,2025-10-24 09:00:00,3602.7596195914894,3763.079141030505,3381.3729000005005
forecast_7114,2025-10-24 10:00:00,3523.9962678947627,3573.195608377187,3415.115732804957
forecast_7115,2025-10-24 11:00:00,3587.6939903015264,3541.822798850002,3389.5353396836654
forecast_7116,2025-10-24 12:00:00,3564.156834483554,3520.9391611508677,3381.193958268671
forecast_7117,2025-10-24 13:00:00,3519.4401266631457,3516.1507323297774,3394.023573623658
forecast_7118,2025-10-24 14:00:00,3528.5931197785767,3514.2480483761547,3387.829342225312
forecast_7119,2025-10-24 15:00:00,3520.595535821304,3519.9010325447216,3374.256530631994
forecast_7120,2025-10-24 16:00:00,3586.003763318214,3545.317591197801,3371.33739024549
forecast_7121,2025-10-24 17:00:00,3599.197589018503,3555.0733621117174,3373.856961735302
forecast_7122,2025-10-24 18:00:00,3542.838009177548,3561.1696646925625,3371.7588450568815
forecast_7123,2025-10-24 19:00:00,3621.4280595998925,3603.4720152291443,3373.9410333028086
forecast_7124,2025-10-24 20:00:00,3729.242172230692,3593.9309763001847,3371.0702009182314
forecast_7125,2025-10-24 21:00:00,4138.872490099519,3687.7642820921005,3369.719280458669
forecast_7126,2025-10-24 22:00:00,4263.870188878,3767.8198294731483,3380.8418177233048
forecast_7127,2025-10-24 23:00:00,3770.3610882512958,3612.0165878532566,3365.7170483172263
forecast_7128,2025-10-25 00:00:00,3634.7869927749316,3583.1001785432254,3362.8450784533
forecast_7129,2025-10-25 01:00:00,3619.1518649829923,3520.882008418297,3367.525548161189
forecast_7130,2025-10-25 02:00:00,3683.6717948194932,3536.4668074985234,3365.449702825647
forecast_7131,2025-10-25 03:00:00,3613.80048176644,3502.676993088342,3366.6482380924317
forecast_7132,2025-10-25 04:00:00,3693.739089086794,3495.6712745714076,3374.079626654987
forecast_7133,2025-10-25 05:00:00,3701.1348043035023,3534.7650592935865,3386.743571448354
forecast_7134,2025-10-25 06:00:00,3620.354028554909,3521.1719076277514,3367.8330795254474
forecast_7135,2025-10-25 07:00:00,3629.676900550211,3568.787323743649,3365.003011041721
forecast_7136,2025-10-25 08:00:00,3596.438281134725,3566.535951859984,3362.678639420982
forecast_7137,2025-10-25 09:00:00,3586.5863104661335,3569.7251735876534,3360.801971301719
forecast_7138,2025-10-25 10:00:00,3475.9366269491597,3491.237101054732,3360.980821309612
forecast_7139,2025-10-25 11:00:00,3475.6269573865998,3495.1719392642167,3363.511701071207
forecast_7140,2025-10-25 12:00:00,3469.1576403224253,3489.040101376352,3364.7527171215106
forecast_7141,2025-10-25 13:00:00,3479.2698948421844,3501.5069322702097,3364.265195579212
forecast_7142,2025-10-25 14:00:00,3463.1085185679563,3461.068651681602,3361.6117726961825
forecast_7143,2025-10-25 15:00:00,3461.006142870929,3459.1569926231045,3361.4166413619905
forecast_7144,2025-10-25 16:00:00,3461.677799682754,3461.6557712960357,3364.9660442475115
forecast_7145,2025-10-25 17:00:00,3461.5506507993036,3468.2730087298996,3363.7657593185518
forecast_7146,2025-10-25 18:00:00,3474.9388860336107,3477.4862072552323,3362.235705299146
forecast_7147,2025-10-25 19:00:00,3539.4162560107166,3527.5168432978635,3363.764908271206
forecast_7148,2025-10-25 20:00:00,3516.755835262121,3522.6624631418968,3361.5085056828707
forecast_7149,2025-10-25 21:00:00,3495.65700937859,3490.057341742243,3363.7518510962605
forecast_7150,2025-10-25 22:00:00,3532.501329373643,3490.173915147562,3367.017279681924
forecast_7151,2025-10-25 23:00:00,3564.4435947684337,3489.0481521940637,3389.9522323580586
forecast_7152,2025-10-26 00:00:00,3625.4468106449594,3601.5098264245557,3535.5607904048848
forecast_7153,2025-10-26 01:00:00,3581.7297053584552,3483.1082830471605,3370.569200519004
forecast_7154,2025-10-26 02:00:00,3517.1287787738743,3493.7417867944564,3371.1944551114743
forecast_7155,2025-10-26 03:00:00,3533.24260450972,3540.81529675201,3384.195977702233
forecast_7156,2025-10-26 04:00:00,3566.6273640770546,3591.279651130445,3374.931765960658
forecast_7157,2025-10-26 05:00:00,3619.152870602534,3585.4054708410704,3391.329667911446
forecast_7158,2025-10-26 06:00:00,3608.2031021697912,3548.403983855834,3383.0560125293414
forecast_7159,2025-10-26 07:00:00,3811.6935317855273,3660.584768967456,3398.6667586205
forecast_7160,2025-10-26 08:00:00,3691.435072634,3728.947444356298,3463.6411627649736
forecast_7161,2025-10-26 09:00:00,3707.883218579919,3779.6784167393776,3437.702388587603
forecast_7162,2025-10-26 10:00:00,3674.8581827424273,3656.5757298111444,3496.9508700753204
forecast_7163,2025-10-26 11:00:00,3574.5383816164162,3587.7330876545934,3392.299158733105
forecast_7164,2025-10-26 12:00:00,3704.7557965688366,3695.029003209942,3487.264359980985
forecast_7165,2025-10-26 13:00:00,3689.297582943553,3713.9428027848653,3454.6315055939394
forecast_7166,2025-10-26 14:00:00,3736.8864394703555,3146.140249641263,3536.4565856178015
forecast_7167,2025-10-26 15:00:00,4669.9085442951755,3815.307449943701,3569.2111913268063
forecast_7168,2025-10-26 16:00:00,4835.409595299123,4228.2754318017,2834.6213958776634
forecast_7169,2025-10-26 17:00:00,5142.500001997056,4676.223381653854,3613.282932571279
forecast_7170,2025-10-26 18:00:00,6483.45926614328,5200.285060973164,5124.663792193981
forecast_7171,2025-10-26 19:00:00,7869.440019902583,6395.16103188462,5990.095521962857
forecast_7172,2025-10-26 20:00:00,10364.42483485923,8442.695163786073,7173.288828836056
forecast_7173,2025-10-26 21:00:00,11725.942236534049,10512.47769873664,8920.205506362412
forecast_7174,2025-10-26 22:00:00,12751.806648377156,12333.04441558506,10467.344503515258
forecast_7175,2025-10-26 23:00:00,13685.254863773273,13328.210504751487,11513.201880882378
forecast_7176,2025-10-27 00:00:00,15846.876278094525,13772.150123318726,12050.974407769669
forecast_7177,2025-10-27 01:00:00,16510.0889144025,14806.363147906517,13654.69734504336
forecast_7178,2025-10-27 02:00:00,16621.69082183974,15275.572705913853,12330.283554118714
forecast_7179,2025-10-27 03:00:00,16798.76236312185,16759.5043954779,14740.388178793115
forecast_7180,2025-10-27 04:00:00,16553.437828133632,17056.3312794212,13988.11885728224
forecast_7181,2025-10-27 05:00:00,16311.176847148978,17192.997409484306,13170.78566316148
forecast_7182,2025-10-27 06:00:00,15040.615134691967,15848.286642010515,11725.43383330794
forecast_7183,2025-10-27 07:00:00,14759.514377213436,15482.392226510887,10917.409146780676
forecast_7184,2025-10-27 08:00:00,14447.80140044979,15573.95624776514,10607.414455316022
forecast_7185,2025-10-27 09:00:00,13655.773141909684,14487.453045442311,9772.544014180557
forecast_7186,2025-10-27 10:00:00,12429.297075416383,13006.222320006482,9349.721630483065
forecast_7187,2025-10-27 11:00:00,12491.970408858911,12803.258673088518,9086.314160766613
forecast_7188,2025-10-27 12:00:00,12759.99545880116,12916.35232220557,9017.798024403057
forecast_7189,2025-10-27 13:00:00,12859.941977222203,12873.0402231785,8940.454257265126
forecast_7190,2025-10-27 14:00:00,13068.460983315117,13450.229784078767,8776.683165991371
forecast_7191,2025-10-27 15:00:00,13386.162571580158,13308.080085862892,8872.915974798369
forecast_7192,2025-10-27 16:00:00,13418.179662441376,12958.417120598897,9025.431828817425
forecast_7193,2025-10-27 17:00:00,13538.330983257883,13065.356402197569,10287.042137176079
forecast_7194,2025-10-27 18:00:00,13441.85425063459,12483.511138075217,9614.837136785454
forecast_7195,2025-10-27 19:00:00,13271.997357054019,12181.714105777548,9806.587750290273
forecast_7196,2025-10-27 20:00:00,13297.822025303512,12178.545630151883,10047.217574754877
forecast_7197,2025-10-27 21:00:00,12931.042895434448,12404.387884965006,10122.795517618571
forecast_7198,2025-10-27 22:00:00,12765.822469377905,12836.413886581082,10129.470919285191
forecast_7199,2025-10-27 23:00:00,12930.916119996138,12884.693295217516,10414.926850066757
forecast_7200,2025-10-28 00:00:00,11163.13005338643,11345.763451867164,9267.625728325756
forecast_7201,2025-10-28 01:00:00,12964.079002510076,13851.109033104556,10472.902382331407
forecast_7202,2025-10-28 02:00:00,12563.851333612589,13673.578403983323,10839.721806192716
forecast_7203,2025-10-28 03:00:00,12851.81157887192,14128.425736230482,9440.74516209171
forecast_7204,2025-10-28 04:00:00,11800.84489702037,13924.801130542204,8845.438835888644
forecast_7205,2025-10-28 05:00:00,11385.454189322669,12555.055941720864,8192.952907662617
forecast_7206,2025-10-28 06:00:00,9973.345651258458,11109.045152564884,6724.7930606637865
forecast_7207,2025-10-28 07:00:00,9527.184950712308,10949.95240597474,6191.2786947827835
forecast_7208,2025-10-28 08:00:00,8778.362886764437,9797.126616530382,6030.987228041905
forecast_7209,2025-10-28 09:00:00,7642.475316674917,7661.087192708864,3682.666955053226
forecast_7210,2025-10-28 10:00:00,5078.796761022341,4001.747488284359,3433.216628189215
forecast_7211,2025-10-28 11:00:00,3767.561820560361,3732.0872918779455,3447.423962829962
forecast_7212,2025-10-28 12:00:00,4069.678425733321,2763.232948405927,3522.3316289975437
forecast_7213,2025-10-28 13:00:00,4331.742332813509,2902.2399676224595,3749.7618507531315
forecast_7214,2025-10-28 14:00:00,4420.079555119916,3143.621604505364,2787.8999470528306
forecast_7215,2025-10-28 15:00:00,4457.584964656531,3102.8085533010913,3735.014510204435
forecast_7216,2025-10-28 16:00:00,4637.046652258047,3884.790205256455,3662.4309914171918
forecast_7217,2025-10-28 17:00:00,4396.9825677870695,3655.7354140510615,3494.477269254966
forecast_7218,2025-10-28 18:00:00,6562.492073458214,5568.782313121422,5082.666368866477
forecast_7219,2025-10-28 19:00:00,7442.400006643948,6866.417263479414,5283.860860170569
forecast_7220,2025-10-28 20:00:00,8401.569844995804,7576.720266925842,4963.311232826117
forecast_7221,2025-10-28 21:00:00,8701.063429010132,8083.86039523074,5234.001338368249
forecast_7222,2025-10-28 22:00:00,8680.570316745921,8207.394165566739,5094.285401905124
forecast_7223,2025-10-28 23:00:00,8317.50993212262,7308.010667502549,4889.916978951594
forecast_7224,2025-10-29 00:00:00,7557.718791326838,6232.755237222553,4941.801012244182
forecast_7225,2025-10-29 01:00:00,6354.568811946991,4666.660836020744,3862.9040558846164
forecast_7226,2025-10-29 02:00:00,5378.241378654065,4029.3759656427405,3690.168998303225
forecast_7227,2025-10-29 03:00:00,5439.502526718962,3866.2855823826694,3672.473693027326
forecast_7228,2025-10-29 04:00:00,5423.058422632257,3648.486388584252,3690.5350337510395
forecast_7229,2025-10-29 05:00:00,4824.204431653013,3219.892369905658,3694.0101545041825
forecast_7230,2025-10-29 06:00:00,4761.553124792148,3806.6599221100887,3446.9629902751776
forecast_7231,2025-10-29 07:00:00,3859.779420906677,3803.5511120643214,3412.162157245648
forecast_7232,2025-10-29 08:00:00,3709.3877130639435,3756.0938877717967,3396.6200829295663
forecast_7233,2025-10-29 09:00:00,3495.617144849225,3512.0630296568543,3364.6284960145954
forecast_7234,2025-10-29 10:00:00,3457.7058208152775,3457.9639679590964,3360.201148425598
forecast_7235,2025-10-29 11:00:00,3456.823653148392,3457.001202727144,3360.456209467094
forecast_7236,2025-10-29 12:00:00,3456.9160785861804,3458.1418459076085,3360.9375818420567
forecast_7237,2025-10-29 13:00:00,3456.566518628476,3456.689163828424,3360.2473061493233
forecast_7238,2025-10-29 14:00:00,3456.868383800221,3456.4533855538402,3360.1313949285127
forecast_7239,2025-10-29 15:00:00,3456.6344203912095,3456.303743312108,3360.18426518855
forecast_7240,2025-10-29 16:00:00,3456.845110904395,3456.6181012663933,3360.339693190352
forecast_7241,2025-10-29 17:00:00,3459.438434067918,3464.3403944754737,3361.452318061056
forecast_7242,2025-10-29 18:00:00,3467.190559725295,3475.7953448186618,3361.8631955402993
forecast_7243,2025-10-29 19:00:00,3586.0653401328696,3587.8777965534823,3366.923812796631
forecast_7244,2025-10-29 20:00:00,3654.3966966555627,3845.6030015374536,3383.767881037853
forecast_7245,2025-10-29 21:00:00,4171.204400894036,5411.265526654428,3490.706933348678
forecast_7246,2025-10-29 22:00:00,7006.531077357828,7410.715524430363,4237.843476103384
forecast_7247,2025-10-29 23:00:00,7991.869935871981,7913.464681370453,4346.948289915755
forecast_7248,2025-10-30 00:00:00,9343.51650102467,9154.068348757131,5306.540589080385
forecast_7249,2025-10-30 01:00:00,9701.537981817126,9474.9837000124,5521.809835612174
forecast_7250,2025-10-30 02:00:00,11077.418880836842,9986.286199130009,6844.743353987242
forecast_7251,2025-10-30 03:00:00,13939.064515820293,13154.362940254769,8091.201365958694
forecast_7252,2025-10-30 04:00:00,14070.533310406638,13757.574518554817,8442.105694904498
forecast_7253,2025-10-30 05:00:00,14708.309533997619,14690.712581241836,8636.302660504864
forecast_7254,2025-10-30 06:00:00,14205.11056863627,14877.495179273019,8690.49020944549
forecast_7255,2025-10-30 07:00:00,12125.128437968044,11506.26355846721,6626.398310449681
forecast_7256,2025-10-30 08:00:00,9546.368298120024,9694.476960302396,5087.937572379901
forecast_7257,2025-10-30 09:00:00,7504.203719808513,7069.61809968709,4966.220350265416
forecast_7258,2025-10-30 10:00:00,3847.3472413885784,4232.362916066,3608.1886629326373
forecast_7259,2025-10-30 11:00:00,3540.9460503151795,3577.36756878632,3426.5399591272553
forecast_7260,2025-10-30 12:00:00,3471.4207600863742,3465.612491108229,3377.5726902559795
forecast_7261,2025-10-30 13:00:00,3470.4050418907773,3464.0683649079688,3369.771991377152
forecast_7262,2025-10-30 14:00:00,3468.247852765869,3474.515952974026,3386.7692094457075
forecast_7263,2025-10-30 15:00:00,3466.259914286808,3471.4786005338456,3376.6637974161863
forecast_7264,2025-10-30 16:00:00,3487.4442890291048,3507.9001274228226,3366.0804370367255
forecast_7265,2025-10-30 17:00:00,3534.321081939736,3560.3729870564425,3365.3800077914284
forecast_7266,2025-10-30 18:00:00,3673.1477730122565,3620.525368931207,3400.4744116231936
forecast_7267,2025-10-30 19:00:00,3546.955207679272,2388.6628543182146,3403.0531589102466
forecast_7268,2025-10-30 20:00:00,3738.907861045446,3826.9404523692674,3433.8446997464266
forecast_7269,2025-10-30 21:00:00,3703.282199814904,3828.8403896647374,3565.061912010078
forecast_7270,2025-10-30 22:00:00,3511.908123260223,3497.4003607890218,3383.7734705719945
forecast_7271,2025-10-30 23:00:00,3508.0653004590076,3501.136097948032,3411.6928283552834
forecast_7272,2025-10-31 00:00:00,3564.81857790012,3484.33766046618,3377.9041651248117
forecast_7273,2025-10-31 01:00:00,3494.435741625712,3470.6226217634403,3374.0706652158524
forecast_7274,2025-10-31 02:00:00,3466.3529881978698,3469.040563483011,3363.6198216448306
forecast_7275,2025-10-31 03:00:00,3465.5610462314867,3468.2305224515076,3364.2644907646204
forecast_7276,2025-10-31 04:00:00,3461.661507728041,3461.1236892611505,3364.1391142742455
forecast_7277,2025-10-31 05:00:00,3465.7464281620764,3473.547121051552,3361.6343970710345
forecast_7278,2025-10-31 06:00:00,3460.7475762159975,3464.7109026010207,3361.657542370722
forecast_7279,2025-10-31 07:00:00,3460.4929757673085,3461.711219060592,3362.2620717197
forecast_7280,2025-10-31 08:00:00,3460.386917664728,3468.5564436539876,3361.4537409282416
forecast_7281,2025-10-31 09:00:00,3459.8942022855704,3465.0283810377614,3360.545181417494
forecast_7282,2025-10-31 10:00:00,3457.9108989564907,3459.39526839224,3360.6227596376884
forecast_7283,2025-10-31 11:00:00,3457.112947612524,3457.0581956829014,3360.298521696563
forecast_7284,2025-10-31 12:00:00,3457.9185240748047,3457.1227416298693,3360.8249712538777
forecast_7285,2025-10-31 13:00:00,3457.458489710565,3456.5898028184006,3360.2614737530866
forecast_7286,2025-10-31 14:00:00,3457.8675904615925,3457.4432787559513,3360.749492265148
forecast_7287,2025-10-31 15:00:00,3458.9685818547932,3460.665134541023,3361.2247594765336
forecast_7288,2025-10-31 16:00:00,3466.470275975942,3465.060702027744,3365.025233430755
forecast_7289,2025-10-31 17:00:00,3510.6005527914,3505.860087418174,3413.6095299261333
forecast_7290,2025-10-31 18:00:00,3522.0781272050963,3577.658502841221,3538.359036291729
forecast_7291,2025-10-31 19:00:00,3699.0201293264286,3780.3919001107747,3612.204712722762
forecast_7292,2025-10-31 20:00:00,5769.1145524175645,3999.663356300196,3752.4336424037215
forecast_7293,2025-10-31 21:00:00,7778.427093197022,6129.731469616541,4457.276871827865
forecast_7294,2025-10-31 22:00:00,10164.084443085978,8116.876945951714,5475.89215048992
forecast_7295,2025-10-31 23:00:00,10801.052434402294,9609.150817131504,6403.634792760558
forecast_7296,2025-11-01 00:00:00,11155.011654159252,11021.583601211596,7521.34657854288
forecast_7297,2025-11-01 01:00:00,11027.114271029921,11610.458427596606,9091.023088400798
forecast_7298,2025-11-01 02:00:00,12023.814206688801,12502.047977459584,8603.563007641309
forecast_7299,2025-11-01 03:00:00,10969.224117960963,11182.664301012348,8592.840117009024
forecast_7300,2025-11-01 04:00:00,11576.565246027529,12561.554359040903,10065.14622505185
forecast_7301,2025-11-01 05:00:00,12559.544837025182,13267.367870893815,11004.71197660897
forecast_7302,2025-11-01 06:00:00,12863.68053214817,13296.318619280215,12055.263344179453
forecast_7303,2025-11-01 07:00:00,12849.97137090355,13380.345341152972,11249.315089735828
forecast_7304,2025-11-01 08:00:00,13169.090378865334,13771.126423461526,11201.830449921486
forecast_7305,2025-11-01 09:00:00,13329.402845786308,13682.565521235207,11245.313152485716
forecast_7306,2025-11-01 10:00:00,13542.593692864733,13134.269656421955,10503.496197857143
forecast_7307,2025-11-01 11:00:00,13776.688314401752,13353.842587129138,9918.936752928006
forecast_7308,2025-11-01 12:00:00,13880.800078461172,13081.347260557382,9623.626229112906
forecast_7309,2025-11-01 13:00:00,14587.025933893157,13508.324118426175,9687.480030801085
forecast_7310,2025-11-01 14:00:00,14229.54161803658,13484.738847978871,9322.445349581014
forecast_7311,2025-11-01 15:00:00,13875.528204923974,13410.649561372029,9212.085383345235
forecast_7312,2025-11-01 16:00:00,14165.36969862361,13374.762787654712,9030.041268563285
forecast_7313,2025-11-01 17:00:00,15134.308252292114,13725.729148051498,10131.462709390184
forecast_7314,2025-11-01 18:00:00,15793.960782138467,14218.09185216133,11272.384660788834
forecast_7315,2025-11-01 19:00:00,15826.180664852533,14238.340597830937,12170.23232675469
forecast_7316,2025-11-01 20:00:00,16379.5546919182,14727.466052602787,13048.222979227467
forecast_7317,2025-11-01 21:00:00,16805.715742471708,15653.01893737476,13239.079998860232
forecast_7318,2025-11-01 22:00:00,16757.23194051813,15995.068697932064,14158.51782140362
forecast_7319,2025-11-01 23:00:00,17263.2807843594,16714.353474682914,14693.194540465816
forecast_7320,2025-11-02 00:00:00,17337.409375259194,16905.56942273139,14362.242074167916
forecast_7321,2025-11-02 01:00:00,17212.043005065298,17014.24030961404,13946.175656768793
forecast_7322,2025-11-02 02:00:00,17020.763904141004,16961.1686671269,14228.182687672263
forecast_7323,2025-11-02 03:00:00,16372.838399568122,15772.885325176467,13707.504606791741
forecast_7324,2025-11-02 04:00:00,16339.002166492271,16053.246111840366,13959.160689527911
forecast_7325,2025-11-02 05:00:00,15869.6487803725,15922.718767987122,13733.808607228146
forecast_7326,2025-11-02 06:00:00,16020.290492854954,16885.118602694034,15616.950722389838
forecast_7327,2025-11-02 07:00:00,16066.86253823468,16961.64329003231,15286.327786784628
forecast_7328,2025-11-02 08:00:00,16603.310256037952,17521.4144545047,16546.80961122897
forecast_7329,2025-11-02 09:00:00,16752.98115345385,17187.461134290763,16004.659970490236
forecast_7330,2025-11-02 10:00:00,16252.328823932829,17024.240522430726,13653.332402604
forecast_7331,2025-11-02 11:00:00,16087.446835384671,17082.92319453181,13349.74128394103
forecast_7332,2025-11-02 12:00:00,15475.300292110758,15961.674727085647,11883.890977277515
forecast_7333,2025-11-02 13:00:00,15200.811899555254,16059.140738025206,11129.085864392035
forecast_7334,2025-11-02 14:00:00,14875.083850957557,15398.581455979043,11080.476832849034
forecast_7335,2025-11-02 15:00:00,14757.813524460145,14911.809682358262,11126.325821393417
forecast_7336,2025-11-02 16:00:00,14330.257215886868,14336.897994199133,10381.85308382509
forecast_7337,2025-11-02 17:00:00,13448.369062851112,12769.87873407068,9421.784722888897
forecast_7338,2025-11-02 18:00:00,13410.837887609074,12557.973236673952,8834.126910125005
forecast_7339,2025-11-02 19:00:00,12891.631805243958,12053.756792136797,8705.117585731417
forecast_7340,2025-11-02 20:00:00,11762.991226928485,10794.693592724323,8581.486340674392
forecast_7341,2025-11-02 21:00:00,9274.946241714872,9676.509191436266,6611.004304594223
forecast_7342,2025-11-02 22:00:00,9845.197609717608,10143.26705411633,6543.709790635003
forecast_7343,2025-11-02 23:00:00,9122.310298714168,8943.065596347964,6020.781809176122
forecast_7344,2025-11-03 00:00:00,8131.993422079555,7284.338338450871,4805.283466467562
forecast_7345,2025-11-03 01:00:00,7774.654877119616,6572.1154239949,4798.365728454874
forecast_7346,2025-11-03 02:00:00,7178.6595172896195,5180.931538521766,4572.64444004869
forecast_7347,2025-11-03 03:00:00,6921.694714264135,5145.7481847537865,4692.431558907754
forecast_7348,2025-11-03 04:00:00,7093.28351699098,5262.50239852846,3717.3193146750273
forecast_7349,2025-11-03 05:00:00,6871.88493545637,4485.123405951778,3481.440512910321
forecast_7350,2025-11-03 06:00:00,3840.7274645914263,3817.5626744076944,3556.5596952176425
forecast_7351,2025-11-03 07:00:00,3808.1014391040726,3877.3861479517345,3409.3214277370707
forecast_7352,2025-11-03 08:00:00,3755.7921405244992,3881.378122173727,3439.3106826509033
forecast_7353,2025-11-03 09:00:00,3709.4841200386377,3347.1009414046084,3469.2890555833055
forecast_7354,2025-11-03 10:00:00,3509.856858948412,3603.759212071398,3405.389250771148
forecast_7355,2025-11-03 11:00:00,3462.423178202686,3475.230937327622,3365.1328344554245
forecast_7356,2025-11-03 12:00:00,3458.4650425895943,3463.7021252980053,3362.2233423875155
forecast_7357,2025-11-03 13:00:00,3456.666928942965,3457.3762569340483,3360.722535123459
forecast_7358,2025-11-03 14:00:00,3456.426758119909,3456.4796710164874,3360.2573727573836
forecast_7359,2025-11-03 15:00:00,3456.6120977150235,3456.724320911209,3360.245745611926
forecast_7360,2025-11-03 16:00:00,3456.661050132587,3457.2432742630385,3360.5156101522834
forecast_7361,2025-11-03 17:00:00,3458.534383697498,3461.356120827339,3360.9222475138517
forecast_7362,2025-11-03 18:00:00,3473.9776691467223,3486.2527468161597,3361.2316786814513
forecast_7363,2025-11-03 19:00:00,3519.801371764687,3488.332701568668,3363.122549088957
forecast_7364,2025-11-03 20:00:00,3528.3338141102467,3526.99148040957,3363.284583669019
forecast_7365,2025-11-03 21:00:00,3645.215593761477,3568.672696801145,3376.063505364244
forecast_7366,2025-11-03 22:00:00,3925.433915163558,4364.23975163985,3399.3294538490413
forecast_7367,2025-11-03 23:00:00,6929.260270126957,5674.293558508788,3605.3078421480627
forecast_7368,2025-11-04 00:00:00,8748.212873407982,8050.89151000356,5387.343362942644
forecast_7369,2025-11-04 01:00:00,8860.689799466845,8050.3977162989995,4565.982786335794
forecast_7370,2025-11-04 02:00:00,10357.124161620373,10433.03179864257,5441.267926820263
forecast_7371,2025-11-04 03:00:00,10498.496638858487,9563.56208268833,5118.827247186812
forecast_7372,2025-11-04 04:00:00,11552.302937476858,10598.947145826827,5953.462990946148
forecast_7373,2025-11-04 05:00:00,12261.315627034839,12973.929687263158,6131.720948114678
forecast_7374,2025-11-04 06:00:00,12922.084585339011,14309.618922520667,7694.152172848611
forecast_7375,2025-11-04 07:00:00,13367.929185835532,14672.096107699586,8305.989949779918
forecast_7376,2025-11-04 08:00:00,13574.885296792454,14863.805553227628,9107.653468744415
forecast_7377,2025-11-04 09:00:00,14240.3825948088,15465.396958419042,9744.924854074974
forecast_7378,2025-11-04 10:00:00,12501.116563830765,15421.304030852374,10466.787398725224
forecast_7379,2025-11-04 11:00:00,11544.74916271717,14618.06653746928,9204.281646775611
forecast_7380,2025-11-04 12:00:00,10218.447058622773,13046.778487363417,7610.213957656943
forecast_7381,2025-11-04 13:00:00,9188.428682469154,11618.566259561538,7019.153837875232
forecast_7382,2025-11-04 14:00:00,8751.736713800496,10107.802541859366,6140.350327794367
forecast_7383,2025-11-04 15:00:00,8242.367799959178,8715.07206365535,6448.996569143356
forecast_7384,2025-11-04 16:00:00,8344.961721344935,8377.905773887913,5920.024497261579
forecast_7385,2025-11-04 17:00:00,8134.062576667825,8142.185476153986,6320.601420986863
forecast_7386,2025-11-04 18:00:00,8865.454792452532,7934.835774280779,6386.714201485907
forecast_7387,2025-11-04 19:00:00,8773.54508219009,8165.501072475122,5891.116669414876
forecast_7388,2025-11-04 20:00:00,8955.455873707991,7675.351199409071,5508.28478353535
forecast_7389,2025-11-04 21:00:00,8758.386831313339,7097.416195464651,5611.422597611118
forecast_7390,2025-11-04 22:00:00,9034.463284149144,7119.616927412177,5494.632089321074
forecast_7391,2025-11-04 23:00:00,7960.721247115621,5497.766283200376,5496.298838246718
forecast_7392,2025-11-05 00:00:00,7022.8691979776995,4682.71325621241,5201.933913083681
forecast_7393,2025-11-05 01:00:00,6520.053837448994,5123.842350864826,4492.21181012947
forecast_7394,2025-11-05 02:00:00,3760.0516387400367,3459.9580707757023,3765.3176262357083
forecast_7395,2025-11-05 03:00:00,3800.044850601586,3734.1544404975402,3483.0402679806916
forecast_7396,2025-11-05 04:00:00,3591.7394083872277,3552.395247296038,3369.8824368423234
forecast_7397,2025-11-05 05:00:00,3477.276770591305,3481.4463270120464,3369.1155217564965
forecast_7398,2025-11-05 06:00:00,3471.8549266309587,3480.6916921475226,3363.981752306995
forecast_7399,2025-11-05 07:00:00,3465.3143433763444,3472.642785012118,3360.704769153464
forecast_7400,2025-11-05 08:00:00,3461.882042286454,3460.3026431879207,3360.4627014996468
forecast_7401,2025-11-05 09:00:00,3459.197293177535,3458.7993279617044,3360.3727844374416
forecast_7402,2025-11-05 10:00:00,3457.34121279217,3456.644917889798,3360.1895603909156
forecast_7403,2025-11-05 11:00:00,3456.634952279039,3456.3142817586076,3360.0867891201387
forecast_7404,2025-11-05 12:00:00,3456.640095801891,3456.306186091528,3360.0647347408712
forecast_7405,2025-11-05 13:00:00,3456.4868807216785,3456.402805217922,3360.0915395205943
forecast_7406,2025-11-05 14:00:00,3456.863593244396,3456.549118802735,3360.241984515354
forecast_7407,2025-11-05 15:00:00,3456.719098772702,3456.6955022796246,3360.2595687583803
forecast_7408,2025-11-05 16:00:00,3456.799076239572,3457.3707761870414,3360.3086364013934
forecast_7409,2025-11-05 17:00:00,3456.7037222337813,3457.3479295507154,3360.2216082690493
forecast_7410,2025-11-05 18:00:00,3459.7925861918798,3457.4274287493763,3360.2385108764843
forecast_7411,2025-11-05 19:00:00,3458.1022800104065,3459.958262138274,3360.417216962288
forecast_7412,2025-11-05 20:00:00,3459.2921620443412,3458.3993602283776,3362.0192048559943
forecast_7413,2025-11-05 21:00:00,3459.260938942284,3458.9070776207564,3368.9809912266396
forecast_7414,2025-11-05 22:00:00,3460.215296909716,3460.179317707702,3367.8215206749273
forecast_7415,2025-11-05 23:00:00,3468.977181694295,3470.125304553228,3377.8039761375753
forecast_7416,2025-11-06 00:00:00,3525.0288349423327,3577.321615280068,3471.5716156428357
forecast_7417,2025-11-06 01:00:00,3570.6225718906016,3601.659960320302,3421.159053768512
forecast_7418,2025-11-06 02:00:00,3673.29873098124,3787.37290703946,3625.7671797983357
forecast_7419,2025-11-06 03:00:00,5560.237935460567,4934.617760847707,3868.708288176308
forecast_7420,2025-11-06 04:00:00,5965.3981959946805,5576.738627892859,4055.748080288078
forecast_7421,2025-11-06 05:00:00,6056.1560599306395,5395.737870576645,4199.724717083823
forecast_7422,2025-11-06 06:00:00,6465.122812332348,5203.525692224483,4735.043791429178
forecast_7423,2025-11-06 07:00:00,5580.368425444495,3875.4469396522095,3608.0321557013685
forecast_7424,2025-11-06 08:00:00,3788.3854180707817,3648.578712434892,3382.104464382502
forecast_7425,2025-11-06 09:00:00,3569.0346261760824,3638.787799149961,3368.4354579599767
forecast_7426,2025-11-06 10:00:00,3463.9180189293525,3469.829569686306,3361.459727800838
forecast_7427,2025-11-06 11:00:00,3460.340405196935,3461.426371704607,3362.3996723342943
forecast_7428,2025-11-06 12:00:00,3458.8510152225076,3460.078519568906,3360.8063904484375
forecast_7429,2025-11-06 13:00:00,3457.0258507396466,3457.3509585150246,3360.422682655092
forecast_7430,2025-11-06 14:00:00,3456.6763516484534,3457.138290464744,3360.1403698583863
forecast_7431,2025-11-06 15:00:00,3456.448423288331,3456.3716056378385,3360.0973232089627
forecast_7432,2025-11-06 16:00:00,3456.5628439037755,3457.1381705836507,3360.3306006398807
forecast_7433,2025-11-06 17:00:00,3459.3037338979643,3462.539798143606,3360.4862962078205
forecast_7434,2025-11-06 18:00:00,3463.6529320242867,3478.5776903690794,3360.6023294245956
forecast_7435,2025-11-06 19:00:00,3470.7440045614144,3502.3235715624937,3361.105641458339
forecast_7436,2025-11-06 20:00:00,3459.377772314319,3464.556057961834,3360.2949749687823
forecast_7437,2025-11-06 21:00:00,3464.3071137907295,3472.360829894101,3360.526518173328
forecast_7438,2025-11-06 22:00:00,3468.3945772613783,3468.789379545449,3360.7553150575754
forecast_7439,2025-11-06 23:00:00,3464.2070767562836,3463.798217919266,3363.2233347707183
forecast_7440,2025-11-07 00:00:00,3464.306236066693,3463.0182060662933,3362.949692591916
forecast_7441,2025-11-07 01:00:00,3467.932634210493,3469.5811695083817,3363.6144494258397
forecast_7442,2025-11-07 02:00:00,3489.7164293611913,3494.6736170510653,3402.6615361971717
forecast_7443,2025-11-07 03:00:00,3604.348699585179,3668.2839676383865,3426.0855837228796
forecast_7444,2025-11-07 04:00:00,3643.642613066506,3879.842220731689,3423.8563074199074
forecast_7445,2025-11-07 05:00:00,4648.163507766578,2989.2702749910413,3450.9195704488952
forecast_7446,2025-11-07 06:00:00,3535.858652173932,2707.206797129416,3444.3977141772334
forecast_7447,2025-11-07 07:00:00,3678.6596092527107,3654.7748417744297,3442.694575488519
forecast_7448,2025-11-07 08:00:00,3473.1008629358303,3468.900591084397,3366.7279532578614
forecast_7449,2025-11-07 09:00:00,3465.749756140855,3466.004035544401,3362.5773633576496
forecast_7450,2025-11-07 10:00:00,3458.0480055025805,3458.12018643906,3360.598857543103
forecast_7451,2025-11-07 11:00:00,3457.5070702390353,3456.6729076929796,3360.208287120776
forecast_7452,2025-11-07 12:00:00,3456.546875423251,3456.6101651665717,3360.0746962723088
forecast_7453,2025-11-07 13:00:00,3456.6693758452598,3456.928154314617,3360.2567362053587
forecast_7454,2025-11-07 14:00:00,3457.581410411649,3459.5408224922803,3360.4971434986624
forecast_7455,2025-11-07 15:00:00,3462.5843763665935,3466.9308531386014,3361.988253500325
forecast_7456,2025-11-07 16:00:00,3464.669104757356,3485.3319089789475,3361.4068499916725
forecast_7457,2025-11-07 17:00:00,3489.942467561314,3557.4132471995936,3368.3883766054437
forecast_7458,2025-11-07 18:00:00,3524.708565337395,3654.6254095387985,3395.540689473384
forecast_7459,2025-11-07 19:00:00,3637.856064404752,3852.9847010384515,3384.8674457450247
forecast_7460,2025-11-07 20:00:00,3655.4149513843236,3871.0288199045103,3400.401675406503
forecast_7461,2025-11-07 21:00:00,3563.3584336668473,3173.8077710257417,3554.76825980027
forecast_7462,2025-11-07 22:00:00,3757.747086878817,3871.646352314458,3446.9906698573395
forecast_7463,2025-11-07 23:00:00,3713.876256590758,3843.573059409917,3412.576500526282
forecast_7464,2025-11-08 00:00:00,3712.072121955639,3709.1316528817556,3391.5241181632105
forecast_7465,2025-11-08 01:00:00,3622.247215881531,3704.9989965790946,3369.3285685915607
forecast_7466,2025-11-08 02:00:00,3675.8643386713265,3558.5670333698245,3366.176322240689
forecast_7467,2025-11-08 03:00:00,3660.14806390667,3570.24084650018,3376.8699251760654
forecast_7468,2025-11-08 04:00:00,3612.0280544872476,3631.4312599573605,3380.3609777071338
forecast_7469,2025-11-08 05:00:00,3600.915845343651,3607.329171197434,3388.631487512377
forecast_7470,2025-11-08 06:00:00,3799.023954381213,3614.9764308359495,3373.505074558049
forecast_7471,2025-11-08 07:00:00,3725.9880936570557,3684.6539057587083,3385.8241687704726
forecast_7472,2025-11-08 08:00:00,3616.1028222165005,3566.49058203897,3368.8459016389043
forecast_7473,2025-11-08 09:00:00,3632.7027589610234,3627.6716128119883,3375.1079089977925
forecast_7474,2025-11-08 10:00:00,3567.970704136979,3626.720554654608,3364.6127802354904
forecast_7475,2025-11-08 11:00:00,3534.325461677637,3564.816157064006,3361.15161451808
forecast_7476,2025-11-08 12:00:00,3491.352524131678,3543.8819548168613,3362.3192970907435
forecast_7477,2025-11-08 13:00:00,3547.3100351102835,3674.459954280885,3374.150745034269
forecast_7478,2025-11-08 14:00:00,3488.094816983107,3551.2509679919917,3373.0368768970543
forecast_7479,2025-11-08 15:00:00,3525.6517322927893,3641.0865906650947,3407.455119906157
forecast_7480,2025-11-08 16:00:00,3529.63679609577,3639.8590344789586,3426.1878518914414
forecast_7481,2025-11-08 17:00:00,3565.4476968630865,3643.8682661689827,3575.701195806413
forecast_7482,2025-11-08 18:00:00,3682.8024817072246,3677.427632861983,3493.492295895415
forecast_7483,2025-11-08 19:00:00,3794.3095015537297,3869.670037068975,3778.4543285671534
forecast_7484,2025-11-08 20:00:00,3914.1641991470883,4641.350438337779,4089.1854051191717
forecast_7485,2025-11-08 21:00:00,4228.756685949584,5717.324827526511,4405.613507765555
forecast_7486,2025-11-08 22:00:00,6136.798657070371,6836.340194604508,4824.079424450188
forecast_7487,2025-11-08 23:00:00,7889.504090801503,8421.508265065317,6221.492673427777
forecast_7488,2025-11-09 00:00:00,7880.996268529141,8298.074135329145,6907.85988429074
forecast_7489,2025-11-09 01:00:00,7415.831954883063,7888.353268259159,6638.228923440361
forecast_7490,2025-11-09 02:00:00,8659.31397845178,8479.080761912943,7111.477636286162
forecast_7491,2025-11-09 03:00:00,10235.531993250857,9709.046612415448,8900.610862588146
forecast_7492,2025-11-09 04:00:00,11928.794246694144,11508.219591558,9498.8267552926
forecast_7493,2025-11-09 05:00:00,12779.2627622329,11871.87488272535,11211.103313413656
forecast_7494,2025-11-09 06:00:00,13543.428600393572,13334.902320506146,12122.745129158156
forecast_7495,2025-11-09 07:00:00,14457.479317651434,13850.981196787468,13067.598111236975
forecast_7496,2025-11-09 08:00:00,13714.562444101173,13087.4921823137,12604.546650917608
forecast_7497,2025-11-09 09:00:00,13267.37672843501,13110.567352147491,11032.400847683797
forecast_7498,2025-11-09 10:00:00,12018.501024689203,11846.29375985647,10081.496051888978
forecast_7499,2025-11-09 11:00:00,12206.867280651795,10936.284680428964,9800.6706244805
forecast_7500,2025-11-09 12:00:00,11935.333191041742,10755.975786095398,9198.324423446302
forecast_7501,2025-11-09 13:00:00,12944.212299297355,12352.260553627262,10454.727344011424
forecast_7502,2025-11-09 14:00:00,12968.006789741914,12381.327434068233,9139.782213269424
forecast_7503,2025-11-09 15:00:00,13162.36348766323,12564.548671884846,9344.145564114033
forecast_7504,2025-11-09 16:00:00,13708.20555213352,13396.94223837103,9682.216824495694
forecast_7505,2025-11-09 17:00:00,13983.477149849827,13129.593889147336,9778.660542811082
forecast_7506,2025-11-09 18:00:00,14565.256818820082,13598.722652007407,11646.884070498227
forecast_7507,2025-11-09 19:00:00,15441.2113338282,14713.315412756987,13970.546648602618
forecast_7508,2025-11-09 20:00:00,15958.664751749928,15823.661763383661,15937.89454461093
forecast_7509,2025-11-09 21:00:00,16041.694734686535,15486.486237465317,14417.75891110495
forecast_7510,2025-11-09 22:00:00,15930.708097807908,15118.329358260258,12992.984569389233
forecast_7511,2025-11-09 23:00:00,15159.507054024434,14380.394250702826,12303.458737532126
forecast_7512,2025-11-10 00:00:00,14298.223056325876,13796.127742521803,11828.922505557939
forecast_7513,2025-11-10 01:00:00,14377.199774890263,13854.593842741095,11546.089588787685
forecast_7514,2025-11-10 02:00:00,13760.964146736069,12936.560039949638,10166.150242742622
forecast_7515,2025-11-10 03:00:00,13656.40603274201,12928.81268304883,9613.573170238138
forecast_7516,2025-11-10 04:00:00,13521.693140373576,13111.645944736312,9501.856496315351
forecast_7517,2025-11-10 05:00:00,14206.392500117141,13942.120333639059,10168.603835933573
forecast_7518,2025-11-10 06:00:00,14434.305787964322,14184.578529599115,10400.29576647079
forecast_7519,2025-11-10 07:00:00,15021.461523682907,14564.87489137488,10705.02565660991
forecast_7520,2025-11-10 08:00:00,15002.4307379002,14520.111677540604,10995.555195743613
forecast_7521,2025-11-10 09:00:00,13986.492664325115,13910.8298258048,10974.135359936601
forecast_7522,2025-11-10 10:00:00,11872.35480193375,12461.182981351894,9455.051949925319
forecast_7523,2025-11-10 11:00:00,10550.212609449096,9512.320662302269,8664.218903753252
forecast_7524,2025-11-10 12:00:00,9356.979407821973,7598.555937914455,7800.894680991674
forecast_7525,2025-11-10 13:00:00,8523.68129974587,5373.451419046274,6959.865161017411
forecast_7526,2025-11-10 14:00:00,9444.687058776066,5451.994937459987,6268.7864879514045
forecast_7527,2025-11-10 15:00:00,9726.724947019326,6540.6571016048865,6633.292268840935
forecast_7528,2025-11-10 16:00:00,9922.18490991282,7448.715079184878,5883.648246344404
forecast_7529,2025-11-10 17:00:00,11203.34203533801,8916.536461588577,7581.613692650848
forecast_7530,2025-11-10 18:00:00,14067.228111815775,11381.15585827464,10618.16225055773
forecast_7531,2025-11-10 19:00:00,16782.717145489827,14598.653636068515,13334.492670728141
forecast_7532,2025-11-10 20:00:00,18492.21185452627,16361.70892753045,14695.901965390483
forecast_7533,2025-11-10 21:00:00,18928.205103417822,16838.006234765147,14658.604499695091
forecast_7534,2025-11-10 22:00:00,19648.955276633427,17450.748546055347,15095.63736679557
forecast_7535,2025-11-10 23:00:00,19059.19993407305,17143.371073612587,12941.92574253773
forecast_7536,2025-11-11 00:00:00,18803.432584004535,16854.370529654756,12560.119730823273
forecast_7537,2025-11-11 01:00:00,19652.962012596756,17895.438169056615,16075.807971306389
forecast_7538,2025-11-11 02:00:00,17959.04566944113,17056.757073946617,13203.357781905992
forecast_7539,2025-11-11 03:00:00,16581.83593666963,15351.217881676763,11527.590051452273
forecast_7540,2025-11-11 04:00:00,15024.413180079518,13935.547356427338,8686.852262190794
forecast_7541,2025-11-11 05:00:00,11917.373479971318,11812.360427779502,6705.624619170634
forecast_7542,2025-11-11 06:00:00,7861.074538958459,7591.47650371831,3505.6467329596053
forecast_7543,2025-11-11 07:00:00,6414.382815217242,3838.3418297736976,3472.120275303291
forecast_7544,2025-11-11 08:00:00,5669.635190073936,3767.482950704235,3538.9405864155933
forecast_7545,2025-11-11 09:00:00,5558.139130755931,3757.938956215168,3569.9270980469423
forecast_7546,2025-11-11 10:00:00,3706.4496460838345,3693.4297606855052,3401.913627713507
forecast_7547,2025-11-11 11:00:00,3496.0848252363025,3562.5448586697944,3380.00951746042
forecast_7548,2025-11-11 12:00:00,3490.5041854050855,3503.1523273237426,3385.344285511556
forecast_7549,2025-11-11 13:00:00,3488.2910768213146,3510.1924809537954,3389.416465017342
forecast_7550,2025-11-11 14:00:00,3478.8319863647102,3496.571278720846,3402.2055139250874
forecast_7551,2025-11-11 15:00:00,3484.902764838949,3486.179364659231,3373.2692604467434
forecast_7552,2025-11-11 16:00:00,3462.743262143693,3462.9296803464285,3363.656564110822
forecast_7553,2025-11-11 17:00:00,3470.6717230469026,3473.491718947853,3363.604824174661
forecast_7554,2025-11-11 18:00:00,3474.1216738066655,3488.325192219404,3364.798786299907
forecast_7555,2025-11-11 19:00:00,3465.468508256413,3472.1005128514284,3362.476120775198
forecast_7556,2025-11-11 20:00:00,3461.148109982876,3465.544361669104,3361.179524215388
forecast_7557,2025-11-11 21:00:00,3465.022735960698,3475.3312658198947,3364.210892940276
forecast_7558,2025-11-11 22:00:00,3465.745895795189,3489.489216503441,3362.950484115433
forecast_7559,2025-11-11 23:00:00,3464.7332217861285,3476.3915101594266,3361.187249122128
forecast_7560,2025-11-12 00:00:00,3477.6002706186287,3478.804493868639,3361.0592515703343
forecast_7561,2025-11-12 01:00:00,3476.1039916737473,3466.717083233175,3361.864614147981
forecast_7562,2025-11-12 02:00:00,3475.69397207309,3473.2039278461325,3361.2821513809436
forecast_7563,2025-11-12 03:00:00,3488.561627340301,3495.378517515773,3362.840161717875
forecast_7564,2025-11-12 04:00:00,3497.115885398619,3488.1449551533665,3365.2742737884373
forecast_7565,2025-11-12 05:00:00,3538.333121839613,3526.8755809081254,3370.71416079109
forecast_7566,2025-11-12 06:00:00,3537.155041950839,3517.8572032370726,3376.700760992667
forecast_7567,2025-11-12 07:00:00,3652.100812849316,3761.309135121485,3476.3768962757536
forecast_7568,2025-11-12 08:00:00,4364.190459372862,6622.703286151665,3579.7347351221892
forecast_7569,2025-11-12 09:00:00,4336.037228500518,6445.71577222857,3626.730417045852
forecast_7570,2025-11-12 10:00:00,3673.233258039293,3857.363988886268,3721.7845802916195
forecast_7571,2025-11-12 11:00:00,3889.449401709801,4658.165683417908,3665.0886618221216
forecast_7572,2025-11-12 12:00:00,3965.346907720543,4406.540197898711,3720.1215063205714
forecast_7573,2025-11-12 13:00:00,5262.086499832861,5143.939166677172,3752.3666323391194
forecast_7574,2025-11-12 14:00:00,5101.453934486634,5114.3117897363245,3999.665484532689
forecast_7575,2025-11-12 15:00:00,5677.924270699938,6266.3079279680505,4548.255702453005
forecast_7576,2025-11-12 16:00:00,7271.784188146128,6557.731043360726,3720.2873907314156
forecast_7577,2025-11-12 17:00:00,11347.503520726357,10122.104719752066,7602.964770249729
forecast_7578,2025-11-12 18:00:00,12735.853675379445,11985.862516595418,9119.41305593342
forecast_7579,2025-11-12 19:00:00,15820.657710051793,15843.650648029387,11430.936118677213
forecast_7580,2025-11-12 20:00:00,17027.032092074336,17334.313641664896,12459.174448933005
forecast_7581,2025-11-12 21:00:00,18022.704363442157,17912.75768128982,13510.124296420963
forecast_7582,2025-11-12 22:00:00,19447.369807574727,18572.485872091027,14842.802931269085
forecast_7583,2025-11-12 23:00:00,19773.68737483373,18996.88441809957,16911.912742899018
forecast_7584,2025-11-13 00:00:00,20695.98888217281,19429.247539369208,17589.543469380373
forecast_7585,2025-11-13 01:00:00,20085.122870473766,18752.52235191902,16698.858388423487
forecast_7586,2025-11-13 02:00:00,19998.212232012076,18471.780998165697,16755.657641768958
forecast_7587,2025-11-13 03:00:00,19659.528393420234,17883.46000860179,16844.688393751112
forecast_7588,2025-11-13 04:00:00,18306.224602987684,17155.861980831112,16209.90681501216
forecast_7589,2025-11-13 05:00:00,16832.683191385724,16000.841365746326,15341.690811818231
forecast_7590,2025-11-13 06:00:00,16022.661440001615,15616.439980122697,14008.044017458398
forecast_7591,2025-11-13 07:00:00,15216.781736529267,14508.64352122689,11919.871021926876
forecast_7592,2025-11-13 08:00:00,13249.872421178821,13132.157580931349,10451.974857070554
forecast_7593,2025-11-13 09:00:00,11571.317430621602,11310.780301991894,8620.804438440795
forecast_7594,2025-11-13 10:00:00,8730.786743967501,7890.221450784418,7030.769952010453
forecast_7595,2025-11-13 11:00:00,7863.323929331573,6262.196796003407,6461.791994898108
forecast_7596,2025-11-13 12:00:00,5473.102725785365,4227.762527964276,3772.062713023266
forecast_7597,2025-11-13 13:00:00,4611.596439767913,3037.3825312731315,3622.8079591177093
forecast_7598,2025-11-13 14:00:00,3768.0151634347853,3576.2512509530657,3441.8755655223063
forecast_7599,2025-11-13 15:00:00,3601.579668708188,3613.6491434784616,3520.710710230697
forecast_7600,2025-11-13 16:00:00,3600.279819449986,3680.2816938586748,3388.4187293811997
forecast_7601,2025-11-13 17:00:00,3655.541775669943,3767.3313750921293,3518.333918021368
forecast_7602,2025-11-13 18:00:00,3956.6288765637055,4492.841418177101,3468.1152682414563
forecast_7603,2025-11-13 19:00:00,4085.4935488650585,5109.171066643018,4874.987740768316
forecast_7604,2025-11-13 20:00:00,4036.2244572953846,5248.902485699001,3574.6299655160196
forecast_7605,2025-11-13 21:00:00,7539.817817387373,5753.008678340638,4576.800264206883
forecast_7606,2025-11-13 22:00:00,6884.963103140554,5131.092786131389,4586.082403149802
forecast_7607,2025-11-13 23:00:00,6491.829936071277,4784.4216708256345,4801.1548805819775
forecast_7608,2025-11-14 00:00:00,6093.550147413636,4584.964652038549,4829.96757827012
forecast_7609,2025-11-14 01:00:00,3609.516826692098,3739.674315640132,3498.9633179716575
forecast_7610,2025-11-14 02:00:00,3603.504768865907,3704.1864109178387,3498.6887485772254
forecast_7611,2025-11-14 03:00:00,3628.4555124600884,3693.7581382888625,3470.605890387147
forecast_7612,2025-11-14 04:00:00,3643.4845467058394,3720.329860434048,3414.886334935074
forecast_7613,2025-11-14 05:00:00,3656.8079124865717,3817.8951114212155,3424.838459489372
forecast_7614,2025-11-14 06:00:00,3679.4483021225597,3805.849607569665,3508.563674726619
forecast_7615,2025-11-14 07:00:00,3660.3236670680376,3802.5903875104395,3566.9320397964425
forecast_7616,2025-11-14 08:00:00,3633.7613472607445,3566.267350219773,3593.680571611648
forecast_7617,2025-11-14 09:00:00,3847.8534902846773,3799.8348448042307,3636.27748616777
forecast_7618,2025-11-14 10:00:00,3803.7425638848613,3754.5449538160533,3613.712084440827
forecast_7619,2025-11-14 11:00:00,3723.0323233239615,3701.534571796918,3742.591516254154
forecast_7620,2025-11-14 12:00:00,3578.3851249206336,3591.006833314286,3519.4531613022514
forecast_7621,2025-11-14 13:00:00,3679.797401086295,3658.450917401469,3444.265417821213
forecast_7622,2025-11-14 14:00:00,3724.4244162646833,3079.8760192077516,3689.4499078866957
forecast_7623,2025-11-14 15:00:00,5019.292038633572,3761.382532861736,3673.2651002231846
forecast_7624,2025-11-14 16:00:00,5614.049064899897,4071.4504293942205,3995.852006052157
forecast_7625,2025-11-14 17:00:00,6541.761094383196,4961.32286184573,5488.476650665032
forecast_7626,2025-11-14 18:00:00,7505.38892297877,6668.795890027814,6244.5326216216135
forecast_7627,2025-11-14 19:00:00,9574.982115992523,8311.565870898165,6989.831918338506
forecast_7628,2025-11-14 20:00:00,10646.307991506672,10456.507195855827,7385.511101116645
forecast_7629,2025-11-14 21:00:00,9320.11833823708,9921.851829494828,6272.639880510657
forecast_7630,2025-11-14 22:00:00,9274.591868586796,9553.30050171106,6500.763825205045
forecast_7631,2025-11-14 23:00:00,8901.671150255741,7820.7976173476145,6318.710839281129
forecast_7632,2025-11-15 00:00:00,7445.889493688938,6278.238834693513,5480.232987748267
forecast_7633,2025-11-15 01:00:00,6731.1811338217585,4805.709441737085,5180.63722020139
forecast_7634,2025-11-15 02:00:00,5920.758987463628,4343.5773837431,3675.207298965777
forecast_7635,2025-11-15 03:00:00,5740.909093701788,4084.7610303351084,4218.296016078351
forecast_7636,2025-11-15 04:00:00,5942.392770858402,4309.389895525832,4080.876055827465
forecast_7637,2025-11-15 05:00:00,5471.2303514777195,4374.988431784713,3685.6986021936564
forecast_7638,2025-11-15 06:00:00,5064.8662116277,3479.738748132567,3680.649156130243
forecast_7639,2025-11-15 07:00:00,4951.536181303237,3198.493709114165,3574.0314730403925
forecast_7640,2025-11-15 08:00:00,4777.897927468649,2766.816209351081,3569.0543326992383
forecast_7641,2025-11-15 09:00:00,3842.1059297080083,3764.3048523397865,3418.300553870595
forecast_7642,2025-11-15 10:00:00,3535.3855137242726,3487.6144459374304,3370.0761449646106
forecast_7643,2025-11-15 11:00:00,3471.075767178432,3460.702459021866,3365.8244262775197
forecast_7644,2025-11-15 12:00:00,3466.635534274647,3463.343612670773,3366.92142615504
forecast_7645,2025-11-15 13:00:00,3461.406630974961,3459.0119768618106,3360.869086468459
forecast_7646,2025-11-15 14:00:00,3459.900947761516,3457.2117673121243,3362.580233757142
forecast_7647,2025-11-15 15:00:00,3471.2258970461867,3463.4404847166247,3370.0352911220198
forecast_7648,2025-11-15 16:00:00,3482.980427351514,3467.1921542140835,3386.7638574030548
forecast_7649,2025-11-15 17:00:00,3719.1284271912928,3632.9601663448566,3498.2983762106064
forecast_7650,2025-11-15 18:00:00,5953.340636169479,4503.663387789458,4239.694784371161
forecast_7651,2025-11-15 19:00:00,6945.0099289811915,6290.301716795227,5112.208717747201
forecast_7652,2025-11-15 20:00:00,8275.054969064124,7132.984868141183,5945.380838355086
forecast_7653,2025-11-15 21:00:00,9232.124568757656,8966.405565008388,5755.03213179613
forecast_7654,2025-11-15 22:00:00,9558.949732795934,10187.022287920963,6446.428935753016
forecast_7655,2025-11-15 23:00:00,9376.69888147221,9699.068251089479,6144.410280812265
forecast_7656,2025-11-16 00:00:00,9235.27714706775,8738.55678417412,6504.083895830076
forecast_7657,2025-11-16 01:00:00,8982.222486063956,8683.156130658203,6681.7532861547215
forecast_7658,2025-11-16 02:00:00,8780.014177481651,7951.027318666217,5641.283187655291
forecast_7659,2025-11-16 03:00:00,9911.107020389294,9257.032163394344,6083.814234778608
forecast_7660,2025-11-16 04:00:00,11037.32652037869,9857.11662270742,6177.166510011944
forecast_7661,2025-11-16 05:00:00,11870.908053495172,10948.03826194533,7191.915928032766
forecast_7662,2025-11-16 06:00:00,10626.069259743575,11016.242542752361,7140.981418184659
forecast_7663,2025-11-16 07:00:00,10481.735237815721,12359.207287053398,7445.790511280919
forecast_7664,2025-11-16 08:00:00,10051.587071529944,12468.115591765805,7198.64331003013
forecast_7665,2025-11-16 09:00:00,9870.420562137464,12746.9899266281,7971.496769676069
forecast_7666,2025-11-16 10:00:00,9827.644403477989,11764.682307820814,7929.771486560122
forecast_7667,2025-11-16 11:00:00,10700.122468634665,12186.84983742197,8960.881916377233
forecast_7668,2025-11-16 12:00:00,11660.724928094569,12770.368419625676,10469.382210254278
forecast_7669,2025-11-16 13:00:00,12170.799518845994,13345.446114438544,10972.172163845267
forecast_7670,2025-11-16 14:00:00,13558.125375248632,14195.97685032088,11329.190538663326
forecast_7671,2025-11-16 15:00:00,14956.715267159281,15773.340292874705,13067.385340976867
forecast_7672,2025-11-16 16:00:00,16073.496717674463,17444.90111335388,15216.410573904788
forecast_7673,2025-11-16 17:00:00,17050.429539477762,18884.796432645537,16285.14925954281
forecast_7674,2025-11-16 18:00:00,18333.046466851738,19431.910029583054,17638.288211104962
forecast_7675,2025-11-16 19:00:00,18699.454579273606,19654.881052316192,18762.492408417216
forecast_7676,2025-11-16 20:00:00,19187.527914447597,19797.57294047433,19123.256144639978
forecast_7677,2025-11-16 21:00:00,19494.31390873313,19894.912886509206,19326.979762374012
forecast_7678,2025-11-16 22:00:00,19695.924119909116,19861.808093063784,19556.004945230838
forecast_7679,2025-11-16 23:00:00,19717.709597371086,19800.502964279625,19627.949304193764
forecast_7680,2025-11-17 00:00:00,19614.489482363937,19645.754507033478,19301.47867745743
forecast_7681,2025-11-17 01:00:00,19510.78755218229,19504.91707094792,19300.045112996428
forecast_7682,2025-11-17 02:00:00,19409.370839609117,19261.20879471845,18926.39815706566
forecast_7683,2025-11-17 03:00:00,19274.227680290915,18996.263348671677,18217.967688945435
forecast_7684,2025-11-17 04:00:00,19200.85762066828,18929.112461372675,18416.04900744555
forecast_7685,2025-11-17 05:00:00,19079.232942818926,18980.174213990904,18317.812581023278
forecast_7686,2025-11-17 06:00:00,18914.71094239738,18914.86167592885,18204.122239628243
forecast_7687,2025-11-17 07:00:00,18257.763932243128,18535.33271165987,17872.208545832953
forecast_7688,2025-11-17 08:00:00,17037.124263187714,18153.925612061335,16225.510057464737
forecast_7689,2025-11-17 09:00:00,16194.870899127856,17283.279048023254,13918.569979361177
forecast_7690,2025-11-17 10:00:00,14927.021190803222,15560.887984346622,12579.82833363171
forecast_7691,2025-11-17 11:00:00,14727.247847596109,14725.865323352396,12763.700974725345
forecast_7692,2025-11-17 12:00:00,14105.826923609187,13737.375435010847,11395.651089575787
forecast_7693,2025-11-17 13:00:00,13699.758313782984,13010.461329311003,10268.745464984167
forecast_7694,2025-11-17 14:00:00,13365.953053596706,12335.337196479639,10088.36917682427
forecast_7695,2025-11-17 15:00:00,13203.108761594864,12237.415505451465,9918.779994852595
forecast_7696,2025-11-17 16:00:00,13215.233123539681,12228.414488766402,10859.179877535566
forecast_7697,2025-11-17 17:00:00,13168.997817941145,12555.177590980686,12298.643984368751
forecast_7698,2025-11-17 18:00:00,13745.516508116852,13085.558861684534,12844.259144663132
forecast_7699,2025-11-17 19:00:00,13830.624509337671,13854.218274503348,12820.24170547943
forecast_7700,2025-11-17 20:00:00,13472.823047710132,13537.257480712467,13489.334428463133
forecast_7701,2025-11-17 21:00:00,14215.511535145288,14409.445378651664,15550.613085420166
forecast_7702,2025-11-17 22:00:00,15140.581087005205,15546.89006824506,15004.833500085617
forecast_7703,2025-11-17 23:00:00,15837.151324608296,16658.12890270317,16846.805311614637
forecast_7704,2025-11-18 00:00:00,15636.900237847298,16855.609726894916,16104.515937320704
forecast_7705,2025-11-18 01:00:00,15434.497735960516,16520.353613133324,14586.836847488792
forecast_7706,2025-11-18 02:00:00,15699.898141938025,17257.80893316669,14738.749370651927
forecast_7707,2025-11-18 03:00:00,16168.032191644807,17198.011458475397,15311.528425914068
forecast_7708,2025-11-18 04:00:00,16184.15182235873,16631.883004983563,15560.60858355792
forecast_7709,2025-11-18 05:00:00,16054.21641939873,16420.52599457706,16187.511429543649
forecast_7710,2025-11-18 06:00:00,16409.080127454305,17196.323142701993,17454.188266856803
forecast_7711,2025-11-18 07:00:00,17125.295485292812,17717.344287142594,17136.66177470487
forecast_7712,2025-11-18 08:00:00,16323.527892363789,16965.896715882867,14875.930964813497
forecast_7713,2025-11-18 09:00:00,15264.2719445407,15968.550190432323,13473.879594955422
forecast_7714,2025-11-18 10:00:00,14046.93057471911,14348.829690899725,11993.216503673597
forecast_7715,2025-11-18 11:00:00,13838.29404697353,13475.143920220766,11039.810884248232
forecast_7716,2025-11-18 12:00:00,13118.109967455961,12435.96825353406,10375.037089649064
forecast_7717,2025-11-18 13:00:00,12716.749037141599,11582.622215062758,8885.785209546957
forecast_7718,2025-11-18 14:00:00,12219.288338601362,10992.16861595179,8115.304474023797
forecast_7719,2025-11-18 15:00:00,11710.733976587946,9379.5272009926,7407.399804247225
forecast_7720,2025-11-18 16:00:00,8842.668212202721,6954.975281214377,5019.694426245435
forecast_7721,2025-11-18 17:00:00,7241.174889101456,5712.632237535549,4611.628307790551
forecast_7722,2025-11-18 18:00:00,6790.203985054422,5626.744982219875,4660.768646832504
forecast_7723,2025-11-18 19:00:00,6610.078070463366,5258.47669041628,5576.85406829717
forecast_7724,2025-11-18 20:00:00,7109.514863676149,5164.185751461363,5764.2747946328445
forecast_7725,2025-11-18 21:00:00,8009.084615949032,6083.737718202312,6103.653228432025
forecast_7726,2025-11-18 22:00:00,8643.283066898464,7065.792176181369,6234.197641835508
forecast_7727,2025-11-18 23:00:00,9010.454790173757,7086.4497465779805,5771.443049061464
forecast_7728,2025-11-19 00:00:00,9342.416706099324,6376.8998742850845,5592.076391575928
forecast_7729,2025-11-19 01:00:00,9371.598305760488,7658.15690455748,7091.6850343364185
forecast_7730,2025-11-19 02:00:00,9606.348696993897,7887.224743112321,5953.7207612662505
forecast_7731,2025-11-19 03:00:00,9180.10605353506,6752.772761112823,5487.11769647056
forecast_7732,2025-11-19 04:00:00,7860.564211182073,5335.710668600082,5220.042998891257
forecast_7733,2025-11-19 05:00:00,6452.732188660476,4229.218911636198,4786.790592046426
forecast_7734,2025-11-19 06:00:00,5618.036110428415,3139.7735308902243,4499.49482234154
forecast_7735,2025-11-19 07:00:00,5188.08291181574,3763.567901259866,4184.0438401909805
forecast_7736,2025-11-19 08:00:00,3596.459089261914,3655.837803649977,3440.7682952198975
forecast_7737,2025-11-19 09:00:00,3556.5131739285794,3534.8109676967747,3373.641440292434
forecast_7738,2025-11-19 10:00:00,3489.4461724515004,3483.424503574321,3363.270160412882
forecast_7739,2025-11-19 11:00:00,3470.4150930440633,3470.1723734189072,3363.3391141336497
forecast_7740,2025-11-19 12:00:00,3469.346329957872,3468.0129317864753,3364.6546422269407
forecast_7741,2025-11-19 13:00:00,3468.985560394883,3476.0354403001593,3363.8023039544028
forecast_7742,2025-11-19 14:00:00,3482.66157998439,3505.6763927337074,3364.886448746109
forecast_7743,2025-11-19 15:00:00,3525.000052259569,3514.8965606135366,3370.2264533045445
forecast_7744,2025-11-19 16:00:00,3582.416648706822,3801.3451057762977,3490.182912046634
forecast_7745,2025-11-19 17:00:00,4083.829517655136,4945.478533253465,5020.812176600537
forecast_7746,2025-11-19 18:00:00,8784.819318192825,6886.855885524029,7413.817317891552
forecast_7747,2025-11-19 19:00:00,12031.15470614842,10569.254526506676,10318.783825220971
forecast_7748,2025-11-19 20:00:00,14419.602615611548,12809.84249711106,11331.89159551791
forecast_7749,2025-11-19 21:00:00,16963.349292674393,15259.125862905084,13103.38729479346
forecast_7750,2025-11-19 22:00:00,19605.270794121414,17642.087988490035,15602.287722698455
forecast_7751,2025-11-19 23:00:00,20784.519118155975,18945.273846886976,16460.69957688056
forecast_7752,2025-11-20 00:00:00,20682.073439545464,19093.114274184572,16619.733990489156
forecast_7753,2025-11-20 01:00:00,20264.249194013515,19120.946589062536,16535.27859178204
forecast_7754,2025-11-20 02:00:00,20222.611475403624,19411.0103224194,16916.80208566739
forecast_7755,2025-11-20 03:00:00,20225.875361254188,19467.354018243026,17019.06505853375
forecast_7756,2025-11-20 04:00:00,19946.58685312661,19051.46923581544,16134.048273200837
forecast_7757,2025-11-20 05:00:00,20021.93007861624,19377.569157937654,17156.129333502267
forecast_7758,2025-11-20 06:00:00,19902.57550518202,19328.371920746864,17091.472133731986
forecast_7759,2025-11-20 07:00:00,19286.407285273992,19263.37468968647,16809.938241314616
forecast_7760,2025-11-20 08:00:00,19208.98081472684,19228.729780667953,17058.98831822726
forecast_7761,2025-11-20 09:00:00,18772.25128859864,19061.338653176328,17360.858770674968
forecast_7762,2025-11-20 10:00:00,18563.003119363824,18979.597850878887,17534.637665358005
forecast_7763,2025-11-20 11:00:00,18122.943480694998,18882.49813196478,16636.92750472569
forecast_7764,2025-11-20 12:00:00,18223.39261359708,17979.84939591978,16848.561101985775
forecast_7765,2025-11-20 13:00:00,18453.267448345367,17980.09842170407,17239.428619486207
forecast_7766,2025-11-20 14:00:00,18861.101019280577,18480.639605853354,17768.923605897322
forecast_7767,2025-11-20 15:00:00,19178.406749296682,18754.92777012169,17697.72039195912
forecast_7768,2025-11-20 16:00:00,19366.078916161747,19004.49792186721,18170.63181302165
forecast_7769,2025-11-20 17:00:00,19467.40021846369,18821.36563768089,18371.492249765113
forecast_7770,2025-11-20 18:00:00,19608.323206028537,18902.260070951084,18601.636644403396
forecast_7771,2025-11-20 19:00:00,19662.14316522946,18755.194410115975,18171.270155665567
forecast_7772,2025-11-20 20:00:00,19634.108876167375,18848.138079757384,18703.303697940955
forecast_7773,2025-11-20 21:00:00,19288.063412315263,18810.163315174483,18544.97812410012
forecast_7774,2025-11-20 22:00:00,19095.374458560887,18747.864488169133,18371.681074626606
forecast_7775,2025-11-20 23:00:00,18898.825027643918,19113.711002606953,18592.065112217395
forecast_7776,2025-11-21 00:00:00,18754.38592358685,18939.601937533436,18148.84863634986
forecast_7777,2025-11-21 01:00:00,18335.641591099484,18893.442491894915,16783.140499943103
forecast_7778,2025-11-21 02:00:00,18089.875536377996,18520.236505697816,16722.276305502368
forecast_7779,2025-11-21 03:00:00,17632.285837515363,17824.153530188047,16283.057411205398
forecast_7780,2025-11-21 04:00:00,17388.69450170065,17517.723800742504,15531.58912115887
forecast_7781,2025-11-21 05:00:00,17815.62141844681,17964.97247052992,15895.138840024698
forecast_7782,2025-11-21 06:00:00,18481.555975233638,18011.430457327377,17003.60307887485
forecast_7783,2025-11-21 07:00:00,18006.805820055764,17437.589815507417,16567.804000090815
forecast_7784,2025-11-21 08:00:00,18089.325393015817,17445.195825713836,15897.514081625908
forecast_7785,2025-11-21 09:00:00,16251.219115853066,17022.68166662897,15043.942773088274
forecast_7786,2025-11-21 10:00:00,15743.168777000967,16532.01253974294,13289.334423042366
forecast_7787,2025-11-21 11:00:00,15483.008478283493,16181.218483288698,12826.406717824908
forecast_7788,2025-11-21 12:00:00,15659.747643139273,16362.68373912988,12962.832070813947
forecast_7789,2025-11-21 13:00:00,16039.450524395284,15594.757028086797,11798.32744027465
forecast_7790,2025-11-21 14:00:00,15995.818629991372,15896.169557799582,11846.073702324038
forecast_7791,2025-11-21 15:00:00,16535.3560987202,16314.598482533534,14558.588504574405
forecast_7792,2025-11-21 16:00:00,17098.70132540051,17151.96869605396,15469.681872661567
forecast_7793,2025-11-21 17:00:00,17465.345898471194,17458.4421909138,15574.419169999337
forecast_7794,2025-11-21 18:00:00,17445.73895390967,17832.295120667597,16888.106015953046
forecast_7795,2025-11-21 19:00:00,17779.10156872551,17893.82592717484,16850.583757581615
forecast_7796,2025-11-21 20:00:00,17854.10900919897,17281.72438212395,16807.970579209657
forecast_7797,2025-11-21 21:00:00,17892.460562230626,17225.091816328884,17144.83083081423
forecast_7798,2025-11-21 22:00:00,17460.009056291532,16955.777913650596,17231.668605687693
forecast_7799,2025-11-21 23:00:00,17293.844022428515,16895.875615148365,16985.809158464486
forecast_7800,2025-11-22 00:00:00,17030.18402548605,17165.30648158139,16706.17461150272
forecast_7801,2025-11-22 01:00:00,16843.5215453645,17014.08902019848,15889.024287909117
forecast_7802,2025-11-22 02:00:00,16420.44381205819,17259.219156011754,15264.14393734245
forecast_7803,2025-11-22 03:00:00,17201.21217591235,17240.54272378292,15418.491231210934
forecast_7804,2025-11-22 04:00:00,18325.21599144893,17721.553139871,15730.048049615389
forecast_7805,2025-11-22 05:00:00,18606.596064326866,17750.866485307368,16368.936285290654
forecast_7806,2025-11-22 06:00:00,18937.025855111613,17969.05444193499,16073.990210671609
forecast_7807,2025-11-22 07:00:00,18367.717763986853,17509.798469160232,16494.863311364283
forecast_7808,2025-11-22 08:00:00,16956.824392395138,16827.42154553519,14572.688021664659
forecast_7809,2025-11-22 09:00:00,16327.893531637454,15870.05162547654,13330.620885208185
forecast_7810,2025-11-22 10:00:00,13608.041076205423,14685.902163795874,12384.33739337729
forecast_7811,2025-11-22 11:00:00,13174.821387784805,13579.66474113692,11627.664791189485
forecast_7812,2025-11-22 12:00:00,12571.103235621858,13167.208852829739,11151.278371337834
forecast_7813,2025-11-22 13:00:00,12480.79772552198,13242.49837443891,11083.217218736076
forecast_7814,2025-11-22 14:00:00,12615.48508078585,13235.625551402607,9988.096262551277
forecast_7815,2025-11-22 15:00:00,13599.07876319141,14400.095011288184,11149.61359212621
forecast_7816,2025-11-22 16:00:00,14842.532173425585,15441.491326728708,13377.193951914469
forecast_7817,2025-11-22 17:00:00,15690.281236276647,17123.46477645204,14183.61458104428
forecast_7818,2025-11-22 18:00:00,18212.201088864178,17873.894550039848,15766.77680690519
forecast_7819,2025-11-22 19:00:00,19198.74773366575,18260.72747563527,16983.565783820297
forecast_7820,2025-11-22 20:00:00,19694.95489251877,18448.51679400437,16866.188591355083
forecast_7821,2025-11-22 21:00:00,20096.5393924494,19036.63876033285,16977.07156931212
forecast_7822,2025-11-22 22:00:00,20375.81023518592,19092.49179268078,17506.094588854285
forecast_7823,2025-11-22 23:00:00,20608.52216804667,19336.45184920499,17547.894409162924
forecast_7824,2025-11-23 00:00:00,20773.2715167792,19617.19954978212,15731.154413095735
forecast_7825,2025-11-23 01:00:00,20911.132505875354,19757.837109402684,17361.828650990457
forecast_7826,2025-11-23 02:00:00,21113.442356327603,19978.00649965935,17586.065061367488
forecast_7827,2025-11-23 03:00:00,21172.68562628494,19979.641824359293,17827.66869243633
forecast_7828,2025-11-23 04:00:00,21327.1592928047,19978.894422554557,18093.792444286366
forecast_7829,2025-11-23 05:00:00,20988.726756356158,20022.83399998646,17597.796852346957
forecast_7830,2025-11-23 06:00:00,21045.798791067467,20010.732358710065,17330.575225859913
forecast_7831,2025-11-23 07:00:00,20748.12584666588,19673.44563414724,17634.933918070594
forecast_7832,2025-11-23 08:00:00,19990.428162544133,18639.30670646312,16927.05283902563
forecast_7833,2025-11-23 09:00:00,18651.0523092714,16905.382163823935,15428.854556151688
forecast_7834,2025-11-23 10:00:00,17287.46587046717,16914.686920709642,15641.48153353509
forecast_7835,2025-11-23 11:00:00,16713.55302848271,16095.080825328143,12830.80175902766
forecast_7836,2025-11-23 12:00:00,15972.465568761801,16428.313071326214,16025.942880625345
forecast_7837,2025-11-23 13:00:00,15689.70346279713,15129.186303941902,14328.825679188782
forecast_7838,2025-11-23 14:00:00,14656.791007932969,14672.146080239492,13565.339840348592
forecast_7839,2025-11-23 15:00:00,14513.847553278772,15074.05668103798,12796.619159786733
forecast_7840,2025-11-23 16:00:00,15097.747254886122,15501.342708720136,14566.126609990895
forecast_7841,2025-11-23 17:00:00,15019.78927300298,15799.46085667309,14425.059577276626
forecast_7842,2025-11-23 18:00:00,15940.781133151166,16007.26301067335,14912.733200338902
forecast_7843,2025-11-23 19:00:00,16319.800762867202,16290.254892548272,15572.123181060178
forecast_7844,2025-11-23 20:00:00,16482.90639229217,16241.878718055908,16017.312944338259
forecast_7845,2025-11-23 21:00:00,16245.684749603977,15977.295481690311,16097.705042885993
forecast_7846,2025-11-23 22:00:00,15742.030551671369,15785.272085455046,15453.195608764105
forecast_7847,2025-11-23 23:00:00,15848.097400908237,15705.604294103077,15536.647514206565
forecast_7848,2025-11-24 00:00:00,15793.324454402,15384.26531094201,14564.36512155263
forecast_7849,2025-11-24 01:00:00,13664.620199702907,13777.88042511522,13397.0013585324
forecast_7850,2025-11-24 02:00:00,13563.025955074785,13812.58072895218,12883.244552561646
forecast_7851,2025-11-24 03:00:00,13443.105608187854,13267.388153173193,12314.053076134207
forecast_7852,2025-11-24 04:00:00,13084.25305218033,12203.815023261946,11976.244988020073
forecast_7853,2025-11-24 05:00:00,12477.96622977211,11556.025596648058,11110.876163013516
forecast_7854,2025-11-24 06:00:00,12593.736364373812,12107.125440476993,11331.084499637382
forecast_7855,2025-11-24 07:00:00,12962.162295985729,12253.643049161154,11440.125987986321
forecast_7856,2025-11-24 08:00:00,13536.802010334088,12235.349254993438,10469.917691639586
forecast_7857,2025-11-24 09:00:00,13045.423949516831,11937.978359324885,10927.660173108277
forecast_7858,2025-11-24 10:00:00,12477.327648406468,11647.083373726224,11085.034805296045
forecast_7859,2025-11-24 11:00:00,12998.7125394289,11779.516693271797,11113.771240042699
forecast_7860,2025-11-24 12:00:00,12718.432848402159,11573.960004553588,11399.835124608604
forecast_7861,2025-11-24 13:00:00,12767.20451140107,12259.929314035004,12403.791635640933
forecast_7862,2025-11-24 14:00:00,13305.059753916235,13042.913234057434,12885.12001749281
forecast_7863,2025-11-24 15:00:00,13132.416758178644,12602.353858699578,12670.450510134116
forecast_7864,2025-11-24 16:00:00,12928.276409227647,12215.098184587576,11649.41747658754
forecast_7865,2025-11-24 17:00:00,12841.659622247882,12580.603379396573,11751.813703485237
forecast_7866,2025-11-24 18:00:00,12800.246181063128,12234.615427947754,11825.909588459135
forecast_7867,2025-11-24 19:00:00,11500.840795899521,11435.371090547142,11000.321118026277
forecast_7868,2025-11-24 20:00:00,12323.181356764724,12265.349001664563,11219.562083142608
forecast_7869,2025-11-24 21:00:00,12260.919549203172,11987.938522790564,10478.05446187035
forecast_7870,2025-11-24 22:00:00,12579.242646084142,11979.08988230823,10065.97901579734
forecast_7871,2025-11-24 23:00:00,12305.289388009274,11939.703531713341,10085.429657634551
forecast_7872,2025-11-25 00:00:00,12743.464515763104,12491.43266929367,10243.928600561414
forecast_7873,2025-11-25 01:00:00,12586.348949530602,12658.147973115761,10945.261090512104
forecast_7874,2025-11-25 02:00:00,12980.167742365225,13099.283474589123,12450.350205149822
forecast_7875,2025-11-25 03:00:00,13056.189278518419,12991.5121095654,11674.814972796012
forecast_7876,2025-11-25 04:00:00,12685.604491653656,12503.72343779489,11545.980064101055
forecast_7877,2025-11-25 05:00:00,12778.55194740672,13046.27579535564,11922.791171377243
forecast_7878,2025-11-25 06:00:00,13444.420593663817,13961.480717127117,11512.432689571293
forecast_7879,2025-11-25 07:00:00,14107.664908408691,13694.203717172802,12025.199692481972
forecast_7880,2025-11-25 08:00:00,13464.876167285896,12253.1169209278,10696.954581708027
forecast_7881,2025-11-25 09:00:00,11308.595706074113,10159.285252688109,8421.361076004161
forecast_7882,2025-11-25 10:00:00,10643.810495659614,9644.699092406832,8344.978829596248
forecast_7883,2025-11-25 11:00:00,10205.83675865536,8525.662760184012,8741.191093264395
forecast_7884,2025-11-25 12:00:00,9852.077926929773,8079.3280130490175,8584.07821050117
forecast_7885,2025-11-25 13:00:00,11602.894168495284,11150.634168379838,9954.03350052216
forecast_7886,2025-11-25 14:00:00,11845.181541792124,9651.33372883626,8442.33761211299
forecast_7887,2025-11-25 15:00:00,12373.962699070476,11136.101822230074,9945.50439780446
forecast_7888,2025-11-25 16:00:00,11869.474161615171,10042.244993622175,8591.53421402034
forecast_7889,2025-11-25 17:00:00,11939.814760822523,11017.682099183487,9117.025896494262
forecast_7890,2025-11-25 18:00:00,12143.001494934253,11536.764555072745,9061.599163333523
forecast_7891,2025-11-25 19:00:00,11550.585492458948,10133.165751675477,7803.4458123632085
forecast_7892,2025-11-25 20:00:00,10602.961977057214,9629.150136101982,7145.982852226355
forecast_7893,2025-11-25 21:00:00,9383.23992382707,8182.667679765744,6158.101963450099
forecast_7894,2025-11-25 22:00:00,8021.175226378588,6377.833856679982,5741.471184457073
forecast_7895,2025-11-25 23:00:00,6782.380919519171,5569.153069021187,5252.332550814754
forecast_7896,2025-11-26 00:00:00,5642.148679878533,4562.342509729237,4430.306584349655
forecast_7897,2025-11-26 01:00:00,5351.466060024719,4104.178402530257,4168.9397008500955
forecast_7898,2025-11-26 02:00:00,4576.438215565222,3831.6519822563737,3476.3532072872404
forecast_7899,2025-11-26 03:00:00,3783.743744480922,3727.413734329556,3457.5204753699313
forecast_7900,2025-11-26 04:00:00,3717.131529218358,3606.4891098574203,3411.978529480745
forecast_7901,2025-11-26 05:00:00,3666.968891178164,3593.512520151831,3465.4169186611025
forecast_7902,2025-11-26 06:00:00,3675.556811674465,3633.3275682172434,3538.6616130930743
forecast_7903,2025-11-26 07:00:00,3695.713605430027,3760.3927598906835,3613.494166951834
forecast_7904,2025-11-26 08:00:00,3580.203036378758,3641.94946233841,3545.3879583918065
forecast_7905,2025-11-26 09:00:00,3670.2964577414136,3823.8098426714764,3521.0840968423663
forecast_7906,2025-11-26 10:00:00,3581.553390969543,3635.888650697109,3537.8340854339285
forecast_7907,2025-11-26 11:00:00,3689.904648498667,3656.3758310252933,3627.8858111024447
forecast_7908,2025-11-26 12:00:00,3674.22859008503,3721.981707829379,3587.3360148649817
forecast_7909,2025-11-26 13:00:00,3820.324369507011,3666.4051763139955,3483.1378850142255
forecast_7910,2025-11-26 14:00:00,3871.711493516567,3881.879879896669,3516.5723875409262
forecast_7911,2025-11-26 15:00:00,6123.2959464273645,4824.480959386431,3599.9885989643053
forecast_7912,2025-11-26 16:00:00,6911.258903285021,5172.911920481804,3965.7154133140843
forecast_7913,2025-11-26 17:00:00,9098.38609537039,6857.285219165088,5466.647325287502
forecast_7914,2025-11-26 18:00:00,12224.057037296983,10125.657185391912,8274.468116153728
forecast_7915,2025-11-26 19:00:00,13133.229589391683,11921.187270626959,9686.436871176522
forecast_7916,2025-11-26 20:00:00,14161.21898716766,13125.929671917136,10292.876577975645
forecast_7917,2025-11-26 21:00:00,14836.126506798493,14197.198976533433,11224.067932784854
forecast_7918,2025-11-26 22:00:00,16271.410131034587,15357.79747738072,12099.611359374709
forecast_7919,2025-11-26 23:00:00,17337.193438504448,16249.407819786918,12284.253227680845
forecast_7920,2025-11-27 00:00:00,18277.753877760257,16758.654401967644,14139.08100009001
forecast_7921,2025-11-27 01:00:00,17331.387289950573,16666.848949681047,12843.766237668284
forecast_7922,2025-11-27 02:00:00,18146.154565320277,17201.346463056798,14748.652481600755
forecast_7923,2025-11-27 03:00:00,17342.03478483484,16675.040557644,13066.026760874309
forecast_7924,2025-11-27 04:00:00,16738.892796618384,16866.748340242153,14824.107209636073
forecast_7925,2025-11-27 05:00:00,14999.046393601808,15737.667446062142,13895.347413194222
forecast_7926,2025-11-27 06:00:00,16193.135165863363,16121.700201271466,13852.69781740055
forecast_7927,2025-11-27 07:00:00,13936.654207514885,14719.764951163566,12200.233783386871
forecast_7928,2025-11-27 08:00:00,14760.238157626009,15542.083905464915,14393.134300365367
forecast_7929,2025-11-27 09:00:00,15300.872116468994,16270.429151264849,15331.669128564274
forecast_7930,2025-11-27 10:00:00,15401.292764371492,16822.660345441585,16810.491442661645
forecast_7931,2025-11-27 11:00:00,16253.408632314515,17385.78382514081,16917.078139821773
forecast_7932,2025-11-27 12:00:00,16770.987581639867,17627.27338428924,16717.567218189604
forecast_7933,2025-11-27 13:00:00,17689.928144275527,17726.0979709336,16250.49650011388
forecast_7934,2025-11-27 14:00:00,17756.14842606182,18518.51420744614,17405.06413855675
forecast_7935,2025-11-27 15:00:00,18023.314620391382,18210.99338946042,16961.116414454533
forecast_7936,2025-11-27 16:00:00,18330.973119237588,18815.14446661453,16839.622938029137
forecast_7937,2025-11-27 17:00:00,18668.787389626745,19073.279829746407,16655.394675814667
forecast_7938,2025-11-27 18:00:00,18893.197104289902,19036.731194371485,17032.6499147637
forecast_7939,2025-11-27 19:00:00,18508.87112658686,18556.808001280515,17114.26169257541
forecast_7940,2025-11-27 20:00:00,18408.924880485403,18414.63712200176,14569.139360024361
forecast_7941,2025-11-27 21:00:00,18337.951090646075,18231.36693814911,14519.977415950316
forecast_7942,2025-11-27 22:00:00,18209.052073144085,18145.582060717632,14284.505873654627
forecast_7943,2025-11-27 23:00:00,18361.304804668467,18181.497982172255,15221.516779953507
forecast_7944,2025-11-28 00:00:00,18492.48517406467,18257.15834854186,16779.88233006942
forecast_7945,2025-11-28 01:00:00,18377.866549680177,18236.075845243868,17891.459011471812
forecast_7946,2025-11-28 02:00:00,17975.8370480888,17965.182082532174,17512.51495653879
forecast_7947,2025-11-28 03:00:00,17461.233990788318,17584.83698986371,16994.4843277525
forecast_7948,2025-11-28 04:00:00,16850.338128167707,16820.574822339022,16301.291471391589
forecast_7949,2025-11-28 05:00:00,15982.398382401338,16596.3819863138,15423.99033983108
forecast_7950,2025-11-28 06:00:00,15368.886021611639,16167.192665438703,14535.089105263738
forecast_7951,2025-11-28 07:00:00,15081.431092753664,15849.660754511797,14016.934016836101
forecast_7952,2025-11-28 08:00:00,14883.067598214744,14310.1303463621,11532.572208245003
forecast_7953,2025-11-28 09:00:00,13103.299569140685,12602.506858625053,10311.596546685669
forecast_7954,2025-11-28 10:00:00,9629.032183739962,9260.3416489296,8116.014471607588
forecast_7955,2025-11-28 11:00:00,8007.249568368605,7329.5395584876105,7004.361760946904
forecast_7956,2025-11-28 12:00:00,6446.468640062465,5314.416685884797,5345.951272535389
forecast_7957,2025-11-28 13:00:00,5777.071934405689,4182.626852898366,5050.835890798175
forecast_7958,2025-11-28 14:00:00,5947.01806248874,4942.390541282484,4653.723347770736
forecast_7959,2025-11-28 15:00:00,5911.858836764075,5213.873776437192,4478.267032361481
forecast_7960,2025-11-28 16:00:00,5853.067276990221,5027.549983044547,5439.072497072553
forecast_7961,2025-11-28 17:00:00,6756.565662558189,5710.175054499896,5720.353143728944
forecast_7962,2025-11-28 18:00:00,6830.845002144672,5595.034819766341,5963.522179890658
forecast_7963,2025-11-28 19:00:00,6681.388077448873,4929.330419269661,5481.374290761658
forecast_7964,2025-11-28 20:00:00,7110.541392893936,4683.833039900843,5296.064308247098
forecast_7965,2025-11-28 21:00:00,6703.557935126144,4518.2449893383655,5024.721094021951
forecast_7966,2025-11-28 22:00:00,6623.648122000947,4601.82553600474,4965.328581944876
forecast_7967,2025-11-28 23:00:00,6967.474389541449,4869.756029135949,5026.683941341034
forecast_7968,2025-11-29 00:00:00,7406.212078548004,5118.2453745793455,5676.965070800406
forecast_7969,2025-11-29 01:00:00,7049.120198236571,3808.689639552044,4834.406293033065
forecast_7970,2025-11-29 02:00:00,9080.012333680861,6480.4855464950815,5301.146563079237
forecast_7971,2025-11-29 03:00:00,10324.598119393457,8239.746167616615,6192.414467227587
forecast_7972,2025-11-29 04:00:00,12151.748867143071,10097.639581138681,7705.712710766743
forecast_7973,2025-11-29 05:00:00,13177.969128011524,12422.761727969864,8314.320833011754
forecast_7974,2025-11-29 06:00:00,14245.217664025207,14093.254952874342,8940.044951230191
forecast_7975,2025-11-29 07:00:00,14121.94192148106,14500.87032688642,8824.340650822887
forecast_7976,2025-11-29 08:00:00,14008.990832559663,14106.395359472668,8307.08905401762
forecast_7977,2025-11-29 09:00:00,12263.499416322713,12852.4278555926,7861.51756381845
forecast_7978,2025-11-29 10:00:00,11374.60787575401,11209.719268346511,8128.35346883013
forecast_7979,2025-11-29 11:00:00,11379.92157330766,11461.771118164233,9254.493303663585
forecast_7980,2025-11-29 12:00:00,12972.336673585813,13096.850020294389,10895.769943295063
forecast_7981,2025-11-29 13:00:00,13859.679469828889,14591.286204869279,12536.462080203508
forecast_7982,2025-11-29 14:00:00,14724.053077680295,15351.535249903147,13097.526088476352
forecast_7983,2025-11-29 15:00:00,15303.52207683674,16039.468234823757,14556.437689109853
forecast_7984,2025-11-29 16:00:00,16308.328111519872,17093.497791522837,16208.919585965381
forecast_7985,2025-11-29 17:00:00,18086.427889056264,18385.15141644834,18070.316251538035
forecast_7986,2025-11-29 18:00:00,19025.174643091494,19328.87148961329,19259.302014070494
forecast_7987,2025-11-29 19:00:00,19297.36191348863,19405.260942048506,19408.158372688544
forecast_7988,2025-11-29 20:00:00,19555.29357054613,19242.13464183105,19546.570421946977
forecast_7989,2025-11-29 21:00:00,19849.98232919055,19273.13782279073,19611.75794414469
forecast_7990,2025-11-29 22:00:00,19955.943736700763,19397.43104520634,19789.325893911322
forecast_7991,2025-11-29 23:00:00,19772.694858848852,19257.949163383182,19744.554369437774
forecast_7992,2025-11-30 00:00:00,19780.787838648845,18905.850914144332,19533.636755914486
forecast_7993,2025-11-30 01:00:00,19682.049649269702,18824.645959865546,19360.745153707903
forecast_7994,2025-11-30 02:00:00,19478.811577241806,18290.859916452435,19153.165406620505
forecast_7995,2025-11-30 03:00:00,19441.081179350742,18013.67242711035,18685.73371434962
forecast_7996,2025-11-30 04:00:00,19490.86127049654,17924.516374721927,18669.545380024003
forecast_7997,2025-11-30 05:00:00,18739.012270850806,17111.846781884087,17633.743037515713
forecast_7998,2025-11-30 06:00:00,17635.377353889366,16467.755093175143,16820.51499095715
forecast_7999,2025-11-30 07:00:00,16886.85955575565,15744.245895140384,15887.839707198536
forecast_8000,2025-11-30 08:00:00,15084.54060461833,14710.040119779405,14572.115236549089
forecast_8001,2025-11-30 09:00:00,13623.477714406761,14029.41652433644,14085.168049893933
forecast_8002,2025-11-30 10:00:00,14189.10079668461,13290.565385008087,13602.971665078025
forecast_8003,2025-11-30 11:00:00,13931.442911349806,12722.491172120916,12724.513732542648
forecast_8004,2025-11-30 12:00:00,13792.942517850885,12484.558061128617,11962.41601566747
forecast_8005,2025-11-30 13:00:00,13605.633371872706,12711.5230747059,11590.096999163015
forecast_8006,2025-11-30 14:00:00,13498.270809247615,13489.643326203666,11769.269614379857
forecast_8007,2025-11-30 15:00:00,14096.666318923677,13916.187158357148,12163.47728280545
forecast_8008,2025-11-30 16:00:00,14711.815271039579,15216.866971052057,12961.41525128837
forecast_8009,2025-11-30 17:00:00,15814.723306812366,15569.138677055842,13636.770249396499
forecast_8010,2025-11-30 18:00:00,17365.32989348399,17339.148814753473,16406.290009233635
forecast_8011,2025-11-30 19:00:00,18054.069006223137,18504.778242177155,18485.60633485616
forecast_8012,2025-11-30 20:00:00,19071.116028908353,19190.551415988633,18695.700752516874
forecast_8013,2025-11-30 21:00:00,19196.38494667122,19446.252249947254,19022.730200442275
forecast_8014,2025-11-30 22:00:00,19416.578218484756,19758.918869557005,19484.01116104587
forecast_8015,2025-11-30 23:00:00,19511.770756982194,19881.95084294224,19414.594229255086
forecast_8016,2025-12-01 00:00:00,19591.420986544537,20064.5147153063,18987.68160785221
forecast_8017,2025-12-01 01:00:00,19733.113028455162,19842.699503645676,19058.73678100923
forecast_8018,2025-12-01 02:00:00,19689.707641724,19587.256125894164,19039.676993274326
forecast_8019,2025-12-01 03:00:00,19690.75225792836,19256.571817749096,18641.074517171175
forecast_8020,2025-12-01 04:00:00,19427.01891090216,19316.289865196108,18736.10067756937
forecast_8021,2025-12-01 05:00:00,19316.01407847947,19009.74209123603,18602.848161129725
forecast_8022,2025-12-01 06:00:00,18980.90203402629,18777.960424429464,17999.015716393817
forecast_8023,2025-12-01 07:00:00,18418.670912868285,18342.916208855288,17380.917406476656
forecast_8024,2025-12-01 08:00:00,17589.27390857525,17196.401563328036,15654.39856459814
forecast_8025,2025-12-01 09:00:00,15991.354475009646,15865.100779190398,12590.517871954236
forecast_8026,2025-12-01 10:00:00,13473.693707900178,13615.031449395558,10143.83185915606
forecast_8027,2025-12-01 11:00:00,9778.574245044081,9081.067093863207,6082.681488674549
forecast_8028,2025-12-01 12:00:00,7503.5874276497325,6471.904210815233,5172.337290700759
forecast_8029,2025-12-01 13:00:00,6398.5424922658485,4354.369910454509,3811.044101503132
forecast_8030,2025-12-01 14:00:00,6043.670167375474,3548.95893169541,3767.4613065865406
forecast_8031,2025-12-01 15:00:00,5537.58733999368,3431.0431844591367,3951.756479227789
forecast_8032,2025-12-01 16:00:00,5277.265134471403,3617.272780667245,4172.864265759588
forecast_8033,2025-12-01 17:00:00,6034.121106494986,4342.114986774423,3653.0665699421634
forecast_8034,2025-12-01 18:00:00,6850.671745904815,5147.570818986354,3717.4547242630324
forecast_8035,2025-12-01 19:00:00,6561.137243343717,5086.899345668478,3678.071804153066
forecast_8036,2025-12-01 20:00:00,7621.454185142836,5987.496765918397,5926.212022735624
forecast_8037,2025-12-01 21:00:00,8370.241137399475,7493.262973422805,6904.6981653734465
forecast_8038,2025-12-01 22:00:00,10993.423208646616,9899.387916952712,8251.315620988278
forecast_8039,2025-12-01 23:00:00,13018.04532402085,12129.696596344587,9923.367064687664
forecast_8040,2025-12-02 00:00:00,14361.764280611393,14955.486651324254,10671.368709866812
forecast_8041,2025-12-02 01:00:00,15830.291584616834,16118.131162955337,12089.2118522082
forecast_8042,2025-12-02 02:00:00,16432.857953582446,16760.33871050631,12286.014250769542
forecast_8043,2025-12-02 03:00:00,16862.06202870829,17050.08916438474,14251.621874094733
forecast_8044,2025-12-02 04:00:00,16147.793016338486,16690.32040286249,12718.344528845018
forecast_8045,2025-12-02 05:00:00,15419.740726001965,15867.664446616876,11622.503085481783
forecast_8046,2025-12-02 06:00:00,14888.073025634794,14950.519720140826,11502.293500180223
forecast_8047,2025-12-02 07:00:00,13720.59886317055,14270.785299546249,11046.231136438013
forecast_8048,2025-12-02 08:00:00,11659.836213722085,12251.909999916752,8402.500759880357
forecast_8049,2025-12-02 09:00:00,10216.135542329752,11328.938203454956,6170.735775725379
forecast_8050,2025-12-02 10:00:00,9198.875018195491,9813.814046316895,6416.587429774318
forecast_8051,2025-12-02 11:00:00,8601.212548687954,8754.72895875606,5765.688576022315
forecast_8052,2025-12-02 12:00:00,8992.83845441874,8784.72876386838,6286.99031248583
forecast_8053,2025-12-02 13:00:00,10707.049014982113,9230.2442844053,8345.253214712342
forecast_8054,2025-12-02 14:00:00,11988.017581625527,11541.542364566467,9097.861353860031
forecast_8055,2025-12-02 15:00:00,12841.585375482364,12199.123505207237,9568.411391456762
forecast_8056,2025-12-02 16:00:00,13399.320422547438,13210.069197067662,10373.156188326511
forecast_8057,2025-12-02 17:00:00,13789.023900151597,13742.27608055428,12385.801384036182
forecast_8058,2025-12-02 18:00:00,14557.537890804082,14776.046954091691,14502.497461939574
forecast_8059,2025-12-02 19:00:00,15009.729523167094,16312.469140939136,14730.485540255198
forecast_8060,2025-12-02 20:00:00,15217.057819046715,17302.40891791851,15397.654396306283
forecast_8061,2025-12-02 21:00:00,15551.807046413875,17066.175842837423,15304.003300577098
forecast_8062,2025-12-02 22:00:00,15566.384993881307,16666.976638235377,16104.239342528588
forecast_8063,2025-12-02 23:00:00,15396.395686017333,16874.139442461943,16705.759462262602
forecast_8064,2025-12-03 00:00:00,15422.885231026856,16902.208665483104,16926.581509767977
forecast_8065,2025-12-03 01:00:00,15733.56070216153,17705.6984674965,16945.743826433056
forecast_8066,2025-12-03 02:00:00,15995.210456745917,17800.444306896694,16841.77380312169
forecast_8067,2025-12-03 03:00:00,15987.545245049521,17802.384345577586,16478.77666567023
forecast_8068,2025-12-03 04:00:00,15507.169791754372,17611.632904251972,16528.332704628585
forecast_8069,2025-12-03 05:00:00,15025.474723179408,17137.82315856084,14136.041171267296
forecast_8070,2025-12-03 06:00:00,14594.644901560481,16940.82604580183,13226.011690460813
forecast_8071,2025-12-03 07:00:00,14764.764489883915,17298.50332063755,13305.058040198484
forecast_8072,2025-12-03 08:00:00,14471.439933927339,16717.25707323298,12494.653873082867
forecast_8073,2025-12-03 09:00:00,14801.514262409126,16610.60343882972,12763.708612168679
forecast_8074,2025-12-03 10:00:00,15240.695474648437,16668.375621435785,12920.401424569494
forecast_8075,2025-12-03 11:00:00,15306.072652696106,16595.00955940118,12653.313109821305
forecast_8076,2025-12-03 12:00:00,15491.439320101179,16838.00512231794,13490.708119369974
forecast_8077,2025-12-03 13:00:00,15213.844546989036,16676.371134205256,13831.805738347522
forecast_8078,2025-12-03 14:00:00,15415.058353494118,16856.38468411753,13839.633165694584
forecast_8079,2025-12-03 15:00:00,15320.884612562051,16449.544068739553,13950.107891823844
forecast_8080,2025-12-03 16:00:00,15349.493283828817,16582.872874522687,14048.224562144924
forecast_8081,2025-12-03 17:00:00,14759.462584414518,16372.885001999066,13417.347955986299
forecast_8082,2025-12-03 18:00:00,14584.338600865907,16134.534530829762,13049.978407056587
forecast_8083,2025-12-03 19:00:00,14215.779368387275,16378.948521811095,13553.976519569902
forecast_8084,2025-12-03 20:00:00,14349.351132315374,16048.385992794127,14658.021015673037
forecast_8085,2025-12-03 21:00:00,14399.24162982077,15857.230650430252,14751.411401044204
forecast_8086,2025-12-03 22:00:00,14998.522562857546,16414.02979459503,13649.743190169816
forecast_8087,2025-12-03 23:00:00,15520.503583964435,16967.817087538337,13403.96942821347
forecast_8088,2025-12-04 00:00:00,15931.968255912661,17301.67919561857,13835.291168368243
forecast_8089,2025-12-04 01:00:00,15637.313517822888,17248.931745876034,13672.18955239906
forecast_8090,2025-12-04 02:00:00,15627.769410913834,17943.98653451864,14789.025461864834
forecast_8091,2025-12-04 03:00:00,16363.435847335653,17863.459603394367,15491.262675942417
forecast_8092,2025-12-04 04:00:00,16346.215363415466,17715.133766110466,16099.134104323788
forecast_8093,2025-12-04 05:00:00,17022.12864419119,17443.192651531215,16604.063260592775
forecast_8094,2025-12-04 06:00:00,16528.605213243743,17500.92882453831,17258.302844269892
forecast_8095,2025-12-04 07:00:00,16374.57847552171,17593.03759636987,17322.195070187092
forecast_8096,2025-12-04 08:00:00,16751.35544869705,17854.973255637466,16444.988530614813
forecast_8097,2025-12-04 09:00:00,16324.203820983155,17645.692652704623,15568.098961959973
forecast_8098,2025-12-04 10:00:00,15166.115864552668,17449.72782964959,13511.606083434652
forecast_8099,2025-12-04 11:00:00,14549.444846416718,16094.251705542238,11937.435369970106
forecast_8100,2025-12-04 12:00:00,13545.045051799976,15000.785831751446,10540.70721345545
forecast_8101,2025-12-04 13:00:00,13301.239770617894,14550.249703080173,10846.856083591436
forecast_8102,2025-12-04 14:00:00,13234.04702130043,14451.838429069525,9854.004358201122
forecast_8103,2025-12-04 15:00:00,13796.699206203957,14870.63055507377,10588.825168808502
forecast_8104,2025-12-04 16:00:00,14524.215083170639,15352.023450694689,12441.21799417759
forecast_8105,2025-12-04 17:00:00,14388.450791531217,15721.213539477763,13327.25686559978
forecast_8106,2025-12-04 18:00:00,15147.909510871528,16867.12141224396,15376.029508655763
forecast_8107,2025-12-04 19:00:00,15526.975669781483,16832.781626033156,16261.67152570526
forecast_8108,2025-12-04 20:00:00,15848.223541630567,16740.360608496463,16066.447661749491
forecast_8109,2025-12-04 21:00:00,15886.562333198288,16454.68796070966,15840.431698146875
forecast_8110,2025-12-04 22:00:00,15826.905910950089,16963.792667327925,14539.198056355643
forecast_8111,2025-12-04 23:00:00,15734.7936189782,17271.019739785956,15279.089156226757
forecast_8112,2025-12-05 00:00:00,15142.959364377504,17147.106092733735,15445.023195465012
forecast_8113,2025-12-05 01:00:00,14673.97749728239,16551.256088086553,14833.444555093698
forecast_8114,2025-12-05 02:00:00,14847.231597075472,16477.848358520376,14694.864014843331
forecast_8115,2025-12-05 03:00:00,14731.619509913628,16081.430477792577,14551.391430333135
forecast_8116,2025-12-05 04:00:00,15051.773646603677,16253.669612316457,15188.047050660398
forecast_8117,2025-12-05 05:00:00,14982.13528264188,16708.395197163245,14166.390527502675
forecast_8118,2025-12-05 06:00:00,15394.88795454759,17749.42048189873,14153.279432375357
forecast_8119,2025-12-05 07:00:00,16385.863751222692,18373.153696062047,14439.705878012293
forecast_8120,2025-12-05 08:00:00,17194.14399913157,18370.85884725914,14528.020644429822
forecast_8121,2025-12-05 09:00:00,17703.63104150995,18071.351158240068,14514.757930566739
forecast_8122,2025-12-05 10:00:00,16732.88066855458,16623.81069678322,13593.607713543566
forecast_8123,2025-12-05 11:00:00,16118.739510498523,16137.16663490006,13316.477046048907
forecast_8124,2025-12-05 12:00:00,15337.687721630258,15691.656700183898,12513.907354999712
forecast_8125,2025-12-05 13:00:00,14774.308539076546,14217.398108997695,11662.441927905304
forecast_8126,2025-12-05 14:00:00,15515.528974763556,14251.488765584076,12079.644528819108
forecast_8127,2025-12-05 15:00:00,16260.257394562186,15314.19700122484,13201.468375765364
forecast_8128,2025-12-05 16:00:00,17535.873838128664,16535.191074758535,14366.513261170614
forecast_8129,2025-12-05 17:00:00,18250.202551243077,16661.876184209337,14611.760396990961
forecast_8130,2025-12-05 18:00:00,18621.26514989386,17882.7368303041,14684.8286714992
forecast_8131,2025-12-05 19:00:00,18638.188653613906,17892.0844066054,14153.73896218539
forecast_8132,2025-12-05 20:00:00,18679.986850074292,17988.70823161325,14724.86501797664
forecast_8133,2025-12-05 21:00:00,18903.91476839923,18435.824081556944,14900.90133679234
forecast_8134,2025-12-05 22:00:00,19941.853082297326,18856.476543369077,15766.819407162333
forecast_8135,2025-12-05 23:00:00,20341.58636231742,19024.4982672836,16286.763194439076
forecast_8136,2025-12-06 00:00:00,20491.673236838502,19365.315638767326,16674.77129505027
forecast_8137,2025-12-06 01:00:00,20159.291248583493,19302.70738424982,15360.987276940223
forecast_8138,2025-12-06 02:00:00,20479.641094347804,19510.446534183648,16589.368930338795
forecast_8139,2025-12-06 03:00:00,20664.763674748334,19426.740209568234,16711.001859616194
forecast_8140,2025-12-06 04:00:00,20180.09040241012,18892.643432634453,16032.697342583837
forecast_8141,2025-12-06 05:00:00,20615.84436184801,18779.807169087973,16206.878137367781
forecast_8142,2025-12-06 06:00:00,19975.13610624579,18789.857927714416,16147.38221676191
forecast_8143,2025-12-06 07:00:00,19556.630523861568,18705.32921362161,15952.242231756896
forecast_8144,2025-12-06 08:00:00,18654.007281429356,17917.349854831195,14634.916304125994
forecast_8145,2025-12-06 09:00:00,17594.62274793921,17787.101749753747,13885.396311524419
forecast_8146,2025-12-06 10:00:00,16014.089950199756,16718.90698203261,12938.324733574842
forecast_8147,2025-12-06 11:00:00,15732.690469723246,16106.747975804454,13740.6222199234
forecast_8148,2025-12-06 12:00:00,15858.006852879598,16209.825186220107,14072.911414686358
forecast_8149,2025-12-06 13:00:00,16121.634768482778,16453.679548702796,13935.751314443152
forecast_8150,2025-12-06 14:00:00,16298.341588501093,16520.79860839453,14830.496063461569
forecast_8151,2025-12-06 15:00:00,17036.42297019654,17378.84900063883,16209.8514741812
forecast_8152,2025-12-06 16:00:00,17423.421471940484,18634.252674841176,17246.02499369571
forecast_8153,2025-12-06 17:00:00,18092.32219759988,18685.156132362892,17229.22541806159
forecast_8154,2025-12-06 18:00:00,18500.483580976284,18757.495526607014,17288.886829525498
forecast_8155,2025-12-06 19:00:00,19047.1772045759,18766.75198004591,17619.59727128362
forecast_8156,2025-12-06 20:00:00,19390.355881239917,18916.389140683663,17758.26570883865
forecast_8157,2025-12-06 21:00:00,19603.430436307783,19145.937937828185,18016.585883813088
forecast_8158,2025-12-06 22:00:00,19697.870327695284,19463.348476223535,18534.623053881667
forecast_8159,2025-12-06 23:00:00,19918.95586382037,19624.947704994844,18568.92548575198
forecast_8160,2025-12-07 00:00:00,19927.052432126286,19720.811190938628,18624.911670262503
forecast_8161,2025-12-07 01:00:00,19478.438069349322,19440.8722023995,18141.59105640781
forecast_8162,2025-12-07 02:00:00,19598.188577826146,19259.58959634799,18143.84101223066
forecast_8163,2025-12-07 03:00:00,19600.335767445555,18984.28230137894,18120.292346907103
forecast_8164,2025-12-07 04:00:00,19561.685295549036,18764.406829518874,17978.398104760585
forecast_8165,2025-12-07 05:00:00,19408.014919274465,18302.965734799727,17500.01360917403
forecast_8166,2025-12-07 06:00:00,19325.893057468154,18527.776689128674,17788.852427687725
forecast_8167,2025-12-07 07:00:00,19146.459635719944,19006.699532419785,18150.223397866284
forecast_8168,2025-12-07 08:00:00,19031.523035745086,18703.001490359435,17353.36148387992
forecast_8169,2025-12-07 09:00:00,18553.41236557285,18414.284310436113,17205.786995100952
forecast_8170,2025-12-07 10:00:00,17829.001093958414,17738.745558006027,17218.336678141157
forecast_8171,2025-12-07 11:00:00,17742.353567138427,17646.566471527716,17375.141071987568
forecast_8172,2025-12-07 12:00:00,17991.583156346816,17666.55517039468,16753.749796309552
forecast_8173,2025-12-07 13:00:00,18320.93951297764,17765.944344544183,16411.70710527881
forecast_8174,2025-12-07 14:00:00,18440.91654828304,18428.112456228904,16793.271740300297
forecast_8175,2025-12-07 15:00:00,18774.571637787627,18730.26467765453,17517.383726656542
forecast_8176,2025-12-07 16:00:00,18756.032418165127,19028.862064645265,18084.764940066074
forecast_8177,2025-12-07 17:00:00,18379.3066670631,18802.269145474995,18114.72760501798
forecast_8178,2025-12-07 18:00:00,18379.271984018585,19173.31195878107,18365.13669944239
forecast_8179,2025-12-07 19:00:00,18309.27228689908,19186.701327941177,18442.32137011634
forecast_8180,2025-12-07 20:00:00,18677.023160188077,19159.621096619983,18128.358059874157
forecast_8181,2025-12-07 21:00:00,18438.802193821222,18908.991145348213,18066.173205859974
forecast_8182,2025-12-07 22:00:00,18648.044315770272,18856.6942414683,17793.89189812649
forecast_8183,2025-12-07 23:00:00,18717.781414740464,19002.773729703393,17661.607181086765
forecast_8184,2025-12-08 00:00:00,18274.191435344906,18830.305533476563,16781.3574364434
forecast_8185,2025-12-08 01:00:00,18324.147819049307,18794.204393720862,17002.08730227139
forecast_8186,2025-12-08 02:00:00,17715.45149719331,18714.932008653836,16458.270390571768
forecast_8187,2025-12-08 03:00:00,16908.957371392116,18448.263361443376,14734.146982534294
forecast_8188,2025-12-08 04:00:00,16954.63125509186,17931.492041899855,13792.80559771899
forecast_8189,2025-12-08 05:00:00,15272.651899600547,17086.396805087774,12307.51640089896
forecast_8190,2025-12-08 06:00:00,14890.738527913936,16451.1685014264,12274.126917443693
forecast_8191,2025-12-08 07:00:00,14334.085458254747,15777.996917341354,11148.48368941989
forecast_8192,2025-12-08 08:00:00,12675.860428038914,13930.977363684502,9499.334071085135
forecast_8193,2025-12-08 09:00:00,11784.68646467374,12448.07005562642,8598.843624172141
forecast_8194,2025-12-08 10:00:00,10733.256171078288,10462.723755442395,7374.10558648929
forecast_8195,2025-12-08 11:00:00,9589.767033292257,7686.94245056209,5047.5407298599175
forecast_8196,2025-12-08 12:00:00,8389.968142888527,6103.669247548933,4621.394374387089
forecast_8197,2025-12-08 13:00:00,7905.3404622019725,5386.008892542133,4069.006581214025
forecast_8198,2025-12-08 14:00:00,6974.832038683687,5241.550060426902,3604.130423955507
forecast_8199,2025-12-08 15:00:00,6917.266282818446,5684.0338049651755,3382.972593802915
forecast_8200,2025-12-08 16:00:00,7513.285984689961,6532.156575648373,4380.858104007219
forecast_8201,2025-12-08 17:00:00,8964.807961659248,8299.075777621949,6281.593172271483
forecast_8202,2025-12-08 18:00:00,11693.842650209774,12316.499108572476,8817.236263582206
forecast_8203,2025-12-08 19:00:00,12274.054904400768,13335.189875736252,9377.840499488644
forecast_8204,2025-12-08 20:00:00,12990.597057968323,14195.758011064887,10864.710703769748
forecast_8205,2025-12-08 21:00:00,13601.254978795907,15323.040828784717,11493.91472382171
forecast_8206,2025-12-08 22:00:00,15560.239122568564,16329.341145532971,11740.374116017307
forecast_8207,2025-12-08 23:00:00,15839.161978583608,16550.67870884795,12306.554412209833
forecast_8208,2025-12-09 00:00:00,16513.1522270023,17381.613288227676,12169.166330145239
forecast_8209,2025-12-09 01:00:00,16509.43783866124,17526.993295769797,11967.962504892857
forecast_8210,2025-12-09 02:00:00,17826.681938753816,18250.12226022615,12858.505370960816
forecast_8211,2025-12-09 03:00:00,18504.460380103108,18408.767670654644,12592.973419127657
forecast_8212,2025-12-09 04:00:00,19078.67218650484,18503.289862399626,12917.562833979604
forecast_8213,2025-12-09 05:00:00,19037.083279749764,18440.80045443155,13618.314911718708
forecast_8214,2025-12-09 06:00:00,19349.618400132335,18488.78432278646,14081.886102265345
forecast_8215,2025-12-09 07:00:00,19171.393882283144,18804.805531993756,14900.821477213507
forecast_8216,2025-12-09 08:00:00,18819.98525338407,19007.02719341786,15699.568881211802
forecast_8217,2025-12-09 09:00:00,17449.076307457875,18410.074995615905,14729.353897858233
forecast_8218,2025-12-09 10:00:00,15899.202469932865,16969.338909032704,13872.233692801607
forecast_8219,2025-12-09 11:00:00,15464.40490800907,17062.120976505692,13880.2436661472
forecast_8220,2025-12-09 12:00:00,14498.53512147765,16051.469775638176,12075.936666731735
forecast_8221,2025-12-09 13:00:00,14054.434159594945,14916.85564455451,11639.46077027061
forecast_8222,2025-12-09 14:00:00,12806.796310300611,14268.658066706459,11446.668330386283
forecast_8223,2025-12-09 15:00:00,13088.36490202657,13957.260473284261,11901.59337375752
forecast_8224,2025-12-09 16:00:00,12715.159791250726,13790.630607467752,11449.977660219878
forecast_8225,2025-12-09 17:00:00,12304.8078015346,13726.5075708823,11113.229616803528
forecast_8226,2025-12-09 18:00:00,12869.286928269854,14817.244782452402,11498.18596883769
forecast_8227,2025-12-09 19:00:00,12940.461172444884,14604.424906015382,11195.124546971061
forecast_8228,2025-12-09 20:00:00,12973.880998113842,14432.927887025911,11042.118935926708
forecast_8229,2025-12-09 21:00:00,12671.374481460292,13762.861072307689,10742.821950468291
forecast_8230,2025-12-09 22:00:00,12839.47968718805,14621.039087749174,10601.497245847968
forecast_8231,2025-12-09 23:00:00,13280.835590533936,14215.06227580255,9976.185669982777
forecast_8232,2025-12-10 00:00:00,13385.736699317515,14693.674414784471,9192.838052854711
forecast_8233,2025-12-10 01:00:00,13349.963003954206,15262.588027272403,9298.058826255441
forecast_8234,2025-12-10 02:00:00,13605.915796519526,16275.70413970939,10565.209901676268
forecast_8235,2025-12-10 03:00:00,14930.436050410803,17245.34677041037,11961.202859450925
forecast_8236,2025-12-10 04:00:00,15520.90006705962,17627.65426917142,11922.286153629717
forecast_8237,2025-12-10 05:00:00,16365.52573289597,17314.076515539862,12167.544662739192
forecast_8238,2025-12-10 06:00:00,17032.785485065768,17259.22980114356,12373.55155278042
forecast_8239,2025-12-10 07:00:00,17314.276481902027,16985.289770975338,12590.138534196845
forecast_8240,2025-12-10 08:00:00,16501.16584700669,16611.122976129784,11980.038932149244
forecast_8241,2025-12-10 09:00:00,14999.582137454725,15834.44375409769,11352.780379431768
forecast_8242,2025-12-10 10:00:00,14134.405216737538,15030.751890568667,10974.401014968444
forecast_8243,2025-12-10 11:00:00,12134.365993191235,13421.070003396802,9353.61693853211
forecast_8244,2025-12-10 12:00:00,10586.801037010631,11521.694892789947,7627.269545608109
forecast_8245,2025-12-10 13:00:00,9207.721710827225,10434.226375600276,7271.976220613049
forecast_8246,2025-12-10 14:00:00,8108.204588061302,8312.127036578373,6575.012924469401
forecast_8247,2025-12-10 15:00:00,7335.318618420737,7712.716311481378,6074.467169517286
forecast_8248,2025-12-10 16:00:00,7550.0120153283115,6680.537975467187,5722.912823257764
forecast_8249,2025-12-10 17:00:00,7538.29401099394,6764.827534697299,5805.978452932558
forecast_8250,2025-12-10 18:00:00,7607.678909799366,7011.581240757044,3687.203006410928
forecast_8251,2025-12-10 19:00:00,7605.894278504724,6826.2190806433755,3689.32120349628
forecast_8252,2025-12-10 20:00:00,8294.21489953188,8026.923467559898,6530.701224871785
forecast_8253,2025-12-10 21:00:00,9750.33619875409,10764.721051780727,7549.056857364063
forecast_8254,2025-12-10 22:00:00,12877.199455844198,13233.341328820397,9737.65833822242
forecast_8255,2025-12-10 23:00:00,14385.684996331554,15370.282212607073,12132.101448040778
forecast_8256,2025-12-11 00:00:00,14903.764766054761,16861.212604352775,12803.122580822588
forecast_8257,2025-12-11 01:00:00,16446.75487041576,17970.037953142833,15686.524963678728
forecast_8258,2025-12-11 02:00:00,17440.026911529952,18632.143913925913,15571.082943189793
forecast_8259,2025-12-11 03:00:00,18353.351124511213,19163.549396601302,17250.84492447465
forecast_8260,2025-12-11 04:00:00,19075.615003328578,19812.48049835035,17957.938804235808
forecast_8261,2025-12-11 05:00:00,19546.072825577823,19689.956833450076,17949.299359414188
forecast_8262,2025-12-11 06:00:00,19522.76072684626,19637.64034453443,17627.947522502887
forecast_8263,2025-12-11 07:00:00,19223.144329436083,19364.504444927767,17808.338304344677
forecast_8264,2025-12-11 08:00:00,19114.216163206907,18235.460815262646,15739.231438436349
forecast_8265,2025-12-11 09:00:00,17332.22777004647,16980.57200085897,15290.071945015457
forecast_8266,2025-12-11 10:00:00,17895.40632468591,17091.969022979512,15757.044442599357
forecast_8267,2025-12-11 11:00:00,16300.037326331549,16430.748654968167,13528.933905658028
forecast_8268,2025-12-11 12:00:00,15453.894699890467,15708.984213763875,12460.68087644686
forecast_8269,2025-12-11 13:00:00,13699.375296578275,14062.699073473672,10702.56991388552
forecast_8270,2025-12-11 14:00:00,13625.558343358649,13464.766684968303,10050.65788998586
forecast_8271,2025-12-11 15:00:00,13309.02821719844,13375.67406097622,10210.481563004692
forecast_8272,2025-12-11 16:00:00,13454.571587140217,13376.325465073714,9246.850815104955
forecast_8273,2025-12-11 17:00:00,13171.646915599418,12238.947768743976,9022.001216082488
forecast_8274,2025-12-11 18:00:00,12800.193125998594,11684.6105384476,9433.31691122694
forecast_8275,2025-12-11 19:00:00,11169.234493507107,9997.994112009523,8269.242329480989
forecast_8276,2025-12-11 20:00:00,9570.711184500298,8379.617162044748,7007.61913929015
forecast_8277,2025-12-11 21:00:00,7095.381817293981,4689.624434305194,3622.1581006529723
forecast_8278,2025-12-11 22:00:00,3707.9358230115995,3938.3578496640025,3416.6527005734997
forecast_8279,2025-12-11 23:00:00,3589.4585945532845,3593.2598773068394,3406.352026140002
forecast_8280,2025-12-12 00:00:00,3572.546421421212,3720.751711059605,3485.193403465582
forecast_8281,2025-12-12 01:00:00,3517.370150258179,3583.0696959832876,3473.9452101629045
forecast_8282,2025-12-12 02:00:00,3542.4023591815017,3685.251161983128,3591.216714779788
forecast_8283,2025-12-12 03:00:00,3511.4365584803245,3545.317591262793,3435.567683785728
forecast_8284,2025-12-12 04:00:00,3519.538505123981,3538.277205604104,3442.3663394370774
forecast_8285,2025-12-12 05:00:00,3638.2792046063773,3625.4130847123706,3465.0094845028416
forecast_8286,2025-12-12 06:00:00,3543.989896596866,3605.6941639223032,3477.343780620554
forecast_8287,2025-12-12 07:00:00,3503.83109523,3523.823349356599,3412.5919050138323
forecast_8288,2025-12-12 08:00:00,3520.175932749077,3589.9468702507947,3380.61652272062
forecast_8289,2025-12-12 09:00:00,3523.2709751949596,3535.9222533540956,3371.9549639192787
forecast_8290,2025-12-12 10:00:00,3482.0290188290073,3504.759498227859,3369.74927451212
forecast_8291,2025-12-12 11:00:00,3474.331597680891,3465.607626362062,3365.2619804588217
forecast_8292,2025-12-12 12:00:00,3462.349974413664,3462.6464478534326,3363.989293461493
forecast_8293,2025-12-12 13:00:00,3458.820756178983,3458.049578418616,3363.1073205149087
forecast_8294,2025-12-12 14:00:00,3457.463673995776,3456.9310681145803,3362.3308413656964
forecast_8295,2025-12-12 15:00:00,3458.021459497864,3457.3638653513694,3361.194307007834
forecast_8296,2025-12-12 16:00:00,3457.939261460446,3458.0393440871476,3361.517984512664
forecast_8297,2025-12-12 17:00:00,3459.488735749281,3461.980947255011,3360.772004005977
forecast_8298,2025-12-12 18:00:00,3479.89153984812,3507.60914479872,3363.7838962362866
forecast_8299,2025-12-12 19:00:00,3483.4283309885345,3486.525841132716,3365.6824410027743
forecast_8300,2025-12-12 20:00:00,3517.2878817261644,3524.5250055605534,3368.6383802591786
forecast_8301,2025-12-12 21:00:00,3533.0164050894005,3591.4858507169592,3369.6098522814177
forecast_8302,2025-12-12 22:00:00,3626.3923936042615,3533.387208258664,3373.518053768912
forecast_8303,2025-12-12 23:00:00,3730.6763760798262,3609.598990199254,3366.8562717356685
forecast_8304,2025-12-13 00:00:00,4420.13017439226,3565.1414917727116,3373.0106796755213
forecast_8305,2025-12-13 01:00:00,3750.958209720891,3773.8585648295852,3381.3263086331062
forecast_8306,2025-12-13 02:00:00,3764.4264381564053,3736.488340478436,3379.5275622948293
forecast_8307,2025-12-13 03:00:00,3645.8806603566313,3596.936648902426,3398.5685562141703
forecast_8308,2025-12-13 04:00:00,3871.249414391149,3812.4343329765557,3532.1838727304544
forecast_8309,2025-12-13 05:00:00,6063.250472503226,4576.386124784025,3416.251521163936
forecast_8310,2025-12-13 06:00:00,6296.560254880405,4882.905060358259,3479.521315842159
forecast_8311,2025-12-13 07:00:00,6367.301025266851,5324.261469722336,3728.780456358449
forecast_8312,2025-12-13 08:00:00,7326.68841569449,6238.386292340103,3627.138302306855
forecast_8313,2025-12-13 09:00:00,6402.032818563784,5693.187507277191,3656.733119414829
forecast_8314,2025-12-13 10:00:00,3704.0326824038425,3851.5151681328693,3399.5358299254217
forecast_8315,2025-12-13 11:00:00,3745.0210219598653,3756.183903070097,3368.3620493243266
forecast_8316,2025-12-13 12:00:00,3601.033781017022,3701.2004599927786,3389.4728900551354
forecast_8317,2025-12-13 13:00:00,3507.7603803345255,3558.146334577461,3370.2061816935147
forecast_8318,2025-12-13 14:00:00,3518.6162806533766,3565.3011365009816,3387.664579819128
forecast_8319,2025-12-13 15:00:00,3494.2370429745615,3508.2046425638155,3376.2491110335372
forecast_8320,2025-12-13 16:00:00,3704.6947883198463,3592.071317142148,3425.4891554467144
forecast_8321,2025-12-13 17:00:00,4187.827837726033,3643.2591259341652,3400.8372757594193
forecast_8322,2025-12-13 18:00:00,4849.573243259842,3704.4922684966364,3402.359538523029
forecast_8323,2025-12-13 19:00:00,4850.908213441649,3660.6536237061855,3481.3893524207742
forecast_8324,2025-12-13 20:00:00,3831.902699255566,3770.802813865153,3543.7743389826805
forecast_8325,2025-12-13 21:00:00,5860.668359023393,4138.525609810163,5134.143304551148
forecast_8326,2025-12-13 22:00:00,7333.980141461461,5650.276183516213,6571.902501440338
forecast_8327,2025-12-13 23:00:00,4269.0532335840135,6392.939949830222,7684.598700976373
forecast_8328,2025-12-14 00:00:00,9259.811949409006,8635.212443250683,9915.395197436423
forecast_8329,2025-12-14 01:00:00,13690.697943565985,12717.956796461414,12503.522946786561
forecast_8330,2025-12-14 02:00:00,14352.695161087802,14433.795540464367,13265.797041034886
forecast_8331,2025-12-14 03:00:00,14672.198583337009,15250.442844822204,13261.59193348084
forecast_8332,2025-12-14 04:00:00,15063.679271692487,15400.504474575351,13438.41743988914
forecast_8333,2025-12-14 05:00:00,15704.018690417446,16179.402780267896,14643.516299805515
forecast_8334,2025-12-14 06:00:00,15723.194784185696,16124.122978174511,13901.861658291513
forecast_8335,2025-12-14 07:00:00,15672.722538904693,16433.335977792238,14918.201013439875
forecast_8336,2025-12-14 08:00:00,15517.361582432937,16355.06800005551,13558.375060569942
forecast_8337,2025-12-14 09:00:00,15189.290962649578,16199.358412397576,12682.878080891182
forecast_8338,2025-12-14 10:00:00,14856.99770821268,15700.751665482156,12452.601050380523
forecast_8339,2025-12-14 11:00:00,14501.43453966225,14604.372021069199,12243.412629339711
forecast_8340,2025-12-14 12:00:00,14515.452396167762,14706.299524446558,12494.18991168452
forecast_8341,2025-12-14 13:00:00,14162.682833662642,14452.965457834398,12219.325353978833
forecast_8342,2025-12-14 14:00:00,13661.510056263727,14284.824777820404,10924.28853079612
forecast_8343,2025-12-14 15:00:00,13780.88747529754,14104.013066866746,11461.50712200254
forecast_8344,2025-12-14 16:00:00,14027.949712666068,15101.064324854611,11759.590607363087
forecast_8345,2025-12-14 17:00:00,14178.166994582676,15433.374365889402,12867.544104165
forecast_8346,2025-12-14 18:00:00,15006.720048565161,16318.034204328786,14186.302413360236
forecast_8347,2025-12-14 19:00:00,15473.894660373795,16632.684021484947,14584.052577364355
forecast_8348,2025-12-14 20:00:00,16169.400478266121,17013.223467018568,14894.567679954556
forecast_8349,2025-12-14 21:00:00,16050.174331072782,17243.548744240175,15055.584117983255
forecast_8350,2025-12-14 22:00:00,16392.16004164178,17419.370099302483,14947.906798125112
forecast_8351,2025-12-14 23:00:00,16448.170996931978,17638.104848556777,14892.795551098516
forecast_8352,2025-12-15 00:00:00,17091.426429011986,17949.29670605404,15466.094937259846
forecast_8353,2025-12-15 01:00:00,17527.27367219677,18531.086946698626,16574.452893956008
forecast_8354,2025-12-15 02:00:00,18076.700551119106,18824.145735086535,16062.921918929569
forecast_8355,2025-12-15 03:00:00,17900.38147760188,18992.559941396074,16264.24069364938
forecast_8356,2025-12-15 04:00:00,18108.21762189699,19188.10892075805,16893.309723280243
forecast_8357,2025-12-15 05:00:00,18714.110259345613,19202.760993486278,16563.288574389702
forecast_8358,2025-12-15 06:00:00,19216.555610257514,19024.625491785264,16460.15754767375
forecast_8359,2025-12-15 07:00:00,19060.773028286778,19027.95592764539,16326.060328537917
forecast_8360,2025-12-15 08:00:00,18531.3758699899,18819.170794625596,14955.716365621847
forecast_8361,2025-12-15 09:00:00,18484.856981474895,18049.087909828555,14321.104101831294
forecast_8362,2025-12-15 10:00:00,17363.14217884123,16601.44923559902,14174.855574854219
forecast_8363,2025-12-15 11:00:00,16759.205513683053,15564.82384014448,13153.81680568703
forecast_8364,2025-12-15 12:00:00,15403.847960161174,15961.64101123398,12005.172292564199
forecast_8365,2025-12-15 13:00:00,15252.204172604337,15281.446205199574,11227.490337631134
forecast_8366,2025-12-15 14:00:00,15981.960597316998,15917.555504257483,11880.259810587111
forecast_8367,2025-12-15 15:00:00,16813.31382979829,16832.39161813197,12663.988901628121
forecast_8368,2025-12-15 16:00:00,17830.8181180747,17960.873767035006,13194.663272964992
forecast_8369,2025-12-15 17:00:00,18397.35101283224,18832.368307879515,14542.720527044534
forecast_8370,2025-12-15 18:00:00,18871.948833730807,19465.91875189581,16061.279290018669
forecast_8371,2025-12-15 19:00:00,19088.067269401396,19596.038327411465,16908.920239802734
forecast_8372,2025-12-15 20:00:00,19948.36306219161,19492.348045109036,16526.521027312774
forecast_8373,2025-12-15 21:00:00,18723.732960334535,19414.81089015061,16422.66231682498
forecast_8374,2025-12-15 22:00:00,19317.685722010847,18914.352272486773,15253.370877128351
forecast_8375,2025-12-15 23:00:00,18403.515434849556,18070.71484375561,13769.356351974238
forecast_8376,2025-12-16 00:00:00,17161.2701457357,17165.24544459945,13275.584271568337
forecast_8377,2025-12-16 01:00:00,16575.539771717467,16641.293447749,12917.721006173126
forecast_8378,2025-12-16 02:00:00,15588.997122745217,16066.09104849161,13278.772212580288
forecast_8379,2025-12-16 03:00:00,14928.25589092516,15658.004431997068,11522.832531965165
forecast_8380,2025-12-16 04:00:00,13243.614431969436,13996.432851879654,10521.972044676071
forecast_8381,2025-12-16 05:00:00,12745.418658291845,13362.171656924877,10596.035745954521
forecast_8382,2025-12-16 06:00:00,13136.335767816647,13751.6432574616,9971.826613193198
forecast_8383,2025-12-16 07:00:00,12617.696117353174,13359.921411397967,9690.857545635055
forecast_8384,2025-12-16 08:00:00,12839.936360569773,13003.015917120829,9771.38986820622
forecast_8385,2025-12-16 09:00:00,12714.105539484039,13020.27331229969,9364.089378219429
forecast_8386,2025-12-16 10:00:00,12651.400045507226,12889.113958552141,9723.939126588586
forecast_8387,2025-12-16 11:00:00,13735.43917557544,13474.78117383693,10006.956395131749
forecast_8388,2025-12-16 12:00:00,13485.86066479752,12951.446032849215,10587.930566778336
forecast_8389,2025-12-16 13:00:00,13536.46289163019,13219.115902424255,9985.801058475276
forecast_8390,2025-12-16 14:00:00,13558.541558827299,13867.323139889371,9674.086993447863
forecast_8391,2025-12-16 15:00:00,12543.597924446414,12461.2441683864,8165.465143569218
forecast_8392,2025-12-16 16:00:00,12437.39005749846,12360.3324506491,8130.717754664103
forecast_8393,2025-12-16 17:00:00,12064.381676977544,11702.867263920396,7803.139720712444
forecast_8394,2025-12-16 18:00:00,10882.215476831767,10734.394197334594,7656.744279335067
forecast_8395,2025-12-16 19:00:00,10264.545517068189,9696.098079733465,7734.6661296744
forecast_8396,2025-12-16 20:00:00,9879.206578482426,9256.52577365053,7133.533274863839
forecast_8397,2025-12-16 21:00:00,10005.509311024452,9094.518486382503,7622.549342390926
forecast_8398,2025-12-16 22:00:00,9047.23251552829,8505.138273823552,6646.739567638403
forecast_8399,2025-12-16 23:00:00,7598.614059607384,8064.276847119925,5985.8312995814695
forecast_8400,2025-12-17 00:00:00,8279.18380692175,8483.619806373667,6527.130732809723
forecast_8401,2025-12-17 01:00:00,9627.834444888567,9691.960037197881,7792.002563019252
forecast_8402,2025-12-17 02:00:00,9916.516495589314,10117.66055445049,7633.394268984554
forecast_8403,2025-12-17 03:00:00,10084.961510277844,10803.416727978924,7932.653271230077
forecast_8404,2025-12-17 04:00:00,8869.987289551193,9940.622407761452,6053.755574264401
forecast_8405,2025-12-17 05:00:00,8521.492548613964,9140.21760287838,5590.127018047343
forecast_8406,2025-12-17 06:00:00,8743.393426193164,10033.676198619718,6319.738961452055
forecast_8407,2025-12-17 07:00:00,8738.956163962783,9760.328615736636,7106.534472068687
forecast_8408,2025-12-17 08:00:00,7698.314077156365,7417.78185492843,5130.856950022431
forecast_8409,2025-12-17 09:00:00,4307.876216256894,6378.722203434565,5130.5879795138935
forecast_8410,2025-12-17 10:00:00,7311.7498550508835,5811.2727738669355,4569.619398314553
forecast_8411,2025-12-17 11:00:00,5796.797409831372,4336.263413685884,4241.529427056508
forecast_8412,2025-12-17 12:00:00,3868.244912717591,3867.81379914529,3739.762850493875
forecast_8413,2025-12-17 13:00:00,3822.0173482192063,3632.028432795136,4017.9582373827243
forecast_8414,2025-12-17 14:00:00,3790.120750166411,3403.3110670283263,3690.01275294911
forecast_8415,2025-12-17 15:00:00,3785.7954420140245,3843.396806985113,3746.74828630609
forecast_8416,2025-12-17 16:00:00,3692.47132098544,3696.077751286627,3549.798698832712
forecast_8417,2025-12-17 17:00:00,3788.0906775731773,3724.588043087997,3530.6390377978055
forecast_8418,2025-12-17 18:00:00,6574.111559654773,4476.155190702574,4806.030323313044
forecast_8419,2025-12-17 19:00:00,7197.046194658296,5042.264160055459,4821.409603661382
forecast_8420,2025-12-17 20:00:00,8311.96248808298,6008.485089272628,5361.4217899128325
forecast_8421,2025-12-17 21:00:00,9639.302024879122,8025.255716188672,5890.670729092586
forecast_8422,2025-12-17 22:00:00,10142.775394896562,9000.81190869091,6387.1449803141195
forecast_8423,2025-12-17 23:00:00,10418.15375444448,9299.450718674727,7550.006560425799
forecast_8424,2025-12-18 00:00:00,10974.344446176468,10210.679245034686,7913.960821306082
forecast_8425,2025-12-18 01:00:00,12709.154269761355,13416.858421663617,9863.286016988952
forecast_8426,2025-12-18 02:00:00,13414.471795401796,14979.6816472796,10156.331710695944
forecast_8427,2025-12-18 03:00:00,14300.229356899426,15346.613975960283,9664.763037444138
forecast_8428,2025-12-18 04:00:00,14461.624251100324,15307.800043857771,8970.636184509152
forecast_8429,2025-12-18 05:00:00,14548.765399594145,14616.025433325447,8468.557108857774
forecast_8430,2025-12-18 06:00:00,14083.536119874861,14071.542281591415,8255.458876658624
forecast_8431,2025-12-18 07:00:00,13282.054073138339,12337.653479101862,8384.794508155268
forecast_8432,2025-12-18 08:00:00,11002.000947741813,9668.43031967962,7133.6225310282425
forecast_8433,2025-12-18 09:00:00,8554.073015450731,7272.604617108647,6197.381857444811
forecast_8434,2025-12-18 10:00:00,6785.262868382444,5791.502317146239,3736.0653253439586
forecast_8435,2025-12-18 11:00:00,6306.106697749597,4522.204015536502,3660.373681606715
forecast_8436,2025-12-18 12:00:00,5966.670492860469,4410.17488757394,4118.94850481148
forecast_8437,2025-12-18 13:00:00,5454.04555143355,4249.188776621882,3769.233068248038
forecast_8438,2025-12-18 14:00:00,5092.742528545802,3900.432935589542,3670.672539538837
forecast_8439,2025-12-18 15:00:00,5230.093488645591,3523.2112655399524,3699.2903917346616
forecast_8440,2025-12-18 16:00:00,5475.345767619017,4294.55643963717,3489.616066670246
forecast_8441,2025-12-18 17:00:00,6350.682472238376,4679.27062160225,4383.7797135328365
forecast_8442,2025-12-18 18:00:00,6422.061831907864,5057.348406597119,3757.0867855030488
forecast_8443,2025-12-18 19:00:00,4055.8149695386232,4930.6050704230165,3682.522498015635
forecast_8444,2025-12-18 20:00:00,6921.140788643399,6001.921537983408,5201.030424502044
forecast_8445,2025-12-18 21:00:00,9113.735581468065,8027.14439452016,5351.982311039058
forecast_8446,2025-12-18 22:00:00,11377.799581542935,10422.549697796601,6596.812040596221
forecast_8447,2025-12-18 23:00:00,13559.151125683456,12956.312026018502,7767.312099073003
forecast_8448,2025-12-19 00:00:00,14394.376565033126,14897.106897869482,8758.507193766052
forecast_8449,2025-12-19 01:00:00,16715.84954814198,17678.30010938687,10499.819571406564
forecast_8450,2025-12-19 02:00:00,17288.900117415138,18012.897056639238,12081.083572527697
forecast_8451,2025-12-19 03:00:00,17537.236065861678,18073.490648955336,12601.315190337518
forecast_8452,2025-12-19 04:00:00,17662.610220387287,18130.782847464994,12947.621627289896
forecast_8453,2025-12-19 05:00:00,17326.021801965755,17887.602987932256,12644.141389247878
forecast_8454,2025-12-19 06:00:00,19294.31876717595,18630.190127609138,14269.26406295642
forecast_8455,2025-12-19 07:00:00,19457.10372747452,18973.5830099666,15987.202595337807
forecast_8456,2025-12-19 08:00:00,19506.494220813074,18695.180395078234,15476.74869502607
forecast_8457,2025-12-19 09:00:00,19568.922028184425,18391.019678984827,15511.255185211661
forecast_8458,2025-12-19 10:00:00,18720.3809621913,17964.8948621045,15395.495150561159
forecast_8459,2025-12-19 11:00:00,17969.30819110498,18070.796021191505,15413.874677784406
forecast_8460,2025-12-19 12:00:00,17581.889433809713,17748.893620852177,15353.378825828262
forecast_8461,2025-12-19 13:00:00,17027.55168841045,17340.55489346841,15954.85868387471
forecast_8462,2025-12-19 14:00:00,16682.560337876504,17766.68661547947,16188.567585284054
forecast_8463,2025-12-19 15:00:00,17233.826864688337,17962.988734284343,16276.456394925795
forecast_8464,2025-12-19 16:00:00,17499.9567039369,18409.085640310845,16796.968174777514
forecast_8465,2025-12-19 17:00:00,17176.96373060678,18393.5225072838,16758.611611469456
forecast_8466,2025-12-19 18:00:00,17052.20272755557,18487.075773094544,18066.719373721688
forecast_8467,2025-12-19 19:00:00,17101.11113174611,18431.026531455733,17770.238040372726
forecast_8468,2025-12-19 20:00:00,17522.873244523373,18314.250877250477,16334.65549624965
forecast_8469,2025-12-19 21:00:00,17756.647359810602,17956.51380613283,16700.513237191437
forecast_8470,2025-12-19 22:00:00,17350.516361041537,17840.03129778139,16518.939304733733
forecast_8471,2025-12-19 23:00:00,17026.74891419678,17268.501925441724,15726.412904375318
forecast_8472,2025-12-20 00:00:00,16963.434154636252,17185.928973615442,14197.706684571156
forecast_8473,2025-12-20 01:00:00,16285.490311464626,17119.474895124426,12901.821371714439
forecast_8474,2025-12-20 02:00:00,15840.173288680147,16402.48465056494,11564.786073632671
forecast_8475,2025-12-20 03:00:00,15784.637634034732,16207.40025926405,11053.92593044704
forecast_8476,2025-12-20 04:00:00,14519.183023555066,15641.057289563827,10828.489458846998
forecast_8477,2025-12-20 05:00:00,14982.894624247658,15139.798800102451,10942.45454286847
forecast_8478,2025-12-20 06:00:00,14883.430943621748,15036.560197716577,11144.11415153233
forecast_8479,2025-12-20 07:00:00,14537.943707748498,15181.267414214313,11149.998859001369
forecast_8480,2025-12-20 08:00:00,15120.949736008139,15418.862038173498,12034.985246011183
forecast_8481,2025-12-20 09:00:00,15238.223933860427,15559.896665312397,12964.400739838014
forecast_8482,2025-12-20 10:00:00,15186.590268049986,15216.834193155002,13337.178026759548
forecast_8483,2025-12-20 11:00:00,15298.941870736662,15036.16462782079,13326.18958306048
forecast_8484,2025-12-20 12:00:00,15037.250755341644,15207.535496696823,14080.978244136444
forecast_8485,2025-12-20 13:00:00,14709.08688712605,14976.619169101048,14193.88854879055
forecast_8486,2025-12-20 14:00:00,14295.818112288847,15002.529060373538,13919.417622253693
forecast_8487,2025-12-20 15:00:00,13585.615857391687,14329.082100645757,13057.033411143277
forecast_8488,2025-12-20 16:00:00,14262.195717184395,14225.407493115808,12171.254597416279
forecast_8489,2025-12-20 17:00:00,14118.32317913973,14420.363472555407,12217.778077917488
forecast_8490,2025-12-20 18:00:00,14067.484955016225,14566.30198198992,12206.372963839929
forecast_8491,2025-12-20 19:00:00,14397.113447910577,15073.608002298264,12999.01933147662
forecast_8492,2025-12-20 20:00:00,14071.689082225377,14791.33969307263,12479.548068999133
forecast_8493,2025-12-20 21:00:00,13880.75134584495,14476.445999509688,12687.195267428619
forecast_8494,2025-12-20 22:00:00,13793.62865265452,15386.300071549049,13439.339842571735
forecast_8495,2025-12-20 23:00:00,15214.973314322413,16447.722557808473,14218.7778136245
forecast_8496,2025-12-21 00:00:00,17548.12583999035,17817.651037420615,12262.670091423717
forecast_8497,2025-12-21 01:00:00,18980.481702680736,18963.14443187299,17093.531252946523
forecast_8498,2025-12-21 02:00:00,19086.179173096363,19050.456976295915,16007.043884200071
forecast_8499,2025-12-21 03:00:00,19076.37557132096,18993.20513474495,16524.34387269193
forecast_8500,2025-12-21 04:00:00,18911.15668673805,19357.94705566881,14728.999286511886
forecast_8501,2025-12-21 05:00:00,19003.373249433153,19222.951658301976,13700.358587816054
forecast_8502,2025-12-21 06:00:00,18668.05630962614,19153.103731887102,13720.035748827675
forecast_8503,2025-12-21 07:00:00,18454.992436758857,19190.13658613704,13703.00496546117
forecast_8504,2025-12-21 08:00:00,17130.24704905628,18816.69815133002,12674.949898279052
forecast_8505,2025-12-21 09:00:00,15793.802904406082,17394.87664212047,12041.296481684767
forecast_8506,2025-12-21 10:00:00,14267.549478387677,15458.36349744467,10849.630480623535
forecast_8507,2025-12-21 11:00:00,13606.985041987344,14111.790564291112,9528.360985005602
forecast_8508,2025-12-21 12:00:00,12140.760633769947,11891.627847260039,8183.185076320054
forecast_8509,2025-12-21 13:00:00,9581.996936047468,8285.953659469329,7163.5597091305635
forecast_8510,2025-12-21 14:00:00,7426.272660080116,5716.328696894526,4693.4580766755225
forecast_8511,2025-12-21 15:00:00,6477.815444222759,4263.749145863383,3725.9625629621805
forecast_8512,2025-12-21 16:00:00,3672.2428052594382,3852.7941665182834,3580.912708743606
forecast_8513,2025-12-21 17:00:00,3663.731236370523,3836.8444905009455,3523.310009708797
forecast_8514,2025-12-21 18:00:00,3629.275700860538,3010.154088574724,3471.854585514924
forecast_8515,2025-12-21 19:00:00,3729.1519679070434,3771.3825529210885,3459.18760075119
forecast_8516,2025-12-21 20:00:00,3770.189767074649,3754.4348203548716,3504.3730280034747
forecast_8517,2025-12-21 21:00:00,3797.9481582824374,3762.043432141892,3391.1742833669455
forecast_8518,2025-12-21 22:00:00,3642.9136801728646,3662.6382475972946,3370.6677010188027
forecast_8519,2025-12-21 23:00:00,3575.489919638883,3616.8436143811387,3370.7246272015527
forecast_8520,2025-12-22 00:00:00,3557.267065164297,3503.359849025811,3366.8976299048127
forecast_8521,2025-12-22 01:00:00,3482.6864255631044,3476.6979698662626,3369.787871280164
forecast_8522,2025-12-22 02:00:00,3477.353991882514,3471.815576619243,3369.0310449529857
forecast_8523,2025-12-22 03:00:00,3472.0528079465744,3468.8909805923363,3363.1981132301507
forecast_8524,2025-12-22 04:00:00,3476.9292037633227,3469.4114957850143,3360.5471521310997
forecast_8525,2025-12-22 05:00:00,3476.159374098654,3470.8566968375753,3360.38233810134
forecast_8526,2025-12-22 06:00:00,3469.765856372858,3468.4381575859297,3360.2185411821692
forecast_8527,2025-12-22 07:00:00,3471.1664663328143,3473.2117900567814,3360.436105956647
forecast_8528,2025-12-22 08:00:00,3468.656564130569,3478.0240638702503,3360.2606507801543
forecast_8529,2025-12-22 09:00:00,3475.3699031217557,3478.859655095331,3360.250090223445
forecast_8530,2025-12-22 10:00:00,3466.3066031277926,3468.7329491104942,3360.301266581935
forecast_8531,2025-12-22 11:00:00,3461.2878579317567,3466.014109522944,3361.321638594808
forecast_8532,2025-12-22 12:00:00,3458.7485748261647,3463.477534088998,3361.4147852571573
forecast_8533,2025-12-22 13:00:00,3458.4002586884153,3457.400107311741,3360.131226386147
forecast_8534,2025-12-22 14:00:00,3456.974795317087,3456.770960041611,3360.227644888951
forecast_8535,2025-12-22 15:00:00,3457.613079495013,3458.9811077890063,3360.1895878985792
forecast_8536,2025-12-22 16:00:00,3463.2505505965755,3478.447819556317,3360.9144300960484
forecast_8537,2025-12-22 17:00:00,3475.0935127495363,3502.308233063197,3362.9925207928636
forecast_8538,2025-12-22 18:00:00,3482.052480439925,3504.0910386981786,3363.0523798169447
forecast_8539,2025-12-22 19:00:00,3508.85982027226,3508.3743117073996,3367.2034006189233
forecast_8540,2025-12-22 20:00:00,3488.6494879676056,3511.8296350580795,3382.333378656574
forecast_8541,2025-12-22 21:00:00,3485.1349078698813,3505.978631671146,3371.029996000989
forecast_8542,2025-12-22 22:00:00,3636.9839397343835,3720.447927455462,3381.929566798751
forecast_8543,2025-12-22 23:00:00,3630.6024887836948,3610.0592627597425,3389.1353185524126
forecast_8544,2025-12-23 00:00:00,3623.295995704725,3605.876092925287,3415.8463592332437
forecast_8545,2025-12-23 01:00:00,3892.4265164591084,4248.246854469858,3435.4059089348093
forecast_8546,2025-12-23 02:00:00,5554.844597210873,5361.478818058946,3596.3044881592577
forecast_8547,2025-12-23 03:00:00,6228.368380961527,5561.995670332636,3655.365256995989
forecast_8548,2025-12-23 04:00:00,6281.457754849577,6246.1455198436115,3628.1456818662036
forecast_8549,2025-12-23 05:00:00,7607.613853733546,7476.620412270974,3749.9419430119365
forecast_8550,2025-12-23 06:00:00,7846.885794768606,7582.629763065922,3664.623148572373
forecast_8551,2025-12-23 07:00:00,6650.736575827995,7559.013915598564,3724.5924501159366
forecast_8552,2025-12-23 08:00:00,5721.770028084743,6959.854765725839,3563.676481900816
forecast_8553,2025-12-23 09:00:00,5804.750269924757,7187.256422930182,3446.5402755035925
forecast_8554,2025-12-23 10:00:00,4619.928006242631,7754.455153307199,3486.1026617188845
forecast_8555,2025-12-23 11:00:00,5016.876400181638,9638.933976515116,3762.5225957969806
forecast_8556,2025-12-23 12:00:00,7321.153582807134,9351.120917515438,3750.55801667864
forecast_8557,2025-12-23 13:00:00,4482.182867284533,7355.019923468265,3766.3321324126014
forecast_8558,2025-12-23 14:00:00,4196.853755054941,6454.718492124466,3635.246088621365
forecast_8559,2025-12-23 15:00:00,4414.080615224054,6749.73665035194,4357.645355249637
forecast_8560,2025-12-23 16:00:00,6408.939448429545,5988.045303222795,4108.13826227651
forecast_8561,2025-12-23 17:00:00,6631.79450597744,6207.7730657648835,4203.618636273558
forecast_8562,2025-12-23 18:00:00,7786.681805103825,9003.831470080482,5209.710514323653
forecast_8563,2025-12-23 19:00:00,9749.376067050549,9905.573278586126,6996.538493544452
forecast_8564,2025-12-23 20:00:00,9755.735392920786,10613.806161640836,7366.742863966339
forecast_8565,2025-12-23 21:00:00,9394.732148306623,10363.427074261102,6724.875895334644
forecast_8566,2025-12-23 22:00:00,9579.841164522719,10667.238233959026,7042.503526145102
forecast_8567,2025-12-23 23:00:00,9449.166945033498,10574.051143772096,7033.452515940488
forecast_8568,2025-12-24 00:00:00,9101.119431569537,10253.588838184156,6962.037903349494
forecast_8569,2025-12-24 01:00:00,7554.109202531481,7261.927328053455,5083.11165329347
forecast_8570,2025-12-24 02:00:00,7314.724311296702,6855.325600785792,5271.396944788028
forecast_8571,2025-12-24 03:00:00,5891.700470274651,4372.157257254661,3585.403839718936
forecast_8572,2025-12-24 04:00:00,5696.080556426377,3724.3538484821893,3547.620565681844
forecast_8573,2025-12-24 05:00:00,5183.644405292217,3648.1130229855817,3385.178327542424
forecast_8574,2025-12-24 06:00:00,3805.2366259861,3750.579758794043,3400.26850984808
forecast_8575,2025-12-24 07:00:00,3618.5143853559994,3620.239117620648,3383.43778958317
forecast_8576,2025-12-24 08:00:00,3552.122811418609,3623.2167724013034,3383.1108123841886
forecast_8577,2025-12-24 09:00:00,3485.751246624162,3528.0839192727535,3369.6196332652557
forecast_8578,2025-12-24 10:00:00,3468.454347851533,3473.923466676577,3363.653733326236
forecast_8579,2025-12-24 11:00:00,3465.273554821927,3472.814748675956,3361.39165543072
forecast_8580,2025-12-24 12:00:00,3475.2978411874055,3468.537914573968,3363.2140976944124
forecast_8581,2025-12-24 13:00:00,3466.037372996159,3474.4558328499224,3363.6824929653117
forecast_8582,2025-12-24 14:00:00,3467.006913211284,3475.8139739816825,3365.823012893494
forecast_8583,2025-12-24 15:00:00,3463.502317216365,3469.933648196277,3363.8024464260448
forecast_8584,2025-12-24 16:00:00,3473.083050690227,3467.0599672637322,3362.304278160619
forecast_8585,2025-12-24 17:00:00,3465.740828887545,3466.5382954430497,3360.8865862111065
forecast_8586,2025-12-24 18:00:00,3462.4171127472555,3459.522520396957,3360.6502760225526
forecast_8587,2025-12-24 19:00:00,3463.3280992009236,3469.212475716851,3362.1541739038485
forecast_8588,2025-12-24 20:00:00,3468.621500968715,3471.9061842785663,3362.640415660389
forecast_8589,2025-12-24 21:00:00,3480.562454464013,3535.3406359615615,3368.9372151298617
forecast_8590,2025-12-24 22:00:00,3472.110774580729,3515.456414738061,3367.321973295118
forecast_8591,2025-12-24 23:00:00,3481.0972606726327,3487.137827192786,3370.075806336005
forecast_8592,2025-12-25 00:00:00,3486.8453527779734,3498.5057582501577,3369.1813199568473
forecast_8593,2025-12-25 01:00:00,3492.0380134849015,3529.3335370736177,3367.538264553331
forecast_8594,2025-12-25 02:00:00,3525.521636446269,3608.424405016346,3462.3705830457434
forecast_8595,2025-12-25 03:00:00,3634.55238751941,3759.6396219206413,3474.658542562662
forecast_8596,2025-12-25 04:00:00,4373.646571656847,6507.897097989083,6166.530493695966
forecast_8597,2025-12-25 05:00:00,8711.913880317623,8092.475573990447,7584.922815903774
forecast_8598,2025-12-25 06:00:00,8848.88075801948,9165.541894257873,8597.274309158562
forecast_8599,2025-12-25 07:00:00,11691.522112196239,11600.162618393717,10360.759023139428
forecast_8600,2025-12-25 08:00:00,12547.762802404572,13416.354865036566,11112.134864515949
forecast_8601,2025-12-25 09:00:00,13552.391442571387,14342.076313630962,10745.935670499553
forecast_8602,2025-12-25 10:00:00,13713.205572766354,13866.546452024475,10682.915516747127
forecast_8603,2025-12-25 11:00:00,13727.139197330025,13466.284740354156,10042.08524796482
forecast_8604,2025-12-25 12:00:00,14453.926601793872,14449.6630749105,10140.247781726515
forecast_8605,2025-12-25 13:00:00,14692.459677366965,15117.978472946506,10369.836022557454
forecast_8606,2025-12-25 14:00:00,14936.43429461953,15492.86345315293,10600.890672334672
forecast_8607,2025-12-25 15:00:00,15364.602399688114,16007.528464676314,11093.89874912688
forecast_8608,2025-12-25 16:00:00,15449.940302845107,17045.900585837757,11861.039507605352
forecast_8609,2025-12-25 17:00:00,15525.882032166564,17814.273564960677,11859.672961690987
forecast_8610,2025-12-25 18:00:00,15832.868704551622,18055.659220932408,12790.470805232157
forecast_8611,2025-12-25 19:00:00,16029.770761938113,18365.435266958342,13924.226261610527
forecast_8612,2025-12-25 20:00:00,16010.032751165516,18252.059198532606,14926.281582462387
forecast_8613,2025-12-25 21:00:00,16609.926114299305,18437.144685977528,15035.010613088236
forecast_8614,2025-12-25 22:00:00,16623.091472094326,18582.96124503922,15075.320044009048
forecast_8615,2025-12-25 23:00:00,16814.330714667627,18733.260570148563,14875.338134137695
forecast_8616,2025-12-26 00:00:00,17060.65708739216,18789.019215065044,15115.887358855724
forecast_8617,2025-12-26 01:00:00,17017.510764718558,18944.104422241606,14601.26118639475
forecast_8618,2025-12-26 02:00:00,16881.26921197207,18636.11986759481,13169.214722609171
forecast_8619,2025-12-26 03:00:00,16766.844659722992,18293.08151747076,13222.738114955078
forecast_8620,2025-12-26 04:00:00,16867.13965899602,18511.276339142092,12515.377044405026
forecast_8621,2025-12-26 05:00:00,17102.055783508855,18981.959714935674,11384.397574910481
forecast_8622,2025-12-26 06:00:00,17288.04446000445,18859.408660277084,10750.671116676675
forecast_8623,2025-12-26 07:00:00,17598.83245236907,18732.669061145563,11232.83660773294
forecast_8624,2025-12-26 08:00:00,17344.884280802176,17502.72284393014,11413.064964054309
forecast_8625,2025-12-26 09:00:00,17035.09892567782,16527.64451185395,11100.358463779708
forecast_8626,2025-12-26 10:00:00,14329.699098904746,14321.044542473657,10196.000715558639
forecast_8627,2025-12-26 11:00:00,13101.342948478436,13154.563341336376,9764.599090878686
forecast_8628,2025-12-26 12:00:00,12114.850858788945,11293.44104211708,7985.893739034598
forecast_8629,2025-12-26 13:00:00,12383.169247773883,11099.415699547933,7637.470119037477
forecast_8630,2025-12-26 14:00:00,12289.382897796437,10777.35956474541,7960.103578980392
forecast_8631,2025-12-26 15:00:00,12843.365558828615,10628.094717818109,8779.906900920982
forecast_8632,2025-12-26 16:00:00,13317.106646676084,11216.452150171146,9596.042163505372
forecast_8633,2025-12-26 17:00:00,13783.58799007602,11842.437170428231,10518.006586650059
forecast_8634,2025-12-26 18:00:00,14625.780421796202,13322.354729123455,11390.98072381732
forecast_8635,2025-12-26 19:00:00,15175.265479315067,15509.260199282307,12360.746999334482
forecast_8636,2025-12-26 20:00:00,16170.343756224654,16836.652168558965,12838.460180808905
forecast_8637,2025-12-26 21:00:00,17122.981646712124,18002.42969942675,13411.42321920053
forecast_8638,2025-12-26 22:00:00,18638.10791475989,18814.681945996268,13533.179640017124
forecast_8639,2025-12-26 23:00:00,18573.025121773724,18692.91790538082,13380.325096199964
forecast_8640,2025-12-27 00:00:00,18844.99060913867,18665.18364187356,13816.385425725237
forecast_8641,2025-12-27 01:00:00,19168.241172119815,19153.21231019081,14401.094146063715
forecast_8642,2025-12-27 02:00:00,19326.75130110181,19116.99245276906,14329.050204144334
forecast_8643,2025-12-27 03:00:00,19346.62431130438,19105.577746958457,14434.182528039646
forecast_8644,2025-12-27 04:00:00,18883.096073950674,18571.727782955226,13668.345143265415
forecast_8645,2025-12-27 05:00:00,18577.774022157257,18279.791810895436,13678.843944082695
forecast_8646,2025-12-27 06:00:00,18167.129167895095,17826.498547944906,13647.221024699913
forecast_8647,2025-12-27 07:00:00,17481.094074373108,18058.35822045867,14237.893300026977
forecast_8648,2025-12-27 08:00:00,17095.124825958857,17485.399519784438,14264.616813541472
forecast_8649,2025-12-27 09:00:00,15456.079005383226,16765.319891784355,13377.863473661384
forecast_8650,2025-12-27 10:00:00,14952.36969883817,15754.32363331544,12901.776177021373
forecast_8651,2025-12-27 11:00:00,15144.102483580686,15431.612156147185,13438.925501950976
forecast_8652,2025-12-27 12:00:00,15955.317136860873,14971.271372597761,13592.630565490428
forecast_8653,2025-12-27 13:00:00,16177.038036220896,15095.677120173148,12472.871436530351
forecast_8654,2025-12-27 14:00:00,16185.157681535424,15100.062434648593,12816.298308035699
forecast_8655,2025-12-27 15:00:00,16388.306313810877,15484.747145983794,13641.96196475347
forecast_8656,2025-12-27 16:00:00,16323.284565705764,15974.7985225587,13249.835384788192
forecast_8657,2025-12-27 17:00:00,16989.682343499426,17198.162304848756,15395.889583255894
forecast_8658,2025-12-27 18:00:00,17650.49815687771,17884.419985759945,16331.960661842175
forecast_8659,2025-12-27 19:00:00,18407.233199448634,18031.63861513282,16818.20168151106
forecast_8660,2025-12-27 20:00:00,18503.887890892198,17345.47140996357,16923.761457099412
forecast_8661,2025-12-27 21:00:00,18507.17699674284,17447.465064911517,16871.21292145347
forecast_8662,2025-12-27 22:00:00,18886.025263116015,17606.339368589837,16785.37608673015
forecast_8663,2025-12-27 23:00:00,18796.102336008666,17583.5511600024,15928.645844532122
forecast_8664,2025-12-28 00:00:00,18632.609745017242,17302.622709642295,15856.843629572031
forecast_8665,2025-12-28 01:00:00,19032.116138426598,17826.26888171579,16380.369800850343
forecast_8666,2025-12-28 02:00:00,19101.934304604678,18300.850762095313,16740.07988776032
forecast_8667,2025-12-28 03:00:00,19483.07351440461,18437.622206169246,17085.895972028364
forecast_8668,2025-12-28 04:00:00,19781.44478263401,18438.717146992818,17125.340647167817
forecast_8669,2025-12-28 05:00:00,19803.123980613327,18962.225879212074,16946.849305065185
forecast_8670,2025-12-28 06:00:00,19979.587148417395,18831.003553030456,17011.970450741555
forecast_8671,2025-12-28 07:00:00,20086.699697475746,18815.67567125491,16761.219677353452
forecast_8672,2025-12-28 08:00:00,19920.5218591123,18836.76874224966,16681.193968400814
forecast_8673,2025-12-28 09:00:00,18777.738786104062,18402.218482512275,16469.330185278817
forecast_8674,2025-12-28 10:00:00,18026.204340318072,18105.512351196623,16229.981580275893
forecast_8675,2025-12-28 11:00:00,17353.569671361478,17552.808740603217,15262.378916288932
forecast_8676,2025-12-28 12:00:00,17117.147011186255,16539.3741273691,14772.475134310389
forecast_8677,2025-12-28 13:00:00,16039.994525370817,15700.418333908305,13261.189242397935
forecast_8678,2025-12-28 14:00:00,15603.843632090524,14482.054784246624,12744.658532527726
forecast_8679,2025-12-28 15:00:00,16451.60416419996,14983.401032090156,13261.971884376835
forecast_8680,2025-12-28 16:00:00,17079.208256997816,15372.35717559775,13604.367247756121
forecast_8681,2025-12-28 17:00:00,17827.39533006956,16276.941838564344,13712.131013539482
forecast_8682,2025-12-28 18:00:00,17782.297396710415,16457.368465482126,13537.89559324805
forecast_8683,2025-12-28 19:00:00,17357.60470833312,16100.744457108838,13839.770233965468
forecast_8684,2025-12-28 20:00:00,17656.06642561619,16550.031158819067,14470.295479930473
forecast_8685,2025-12-28 21:00:00,18484.900056056817,16820.511625095947,15133.325581021563
forecast_8686,2025-12-28 22:00:00,18974.010372525747,17251.98616280536,15619.459827743261
forecast_8687,2025-12-28 23:00:00,18906.555869747215,17350.340402649155,15674.576426749201
forecast_8688,2025-12-29 00:00:00,19099.347013760726,17623.242841869884,15767.627340287672
forecast_8689,2025-12-29 01:00:00,19035.88460656678,18356.654831307835,16146.966450831755
forecast_8690,2025-12-29 02:00:00,18930.49016158147,17609.19071639878,16305.909690297667
forecast_8691,2025-12-29 03:00:00,19246.28322054484,17805.424834491358,16808.473165163716
forecast_8692,2025-12-29 04:00:00,19610.243863841755,18341.357123686408,17296.537920730232
forecast_8693,2025-12-29 05:00:00,19867.08320255167,18660.676092333502,17135.7541679124
forecast_8694,2025-12-29 06:00:00,19715.21659709381,18592.26696926708,17601.25439561157
forecast_8695,2025-12-29 07:00:00,19740.7552834091,18549.90760939318,17773.157139166586
forecast_8696,2025-12-29 08:00:00,19532.36641716895,18456.66550454074,17048.95320079911
forecast_8697,2025-12-29 09:00:00,19619.364718688983,18333.466050533083,16605.080717761703
forecast_8698,2025-12-29 10:00:00,19272.239867921435,17980.68812633536,16736.611711990357
forecast_8699,2025-12-29 11:00:00,19395.462091345766,18005.05903941928,16214.709714524575
forecast_8700,2025-12-29 12:00:00,19345.665385440057,18272.994693612916,16492.341634550485
forecast_8701,2025-12-29 13:00:00,19277.576417585893,18229.78695857607,16431.484590918346
forecast_8702,2025-12-29 14:00:00,19157.273441457815,18264.14755192129,16056.766347640907
forecast_8703,2025-12-29 15:00:00,18796.185073093802,17742.6885800216,15799.538798955931
forecast_8704,2025-12-29 16:00:00,18540.28661312193,17306.213710198863,15119.409528757556
forecast_8705,2025-12-29 17:00:00,18155.913744802532,17090.962005313613,15000.412924683551
forecast_8706,2025-12-29 18:00:00,17416.615520891428,16662.699099426867,15083.71840535242
forecast_8707,2025-12-29 19:00:00,16897.1782032864,16224.673759599933,14752.051432446542
forecast_8708,2025-12-29 20:00:00,16211.86608008093,15570.269986817115,14276.453558733216
forecast_8709,2025-12-29 21:00:00,15659.792756492832,15271.91746970236,14027.455385292189
forecast_8710,2025-12-29 22:00:00,15093.42117213005,15546.920063057387,13740.797300658736
forecast_8711,2025-12-29 23:00:00,14436.891487064555,14581.378840289346,12455.044612787178
forecast_8712,2025-12-30 00:00:00,13590.587702694876,13958.847736662965,11561.417193301777
forecast_8713,2025-12-30 01:00:00,12984.87825601665,13570.365746157462,10560.790562078455
forecast_8714,2025-12-30 02:00:00,12841.713633791021,13651.771288482685,10465.757094866893
forecast_8715,2025-12-30 03:00:00,13243.495105131591,13824.207600042662,10264.747146973303
forecast_8716,2025-12-30 04:00:00,13560.129634941828,13876.486670029066,10573.49141406837
forecast_8717,2025-12-30 05:00:00,13018.831489228423,13452.848316432097,9720.264703770916
forecast_8718,2025-12-30 06:00:00,12859.382222564478,13477.707757150107,9167.180459569316
forecast_8719,2025-12-30 07:00:00,12810.111834864649,13470.610709179298,9440.908953842836
forecast_8720,2025-12-30 08:00:00,12718.225754207922,12866.251982346743,8470.788641693198
forecast_8721,2025-12-30 09:00:00,11909.486151887428,12355.804225926138,7320.371413547849
forecast_8722,2025-12-30 10:00:00,10710.100793638136,9839.862185368795,5938.219752153142
forecast_8723,2025-12-30 11:00:00,11251.562820905312,9283.804418672551,6041.230736822783
forecast_8724,2025-12-30 12:00:00,12454.371618760737,9606.803373483892,6331.439215041421
forecast_8725,2025-12-30 13:00:00,12912.814232524208,10998.535536507172,7528.343790534834
forecast_8726,2025-12-30 14:00:00,13277.683314659487,11159.607477565629,7699.546146986194
forecast_8727,2025-12-30 15:00:00,13526.195232673212,11431.983558536103,7715.677710555898
forecast_8728,2025-12-30 16:00:00,13490.55901721284,11319.805466153979,7962.5801050438
forecast_8729,2025-12-30 17:00:00,13467.016076207394,11250.373868963983,8344.813369590029
forecast_8730,2025-12-30 18:00:00,13726.527731739236,11761.494372355222,9226.911408122345
forecast_8731,2025-12-30 19:00:00,13742.450076248128,12107.759563542018,10072.579786862045
forecast_8732,2025-12-30 20:00:00,13691.534185976949,11951.05030617531,10237.10233494627
forecast_8733,2025-12-30 21:00:00,14268.974953618925,12887.68561097139,10751.074968835288
forecast_8734,2025-12-30 22:00:00,14410.734634696995,14039.615809472583,12085.694131952947
forecast_8735,2025-12-30 23:00:00,14429.216602538281,14582.369576084444,12768.582240112846
forecast_8736,2025-12-31 00:00:00,14694.35810071549,15047.022726731819,13248.458823924551
forecast_8737,2025-12-31 01:00:00,15530.065232902325,15185.378853731321,13282.259491715742
forecast_8738,2025-12-31 02:00:00,16044.79063518393,16108.088777650508,14215.870339624584
forecast_8739,2025-12-31 03:00:00,15987.054853955227,16328.687777592211,14308.693222515914
forecast_8740,2025-12-31 04:00:00,15762.808744118845,16625.55030775477,14171.023918605613
forecast_8741,2025-12-31 05:00:00,15314.552572400708,16356.864822596257,12514.38474187189
forecast_8742,2025-12-31 06:00:00,15154.104884205091,16526.841102966104,12523.627708049364
forecast_8743,2025-12-31 07:00:00,14764.396056316962,16128.379459907457,12077.46916804484
forecast_8744,2025-12-31 08:00:00,14660.16291606302,15279.632929937443,11782.835278009852
forecast_8745,2025-12-31 09:00:00,12958.788199462286,13593.624961973846,10956.288407269914
forecast_8746,2025-12-31 10:00:00,11761.25797258529,11986.047736425353,9864.809631386825
forecast_8747,2025-12-31 11:00:00,11695.703640590837,10764.097341751323,8305.081333656142
forecast_8748,2025-12-31 12:00:00,11400.008253856317,9415.900501532464,7772.407495479854
forecast_8749,2025-12-31 13:00:00,10812.585780336889,8677.873923966485,7349.863370113655
forecast_8750,2025-12-31 14:00:00,10759.017166987318,8422.901262815956,7200.52394936268
forecast_8751,2025-12-31 15:00:00,10891.340588291907,8018.361746110386,7098.481057130123
forecast_8752,2025-12-31 16:00:00,10314.018856079772,8813.236099474834,7239.6333616056
forecast_8753,2025-12-31 17:00:00,10267.487872296057,9111.343486381566,7758.811289899578
forecast_8754,2025-12-31 18:00:00,11298.077635505784,11128.387460686668,9185.823667333432
forecast_8755,2025-12-31 19:00:00,12195.406900083655,12371.582497489751,9776.356859993644
forecast_8756,2025-12-31 20:00:00,13289.687768975493,13604.999028644008,10654.974863043475
forecast_8757,2025-12-31 21:00:00,13446.269928734122,14399.11277448848,11684.174412169366
forecast_8758,2025-12-31 22:00:00,14172.20496921927,15149.876020218546,11915.200056483864
forecast_8759,2025-12-31 23:00:00,14474.223021455013,16180.483999790657,11558.579973317628
forecast_8760,2026-01-01 00:00:00,15112.477132641228,16690.080922409634,11376.39079485291
