forecast_id,forecast_kst_dtm,kpx_group_1,kpx_group_2,kpx_group_3
forecast_0001,2025-01-01 01:00:00,19885.104534470214,18992.897649042014,17497.47509527133
forecast_0002,2025-01-01 02:00:00,18585.55629561098,18757.171207197007,17111.26556915279
forecast_0003,2025-01-01 03:00:00,18066.284247677944,18356.377317812352,16721.758141611084
forecast_0004,2025-01-01 04:00:00,16940.364252055802,18063.30600011317,15092.419960146597
forecast_0005,2025-01-01 05:00:00,16861.007840427545,17529.890163807984,14625.658679959384
forecast_0006,2025-01-01 06:00:00,16258.412710119339,17363.569554057314,15039.315562378679
forecast_0007,2025-01-01 07:00:00,16010.5644291564,16214.212940036205,13000.346152043525
forecast_0008,2025-01-01 08:00:00,15372.666052475495,16757.51481930026,13095.478202349106
forecast_0009,2025-01-01 09:00:00,14567.643163074723,17408.12007903384,12720.769278124153
forecast_0010,2025-01-01 10:00:00,15379.757716023018,17305.90535580244,12754.243154238533
forecast_0011,2025-01-01 11:00:00,15128.957310434864,16994.562015220225,11892.243228493977
forecast_0012,2025-01-01 12:00:00,14840.351472953893,16280.542102976884,11883.080380139092
forecast_0013,2025-01-01 13:00:00,15095.830542415391,16806.564219318374,11725.56729544513
forecast_0014,2025-01-01 14:00:00,15183.404071549188,16453.49238531787,11904.360498298616
forecast_0015,2025-01-01 15:00:00,13735.41426041631,15303.99880980721,11147.998709752621
forecast_0016,2025-01-01 16:00:00,13630.73320988076,15458.189119397583,10915.970443869799
forecast_0017,2025-01-01 17:00:00,14619.79809828643,15132.79554276461,11702.183597783516
forecast_0018,2025-01-01 18:00:00,15673.027256141582,15381.712391800971,12218.618665094895
forecast_0019,2025-01-01 19:00:00,15472.64295915961,15036.22246959471,12998.364559011314
forecast_0020,2025-01-01 20:00:00,16189.750302228404,15990.25225713611,13562.497765891672
forecast_0021,2025-01-01 21:00:00,16484.8505055888,16480.79879470076,14073.013218612707
forecast_0022,2025-01-01 22:00:00,15968.81134666349,15965.313951218182,14240.547049958166
forecast_0023,2025-01-01 23:00:00,15757.099189701185,16351.800541682742,13279.961077621845
forecast_0024,2025-01-02 00:00:00,15406.15297911842,15756.921996176794,12350.433886564768
forecast_0025,2025-01-02 01:00:00,14584.72765572267,16388.802685637926,11013.339950611069
forecast_0026,2025-01-02 02:00:00,13575.112421675853,16112.717003595544,9562.29563469663
forecast_0027,2025-01-02 03:00:00,12115.95451954629,14293.585945797411,8721.701004782606
forecast_0028,2025-01-02 04:00:00,11096.413626562151,12769.805726347602,8009.7127716723135
forecast_0029,2025-01-02 05:00:00,10100.105664504756,11779.313040272455,7559.135387918706
forecast_0030,2025-01-02 06:00:00,9304.466432426558,10785.947478962657,7097.0396177489
forecast_0031,2025-01-02 07:00:00,8999.43705252229,10377.959114104498,7019.6488680525545
forecast_0032,2025-01-02 08:00:00,8341.294191927138,8963.080566957677,5705.46851252265
forecast_0033,2025-01-02 09:00:00,7851.496263868238,8304.884345210592,3775.601122720302
forecast_0034,2025-01-02 10:00:00,6841.306526903843,5884.581011528139,3759.992322771252
forecast_0035,2025-01-02 11:00:00,6036.852929131798,5414.204988207643,4082.442926614806
forecast_0036,2025-01-02 12:00:00,5883.720403379307,5855.208486710321,3925.7449767153325
forecast_0037,2025-01-02 13:00:00,5973.8108315576865,5656.311617373952,3865.134923660204
forecast_0038,2025-01-02 14:00:00,6734.053884121602,6903.100573085355,4064.917347696169
forecast_0039,2025-01-02 15:00:00,8070.875928122792,7920.743882758168,4488.847623654036
forecast_0040,2025-01-02 16:00:00,8094.631497158755,8469.279739096773,4669.610851191406
forecast_0041,2025-01-02 17:00:00,9070.369948319905,9364.607730457144,5409.12110381197
forecast_0042,2025-01-02 18:00:00,10660.2936910343,10869.135623668273,6379.525414956246
forecast_0043,2025-01-02 19:00:00,11980.756105170518,12823.029613042188,8615.967147508765
forecast_0044,2025-01-02 20:00:00,12544.938658579384,13923.957756210611,9713.248315404633
forecast_0045,2025-01-02 21:00:00,12395.79875765483,14858.238879860224,10674.154569394359
forecast_0046,2025-01-02 22:00:00,12804.382975380915,16031.504875947985,11209.310233491118
forecast_0047,2025-01-02 23:00:00,12921.22921338234,16395.508186629108,11348.793193446169
forecast_0048,2025-01-03 00:00:00,12778.48129785028,16423.30736850856,11630.484503856436
forecast_0049,2025-01-03 01:00:00,13025.56518621987,16603.95205694495,12066.410434470956
forecast_0050,2025-01-03 02:00:00,12925.355540196366,16125.806354870605,12334.578742327152
forecast_0051,2025-01-03 03:00:00,13055.65538287049,16238.805459011171,11339.289332364251
forecast_0052,2025-01-03 04:00:00,13377.910480824328,16304.41960455476,11612.207320311432
forecast_0053,2025-01-03 05:00:00,13276.727063941124,15539.301105122511,10498.759205958024
forecast_0054,2025-01-03 06:00:00,13011.201515431847,14401.048615241592,9861.433886820125
forecast_0055,2025-01-03 07:00:00,12344.507275429381,13230.172946547174,9276.980095063667
forecast_0056,2025-01-03 08:00:00,12782.575152483874,13480.359903509981,10406.868966772166
forecast_0057,2025-01-03 09:00:00,12941.363902909443,13410.380617405455,8903.705769544036
forecast_0058,2025-01-03 10:00:00,12828.874916295583,13362.839474231943,8314.890434086748
forecast_0059,2025-01-03 11:00:00,13007.96863573669,13233.11963368605,8633.613755279686
forecast_0060,2025-01-03 12:00:00,12361.820104390483,13081.864935974,8533.774517102636
forecast_0061,2025-01-03 13:00:00,12751.0949415962,12895.082155253844,9034.484908352108
forecast_0062,2025-01-03 14:00:00,13174.342959692189,13039.586350833819,8706.445949563515
forecast_0063,2025-01-03 15:00:00,13370.05953548394,12883.704124284452,8945.683340023133
forecast_0064,2025-01-03 16:00:00,13560.849861946317,12528.256892806365,8886.91781507002
forecast_0065,2025-01-03 17:00:00,13714.77507351864,12663.486447396303,9228.742815796237
forecast_0066,2025-01-03 18:00:00,12838.70337231234,12858.191273083761,8779.984991293835
forecast_0067,2025-01-03 19:00:00,12942.774765163886,13891.9446836175,9932.641527762855
forecast_0068,2025-01-03 20:00:00,13864.11292782134,15431.01807483433,10806.639300852583
forecast_0069,2025-01-03 21:00:00,14133.858557941498,15909.924602147468,11040.247737335796
forecast_0070,2025-01-03 22:00:00,14997.069113330734,16766.9758249436,12443.587244543327
forecast_0071,2025-01-03 23:00:00,14828.326154561304,17062.714328805,12882.03221153317
forecast_0072,2025-01-04 00:00:00,15460.911831517202,17161.07755206791,13024.481037424675
forecast_0073,2025-01-04 01:00:00,16119.299450026469,17245.834079046406,13594.027304560435
forecast_0074,2025-01-04 02:00:00,15934.958714659035,17254.239312797614,13526.535443450362
forecast_0075,2025-01-04 03:00:00,16087.662428448431,17382.338338678383,13644.769137043362
forecast_0076,2025-01-04 04:00:00,15812.07123261203,17164.914934653374,13050.280307541536
forecast_0077,2025-01-04 05:00:00,16048.596143254876,17119.26784446842,12844.841100307589
forecast_0078,2025-01-04 06:00:00,16497.793858392466,17277.11656213675,13106.6083623955
forecast_0079,2025-01-04 07:00:00,16569.94890302408,17042.711381668312,12974.324516416234
forecast_0080,2025-01-04 08:00:00,15232.267023166913,16332.361449326474,12463.142110570487
forecast_0081,2025-01-04 09:00:00,15340.051129923879,15981.643573623216,11829.829742478973
forecast_0082,2025-01-04 10:00:00,12347.349984721754,13767.529610705464,9574.600721816721
forecast_0083,2025-01-04 11:00:00,11745.466638766156,12536.677791411228,8686.963409733005
forecast_0084,2025-01-04 12:00:00,11730.262795742225,12355.068434780556,7655.3640320822215
forecast_0085,2025-01-04 13:00:00,11871.40120815911,10988.691375478047,7588.399894875338
forecast_0086,2025-01-04 14:00:00,11590.491214092219,11062.208711987118,7748.190175409254
forecast_0087,2025-01-04 15:00:00,12274.768862528068,11480.818096511082,7763.8070034080565
forecast_0088,2025-01-04 16:00:00,12948.859372975554,13308.940270598161,8770.101107601504
forecast_0089,2025-01-04 17:00:00,14157.553949045285,13603.271450237691,10861.16315579576
forecast_0090,2025-01-04 18:00:00,14904.862222694992,14929.75891410684,13560.450734846534
forecast_0091,2025-01-04 19:00:00,15373.495312444093,15603.224865934952,14429.66087510815
forecast_0092,2025-01-04 20:00:00,16721.539676132696,16964.26367476707,15673.147103754434
forecast_0093,2025-01-04 21:00:00,17331.020163291283,16540.061064878562,15524.915876486704
forecast_0094,2025-01-04 22:00:00,17535.839531508274,17419.545976016605,16147.861885663411
forecast_0095,2025-01-04 23:00:00,17713.06895874897,17267.121472275318,15565.501416846904
forecast_0096,2025-01-05 00:00:00,17554.057828155586,17881.533719718987,15405.20255725229
forecast_0097,2025-01-05 01:00:00,16899.795349908203,17445.224905034076,13978.521600570857
forecast_0098,2025-01-05 02:00:00,16125.9966524739,17732.41693244889,12938.544582989638
forecast_0099,2025-01-05 03:00:00,16536.444824077924,17752.53589916022,11714.932557932032
forecast_0100,2025-01-05 04:00:00,16317.31486686022,17309.12423206988,10551.67199283596
forecast_0101,2025-01-05 05:00:00,14432.559715462652,16544.887494417642,9783.103754300788
forecast_0102,2025-01-05 06:00:00,13065.285436481812,15131.372874948684,9020.488843733518
forecast_0103,2025-01-05 07:00:00,12823.649653706389,14610.517372836413,9103.433581003319
forecast_0104,2025-01-05 08:00:00,12721.103846917451,13914.505986244565,9788.368111025664
forecast_0105,2025-01-05 09:00:00,13025.459879804448,14413.094770148362,10340.257267257037
forecast_0106,2025-01-05 10:00:00,13403.765812254716,15187.281887127801,11919.20914066418
forecast_0107,2025-01-05 11:00:00,14760.451965596036,16587.60621849778,14185.319756402883
forecast_0108,2025-01-05 12:00:00,14685.713980504419,16489.607719502914,14496.912436419147
forecast_0109,2025-01-05 13:00:00,14500.793273194751,16905.68702380134,14396.663602193317
forecast_0110,2025-01-05 14:00:00,13854.879028798257,16898.530589515663,14114.767886108404
forecast_0111,2025-01-05 15:00:00,14155.416023551485,16111.126878865267,13782.785503179613
forecast_0112,2025-01-05 16:00:00,13862.112767618955,15841.444144823055,12168.149214089604
forecast_0113,2025-01-05 17:00:00,14025.90651364445,14403.467841407568,12140.140267541472
forecast_0114,2025-01-05 18:00:00,13336.702685849441,14063.473558407843,11551.988826822748
forecast_0115,2025-01-05 19:00:00,14412.776947841636,14456.657965756118,12441.526800711468
forecast_0116,2025-01-05 20:00:00,14446.748364678799,15459.758540358143,14108.0325074067
forecast_0117,2025-01-05 21:00:00,14357.410889808421,15181.229897460787,13451.193690116059
forecast_0118,2025-01-05 22:00:00,14045.734199407909,14991.450500995305,14243.041615907814
forecast_0119,2025-01-05 23:00:00,13255.68583898659,14315.233485207718,13918.254381232675
forecast_0120,2025-01-06 00:00:00,13411.359324867153,13492.061484972399,13094.054398336324
forecast_0121,2025-01-06 01:00:00,12132.929790750994,12448.106899129682,11258.829860169046
forecast_0122,2025-01-06 02:00:00,11326.794960796504,11099.471983989255,10361.410078046758
forecast_0123,2025-01-06 03:00:00,10554.44713610721,10421.555916324676,8623.10535949361
forecast_0124,2025-01-06 04:00:00,9336.889930490912,9547.858316059062,7280.824921187601
forecast_0125,2025-01-06 05:00:00,7338.387744995887,7774.259030121846,3715.5709851475253
forecast_0126,2025-01-06 06:00:00,4191.552878888671,6445.179393592386,3709.139856778356
forecast_0127,2025-01-06 07:00:00,3550.9510893302095,3656.652058856024,3520.739589943758
forecast_0128,2025-01-06 08:00:00,3535.0974014618814,3710.234075218979,3520.153240843546
forecast_0129,2025-01-06 09:00:00,3650.3104912400995,3906.493568736874,3600.6209858906777
forecast_0130,2025-01-06 10:00:00,5950.347550414856,3911.752063883822,3687.496866622034
forecast_0131,2025-01-06 11:00:00,6951.003884268924,7383.875168261419,5052.976805148455
forecast_0132,2025-01-06 12:00:00,7210.907896715969,8042.195167798057,4570.603484350719
forecast_0133,2025-01-06 13:00:00,8732.968370492115,8407.190862245197,5565.141582810812
forecast_0134,2025-01-06 14:00:00,8397.279942005414,8506.928566433116,6104.102372089694
forecast_0135,2025-01-06 15:00:00,9130.51106979838,8738.789092239209,6184.024665343798
forecast_0136,2025-01-06 16:00:00,10700.731385900894,9416.873090267485,6403.243191604346
forecast_0137,2025-01-06 17:00:00,11910.108722384854,10428.077293671524,7962.673021557981
forecast_0138,2025-01-06 18:00:00,13498.13429960179,12555.082866967203,10847.913368271624
forecast_0139,2025-01-06 19:00:00,15053.45220962956,14206.924497312004,12343.154533398983
forecast_0140,2025-01-06 20:00:00,15371.315357884872,15903.951215476638,12894.166226218276
forecast_0141,2025-01-06 21:00:00,15789.367872947758,16227.920840709734,13086.007561893945
forecast_0142,2025-01-06 22:00:00,15908.534626766075,16896.92379856846,14212.571947207794
forecast_0143,2025-01-06 23:00:00,16206.203331222994,17070.380523428783,14535.32772293953
forecast_0144,2025-01-07 00:00:00,16661.249837566407,18205.53723345114,15012.061976477904
forecast_0145,2025-01-07 01:00:00,17942.485267843924,18187.581026436397,16397.006507337042
forecast_0146,2025-01-07 02:00:00,18288.401466741056,18433.296608672263,16482.254410888352
forecast_0147,2025-01-07 03:00:00,17776.250329035705,18569.911466825975,16919.969338315637
forecast_0148,2025-01-07 04:00:00,17081.6214140487,18071.130792898584,16835.440775217867
forecast_0149,2025-01-07 05:00:00,16962.14562728729,17922.308714938386,16806.211123643847
forecast_0150,2025-01-07 06:00:00,16567.998759136048,17996.94761646582,15839.634397479686
forecast_0151,2025-01-07 07:00:00,16246.712083314942,18172.73075953483,15506.907981748465
forecast_0152,2025-01-07 08:00:00,15945.29513051164,18366.80532285993,14525.99905167279
forecast_0153,2025-01-07 09:00:00,15822.193113233205,18177.16763113418,13956.350617885682
forecast_0154,2025-01-07 10:00:00,16059.639510665827,18047.986369817623,13021.93198093422
forecast_0155,2025-01-07 11:00:00,16457.107357681412,17997.32116371516,13046.476681975251
forecast_0156,2025-01-07 12:00:00,16318.848065327002,17805.78469943769,13038.235197342567
forecast_0157,2025-01-07 13:00:00,16151.081067079394,17452.952549422953,12871.881564877418
forecast_0158,2025-01-07 14:00:00,15865.726326609281,17202.659784863925,12356.485055269162
forecast_0159,2025-01-07 15:00:00,15912.012773449413,17486.11112474545,12805.63821006426
forecast_0160,2025-01-07 16:00:00,16008.44350654278,17384.678803854888,12487.126587925217
forecast_0161,2025-01-07 17:00:00,15893.660696508552,17360.62548189493,12439.983626709778
forecast_0162,2025-01-07 18:00:00,16253.121067308286,17440.838939301448,13363.889615233964
forecast_0163,2025-01-07 19:00:00,16354.953521313302,17907.926213952025,14933.178279553807
forecast_0164,2025-01-07 20:00:00,16786.111209029674,18476.613353476285,15866.207371373062
forecast_0165,2025-01-07 21:00:00,17031.665003247996,18675.81792003865,16549.039415660493
forecast_0166,2025-01-07 22:00:00,16998.258357814037,18741.463979244556,16170.06158996459
forecast_0167,2025-01-07 23:00:00,17049.97007761769,18883.10435633126,15755.946554598899
forecast_0168,2025-01-08 00:00:00,16395.56560955701,18151.473760046996,14213.69015127003
forecast_0169,2025-01-08 01:00:00,15908.761872437657,17859.984635741228,16470.132865140193
forecast_0170,2025-01-08 02:00:00,15424.96703188195,17814.346714819872,15238.798419326928
forecast_0171,2025-01-08 03:00:00,15084.955787454917,17863.898088794944,14609.197887109667
forecast_0172,2025-01-08 04:00:00,15130.39796545928,17180.69565876297,14326.810259434347
forecast_0173,2025-01-08 05:00:00,14982.730710169406,17145.91320672581,14213.86165579481
forecast_0174,2025-01-08 06:00:00,14908.903519905982,17455.94574749815,14232.487912122779
forecast_0175,2025-01-08 07:00:00,15201.518392161417,17061.405912015085,15547.756324992915
forecast_0176,2025-01-08 08:00:00,14979.511240538337,17099.314934296708,14582.806629728339
forecast_0177,2025-01-08 09:00:00,14924.8857355829,17034.526594832976,14399.181814797332
forecast_0178,2025-01-08 10:00:00,15023.120348072336,16855.950957159315,14551.159034949373
forecast_0179,2025-01-08 11:00:00,15703.940222535593,17112.60992012388,15046.464498310535
forecast_0180,2025-01-08 12:00:00,15776.769055771732,17404.496003476746,15745.568069167419
forecast_0181,2025-01-08 13:00:00,15824.721601369858,17684.891014504832,15267.71697078423
forecast_0182,2025-01-08 14:00:00,15674.56906484728,17627.88088790844,15534.866641380224
forecast_0183,2025-01-08 15:00:00,15743.612015309536,17864.881954255008,15444.144272328382
forecast_0184,2025-01-08 16:00:00,15753.67148583105,17297.462361578382,14249.732282699237
forecast_0185,2025-01-08 17:00:00,15519.328006757287,17175.550493995164,14625.134153719884
forecast_0186,2025-01-08 18:00:00,15458.107142916773,17314.432967680412,14276.58093068556
forecast_0187,2025-01-08 19:00:00,15465.544031697622,17639.223279798032,15282.586985730191
forecast_0188,2025-01-08 20:00:00,15169.98698510827,17970.872056053344,15219.114432227127
forecast_0189,2025-01-08 21:00:00,15372.273284192403,18067.57910679109,15521.762800534123
forecast_0190,2025-01-08 22:00:00,15246.47179850803,17936.733577848554,15475.536905058038
forecast_0191,2025-01-08 23:00:00,15147.436085224232,18115.319085923013,15109.523831931287
forecast_0192,2025-01-09 00:00:00,14910.023395854607,18566.844432188198,15203.178164110239
forecast_0193,2025-01-09 01:00:00,14707.358228795343,18063.411213499297,13698.690572594127
forecast_0194,2025-01-09 02:00:00,14523.334729871473,18028.830638723623,14062.63111820583
forecast_0195,2025-01-09 03:00:00,14245.800449787243,18169.949681053633,13577.84063452867
forecast_0196,2025-01-09 04:00:00,14230.713385953348,17919.872680801793,13019.508106707743
forecast_0197,2025-01-09 05:00:00,14139.508343029427,17856.14254320147,12914.298996671117
forecast_0198,2025-01-09 06:00:00,14308.761784742732,17486.933177592084,12618.984082971321
forecast_0199,2025-01-09 07:00:00,14115.626128242408,17124.649130330545,12201.823511564204
forecast_0200,2025-01-09 08:00:00,13820.719831788272,17004.348890678593,11159.164687627639
forecast_0201,2025-01-09 09:00:00,13892.944499416777,17225.566386586223,11133.910097221955
forecast_0202,2025-01-09 10:00:00,13968.3570226365,17302.162040385057,11527.518771370438
forecast_0203,2025-01-09 11:00:00,14151.794289620266,17393.26292948858,11406.667122793597
forecast_0204,2025-01-09 12:00:00,14140.706639240883,17268.91483533681,11072.443167645597
forecast_0205,2025-01-09 13:00:00,14383.85873324661,17476.9774709416,10922.707114226703
forecast_0206,2025-01-09 14:00:00,14716.627545482748,17448.378411010486,10848.180225080057
forecast_0207,2025-01-09 15:00:00,14664.516440384017,17411.988230692812,10372.231303238797
forecast_0208,2025-01-09 16:00:00,14830.342731958284,16047.855345527685,9651.132140582251
forecast_0209,2025-01-09 17:00:00,15351.213713007479,16006.713483526164,8896.036598008757
forecast_0210,2025-01-09 18:00:00,13449.823054675031,14608.476400009878,8128.515564333634
forecast_0211,2025-01-09 19:00:00,14209.836824129181,16888.93278109865,8707.62550232508
forecast_0212,2025-01-09 20:00:00,12775.048619205027,15955.175660106013,8687.601109296398
forecast_0213,2025-01-09 21:00:00,15296.434829418133,16793.8968170013,11037.885333986085
forecast_0214,2025-01-09 22:00:00,17489.344467472125,17495.472540491228,11783.258465925479
forecast_0215,2025-01-09 23:00:00,19509.30536619344,18348.012017367535,13176.007895619137
forecast_0216,2025-01-10 00:00:00,19608.164440166245,18429.53639792567,12836.719512931957
forecast_0217,2025-01-10 01:00:00,16182.079628541298,15483.167783531622,11351.122323090023
forecast_0218,2025-01-10 02:00:00,17255.810201149423,16855.611878074553,11981.351153571608
forecast_0219,2025-01-10 03:00:00,17901.223987352445,15443.31953152516,12910.02841384189
forecast_0220,2025-01-10 04:00:00,17552.053201159157,14199.513968967216,12444.506507588934
forecast_0221,2025-01-10 05:00:00,16925.836897314926,14029.503807741952,12129.378070465897
forecast_0222,2025-01-10 06:00:00,16281.555459032117,13272.856284163718,11305.057633897446
forecast_0223,2025-01-10 07:00:00,15181.13178728135,12251.578998961113,10681.929553983071
forecast_0224,2025-01-10 08:00:00,12344.275993547944,9483.065355588808,8005.36481308518
forecast_0225,2025-01-10 09:00:00,11155.685673927526,8402.420242115371,6739.609019449112
forecast_0226,2025-01-10 10:00:00,9491.142968835726,5039.9737578384165,5118.605520463425
forecast_0227,2025-01-10 11:00:00,6471.58167478895,4041.622673174223,4714.846373598113
forecast_0228,2025-01-10 12:00:00,4895.339685627638,3597.0798132208038,3557.2167855096986
forecast_0229,2025-01-10 13:00:00,4664.261511455332,3686.185049420714,3624.9909553864445
forecast_0230,2025-01-10 14:00:00,3638.218855314428,3730.053645310886,3734.4913342202135
forecast_0231,2025-01-10 15:00:00,3567.926051278121,3736.5918236880157,3697.7144212565904
forecast_0232,2025-01-10 16:00:00,3792.3891739002092,4732.751250074844,3601.827226502916
forecast_0233,2025-01-10 17:00:00,7388.55619253362,5794.954051851891,5337.781307692893
forecast_0234,2025-01-10 18:00:00,9922.551504963692,6921.867982804954,6369.7141153097
forecast_0235,2025-01-10 19:00:00,9644.72127017005,7628.268290148435,6624.362679899992
forecast_0236,2025-01-10 20:00:00,10404.080958867504,7979.13666053551,7377.243505540754
forecast_0237,2025-01-10 21:00:00,10112.756844083166,8245.276083608827,7442.268306929144
forecast_0238,2025-01-10 22:00:00,10732.87715660668,8526.726774850295,7752.401757780042
forecast_0239,2025-01-10 23:00:00,11281.196008446885,8344.802744035676,7813.518009651404
forecast_0240,2025-01-11 00:00:00,11216.463570324566,8436.523561085418,7793.080516170126
forecast_0241,2025-01-11 01:00:00,10411.263550453441,7945.774403282516,8619.56858691492
forecast_0242,2025-01-11 02:00:00,9522.344587822758,7763.9270599736365,8712.859018729972
forecast_0243,2025-01-11 03:00:00,9664.760149053032,7573.163474517866,8307.670401048776
forecast_0244,2025-01-11 04:00:00,9894.187211942155,7637.49266862698,8238.537127493004
forecast_0245,2025-01-11 05:00:00,9616.410026687798,6725.719541413946,8096.509429310551
forecast_0246,2025-01-11 06:00:00,8909.919925207716,5980.833969194429,7227.481040727571
forecast_0247,2025-01-11 07:00:00,8517.213220811038,4232.648759711195,7207.104200895977
forecast_0248,2025-01-11 08:00:00,7932.043409748792,4042.1772653685107,5797.317065212144
forecast_0249,2025-01-11 09:00:00,6913.694604957039,5607.053983707893,3715.2742700156527
forecast_0250,2025-01-11 10:00:00,5496.218865716994,3648.152260265333,3576.4271604951487
forecast_0251,2025-01-11 11:00:00,3613.4664526754314,3332.546757109992,3461.103281176624
forecast_0252,2025-01-11 12:00:00,3572.2293460668784,3296.5746538365465,3434.286430480245
forecast_0253,2025-01-11 13:00:00,3394.0690033954547,3386.5542435805564,3468.560670279475
forecast_0254,2025-01-11 14:00:00,3423.077136056745,3395.243033015081,3412.1269907577266
forecast_0255,2025-01-11 15:00:00,3440.3483378817673,3206.9273237687435,3402.1404536432333
forecast_0256,2025-01-11 16:00:00,3467.2048823524524,3218.432308416185,3397.3129734796325
forecast_0257,2025-01-11 17:00:00,6227.433042189013,3854.1669431332048,3725.690240650356
forecast_0258,2025-01-11 18:00:00,8793.452687942092,6401.714916002823,6612.441260452737
forecast_0259,2025-01-11 19:00:00,10546.31007489372,8049.572635159352,6783.4018061034085
forecast_0260,2025-01-11 20:00:00,10773.63310027002,8653.18853495421,7318.8292563275645
forecast_0261,2025-01-11 21:00:00,11296.368831525098,8944.268455257437,8739.057689350799
forecast_0262,2025-01-11 22:00:00,13045.243165310807,9666.465551459132,9745.944388811256
forecast_0263,2025-01-11 23:00:00,13570.13267881736,9938.023999726433,9617.640861623511
forecast_0264,2025-01-12 00:00:00,13847.099863435893,10555.970595078283,9858.03281533549
forecast_0265,2025-01-12 01:00:00,12036.554039776665,9665.838900935996,8885.995107630079
forecast_0266,2025-01-12 02:00:00,13086.634467029604,9884.802136259319,8775.34324186758
forecast_0267,2025-01-12 03:00:00,14171.732775852472,10668.46899666081,9248.863043156913
forecast_0268,2025-01-12 04:00:00,14951.303542367214,11710.156790902003,9847.438354876496
forecast_0269,2025-01-12 05:00:00,14991.06189539959,11566.290092430518,10092.526502199626
forecast_0270,2025-01-12 06:00:00,15230.745775839807,13133.783340206683,10585.53806321582
forecast_0271,2025-01-12 07:00:00,15812.678611586045,13978.097180788149,10746.110180577323
forecast_0272,2025-01-12 08:00:00,15032.927111649393,14143.116236337934,8941.587848698182
forecast_0273,2025-01-12 09:00:00,15741.98401524168,16396.33043841417,8454.200342909866
forecast_0274,2025-01-12 10:00:00,15912.44265878189,14647.680004716447,8250.52411630634
forecast_0275,2025-01-12 11:00:00,12917.981066487117,15169.736359257648,8307.612350459662
forecast_0276,2025-01-12 12:00:00,10814.58816419181,14662.335391502364,6671.169151197317
forecast_0277,2025-01-12 13:00:00,10106.279764935562,12658.898424794184,6549.767292348375
forecast_0278,2025-01-12 14:00:00,11284.99129628244,13538.456077461242,6952.358069201276
forecast_0279,2025-01-12 15:00:00,11896.929901526755,13371.811079429417,7870.82269428166
forecast_0280,2025-01-12 16:00:00,12308.626729988779,13898.071698100044,8245.466375823298
forecast_0281,2025-01-12 17:00:00,12263.001020888636,13286.945482682722,9569.970343216852
forecast_0282,2025-01-12 18:00:00,13740.318855068197,13046.126032474629,11085.824123308248
forecast_0283,2025-01-12 19:00:00,14338.597055540793,13630.866579452937,11195.330683366883
forecast_0284,2025-01-12 20:00:00,15864.844175600421,14754.76775830848,11559.348405495939
forecast_0285,2025-01-12 21:00:00,16867.488804569228,14388.457716046427,11998.738337402743
forecast_0286,2025-01-12 22:00:00,18175.5030506006,15347.978390898956,13396.296017458251
forecast_0287,2025-01-12 23:00:00,18244.86152866251,15939.306185193842,13707.073145885342
forecast_0288,2025-01-13 00:00:00,18105.3849931229,17139.236658389007,14767.152442239936
forecast_0289,2025-01-13 01:00:00,20107.21629867005,19275.467866037594,16171.14445432693
forecast_0290,2025-01-13 02:00:00,20531.52476014802,19784.923987291353,17723.719547992376
forecast_0291,2025-01-13 03:00:00,20178.347344472557,19845.294750377896,18012.140094756334
forecast_0292,2025-01-13 04:00:00,20780.5390856471,20078.82001475018,18836.735126276624
forecast_0293,2025-01-13 05:00:00,20760.578310149223,20331.35233550909,18743.60934071785
forecast_0294,2025-01-13 06:00:00,20672.7071420884,20614.813245638623,18612.942917201915
forecast_0295,2025-01-13 07:00:00,19371.297574369873,20459.46676439336,18595.35607671752
forecast_0296,2025-01-13 08:00:00,18896.707498776686,20113.459910628306,17181.08708690622
forecast_0297,2025-01-13 09:00:00,19149.45973675238,20712.705552932057,17437.290059175702
forecast_0298,2025-01-13 10:00:00,18535.699939008275,19683.919557501515,16089.649075809108
forecast_0299,2025-01-13 11:00:00,18004.72725157228,18765.520695058254,15034.529790372342
forecast_0300,2025-01-13 12:00:00,16663.37649226131,18595.76671746389,13518.792673199958
forecast_0301,2025-01-13 13:00:00,15522.440844212171,17792.568182442486,11206.95856264552
forecast_0302,2025-01-13 14:00:00,15067.671938206424,17023.79526341646,10475.595685579441
forecast_0303,2025-01-13 15:00:00,14377.265483393252,16248.335418964029,11326.638189416295
forecast_0304,2025-01-13 16:00:00,14210.632752364916,16582.64176531511,11865.063882027249
forecast_0305,2025-01-13 17:00:00,14968.595407410958,16817.504902344557,11965.572187798229
forecast_0306,2025-01-13 18:00:00,15998.784656899306,17264.97404318357,12460.335152610245
forecast_0307,2025-01-13 19:00:00,17162.64980760568,17724.44780211448,13976.13288366078
forecast_0308,2025-01-13 20:00:00,17585.124849674212,17983.61165634144,14319.40026103985
forecast_0309,2025-01-13 21:00:00,17723.84746471256,18504.393435493217,15064.983537430886
forecast_0310,2025-01-13 22:00:00,18094.24594544106,18982.472811078784,15902.956464743056
forecast_0311,2025-01-13 23:00:00,18886.56121498765,19079.639791259102,17031.546313052168
forecast_0312,2025-01-14 00:00:00,19401.247764545675,19235.498012799024,17107.628066581132
forecast_0313,2025-01-14 01:00:00,18934.414892209217,18817.82722092826,17034.02083865597
forecast_0314,2025-01-14 02:00:00,18755.241983842196,18801.256067238748,16788.36535538385
forecast_0315,2025-01-14 03:00:00,18917.598010675338,18904.5927318204,17343.90689432097
forecast_0316,2025-01-14 04:00:00,18807.019213895324,18845.156077690448,17460.0273872612
forecast_0317,2025-01-14 05:00:00,18870.25658035181,18930.63890545319,17271.66375878431
forecast_0318,2025-01-14 06:00:00,19141.942776140957,18946.561494035795,17874.950017955507
forecast_0319,2025-01-14 07:00:00,19201.961222961112,18921.125851826484,17815.14306300356
forecast_0320,2025-01-14 08:00:00,18160.388095254904,18608.926555645794,16607.41126311842
forecast_0321,2025-01-14 09:00:00,18123.662454151297,18396.599004876607,15662.535151327285
forecast_0322,2025-01-14 10:00:00,17332.56920472056,17959.176678103944,14691.923028432358
forecast_0323,2025-01-14 11:00:00,16869.07958321638,17825.37354779677,14678.891393413573
forecast_0324,2025-01-14 12:00:00,16154.060120053773,17029.842742566914,13584.006297603994
forecast_0325,2025-01-14 13:00:00,15621.226805271455,16875.99427614819,13839.075562059626
forecast_0326,2025-01-14 14:00:00,15052.831311133776,16414.45602239413,13981.554178584449
forecast_0327,2025-01-14 15:00:00,14566.02115322613,16220.055721790015,13300.175413064155
forecast_0328,2025-01-14 16:00:00,14128.8861300218,15527.246971863764,12541.80539019768
forecast_0329,2025-01-14 17:00:00,14395.711637494644,14539.648583446226,11584.180857063317
forecast_0330,2025-01-14 18:00:00,14506.120150081513,14539.94429516915,11564.560224725257
forecast_0331,2025-01-14 19:00:00,14650.310242462328,15274.471481134287,12329.298425212624
forecast_0332,2025-01-14 20:00:00,14397.159948584685,15433.047060032533,12312.286649943007
forecast_0333,2025-01-14 21:00:00,14128.94215656797,16141.349565903238,11683.397886946574
forecast_0334,2025-01-14 22:00:00,14770.53190646429,16606.503446284172,13539.935826080904
forecast_0335,2025-01-14 23:00:00,14464.386367587356,16058.910219917589,11070.688209301408
forecast_0336,2025-01-15 00:00:00,14203.152589185622,15484.384508763193,11312.684005305124
forecast_0337,2025-01-15 01:00:00,14219.954872665123,15462.241026563719,10874.132664428462
forecast_0338,2025-01-15 02:00:00,13697.654488781624,14797.670835708997,10114.939609346453
forecast_0339,2025-01-15 03:00:00,13017.234503696482,13944.455618072598,8425.327114892709
forecast_0340,2025-01-15 04:00:00,12953.054031008036,13743.672043799237,8568.147843751436
forecast_0341,2025-01-15 05:00:00,13095.058992704084,13812.280322847542,8597.380363930875
forecast_0342,2025-01-15 06:00:00,13731.141359350682,14399.240479311611,9493.08951283012
forecast_0343,2025-01-15 07:00:00,14085.884728781695,15199.070131541966,10697.6025761467
forecast_0344,2025-01-15 08:00:00,14532.302535953659,15448.710289439188,10281.46853466259
forecast_0345,2025-01-15 09:00:00,14379.950958692278,16061.291719114435,10733.666388093894
forecast_0346,2025-01-15 10:00:00,13799.954033301443,15330.544536262969,10018.339886277088
forecast_0347,2025-01-15 11:00:00,13492.31297863107,15547.506259593934,10162.83782043227
forecast_0348,2025-01-15 12:00:00,13171.779590451022,15326.659377364282,10058.021420305073
forecast_0349,2025-01-15 13:00:00,12929.74531496742,14781.410762434767,9517.346429032794
forecast_0350,2025-01-15 14:00:00,12180.908397400372,14709.649968884049,8926.668821616173
forecast_0351,2025-01-15 15:00:00,12201.0483484886,15294.68510119424,8611.060957197693
forecast_0352,2025-01-15 16:00:00,13355.552168247486,16832.700025644623,9176.646346778947
forecast_0353,2025-01-15 17:00:00,13602.487456228384,17095.56108382061,10912.957219961336
forecast_0354,2025-01-15 18:00:00,14847.805721460329,17358.158390355566,12403.752311127322
forecast_0355,2025-01-15 19:00:00,16528.001309765186,18043.05033718181,14753.222202609286
forecast_0356,2025-01-15 20:00:00,16131.912758511708,17817.497433172954,14817.393079325011
forecast_0357,2025-01-15 21:00:00,16708.002083842293,18088.039067837453,15221.786174287494
forecast_0358,2025-01-15 22:00:00,17299.418760418983,19081.760613881594,16260.47762575657
forecast_0359,2025-01-15 23:00:00,18740.344424671617,19327.27441522549,17156.65468101558
forecast_0360,2025-01-16 00:00:00,18944.96619528838,19407.70404109266,17458.64574677334
forecast_0361,2025-01-16 01:00:00,19339.407237296513,19885.54957013203,16559.334091545057
forecast_0362,2025-01-16 02:00:00,19747.302800445446,20186.22747364792,17219.51769725486
forecast_0363,2025-01-16 03:00:00,19419.433932619817,19953.317828516578,17556.266670875208
forecast_0364,2025-01-16 04:00:00,19337.93294731655,19972.440218174124,17665.6262480366
forecast_0365,2025-01-16 05:00:00,19655.39816528223,20045.306229382266,17531.03126588864
forecast_0366,2025-01-16 06:00:00,19719.230269191805,19997.286321134874,17823.659411420304
forecast_0367,2025-01-16 07:00:00,19805.41058917397,20060.68528679983,18778.926990808297
forecast_0368,2025-01-16 08:00:00,19681.876491774947,20083.477995116915,18087.41388131479
forecast_0369,2025-01-16 09:00:00,19940.016669819495,20285.221593183738,18040.072303630852
forecast_0370,2025-01-16 10:00:00,20409.979793427163,20554.720179466072,18087.71545805954
forecast_0371,2025-01-16 11:00:00,20481.48188568087,20127.466484135985,18150.04980963613
forecast_0372,2025-01-16 12:00:00,19425.80239325292,19420.98634262802,16839.057122890183
forecast_0373,2025-01-16 13:00:00,18698.5008041926,19110.46886502291,17059.749330150666
forecast_0374,2025-01-16 14:00:00,18613.310429039168,18714.631460649318,16322.581856055645
forecast_0375,2025-01-16 15:00:00,18688.96029599689,18724.074561785998,15946.213560687014
forecast_0376,2025-01-16 16:00:00,18183.235860675653,18349.186006978125,15390.013741737523
forecast_0377,2025-01-16 17:00:00,18319.23471646784,18278.307572868776,15889.738611841894
forecast_0378,2025-01-16 18:00:00,18785.125187751397,17955.025850322803,15338.792810375966
forecast_0379,2025-01-16 19:00:00,18081.49899521922,17704.7909284073,14575.087738872444
forecast_0380,2025-01-16 20:00:00,14427.173739799104,14757.921587654859,11185.758054453057
forecast_0381,2025-01-16 21:00:00,12487.61587773782,12187.330120193717,8800.328651909364
forecast_0382,2025-01-16 22:00:00,10600.964483973441,10266.857064628808,7320.803044097452
forecast_0383,2025-01-16 23:00:00,7795.808484729819,7526.239974697572,5936.309164046316
forecast_0384,2025-01-17 00:00:00,5462.138522218509,3703.8786285383107,4172.8939544160685
forecast_0385,2025-01-17 01:00:00,3454.6608646613668,3067.122266825548,3587.7576279366262
forecast_0386,2025-01-17 02:00:00,3281.135737672052,2843.957255836132,3407.3213499361746
forecast_0387,2025-01-17 03:00:00,3200.107931141701,2696.135706541454,3382.132531854619
forecast_0388,2025-01-17 04:00:00,3187.1432348783583,2681.8836495036094,3372.9846233135017
forecast_0389,2025-01-17 05:00:00,3207.065759791278,2732.929055085745,3366.5401672051094
forecast_0390,2025-01-17 06:00:00,3226.0728984545112,2736.0774839183664,3372.3889475449773
forecast_0391,2025-01-17 07:00:00,3220.1628104853266,2828.920625513334,3374.223053650845
forecast_0392,2025-01-17 08:00:00,3223.8935654881443,2800.5603386071857,3367.338719771237
forecast_0393,2025-01-17 09:00:00,3227.5444562327625,2913.7157159764497,3368.302009680959
forecast_0394,2025-01-17 10:00:00,3155.6169972987036,2626.467581521799,3368.283980413806
forecast_0395,2025-01-17 11:00:00,3166.2317142978545,2692.4198278959702,3371.7512375537112
forecast_0396,2025-01-17 12:00:00,3191.6688596358395,2725.388349943945,3378.109685506813
forecast_0397,2025-01-17 13:00:00,3219.175511199104,2789.9516595455552,3375.0504871366484
forecast_0398,2025-01-17 14:00:00,3256.5906876423232,2890.647612693186,3404.11325459374
forecast_0399,2025-01-17 15:00:00,3284.1782256682923,3026.301427319758,3426.2140669540017
forecast_0400,2025-01-17 16:00:00,3372.3600229204026,3354.9745403511038,3554.135168506578
forecast_0401,2025-01-17 17:00:00,7701.753066969605,5868.0141041168545,4338.620140403168
forecast_0402,2025-01-17 18:00:00,9309.319280535496,8260.298050976924,5437.458955280832
forecast_0403,2025-01-17 19:00:00,9930.712634720687,10394.470395160544,7131.782545651306
forecast_0404,2025-01-17 20:00:00,11104.764552742858,12144.185805253288,9468.995034150865
forecast_0405,2025-01-17 21:00:00,12000.587188195026,13291.190191952448,10629.322352938561
forecast_0406,2025-01-17 22:00:00,13977.55746257257,14098.760816013848,11364.525102787617
forecast_0407,2025-01-17 23:00:00,14645.224413580854,14829.66654263928,11646.359287833524
forecast_0408,2025-01-18 00:00:00,15440.682483635701,14589.953377315955,11796.145647768828
forecast_0409,2025-01-18 01:00:00,13813.3514029541,12285.77067382484,11001.0668348339
forecast_0410,2025-01-18 02:00:00,13827.171260066529,12234.550188139017,11015.455345748374
forecast_0411,2025-01-18 03:00:00,15359.854641670321,12994.553860150643,11385.298351615284
forecast_0412,2025-01-18 04:00:00,15710.820043515501,12876.925039272093,11677.774628933068
forecast_0413,2025-01-18 05:00:00,15452.711548214016,12841.143598159173,11360.961406824548
forecast_0414,2025-01-18 06:00:00,14879.114843574733,11729.027177849595,9623.892259937216
forecast_0415,2025-01-18 07:00:00,13728.154523644333,10167.925252501847,8361.61484549185
forecast_0416,2025-01-18 08:00:00,10434.660551430052,8153.834702091301,6057.554235551827
forecast_0417,2025-01-18 09:00:00,8255.946864871821,6047.79185783864,4660.210913085582
forecast_0418,2025-01-18 10:00:00,7267.873170312937,4865.680047341049,3647.1357644197083
forecast_0419,2025-01-18 11:00:00,3905.3648897866083,4711.561596993928,3576.9244627078756
forecast_0420,2025-01-18 12:00:00,6530.433057161984,5312.770784984951,3705.002340599192
forecast_0421,2025-01-18 13:00:00,3950.801160940674,5347.162131835729,3696.328713438402
forecast_0422,2025-01-18 14:00:00,4093.1726075166916,5725.38695677103,3726.5279366748723
forecast_0423,2025-01-18 15:00:00,8017.925268595638,6782.774091902494,4415.937470836045
forecast_0424,2025-01-18 16:00:00,8065.630141444427,8290.439406062716,4563.606257152061
forecast_0425,2025-01-18 17:00:00,13142.081530599959,12742.864174846989,6953.2889725020395
forecast_0426,2025-01-18 18:00:00,15630.350306006876,16287.977519747623,9027.222419780439
forecast_0427,2025-01-18 19:00:00,16092.294394567674,17223.928077164575,11990.35350887685
forecast_0428,2025-01-18 20:00:00,17444.124668911376,17940.80689572643,12731.045381495498
forecast_0429,2025-01-18 21:00:00,18601.648092291765,18500.750341648785,13734.911944344396
forecast_0430,2025-01-18 22:00:00,20366.158083053444,19041.891556502662,15175.242381173717
forecast_0431,2025-01-18 23:00:00,19622.705875335443,19093.38349801646,14835.984969786596
forecast_0432,2025-01-19 00:00:00,19646.57010063511,18999.718144803894,15084.545515670141
forecast_0433,2025-01-19 01:00:00,18887.32499998199,18508.916226356425,14508.077023466454
forecast_0434,2025-01-19 02:00:00,19071.15361351818,18739.020436262803,14479.515229567713
forecast_0435,2025-01-19 03:00:00,18647.826971375525,18816.114100097995,15480.000130479102
forecast_0436,2025-01-19 04:00:00,18726.76315855303,18885.63476708194,16406.84042659293
forecast_0437,2025-01-19 05:00:00,19692.973426943397,19282.60177671476,16821.094146730287
forecast_0438,2025-01-19 06:00:00,20366.809959827107,19480.788970146554,17202.8879405645
forecast_0439,2025-01-19 07:00:00,20407.877919687144,19594.003461895907,16964.95271694426
forecast_0440,2025-01-19 08:00:00,19350.38158025265,19055.62188369988,14783.362075471408
forecast_0441,2025-01-19 09:00:00,18869.316991150332,18621.70703758132,13116.54712537371
forecast_0442,2025-01-19 10:00:00,17713.33793160089,16701.455316864933,11553.469114553522
forecast_0443,2025-01-19 11:00:00,14800.00280125798,15522.10622451748,9919.658976235032
forecast_0444,2025-01-19 12:00:00,12585.394625109686,15398.253796476687,8263.724041265741
forecast_0445,2025-01-19 13:00:00,12016.920817667475,14905.192067443752,7557.661266599486
forecast_0446,2025-01-19 14:00:00,10527.441506568499,12875.723814669256,6854.034139641317
forecast_0447,2025-01-19 15:00:00,8643.311822693355,10079.735187543321,4940.272973182526
forecast_0448,2025-01-19 16:00:00,9270.923459883357,9917.44520914389,5961.40522110461
forecast_0449,2025-01-19 17:00:00,11306.509508493678,10156.916938956152,6329.768906237839
forecast_0450,2025-01-19 18:00:00,11329.938484341958,10910.946113806354,7087.221101366825
forecast_0451,2025-01-19 19:00:00,13283.489529772161,13179.263399270654,7183.6554666313305
forecast_0452,2025-01-19 20:00:00,12210.304401904352,12349.125275130435,7010.563489405724
forecast_0453,2025-01-19 21:00:00,12104.218796146177,11677.187435783571,6985.456148806435
forecast_0454,2025-01-19 22:00:00,11628.032890956887,11512.604110837548,8212.90481461331
forecast_0455,2025-01-19 23:00:00,11278.584152217894,11294.937055342674,7595.339476704127
forecast_0456,2025-01-20 00:00:00,10593.811926862034,10566.468107283741,7450.560990330965
forecast_0457,2025-01-20 01:00:00,10439.52320913304,8955.624830170778,5631.771144575764
forecast_0458,2025-01-20 02:00:00,8917.132507681523,8014.713112362619,5099.176648229359
forecast_0459,2025-01-20 03:00:00,7994.17130645562,6508.681258700919,4673.694744612282
forecast_0460,2025-01-20 04:00:00,6436.841953810493,5291.8815959593485,4144.085086935546
forecast_0461,2025-01-20 05:00:00,5552.908986913422,3665.1773153951685,3739.9403147285807
forecast_0462,2025-01-20 06:00:00,3507.948614268026,3317.0110234709045,3485.491031694624
forecast_0463,2025-01-20 07:00:00,3419.3420478876524,2880.0622793305024,3385.438647677776
forecast_0464,2025-01-20 08:00:00,3231.176257617032,2793.341235960568,3369.677146078596
forecast_0465,2025-01-20 09:00:00,3158.592422578064,2654.468252640447,3369.2358030715054
forecast_0466,2025-01-20 10:00:00,3130.569904714332,2537.568456663357,3363.503691986578
forecast_0467,2025-01-20 11:00:00,3127.07928897937,2536.9367995048488,3361.669832956321
forecast_0468,2025-01-20 12:00:00,3125.937680201466,2539.033749262331,3361.11184769146
forecast_0469,2025-01-20 13:00:00,3128.534168575205,2542.704127874809,3360.8126389765594
forecast_0470,2025-01-20 14:00:00,3127.823567050392,2537.8540515258205,3360.7300161523995
forecast_0471,2025-01-20 15:00:00,3128.538656594205,2530.7801673411996,3361.398077040007
forecast_0472,2025-01-20 16:00:00,3133.058336034064,2572.715156759134,3363.871419869393
forecast_0473,2025-01-20 17:00:00,3129.7383638957986,2558.259384131776,3362.8863601685307
forecast_0474,2025-01-20 18:00:00,3130.495115154039,2558.567597364879,3362.0950079051654
forecast_0475,2025-01-20 19:00:00,3132.2808620728665,2568.984822661237,3362.5632131836273
forecast_0476,2025-01-20 20:00:00,3130.8539212539677,2535.7902109649767,3361.9968751700926
forecast_0477,2025-01-20 21:00:00,3139.7158020059182,2557.4418131800458,3363.552342122906
forecast_0478,2025-01-20 22:00:00,3150.886110953486,2560.4865372860572,3367.914712466695
forecast_0479,2025-01-20 23:00:00,3164.5423507856885,2575.094036030929,3370.068159657195
forecast_0480,2025-01-21 00:00:00,3184.415357275898,2691.726600676755,3379.926750449433
forecast_0481,2025-01-21 01:00:00,3283.180609547064,2879.0339200949943,3493.6775506272274
forecast_0482,2025-01-21 02:00:00,3428.3746231481064,3192.3779836001577,3484.163264471006
forecast_0483,2025-01-21 03:00:00,3516.356518528157,3394.646886109429,3631.3743956719272
forecast_0484,2025-01-21 04:00:00,3626.5613292030985,3533.0945418747965,3638.212460182511
forecast_0485,2025-01-21 05:00:00,3570.0673952572597,3544.501541665788,3528.970385604281
forecast_0486,2025-01-21 06:00:00,3493.2646514084904,3298.585144917798,3560.3464890137993
forecast_0487,2025-01-21 07:00:00,3467.2471725568903,3153.2525517721892,3610.4869572208063
forecast_0488,2025-01-21 08:00:00,3384.9112983224336,3031.2153513743397,3450.011799535011
forecast_0489,2025-01-21 09:00:00,3421.639108055847,3056.3003244312467,3406.673554285109
forecast_0490,2025-01-21 10:00:00,3264.724682114264,2777.8632548327464,3370.847738362523
forecast_0491,2025-01-21 11:00:00,3210.3949112304963,2805.188631372263,3368.575359684606
forecast_0492,2025-01-21 12:00:00,3381.314091770763,3157.3799261704226,3408.60970975227
forecast_0493,2025-01-21 13:00:00,3374.7385741339763,3334.8900392777077,3428.403454781292
forecast_0494,2025-01-21 14:00:00,3583.33685847983,3484.63165256961,3465.148238302322
forecast_0495,2025-01-21 15:00:00,3679.6183813687944,3751.2276020003537,3468.614979756236
forecast_0496,2025-01-21 16:00:00,3992.808147050248,5503.7907474785825,3658.9562414145107
forecast_0497,2025-01-21 17:00:00,7591.847233347285,6873.815278011511,4663.444402959866
forecast_0498,2025-01-21 18:00:00,9896.444893405383,9430.582117924858,6275.617261515895
forecast_0499,2025-01-21 19:00:00,11598.552650199439,12556.158799210376,7833.603845658097
forecast_0500,2025-01-21 20:00:00,12847.848397007372,14554.699023489524,8984.817751127806
forecast_0501,2025-01-21 21:00:00,13311.126916132436,14785.923829593787,9215.90143555441
forecast_0502,2025-01-21 22:00:00,13095.943191537955,14871.184959040449,9926.662463070386
forecast_0503,2025-01-21 23:00:00,13459.81271127988,15864.80735571359,10375.1040360316
forecast_0504,2025-01-22 00:00:00,12903.63338711634,15473.4971027701,9592.384155142438
forecast_0505,2025-01-22 01:00:00,11612.566167895118,13425.288508925225,8434.40101261781
forecast_0506,2025-01-22 02:00:00,11935.08842368919,13679.706098824921,8958.584247200915
forecast_0507,2025-01-22 03:00:00,13524.370309645456,15651.99000188677,10412.599074663924
forecast_0508,2025-01-22 04:00:00,14053.149948859222,15939.966923505184,10904.940463698273
forecast_0509,2025-01-22 05:00:00,14135.707666349324,15672.717245229474,11096.517051409428
forecast_0510,2025-01-22 06:00:00,15434.136854946866,15906.758698826217,11706.214103896215
forecast_0511,2025-01-22 07:00:00,15455.976798673122,14962.595222038939,11261.354360259298
forecast_0512,2025-01-22 08:00:00,14609.530523633422,14771.28452362624,10686.730660733667
forecast_0513,2025-01-22 09:00:00,14101.902951411897,14343.420694857898,10681.371745746097
forecast_0514,2025-01-22 10:00:00,13350.85223335579,12592.071515114045,9498.345137980454
forecast_0515,2025-01-22 11:00:00,11691.433562147942,11780.490972414595,8535.45438351188
forecast_0516,2025-01-22 12:00:00,10739.770645916862,11015.242853653592,7926.927067742827
forecast_0517,2025-01-22 13:00:00,9187.230537704594,9410.133787687315,6345.813888316533
forecast_0518,2025-01-22 14:00:00,8730.210585085622,7603.9733181306065,5663.031279892585
forecast_0519,2025-01-22 15:00:00,7752.375393566043,6902.613580841595,5290.807691978373
forecast_0520,2025-01-22 16:00:00,8827.46763800841,8552.99970724195,5715.321262259985
forecast_0521,2025-01-22 17:00:00,8347.416836884096,7561.049469011371,5842.607668916497
forecast_0522,2025-01-22 18:00:00,10481.36775992334,10025.719829689146,7175.231610707831
forecast_0523,2025-01-22 19:00:00,9687.531727640671,10444.060007297103,7354.729716659446
forecast_0524,2025-01-22 20:00:00,9666.563393992576,10923.645212957497,6698.622900351638
forecast_0525,2025-01-22 21:00:00,9947.185063038825,11508.201931025818,6770.824514229333
forecast_0526,2025-01-22 22:00:00,10465.351109903206,12164.86082106611,6771.4088951457325
forecast_0527,2025-01-22 23:00:00,10884.31839050352,13282.529738272227,7678.498581411422
forecast_0528,2025-01-23 00:00:00,11749.729572133132,13505.935241940466,8300.207779100447
forecast_0529,2025-01-23 01:00:00,13278.287599848778,15991.978057011092,10459.706312408314
forecast_0530,2025-01-23 02:00:00,13397.007806586604,15963.519926164829,10238.601103682875
forecast_0531,2025-01-23 03:00:00,13320.525995652464,15899.950050810548,10282.253057577667
forecast_0532,2025-01-23 04:00:00,13394.925048847514,15702.328621740024,10052.428415945984
forecast_0533,2025-01-23 05:00:00,12552.517882982615,15132.776562079565,9809.344890928163
forecast_0534,2025-01-23 06:00:00,11784.786192403617,14097.908684510225,9292.841957058712
forecast_0535,2025-01-23 07:00:00,11118.814646150322,13312.378239069592,8207.70507167015
forecast_0536,2025-01-23 08:00:00,10035.857654152527,11464.506164831917,6403.937086223844
forecast_0537,2025-01-23 09:00:00,8414.7776243583,9946.075502337493,4688.383501776184
forecast_0538,2025-01-23 10:00:00,6896.489176449567,6982.7573958992125,3716.7779574372316
forecast_0539,2025-01-23 11:00:00,3670.877078046337,3781.507079832685,3565.6507053902965
forecast_0540,2025-01-23 12:00:00,3519.6168811929933,3667.4770791817846,3543.886521044738
forecast_0541,2025-01-23 13:00:00,3518.1186324589853,3599.910151428645,3668.0031547136355
forecast_0542,2025-01-23 14:00:00,3508.339193567514,3383.4382605793994,3633.547031139136
forecast_0543,2025-01-23 15:00:00,3362.738263162176,3140.725196156397,3417.255384706247
forecast_0544,2025-01-23 16:00:00,3268.5019736580844,2980.0968344888115,3418.3234249057487
forecast_0545,2025-01-23 17:00:00,3288.753428547302,2960.350407790601,3389.7796443745874
forecast_0546,2025-01-23 18:00:00,3314.03017256373,3180.5903833718853,3388.076836492965
forecast_0547,2025-01-23 19:00:00,3398.1224301608536,3514.2834695007473,3461.779577351073
forecast_0548,2025-01-23 20:00:00,3424.251637255234,3381.9018727264693,3432.7935162102267
forecast_0549,2025-01-23 21:00:00,3568.2938723373222,3514.4741328493324,3479.8243330306623
forecast_0550,2025-01-23 22:00:00,3610.721245059496,3548.6099294428936,3461.599933110464
forecast_0551,2025-01-23 23:00:00,3555.7234821541056,3422.237634660439,3477.609398717352
forecast_0552,2025-01-24 00:00:00,3418.68917653009,3223.7929606521175,3408.685496008701
forecast_0553,2025-01-24 01:00:00,3219.1989086124436,2788.1134455156784,3399.0463954759234
forecast_0554,2025-01-24 02:00:00,3230.240483363289,2813.0742554167996,3378.843134479726
forecast_0555,2025-01-24 03:00:00,3237.8475699056144,2810.0609994570177,3376.5480682522134
forecast_0556,2025-01-24 04:00:00,3242.94716774703,2775.896283911487,3368.40326084
forecast_0557,2025-01-24 05:00:00,3164.677782330572,2680.3093429865044,3367.3327000834615
forecast_0558,2025-01-24 06:00:00,3175.56388469088,2678.3756911710107,3366.56383253494
forecast_0559,2025-01-24 07:00:00,3182.9083803879835,2725.676466561457,3367.0753886175203
forecast_0560,2025-01-24 08:00:00,3145.008676277603,2593.414425855035,3362.53451308274
forecast_0561,2025-01-24 09:00:00,3138.960170002644,2589.0480608215526,3362.872515727245
forecast_0562,2025-01-24 10:00:00,3128.385753016611,2548.0656981513353,3361.8797332860236
forecast_0563,2025-01-24 11:00:00,3129.741499370742,2556.879022510078,3361.557621755598
forecast_0564,2025-01-24 12:00:00,3127.753035632438,2529.1551289205736,3361.5874405618847
forecast_0565,2025-01-24 13:00:00,3131.8553199133726,2567.8801327528067,3362.077677903825
forecast_0566,2025-01-24 14:00:00,3136.2372178990713,2590.933531308231,3363.651683842582
forecast_0567,2025-01-24 15:00:00,3136.61213473474,2594.4428282144627,3365.4009008083003
forecast_0568,2025-01-24 16:00:00,3131.66353329156,2567.347344098183,3366.551719747324
forecast_0569,2025-01-24 17:00:00,3144.292096310994,2601.6638408133563,3375.4661886406757
forecast_0570,2025-01-24 18:00:00,3154.7103446916044,2627.1848119946317,3373.8895996961032
forecast_0571,2025-01-24 19:00:00,3315.563505481427,3074.8022170053523,3389.623689528096
forecast_0572,2025-01-24 20:00:00,3476.4373000146065,3425.9760822658845,3408.7798127056635
forecast_0573,2025-01-24 21:00:00,3411.647231301017,3244.8970153264445,3426.674606765824
forecast_0574,2025-01-24 22:00:00,3367.1641602447658,3199.6345381709452,3423.2723623696875
forecast_0575,2025-01-24 23:00:00,3380.64285380769,3382.0985809116796,3473.76531723037
forecast_0576,2025-01-25 00:00:00,3336.9729727113663,3425.9718223787418,3541.4974979164363
forecast_0577,2025-01-25 01:00:00,3346.6738771122136,3072.4040299596413,3432.8565912009067
forecast_0578,2025-01-25 02:00:00,3268.8262120771437,2999.2972403998774,3439.6579481517024
forecast_0579,2025-01-25 03:00:00,3321.6314081946925,3220.654877629527,3657.6841731563068
forecast_0580,2025-01-25 04:00:00,3304.531338848191,3356.4307875152895,3430.0605673798664
forecast_0581,2025-01-25 05:00:00,3293.9159792433998,3290.4359011186793,3476.384118407966
forecast_0582,2025-01-25 06:00:00,3281.337369183019,3252.125924760263,3485.0327702226623
forecast_0583,2025-01-25 07:00:00,3272.8003704905937,3210.2354514091526,3484.456289059134
forecast_0584,2025-01-25 08:00:00,3266.515537314327,3182.4022546219394,3496.376504237652
forecast_0585,2025-01-25 09:00:00,3265.4233957546066,3171.923551640189,3463.914894783387
forecast_0586,2025-01-25 10:00:00,3256.740708531376,3121.1788300540825,3498.4881107220103
forecast_0587,2025-01-25 11:00:00,3256.8770537652667,3119.532529269844,3524.5706165787296
forecast_0588,2025-01-25 12:00:00,3226.4758005599588,2982.6305527764434,3506.075768186206
forecast_0589,2025-01-25 13:00:00,3204.7722122372757,2867.802231724161,3451.7372961006613
forecast_0590,2025-01-25 14:00:00,3200.4699935734634,2866.0733123258874,3456.6108549243304
forecast_0591,2025-01-25 15:00:00,3181.226965047405,2780.261500590307,3426.254182693551
forecast_0592,2025-01-25 16:00:00,3221.6310813179284,2955.048552938905,3457.8318464170684
forecast_0593,2025-01-25 17:00:00,3236.9925446651228,3028.5812128677253,3439.3203690355363
forecast_0594,2025-01-25 18:00:00,3246.980890215971,3058.5044847099953,3445.2919015117272
forecast_0595,2025-01-25 19:00:00,3245.8846828168366,3027.8388231694507,3435.34035508522
forecast_0596,2025-01-25 20:00:00,3246.6879830477337,3008.8165570737233,3440.8641457351055
forecast_0597,2025-01-25 21:00:00,3274.278284894797,3187.2935382480387,3463.4248553984658
forecast_0598,2025-01-25 22:00:00,3390.5932371283902,3451.847158101373,3416.5694672495088
forecast_0599,2025-01-25 23:00:00,3369.133278466451,3441.4767701717446,3434.3473554209904
forecast_0600,2025-01-26 00:00:00,3370.682080222055,3464.937263618672,3434.2308144805706
forecast_0601,2025-01-26 01:00:00,3357.010134624886,3451.774112608475,3463.6848096904387
forecast_0602,2025-01-26 02:00:00,3335.560850840598,3410.390675181368,3440.4255410604037
forecast_0603,2025-01-26 03:00:00,3313.096222286105,3374.995066795149,3436.0766100574997
forecast_0604,2025-01-26 04:00:00,3325.7812237404987,3231.407100292344,3552.771042852091
forecast_0605,2025-01-26 05:00:00,3311.3617858706434,3228.509131616578,3483.007144067946
forecast_0606,2025-01-26 06:00:00,3373.1817122649827,3257.242553531669,3458.5441862673133
forecast_0607,2025-01-26 07:00:00,3385.3733887009666,3228.7204043850534,3447.631991488275
forecast_0608,2025-01-26 08:00:00,3392.5647258782046,3054.190904393809,3466.8000917533386
forecast_0609,2025-01-26 09:00:00,3318.40854861263,2936.834394625153,3429.960873415579
forecast_0610,2025-01-26 10:00:00,3236.7741534987113,2800.6897331331675,3420.677039302079
forecast_0611,2025-01-26 11:00:00,3223.406583967038,2813.968015567787,3433.9257236595154
forecast_0612,2025-01-26 12:00:00,3203.615383661407,2790.946909723027,3396.7027550108437
forecast_0613,2025-01-26 13:00:00,3167.7062353142164,2657.5631020240644,3373.7886682260046
forecast_0614,2025-01-26 14:00:00,3146.0095291312296,2619.2894480801415,3365.5442570172445
forecast_0615,2025-01-26 15:00:00,3126.214656444408,2540.9910548500698,3364.400528249544
forecast_0616,2025-01-26 16:00:00,3135.493266222142,2591.350786325571,3363.1310681325463
forecast_0617,2025-01-26 17:00:00,3135.9311457580407,2582.004619852501,3365.08777740027
forecast_0618,2025-01-26 18:00:00,3144.7456890889107,2622.9153606808604,3363.9597989853637
forecast_0619,2025-01-26 19:00:00,3169.791249289906,2742.2645874115096,3365.5557217545793
forecast_0620,2025-01-26 20:00:00,3167.225710915091,2723.713233422689,3364.8306722442107
forecast_0621,2025-01-26 21:00:00,3235.3194947604507,2987.6542273319196,3373.5439685213055
forecast_0622,2025-01-26 22:00:00,3215.648394155458,2895.2811040213137,3368.3857183475493
forecast_0623,2025-01-26 23:00:00,3182.871881665849,2783.810834285172,3369.586346578247
forecast_0624,2025-01-27 00:00:00,3208.5778484600123,2847.5590669277,3373.5604209225726
forecast_0625,2025-01-27 01:00:00,3236.4190067713757,2866.1312349764016,3380.3283766209215
forecast_0626,2025-01-27 02:00:00,3241.179333535561,2878.411532374154,3389.061725537568
forecast_0627,2025-01-27 03:00:00,3351.9291445304875,2984.4623875193447,3377.7683125642598
forecast_0628,2025-01-27 04:00:00,3399.567402336564,3138.5334556888874,3410.410932746709
forecast_0629,2025-01-27 05:00:00,3582.0380628743305,3175.602220679569,3459.8618530298313
forecast_0630,2025-01-27 06:00:00,3531.2697139657766,3200.318447281073,3486.3334485608084
forecast_0631,2025-01-27 07:00:00,3446.341118178115,3131.3590656157558,3401.681058975896
forecast_0632,2025-01-27 08:00:00,3557.6662992543565,3414.2947098055924,3447.435886645879
forecast_0633,2025-01-27 09:00:00,3610.1472286312946,3615.5363737862585,3561.17154119751
forecast_0634,2025-01-27 10:00:00,3581.768589192486,3393.3000485719103,3463.99765684081
forecast_0635,2025-01-27 11:00:00,4765.183671162994,4020.923358427088,3714.0009411539345
forecast_0636,2025-01-27 12:00:00,11432.995540266367,9920.381903483432,8689.909050786684
forecast_0637,2025-01-27 13:00:00,13735.22216810606,14506.39493334587,11669.07802193282
forecast_0638,2025-01-27 14:00:00,16209.126271311845,16343.590948206,14410.075956226769
forecast_0639,2025-01-27 15:00:00,17132.690768826054,17368.44273460022,16748.409775159063
forecast_0640,2025-01-27 16:00:00,17463.473699246762,18318.52256742033,17753.49557441984
forecast_0641,2025-01-27 17:00:00,17623.795036898926,17906.829800514355,17658.85844464175
forecast_0642,2025-01-27 18:00:00,17362.311176365478,17691.085671307457,17350.468561123747
forecast_0643,2025-01-27 19:00:00,16418.627618365557,17726.849648740994,17638.695847730076
forecast_0644,2025-01-27 20:00:00,16543.31756227533,17583.53705540934,17556.164485615813
forecast_0645,2025-01-27 21:00:00,16430.49686181512,17547.632497294955,17147.28493583744
forecast_0646,2025-01-27 22:00:00,16672.560913664292,17788.372213744762,17790.771622587865
forecast_0647,2025-01-27 23:00:00,16734.68706885236,17905.593007840685,17314.3582372445
forecast_0648,2025-01-28 00:00:00,16850.884803216766,18064.151589622405,17751.361406147065
forecast_0649,2025-01-28 01:00:00,16767.664465076843,17835.507929928805,17379.31684299421
forecast_0650,2025-01-28 02:00:00,16880.88896816775,17933.023630883265,17657.191444385695
forecast_0651,2025-01-28 03:00:00,16887.43833568547,17804.139430907,17076.34898967539
forecast_0652,2025-01-28 04:00:00,16810.253416771462,17865.12769015054,16540.917238578382
forecast_0653,2025-01-28 05:00:00,16789.325649101236,18005.78252118034,17051.071662449092
forecast_0654,2025-01-28 06:00:00,16992.897938298738,18139.946771435498,17349.90728953466
forecast_0655,2025-01-28 07:00:00,17297.07760318,18276.36531977007,18221.90289939444
forecast_0656,2025-01-28 08:00:00,16895.111145954765,18064.91654679267,17102.744134052828
forecast_0657,2025-01-28 09:00:00,16703.002341718555,18019.698607406284,16948.066013816184
forecast_0658,2025-01-28 10:00:00,16902.094404793246,17727.571227897573,17375.630480623146
forecast_0659,2025-01-28 11:00:00,16526.07124135171,17363.790827785637,16891.220134539555
forecast_0660,2025-01-28 12:00:00,16485.537741522185,17267.819607722555,17051.071490877788
forecast_0661,2025-01-28 13:00:00,16177.7643261176,17083.389888568763,16592.118630033918
forecast_0662,2025-01-28 14:00:00,16028.564757691818,17152.415950243318,16428.132030019955
forecast_0663,2025-01-28 15:00:00,15680.531513512797,17051.57165202651,15600.694307235633
forecast_0664,2025-01-28 16:00:00,16180.073285821007,17336.152568550864,15657.45798612675
forecast_0665,2025-01-28 17:00:00,15775.929048370786,17133.064951788983,14637.462577238926
forecast_0666,2025-01-28 18:00:00,15984.131166275207,17278.874228479366,14435.813963913508
forecast_0667,2025-01-28 19:00:00,16686.46343642643,17503.602187802648,14525.425310072953
forecast_0668,2025-01-28 20:00:00,17319.279859801067,17867.870484859908,16324.631986984416
forecast_0669,2025-01-28 21:00:00,17793.97923947352,18159.442645960316,16592.777237327125
forecast_0670,2025-01-28 22:00:00,18099.986817013374,18499.16040335468,17382.922829204075
forecast_0671,2025-01-28 23:00:00,18044.807989678022,18390.120901822113,16928.565151879262
forecast_0672,2025-01-29 00:00:00,17523.559335676753,17918.629010646557,16903.157998232975
forecast_0673,2025-01-29 01:00:00,16817.322369584414,17219.777198788317,16349.266881191888
forecast_0674,2025-01-29 02:00:00,16918.30634267141,17566.397894240534,16437.263040608545
forecast_0675,2025-01-29 03:00:00,17044.290616201146,17475.260120653176,16263.319547638564
forecast_0676,2025-01-29 04:00:00,17021.823313206318,17475.81077704631,16397.3045658558
forecast_0677,2025-01-29 05:00:00,17170.382788557126,17622.09852869781,16270.737099093018
forecast_0678,2025-01-29 06:00:00,17151.736390266407,17520.169087062823,16346.264093254502
forecast_0679,2025-01-29 07:00:00,17275.00553370296,17851.62842874965,16495.720640133466
forecast_0680,2025-01-29 08:00:00,17339.413231815393,17980.467790691855,15411.722120918825
forecast_0681,2025-01-29 09:00:00,17123.083654203758,17941.29691095313,15423.991893561715
forecast_0682,2025-01-29 10:00:00,17065.310564614203,18032.27780214978,15360.410742236265
forecast_0683,2025-01-29 11:00:00,16912.11841251553,17527.92358884353,15207.388462293167
forecast_0684,2025-01-29 12:00:00,16702.225949337062,17471.41283506292,15265.037896065134
forecast_0685,2025-01-29 13:00:00,16555.90603146735,17565.31759632125,15323.923469822006
forecast_0686,2025-01-29 14:00:00,16378.759865409147,17401.624799116104,15782.244172009783
forecast_0687,2025-01-29 15:00:00,16487.250905475972,17208.697605429858,15767.685177374671
forecast_0688,2025-01-29 16:00:00,15496.047649360089,17067.819187113706,14128.474240604872
forecast_0689,2025-01-29 17:00:00,14981.244287244157,16750.981396694944,12914.22560521083
forecast_0690,2025-01-29 18:00:00,14797.576356560126,16718.930583206704,12482.897803838501
forecast_0691,2025-01-29 19:00:00,14798.917225410489,16833.72043691458,12882.65670092047
forecast_0692,2025-01-29 20:00:00,14938.946477775811,16745.505292346574,12858.043426354025
forecast_0693,2025-01-29 21:00:00,14967.501644526865,16799.3228872684,12785.72880007299
forecast_0694,2025-01-29 22:00:00,14880.26060210062,17010.95696490834,12940.232934877953
forecast_0695,2025-01-29 23:00:00,14361.342121243038,17050.37298236264,12767.867750335416
forecast_0696,2025-01-30 00:00:00,14102.968347003356,16975.917902430847,12793.144156344266
forecast_0697,2025-01-30 01:00:00,14394.494396388967,17165.88869964146,13254.42759275877
forecast_0698,2025-01-30 02:00:00,15204.285642515113,17355.144480995612,13423.634542020207
forecast_0699,2025-01-30 03:00:00,15599.98009341751,17453.926721103322,13416.37593300034
forecast_0700,2025-01-30 04:00:00,15536.952726784313,17279.855437041053,13246.157285267307
forecast_0701,2025-01-30 05:00:00,15676.500369717673,17294.5544918175,12844.768469609799
forecast_0702,2025-01-30 06:00:00,15833.873147187895,17231.376874065118,13091.947373697034
forecast_0703,2025-01-30 07:00:00,15742.559837720548,17317.49635424994,13027.256219688717
forecast_0704,2025-01-30 08:00:00,15666.178823233213,17290.713790483856,11768.286653305217
forecast_0705,2025-01-30 09:00:00,15881.758541612546,17252.436319779226,12197.907852694483
forecast_0706,2025-01-30 10:00:00,15261.270593598698,16607.611661922256,12143.354815278368
forecast_0707,2025-01-30 11:00:00,15035.213778545058,16447.262286883946,11841.344764089139
forecast_0708,2025-01-30 12:00:00,15538.104172093956,15741.574397972663,11824.087805551508
forecast_0709,2025-01-30 13:00:00,14985.136253112345,15005.428416784052,11516.160204647535
forecast_0710,2025-01-30 14:00:00,14884.286108850325,14741.56839916674,11348.665138289809
forecast_0711,2025-01-30 15:00:00,14553.67236838278,15065.838589039136,11550.269700265337
forecast_0712,2025-01-30 16:00:00,14715.117437875891,15143.634063983432,11749.232773858761
forecast_0713,2025-01-30 17:00:00,14924.1259912135,15830.719502972192,13648.951122217914
forecast_0714,2025-01-30 18:00:00,16575.090650630413,16237.908279570047,15399.690468692072
forecast_0715,2025-01-30 19:00:00,16063.293268790403,15659.216359124153,14809.027460919635
forecast_0716,2025-01-30 20:00:00,15840.271154544058,15775.189859450373,15173.12557938067
forecast_0717,2025-01-30 21:00:00,15650.696219226324,15458.250283135063,14451.545063711643
forecast_0718,2025-01-30 22:00:00,16146.567919525538,16628.50907354361,14607.428902712403
forecast_0719,2025-01-30 23:00:00,15813.055009151618,16522.989689192163,14623.023872937627
forecast_0720,2025-01-31 00:00:00,15299.480464841577,16082.503466995837,13500.646730295208
forecast_0721,2025-01-31 01:00:00,15841.067991156313,16027.384568385347,14267.096039149419
forecast_0722,2025-01-31 02:00:00,15980.389834902904,16061.580368805573,13622.127389664518
forecast_0723,2025-01-31 03:00:00,15685.701398681118,15555.024034544207,12484.513913877261
forecast_0724,2025-01-31 04:00:00,15712.185472734309,15368.624637211624,13078.365086479576
forecast_0725,2025-01-31 05:00:00,14704.915967749079,14888.945772372317,12644.093046984348
forecast_0726,2025-01-31 06:00:00,15790.623023935403,15699.251666876567,13150.821507714774
forecast_0727,2025-01-31 07:00:00,13872.195241484958,14903.936453818307,13561.527597169033
forecast_0728,2025-01-31 08:00:00,13789.314204539627,13198.750753720995,12363.499415510954
forecast_0729,2025-01-31 09:00:00,12772.026832515503,12306.070541660218,10451.569395328968
forecast_0730,2025-01-31 10:00:00,12594.050009596833,11315.678663356772,9034.718844950985
forecast_0731,2025-01-31 11:00:00,11474.899759669428,10865.079710980675,8888.406880165012
forecast_0732,2025-01-31 12:00:00,9664.071715353903,9309.548274435145,7571.914252491961
forecast_0733,2025-01-31 13:00:00,8507.784488117031,8108.461942907773,5354.954262432576
forecast_0734,2025-01-31 14:00:00,6781.687860802839,6907.867881971884,4386.768196726626
forecast_0735,2025-01-31 15:00:00,6015.629845942676,5727.0894083158755,3864.9218356693445
forecast_0736,2025-01-31 16:00:00,3702.8099016288506,3763.1274488180998,3725.9254207281087
forecast_0737,2025-01-31 17:00:00,3642.5045349726865,3454.115218379501,3566.256446892371
forecast_0738,2025-01-31 18:00:00,3600.1878512524813,3522.373320151549,3473.516382852987
forecast_0739,2025-01-31 19:00:00,3615.9663488564433,3631.2081126723397,3490.8517245823937
forecast_0740,2025-01-31 20:00:00,3558.730531827506,3709.230748922426,3519.780248608424
forecast_0741,2025-01-31 21:00:00,4232.315290396908,6744.537638425683,3585.3627701256396
forecast_0742,2025-01-31 22:00:00,3625.1351480754706,3850.5854056343937,3531.6487444416684
forecast_0743,2025-01-31 23:00:00,4293.057371086915,6874.445040788319,3668.513306506463
forecast_0744,2025-02-01 00:00:00,3610.762926297147,3805.982297366475,3562.7754063447055
forecast_0745,2025-02-01 01:00:00,6566.605133499218,3821.500612295507,3586.118484054703
forecast_0746,2025-02-01 02:00:00,3537.0671324303166,3521.573975692119,3459.463658640135
forecast_0747,2025-02-01 03:00:00,3400.28299462455,3212.723646600339,3407.8031403948476
forecast_0748,2025-02-01 04:00:00,3332.715349468908,3088.0646606302803,3394.4537922885274
forecast_0749,2025-02-01 05:00:00,3290.097281255612,3046.5567370587205,3419.891258361948
forecast_0750,2025-02-01 06:00:00,3188.971291187007,2688.9823355542967,3374.085092474238
forecast_0751,2025-02-01 07:00:00,3133.5131412756573,2550.094060835398,3365.4435467648223
forecast_0752,2025-02-01 08:00:00,3149.647944973869,2615.7996335649973,3373.816122582129
forecast_0753,2025-02-01 09:00:00,3124.091153817469,2530.3574480119396,3365.8311709926147
forecast_0754,2025-02-01 10:00:00,3125.8453453600314,2530.013853998777,3364.904448636583
forecast_0755,2025-02-01 11:00:00,3128.6451360696074,2549.913636238316,3362.9345810438695
forecast_0756,2025-02-01 12:00:00,3127.697447241889,2540.3665929646845,3361.5836162454607
forecast_0757,2025-02-01 13:00:00,3125.993623244347,2528.7446227234673,3362.11612412443
forecast_0758,2025-02-01 14:00:00,3125.6186511858796,2529.352492016661,3367.056222296294
forecast_0759,2025-02-01 15:00:00,3123.1587867632834,2535.0914955054495,3364.3231161338626
forecast_0760,2025-02-01 16:00:00,3136.250898536047,2590.5941058249714,3363.2491780754303
forecast_0761,2025-02-01 17:00:00,3134.4195767544525,2580.838514948233,3362.7913180134988
forecast_0762,2025-02-01 18:00:00,3128.737473677987,2559.757725929918,3362.9412364768755
forecast_0763,2025-02-01 19:00:00,3132.5004528534987,2580.0174001019714,3362.218883851081
forecast_0764,2025-02-01 20:00:00,3124.6956812091526,2542.7043918881163,3363.405030893269
forecast_0765,2025-02-01 21:00:00,3132.1624773831286,2571.528969873012,3362.32231069585
forecast_0766,2025-02-01 22:00:00,3134.7103016643287,2575.5113548669224,3362.7022123308852
forecast_0767,2025-02-01 23:00:00,3135.499899947163,2575.5942234820914,3362.8425843188948
forecast_0768,2025-02-02 00:00:00,3146.52368756423,2593.4386009722202,3362.8395831128523
forecast_0769,2025-02-02 01:00:00,3175.550580324585,2679.3115169112307,3371.916748188123
forecast_0770,2025-02-02 02:00:00,3180.3739748583025,2659.695700084212,3369.1666805642935
forecast_0771,2025-02-02 03:00:00,3144.615719748231,2574.954324414316,3362.771500067256
forecast_0772,2025-02-02 04:00:00,3157.526601374122,2636.455007121203,3363.0015607531654
forecast_0773,2025-02-02 05:00:00,3157.388344586295,2644.579238276941,3362.5692567511287
forecast_0774,2025-02-02 06:00:00,3141.436996509532,2586.2096691357815,3361.4226757282922
forecast_0775,2025-02-02 07:00:00,3149.438635715581,2601.5558789686356,3362.5478043214157
forecast_0776,2025-02-02 08:00:00,3178.3543241966654,2703.779086917311,3366.1513501489785
forecast_0777,2025-02-02 09:00:00,3159.8844570943534,2671.650703556658,3362.045236119819
forecast_0778,2025-02-02 10:00:00,3157.5262802805473,2655.972534239812,3364.380460667129
forecast_0779,2025-02-02 11:00:00,3164.60683911692,2681.2737596827074,3366.9561185991565
forecast_0780,2025-02-02 12:00:00,3163.3808665847973,2697.2832152393376,3371.695330169156
forecast_0781,2025-02-02 13:00:00,3154.040360446394,2657.9254858959616,3370.2228744286253
forecast_0782,2025-02-02 14:00:00,3143.0981286872193,2605.139633591695,3374.855387452889
forecast_0783,2025-02-02 15:00:00,3135.340505106126,2556.3350732311187,3369.293993784727
forecast_0784,2025-02-02 16:00:00,3164.993106073471,2634.432956094208,3381.2753295979824
forecast_0785,2025-02-02 17:00:00,3309.455290866486,3068.5737206050244,3418.343274827513
forecast_0786,2025-02-02 18:00:00,3551.955808140676,3749.750171243061,3520.5267940209683
forecast_0787,2025-02-02 19:00:00,7169.438007084538,6267.380497819364,3606.0098258108933
forecast_0788,2025-02-02 20:00:00,9063.622974209626,8710.296747534907,3730.742595279452
forecast_0789,2025-02-02 21:00:00,11020.665264150059,9666.095663582453,8063.134839110049
forecast_0790,2025-02-02 22:00:00,14098.505703134602,13586.767169616227,10760.443061091899
forecast_0791,2025-02-02 23:00:00,15660.537020029622,14847.256260170481,12576.389123908024
forecast_0792,2025-02-03 00:00:00,15567.975224873848,15339.278320033543,12603.975897212642
forecast_0793,2025-02-03 01:00:00,17085.849272316857,16572.793407243706,14447.331319314913
forecast_0794,2025-02-03 02:00:00,17103.559327125993,17099.53109042047,15329.41507555736
forecast_0795,2025-02-03 03:00:00,16318.656793425967,16790.148383763895,15040.307388349536
forecast_0796,2025-02-03 04:00:00,15310.839323725939,16472.624814212973,15125.70113800541
forecast_0797,2025-02-03 05:00:00,15327.585875024412,15689.531624192989,13634.064365284603
forecast_0798,2025-02-03 06:00:00,15250.55383908565,15678.408528951348,13564.488067313192
forecast_0799,2025-02-03 07:00:00,15665.154456174212,16003.695035215604,15316.920064375532
forecast_0800,2025-02-03 08:00:00,15639.373350973608,16250.325178753114,14310.488378120423
forecast_0801,2025-02-03 09:00:00,15215.545990247732,16365.14535999757,13476.93152200605
forecast_0802,2025-02-03 10:00:00,15726.46643407377,15841.51021517582,11800.322661384182
forecast_0803,2025-02-03 11:00:00,15332.006037752888,15782.787947757395,11518.154454452035
forecast_0804,2025-02-03 12:00:00,15758.609043128523,15836.903659272964,11894.290899600046
forecast_0805,2025-02-03 13:00:00,15176.107384650124,15525.960300674871,11843.347822529076
forecast_0806,2025-02-03 14:00:00,15234.822476258001,15572.600275789657,11851.205560804145
forecast_0807,2025-02-03 15:00:00,15247.991395521298,15477.527611154563,11783.284028348604
forecast_0808,2025-02-03 16:00:00,15263.418597201491,15395.887386634122,11838.510774809152
forecast_0809,2025-02-03 17:00:00,15278.965989512557,15634.65492321067,12391.000900791367
forecast_0810,2025-02-03 18:00:00,15453.294067897137,15706.350796387494,13184.825284489907
forecast_0811,2025-02-03 19:00:00,15750.690895519157,15874.869006336261,14016.819097731839
forecast_0812,2025-02-03 20:00:00,15754.114391211786,15948.384824629175,14439.723847572257
forecast_0813,2025-02-03 21:00:00,15829.340345632967,15870.360464451336,14176.850751670749
forecast_0814,2025-02-03 22:00:00,15530.185469427735,15349.922013405729,15130.815494731387
forecast_0815,2025-02-03 23:00:00,15830.125636223245,15671.37536678166,15204.598494616399
forecast_0816,2025-02-04 00:00:00,15886.587825428296,15952.52095571457,14466.573579957896
forecast_0817,2025-02-04 01:00:00,16430.365647304225,16350.89768103768,14782.369702504053
forecast_0818,2025-02-04 02:00:00,16408.571173297212,16396.970372201118,14510.664051461812
forecast_0819,2025-02-04 03:00:00,16126.221966883724,15759.919350125869,14256.653116623069
forecast_0820,2025-02-04 04:00:00,15946.10844081197,15030.855787373954,14115.42959766071
forecast_0821,2025-02-04 05:00:00,15838.790030722867,14760.78913364762,13706.812033557924
forecast_0822,2025-02-04 06:00:00,16495.06047305645,15814.840255928997,13465.604465786824
forecast_0823,2025-02-04 07:00:00,16526.663619917435,15877.486043386183,13600.61032294197
forecast_0824,2025-02-04 08:00:00,16540.862794247616,15625.7847199079,12722.571489819538
forecast_0825,2025-02-04 09:00:00,16496.209815309932,15911.770060373316,12599.562071948429
forecast_0826,2025-02-04 10:00:00,15217.575789327002,15406.358547547135,12844.397796696616
forecast_0827,2025-02-04 11:00:00,15012.453575642658,15519.82880129686,13341.753904099776
forecast_0828,2025-02-04 12:00:00,15592.921284802158,14853.139638061115,14270.90692170987
forecast_0829,2025-02-04 13:00:00,15794.363619389733,14510.80831213259,12381.121910223495
forecast_0830,2025-02-04 14:00:00,14359.432818313378,13970.415867210442,11620.50982338663
forecast_0831,2025-02-04 15:00:00,14880.001882051361,13993.452378650834,11884.091010551372
forecast_0832,2025-02-04 16:00:00,15025.161776025865,14302.801389602002,11624.42162866454
forecast_0833,2025-02-04 17:00:00,15218.695528350967,14181.917781838025,12271.338732467755
forecast_0834,2025-02-04 18:00:00,15363.879350942629,14487.636868091122,12796.634982713487
forecast_0835,2025-02-04 19:00:00,15006.602792104435,14607.36429023424,13388.186068967008
forecast_0836,2025-02-04 20:00:00,15573.806397095592,15444.876360446733,14453.473873330424
forecast_0837,2025-02-04 21:00:00,16021.395767174306,15579.864881391844,13873.112475373931
forecast_0838,2025-02-04 22:00:00,16286.360194970814,16026.672683338156,13695.250990555705
forecast_0839,2025-02-04 23:00:00,16226.762922786416,16027.047611482509,13655.188163118519
forecast_0840,2025-02-05 00:00:00,16431.113324213005,16477.25156896872,13977.549632991215
forecast_0841,2025-02-05 01:00:00,16304.98675549162,16240.890817762926,14580.71275342444
forecast_0842,2025-02-05 02:00:00,16031.006432795808,16569.79756069468,14951.205625567005
forecast_0843,2025-02-05 03:00:00,15923.172549947218,16559.98308281947,14546.953927403472
forecast_0844,2025-02-05 04:00:00,15498.180909781573,16313.735648986687,14538.049574314517
forecast_0845,2025-02-05 05:00:00,15108.97572110579,16291.784520840458,13576.808886700068
forecast_0846,2025-02-05 06:00:00,15100.471658248938,16667.524171580608,14589.744431844656
forecast_0847,2025-02-05 07:00:00,15141.481036691082,16647.779431364394,14632.232698373278
forecast_0848,2025-02-05 08:00:00,15010.732474347042,16351.96415496659,12005.419491594477
forecast_0849,2025-02-05 09:00:00,14637.562827330456,15622.797461937265,11505.64532653727
forecast_0850,2025-02-05 10:00:00,14518.465633820902,15176.54914992238,10628.149885244402
forecast_0851,2025-02-05 11:00:00,14733.838021310083,15123.124593578825,10887.423956908744
forecast_0852,2025-02-05 12:00:00,14847.38380392277,15503.9007744971,11378.933316493707
forecast_0853,2025-02-05 13:00:00,15034.656194208414,15915.317979181318,11436.434923804734
forecast_0854,2025-02-05 14:00:00,14843.564921382978,15860.137349540462,11419.723958277695
forecast_0855,2025-02-05 15:00:00,14838.374701782577,15883.010767892176,11493.128968069816
forecast_0856,2025-02-05 16:00:00,14975.513187259903,16042.139058647885,11460.135466782278
forecast_0857,2025-02-05 17:00:00,14760.718012648585,15588.36122555471,11452.896517455381
forecast_0858,2025-02-05 18:00:00,14882.392086626189,14917.828543800924,11548.391328833795
forecast_0859,2025-02-05 19:00:00,14386.933558955941,14853.275805236422,12233.55906704573
forecast_0860,2025-02-05 20:00:00,14563.853668609525,14998.582523647365,13114.358856994102
forecast_0861,2025-02-05 21:00:00,14818.086758179654,14457.230517396076,14101.989291027136
forecast_0862,2025-02-05 22:00:00,15542.305074709026,15252.528684948154,14164.656985757072
forecast_0863,2025-02-05 23:00:00,15923.437038773403,15824.85030313088,14770.203257537707
forecast_0864,2025-02-06 00:00:00,15025.154826394175,15670.649055217737,14373.17372056818
forecast_0865,2025-02-06 01:00:00,15439.45382412624,14955.918350448488,14229.143223973988
forecast_0866,2025-02-06 02:00:00,15508.299544715961,15182.074733222189,14218.44985956746
forecast_0867,2025-02-06 03:00:00,16191.496710971485,16001.308853828865,14591.065082643136
forecast_0868,2025-02-06 04:00:00,16427.24920939723,16576.19862674052,15084.07841473411
forecast_0869,2025-02-06 05:00:00,16500.285068525718,16688.211081776186,15381.809719637098
forecast_0870,2025-02-06 06:00:00,16135.461490846666,16575.322233285857,14388.163546670956
forecast_0871,2025-02-06 07:00:00,15464.35949783229,15813.804509871956,13067.637050109535
forecast_0872,2025-02-06 08:00:00,15070.7833342781,15187.251090139844,11876.234641702727
forecast_0873,2025-02-06 09:00:00,14452.937272729065,14338.28408957093,12164.5609160049
forecast_0874,2025-02-06 10:00:00,13347.53302429217,12637.673379743577,11338.217957372002
forecast_0875,2025-02-06 11:00:00,13451.778004345999,12355.498755134913,10463.321245697387
forecast_0876,2025-02-06 12:00:00,13288.934731088953,12261.869607393144,10326.102434105165
forecast_0877,2025-02-06 13:00:00,13649.564302773775,13000.21701394593,11104.023678069012
forecast_0878,2025-02-06 14:00:00,14263.776909162396,13616.065404973526,13386.826279950727
forecast_0879,2025-02-06 15:00:00,13536.37859959397,13913.966829152767,13594.577098345393
forecast_0880,2025-02-06 16:00:00,14128.336200569536,14366.908541899273,13880.868337677533
forecast_0881,2025-02-06 17:00:00,13877.241431424765,14198.994570368852,12930.228046627308
forecast_0882,2025-02-06 18:00:00,14277.204946581614,13923.884924974165,13306.478186688308
forecast_0883,2025-02-06 19:00:00,14152.558484997695,13680.277724366233,14179.936764479116
forecast_0884,2025-02-06 20:00:00,14293.028357482208,13772.09158610935,14002.956628479453
forecast_0885,2025-02-06 21:00:00,14043.800040821134,13816.531643550812,13980.579546317877
forecast_0886,2025-02-06 22:00:00,13305.094004950704,12993.079513296052,10709.530280884113
forecast_0887,2025-02-06 23:00:00,14178.233450315474,13065.879278405495,11077.577335714743
forecast_0888,2025-02-07 00:00:00,13045.278705504605,11535.623727368482,9022.100489332477
forecast_0889,2025-02-07 01:00:00,10713.37719365544,10827.654694014374,8547.270443371968
forecast_0890,2025-02-07 02:00:00,8979.63975964917,9782.354082646056,3777.6048237214595
forecast_0891,2025-02-07 03:00:00,9485.57363473174,9807.155581832449,3743.135156341021
forecast_0892,2025-02-07 04:00:00,9617.718331869086,9083.624737198477,3698.1031932981996
forecast_0893,2025-02-07 05:00:00,9053.384943699586,8806.675056913664,3574.0158279002494
forecast_0894,2025-02-07 06:00:00,7526.463697138344,7705.9712320295275,3535.2533008790056
forecast_0895,2025-02-07 07:00:00,7053.466161966377,6664.533929254182,3470.5774324204153
forecast_0896,2025-02-07 08:00:00,3787.7624610482903,4147.774669891184,3447.1300420894445
forecast_0897,2025-02-07 09:00:00,7397.506272069461,8176.864579455445,5939.390307968905
forecast_0898,2025-02-07 10:00:00,9137.0934099288,8592.234575594395,7933.327452430928
forecast_0899,2025-02-07 11:00:00,12248.389719280003,10745.152645385717,9914.987248008505
forecast_0900,2025-02-07 12:00:00,13795.966441608143,13056.30658891042,11011.803024519115
forecast_0901,2025-02-07 13:00:00,13798.5569078165,13352.269918007865,10418.778310645625
forecast_0902,2025-02-07 14:00:00,13810.993561862397,14115.079352770532,10553.792588599947
forecast_0903,2025-02-07 15:00:00,14087.744235059903,14475.933974052252,10768.230781110855
forecast_0904,2025-02-07 16:00:00,14334.480851341177,14750.31877721162,10026.606033416796
forecast_0905,2025-02-07 17:00:00,14037.387593067822,13843.72647666125,9119.609047645421
forecast_0906,2025-02-07 18:00:00,14631.542089024135,13783.687401308558,9166.24168849875
forecast_0907,2025-02-07 19:00:00,14208.481357015104,13892.698817997456,11361.671704623463
forecast_0908,2025-02-07 20:00:00,14503.892655072968,14482.564645273727,11775.223280835045
forecast_0909,2025-02-07 21:00:00,15278.00087852742,15127.710152366599,12538.006893346443
forecast_0910,2025-02-07 22:00:00,15830.196144263833,15228.82031823208,12836.633910817267
forecast_0911,2025-02-07 23:00:00,15891.190953754682,15799.126104257784,11488.757705894111
forecast_0912,2025-02-08 00:00:00,15572.14575506757,15931.2730948747,11377.003200192385
forecast_0913,2025-02-08 01:00:00,15902.336225295085,15732.35375765094,11192.669327497695
forecast_0914,2025-02-08 02:00:00,16472.024416196626,15794.263632385177,12269.164922101116
forecast_0915,2025-02-08 03:00:00,16547.822358977413,15182.117437937688,12875.448018851428
forecast_0916,2025-02-08 04:00:00,16795.81327066136,15105.068338262421,12495.503715666302
forecast_0917,2025-02-08 05:00:00,16887.56005954864,14966.849556329074,12711.4620320734
forecast_0918,2025-02-08 06:00:00,16931.04325135291,14743.661526366732,12100.327410802616
forecast_0919,2025-02-08 07:00:00,17269.43234255781,14416.5832513418,11047.08544665781
forecast_0920,2025-02-08 08:00:00,15780.765835269933,13201.20861325164,10452.9491973755
forecast_0921,2025-02-08 09:00:00,14810.086872827089,11775.981271675262,9248.732505351936
forecast_0922,2025-02-08 10:00:00,13747.9210474716,8322.002864454962,8334.915007877424
forecast_0923,2025-02-08 11:00:00,9856.371915055443,6418.6447118820215,7535.35084220837
forecast_0924,2025-02-08 12:00:00,8122.820017980289,4194.807965687731,6616.938601888634
forecast_0925,2025-02-08 13:00:00,7179.16072809775,3793.148391044772,3770.473255964792
forecast_0926,2025-02-08 14:00:00,6884.134320722527,3699.340819253166,3762.1578692539047
forecast_0927,2025-02-08 15:00:00,6850.745453270093,3673.5853305478604,3768.542779341822
forecast_0928,2025-02-08 16:00:00,7017.672483672499,3775.110434741728,5563.763966555904
forecast_0929,2025-02-08 17:00:00,8701.885910822468,5711.664037266429,5847.917409724058
forecast_0930,2025-02-08 18:00:00,10957.26903908025,7059.973663565166,6953.092012877365
forecast_0931,2025-02-08 19:00:00,12516.22990991789,8483.484391278813,8688.242522162911
forecast_0932,2025-02-08 20:00:00,12772.016573246698,9560.396102520901,9251.816821066608
forecast_0933,2025-02-08 21:00:00,14507.054046270505,10214.079444445244,11169.40400103726
forecast_0934,2025-02-08 22:00:00,17029.582861012525,13491.78787532971,14007.029280639428
forecast_0935,2025-02-08 23:00:00,18508.231167192775,14249.216109888117,14885.449070881034
forecast_0936,2025-02-09 00:00:00,19137.582606287957,16300.504685029744,14798.287435329918
forecast_0937,2025-02-09 01:00:00,18298.619771991867,16419.851157147343,15156.903702301997
forecast_0938,2025-02-09 02:00:00,18920.739790158743,16608.629758711497,15816.956867113195
forecast_0939,2025-02-09 03:00:00,19004.04600296315,16835.90595441997,15465.18554464125
forecast_0940,2025-02-09 04:00:00,18869.982984671464,16971.036691203422,15373.340291495688
forecast_0941,2025-02-09 05:00:00,19727.3451805837,17242.455200415985,16234.78190402261
forecast_0942,2025-02-09 06:00:00,19198.306912938428,17076.882673304997,16284.167312444015
forecast_0943,2025-02-09 07:00:00,19321.829895604216,16879.6090692057,15268.290210949992
forecast_0944,2025-02-09 08:00:00,18563.050219777524,16735.336965268354,13065.272097781224
forecast_0945,2025-02-09 09:00:00,18479.715273120953,16012.789967660363,12022.54128803898
forecast_0946,2025-02-09 10:00:00,17581.70060411191,14396.130629261583,11099.170093495146
forecast_0947,2025-02-09 11:00:00,14101.379924008896,12749.103040131584,9470.970358926996
forecast_0948,2025-02-09 12:00:00,12084.008349592525,11954.70638772236,8073.07872702556
forecast_0949,2025-02-09 13:00:00,10684.277586822718,10132.798460931777,7458.498233583828
forecast_0950,2025-02-09 14:00:00,11239.834233820435,11417.958416489215,7950.224390385602
forecast_0951,2025-02-09 15:00:00,12754.991813865769,10970.06088676523,8781.504525581538
forecast_0952,2025-02-09 16:00:00,12759.982340004119,11232.659131107028,9719.909498751678
forecast_0953,2025-02-09 17:00:00,12946.172076170244,12158.334347938318,10632.014045144198
forecast_0954,2025-02-09 18:00:00,14248.628390927755,12184.258618917203,11462.367170750204
forecast_0955,2025-02-09 19:00:00,15206.049795080316,13875.057878324533,13144.994104819927
forecast_0956,2025-02-09 20:00:00,15857.2544782675,14444.195981545308,13611.420955933087
forecast_0957,2025-02-09 21:00:00,16035.330793680294,15701.30141956897,14066.30944960104
forecast_0958,2025-02-09 22:00:00,17050.40259388893,17065.5046023135,14599.705685053503
forecast_0959,2025-02-09 23:00:00,17578.021088544996,17305.070355689793,14712.306874012713
forecast_0960,2025-02-10 00:00:00,17685.183513023974,17028.70105192871,14745.931886617573
forecast_0961,2025-02-10 01:00:00,17636.133395343015,16605.962730641295,14493.62165425617
forecast_0962,2025-02-10 02:00:00,17816.085851242053,16852.13635555908,15530.629844172023
forecast_0963,2025-02-10 03:00:00,18071.66195348952,17236.12909203653,16768.920292547227
forecast_0964,2025-02-10 04:00:00,19142.287675024527,17884.285810677833,17732.305808535017
forecast_0965,2025-02-10 05:00:00,20041.29993162705,18408.481693713013,18109.487539853715
forecast_0966,2025-02-10 06:00:00,19161.152053212776,18373.97494857141,18527.391896495228
forecast_0967,2025-02-10 07:00:00,19324.091803521063,18545.608743290446,18584.37848903792
forecast_0968,2025-02-10 08:00:00,18895.086589031565,17251.21665265534,16964.349178445544
forecast_0969,2025-02-10 09:00:00,18389.703070182648,17648.08380101201,15034.789909193776
forecast_0970,2025-02-10 10:00:00,16644.68504715396,16673.999538217107,13391.357021679834
forecast_0971,2025-02-10 11:00:00,15458.450468391065,15398.391607992793,12214.397395037053
forecast_0972,2025-02-10 12:00:00,14259.789513588259,14113.54229718414,11221.850180022062
forecast_0973,2025-02-10 13:00:00,13039.488415162983,12468.02225187129,11066.422109544339
forecast_0974,2025-02-10 14:00:00,13287.10940342196,12028.98489119871,10108.689575038983
forecast_0975,2025-02-10 15:00:00,12936.518595430036,11793.333715161198,10136.8764841934
forecast_0976,2025-02-10 16:00:00,12277.915819732012,12018.959598723754,9928.4009286412
forecast_0977,2025-02-10 17:00:00,12275.852477547089,11740.674921769481,10328.664578415215
forecast_0978,2025-02-10 18:00:00,13433.056567358726,11948.299384927743,11051.529888810588
forecast_0979,2025-02-10 19:00:00,13126.164231922308,12361.711064403904,11324.583937822224
forecast_0980,2025-02-10 20:00:00,12852.794458479078,13176.716523388062,9937.435220368263
forecast_0981,2025-02-10 21:00:00,11918.225640367215,12800.952845549537,8382.080515010033
forecast_0982,2025-02-10 22:00:00,13917.979691111066,14585.147086184461,9204.77339310665
forecast_0983,2025-02-10 23:00:00,12106.514375101353,13668.111680842621,8246.596036227693
forecast_0984,2025-02-11 00:00:00,10904.487485834377,11735.386234734458,9155.240356570814
forecast_0985,2025-02-11 01:00:00,10817.847316113766,12113.767859592428,8852.825708065559
forecast_0986,2025-02-11 02:00:00,11251.745455511164,12215.820806907848,9007.645594430789
forecast_0987,2025-02-11 03:00:00,11866.88414843849,11899.459176477312,9217.547533077832
forecast_0988,2025-02-11 04:00:00,10584.596488381445,11667.205941063687,9095.337895777155
forecast_0989,2025-02-11 05:00:00,9361.031181757595,10116.280256393895,7632.445114851343
forecast_0990,2025-02-11 06:00:00,8919.618509677319,8374.951788733306,7156.94581853513
forecast_0991,2025-02-11 07:00:00,4535.798840654194,7758.494071434941,7510.760770523824
forecast_0992,2025-02-11 08:00:00,6313.17903970642,4048.7224483268214,5951.500548522335
forecast_0993,2025-02-11 09:00:00,5777.813143177487,4828.106052004135,5162.636533864922
forecast_0994,2025-02-11 10:00:00,5160.888499404667,3405.0586934257185,3674.8308820407024
forecast_0995,2025-02-11 11:00:00,3576.9457149053433,3270.7139761034127,3613.7709538118147
forecast_0996,2025-02-11 12:00:00,3538.5769650024326,3184.3360939825848,3570.7261907844713
forecast_0997,2025-02-11 13:00:00,3393.5056915016353,3102.1881756130674,3474.0138121289474
forecast_0998,2025-02-11 14:00:00,3424.9806838553473,3228.035550228102,3472.490435251956
forecast_0999,2025-02-11 15:00:00,3516.9898892003016,3195.4580009404376,3513.3151882605457
forecast_1000,2025-02-11 16:00:00,3544.81470936386,3341.020002314383,3442.3474996913733
forecast_1001,2025-02-11 17:00:00,3568.736146533818,3513.8368319326282,3426.6665475612426
forecast_1002,2025-02-11 18:00:00,5943.969155713755,3973.2563238952907,3621.752549251817
forecast_1003,2025-02-11 19:00:00,9541.62668041766,8374.732231867127,6069.780145403218
forecast_1004,2025-02-11 20:00:00,11509.575753692734,10691.570186618956,6548.112768830933
forecast_1005,2025-02-11 21:00:00,11928.966242321421,12272.851671433187,7831.673944225517
forecast_1006,2025-02-11 22:00:00,14831.96084876924,14988.273073837381,8646.379376209567
forecast_1007,2025-02-11 23:00:00,18731.216797996058,17864.047022110066,11839.574438709878
forecast_1008,2025-02-12 00:00:00,19648.347770980745,18322.822575166025,12686.25290288264
forecast_1009,2025-02-12 01:00:00,18572.213937775887,17617.724477093318,12434.480389583736
forecast_1010,2025-02-12 02:00:00,19270.977695835114,18477.179319842362,12614.830056242265
forecast_1011,2025-02-12 03:00:00,16618.912771551168,17922.459996542304,11797.556198692404
forecast_1012,2025-02-12 04:00:00,16299.16720866017,17204.047863247186,10908.301958718208
forecast_1013,2025-02-12 05:00:00,15985.819154039054,16073.826022411715,10292.022062655606
forecast_1014,2025-02-12 06:00:00,13443.218012127612,11878.588596917984,8961.409555800798
forecast_1015,2025-02-12 07:00:00,10553.389674076676,10009.603464284415,3507.253027858635
forecast_1016,2025-02-12 08:00:00,4773.205488405994,8953.496165233604,3507.808864182819
forecast_1017,2025-02-12 09:00:00,4758.799020317733,9024.21475640498,3744.7081441766722
forecast_1018,2025-02-12 10:00:00,4944.619058974482,9965.298146950645,6705.541746985831
forecast_1019,2025-02-12 11:00:00,10459.205932775767,12052.019803227951,8779.338490975928
forecast_1020,2025-02-12 12:00:00,13026.278945505803,13790.780880094137,9910.938552737152
forecast_1021,2025-02-12 13:00:00,15099.61354073932,14542.812568921829,11657.962110161972
forecast_1022,2025-02-12 14:00:00,16424.974892732782,15135.453352597833,12243.859997345487
forecast_1023,2025-02-12 15:00:00,16549.920306578333,15978.223398953844,13731.518487387671
forecast_1024,2025-02-12 16:00:00,16378.236347859935,16207.656143919034,14723.706504425749
forecast_1025,2025-02-12 17:00:00,16055.46106162234,16616.56499869416,14729.98534824802
forecast_1026,2025-02-12 18:00:00,16234.065535617754,17528.734789372484,13652.69677207774
forecast_1027,2025-02-12 19:00:00,16511.456800432086,17368.76719934363,15099.148981689605
forecast_1028,2025-02-12 20:00:00,15986.33308414338,16853.60439568691,13879.698261882077
forecast_1029,2025-02-12 21:00:00,15972.407282482161,16246.88674449459,13245.4681829303
forecast_1030,2025-02-12 22:00:00,15936.676301372918,16544.611959723257,14135.511211642213
forecast_1031,2025-02-12 23:00:00,15533.922715676637,16397.62348616736,13541.352390553982
forecast_1032,2025-02-13 00:00:00,15162.860025878594,15550.51179138048,12387.105101143427
forecast_1033,2025-02-13 01:00:00,14137.111001153755,14644.955338364494,10262.65446169069
forecast_1034,2025-02-13 02:00:00,14244.414649116756,14690.852062221735,9670.899361408106
forecast_1035,2025-02-13 03:00:00,14901.010421960693,14097.05569369279,9690.594814459426
forecast_1036,2025-02-13 04:00:00,13973.615212530625,13121.416252750152,9043.751876837341
forecast_1037,2025-02-13 05:00:00,13701.312656822147,13727.290258895466,10420.961351269201
forecast_1038,2025-02-13 06:00:00,15081.661284388418,14502.294353975894,12584.171226537055
forecast_1039,2025-02-13 07:00:00,15377.899222013331,15153.658774464824,12749.306720999453
forecast_1040,2025-02-13 08:00:00,15598.651229328638,15940.797510998866,13103.566471910912
forecast_1041,2025-02-13 09:00:00,15842.148886781677,17033.329050019882,12799.864411386387
forecast_1042,2025-02-13 10:00:00,15283.871812722993,16750.274804725417,12981.857305715273
forecast_1043,2025-02-13 11:00:00,15666.517729891073,16524.79646637748,12361.133427762425
forecast_1044,2025-02-13 12:00:00,15522.504541628316,15916.920232476354,11483.45958441024
forecast_1045,2025-02-13 13:00:00,16322.0545359737,15735.263446649693,12802.97714094052
forecast_1046,2025-02-13 14:00:00,16394.597328858723,15561.73181330802,13378.785046673383
forecast_1047,2025-02-13 15:00:00,16249.93677827918,15749.142152677256,13809.548586368344
forecast_1048,2025-02-13 16:00:00,16812.7255911578,16492.833575494686,14118.089825263854
forecast_1049,2025-02-13 17:00:00,17677.752709724242,17299.8148400554,14815.230767099682
forecast_1050,2025-02-13 18:00:00,18349.06035661927,18191.662584742007,16708.19464735642
forecast_1051,2025-02-13 19:00:00,18882.924424095403,18333.6589492492,17799.100547441085
forecast_1052,2025-02-13 20:00:00,19394.211255949293,18517.828026905296,18478.313898804867
forecast_1053,2025-02-13 21:00:00,19744.554530978483,18701.358270160257,18556.905569838636
forecast_1054,2025-02-13 22:00:00,20337.17818735085,19004.477985051875,18562.739482050827
forecast_1055,2025-02-13 23:00:00,20511.02205425287,19166.136211109173,18411.67730700444
forecast_1056,2025-02-14 00:00:00,20507.910056958026,19196.934713603885,18505.150042624977
forecast_1057,2025-02-14 01:00:00,20321.225869224403,19350.807651503892,18378.253452773875
forecast_1058,2025-02-14 02:00:00,20091.86639197439,19354.54876521306,17609.930815127715
forecast_1059,2025-02-14 03:00:00,20103.875443424444,19346.19613785979,17805.19154765769
forecast_1060,2025-02-14 04:00:00,19846.283607343044,19234.24343469129,17555.909263400565
forecast_1061,2025-02-14 05:00:00,20142.021816364395,19192.72168894531,17998.75716313433
forecast_1062,2025-02-14 06:00:00,20031.184511455547,19305.638727397178,18270.39558826004
forecast_1063,2025-02-14 07:00:00,20471.705320273875,19380.447754813453,18265.046296389366
forecast_1064,2025-02-14 08:00:00,20620.926065015534,18982.684416366556,16894.37131561324
forecast_1065,2025-02-14 09:00:00,19418.37888369153,18613.647261266757,15286.954295767166
forecast_1066,2025-02-14 10:00:00,15477.618473520055,16600.68338093645,12671.833296737736
forecast_1067,2025-02-14 11:00:00,13463.780570740457,14587.15391401343,10438.14755309282
forecast_1068,2025-02-14 12:00:00,11437.05131706358,13105.452755733248,8769.763257389777
forecast_1069,2025-02-14 13:00:00,10136.817401800376,11167.374989417527,7752.582277812778
forecast_1070,2025-02-14 14:00:00,10492.234653072186,10522.38484300125,7712.575256200819
forecast_1071,2025-02-14 15:00:00,11313.20247831115,11016.831479575907,8444.647129022665
forecast_1072,2025-02-14 16:00:00,13289.568914340096,13591.184076959693,10262.250352946323
forecast_1073,2025-02-14 17:00:00,14137.68670509187,16157.96091373675,11860.154365635703
forecast_1074,2025-02-14 18:00:00,15293.983144987751,16546.04111991752,12862.902960594647
forecast_1075,2025-02-14 19:00:00,15476.205204039847,17107.55099055677,13344.708815430127
forecast_1076,2025-02-14 20:00:00,16782.53832191237,16548.837223753213,12178.451534228025
forecast_1077,2025-02-14 21:00:00,17979.48124828475,16204.542590532743,12948.549948989876
forecast_1078,2025-02-14 22:00:00,18028.715982257872,17363.276257556536,13477.477735332606
forecast_1079,2025-02-14 23:00:00,17925.880269418958,16854.991780405966,13825.094219479326
forecast_1080,2025-02-15 00:00:00,18579.026619431832,17263.415316970546,14424.459838140912
forecast_1081,2025-02-15 01:00:00,18419.078690766833,16580.320016480182,13956.567895852713
forecast_1082,2025-02-15 02:00:00,18475.018822488357,16867.086426090475,12650.406274874778
forecast_1083,2025-02-15 03:00:00,17848.233974446925,16736.429203272666,12812.694917296993
forecast_1084,2025-02-15 04:00:00,17390.981087962526,16175.434435864086,12951.048026077839
forecast_1085,2025-02-15 05:00:00,17448.280580753013,16312.369694162917,12019.3249380552
forecast_1086,2025-02-15 06:00:00,17451.47101191762,16632.07702275717,11744.889898423915
forecast_1087,2025-02-15 07:00:00,16620.80110600488,16103.0623623182,11405.374374542513
forecast_1088,2025-02-15 08:00:00,14657.83809541896,15594.274132044633,10052.745100410846
forecast_1089,2025-02-15 09:00:00,14057.14264188764,14908.29510235879,7887.77309460758
forecast_1090,2025-02-15 10:00:00,14809.59525877102,12951.94468141709,8458.232087920276
forecast_1091,2025-02-15 11:00:00,14466.54061772976,12852.26239664993,8757.69721419565
forecast_1092,2025-02-15 12:00:00,10966.184231721669,13202.844112650522,9502.06886848191
forecast_1093,2025-02-15 13:00:00,13030.270211119674,13721.518939950609,11078.11955519899
forecast_1094,2025-02-15 14:00:00,14231.12375692651,14923.680791569364,12716.627719238155
forecast_1095,2025-02-15 15:00:00,14223.447284894326,14823.157598540662,12461.01425242651
forecast_1096,2025-02-15 16:00:00,13850.570492126035,15268.595060296231,11641.514290179508
forecast_1097,2025-02-15 17:00:00,16357.205470503528,16615.793011365193,14257.603214282522
forecast_1098,2025-02-15 18:00:00,17650.201331588425,17169.389691113283,15344.189025827363
forecast_1099,2025-02-15 19:00:00,18236.73209357867,17732.041969146474,17199.178046611483
forecast_1100,2025-02-15 20:00:00,18792.86886259332,17650.0349027674,16748.22315509741
forecast_1101,2025-02-15 21:00:00,18708.213410268938,17442.823895678197,16641.710353108818
forecast_1102,2025-02-15 22:00:00,19338.024128311456,18201.445022120377,17065.57699056328
forecast_1103,2025-02-15 23:00:00,20103.158035005134,18087.482525101605,16655.888326390912
forecast_1104,2025-02-16 00:00:00,20311.006447706794,18026.67407789643,16130.807127852775
forecast_1105,2025-02-16 01:00:00,20206.98271381225,17919.058551823724,16149.841307006664
forecast_1106,2025-02-16 02:00:00,19152.609735219074,17655.080871283048,15647.05696314517
forecast_1107,2025-02-16 03:00:00,18930.134132501917,17636.271977786837,14471.741209991167
forecast_1108,2025-02-16 04:00:00,17517.850577227215,17207.744404859557,13566.227271363063
forecast_1109,2025-02-16 05:00:00,16135.102801203753,16354.54809847832,12853.453179538901
forecast_1110,2025-02-16 06:00:00,15568.093510170627,16058.503447860905,11947.563662592447
forecast_1111,2025-02-16 07:00:00,14476.239042584808,15455.58635775134,10977.839323807515
forecast_1112,2025-02-16 08:00:00,13106.403869322508,13711.710218838089,9583.867665104153
forecast_1113,2025-02-16 09:00:00,13283.942536903878,13657.639306581192,8274.5431704093
forecast_1114,2025-02-16 10:00:00,10990.297863512278,11014.056029575342,8137.56999191678
forecast_1115,2025-02-16 11:00:00,12613.543700361635,11890.360564835551,9779.664370961762
forecast_1116,2025-02-16 12:00:00,12284.397747286976,12245.217515354898,10624.192740280849
forecast_1117,2025-02-16 13:00:00,13029.21632028252,12512.379258315668,11528.440133657561
forecast_1118,2025-02-16 14:00:00,14287.031180193284,13676.863932836146,12778.621619328842
forecast_1119,2025-02-16 15:00:00,16341.415399796058,14982.03755027649,14696.649260947694
forecast_1120,2025-02-16 16:00:00,16915.963622069678,16800.50750468143,16109.16495688577
forecast_1121,2025-02-16 17:00:00,17454.24831175264,17035.779396829137,16506.407952782505
forecast_1122,2025-02-16 18:00:00,17565.342888867755,17287.95159816,16606.644394586703
forecast_1123,2025-02-16 19:00:00,17620.53505020524,17456.614329475167,17517.48711207196
forecast_1124,2025-02-16 20:00:00,17820.907958451866,17740.794931593296,16934.737359736417
forecast_1125,2025-02-16 21:00:00,17481.182876918505,17075.562973798096,15701.881780681631
forecast_1126,2025-02-16 22:00:00,18231.514347984215,18233.34617648779,16270.316295721215
forecast_1127,2025-02-16 23:00:00,16971.583090759817,17140.669026061627,14910.84338989205
forecast_1128,2025-02-17 00:00:00,15660.903748426374,15770.735713133165,13842.399885289527
forecast_1129,2025-02-17 01:00:00,14694.914843625296,14220.654993627575,11487.740591270092
forecast_1130,2025-02-17 02:00:00,14648.00996057537,14571.640017308202,11788.385677491417
forecast_1131,2025-02-17 03:00:00,13838.36327491576,13949.860898098344,12048.162654514968
forecast_1132,2025-02-17 04:00:00,13924.34023865961,13658.188187296868,11830.275994648358
forecast_1133,2025-02-17 05:00:00,13388.675684859043,13077.583569494278,10165.298500809895
forecast_1134,2025-02-17 06:00:00,13009.96956085843,12943.726951525046,9293.932483609879
forecast_1135,2025-02-17 07:00:00,13384.285568679004,12982.399971300112,9908.708445151158
forecast_1136,2025-02-17 08:00:00,13404.746794145514,12665.586227558057,9728.765307550024
forecast_1137,2025-02-17 09:00:00,13439.416548476505,12850.112191501425,10094.945017228756
forecast_1138,2025-02-17 10:00:00,13569.501130142262,12947.526210482287,10271.717908499097
forecast_1139,2025-02-17 11:00:00,13416.747984029584,12527.579242858701,10405.903449077621
forecast_1140,2025-02-17 12:00:00,13563.475246108708,12421.363849123132,9777.606297837854
forecast_1141,2025-02-17 13:00:00,13367.553736678297,12397.615562679188,9421.643413836604
forecast_1142,2025-02-17 14:00:00,13278.888890693584,12304.89780509786,9012.677617715995
forecast_1143,2025-02-17 15:00:00,12773.792060059859,11871.114272879118,8909.773043555533
forecast_1144,2025-02-17 16:00:00,11994.01963247174,10693.166108061278,8226.62294883039
forecast_1145,2025-02-17 17:00:00,10379.301320817047,10007.365537365697,7301.925868284179
forecast_1146,2025-02-17 18:00:00,9474.18648889834,8700.310499610605,3764.6241771099094
forecast_1147,2025-02-17 19:00:00,8728.328460614855,7839.348263437287,3568.051972924949
forecast_1148,2025-02-17 20:00:00,8623.740774004298,8248.292663656912,3607.3139177642147
forecast_1149,2025-02-17 21:00:00,8753.965549374461,8525.250681663623,3527.8756570804326
forecast_1150,2025-02-17 22:00:00,8477.796965455547,9105.922088698717,3737.6363009590264
forecast_1151,2025-02-17 23:00:00,9447.586833200405,10537.830799200938,7240.033725561975
forecast_1152,2025-02-18 00:00:00,10219.058079090808,11155.541483151912,7475.512353276716
forecast_1153,2025-02-18 01:00:00,11074.693499269604,12767.668453467597,8150.565096107974
forecast_1154,2025-02-18 02:00:00,11660.950203550628,12908.634088296008,8824.930167151888
forecast_1155,2025-02-18 03:00:00,12120.126964016086,12725.44391599781,8715.45865452101
forecast_1156,2025-02-18 04:00:00,12846.336711547809,12769.943225700668,9167.907890125136
forecast_1157,2025-02-18 05:00:00,12593.467317466117,13223.028295687538,9550.414504931714
forecast_1158,2025-02-18 06:00:00,12901.655617356266,13428.429635393642,10138.886647769514
forecast_1159,2025-02-18 07:00:00,13765.250004460846,14038.36441520525,11058.089080769141
forecast_1160,2025-02-18 08:00:00,13450.106499325402,13657.249283726263,9835.473502084009
forecast_1161,2025-02-18 09:00:00,13782.7817098739,13309.986458042034,9700.846431109416
forecast_1162,2025-02-18 10:00:00,13734.781101928842,13125.251042123904,9931.582462548631
forecast_1163,2025-02-18 11:00:00,13505.622631968406,13027.061651814738,10301.99407089694
forecast_1164,2025-02-18 12:00:00,13530.71182178544,12539.702909138998,10091.498820882078
forecast_1165,2025-02-18 13:00:00,13541.864678997723,12606.31311756086,10333.074892441919
forecast_1166,2025-02-18 14:00:00,13577.875233451083,12449.167599032984,10168.848786579018
forecast_1167,2025-02-18 15:00:00,13722.88229090838,12527.971189119282,9738.399177631562
forecast_1168,2025-02-18 16:00:00,13777.89503063147,12683.204595283267,9509.117420341297
forecast_1169,2025-02-18 17:00:00,13406.92629404217,11840.06463955955,8373.892595705998
forecast_1170,2025-02-18 18:00:00,13308.53667600181,11933.700485658805,8834.184191485025
forecast_1171,2025-02-18 19:00:00,12985.093045793506,11724.659224053594,8410.43700170888
forecast_1172,2025-02-18 20:00:00,11455.735300605156,11776.076404972695,8149.854103872705
forecast_1173,2025-02-18 21:00:00,10932.677915950304,11630.9552044703,6763.4516746386935
forecast_1174,2025-02-18 22:00:00,11600.639630210044,12338.67264961382,8233.62668772442
forecast_1175,2025-02-18 23:00:00,11522.271273996272,12342.813367110482,7599.408087370562
forecast_1176,2025-02-19 00:00:00,13222.531807511674,13148.646807854733,8461.75017312078
forecast_1177,2025-02-19 01:00:00,11367.294023245453,12376.018931865754,7772.2749703928475
forecast_1178,2025-02-19 02:00:00,12613.988630654701,13258.96206071308,8916.556003534237
forecast_1179,2025-02-19 03:00:00,12549.775456650577,12856.324723398126,8538.327477534604
forecast_1180,2025-02-19 04:00:00,13226.08592027075,12959.200509244185,8519.607319037832
forecast_1181,2025-02-19 05:00:00,14164.740399711816,13099.924651255968,8593.317113713227
forecast_1182,2025-02-19 06:00:00,13945.657480519661,12530.511458468793,8411.321615091405
forecast_1183,2025-02-19 07:00:00,13477.516174990147,10893.835059967676,8302.233952031065
forecast_1184,2025-02-19 08:00:00,12212.930583857576,9314.99410507187,7147.780899121365
forecast_1185,2025-02-19 09:00:00,10709.887974386233,8515.422803937021,6014.401148317519
forecast_1186,2025-02-19 10:00:00,7933.481707678354,5306.204581669892,5647.963544518064
forecast_1187,2025-02-19 11:00:00,6777.602273416622,4605.107887948813,5064.011499703234
forecast_1188,2025-02-19 12:00:00,5945.280260958901,4212.1867167155315,4600.873852936636
forecast_1189,2025-02-19 13:00:00,5519.081931595004,4779.290837939594,4091.8196352953673
forecast_1190,2025-02-19 14:00:00,6167.568811878678,5578.119300825908,4099.770477003477
forecast_1191,2025-02-19 15:00:00,6634.683925393329,5270.659334857234,4307.116783744245
forecast_1192,2025-02-19 16:00:00,6524.903979349297,5293.684645155091,4431.001643327745
forecast_1193,2025-02-19 17:00:00,7340.365193623023,5970.182793020313,4403.855591303851
forecast_1194,2025-02-19 18:00:00,7877.982089619661,7164.4640644392875,6291.862337618052
forecast_1195,2025-02-19 19:00:00,8560.332786758328,8430.95638067674,6760.965611048246
forecast_1196,2025-02-19 20:00:00,8615.48021414443,9494.375556702475,6089.1746716596
forecast_1197,2025-02-19 21:00:00,8544.60497499753,9505.241056899888,5582.739240991723
forecast_1198,2025-02-19 22:00:00,10164.428776879708,11311.550764170755,7728.033452266868
forecast_1199,2025-02-19 23:00:00,9951.97164683793,10519.918021483854,7370.376563984186
forecast_1200,2025-02-20 00:00:00,10320.691010921693,10379.754001798932,7473.440262110816
forecast_1201,2025-02-20 01:00:00,10196.183275502186,9512.863091369038,7035.389456108912
forecast_1202,2025-02-20 02:00:00,10370.147989379926,10008.167655076986,7772.1764112009905
forecast_1203,2025-02-20 03:00:00,10229.545309455701,10180.760519400093,7595.939292841779
forecast_1204,2025-02-20 04:00:00,10538.422517303523,10496.613404082826,8044.180332380588
forecast_1205,2025-02-20 05:00:00,10732.996275586147,10988.366133500504,8557.648275532929
forecast_1206,2025-02-20 06:00:00,11733.738465270673,11666.652755082738,8997.997559800351
forecast_1207,2025-02-20 07:00:00,13392.41099385919,12995.411544590801,9430.204561022827
forecast_1208,2025-02-20 08:00:00,13242.84107553642,11749.042991085205,8864.411510718719
forecast_1209,2025-02-20 09:00:00,13212.714354477559,11925.360385305139,9133.126767591257
forecast_1210,2025-02-20 10:00:00,12548.078341670036,10524.2889191313,9439.421607892677
forecast_1211,2025-02-20 11:00:00,11093.197550110106,9941.346721496684,8198.403744808997
forecast_1212,2025-02-20 12:00:00,10656.167621321105,9914.595562676663,8197.984829459121
forecast_1213,2025-02-20 13:00:00,10327.466859889548,10070.719013317273,7968.908603554223
forecast_1214,2025-02-20 14:00:00,11394.520146609262,10328.39888283887,9021.00831241303
forecast_1215,2025-02-20 15:00:00,10777.801346376726,9955.505992291965,8706.782811541801
forecast_1216,2025-02-20 16:00:00,10313.244205613362,9148.125933997491,7514.427761784685
forecast_1217,2025-02-20 17:00:00,10237.9360306266,9126.35465427198,7325.547480609607
forecast_1218,2025-02-20 18:00:00,10943.78189290702,10437.812306158241,9192.865795623211
forecast_1219,2025-02-20 19:00:00,11296.099718674805,11965.385058087528,10421.860862469572
forecast_1220,2025-02-20 20:00:00,11092.123711953605,12434.107491324421,10215.4558767546
forecast_1221,2025-02-20 21:00:00,10946.670177953227,12404.462829446711,8744.016094925622
forecast_1222,2025-02-20 22:00:00,11239.686681878275,13319.066964295978,9160.884275447548
forecast_1223,2025-02-20 23:00:00,11125.299232231653,12891.549861308245,7911.923081346811
forecast_1224,2025-02-21 00:00:00,11507.418011121536,12516.68750271873,8323.747368019604
forecast_1225,2025-02-21 01:00:00,9984.483054225873,10734.787412489248,7040.831663462557
forecast_1226,2025-02-21 02:00:00,10980.193324017913,11284.694933686707,7447.866173092714
forecast_1227,2025-02-21 03:00:00,10827.884023503011,11362.005141628855,7023.084744252404
forecast_1228,2025-02-21 04:00:00,10509.518795526765,11022.23119950737,7453.704443560168
forecast_1229,2025-02-21 05:00:00,10540.600257720063,11302.642001858028,7593.213282690398
forecast_1230,2025-02-21 06:00:00,10880.036449176174,11193.995905235717,8298.295811402153
forecast_1231,2025-02-21 07:00:00,10606.72086964157,10455.493567124824,8517.26623483955
forecast_1232,2025-02-21 08:00:00,10836.998620463162,9974.062834783179,7030.030943288347
forecast_1233,2025-02-21 09:00:00,11139.0269860767,10148.680439986407,6598.923395909555
forecast_1234,2025-02-21 10:00:00,8560.317055324684,6952.42456326786,5559.4999207464625
forecast_1235,2025-02-21 11:00:00,7427.842913313128,6403.677009175475,4883.36351330466
forecast_1236,2025-02-21 12:00:00,6703.830901454687,6031.239070777599,4580.39407887852
forecast_1237,2025-02-21 13:00:00,6850.675679885367,6962.632236310745,4563.416420039881
forecast_1238,2025-02-21 14:00:00,7927.176567249266,7445.088757285112,4997.149013186002
forecast_1239,2025-02-21 15:00:00,7999.53446848352,7997.581137927968,4863.7164606036085
forecast_1240,2025-02-21 16:00:00,8400.864128380726,8548.133683901837,4993.250883226888
forecast_1241,2025-02-21 17:00:00,9446.935862754708,9150.642857815548,5099.993545948994
forecast_1242,2025-02-21 18:00:00,10854.663461973283,10046.537962012613,5805.741169643987
forecast_1243,2025-02-21 19:00:00,11561.896572440877,10734.272144162987,7990.362389765144
forecast_1244,2025-02-21 20:00:00,11728.615592916693,11172.122302681719,8582.907762187042
forecast_1245,2025-02-21 21:00:00,12694.91460764932,12553.210505648563,9369.71163699885
forecast_1246,2025-02-21 22:00:00,13321.060564721789,13472.777854847067,9993.345296017153
forecast_1247,2025-02-21 23:00:00,12885.091196342788,13483.405494063687,9577.527402331612
forecast_1248,2025-02-22 00:00:00,13368.275657432432,13374.721636924802,9633.773255365195
forecast_1249,2025-02-22 01:00:00,14563.586924676236,12906.897117310706,9216.655258675139
forecast_1250,2025-02-22 02:00:00,14720.313762176283,13497.406864803534,9433.723450249203
forecast_1251,2025-02-22 03:00:00,13906.253083544307,12930.652583719344,9978.91189822905
forecast_1252,2025-02-22 04:00:00,13494.045406618312,12373.76141925727,9044.610826549455
forecast_1253,2025-02-22 05:00:00,13302.500154204115,12806.484516188397,8699.356518508508
forecast_1254,2025-02-22 06:00:00,13023.394287466232,14002.370249295373,7755.676696355235
forecast_1255,2025-02-22 07:00:00,12875.18443194444,12758.731869767274,7563.657379239275
forecast_1256,2025-02-22 08:00:00,11154.368195369863,10728.700849744768,5626.623702625291
forecast_1257,2025-02-22 09:00:00,8511.857545111236,8090.783898556744,5287.270201986603
forecast_1258,2025-02-22 10:00:00,7233.628630912679,4761.511771734363,4434.492963346448
forecast_1259,2025-02-22 11:00:00,5916.304861236842,4459.890925871055,3705.51533234931
forecast_1260,2025-02-22 12:00:00,5720.117495894643,4164.270186932467,3733.27258598141
forecast_1261,2025-02-22 13:00:00,6657.825061926104,5433.571701988743,4558.629452011875
forecast_1262,2025-02-22 14:00:00,8244.127295102306,6864.958434572698,6535.9124371112375
forecast_1263,2025-02-22 15:00:00,9159.99617312542,8189.523658865995,5981.643575747991
forecast_1264,2025-02-22 16:00:00,8397.948454854679,7932.587627256721,5431.85038533915
forecast_1265,2025-02-22 17:00:00,9653.108696546355,8961.138507126978,6794.34264036034
forecast_1266,2025-02-22 18:00:00,11001.727992455619,10673.689044211547,9844.154014623893
forecast_1267,2025-02-22 19:00:00,11668.6664709772,13644.222579067602,11987.779276318792
forecast_1268,2025-02-22 20:00:00,13297.108765859468,14613.176044385576,12933.294938774869
forecast_1269,2025-02-22 21:00:00,15262.42399057712,15323.665103455502,15929.88748554048
forecast_1270,2025-02-22 22:00:00,16406.99604393828,16407.100432430452,17816.097127363853
forecast_1271,2025-02-22 23:00:00,17073.469476366805,16854.306132810114,17930.64921880262
forecast_1272,2025-02-23 00:00:00,16890.049341397866,16815.257245828634,18101.4048622635
forecast_1273,2025-02-23 01:00:00,16630.728057219698,16908.67600973074,17662.356565137605
forecast_1274,2025-02-23 02:00:00,17132.390757314555,16919.25090579154,17888.891126044855
forecast_1275,2025-02-23 03:00:00,17144.13992996099,17375.699933289063,17547.841275610277
forecast_1276,2025-02-23 04:00:00,17098.29768256818,17784.90247752925,17875.44450575096
forecast_1277,2025-02-23 05:00:00,17549.315790692497,17972.510185049734,17425.163966620847
forecast_1278,2025-02-23 06:00:00,18289.237673849846,18398.69020722587,17805.030656806386
forecast_1279,2025-02-23 07:00:00,18678.190879952457,18320.39712995755,17979.645935252152
forecast_1280,2025-02-23 08:00:00,18572.42015784833,17930.638452324692,16260.753334425146
forecast_1281,2025-02-23 09:00:00,17450.949457429713,17196.771252793074,14899.102770418669
forecast_1282,2025-02-23 10:00:00,16742.199101032016,16628.14759506095,13763.091910543673
forecast_1283,2025-02-23 11:00:00,15224.944897035035,15518.119695710464,11794.287010216742
forecast_1284,2025-02-23 12:00:00,15342.673687749055,15112.654223733736,11779.135571371591
forecast_1285,2025-02-23 13:00:00,15076.066276296006,14297.654571304389,10996.788299464335
forecast_1286,2025-02-23 14:00:00,14836.528551223015,13946.16112802799,10325.842933030677
forecast_1287,2025-02-23 15:00:00,14673.671574174547,13712.32331722924,10422.450668528454
forecast_1288,2025-02-23 16:00:00,14233.719347791815,13621.04685463094,9602.718453503463
forecast_1289,2025-02-23 17:00:00,13289.44449851248,12663.685684455433,8601.540423414746
forecast_1290,2025-02-23 18:00:00,12737.948139568774,11985.054546513154,7603.607775259228
forecast_1291,2025-02-23 19:00:00,12165.05598248198,11708.341993365593,7054.999357504095
forecast_1292,2025-02-23 20:00:00,10529.61461728918,11335.154230350065,7558.137060453433
forecast_1293,2025-02-23 21:00:00,9867.262990669256,11001.055232169057,8233.314132794465
forecast_1294,2025-02-23 22:00:00,13472.24017616636,13140.104595151664,10410.163454677371
forecast_1295,2025-02-23 23:00:00,13935.668568480347,13375.422504445374,10547.294887433694
forecast_1296,2025-02-24 00:00:00,15180.359249291367,14182.476121447735,12037.471912958143
forecast_1297,2025-02-24 01:00:00,15376.357881862044,14186.525057808143,12320.954554889306
forecast_1298,2025-02-24 02:00:00,16379.127918686232,15743.668341628398,12504.46736158537
forecast_1299,2025-02-24 03:00:00,16907.036138994623,16155.873338453892,12361.872895148792
forecast_1300,2025-02-24 04:00:00,16996.496366197844,16454.463306518628,12843.042059495361
forecast_1301,2025-02-24 05:00:00,17720.974778839394,16437.575336977858,13491.956690248155
forecast_1302,2025-02-24 06:00:00,17327.31411686978,16084.130226420106,13319.72929680335
forecast_1303,2025-02-24 07:00:00,16864.09878150759,15961.078984560514,13006.993524488844
forecast_1304,2025-02-24 08:00:00,15591.072682317916,12933.61471020581,11641.612901124248
forecast_1305,2025-02-24 09:00:00,15426.295797574903,12235.915251881006,10451.607457162352
forecast_1306,2025-02-24 10:00:00,13113.327602747522,9598.92822414515,9554.44828849287
forecast_1307,2025-02-24 11:00:00,10723.563288552961,9443.198299239042,8684.619657159948
forecast_1308,2025-02-24 12:00:00,10239.172474434741,9448.192162668473,7941.265775758373
forecast_1309,2025-02-24 13:00:00,9948.585489116793,9183.497922794671,7480.542611498672
forecast_1310,2025-02-24 14:00:00,10553.54191741849,10117.103818937201,7847.2130082694575
forecast_1311,2025-02-24 15:00:00,11799.220213720753,11009.511190604999,8211.881765674976
forecast_1312,2025-02-24 16:00:00,12122.27516258294,11829.004893820738,8482.338736790973
forecast_1313,2025-02-24 17:00:00,12913.939794560909,13611.314946519371,9544.944330347087
forecast_1314,2025-02-24 18:00:00,13952.670390132298,15607.037670353682,11173.487445973053
forecast_1315,2025-02-24 19:00:00,16629.745913756666,17067.741672132062,12783.94359309758
forecast_1316,2025-02-24 20:00:00,17365.49480420116,17729.71282493006,14783.035266969875
forecast_1317,2025-02-24 21:00:00,18360.398068565704,18120.603908929468,16848.088120559176
forecast_1318,2025-02-24 22:00:00,19635.599022821825,19365.55812347018,18035.2895200403
forecast_1319,2025-02-24 23:00:00,20084.07642908781,19558.125214248957,18312.999344974
forecast_1320,2025-02-25 00:00:00,20303.53239307449,20177.033287443308,18662.75380312738
forecast_1321,2025-02-25 01:00:00,20625.297009790418,20228.369901664384,18955.702565866362
forecast_1322,2025-02-25 02:00:00,20508.385000353832,20291.114388640333,19029.135922634905
forecast_1323,2025-02-25 03:00:00,20846.49119477063,20419.4974904256,19229.290524619573
forecast_1324,2025-02-25 04:00:00,20988.37494157323,20579.72393427514,18845.759545267967
forecast_1325,2025-02-25 05:00:00,20763.38548956165,20603.63138761896,18907.94157708786
forecast_1326,2025-02-25 06:00:00,21119.602822097502,20668.765701266962,18826.976201912483
forecast_1327,2025-02-25 07:00:00,21218.959732260577,20636.473686183614,19118.3531405677
forecast_1328,2025-02-25 08:00:00,20456.190649958608,20585.326370874223,18014.0834012444
forecast_1329,2025-02-25 09:00:00,21200.486022414938,20473.976592924875,17874.32622595722
forecast_1330,2025-02-25 10:00:00,19839.955189278102,19444.745316845554,17555.022297250376
forecast_1331,2025-02-25 11:00:00,19115.461976263967,19040.212933278897,16659.47979737944
forecast_1332,2025-02-25 12:00:00,17940.91303318916,18678.8460112454,15248.642726245658
forecast_1333,2025-02-25 13:00:00,17270.36045274097,17286.641730767053,14073.3444049311
forecast_1334,2025-02-25 14:00:00,17670.55083497973,17177.35994479599,15585.042432508186
forecast_1335,2025-02-25 15:00:00,17905.57157146581,17184.03580312946,16095.095845090067
forecast_1336,2025-02-25 16:00:00,18614.138937317584,17816.05740406554,16229.88461010119
forecast_1337,2025-02-25 17:00:00,19430.73439763936,18624.456455660333,17325.83190965883
forecast_1338,2025-02-25 18:00:00,19863.603003178734,18895.274783306162,18392.33942458497
forecast_1339,2025-02-25 19:00:00,20273.8185136932,19002.36441398887,19118.40433792748
forecast_1340,2025-02-25 20:00:00,20148.049219855122,18900.303416624938,19804.892436517835
forecast_1341,2025-02-25 21:00:00,20259.778479126373,18889.353100969885,19739.1508487685
forecast_1342,2025-02-25 22:00:00,20432.61425155879,19072.48999145812,19867.16129375998
forecast_1343,2025-02-25 23:00:00,20565.627297307463,19084.259418232803,19759.66026617821
forecast_1344,2025-02-26 00:00:00,20517.020937945297,19066.48694394923,19701.70945169423
forecast_1345,2025-02-26 01:00:00,20158.617543490855,18567.357027741094,19747.83155756523
forecast_1346,2025-02-26 02:00:00,20192.313215317223,18725.09506886098,19772.831963143613
forecast_1347,2025-02-26 03:00:00,20124.366113632943,18926.04880414962,19533.64577415514
forecast_1348,2025-02-26 04:00:00,19939.53606545748,18872.439283000756,19460.519277553336
forecast_1349,2025-02-26 05:00:00,19838.7013635752,18808.07141717913,19550.607730464846
forecast_1350,2025-02-26 06:00:00,19444.971158843535,18918.400438804216,18269.838293078206
forecast_1351,2025-02-26 07:00:00,19115.837882087482,19095.779359570843,17818.804310777916
forecast_1352,2025-02-26 08:00:00,18057.213956076313,18030.62044204635,16699.8546953468
forecast_1353,2025-02-26 09:00:00,16638.680121197474,17883.635564372504,14472.559869594821
forecast_1354,2025-02-26 10:00:00,15198.358492456058,15943.201349107669,11643.682899060354
forecast_1355,2025-02-26 11:00:00,13824.808860523635,14595.405603005009,10298.852504427667
forecast_1356,2025-02-26 12:00:00,14019.241458097333,14567.00897174162,10251.207760607302
forecast_1357,2025-02-26 13:00:00,13563.76750581436,14324.549923418232,10322.104758176
forecast_1358,2025-02-26 14:00:00,13912.223127300238,14012.77697026319,10318.082024508203
forecast_1359,2025-02-26 15:00:00,14134.471725621524,14353.552562706243,10191.771746439961
forecast_1360,2025-02-26 16:00:00,14556.949889722639,14932.934170553435,10358.86044513093
forecast_1361,2025-02-26 17:00:00,14445.142990901013,14821.045802597991,11014.912381852699
forecast_1362,2025-02-26 18:00:00,15504.11746757168,16398.62297299549,13111.531759585354
forecast_1363,2025-02-26 19:00:00,16413.302879435527,17625.874953145783,14696.97124404043
forecast_1364,2025-02-26 20:00:00,17682.47687537993,18682.003876386494,16310.135115119687
forecast_1365,2025-02-26 21:00:00,18873.581611888785,19230.64851372491,18480.986199468687
forecast_1366,2025-02-26 22:00:00,18676.029874828073,19237.594479530282,17632.114786970826
forecast_1367,2025-02-26 23:00:00,17611.005165846276,18998.401008774297,17084.348946394082
forecast_1368,2025-02-27 00:00:00,18966.159067033463,19563.03324060107,18836.937816219557
forecast_1369,2025-02-27 01:00:00,19014.233032468343,19610.979557131985,18604.207756306107
forecast_1370,2025-02-27 02:00:00,19415.27869472477,19520.61613250733,18768.210657882173
forecast_1371,2025-02-27 03:00:00,19527.051177360816,19513.462903178395,18738.555526551027
forecast_1372,2025-02-27 04:00:00,20599.35014835603,19457.078201397548,19156.38887124223
forecast_1373,2025-02-27 05:00:00,20496.19992180786,19235.43913606593,19034.08957238062
forecast_1374,2025-02-27 06:00:00,20288.900638730647,19134.52942434242,18688.297743258023
forecast_1375,2025-02-27 07:00:00,20193.279669695756,18999.368903733288,17446.802696564326
forecast_1376,2025-02-27 08:00:00,18425.151568522593,18103.57150552175,15774.236894632852
forecast_1377,2025-02-27 09:00:00,17604.874086949105,17675.79697803838,13503.569063554782
forecast_1378,2025-02-27 10:00:00,15642.14868443679,15026.81825133774,13605.118885303466
forecast_1379,2025-02-27 11:00:00,14908.10284927566,12845.46576017451,12242.541969113676
forecast_1380,2025-02-27 12:00:00,12626.687509373774,11587.484163354482,10763.617496743622
forecast_1381,2025-02-27 13:00:00,11923.50429324033,10370.239239165941,9871.552409504877
forecast_1382,2025-02-27 14:00:00,10407.346079878398,9349.910531950276,9061.127145069133
forecast_1383,2025-02-27 15:00:00,10062.212319839517,8886.77219493797,8966.217426325333
forecast_1384,2025-02-27 16:00:00,9645.306939884958,8458.867783971791,8717.3330866774
forecast_1385,2025-02-27 17:00:00,10249.954096870362,9426.611042701705,7444.739619472756
forecast_1386,2025-02-27 18:00:00,11186.959017308087,9939.945110928564,7673.347747714251
forecast_1387,2025-02-27 19:00:00,12410.615493927766,11542.543648639285,8301.543211755581
forecast_1388,2025-02-27 20:00:00,12640.01709667837,12794.125925851346,8341.44277883777
forecast_1389,2025-02-27 21:00:00,14126.112420164005,15060.316241341465,10575.548475399311
forecast_1390,2025-02-27 22:00:00,15353.59853108678,17215.73727044611,12046.144080525346
forecast_1391,2025-02-27 23:00:00,14626.425630161162,17051.9589288888,11910.612830983458
forecast_1392,2025-02-28 00:00:00,14390.317812755886,16957.47810206379,12581.836035743268
forecast_1393,2025-02-28 01:00:00,15426.860277897156,17223.463792639537,14690.735085834613
forecast_1394,2025-02-28 02:00:00,15818.78025483763,16639.01427280279,15073.89234414522
forecast_1395,2025-02-28 03:00:00,16323.801394832066,16186.177099019893,15978.79149136277
forecast_1396,2025-02-28 04:00:00,16342.174639569803,16734.378708771026,16509.83576330173
forecast_1397,2025-02-28 05:00:00,16794.79468986675,17576.071663836665,16957.156367844498
forecast_1398,2025-02-28 06:00:00,16547.66367328595,18043.56990050263,17072.528589541354
forecast_1399,2025-02-28 07:00:00,18523.144876394006,18540.92340312677,16379.833942428968
forecast_1400,2025-02-28 08:00:00,15843.6863741601,18126.325554755935,15674.880509008055
forecast_1401,2025-02-28 09:00:00,16721.613762907262,18622.933878351218,15817.124093213755
forecast_1402,2025-02-28 10:00:00,15949.007445304764,16988.32905040658,15010.13826105835
forecast_1403,2025-02-28 11:00:00,14796.717749435054,16705.53908266924,14040.139425087482
forecast_1404,2025-02-28 12:00:00,13001.872911655433,14780.306594363516,11009.012547763985
forecast_1405,2025-02-28 13:00:00,12550.767424586766,13904.25292718771,10712.956983454185
forecast_1406,2025-02-28 14:00:00,12666.539561723283,13632.400978182275,12196.700641581227
forecast_1407,2025-02-28 15:00:00,12523.333843969376,12686.065084476253,11877.686197078565
forecast_1408,2025-02-28 16:00:00,12930.157274172328,13941.636432562853,10275.307583695916
forecast_1409,2025-02-28 17:00:00,15377.74721184625,16891.916417353234,11911.380387785068
forecast_1410,2025-02-28 18:00:00,16260.960932153564,16337.981252377003,12660.669290077374
forecast_1411,2025-02-28 19:00:00,16352.972171568232,16651.67005744382,12806.39367804834
forecast_1412,2025-02-28 20:00:00,16394.16334117014,15849.50379835116,11502.403017766424
forecast_1413,2025-02-28 21:00:00,14672.792853477516,13806.33908123441,9330.932299151747
forecast_1414,2025-02-28 22:00:00,14905.813565144805,13551.202362291324,8708.088410996104
forecast_1415,2025-02-28 23:00:00,13674.085050614076,13279.811163881805,8220.701777834094
forecast_1416,2025-03-01 00:00:00,11951.775650176756,9956.593586003082,6710.1364605761255
forecast_1417,2025-03-01 01:00:00,13612.88437278994,11193.302988599335,7437.63231114332
forecast_1418,2025-03-01 02:00:00,10311.049006571884,8990.411523107417,5837.689652419174
forecast_1419,2025-03-01 03:00:00,8074.7867949170095,7165.587543885069,5490.112102905744
forecast_1420,2025-03-01 04:00:00,6151.296651620459,4162.025284222952,3766.456910200812
forecast_1421,2025-03-01 05:00:00,3658.902224605523,3843.6523624484976,3569.42920183952
forecast_1422,2025-03-01 06:00:00,3486.9671719326816,3640.541897117777,3437.5105691740837
forecast_1423,2025-03-01 07:00:00,3472.776238392619,3523.6436013843245,3428.3665316805555
forecast_1424,2025-03-01 08:00:00,3319.15239316751,3146.188994128711,3399.6927502930034
forecast_1425,2025-03-01 09:00:00,3332.116768563019,3062.708411728641,3390.5017737726403
forecast_1426,2025-03-01 10:00:00,3318.9242359919867,2897.158053252969,3409.901756449405
forecast_1427,2025-03-01 11:00:00,3383.737875033414,2927.5342752199667,3392.8179771168707
forecast_1428,2025-03-01 12:00:00,3301.14277393357,2951.359361807983,3425.0970326708134
forecast_1429,2025-03-01 13:00:00,3441.876289330129,3365.4528289826326,3414.1399502297118
forecast_1430,2025-03-01 14:00:00,3432.783103217883,3513.0788507152674,3526.9269898468515
forecast_1431,2025-03-01 15:00:00,3730.593394163098,4362.468689668713,3683.2316125847487
forecast_1432,2025-03-01 16:00:00,3540.2614821086318,3884.1554338424344,3583.0869757537184
forecast_1433,2025-03-01 17:00:00,3655.535306155719,3979.7311458238987,3522.1142826290643
forecast_1434,2025-03-01 18:00:00,3629.405065062592,3739.6341008330373,3708.116147001211
forecast_1435,2025-03-01 19:00:00,3580.3885622826756,3566.687708714873,3523.665574694948
forecast_1436,2025-03-01 20:00:00,3713.839883711854,4209.07812093127,3524.844950377025
forecast_1437,2025-03-01 21:00:00,3884.1256055256404,4724.907861070471,3648.2297041744278
forecast_1438,2025-03-01 22:00:00,3647.311340110648,3744.098100805855,3626.3622785325683
forecast_1439,2025-03-01 23:00:00,4526.589807504819,3439.7061831546016,3496.82091613256
forecast_1440,2025-03-02 00:00:00,4827.436262790887,3476.884863066353,3533.2120613823686
forecast_1441,2025-03-02 01:00:00,5707.776624563488,5530.865333717456,4054.4693190238313
forecast_1442,2025-03-02 02:00:00,5955.901739570957,5412.751386246868,3746.5868744619247
forecast_1443,2025-03-02 03:00:00,3690.4157433551954,3919.3148567097487,4254.417277812817
forecast_1444,2025-03-02 04:00:00,5075.726068247554,3871.9161235664774,3505.079173264532
forecast_1445,2025-03-02 05:00:00,5020.264083047227,3990.231819372318,3441.534815319817
forecast_1446,2025-03-02 06:00:00,3525.9752006701574,3277.8740127614547,3391.4608552938967
forecast_1447,2025-03-02 07:00:00,3329.252643311269,3027.9080782485325,3414.369544077273
forecast_1448,2025-03-02 08:00:00,3296.464727348785,3043.5685782320875,3385.782726531712
forecast_1449,2025-03-02 09:00:00,3308.749625165754,3159.075544003086,3389.71510089372
forecast_1450,2025-03-02 10:00:00,3338.775053132616,3207.0641998459837,3457.3809133087216
forecast_1451,2025-03-02 11:00:00,3470.0697299022577,3359.8992924219215,3623.5035594849783
forecast_1452,2025-03-02 12:00:00,3533.494720276558,3880.819559025267,3730.500346621701
forecast_1453,2025-03-02 13:00:00,4910.671631277785,5281.922026704538,4720.313807735286
forecast_1454,2025-03-02 14:00:00,5475.6772389804655,6417.51508396934,4892.729786223108
forecast_1455,2025-03-02 15:00:00,6628.912856708487,7862.8807951309645,5577.6635944978025
forecast_1456,2025-03-02 16:00:00,7890.425076638896,10114.813857768679,6531.248174832872
forecast_1457,2025-03-02 17:00:00,5026.275296001336,10286.577223485338,7642.004292394096
forecast_1458,2025-03-02 18:00:00,5217.393409841409,11460.166752070383,9134.772313971585
forecast_1459,2025-03-02 19:00:00,11351.906710459793,13672.820159337522,11154.580912018364
forecast_1460,2025-03-02 20:00:00,5605.5118332923075,13516.18765244144,11774.559038677735
forecast_1461,2025-03-02 21:00:00,5477.466798557951,13422.998872329992,10849.778085365599
forecast_1462,2025-03-02 22:00:00,5792.20547163081,14370.751585263539,11765.304749307548
forecast_1463,2025-03-02 23:00:00,5826.043533617248,14345.041247368901,11099.863821719766
forecast_1464,2025-03-03 00:00:00,5702.785764184223,13768.715529183042,10472.199898930407
forecast_1465,2025-03-03 01:00:00,15481.939133999178,16986.735695733787,11071.793428204011
forecast_1466,2025-03-03 02:00:00,14795.208643340071,15736.4543928746,10195.921879596064
forecast_1467,2025-03-03 03:00:00,15050.793620083492,15894.643760081382,9541.143311915652
forecast_1468,2025-03-03 04:00:00,15023.110768348195,15539.3394274214,9542.189248438732
forecast_1469,2025-03-03 05:00:00,15005.543861459919,15356.849787161324,9301.027150306169
forecast_1470,2025-03-03 06:00:00,16192.480000507114,17275.64443760951,10393.14316997467
forecast_1471,2025-03-03 07:00:00,16406.74996580093,17763.489620067066,11127.925905465914
forecast_1472,2025-03-03 08:00:00,16122.415480902677,17549.4274933652,13555.729460935676
forecast_1473,2025-03-03 09:00:00,16058.351701978561,17652.049255909504,13734.410325204519
forecast_1474,2025-03-03 10:00:00,15953.507262541454,17456.501750716263,14104.03574174731
forecast_1475,2025-03-03 11:00:00,15827.063232351726,17296.205518769577,13399.983662147808
forecast_1476,2025-03-03 12:00:00,15428.240610224482,16471.997808330594,13528.626050174762
forecast_1477,2025-03-03 13:00:00,14632.643965363979,15725.040386591307,13657.45123324391
forecast_1478,2025-03-03 14:00:00,14679.812406899782,15403.71892808776,13558.801880692237
forecast_1479,2025-03-03 15:00:00,13966.08879930075,15041.523897154942,13586.524070295762
forecast_1480,2025-03-03 16:00:00,11399.033830491111,4250.547359713445,12690.269458529518
forecast_1481,2025-03-03 17:00:00,11752.127946695782,4214.087572187701,13438.728249623202
forecast_1482,2025-03-03 18:00:00,3759.122186709076,4066.1401858727518,13251.98530983537
forecast_1483,2025-03-03 19:00:00,3733.2344833043726,4007.484213908833,12288.044429896612
forecast_1484,2025-03-03 20:00:00,3707.7316338652095,3858.0788136504607,11177.196963229524
forecast_1485,2025-03-03 21:00:00,3754.20905040556,4159.123688818117,11741.272047178272
forecast_1486,2025-03-03 22:00:00,3791.7927823208684,4736.960483747407,11632.154594708774
forecast_1487,2025-03-03 23:00:00,6346.786966844391,17133.659204660056,11577.323618086566
forecast_1488,2025-03-04 00:00:00,6548.726611080804,17769.441240289416,11372.372027177917
forecast_1489,2025-03-04 01:00:00,15392.79306881597,18135.268026241334,11096.023350810365
forecast_1490,2025-03-04 02:00:00,15562.2778462583,17715.696658455767,11049.42967066795
forecast_1491,2025-03-04 03:00:00,15867.40002580884,17269.44736806244,11012.714087757671
forecast_1492,2025-03-04 04:00:00,16038.479520175615,17208.273444404367,11238.045835408338
forecast_1493,2025-03-04 05:00:00,15912.951531563107,16665.338593295735,11519.636828236467
forecast_1494,2025-03-04 06:00:00,16057.002740544189,16223.05625289397,10726.250651460685
forecast_1495,2025-03-04 07:00:00,15466.910630528138,15873.776306293345,12647.912167083769
forecast_1496,2025-03-04 08:00:00,15383.067303240643,15898.663758669883,12130.861121563152
forecast_1497,2025-03-04 09:00:00,15447.773055449221,15856.201698876328,11691.109106638158
forecast_1498,2025-03-04 10:00:00,15401.024114507289,15845.644478528171,11390.655126087693
forecast_1499,2025-03-04 11:00:00,15198.887972193867,15831.432445406144,11198.483851388517
forecast_1500,2025-03-04 12:00:00,15645.838261311836,15775.860640479505,11022.692134902429
forecast_1501,2025-03-04 13:00:00,15732.54489799212,15501.237588519947,10882.61367812668
forecast_1502,2025-03-04 14:00:00,15388.721522700647,15975.637536787288,10270.98979945277
forecast_1503,2025-03-04 15:00:00,15842.340830812444,15710.571476323801,10375.147110980884
forecast_1504,2025-03-04 16:00:00,15763.11221639858,16075.92883513723,10374.060410685062
forecast_1505,2025-03-04 17:00:00,15610.523246263612,17055.774285889653,10379.332518437697
forecast_1506,2025-03-04 18:00:00,15584.678081810514,17289.053462762866,10474.07782938505
forecast_1507,2025-03-04 19:00:00,15490.563514785026,17243.03621119361,10895.756160626117
forecast_1508,2025-03-04 20:00:00,15276.467176921904,16933.00214044733,11692.700198125904
forecast_1509,2025-03-04 21:00:00,15476.330407526444,17438.48664733984,12373.636270846077
forecast_1510,2025-03-04 22:00:00,15065.626310752297,17388.883365172373,13296.713124478289
forecast_1511,2025-03-04 23:00:00,12692.03562708017,4529.1042506178355,12570.7233955586
forecast_1512,2025-03-05 00:00:00,11888.975535400523,4159.850510221715,11828.15995435796
forecast_1513,2025-03-05 01:00:00,3486.4992435558743,3440.9438001243993,3561.8527740942504
forecast_1514,2025-03-05 02:00:00,3317.507328241561,3097.8293024072577,3490.72859266651
forecast_1515,2025-03-05 03:00:00,3259.001302614582,3088.456195866574,3465.5773758267605
forecast_1516,2025-03-05 04:00:00,3218.7967505863126,2956.7275699318743,3468.7851164704593
forecast_1517,2025-03-05 05:00:00,3228.1986085245962,2936.0902270815527,3520.1989140664678
forecast_1518,2025-03-05 06:00:00,3225.076669376581,2921.089868930917,3640.534074124973
forecast_1519,2025-03-05 07:00:00,3200.0480654850257,2779.5285001743364,3535.6357571737917
forecast_1520,2025-03-05 08:00:00,3187.3752388326216,2763.827532140647,3575.0587691428154
forecast_1521,2025-03-05 09:00:00,3199.0029168566143,2847.5188364812702,3494.6177603668857
forecast_1522,2025-03-05 10:00:00,3135.40066469365,2542.4222008073752,3506.375905086113
forecast_1523,2025-03-05 11:00:00,3132.4367569037804,2539.800392652925,3419.9488525777456
forecast_1524,2025-03-05 12:00:00,3132.963802083681,2550.1299434173898,3424.9096772225616
forecast_1525,2025-03-05 13:00:00,3127.7864352823917,2533.5229663984865,3424.0626647210647
forecast_1526,2025-03-05 14:00:00,3136.814107968783,2540.030573742226,3423.041513517832
forecast_1527,2025-03-05 15:00:00,3134.2907374500364,2532.7135530719233,3392.415021246544
forecast_1528,2025-03-05 16:00:00,3138.0965579943063,2532.8168379430367,3383.360186256517
forecast_1529,2025-03-05 17:00:00,3147.7037291788465,2567.4753632816,3373.953523968624
forecast_1530,2025-03-05 18:00:00,3172.821255353187,2632.3661811711163,3373.2613905818434
forecast_1531,2025-03-05 19:00:00,3206.172256884895,2705.5822699512314,3378.889435532732
forecast_1532,2025-03-05 20:00:00,3271.2388209640285,2835.868828614783,3396.1251229265017
forecast_1533,2025-03-05 21:00:00,3378.7429022466927,2910.074320422179,3394.066599936499
forecast_1534,2025-03-05 22:00:00,3283.5554905971176,2847.2608304541773,3407.208060621875
forecast_1535,2025-03-05 23:00:00,3299.6563292514707,2806.16320912848,3388.5560028773184
forecast_1536,2025-03-06 00:00:00,3307.460547923735,2846.727637516842,3383.624079808087
forecast_1537,2025-03-06 01:00:00,3326.090724187153,2837.835373100367,3400.8237852295224
forecast_1538,2025-03-06 02:00:00,3312.1432010093763,2779.6292007638363,3384.0320239002267
forecast_1539,2025-03-06 03:00:00,3304.4418972411954,2798.082314454273,3382.087975796864
forecast_1540,2025-03-06 04:00:00,3256.038735939045,2783.3509126092467,3377.057968276659
forecast_1541,2025-03-06 05:00:00,3237.2505205097114,2766.6820815636324,3371.2182417899944
forecast_1542,2025-03-06 06:00:00,3203.452456170958,2757.6171544271206,3371.8052499108057
forecast_1543,2025-03-06 07:00:00,3170.7681402530375,2646.618366737509,3364.6662174502203
forecast_1544,2025-03-06 08:00:00,3140.3512746454962,2561.895696091731,3362.9416629675247
forecast_1545,2025-03-06 09:00:00,3135.7223246447616,2574.605145295761,3362.617269034769
forecast_1546,2025-03-06 10:00:00,3128.0932751660243,2539.8130478537432,3368.999080866771
forecast_1547,2025-03-06 11:00:00,3128.946859476916,2539.4800942833685,3366.4219384227604
forecast_1548,2025-03-06 12:00:00,3126.1044773714502,2532.2540939885157,3365.8544636543215
forecast_1549,2025-03-06 13:00:00,3133.791180385223,2539.2790126077325,3368.0537635054816
forecast_1550,2025-03-06 14:00:00,3132.424097904409,2549.466328541693,3369.7869141218152
forecast_1551,2025-03-06 15:00:00,3134.3134644174006,2554.09748550564,3369.852403978494
forecast_1552,2025-03-06 16:00:00,3131.8728368062802,2545.1432759993213,3371.3696731183923
forecast_1553,2025-03-06 17:00:00,3147.4060190178225,2573.6954970459055,3403.7899591816486
forecast_1554,2025-03-06 18:00:00,3160.2311926856623,2612.810403809232,3376.91260528612
forecast_1555,2025-03-06 19:00:00,3146.029255028893,2597.7295068908916,3372.0066913138794
forecast_1556,2025-03-06 20:00:00,3162.432921432016,2651.029434703603,3374.570571856451
forecast_1557,2025-03-06 21:00:00,3230.5156933431595,2773.98887956735,3367.761733316293
forecast_1558,2025-03-06 22:00:00,3226.6369450811662,2760.605756402819,3368.2802286500355
forecast_1559,2025-03-06 23:00:00,3204.7401486421313,2689.0540591255176,3365.7346054904788
forecast_1560,2025-03-07 00:00:00,3189.737415310958,2686.9978267943548,3362.569053301521
forecast_1561,2025-03-07 01:00:00,3166.9765694546068,2637.8720708597893,3363.392108934428
forecast_1562,2025-03-07 02:00:00,3181.3882723379847,2691.385064077684,3365.755140571987
forecast_1563,2025-03-07 03:00:00,3175.927694621894,2635.704500973392,3362.1574670985474
forecast_1564,2025-03-07 04:00:00,3152.0695067797205,2612.9234952928946,3361.775860332695
forecast_1565,2025-03-07 05:00:00,3164.307558100958,2634.505296323351,3362.212173642151
forecast_1566,2025-03-07 06:00:00,3175.8391114797823,2621.126140186306,3362.0614789824585
forecast_1567,2025-03-07 07:00:00,3160.322980496742,2562.0825317544263,3361.9025828261065
forecast_1568,2025-03-07 08:00:00,3134.4712151984036,2567.4890731034047,3361.261729135477
forecast_1569,2025-03-07 09:00:00,3131.676584929473,2553.388971359784,3361.481018738828
forecast_1570,2025-03-07 10:00:00,3127.805921580663,2543.852252522061,3361.7967137593946
forecast_1571,2025-03-07 11:00:00,3129.084402595962,2534.301854935192,3362.1784487800114
forecast_1572,2025-03-07 12:00:00,3126.187260379374,2527.745019335501,3361.876954833412
forecast_1573,2025-03-07 13:00:00,3128.1890210642555,2533.948848396217,3360.6823040319505
forecast_1574,2025-03-07 14:00:00,3129.1901232086575,2544.6037379674185,3360.880579794676
forecast_1575,2025-03-07 15:00:00,3127.700118894945,2537.563325384464,3361.967588851453
forecast_1576,2025-03-07 16:00:00,3129.389652312923,2539.958091979693,3363.2440274540277
forecast_1577,2025-03-07 17:00:00,3128.625241823873,2530.551406991707,3363.2109860719142
forecast_1578,2025-03-07 18:00:00,3156.5197009774847,2674.685911360463,3365.0275880172862
forecast_1579,2025-03-07 19:00:00,3196.100808167062,2824.7711094939195,3377.1218664072117
forecast_1580,2025-03-07 20:00:00,3211.1249355143823,2784.769669839085,3370.032552169096
forecast_1581,2025-03-07 21:00:00,3175.480860031942,2695.0881011235874,3368.113258055512
forecast_1582,2025-03-07 22:00:00,3221.8481624132437,2804.4424535555936,3374.8684205785844
forecast_1583,2025-03-07 23:00:00,3290.4176649802093,3000.6510036101786,3383.126032062733
forecast_1584,2025-03-08 00:00:00,3315.7527830355953,3113.7820158586155,3390.791121173126
forecast_1585,2025-03-08 01:00:00,3337.7933402084054,3149.380406725563,3396.736576418123
forecast_1586,2025-03-08 02:00:00,3399.0206673195107,3320.995489613542,3416.671736258649
forecast_1587,2025-03-08 03:00:00,3451.4292938634453,3412.8990793070907,3465.5130367073248
forecast_1588,2025-03-08 04:00:00,3581.3062897338004,3529.524956027825,3588.491706512433
forecast_1589,2025-03-08 05:00:00,3509.942287243787,3549.4510823538894,3526.663970704106
forecast_1590,2025-03-08 06:00:00,3602.154325776175,3594.195608345651,3643.0782131613582
forecast_1591,2025-03-08 07:00:00,3505.1944780771073,3523.4662796791245,3552.479655694761
forecast_1592,2025-03-08 08:00:00,3481.1918781142,3619.69571385377,3508.958424707637
forecast_1593,2025-03-08 09:00:00,3500.3523300294305,3623.5129057288086,3518.1308021581963
forecast_1594,2025-03-08 10:00:00,3346.9191853751863,3267.164135479796,3481.619336002667
forecast_1595,2025-03-08 11:00:00,3436.1371731224126,3270.215199064854,3629.8712076425245
forecast_1596,2025-03-08 12:00:00,3460.3050550432595,3409.498809621136,3770.361590115482
forecast_1597,2025-03-08 13:00:00,3587.305876755159,3621.0558677483414,3723.4086953544574
forecast_1598,2025-03-08 14:00:00,6242.546032953634,3816.0280388167503,4821.500385256076
forecast_1599,2025-03-08 15:00:00,7117.875807155909,3984.965178750535,5131.723127800436
forecast_1600,2025-03-08 16:00:00,7128.9114040418535,3998.074476385701,4813.214331559595
forecast_1601,2025-03-08 17:00:00,6495.46412876743,3985.5284683234418,5088.756993918535
forecast_1602,2025-03-08 18:00:00,7864.746018046694,3969.102220914152,5436.963155983686
forecast_1603,2025-03-08 19:00:00,10071.974795298553,8844.849691796026,7108.418306644131
forecast_1604,2025-03-08 20:00:00,9748.937507448954,9667.385767460582,7334.213172037773
forecast_1605,2025-03-08 21:00:00,9739.901439641932,9583.571325933659,7064.909545392828
forecast_1606,2025-03-08 22:00:00,10528.156501308902,10794.421158701814,6985.81540860025
forecast_1607,2025-03-08 23:00:00,10210.158976168572,10079.378903795887,6479.895084383424
forecast_1608,2025-03-09 00:00:00,10492.686222207754,9336.827606715777,6707.582582635075
forecast_1609,2025-03-09 01:00:00,8569.730984711834,7685.287228250254,4778.833337478612
forecast_1610,2025-03-09 02:00:00,7920.185925576149,7018.1277245634365,4850.4910545500625
forecast_1611,2025-03-09 03:00:00,6461.0316542400815,4189.83300083393,4373.0566700276495
forecast_1612,2025-03-09 04:00:00,6786.918204625225,3970.818149287635,3954.010940248363
forecast_1613,2025-03-09 05:00:00,5634.322782919125,3669.2221125436936,3658.5864061693937
forecast_1614,2025-03-09 06:00:00,4972.699370963814,3405.3240264420037,3699.2868582084393
forecast_1615,2025-03-09 07:00:00,3499.4821992913066,3258.7874499302256,3558.04934424657
forecast_1616,2025-03-09 08:00:00,3277.144290503286,2823.600053145339,3376.0788361988866
forecast_1617,2025-03-09 09:00:00,3177.7165907502113,2719.994279618798,3368.5461561295806
forecast_1618,2025-03-09 10:00:00,3128.6386628365794,2533.911332748559,3365.0290383858246
forecast_1619,2025-03-09 11:00:00,3128.841183064432,2540.6096010616807,3363.624514532619
forecast_1620,2025-03-09 12:00:00,3126.2708023469872,2539.9242371645273,3362.9649334853143
forecast_1621,2025-03-09 13:00:00,3128.1764190092545,2555.7273978419585,3363.820760422271
forecast_1622,2025-03-09 14:00:00,3128.8684962532793,2555.9310438425687,3364.8321618591694
forecast_1623,2025-03-09 15:00:00,3126.624994696391,2543.4007131083345,3362.1264194846626
forecast_1624,2025-03-09 16:00:00,3122.690079952395,2530.0955584835165,3362.2053958564593
forecast_1625,2025-03-09 17:00:00,3126.451700416478,2537.6173461895614,3361.7268801398195
forecast_1626,2025-03-09 18:00:00,3127.7406443362643,2528.594562890577,3361.9204016975436
forecast_1627,2025-03-09 19:00:00,3141.216312247679,2531.6610838803213,3363.479318498903
forecast_1628,2025-03-09 20:00:00,3164.1376109853795,2539.328766697968,3366.7152456389977
forecast_1629,2025-03-09 21:00:00,3165.450468427016,2621.342113618783,3365.85140439649
forecast_1630,2025-03-09 22:00:00,3183.7677444891488,2738.1244091492517,3381.847361327865
forecast_1631,2025-03-09 23:00:00,3327.7832549457785,3157.7934450466646,3421.2887102396976
forecast_1632,2025-03-10 00:00:00,3578.7917290002233,3642.9225232213416,3604.742518636947
forecast_1633,2025-03-10 01:00:00,6319.50620538395,5476.596097059571,3717.287096309921
forecast_1634,2025-03-10 02:00:00,8006.426018443265,7102.498901760287,5219.667119867882
forecast_1635,2025-03-10 03:00:00,7801.841905971478,6941.600210872892,4965.5953465839675
forecast_1636,2025-03-10 04:00:00,8291.55347769365,7246.60445702892,4738.045890182474
forecast_1637,2025-03-10 05:00:00,6925.5446938065625,6282.174462329552,4496.30305218992
forecast_1638,2025-03-10 06:00:00,7277.63753651475,6206.515586931222,4273.296041762177
forecast_1639,2025-03-10 07:00:00,7980.338372015725,6824.173449788039,4169.861467113873
forecast_1640,2025-03-10 08:00:00,7963.386419120212,6572.8602394907575,3990.253550342289
forecast_1641,2025-03-10 09:00:00,7113.625062982325,5934.583377622609,3695.5723705084406
forecast_1642,2025-03-10 10:00:00,3557.5833710955085,3477.04755035961,3659.931415278517
forecast_1643,2025-03-10 11:00:00,3503.9773589612037,3408.9667259712155,3520.446079590332
forecast_1644,2025-03-10 12:00:00,3451.0323029527917,3425.707952988535,3502.3762553612764
forecast_1645,2025-03-10 13:00:00,3505.7825088754266,3648.8658683524386,3549.009849027587
forecast_1646,2025-03-10 14:00:00,3516.5083821412304,3687.6598334702467,3593.9797584869716
forecast_1647,2025-03-10 15:00:00,3768.402615255466,4113.158974519302,3770.5169582064827
forecast_1648,2025-03-10 16:00:00,3906.8674907718164,4742.8912223861635,4233.562111555931
forecast_1649,2025-03-10 17:00:00,6295.0485757761,5341.583760551891,4679.077269930694
forecast_1650,2025-03-10 18:00:00,7682.501415479677,6707.588810389232,4792.532957821763
forecast_1651,2025-03-10 19:00:00,8426.674624009076,8753.130402493669,5524.728075826344
forecast_1652,2025-03-10 20:00:00,9813.465773354093,10918.826760946233,6706.520061888137
forecast_1653,2025-03-10 21:00:00,11049.49189636165,12681.121447248996,8591.29438860091
forecast_1654,2025-03-10 22:00:00,14971.883077032533,16441.044134862277,11255.575538595343
forecast_1655,2025-03-10 23:00:00,16202.012640462744,17235.211930457175,12139.315644901766
forecast_1656,2025-03-11 00:00:00,17946.333795036728,17939.512782290964,13947.341789733131
forecast_1657,2025-03-11 01:00:00,17463.01468767174,18138.46730925966,13704.704160460367
forecast_1658,2025-03-11 02:00:00,17574.26608802468,18244.800326367043,14149.01502507911
forecast_1659,2025-03-11 03:00:00,17803.852222572084,18363.853330571907,14735.077021866759
forecast_1660,2025-03-11 04:00:00,17603.256103698917,18576.940219708984,14945.739865764415
forecast_1661,2025-03-11 05:00:00,16775.410810064084,18535.62129054246,13898.6870639086
forecast_1662,2025-03-11 06:00:00,15626.347826869962,16872.205735909407,11358.800241881849
forecast_1663,2025-03-11 07:00:00,12605.29922574938,13335.63240074685,6892.573504031279
forecast_1664,2025-03-11 08:00:00,10546.434930735468,9550.028997495658,5785.0743454843405
forecast_1665,2025-03-11 09:00:00,5964.333485373033,3976.0752276609232,3578.5629596467443
forecast_1666,2025-03-11 10:00:00,3578.989256354395,3274.0446794674735,3421.4867886588254
forecast_1667,2025-03-11 11:00:00,3282.499203875589,2998.0427402516602,3391.9097656206286
forecast_1668,2025-03-11 12:00:00,3249.6895644759106,2951.2030419915905,3381.982105758192
forecast_1669,2025-03-11 13:00:00,3237.940839428723,2918.623287361775,3390.8352761652204
forecast_1670,2025-03-11 14:00:00,3250.0513013771574,3016.483973594812,3374.810914571379
forecast_1671,2025-03-11 15:00:00,3254.010316876922,2977.384899406109,3378.5358669992484
forecast_1672,2025-03-11 16:00:00,3301.2117981873084,2945.7678465693184,3388.905163334798
forecast_1673,2025-03-11 17:00:00,3386.0254605536265,2969.887577281059,3526.1246534305465
forecast_1674,2025-03-11 18:00:00,6209.155079151924,4836.335381307584,4169.3179953070085
forecast_1675,2025-03-11 19:00:00,7900.854637150373,6094.429625275769,5069.99430182457
forecast_1676,2025-03-11 20:00:00,9669.008270614902,8008.400567221855,5382.45883437375
forecast_1677,2025-03-11 21:00:00,11824.184400021402,10561.377242664264,7488.602697438538
forecast_1678,2025-03-11 22:00:00,11028.221627278368,11391.551072111613,7591.8505740019555
forecast_1679,2025-03-11 23:00:00,15436.261312787976,16092.136628337017,10293.63578673946
forecast_1680,2025-03-12 00:00:00,17356.192465822933,17802.69872843614,12605.155910215037
forecast_1681,2025-03-12 01:00:00,15712.225849739878,16671.627575587892,11264.576983962712
forecast_1682,2025-03-12 02:00:00,15974.77789007263,17064.37911927909,11608.396130788575
forecast_1683,2025-03-12 03:00:00,14619.746365328374,15337.711285931478,10619.081926300127
forecast_1684,2025-03-12 04:00:00,17384.221640580967,17575.971062472043,12354.627237617817
forecast_1685,2025-03-12 05:00:00,17328.530183208728,17925.994945514343,13807.136303765008
forecast_1686,2025-03-12 06:00:00,18384.586791149006,18324.81733923693,16741.291594335584
forecast_1687,2025-03-12 07:00:00,18550.651096035162,17741.12825908898,15649.483409558025
forecast_1688,2025-03-12 08:00:00,17535.790845400803,18214.386696484704,16388.536282375124
forecast_1689,2025-03-12 09:00:00,18755.151751192436,19024.0337019888,16613.59477007058
forecast_1690,2025-03-12 10:00:00,18539.28424154019,17476.346854855445,15782.230027987414
forecast_1691,2025-03-12 11:00:00,17598.59401822897,16677.609934603952,16239.648355590782
forecast_1692,2025-03-12 12:00:00,17853.445699183492,16503.911567786367,16041.474317200544
forecast_1693,2025-03-12 13:00:00,17868.639928840104,16858.721536722725,16058.589852524115
forecast_1694,2025-03-12 14:00:00,17954.704241617554,17409.72832135239,16366.208744263731
forecast_1695,2025-03-12 15:00:00,18893.08409529636,18130.725961802207,17050.026225575148
forecast_1696,2025-03-12 16:00:00,19873.343534357035,18688.590057446127,18246.503420489407
forecast_1697,2025-03-12 17:00:00,19947.030341605994,18767.846781455908,18320.205909409728
forecast_1698,2025-03-12 18:00:00,19176.792287874832,18405.338527992426,16948.42390658376
forecast_1699,2025-03-12 19:00:00,18433.417314846854,17473.47361015982,15983.424771262295
forecast_1700,2025-03-12 20:00:00,15912.839771295503,16163.302096180507,12569.910682371004
forecast_1701,2025-03-12 21:00:00,14694.66726540409,14533.766912440695,15170.154949243542
forecast_1702,2025-03-12 22:00:00,14465.92768229829,14310.190911641726,12586.73326514212
forecast_1703,2025-03-12 23:00:00,13266.03547275725,12176.995090988114,10599.632178434755
forecast_1704,2025-03-13 00:00:00,12959.232953232507,11863.093370979164,10923.841935123864
forecast_1705,2025-03-13 01:00:00,11769.04063160968,11446.62245784121,8537.10301755616
forecast_1706,2025-03-13 02:00:00,14373.731088384346,11907.54279559438,9965.831497796602
forecast_1707,2025-03-13 03:00:00,12853.048786933254,10569.49837950789,10115.79329704446
forecast_1708,2025-03-13 04:00:00,12223.7415162222,10573.745471870465,10091.83146182891
forecast_1709,2025-03-13 05:00:00,11876.862396341638,11327.631720323941,10246.571264721704
forecast_1710,2025-03-13 06:00:00,10457.188993247282,10887.790112124409,9165.607489742026
forecast_1711,2025-03-13 07:00:00,9716.353818988828,9809.051614627051,7644.615777306872
forecast_1712,2025-03-13 08:00:00,8269.57386053395,9238.321983625448,6228.704168078487
forecast_1713,2025-03-13 09:00:00,7790.438376304202,8018.23997172087,5219.756669290705
forecast_1714,2025-03-13 10:00:00,6296.371854978338,3879.5216641276097,3752.585915779358
forecast_1715,2025-03-13 11:00:00,3466.6944891150993,3483.185619183892,3491.742450231093
forecast_1716,2025-03-13 12:00:00,3431.5666471111604,3388.0092928994254,3449.664351721673
forecast_1717,2025-03-13 13:00:00,3466.652121240873,3384.963862324561,3433.134946001668
forecast_1718,2025-03-13 14:00:00,3414.1942144277505,3282.272875785488,3442.835679918314
forecast_1719,2025-03-13 15:00:00,3319.3140180324117,3006.965672211466,3402.824557016393
forecast_1720,2025-03-13 16:00:00,3302.793369335475,2908.817192342289,3421.750117786718
forecast_1721,2025-03-13 17:00:00,3212.9580382474837,2700.442580127395,3398.9824083106932
forecast_1722,2025-03-13 18:00:00,3238.565141715447,2714.8505548890103,3380.057212541375
forecast_1723,2025-03-13 19:00:00,3405.02254431708,2859.021039115146,3383.610606170754
forecast_1724,2025-03-13 20:00:00,3565.75720843773,3231.949095897436,3437.1153231357303
forecast_1725,2025-03-13 21:00:00,4836.257361078951,3464.0276464456674,3575.494494502929
forecast_1726,2025-03-13 22:00:00,3703.8218557839205,3666.1641030173337,3664.7381709819724
forecast_1727,2025-03-13 23:00:00,3636.3019692813627,3605.773486942418,3658.703098655981
forecast_1728,2025-03-14 00:00:00,3492.3449537057804,3432.1267254375452,3492.264792586462
forecast_1729,2025-03-14 01:00:00,3537.562581248578,3287.711841340522,3458.884507202587
forecast_1730,2025-03-14 02:00:00,3437.815222788751,3139.00029680206,3418.484866937809
forecast_1731,2025-03-14 03:00:00,3527.8938183757637,3285.360244714464,3411.634307231971
forecast_1732,2025-03-14 04:00:00,3406.7153035469028,3117.008413387554,3381.5456767453416
forecast_1733,2025-03-14 05:00:00,3249.9378683155096,2887.7907593717196,3372.886358014285
forecast_1734,2025-03-14 06:00:00,3238.9341731139193,2874.830600204696,3364.611519178594
forecast_1735,2025-03-14 07:00:00,3222.736960718665,2829.6970998394117,3364.0976308660297
forecast_1736,2025-03-14 08:00:00,3209.823394118781,2851.613021706386,3372.5242391585957
forecast_1737,2025-03-14 09:00:00,3201.353342544497,2870.3967682742796,3368.7529374647484
forecast_1738,2025-03-14 10:00:00,3178.1094292711496,2754.9740926963,3376.298798566734
forecast_1739,2025-03-14 11:00:00,3182.5791423076926,2764.1206647414397,3386.134111849029
forecast_1740,2025-03-14 12:00:00,3195.2066279877154,2812.731758858394,3385.890580310625
forecast_1741,2025-03-14 13:00:00,3181.5883675437008,2785.9067257626466,3377.9738911786544
forecast_1742,2025-03-14 14:00:00,3179.3849789021574,2780.9703103365946,3383.1972569686613
forecast_1743,2025-03-14 15:00:00,3185.8694507276473,2812.8069843613407,3379.9725040547924
forecast_1744,2025-03-14 16:00:00,3185.62572738987,2804.7278864231575,3373.5920225357745
forecast_1745,2025-03-14 17:00:00,3179.1096349538766,2789.1765806489607,3368.9197642840227
forecast_1746,2025-03-14 18:00:00,3184.5492295880517,2757.9917260646785,3383.2098004894315
forecast_1747,2025-03-14 19:00:00,3201.802202774725,2770.1765700119863,3379.7463728038747
forecast_1748,2025-03-14 20:00:00,3303.47034391251,2880.8052587439006,3382.91069165892
forecast_1749,2025-03-14 21:00:00,3339.566255005596,2944.061833090942,3378.892414827069
forecast_1750,2025-03-14 22:00:00,3374.45008885918,3098.7593623001844,3381.015341464444
forecast_1751,2025-03-14 23:00:00,3445.060732251302,3167.0696233993017,3381.1495223121037
forecast_1752,2025-03-15 00:00:00,3497.326870850494,3145.7256819166937,3380.6463434595885
forecast_1753,2025-03-15 01:00:00,4299.03992216062,3246.8506869059097,3427.526377426219
forecast_1754,2025-03-15 02:00:00,4397.434657391417,3554.2108667479765,3431.371488241093
forecast_1755,2025-03-15 03:00:00,3607.967304466447,3497.390358792421,3403.1144434292737
forecast_1756,2025-03-15 04:00:00,3517.5925217876306,3465.765688906548,3418.7996728462253
forecast_1757,2025-03-15 05:00:00,3493.059928782605,3331.8537295665597,3421.788243061565
forecast_1758,2025-03-15 06:00:00,3457.698568032866,3288.040876205813,3417.145128493923
forecast_1759,2025-03-15 07:00:00,3408.958294461816,3186.0946219398174,3462.529949468309
forecast_1760,2025-03-15 08:00:00,3356.0959059051197,3155.8482042135824,3409.1129894515307
forecast_1761,2025-03-15 09:00:00,3268.13475119274,3100.1248202211623,3501.0453582077744
forecast_1762,2025-03-15 10:00:00,3294.49156179776,3029.7780150915273,3586.6070434580092
forecast_1763,2025-03-15 11:00:00,3270.801735966018,2913.888573682817,3585.0028707670335
forecast_1764,2025-03-15 12:00:00,3249.6160366297768,2916.4671820688313,3541.5972534442203
forecast_1765,2025-03-15 13:00:00,3279.111094663036,2996.8602164007,3531.435809918308
forecast_1766,2025-03-15 14:00:00,3270.519436814133,3012.8043513794632,3546.067610736479
forecast_1767,2025-03-15 15:00:00,3231.645309147169,2916.7532122845932,3478.1494780669527
forecast_1768,2025-03-15 16:00:00,3231.051580231962,2865.9431296184925,3453.070117172328
forecast_1769,2025-03-15 17:00:00,3194.4783608158846,2768.7930372525966,3391.3813708524117
forecast_1770,2025-03-15 18:00:00,3217.1276337806958,2908.475110842092,3391.762351301456
forecast_1771,2025-03-15 19:00:00,3227.5862718622793,2874.2951987914525,3414.5194723988593
forecast_1772,2025-03-15 20:00:00,3243.6523959604187,2920.2685558164603,3418.3141214092866
forecast_1773,2025-03-15 21:00:00,3258.26754903255,2912.849960881166,3402.6009519021577
forecast_1774,2025-03-15 22:00:00,3266.844298758424,2919.8884361004016,3400.9498658724083
forecast_1775,2025-03-15 23:00:00,3247.0003073646953,2838.551295592188,3377.9699208074007
forecast_1776,2025-03-16 00:00:00,3226.5618171730953,2868.750409789632,3374.83275902001
forecast_1777,2025-03-16 01:00:00,3269.5782776443025,2903.2186178262477,3414.9488354278096
forecast_1778,2025-03-16 02:00:00,3228.847671093093,2804.111589065022,3388.25622476843
forecast_1779,2025-03-16 03:00:00,3198.7076573804047,2798.2701313298767,3406.157428464118
forecast_1780,2025-03-16 04:00:00,3188.864664579921,2765.6208578518313,3391.2111104226237
forecast_1781,2025-03-16 05:00:00,3174.874616184544,2717.984005396237,3369.89722108148
forecast_1782,2025-03-16 06:00:00,3147.3003716400426,2584.294883967465,3370.83981180413
forecast_1783,2025-03-16 07:00:00,3136.2084029641283,2563.906027294758,3365.8457741926964
forecast_1784,2025-03-16 08:00:00,3127.0425232679795,2534.0536539370905,3365.118512693942
forecast_1785,2025-03-16 09:00:00,3125.5444519175085,2535.1443312431493,3364.4661902197345
forecast_1786,2025-03-16 10:00:00,3146.739090681728,2628.6490610614596,3362.887218524062
forecast_1787,2025-03-16 11:00:00,3161.5131067107336,2644.6056461429466,3366.420687662492
forecast_1788,2025-03-16 12:00:00,3193.9382708255057,2713.836909626463,3377.9629964283763
forecast_1789,2025-03-16 13:00:00,3307.8019078929287,2811.222242964643,3419.986859938271
forecast_1790,2025-03-16 14:00:00,3541.538738050618,3501.18602160246,3459.2629655652213
forecast_1791,2025-03-16 15:00:00,6514.380270703065,5950.524603248117,4486.867521775389
forecast_1792,2025-03-16 16:00:00,8604.973967871023,7047.269092168365,5430.5544131073475
forecast_1793,2025-03-16 17:00:00,9311.42539736281,8394.357199879909,5847.015176483231
forecast_1794,2025-03-16 18:00:00,9472.402938489906,8552.851042323464,6053.66264662171
forecast_1795,2025-03-16 19:00:00,8905.207019246032,9224.430188065162,6734.496280063901
forecast_1796,2025-03-16 20:00:00,10377.356977155452,10136.229913936804,6712.164980617101
forecast_1797,2025-03-16 21:00:00,11698.527025263204,11200.039476539636,8070.231704873046
forecast_1798,2025-03-16 22:00:00,12757.495192268083,12442.267756129195,8980.997223625434
forecast_1799,2025-03-16 23:00:00,11171.751558136037,11748.930151466133,8163.365569504247
forecast_1800,2025-03-17 00:00:00,8971.653275608993,9397.986483209204,6626.642658653812
forecast_1801,2025-03-17 01:00:00,13403.985687077624,13200.739060409875,8921.924983781262
forecast_1802,2025-03-17 02:00:00,11928.755757746401,10583.602220161387,8371.928936907165
forecast_1803,2025-03-17 03:00:00,10586.171284713702,8519.631578221635,7416.393872434836
forecast_1804,2025-03-17 04:00:00,9850.434131641454,4222.320148959258,8386.91498865493
forecast_1805,2025-03-17 05:00:00,8410.160675889801,4396.312916003238,7165.597509358045
forecast_1806,2025-03-17 06:00:00,7718.600897902471,4107.869331285054,3706.073015586947
forecast_1807,2025-03-17 07:00:00,4602.89048138841,3816.4180862756075,3501.987668204054
forecast_1808,2025-03-17 08:00:00,3641.9232797892564,3612.248795193377,3437.7297630547446
forecast_1809,2025-03-17 09:00:00,3529.753120417715,3362.729545001392,3447.840400882469
forecast_1810,2025-03-17 10:00:00,3463.764943713682,3177.718854179916,3452.8622108526556
forecast_1811,2025-03-17 11:00:00,4953.164946137462,3478.790892061298,3579.6147471386575
forecast_1812,2025-03-17 12:00:00,5313.168966434289,3662.5947649925265,3768.0641906203973
forecast_1813,2025-03-17 13:00:00,7271.823845248231,4059.9955631258176,5336.240579373661
forecast_1814,2025-03-17 14:00:00,8044.521668693312,4199.629562901413,7076.52874473209
forecast_1815,2025-03-17 15:00:00,9724.329382003274,7239.913996047172,7149.281688845787
forecast_1816,2025-03-17 16:00:00,9634.673544773133,7856.587915528398,6952.740018478228
forecast_1817,2025-03-17 17:00:00,9837.773543272371,7538.08549063892,6173.799585962772
forecast_1818,2025-03-17 18:00:00,10106.357887017344,7941.206507163501,5792.458622437602
forecast_1819,2025-03-17 19:00:00,10416.01157335447,8452.817072556049,7791.057170277637
forecast_1820,2025-03-17 20:00:00,9872.951506119545,8691.039366284447,8098.515088829053
forecast_1821,2025-03-17 21:00:00,10753.659281080925,9075.28383148218,8495.279122473463
forecast_1822,2025-03-17 22:00:00,13247.558669735348,11708.9622052434,9308.77822198186
forecast_1823,2025-03-17 23:00:00,12315.626749201094,10784.131394514787,7955.877027134696
forecast_1824,2025-03-18 00:00:00,9227.256347403982,8186.184792846903,3721.419495686651
forecast_1825,2025-03-18 01:00:00,8457.868522029245,8962.97389022463,3651.895364527025
forecast_1826,2025-03-18 02:00:00,5822.652268840288,6130.54757800151,3773.7692772987243
forecast_1827,2025-03-18 03:00:00,5255.6742531975,5669.303563216032,3736.547607698333
forecast_1828,2025-03-18 04:00:00,5058.019089937471,3851.3537011000294,4541.044975485575
forecast_1829,2025-03-18 05:00:00,4601.162536101234,3830.0485920176393,4469.933767621922
forecast_1830,2025-03-18 06:00:00,3586.492224302864,3649.6134218130046,3534.53570375708
forecast_1831,2025-03-18 07:00:00,3387.33201691428,3185.5297375863047,3409.2776824769517
forecast_1832,2025-03-18 08:00:00,3346.9136014649694,3204.6687663625544,3393.095830842261
forecast_1833,2025-03-18 09:00:00,3584.193378661469,3653.38979636181,3522.068169490647
forecast_1834,2025-03-18 10:00:00,3546.5722458597043,3482.3059035160236,3698.5626517759606
forecast_1835,2025-03-18 11:00:00,3380.904949937782,3035.1931248219857,3432.5361528539543
forecast_1836,2025-03-18 12:00:00,3504.4492901949025,3323.2074276656153,3477.5879915221053
forecast_1837,2025-03-18 13:00:00,3553.809743940539,3285.7685599778674,3472.476497292205
forecast_1838,2025-03-18 14:00:00,6133.975755028146,3729.908111919634,3656.9834340323346
forecast_1839,2025-03-18 15:00:00,7146.653368716716,6088.153401016289,5356.19616235866
forecast_1840,2025-03-18 16:00:00,10038.032168193338,8933.910492575804,7259.219369721803
forecast_1841,2025-03-18 17:00:00,11950.905355954259,12482.202046764269,10433.108233438857
forecast_1842,2025-03-18 18:00:00,11567.695483062931,12154.734894173542,10441.132580825466
forecast_1843,2025-03-18 19:00:00,11267.986738915884,12059.885521930464,9827.351224451773
forecast_1844,2025-03-18 20:00:00,10465.640702191813,10076.912323401342,9269.128681056412
forecast_1845,2025-03-18 21:00:00,9535.0711647691,8407.058692707626,7884.993128619511
forecast_1846,2025-03-18 22:00:00,8793.802214379139,7998.334417354323,3747.0555782912247
forecast_1847,2025-03-18 23:00:00,6180.271077745812,6584.004371097918,3526.988767728477
forecast_1848,2025-03-19 00:00:00,5482.528957123103,5746.247035091096,3585.7953970418403
forecast_1849,2025-03-19 01:00:00,4346.897053292143,3906.6772343687057,3410.357139956507
forecast_1850,2025-03-19 02:00:00,3930.59949776197,3600.2495036922573,3413.9647683780013
forecast_1851,2025-03-19 03:00:00,3605.6246473309347,3383.005486278738,3405.202427064582
forecast_1852,2025-03-19 04:00:00,3571.304045234342,3384.3834807617686,3462.7793854708666
forecast_1853,2025-03-19 05:00:00,3542.2174399137093,3353.8820049333394,3450.462020106475
forecast_1854,2025-03-19 06:00:00,4689.466132443678,3374.2027808610374,3430.3631587982
forecast_1855,2025-03-19 07:00:00,3617.290717200961,3606.3748089075784,3439.726614644071
forecast_1856,2025-03-19 08:00:00,3601.399651363668,3634.5742339519784,3492.5735981756848
forecast_1857,2025-03-19 09:00:00,3428.497128174373,3453.9362735546806,3622.657705980667
forecast_1858,2025-03-19 10:00:00,5707.927833204944,3585.168552900152,4031.836236773411
forecast_1859,2025-03-19 11:00:00,6125.159557092739,3594.4247179985914,4675.6792025982
forecast_1860,2025-03-19 12:00:00,6767.09998382404,3847.865776829613,5366.707345859365
forecast_1861,2025-03-19 13:00:00,7944.174575341064,4006.9780142572117,5686.748496695403
forecast_1862,2025-03-19 14:00:00,8211.583139529916,6009.53932882274,5304.1774238358685
forecast_1863,2025-03-19 15:00:00,8464.316023214742,6703.48483426549,6157.103590787936
forecast_1864,2025-03-19 16:00:00,9582.726957570563,7054.674096146748,6863.4438718335305
forecast_1865,2025-03-19 17:00:00,9154.535371599986,7253.019322740396,7057.3481541070905
forecast_1866,2025-03-19 18:00:00,10875.986922849492,9642.622154808914,8381.92709990942
forecast_1867,2025-03-19 19:00:00,12950.92141966446,12454.484438728481,10280.71402164221
forecast_1868,2025-03-19 20:00:00,13336.166157158921,13837.363272233919,11315.398502972828
forecast_1869,2025-03-19 21:00:00,13741.610563801469,14629.253767654762,11599.441372453595
forecast_1870,2025-03-19 22:00:00,14533.867145632788,16159.348014703626,12326.278131184314
forecast_1871,2025-03-19 23:00:00,14582.025538854778,16314.432480926753,12603.937417003395
forecast_1872,2025-03-20 00:00:00,16876.9540350191,16895.403456271426,13296.955259530188
forecast_1873,2025-03-20 01:00:00,17187.69034061877,17119.65794720565,13813.30170205363
forecast_1874,2025-03-20 02:00:00,18370.36532977949,17475.45856129278,13743.661693400261
forecast_1875,2025-03-20 03:00:00,18103.571954633935,17491.577279934827,14218.774815657882
forecast_1876,2025-03-20 04:00:00,18635.166235385845,17747.21421846468,15386.116859175503
forecast_1877,2025-03-20 05:00:00,19746.456990722927,18957.26682778766,17073.721824276196
forecast_1878,2025-03-20 06:00:00,19810.67970972063,19582.419097323273,18515.102370257384
forecast_1879,2025-03-20 07:00:00,20194.05502305305,19560.92794033465,17828.97180049636
forecast_1880,2025-03-20 08:00:00,20040.76257198809,19597.751168585728,17914.928092566945
forecast_1881,2025-03-20 09:00:00,19404.01279260292,19248.84624515693,17501.05915378695
forecast_1882,2025-03-20 10:00:00,18965.06341212526,18889.531351477075,16079.572856957842
forecast_1883,2025-03-20 11:00:00,18100.119549549498,18681.93866937794,15666.764518839247
forecast_1884,2025-03-20 12:00:00,17837.095119932015,17723.380478078314,15334.855311444222
forecast_1885,2025-03-20 13:00:00,17421.21310382198,17237.728717555845,15375.507938190152
forecast_1886,2025-03-20 14:00:00,18343.615129317073,18108.545640393684,16521.960045110318
forecast_1887,2025-03-20 15:00:00,18432.807837904686,18462.094471755583,17044.636551195574
forecast_1888,2025-03-20 16:00:00,18554.893781971245,18894.30065119061,17628.226385545622
forecast_1889,2025-03-20 17:00:00,19020.10189154348,19520.108645793338,17782.769854980656
forecast_1890,2025-03-20 18:00:00,19234.97450845657,19501.046882014132,18165.714538722128
forecast_1891,2025-03-20 19:00:00,19366.782941472633,19338.30995667846,18139.241386000824
forecast_1892,2025-03-20 20:00:00,19255.55455734882,19354.1149609075,18170.28797977865
forecast_1893,2025-03-20 21:00:00,19309.554872419354,19125.373745544126,18322.551159494364
forecast_1894,2025-03-20 22:00:00,20053.805116134758,19449.9456388333,18799.98162958602
forecast_1895,2025-03-20 23:00:00,19976.840465222514,19721.18316261793,18723.879400579164
forecast_1896,2025-03-21 00:00:00,20072.71364699293,19829.87852148063,19014.507155646235
forecast_1897,2025-03-21 01:00:00,19671.927078146637,19814.915875559684,18924.381249702397
forecast_1898,2025-03-21 02:00:00,20372.96019513466,20065.771124286963,19062.82502053106
forecast_1899,2025-03-21 03:00:00,20336.49034089058,20006.047442600004,19586.713801160993
forecast_1900,2025-03-21 04:00:00,20394.651643725792,20024.144508203757,19206.579515519916
forecast_1901,2025-03-21 05:00:00,20414.376245412222,20035.995188375935,19072.17542278044
forecast_1902,2025-03-21 06:00:00,20462.62773334581,20067.181271673642,18978.000837073014
forecast_1903,2025-03-21 07:00:00,19995.442502105674,20022.366103856344,18550.10045828711
forecast_1904,2025-03-21 08:00:00,20012.654809129013,20086.904142585816,18430.951347712824
forecast_1905,2025-03-21 09:00:00,19694.764977233383,19844.232975986444,17870.179922744028
forecast_1906,2025-03-21 10:00:00,19430.21010780361,19507.410394844002,17746.84825557801
forecast_1907,2025-03-21 11:00:00,18598.478838698207,18909.38964021855,17864.726296872643
forecast_1908,2025-03-21 12:00:00,17460.072072515166,18627.89933301593,17843.37819079265
forecast_1909,2025-03-21 13:00:00,17876.414030550965,18690.906580528837,17795.479591961288
forecast_1910,2025-03-21 14:00:00,18221.017465128392,18790.558359877024,17046.034578057326
forecast_1911,2025-03-21 15:00:00,18046.96378207035,18763.382532711523,16315.16797993099
forecast_1912,2025-03-21 16:00:00,18226.902508941497,18799.77250930764,15150.841787184876
forecast_1913,2025-03-21 17:00:00,18380.706075594073,18595.89512055296,16247.010266910465
forecast_1914,2025-03-21 18:00:00,18644.197052120337,18641.763145098517,17199.011879344496
forecast_1915,2025-03-21 19:00:00,18851.109395888416,18538.048616573873,17584.60361175243
forecast_1916,2025-03-21 20:00:00,18716.51032152773,18370.830297137705,18160.07336537084
forecast_1917,2025-03-21 21:00:00,18740.131751033416,18482.511790517496,18092.422331615282
forecast_1918,2025-03-21 22:00:00,18205.92194985379,18065.077070072635,18088.759428550315
forecast_1919,2025-03-21 23:00:00,19315.434430007128,18743.958332771024,18591.592369075523
forecast_1920,2025-03-22 00:00:00,19084.306189160197,18630.246613607294,18232.878136538857
forecast_1921,2025-03-22 01:00:00,19178.75373512252,18884.70222628644,18202.72173168988
forecast_1922,2025-03-22 02:00:00,19318.571102692287,19215.276781846635,17694.257205529146
forecast_1923,2025-03-22 03:00:00,19363.0357789441,19055.488983133288,17488.553891646865
forecast_1924,2025-03-22 04:00:00,19294.99672322618,19137.49625365282,17029.53034357575
forecast_1925,2025-03-22 05:00:00,19849.56560481847,19377.99503264361,17433.864348092906
forecast_1926,2025-03-22 06:00:00,19924.549499617275,19748.911430178585,17969.820925296677
forecast_1927,2025-03-22 07:00:00,20039.411606238315,19623.024203777444,17667.526390294468
forecast_1928,2025-03-22 08:00:00,19990.146630094892,19228.565593051913,17981.02929783917
forecast_1929,2025-03-22 09:00:00,19221.172285855093,18953.66185773166,18017.18241003911
forecast_1930,2025-03-22 10:00:00,18702.39240778106,18921.88672858229,17638.032085382674
forecast_1931,2025-03-22 11:00:00,18992.41716718836,18876.138524041064,17111.546251105283
forecast_1932,2025-03-22 12:00:00,18871.222031413094,18908.642685429517,16828.38571292753
forecast_1933,2025-03-22 13:00:00,18995.50957232723,18724.81847181998,16936.431144947775
forecast_1934,2025-03-22 14:00:00,18772.725235667243,18616.519327126683,17231.559044835187
forecast_1935,2025-03-22 15:00:00,18632.81508529669,18675.581398230293,17180.66952651438
forecast_1936,2025-03-22 16:00:00,17974.39719781064,18365.784172074855,16518.243878238864
forecast_1937,2025-03-22 17:00:00,17154.849060867222,17921.686106866884,15578.93692792808
forecast_1938,2025-03-22 18:00:00,17096.464141867968,17586.723893598097,15284.593754738109
forecast_1939,2025-03-22 19:00:00,17417.663142669615,18160.43519614785,16040.535672600803
forecast_1940,2025-03-22 20:00:00,17955.65456105945,18516.470122418676,17219.385069901666
forecast_1941,2025-03-22 21:00:00,18636.615466748517,18369.943978417745,17631.41330312094
forecast_1942,2025-03-22 22:00:00,19110.45300169039,18792.93703846915,18227.639658036784
forecast_1943,2025-03-22 23:00:00,18538.653349821878,18510.805814762927,17042.85269456819
forecast_1944,2025-03-23 00:00:00,18444.393663618583,18547.930764502722,17279.003833184906
forecast_1945,2025-03-23 01:00:00,17529.32388620269,17822.630571901336,14632.010321616046
forecast_1946,2025-03-23 02:00:00,18323.222581488048,17551.723953677036,14848.997719199582
forecast_1947,2025-03-23 03:00:00,19433.303613726202,17314.219841011614,15995.345337680816
forecast_1948,2025-03-23 04:00:00,18617.559334792175,17276.714863390323,15142.667963817743
forecast_1949,2025-03-23 05:00:00,17671.368325912157,16391.9469811879,13961.277940551601
forecast_1950,2025-03-23 06:00:00,14594.310963289588,14216.464523183622,10610.206484321634
forecast_1951,2025-03-23 07:00:00,9667.465413171456,10045.988418212459,6579.963695319972
forecast_1952,2025-03-23 08:00:00,7129.159666089789,7444.1195724610225,3662.085080039631
forecast_1953,2025-03-23 09:00:00,3588.4918697093613,3538.3742457903713,3439.059318029642
forecast_1954,2025-03-23 10:00:00,3288.0033906485605,2941.0416170980925,3381.5065060677493
forecast_1955,2025-03-23 11:00:00,3200.0861835623305,2735.32041725608,3371.6619188584195
forecast_1956,2025-03-23 12:00:00,3201.019118428347,2755.6078602058456,3376.1133208427254
forecast_1957,2025-03-23 13:00:00,3224.3171563856254,2817.8534592302553,3374.86836957077
forecast_1958,2025-03-23 14:00:00,3258.8088567328473,3010.7721328818834,3377.984190828258
forecast_1959,2025-03-23 15:00:00,3467.5257585634727,3515.03000274957,3399.224445833618
forecast_1960,2025-03-23 16:00:00,3499.4938325048925,3640.6144472828423,3418.2739250009417
forecast_1961,2025-03-23 17:00:00,3550.7915315248238,3828.753216723667,3531.5829528400945
forecast_1962,2025-03-23 18:00:00,3606.0612014970056,3739.7284881283063,3489.4204106691295
forecast_1963,2025-03-23 19:00:00,5947.392145003273,6260.132564663419,3673.192465146867
forecast_1964,2025-03-23 20:00:00,7328.916689721841,8727.714945206199,5863.150566673757
forecast_1965,2025-03-23 21:00:00,10193.359646315952,12576.532174147722,7983.441197839254
forecast_1966,2025-03-23 22:00:00,11845.28441060973,15322.058523482005,10561.50347552476
forecast_1967,2025-03-23 23:00:00,11913.272252417324,14689.722072136026,10491.164675187418
forecast_1968,2025-03-24 00:00:00,12299.533867213393,14616.879341152879,10848.97393673818
forecast_1969,2025-03-24 01:00:00,12270.261505909848,15198.01046617381,11145.577840341412
forecast_1970,2025-03-24 02:00:00,11470.861958314308,14545.152742820906,9925.860378350177
forecast_1971,2025-03-24 03:00:00,11899.344151416464,14929.052763406757,11376.157455411114
forecast_1972,2025-03-24 04:00:00,12792.371605509907,14915.338843701664,10740.391953711782
forecast_1973,2025-03-24 05:00:00,11086.63681111008,13975.28310755526,10518.891551774006
forecast_1974,2025-03-24 06:00:00,13529.25161785892,14931.281553501925,12235.468906380122
forecast_1975,2025-03-24 07:00:00,13522.277853163128,15364.846668134875,12524.694379635466
forecast_1976,2025-03-24 08:00:00,13759.793838952948,15659.352691869937,12770.27954275952
forecast_1977,2025-03-24 09:00:00,13666.868009224569,15443.862362262551,13625.390998768311
forecast_1978,2025-03-24 10:00:00,16002.243858404607,15910.484814096375,14814.985867858408
forecast_1979,2025-03-24 11:00:00,16257.225702059852,16358.606131496297,14966.91688568967
forecast_1980,2025-03-24 12:00:00,16826.36368530748,16864.01664938308,15502.29938457835
forecast_1981,2025-03-24 13:00:00,16804.438101138356,16687.6853704058,15751.022904726362
forecast_1982,2025-03-24 14:00:00,16300.994744316447,16436.854053787887,15277.530747610102
forecast_1983,2025-03-24 15:00:00,14854.600283618885,15838.285797899653,14686.810114870339
forecast_1984,2025-03-24 16:00:00,14342.353710122276,15336.066705999841,14408.759881700356
forecast_1985,2025-03-24 17:00:00,13529.10408369889,14515.115161574588,14096.713862720175
forecast_1986,2025-03-24 18:00:00,13814.461857966822,14036.636979569412,13198.739670304029
forecast_1987,2025-03-24 19:00:00,14677.064356776413,14267.361334813171,13651.541968503856
forecast_1988,2025-03-24 20:00:00,14816.985321029053,14901.43565143069,13265.561384219276
forecast_1989,2025-03-24 21:00:00,15778.274178626805,16085.943993039467,13614.367190778641
forecast_1990,2025-03-24 22:00:00,17367.390792519687,17586.1664348108,15460.257184142063
forecast_1991,2025-03-24 23:00:00,18438.28722365232,18637.340192309337,16589.113787981147
forecast_1992,2025-03-25 00:00:00,19496.172049197932,18578.20100278535,16164.119215765813
forecast_1993,2025-03-25 01:00:00,19672.23036281579,18015.233432546564,15335.99785993657
forecast_1994,2025-03-25 02:00:00,19152.27708612681,17386.022452002464,14594.626734743355
forecast_1995,2025-03-25 03:00:00,17563.8990533373,15013.013284625777,11964.106622471594
forecast_1996,2025-03-25 04:00:00,15681.57080480481,14895.255775548098,10484.424522470175
forecast_1997,2025-03-25 05:00:00,12181.340416422781,12819.987160956505,7891.211527525676
forecast_1998,2025-03-25 06:00:00,9870.240662362688,10247.185591937823,6517.028121350426
forecast_1999,2025-03-25 07:00:00,8891.760401690528,9955.686531698519,5551.010139272807
forecast_2000,2025-03-25 08:00:00,10043.76708373413,10531.481908491187,6371.4438084636295
forecast_2001,2025-03-25 09:00:00,9524.63761783931,9576.377824008709,6049.995511832615
forecast_2002,2025-03-25 10:00:00,9486.851156447212,9212.472141353457,8030.19995477986
forecast_2003,2025-03-25 11:00:00,10555.931927271007,10366.721341261811,10429.881718982473
forecast_2004,2025-03-25 12:00:00,12404.467049512616,12045.646994040513,12574.892354813486
forecast_2005,2025-03-25 13:00:00,13334.254234189855,14719.549518173086,14765.908920736872
forecast_2006,2025-03-25 14:00:00,15379.610826010045,17707.16169447845,16365.859887215933
forecast_2007,2025-03-25 15:00:00,16460.119634055995,18027.256233586064,17149.25069753796
forecast_2008,2025-03-25 16:00:00,17108.537591199824,17767.79189067464,17784.427578958643
forecast_2009,2025-03-25 17:00:00,17580.406142668653,17906.30830494207,17972.249058495207
forecast_2010,2025-03-25 18:00:00,17576.09470790696,17966.701548295616,17724.84341217841
forecast_2011,2025-03-25 19:00:00,17726.69380602136,18015.860744833084,17846.834890447168
forecast_2012,2025-03-25 20:00:00,17754.976985517278,18386.670216006365,18561.48144566197
forecast_2013,2025-03-25 21:00:00,18156.06474945528,18569.37121858051,18353.361971800852
forecast_2014,2025-03-25 22:00:00,18910.78852704995,18980.87522400064,18495.758774981605
forecast_2015,2025-03-25 23:00:00,19056.46166405302,19259.243089895503,18308.608107904252
forecast_2016,2025-03-26 00:00:00,19433.275057501218,19345.022528974787,17994.62878454668
forecast_2017,2025-03-26 01:00:00,19507.766834593487,19397.320865921818,18534.243510025106
forecast_2018,2025-03-26 02:00:00,19213.65057755228,19447.268544138195,18673.941603609983
forecast_2019,2025-03-26 03:00:00,19042.44456435001,18833.420292853076,16905.701176930896
forecast_2020,2025-03-26 04:00:00,17055.350134453263,16195.768462435468,13860.725318272394
forecast_2021,2025-03-26 05:00:00,14320.999126092405,14446.315751388107,11254.089074184343
forecast_2022,2025-03-26 06:00:00,11375.177704448588,11655.60815548196,8266.71450672599
forecast_2023,2025-03-26 07:00:00,3780.305207631953,4076.774436266976,3602.3782519844412
forecast_2024,2025-03-26 08:00:00,3459.3471922803114,3558.0904071519044,3565.218084541456
forecast_2025,2025-03-26 09:00:00,3407.2026587539303,3350.537939191489,3459.6913223330394
forecast_2026,2025-03-26 10:00:00,3335.4272430328483,3002.254126908874,3445.8138612399434
forecast_2027,2025-03-26 11:00:00,3256.995364280451,2950.1328615426837,3395.9675800542705
forecast_2028,2025-03-26 12:00:00,3277.42446207493,2999.519181628583,3380.211080021304
forecast_2029,2025-03-26 13:00:00,3290.2896515266625,3053.4003331903427,3378.4804421298018
forecast_2030,2025-03-26 14:00:00,3400.179607007851,3432.564238337375,3439.309480859277
forecast_2031,2025-03-26 15:00:00,3494.4882570901927,3576.1443001585512,3426.534699540195
forecast_2032,2025-03-26 16:00:00,3476.113283917359,3607.67180609069,3452.74215460701
forecast_2033,2025-03-26 17:00:00,3602.8325627292393,3796.789130496376,3560.5809505706543
forecast_2034,2025-03-26 18:00:00,6657.858459464842,7248.636984987407,4635.894938715031
forecast_2035,2025-03-26 19:00:00,7880.471477181925,8879.926330410286,5380.025057521476
forecast_2036,2025-03-26 20:00:00,10113.502273459362,11663.738607766523,5892.493067349473
forecast_2037,2025-03-26 21:00:00,11712.528232871995,13222.10160979303,7857.225289480605
forecast_2038,2025-03-26 22:00:00,13527.034056390285,15780.688982689337,10706.662056425186
forecast_2039,2025-03-26 23:00:00,15967.447944516616,17342.03917125915,12417.681146665402
forecast_2040,2025-03-27 00:00:00,17524.27872157057,18779.887790340923,15067.451740833041
forecast_2041,2025-03-27 01:00:00,17575.817101615125,18767.785325277746,14969.314828535003
forecast_2042,2025-03-27 02:00:00,17454.940966812585,18836.51864176997,15438.212674091756
forecast_2043,2025-03-27 03:00:00,16096.517720577605,18564.949879795906,15944.1970066214
forecast_2044,2025-03-27 04:00:00,16107.695466869236,18457.758063568115,15806.84078772926
forecast_2045,2025-03-27 05:00:00,15539.063364124533,17355.730994176072,15085.730723795297
forecast_2046,2025-03-27 06:00:00,14074.509386233578,14510.276053639243,10910.248756004039
forecast_2047,2025-03-27 07:00:00,13046.041126976643,14421.26092528449,12348.710994066083
forecast_2048,2025-03-27 08:00:00,13673.885127898902,14907.399334408889,13072.686542207157
forecast_2049,2025-03-27 09:00:00,12750.603979515814,14410.100047110462,12568.894401913672
forecast_2050,2025-03-27 10:00:00,12346.164165664275,13833.410452171487,11002.325472644638
forecast_2051,2025-03-27 11:00:00,12164.507441394804,13218.172714549608,10700.60342824262
forecast_2052,2025-03-27 12:00:00,11600.704830184808,13041.942013335514,8501.866746282538
forecast_2053,2025-03-27 13:00:00,10103.74929266317,11706.052792237744,7278.328829166593
forecast_2054,2025-03-27 14:00:00,10824.89100407534,11706.618418968967,8988.982667829354
forecast_2055,2025-03-27 15:00:00,10200.342285809334,11950.88621612832,8441.589115652792
forecast_2056,2025-03-27 16:00:00,9660.483817403989,10289.685206096194,5655.169590789199
forecast_2057,2025-03-27 17:00:00,8315.88038350477,9432.660321931146,5231.903987860348
forecast_2058,2025-03-27 18:00:00,10714.062716982828,10598.340973918266,6628.487452756113
forecast_2059,2025-03-27 19:00:00,10014.397707148275,9850.139027108287,5747.970913598691
forecast_2060,2025-03-27 20:00:00,11069.142226338543,10390.25856064504,7174.887370976579
forecast_2061,2025-03-27 21:00:00,12396.37316887754,11868.824218436634,8289.70953147036
forecast_2062,2025-03-27 22:00:00,12269.958815054497,11434.532261807195,8786.59873991853
forecast_2063,2025-03-27 23:00:00,12365.133550086504,11309.736232011155,9139.101356727111
forecast_2064,2025-03-28 00:00:00,11330.40388959877,10531.834383198939,7162.052357062904
forecast_2065,2025-03-28 01:00:00,3656.384897081543,3892.9050144209755,3500.5443069802573
forecast_2066,2025-03-28 02:00:00,3686.106274058585,3793.2787242304607,3632.6131367591556
forecast_2067,2025-03-28 03:00:00,3423.323821555743,3492.3225941284636,3445.546338552759
forecast_2068,2025-03-28 04:00:00,3512.07720187732,3732.436258883332,3470.1091944671666
forecast_2069,2025-03-28 05:00:00,3432.4885779728615,3445.75097890005,3472.079486666312
forecast_2070,2025-03-28 06:00:00,3228.5443404033085,2833.2817397654785,3390.4971439006617
forecast_2071,2025-03-28 07:00:00,3209.807752839785,2804.8405227099593,3404.404064067355
forecast_2072,2025-03-28 08:00:00,3178.8820367711373,2717.7884722762083,3396.871846427498
forecast_2073,2025-03-28 09:00:00,3202.9319429462234,2759.7697601634413,3432.5499769860708
forecast_2074,2025-03-28 10:00:00,3240.7901364177465,2893.447064929591,3485.327351402721
forecast_2075,2025-03-28 11:00:00,3229.640745204444,2799.4734720480014,3468.014588439792
forecast_2076,2025-03-28 12:00:00,3202.767362336179,2761.3442544435397,3512.115720270003
forecast_2077,2025-03-28 13:00:00,3226.5781921945327,2825.4442761284486,3431.038989382366
forecast_2078,2025-03-28 14:00:00,3248.936990900652,2930.8844166285976,3487.7232132304985
forecast_2079,2025-03-28 15:00:00,3266.6854938926735,2949.789128225558,3435.8123594434305
forecast_2080,2025-03-28 16:00:00,3369.7810286080544,3277.5046004396477,3403.642443197932
forecast_2081,2025-03-28 17:00:00,3388.562950707803,3069.583130400211,3394.7704678098467
forecast_2082,2025-03-28 18:00:00,3498.2182917073587,3430.2160191679222,3531.876367983659
forecast_2083,2025-03-28 19:00:00,3738.1300871281146,4032.1908438144874,3717.282757232611
forecast_2084,2025-03-28 20:00:00,6914.135648346938,4102.552036893626,5256.214354313323
forecast_2085,2025-03-28 21:00:00,6725.083368913404,4151.037269212957,5511.377462807891
forecast_2086,2025-03-28 22:00:00,7174.0503096952825,6674.917813126143,3713.7848237010753
forecast_2087,2025-03-28 23:00:00,7304.986481086988,6489.0680204163045,5723.716237457432
forecast_2088,2025-03-29 00:00:00,7601.123332037602,3921.5487212607477,3688.7437647774686
forecast_2089,2025-03-29 01:00:00,3188.527198024134,2743.106841871478,3371.8803449242773
forecast_2090,2025-03-29 02:00:00,3181.5810350381266,2708.375349476531,3368.4601699013724
forecast_2091,2025-03-29 03:00:00,3184.9719635336255,2714.0258630240996,3372.0987492213244
forecast_2092,2025-03-29 04:00:00,3324.1103286615057,3119.7212069214656,3387.3410963318775
forecast_2093,2025-03-29 05:00:00,3578.511443114193,3429.8968624737254,3459.983893857673
forecast_2094,2025-03-29 06:00:00,6994.2801281007605,3964.080706217294,3651.47685823637
forecast_2095,2025-03-29 07:00:00,7490.020140763495,6573.147316752453,3754.2985288724317
forecast_2096,2025-03-29 08:00:00,7678.989433487598,8054.618763132258,5598.364660448719
forecast_2097,2025-03-29 09:00:00,7126.435067428588,6893.501103099719,5247.703618764391
forecast_2098,2025-03-29 10:00:00,7736.843490911888,5893.2161411264,6824.230933925432
forecast_2099,2025-03-29 11:00:00,9237.555140889184,7081.984207131468,7922.35752913661
forecast_2100,2025-03-29 12:00:00,10831.477221055295,9196.17743831073,9111.766768776652
forecast_2101,2025-03-29 13:00:00,12646.592636939042,11733.281760426014,10737.995055994616
forecast_2102,2025-03-29 14:00:00,12987.538957816654,12024.238397005176,11279.647895680428
forecast_2103,2025-03-29 15:00:00,13471.460415902975,12297.982700882734,9986.196755755816
forecast_2104,2025-03-29 16:00:00,14073.313139670458,13440.336124845473,12408.277567322804
forecast_2105,2025-03-29 17:00:00,13625.932267623748,12086.086300523373,9828.459483984409
forecast_2106,2025-03-29 18:00:00,13409.492637227851,12595.166229135797,9501.086689713782
forecast_2107,2025-03-29 19:00:00,13412.279765034056,12590.757288816596,9267.471241392945
forecast_2108,2025-03-29 20:00:00,13402.873159680148,12805.055598992873,9579.75003917867
forecast_2109,2025-03-29 21:00:00,13852.720704441672,13444.840980518333,9314.660024279858
forecast_2110,2025-03-29 22:00:00,13607.164424617093,12947.550877069447,8766.417486099486
forecast_2111,2025-03-29 23:00:00,13469.47282487432,12822.71895212548,7518.864306182942
forecast_2112,2025-03-30 00:00:00,13321.133015680147,12638.072003411951,7962.951964915823
forecast_2113,2025-03-30 01:00:00,13102.26408320011,12503.853519975624,7695.922579164431
forecast_2114,2025-03-30 02:00:00,12765.92616827149,11916.008025189514,7637.658579710034
forecast_2115,2025-03-30 03:00:00,12399.014090142708,11559.937052367317,7282.504610626593
forecast_2116,2025-03-30 04:00:00,12250.19510857965,11134.655581156561,7092.46328494089
forecast_2117,2025-03-30 05:00:00,11739.390690022288,10808.003604486497,7088.572077773669
forecast_2118,2025-03-30 06:00:00,11610.562883993725,11118.882755081058,6826.268093285064
forecast_2119,2025-03-30 07:00:00,10435.964205192133,9180.098647510815,5420.190124780064
forecast_2120,2025-03-30 08:00:00,9244.071855089484,8341.255686238452,5030.477092400062
forecast_2121,2025-03-30 09:00:00,8390.586985382251,7398.355403565464,5430.588508694851
forecast_2122,2025-03-30 10:00:00,8203.925647010752,6383.418625427468,5624.130745170602
forecast_2123,2025-03-30 11:00:00,8219.540805933266,6309.997612903379,5358.3318302079615
forecast_2124,2025-03-30 12:00:00,8363.153630594501,6200.098723211456,5623.270979850205
forecast_2125,2025-03-30 13:00:00,9129.23988417672,6779.398506076817,6887.146449340726
forecast_2126,2025-03-30 14:00:00,8958.416761321856,6941.243492046796,5970.669338701471
forecast_2127,2025-03-30 15:00:00,8083.6859259937455,6166.934200958776,5695.903270440521
forecast_2128,2025-03-30 16:00:00,6966.316163625655,4026.210750844868,4731.503240028854
forecast_2129,2025-03-30 17:00:00,7071.272684315824,4000.8196214414384,4423.458413132995
forecast_2130,2025-03-30 18:00:00,6716.760204188449,4086.6817458012015,4432.691983841965
forecast_2131,2025-03-30 19:00:00,7425.89616537347,4177.251097695663,4730.329509599447
forecast_2132,2025-03-30 20:00:00,8063.247235979943,7116.217511674258,5540.610415516746
forecast_2133,2025-03-30 21:00:00,8708.717965824928,8002.43632278548,5627.321719865379
forecast_2134,2025-03-30 22:00:00,12115.511386777891,13566.585434491957,8754.857618286745
forecast_2135,2025-03-30 23:00:00,12161.908364578334,14887.928868787776,10693.725262034888
forecast_2136,2025-03-31 00:00:00,11459.536814689789,14665.338510878015,10812.985402352246
forecast_2137,2025-03-31 01:00:00,15968.289540761192,17090.92045937928,12894.06152063471
forecast_2138,2025-03-31 02:00:00,15481.158851772805,17204.581472817776,12468.874547772064
forecast_2139,2025-03-31 03:00:00,15792.632485540114,17084.802427012546,13114.66459520751
forecast_2140,2025-03-31 04:00:00,15671.298681345283,16531.058765808753,12786.591978027465
forecast_2141,2025-03-31 05:00:00,14486.016599258179,15964.590978812594,11840.730494139132
forecast_2142,2025-03-31 06:00:00,14897.575532111829,16535.608529270397,11610.960040287275
forecast_2143,2025-03-31 07:00:00,10606.246441891899,13210.917227278813,6381.112061404646
forecast_2144,2025-03-31 08:00:00,10137.043667089301,11638.941276268011,5390.1914208574935
forecast_2145,2025-03-31 09:00:00,7889.7093193441415,8203.533836661712,4284.597119678202
forecast_2146,2025-03-31 10:00:00,3746.7203360431818,3880.7225722635344,3582.071886837468
forecast_2147,2025-03-31 11:00:00,3622.0189925228597,3469.4060906144246,3658.832281849579
forecast_2148,2025-03-31 12:00:00,4588.681222453195,3619.4858154102844,3554.129344218519
forecast_2149,2025-03-31 13:00:00,5156.80705088764,3811.619218026578,3737.3731633521634
forecast_2150,2025-03-31 14:00:00,5554.667572829417,4190.1533498704575,3605.55998946952
forecast_2151,2025-03-31 15:00:00,5492.420244540775,4572.836633946572,3977.401353705167
forecast_2152,2025-03-31 16:00:00,5177.419505465461,4266.849212270843,3700.0510954129095
forecast_2153,2025-03-31 17:00:00,5183.887935377924,4656.664010921166,3944.8650037015364
forecast_2154,2025-03-31 18:00:00,6373.630158393663,5109.856294656407,5291.101085747391
forecast_2155,2025-03-31 19:00:00,8465.73576083434,6221.086475388058,6717.091906282686
forecast_2156,2025-03-31 20:00:00,11020.9257301539,8741.747133958725,8238.648320687467
forecast_2157,2025-03-31 21:00:00,12665.411275505461,11604.210591326098,8712.988568301285
forecast_2158,2025-03-31 22:00:00,14787.108455566258,14465.230794121662,8988.188376460062
forecast_2159,2025-03-31 23:00:00,14735.260942594978,14518.98939987036,9301.086530248884
forecast_2160,2025-04-01 00:00:00,14541.381981223403,13609.73439502114,8679.819031801762
forecast_2161,2025-04-01 01:00:00,11472.534062366416,10852.59132938149,6555.148540888063
forecast_2162,2025-04-01 02:00:00,10973.551019644474,10928.7160253251,6689.8419788183155
forecast_2163,2025-04-01 03:00:00,10423.164201895954,10488.005825666518,6100.018179853188
forecast_2164,2025-04-01 04:00:00,9436.790207710825,8315.009476998419,5744.027848570477
forecast_2165,2025-04-01 05:00:00,4253.629464248542,6450.621860797541,4901.9218884852435
forecast_2166,2025-04-01 06:00:00,3733.623328714999,4039.6246485770757,4667.023464464009
forecast_2167,2025-04-01 07:00:00,3504.19567884419,3502.5260362769213,3455.218909266166
forecast_2168,2025-04-01 08:00:00,3390.5515813611314,3245.7700064242244,3459.597105319767
forecast_2169,2025-04-01 09:00:00,3217.175568519718,2804.854280348012,3370.916724738844
forecast_2170,2025-04-01 10:00:00,3137.197314159052,2579.7957306683247,3371.10006683013
forecast_2171,2025-04-01 11:00:00,3133.0030594997593,2563.9817432877862,3364.328091774835
forecast_2172,2025-04-01 12:00:00,3130.1472098329186,2540.065907332319,3364.0153838159695
forecast_2173,2025-04-01 13:00:00,3131.239701396628,2560.2278060499343,3364.208752095589
forecast_2174,2025-04-01 14:00:00,3140.305247616662,2606.2369682095496,3369.625229759674
forecast_2175,2025-04-01 15:00:00,3153.1905889631425,2659.920244551286,3368.79823674787
forecast_2176,2025-04-01 16:00:00,3185.167874903753,2804.6533475363676,3410.75893772152
forecast_2177,2025-04-01 17:00:00,3189.4069119662495,2817.714680269429,3434.1072488375503
forecast_2178,2025-04-01 18:00:00,3216.0452003111054,2859.5002716329855,3404.058303721733
forecast_2179,2025-04-01 19:00:00,3271.320108965725,2891.7099871710216,3465.620695392116
forecast_2180,2025-04-01 20:00:00,3267.8086077349076,2838.607234171758,3382.055102941555
forecast_2181,2025-04-01 21:00:00,3243.8268970474282,2769.1667960764607,3389.862537244231
forecast_2182,2025-04-01 22:00:00,3246.719391330014,2780.9757457168853,3379.5069157950506
forecast_2183,2025-04-01 23:00:00,3241.0289022585675,2789.6343125794883,3373.3886797872187
forecast_2184,2025-04-02 00:00:00,3238.106963526313,2835.0277805075834,3369.697368263823
forecast_2185,2025-04-02 01:00:00,3198.55061105097,2700.2395178823263,3363.7889432826228
forecast_2186,2025-04-02 02:00:00,3192.869275239371,2735.4562438000353,3362.344021128566
forecast_2187,2025-04-02 03:00:00,3187.2825013433226,2770.8111052539257,3363.796609299675
forecast_2188,2025-04-02 04:00:00,3178.017877538827,2722.9622056174267,3363.826210795468
forecast_2189,2025-04-02 05:00:00,3149.078921276957,2604.73074046973,3363.160333002823
forecast_2190,2025-04-02 06:00:00,3155.8330957753606,2636.5528419519023,3362.675409457743
forecast_2191,2025-04-02 07:00:00,3159.338813760315,2619.9128195929748,3361.880502157304
forecast_2192,2025-04-02 08:00:00,3157.238425334448,2626.561496036301,3361.2839149491224
forecast_2193,2025-04-02 09:00:00,3153.5129745135296,2649.3060728667733,3363.480258327883
forecast_2194,2025-04-02 10:00:00,3142.2747321083134,2602.7393636119036,3363.627523384056
forecast_2195,2025-04-02 11:00:00,3207.4659724261774,2816.771015231844,3388.884449716728
forecast_2196,2025-04-02 12:00:00,3162.3399447373613,2699.03894747777,3378.5136669003978
forecast_2197,2025-04-02 13:00:00,3187.3555106599147,2799.624225006699,3377.1087189754603
forecast_2198,2025-04-02 14:00:00,3215.2462872870556,2933.5638743905183,3453.191208914264
forecast_2199,2025-04-02 15:00:00,3240.9630535856936,3064.8979395476563,3713.7973175681695
forecast_2200,2025-04-02 16:00:00,3242.4339944763005,3024.5807539861653,3508.2653423191314
forecast_2201,2025-04-02 17:00:00,3230.2840186633375,2972.8337440599375,3418.782356255263
forecast_2202,2025-04-02 18:00:00,3245.1253496276186,3025.280837055592,3502.0998266462298
forecast_2203,2025-04-02 19:00:00,3174.7984167066293,2727.6402425719093,3371.144129598246
forecast_2204,2025-04-02 20:00:00,3153.0949450791263,2631.002125657755,3381.2817724982415
forecast_2205,2025-04-02 21:00:00,3144.5658093902025,2588.77217505768,3374.570769553903
forecast_2206,2025-04-02 22:00:00,3244.86291918023,2856.65645978746,3432.052429064494
forecast_2207,2025-04-02 23:00:00,3357.8476600001927,3039.5327531449934,3507.1675828316697
forecast_2208,2025-04-03 00:00:00,3399.108136366659,3244.6041756472287,3599.1888398417873
forecast_2209,2025-04-03 01:00:00,3337.2698642905307,3162.821997907485,3416.7820353186908
forecast_2210,2025-04-03 02:00:00,3337.4411382077774,3207.0300218353223,3484.9791982309894
forecast_2211,2025-04-03 03:00:00,3313.7472557213364,3136.649851688636,3512.3936229265305
forecast_2212,2025-04-03 04:00:00,3312.6825035889397,3025.1617849251015,3591.6904289236813
forecast_2213,2025-04-03 05:00:00,3299.782826345648,3030.386820559726,3494.5678287766664
forecast_2214,2025-04-03 06:00:00,3298.9264197234256,3011.393313428761,3544.8111187474688
forecast_2215,2025-04-03 07:00:00,3319.605298955438,3146.383549523579,3450.9850934661813
forecast_2216,2025-04-03 08:00:00,3287.490282961063,3090.9209772023924,3443.259070780312
forecast_2217,2025-04-03 09:00:00,3224.2056643748806,2977.7129999087265,3398.079221288408
forecast_2218,2025-04-03 10:00:00,3173.6173070921154,2744.799503012003,3386.2057406511635
forecast_2219,2025-04-03 11:00:00,3154.8105843564763,2670.875082044705,3388.6426882675123
forecast_2220,2025-04-03 12:00:00,3147.7349742948177,2651.854695952346,3368.906829366625
forecast_2221,2025-04-03 13:00:00,3148.8660840337993,2660.860718160388,3368.050166722958
forecast_2222,2025-04-03 14:00:00,3157.3707186634306,2697.81285262502,3368.8598019027577
forecast_2223,2025-04-03 15:00:00,3146.903441931399,2643.303271358628,3367.2269849520717
forecast_2224,2025-04-03 16:00:00,3135.716690076032,2597.616968945975,3366.8167618895627
forecast_2225,2025-04-03 17:00:00,3132.1053511616783,2574.411336041134,3364.982345529528
forecast_2226,2025-04-03 18:00:00,3134.1048710744108,2584.73337142339,3362.895462350824
forecast_2227,2025-04-03 19:00:00,3136.519072383558,2571.637788847706,3370.567060262472
forecast_2228,2025-04-03 20:00:00,3206.0059625527842,2780.557825247743,3471.291446112436
forecast_2229,2025-04-03 21:00:00,3276.3811849599206,3088.6237476008732,3475.192284648701
forecast_2230,2025-04-03 22:00:00,3439.441000059412,3539.090437991366,3427.9482994758623
forecast_2231,2025-04-03 23:00:00,3499.5076438154842,3655.750023604509,3549.179739212773
forecast_2232,2025-04-04 00:00:00,4108.7412044760285,6410.0611243370195,3751.1180384064387
forecast_2233,2025-04-04 01:00:00,4266.334639609446,6468.014410640806,5145.154825139441
forecast_2234,2025-04-04 02:00:00,7407.980499504862,6940.766019874716,5006.184197302101
forecast_2235,2025-04-04 03:00:00,8378.572446950899,8088.860759100285,5445.506265352243
forecast_2236,2025-04-04 04:00:00,9848.767795668022,9230.118414077551,6180.4811176135045
forecast_2237,2025-04-04 05:00:00,11004.142031286307,9812.50301630401,7327.253150239803
forecast_2238,2025-04-04 06:00:00,11572.650185507693,9808.22539339735,7082.261360149372
forecast_2239,2025-04-04 07:00:00,9732.838651278547,8152.179665948134,5171.1066115832655
forecast_2240,2025-04-04 08:00:00,7247.463403182372,6846.529176390801,4402.567072663853
forecast_2241,2025-04-04 09:00:00,3961.258647183391,5190.153935466127,3577.6853032680738
forecast_2242,2025-04-04 10:00:00,3281.0024505631072,3136.780394351055,3404.4722977103934
forecast_2243,2025-04-04 11:00:00,3221.9079910111413,2914.2288425505067,3398.1157469703307
forecast_2244,2025-04-04 12:00:00,3199.9071392457968,2821.337355184739,3393.469240109481
forecast_2245,2025-04-04 13:00:00,3158.1069079144595,2649.4634346456073,3393.884089038927
forecast_2246,2025-04-04 14:00:00,3155.0648067529864,2646.63784557728,3370.3606994289917
forecast_2247,2025-04-04 15:00:00,3175.545497807737,2709.316388791045,3380.890674680644
forecast_2248,2025-04-04 16:00:00,3265.653184017122,2986.596638348808,3467.84798402798
forecast_2249,2025-04-04 17:00:00,3354.8813162106894,3079.9950467744275,3470.966517202727
forecast_2250,2025-04-04 18:00:00,3472.947324933182,3373.746872784929,3469.838974743133
forecast_2251,2025-04-04 19:00:00,3494.5315692456247,3573.6251900155708,3492.4849424242357
forecast_2252,2025-04-04 20:00:00,3908.3591717701415,4876.661458434389,3654.39392555148
forecast_2253,2025-04-04 21:00:00,6093.372537601163,6197.079598339456,3681.7062453960016
forecast_2254,2025-04-04 22:00:00,5748.8587057858485,6071.486833488391,3632.8662496457596
forecast_2255,2025-04-04 23:00:00,7115.416880795595,8301.059065502572,4128.6794358132265
forecast_2256,2025-04-05 00:00:00,8306.695889469125,8855.602196458238,4512.433007369697
forecast_2257,2025-04-05 01:00:00,9275.86720007231,10030.381053803125,4510.433740569576
forecast_2258,2025-04-05 02:00:00,10006.222658037053,10536.486556909917,5110.182738975884
forecast_2259,2025-04-05 03:00:00,9839.02715063641,10704.861191031468,5251.110464923984
forecast_2260,2025-04-05 04:00:00,10756.065314572896,11666.986063754875,5989.593735270882
forecast_2261,2025-04-05 05:00:00,9489.274931935342,9370.865172889313,5787.043957000075
forecast_2262,2025-04-05 06:00:00,9873.425391276554,10651.793062387836,6332.71240552165
forecast_2263,2025-04-05 07:00:00,7651.993299366093,8552.29418604775,3730.413850994475
forecast_2264,2025-04-05 08:00:00,4540.044874220083,7872.135760671923,3717.3753952288466
forecast_2265,2025-04-05 09:00:00,4595.79877481831,8485.144440939004,3632.406413175574
forecast_2266,2025-04-05 10:00:00,4388.479858801535,7637.9312747341,3634.561343384858
forecast_2267,2025-04-05 11:00:00,4773.2116426443,9491.932991796599,6833.852558803232
forecast_2268,2025-04-05 12:00:00,9970.558595679635,12144.663482079615,8138.156982955417
forecast_2269,2025-04-05 13:00:00,11690.451899825704,13742.055653948497,10081.653938160554
forecast_2270,2025-04-05 14:00:00,12099.007713825218,13955.236452931878,11608.535702248239
forecast_2271,2025-04-05 15:00:00,12416.882370342102,14290.58649687826,12425.875302719372
forecast_2272,2025-04-05 16:00:00,13882.693091215391,16046.13380706949,13976.47257125242
forecast_2273,2025-04-05 17:00:00,15207.172438448575,16973.539628289094,14987.607814962725
forecast_2274,2025-04-05 18:00:00,16268.20254079715,16788.704173789134,15675.46443289774
forecast_2275,2025-04-05 19:00:00,15934.900575274605,16001.940809064954,14380.27160864207
forecast_2276,2025-04-05 20:00:00,15161.819702316316,15604.771350197707,14343.059123037621
forecast_2277,2025-04-05 21:00:00,14570.99809113811,15095.341447551862,13465.905727259644
forecast_2278,2025-04-05 22:00:00,15000.377234324704,15587.288112180926,14024.85698652202
forecast_2279,2025-04-05 23:00:00,14434.943027387939,16129.384541802128,15278.404024824607
forecast_2280,2025-04-06 00:00:00,15076.908955212433,16544.009295316202,15882.32968748081
forecast_2281,2025-04-06 01:00:00,15666.25255998621,16562.28226190591,14663.813644121818
forecast_2282,2025-04-06 02:00:00,15955.529658359425,16508.891109843873,14505.570921775578
forecast_2283,2025-04-06 03:00:00,15561.004680767117,16246.825287164434,14333.575691518337
forecast_2284,2025-04-06 04:00:00,14673.317225584091,14883.34899702761,13174.12597994108
forecast_2285,2025-04-06 05:00:00,15358.121508452754,15174.548116192167,14427.367097265447
forecast_2286,2025-04-06 06:00:00,15426.1765607151,15442.239582269665,13807.598162977314
forecast_2287,2025-04-06 07:00:00,15947.991449585903,15721.553708604151,14006.718201923946
forecast_2288,2025-04-06 08:00:00,15722.892783435702,15811.322166340726,13843.57158298211
forecast_2289,2025-04-06 09:00:00,14785.440231240342,13962.140357397053,11196.06181707452
forecast_2290,2025-04-06 10:00:00,13629.380964217686,12441.168788721472,10800.180974344485
forecast_2291,2025-04-06 11:00:00,13086.23892320632,11366.48649854328,9721.373700536551
forecast_2292,2025-04-06 12:00:00,12797.514958287526,11767.805749427735,9810.972454207644
forecast_2293,2025-04-06 13:00:00,13301.691576186005,13004.096583221866,11249.620416285883
forecast_2294,2025-04-06 14:00:00,13455.012830782243,12934.554272551783,12289.588662131999
forecast_2295,2025-04-06 15:00:00,13288.462782409684,12982.430857271522,12848.151238275508
forecast_2296,2025-04-06 16:00:00,13432.854915640883,13008.086292737962,12155.570320489927
forecast_2297,2025-04-06 17:00:00,13406.031794790979,13063.407986608427,12492.103319949505
forecast_2298,2025-04-06 18:00:00,13530.878490234974,12860.404495459436,11367.723112904016
forecast_2299,2025-04-06 19:00:00,13320.019016631615,13141.56989618923,12023.523029250387
forecast_2300,2025-04-06 20:00:00,13545.721429680818,13855.801381778241,12973.394941688593
forecast_2301,2025-04-06 21:00:00,13991.21169197628,14362.693819213775,13161.765948966453
forecast_2302,2025-04-06 22:00:00,14944.97050660249,15284.313843529722,14295.796186828564
forecast_2303,2025-04-06 23:00:00,14295.36916278351,15216.864522189007,13081.215414956836
forecast_2304,2025-04-07 00:00:00,13619.87326964278,14433.83849308025,12247.680919123508
forecast_2305,2025-04-07 01:00:00,15069.736765978978,15722.669946118338,12971.299783112674
forecast_2306,2025-04-07 02:00:00,14955.060629229778,15397.302580186812,12204.665102322087
forecast_2307,2025-04-07 03:00:00,13569.933225049273,13985.043612533656,11074.08744383425
forecast_2308,2025-04-07 04:00:00,13548.256511295573,14331.858235907759,11286.128961491677
forecast_2309,2025-04-07 05:00:00,14143.000639475598,15262.804569018874,12447.159378060389
forecast_2310,2025-04-07 06:00:00,13234.194171686551,15453.903275913764,12454.783072849721
forecast_2311,2025-04-07 07:00:00,12633.02036274282,15402.524551182145,11245.098429467651
forecast_2312,2025-04-07 08:00:00,12527.464322008878,15489.887151928278,10724.553626840065
forecast_2313,2025-04-07 09:00:00,13313.383411233383,13455.243775530986,11185.216364729355
forecast_2314,2025-04-07 10:00:00,11435.852782488339,12525.16499594167,10612.253691794052
forecast_2315,2025-04-07 11:00:00,11572.852936366584,10860.655962736208,9953.708813878557
forecast_2316,2025-04-07 12:00:00,12033.334169935415,10489.47945758817,9513.694083298475
forecast_2317,2025-04-07 13:00:00,12406.830965967309,10770.195063948995,9297.494255057722
forecast_2318,2025-04-07 14:00:00,13368.152775003868,12060.28136329806,12182.230429704092
forecast_2319,2025-04-07 15:00:00,14733.455461233225,13946.547116153663,13665.719081564088
forecast_2320,2025-04-07 16:00:00,15468.073277933901,15083.62771852325,14736.421134926706
forecast_2321,2025-04-07 17:00:00,16144.097872916369,16686.697854149974,15779.378027730567
forecast_2322,2025-04-07 18:00:00,16992.310117055677,17710.749101623678,16248.578625704724
forecast_2323,2025-04-07 19:00:00,17829.013051055943,18444.404474173803,16943.401737708165
forecast_2324,2025-04-07 20:00:00,18922.893941337137,19247.44621557925,18743.535450838717
forecast_2325,2025-04-07 21:00:00,19128.984854509603,19515.33453691475,18888.42268199861
forecast_2326,2025-04-07 22:00:00,19272.971732833274,19912.35952034158,18995.936188725234
forecast_2327,2025-04-07 23:00:00,19306.174346540247,19554.345450485842,18562.490797444287
forecast_2328,2025-04-08 00:00:00,19086.912145223803,19534.672077982803,18575.38929526781
forecast_2329,2025-04-08 01:00:00,18930.26103375136,19618.119712903826,18004.739695450782
forecast_2330,2025-04-08 02:00:00,18640.041168237392,19382.27498991693,18151.610965205527
forecast_2331,2025-04-08 03:00:00,18978.96703365727,19236.105482365554,17352.883494694117
forecast_2332,2025-04-08 04:00:00,19309.05550231959,19702.724009651454,18228.42365944574
forecast_2333,2025-04-08 05:00:00,19546.246388829313,19636.785886580237,18329.244733090254
forecast_2334,2025-04-08 06:00:00,19430.49866239987,19408.351884001564,16231.745573117123
forecast_2335,2025-04-08 07:00:00,18585.437988034082,18490.968051327116,14631.418646967786
forecast_2336,2025-04-08 08:00:00,17823.006779551746,17735.524980799782,12432.380773063207
forecast_2337,2025-04-08 09:00:00,17201.89504502211,16301.019967827942,11889.029819529944
forecast_2338,2025-04-08 10:00:00,15500.584083259178,15302.76489885588,11646.876067244533
forecast_2339,2025-04-08 11:00:00,14138.92734779343,13453.139343710567,9868.991083719977
forecast_2340,2025-04-08 12:00:00,13429.903274420245,13103.44554928693,9551.847312436861
forecast_2341,2025-04-08 13:00:00,13225.073099630315,12281.011722559051,9132.766962418487
forecast_2342,2025-04-08 14:00:00,12550.306662498608,10982.06819763776,8208.228667023297
forecast_2343,2025-04-08 15:00:00,11418.748723643701,9509.780710819343,7606.58351116757
forecast_2344,2025-04-08 16:00:00,6582.047097203855,6287.1611882140705,4831.356244681277
forecast_2345,2025-04-08 17:00:00,4507.3940938918595,3865.356253676808,3698.600366042473
forecast_2346,2025-04-08 18:00:00,3529.518326991742,3133.589031885862,3439.7681013997308
forecast_2347,2025-04-08 19:00:00,3324.1533478690453,3034.583029424753,3432.7535681818053
forecast_2348,2025-04-08 20:00:00,3206.2107933053094,2736.3182920831746,3373.142985748528
forecast_2349,2025-04-08 21:00:00,3233.846447541632,2766.769206792541,3374.4482567043983
forecast_2350,2025-04-08 22:00:00,3236.703752868126,2855.1966150264543,3384.4280243378253
forecast_2351,2025-04-08 23:00:00,3259.1052931057325,2823.0549358558233,3380.0639195269664
forecast_2352,2025-04-09 00:00:00,3228.4168348161693,2844.2131172838995,3384.2834389937
forecast_2353,2025-04-09 01:00:00,3235.033199259794,2840.9616245423,3379.4165079165614
forecast_2354,2025-04-09 02:00:00,3224.465038325433,2797.946111615705,3376.113916667
forecast_2355,2025-04-09 03:00:00,3231.351539665656,2808.351005867825,3376.421323258728
forecast_2356,2025-04-09 04:00:00,3233.257894075535,2843.0224433821168,3386.183876169702
forecast_2357,2025-04-09 05:00:00,3260.2806555285924,2888.8974571188323,3385.8895851318316
forecast_2358,2025-04-09 06:00:00,3259.914210435532,2896.436918940856,3382.674247291211
forecast_2359,2025-04-09 07:00:00,3320.118377750318,3162.076667017327,3411.133387604154
forecast_2360,2025-04-09 08:00:00,3337.1815782884582,3357.787566806492,3421.6889007711175
forecast_2361,2025-04-09 09:00:00,3317.2486996671946,3291.4481995568694,3393.961430979212
forecast_2362,2025-04-09 10:00:00,3316.8340507851076,3141.755500344959,3409.8392928881017
forecast_2363,2025-04-09 11:00:00,3389.0314832767526,3297.3187160292864,3453.4797491508884
forecast_2364,2025-04-09 12:00:00,3663.206895006291,3711.4273175965895,4192.524773518091
forecast_2365,2025-04-09 13:00:00,6249.90696968319,4921.042479089715,4463.47123447968
forecast_2366,2025-04-09 14:00:00,4160.920726303071,6182.027343144843,4993.028136579416
forecast_2367,2025-04-09 15:00:00,6659.74171741769,6453.265350214834,5037.667965374638
forecast_2368,2025-04-09 16:00:00,7639.669213510615,7438.08618158407,5647.554295157298
forecast_2369,2025-04-09 17:00:00,7089.85445399483,7044.683258609631,5776.792947706961
forecast_2370,2025-04-09 18:00:00,7977.105274713151,7730.884627733403,3742.411222593687
forecast_2371,2025-04-09 19:00:00,6865.956112510299,6378.538561526877,3642.5863273872646
forecast_2372,2025-04-09 20:00:00,6440.58715547793,6001.461800903706,3554.134171707901
forecast_2373,2025-04-09 21:00:00,8089.041760233144,7784.113631408693,3589.9408604628698
forecast_2374,2025-04-09 22:00:00,7884.904590625271,9213.811780180517,5852.3892165427305
forecast_2375,2025-04-09 23:00:00,7319.999633418929,7934.377452033104,5775.821200987804
forecast_2376,2025-04-10 00:00:00,8412.375276514844,9584.590070936641,6020.753048858419
forecast_2377,2025-04-10 01:00:00,8011.255156144983,9581.76779138588,5652.3405118690425
forecast_2378,2025-04-10 02:00:00,8453.400134573738,9641.050587084403,6354.403368668526
forecast_2379,2025-04-10 03:00:00,8330.621378543789,8864.301569337254,5900.028173494052
forecast_2380,2025-04-10 04:00:00,7906.857203488408,7768.717533871656,5755.525697802204
forecast_2381,2025-04-10 05:00:00,8117.893461101348,7085.047748254994,5864.66116741624
forecast_2382,2025-04-10 06:00:00,4193.0695109890885,6220.956034136819,5545.65225733875
forecast_2383,2025-04-10 07:00:00,3745.7520123858562,3935.494490371121,4267.827483974517
forecast_2384,2025-04-10 08:00:00,3948.989866671988,5182.234800867885,4261.541463719977
forecast_2385,2025-04-10 09:00:00,4117.6243866126815,5735.57649802311,3684.9888177827265
forecast_2386,2025-04-10 10:00:00,5313.643911923715,3767.659459418475,3723.620333128694
forecast_2387,2025-04-10 11:00:00,4474.147827393392,3764.016566432398,3675.094585674146
forecast_2388,2025-04-10 12:00:00,4562.587697270053,3574.138763122252,3634.628092866731
forecast_2389,2025-04-10 13:00:00,3548.0690964110954,3465.872492624899,3640.1998259560137
forecast_2390,2025-04-10 14:00:00,3415.9540528811954,3241.005659414912,3459.137007216403
forecast_2391,2025-04-10 15:00:00,3563.962920840474,3461.563616992678,3712.2833720388835
forecast_2392,2025-04-10 16:00:00,3609.9504547699803,3824.153812408354,3586.8530192864887
forecast_2393,2025-04-10 17:00:00,3499.557069185179,3534.504834046127,3418.7668518761006
forecast_2394,2025-04-10 18:00:00,3340.593023996232,3241.656263815543,3417.4268109264685
forecast_2395,2025-04-10 19:00:00,3430.6159167616956,3395.020372841363,3441.5735454991186
forecast_2396,2025-04-10 20:00:00,3486.9311831676932,3473.654867033655,3582.440802714726
forecast_2397,2025-04-10 21:00:00,3483.951195190515,3590.355190578892,3570.2961499256194
forecast_2398,2025-04-10 22:00:00,3617.2877808798207,3653.223549732229,3521.4655796453217
forecast_2399,2025-04-10 23:00:00,3638.3628657680097,3596.6179429166514,3509.144609307303
forecast_2400,2025-04-11 00:00:00,3567.3420326238324,3450.9592572593856,3525.783153112833
forecast_2401,2025-04-11 01:00:00,3418.872587399493,3312.1289148210685,3496.281280741617
forecast_2402,2025-04-11 02:00:00,3370.0970090451256,3201.110046499584,3568.620227944908
forecast_2403,2025-04-11 03:00:00,3455.458017514153,3368.943820150432,3539.7991137797835
forecast_2404,2025-04-11 04:00:00,3383.104513945923,3200.398306117481,3489.975778322891
forecast_2405,2025-04-11 05:00:00,3336.435355112501,2935.0228636641323,3405.275089227531
forecast_2406,2025-04-11 06:00:00,3261.198117050793,2854.1375357858433,3394.5173335643613
forecast_2407,2025-04-11 07:00:00,3233.636966886073,2839.080646737797,3386.1539561836007
forecast_2408,2025-04-11 08:00:00,3203.86587707495,2790.9283929086464,3370.6795462365626
forecast_2409,2025-04-11 09:00:00,3155.350160576197,2650.5376561109856,3370.883573618147
forecast_2410,2025-04-11 10:00:00,3138.187519341708,2599.060363782951,3370.9302435206055
forecast_2411,2025-04-11 11:00:00,3141.8048431561992,2611.20159159947,3366.97476382449
forecast_2412,2025-04-11 12:00:00,3147.0470624135964,2632.385192279256,3363.984976362353
forecast_2413,2025-04-11 13:00:00,3180.7564471235937,2739.5126007479844,3383.060714771183
forecast_2414,2025-04-11 14:00:00,3215.9527010424026,2851.663336868957,3408.948025524551
forecast_2415,2025-04-11 15:00:00,3201.075557412324,2820.158563418588,3396.693256292492
forecast_2416,2025-04-11 16:00:00,3205.1072692366006,2837.863928403894,3426.571953242201
forecast_2417,2025-04-11 17:00:00,3177.5321056679586,2699.6983774745227,3388.7992915069453
forecast_2418,2025-04-11 18:00:00,3257.793970783185,2812.591106700901,3385.1917129225712
forecast_2419,2025-04-11 19:00:00,3395.822574035902,3009.7259207022635,3388.776944771389
forecast_2420,2025-04-11 20:00:00,3507.6501524893865,3260.908878248498,3520.2966688976626
forecast_2421,2025-04-11 21:00:00,3595.6971773597206,3490.2796648180492,3437.889505478773
forecast_2422,2025-04-11 22:00:00,5144.222011422929,3743.977978905847,3484.0475451446605
forecast_2423,2025-04-11 23:00:00,3723.4322882230254,3895.6397042682765,3501.864887171995
forecast_2424,2025-04-12 00:00:00,3599.774996505284,3677.1725038359355,3455.217703758771
forecast_2425,2025-04-12 01:00:00,3399.7559663910297,3330.8169209623607,3456.1704226891147
forecast_2426,2025-04-12 02:00:00,3488.6582370896253,3548.1791546116256,3537.8536983594304
forecast_2427,2025-04-12 03:00:00,3561.8746591877534,3657.44078692255,3517.4354593790563
forecast_2428,2025-04-12 04:00:00,3518.4486186466493,3751.2205306185074,3658.5376380074963
forecast_2429,2025-04-12 05:00:00,3586.4427291166867,3765.4303754915168,3648.158442538668
forecast_2430,2025-04-12 06:00:00,3661.1071347445613,3838.109361613893,3568.2087655440464
forecast_2431,2025-04-12 07:00:00,3709.674490438106,4089.752381864125,3589.8956303061736
forecast_2432,2025-04-12 08:00:00,9110.03183236235,8816.197650852304,3755.9200664841305
forecast_2433,2025-04-12 09:00:00,9485.351048129209,9848.571551114044,7603.808654156364
forecast_2434,2025-04-12 10:00:00,9454.663446971083,9981.264031800805,9891.4285123665
forecast_2435,2025-04-12 11:00:00,9753.919565448576,10752.933055111218,10933.942582517293
forecast_2436,2025-04-12 12:00:00,10474.539370364344,12195.58720083323,10708.54083967644
forecast_2437,2025-04-12 13:00:00,11469.35112210047,13256.372821600531,11358.064522834578
forecast_2438,2025-04-12 14:00:00,12203.908272052826,13521.538917625865,11492.550862764441
forecast_2439,2025-04-12 15:00:00,11548.807929288181,12252.081340807856,10863.182825121296
forecast_2440,2025-04-12 16:00:00,11733.576509779601,12640.144808424515,11792.966775305405
forecast_2441,2025-04-12 17:00:00,12434.267929996955,13612.523174652377,12212.728046737158
forecast_2442,2025-04-12 18:00:00,15116.917371536305,15652.513464472018,12660.249416791203
forecast_2443,2025-04-12 19:00:00,14659.32502612949,14880.147149767337,13189.837563467247
forecast_2444,2025-04-12 20:00:00,15477.696623702797,15438.645067976156,13943.093454275064
forecast_2445,2025-04-12 21:00:00,15773.118635869178,16327.230340111113,15057.302746643545
forecast_2446,2025-04-12 22:00:00,16174.472810351708,16086.40620698279,15800.38916421435
forecast_2447,2025-04-12 23:00:00,15785.521070608598,15685.22024144512,16080.350118712917
forecast_2448,2025-04-13 00:00:00,16397.924903076353,16422.299907220015,16716.431432861376
forecast_2449,2025-04-13 01:00:00,15797.187385551964,16292.139385042216,16112.425814069948
forecast_2450,2025-04-13 02:00:00,16495.90960590693,16588.19061354077,10972.783318379326
forecast_2451,2025-04-13 03:00:00,17563.636840548268,18081.76065300196,13750.669747016957
forecast_2452,2025-04-13 04:00:00,17144.7640142281,18278.792742696645,15761.47117204987
forecast_2453,2025-04-13 05:00:00,16783.55690059644,18214.679924366843,14262.532204886835
forecast_2454,2025-04-13 06:00:00,16849.820538408283,18894.76701079753,15408.864589532664
forecast_2455,2025-04-13 07:00:00,17319.965431264747,18744.254209602095,16879.914187778926
forecast_2456,2025-04-13 08:00:00,17751.65465423127,18589.468445770177,17515.27990002154
forecast_2457,2025-04-13 09:00:00,17097.710909732272,18200.687149345074,17660.016376131607
forecast_2458,2025-04-13 10:00:00,16893.779596726312,18078.248475181023,17448.26023348105
forecast_2459,2025-04-13 11:00:00,16715.252828547418,18075.06291444336,17456.722841329345
forecast_2460,2025-04-13 12:00:00,16606.494173558705,17867.05940480169,17470.76052541187
forecast_2461,2025-04-13 13:00:00,16333.806245183547,17652.63736963738,17751.37360779641
forecast_2462,2025-04-13 14:00:00,16218.869201761865,17671.33425183266,17443.819501418297
forecast_2463,2025-04-13 15:00:00,16992.5798443397,17893.219740577442,17157.131967718182
forecast_2464,2025-04-13 16:00:00,17001.519948027144,18087.310623796926,17553.337421383992
forecast_2465,2025-04-13 17:00:00,17429.662691917176,18386.275963149856,17723.43063360434
forecast_2466,2025-04-13 18:00:00,17395.020112274713,18399.816904252642,18014.76281853531
forecast_2467,2025-04-13 19:00:00,17690.7026071331,17964.813511321616,17490.091582447116
forecast_2468,2025-04-13 20:00:00,17396.823638665977,18000.975539688956,17468.624305658912
forecast_2469,2025-04-13 21:00:00,17151.506868425655,17732.808531722912,17378.13586956267
forecast_2470,2025-04-13 22:00:00,16830.73884672904,17854.92937652607,17596.68849793152
forecast_2471,2025-04-13 23:00:00,15971.532399377447,17389.624678897282,16913.752131346442
forecast_2472,2025-04-14 00:00:00,15554.84432439209,17304.889877931088,16444.811306912343
forecast_2473,2025-04-14 01:00:00,13917.1280253485,15723.429914550969,13758.381585329822
forecast_2474,2025-04-14 02:00:00,12587.532892233088,14124.637480328689,12131.805349711853
forecast_2475,2025-04-14 03:00:00,11501.700493777596,12268.399300433897,9981.515808132774
forecast_2476,2025-04-14 04:00:00,11122.72548257119,10819.646428662463,7399.400710949496
forecast_2477,2025-04-14 05:00:00,4886.194549582689,9556.93859947373,7224.845605637935
forecast_2478,2025-04-14 06:00:00,3815.188178427141,4306.399687631053,3507.7266178972764
forecast_2479,2025-04-14 07:00:00,3995.866259590192,5423.17869109187,3552.763476009393
forecast_2480,2025-04-14 08:00:00,3639.438946505779,3902.6606371409393,3458.2103241637583
forecast_2481,2025-04-14 09:00:00,3428.75088558245,3553.2110043407984,3443.2251057031003
forecast_2482,2025-04-14 10:00:00,3419.3524355696995,3584.481369373626,3472.9723306927317
forecast_2483,2025-04-14 11:00:00,3623.2462018763395,3785.272222929246,3604.938655895029
forecast_2484,2025-04-14 12:00:00,3573.3103019577225,3827.321832646784,3739.325645840491
forecast_2485,2025-04-14 13:00:00,3564.299973500672,3766.9363995732792,3529.079952352356
forecast_2486,2025-04-14 14:00:00,3384.3030546678083,3460.407764643394,3454.0979032201303
forecast_2487,2025-04-14 15:00:00,3253.4605277401065,2966.967505675613,3424.5822509389254
forecast_2488,2025-04-14 16:00:00,3212.420907219174,2862.7855867979783,3432.142302664043
forecast_2489,2025-04-14 17:00:00,3300.814418930795,3067.4980382888352,3545.8620437178374
forecast_2490,2025-04-14 18:00:00,3435.6673550436535,3356.4815686600737,3716.6990814613127
forecast_2491,2025-04-14 19:00:00,3521.153750936904,3465.159656096639,3532.6283089572653
forecast_2492,2025-04-14 20:00:00,3629.653093049356,3739.510585263155,3660.4133734006873
forecast_2493,2025-04-14 21:00:00,3685.6192458181213,3906.2437903915884,3521.97403798369
forecast_2494,2025-04-14 22:00:00,4059.4467482262367,5674.676554388607,4380.544922590841
forecast_2495,2025-04-14 23:00:00,4057.44602943109,5481.4421487019345,4301.128892462036
forecast_2496,2025-04-15 00:00:00,6649.308527038595,6223.0797763129,4233.961217180174
forecast_2497,2025-04-15 01:00:00,6463.464847459774,6397.893248664501,3757.7779283209934
forecast_2498,2025-04-15 02:00:00,7466.0434653099,7330.146801763247,4904.686569945522
forecast_2499,2025-04-15 03:00:00,7301.8422965344935,7787.396953978704,4501.106128482757
forecast_2500,2025-04-15 04:00:00,6355.744314331088,6935.003833561807,4440.808493984176
forecast_2501,2025-04-15 05:00:00,7517.991787617262,8135.652872162997,4245.246922333539
forecast_2502,2025-04-15 06:00:00,7652.908941199547,8227.401103396067,4389.131687103767
forecast_2503,2025-04-15 07:00:00,8453.974671350188,10382.070112973403,5844.34042166412
forecast_2504,2025-04-15 08:00:00,9211.667779680085,11196.109087788176,4576.204996995473
forecast_2505,2025-04-15 09:00:00,8922.134627361851,11356.146515562868,5297.689389064259
forecast_2506,2025-04-15 10:00:00,8839.654878867086,10501.386770592,5776.784969097195
forecast_2507,2025-04-15 11:00:00,8596.468209091276,9383.576179830892,6246.569364403436
forecast_2508,2025-04-15 12:00:00,9077.046082105644,8848.994919415529,5524.83524617288
forecast_2509,2025-04-15 13:00:00,10259.454426651986,8474.562697332505,5821.423685756844
forecast_2510,2025-04-15 14:00:00,11252.525694787548,9664.07688467879,7107.2968485370475
forecast_2511,2025-04-15 15:00:00,12368.622520627267,10768.457309920735,7527.426643719486
forecast_2512,2025-04-15 16:00:00,12977.580368256808,11429.347778859412,8330.9725639348
forecast_2513,2025-04-15 17:00:00,13149.995851898251,12230.464753955283,8683.442709828465
forecast_2514,2025-04-15 18:00:00,13584.510971675896,13259.495673161351,11427.708166347102
forecast_2515,2025-04-15 19:00:00,14640.715540787724,14422.672551338546,13812.201487144865
forecast_2516,2025-04-15 20:00:00,16247.330172083453,16332.113224585899,15838.946024032148
forecast_2517,2025-04-15 21:00:00,15991.501622900027,16480.384826376343,15597.500239940973
forecast_2518,2025-04-15 22:00:00,16836.242045593895,17670.260391297135,16790.687429280308
forecast_2519,2025-04-15 23:00:00,17866.273202061264,17798.498547061703,16971.453211470354
forecast_2520,2025-04-16 00:00:00,17841.3946645281,17608.95387298916,16563.657389077838
forecast_2521,2025-04-16 01:00:00,18415.733027643724,17502.46725462708,14544.802468208834
forecast_2522,2025-04-16 02:00:00,17533.390103139656,17287.318262424003,14075.125015193553
forecast_2523,2025-04-16 03:00:00,17299.265107840638,17059.625069146467,14536.517525538602
forecast_2524,2025-04-16 04:00:00,16860.989779972228,16323.607126173792,13718.066335759997
forecast_2525,2025-04-16 05:00:00,15538.965632960466,16480.68012766966,14057.299392112578
forecast_2526,2025-04-16 06:00:00,15421.881245185052,16928.93812348117,13008.341640141587
forecast_2527,2025-04-16 07:00:00,14230.295098309445,15390.585760270487,10777.991355043469
forecast_2528,2025-04-16 08:00:00,13238.736539037318,15606.002579334494,10930.253271686906
forecast_2529,2025-04-16 09:00:00,13784.145976596881,13365.64557060096,9804.470490281261
forecast_2530,2025-04-16 10:00:00,13131.582904025103,11729.440971340224,9727.826384109223
forecast_2531,2025-04-16 11:00:00,12458.544246651614,11430.487112516403,11057.492442384613
forecast_2532,2025-04-16 12:00:00,13633.972740351028,12648.735955747681,10891.376017422937
forecast_2533,2025-04-16 13:00:00,14751.22699152749,13756.90553922895,11843.85718241593
forecast_2534,2025-04-16 14:00:00,15799.436308806147,16020.959506546289,14784.960793198432
forecast_2535,2025-04-16 15:00:00,16615.512115988084,17043.465909582104,15512.87653779897
forecast_2536,2025-04-16 16:00:00,17133.07974686057,18083.819082940743,16802.462693919948
forecast_2537,2025-04-16 17:00:00,17458.078251146242,18383.33444008232,17281.306966491946
forecast_2538,2025-04-16 18:00:00,17901.289264054605,18669.33346172359,17798.14042507926
forecast_2539,2025-04-16 19:00:00,18130.609216575092,19033.930059770584,18242.741149088928
forecast_2540,2025-04-16 20:00:00,18151.87029595826,18963.399102840456,18564.694147654634
forecast_2541,2025-04-16 21:00:00,17489.758766894043,18804.461581702217,18777.923408357932
forecast_2542,2025-04-16 22:00:00,17273.43829453867,19225.825276954492,18822.940809586213
forecast_2543,2025-04-16 23:00:00,17756.313856809193,19182.433064378827,18331.786148958552
forecast_2544,2025-04-17 00:00:00,17984.861314009726,19075.234470956817,17473.858680011435
forecast_2545,2025-04-17 01:00:00,17559.930990175577,18293.621481789854,16021.456199113236
forecast_2546,2025-04-17 02:00:00,17660.4508932968,18328.042978604244,16430.60842339627
forecast_2547,2025-04-17 03:00:00,17560.300645659434,18361.14388339058,16598.355345844036
forecast_2548,2025-04-17 04:00:00,17254.309291708585,17426.06808597108,15735.34661994239
forecast_2549,2025-04-17 05:00:00,17380.193646681404,17092.819281391723,15403.803374367088
forecast_2550,2025-04-17 06:00:00,16851.830213470148,16878.387198734643,14806.644712942867
forecast_2551,2025-04-17 07:00:00,15931.646105698599,16656.031238117102,14220.767036155663
forecast_2552,2025-04-17 08:00:00,14467.421208490869,15196.88092419638,13141.244354386665
forecast_2553,2025-04-17 09:00:00,13440.613423501616,14938.911747966271,12654.75541821756
forecast_2554,2025-04-17 10:00:00,10739.849503115283,12298.097349628002,11935.990264897371
forecast_2555,2025-04-17 11:00:00,10328.908872514148,12225.91895266576,11649.321172385668
forecast_2556,2025-04-17 12:00:00,10637.327010028102,11890.479014240238,12044.913628337285
forecast_2557,2025-04-17 13:00:00,10531.56211261058,11057.293658503793,12109.211854563666
forecast_2558,2025-04-17 14:00:00,10612.067367237798,11039.879905093208,12644.289379342079
forecast_2559,2025-04-17 15:00:00,9822.233724493917,10777.920558574086,13084.379681381808
forecast_2560,2025-04-17 16:00:00,11075.420253284334,13042.064114522596,13961.035285533193
forecast_2561,2025-04-17 17:00:00,13419.512512322006,14304.736373799018,14180.604006989186
forecast_2562,2025-04-17 18:00:00,12912.18919651757,14894.367130475383,13276.107338528567
forecast_2563,2025-04-17 19:00:00,14465.608707234544,16082.041116699575,14174.727020051076
forecast_2564,2025-04-17 20:00:00,15205.605538832819,16433.15903545195,14787.718276984377
forecast_2565,2025-04-17 21:00:00,14515.73697188773,16153.966459052439,14888.434866811176
forecast_2566,2025-04-17 22:00:00,15942.198531386746,17195.835443392432,14980.095968718528
forecast_2567,2025-04-17 23:00:00,15481.426025897494,16948.776532858505,15091.995737588599
forecast_2568,2025-04-18 00:00:00,16621.324338699014,17582.879802072468,17110.96532603828
forecast_2569,2025-04-18 01:00:00,16966.132157568587,18528.96804850892,17015.326944042776
forecast_2570,2025-04-18 02:00:00,17795.290494310713,19008.858564843926,18199.432254865103
forecast_2571,2025-04-18 03:00:00,18478.969835091164,19199.10993851449,17852.180176170015
forecast_2572,2025-04-18 04:00:00,18377.39270647662,19026.236426346055,17893.366969107803
forecast_2573,2025-04-18 05:00:00,18300.924616222528,18946.774121493043,17259.105076689393
forecast_2574,2025-04-18 06:00:00,17307.009581322705,17960.114436137283,14901.853184651967
forecast_2575,2025-04-18 07:00:00,16282.745122506367,16730.05395495193,12601.600621172356
forecast_2576,2025-04-18 08:00:00,15044.444124789241,15910.333844374003,11943.174941272733
forecast_2577,2025-04-18 09:00:00,13589.714494309384,14005.196158748236,10804.086098341853
forecast_2578,2025-04-18 10:00:00,13299.763692754717,12398.412247597667,10607.19071049585
forecast_2579,2025-04-18 11:00:00,12585.877115694464,10555.900797970735,10001.635922863024
forecast_2580,2025-04-18 12:00:00,12553.193321906554,10240.10189753472,9926.7069401472
forecast_2581,2025-04-18 13:00:00,10432.16063311223,9267.028952942408,9419.861750404036
forecast_2582,2025-04-18 14:00:00,9494.437848188785,8826.377901333442,8716.362687724322
forecast_2583,2025-04-18 15:00:00,9176.301466373918,7350.50232420092,7646.297200678608
forecast_2584,2025-04-18 16:00:00,8743.60327450413,7229.450493678219,7480.336497331848
forecast_2585,2025-04-18 17:00:00,7803.031991180576,6673.62554535648,7276.569188198331
forecast_2586,2025-04-18 18:00:00,9956.799924697825,7748.281684933594,8043.208695827537
forecast_2587,2025-04-18 19:00:00,9245.037298913157,8191.358187477401,7711.413703514376
forecast_2588,2025-04-18 20:00:00,10142.228465493108,9628.891569271613,8786.62827133882
forecast_2589,2025-04-18 21:00:00,11173.55358451686,10603.683200314726,8022.015397017652
forecast_2590,2025-04-18 22:00:00,11963.4690888799,13352.060049810756,8447.085484308205
forecast_2591,2025-04-18 23:00:00,10990.396388141096,12433.84023033262,7941.174889315438
forecast_2592,2025-04-19 00:00:00,11654.344937392618,13935.963759247885,8662.226508096586
forecast_2593,2025-04-19 01:00:00,12523.88574554234,15106.75196009048,9362.709158917318
forecast_2594,2025-04-19 02:00:00,12667.554063383905,15471.592696015645,10285.42431656837
forecast_2595,2025-04-19 03:00:00,14315.25364817651,15928.017825009425,12514.152328028806
forecast_2596,2025-04-19 04:00:00,14502.180016137867,15708.63909923393,13921.00300129614
forecast_2597,2025-04-19 05:00:00,14529.951148311982,15505.33296967978,14286.762234797774
forecast_2598,2025-04-19 06:00:00,13235.200004531707,14836.349953083256,11862.241036644706
forecast_2599,2025-04-19 07:00:00,12317.508728452287,14218.174001816147,11595.990295014793
forecast_2600,2025-04-19 08:00:00,12769.477858314358,14944.736103601519,12247.933226544012
forecast_2601,2025-04-19 09:00:00,13039.209797602312,14480.592249570824,12801.769996197087
forecast_2602,2025-04-19 10:00:00,14779.355208056186,15458.620361232166,14523.177000469272
forecast_2603,2025-04-19 11:00:00,14911.280998341812,15846.168368354474,15414.099586786837
forecast_2604,2025-04-19 12:00:00,16192.54045113791,17605.73003283504,16271.252175207697
forecast_2605,2025-04-19 13:00:00,16915.15365141942,18247.31405764952,16984.43180281583
forecast_2606,2025-04-19 14:00:00,17758.92266976825,18736.208333314928,17503.250094918803
forecast_2607,2025-04-19 15:00:00,17466.01181057889,18418.953029924658,17516.9340938429
forecast_2608,2025-04-19 16:00:00,17574.092955390708,19077.978650893787,17337.23350804022
forecast_2609,2025-04-19 17:00:00,17874.35736591355,19192.564349161876,17618.46606377731
forecast_2610,2025-04-19 18:00:00,18122.02724117947,18978.33495164972,17683.284640136906
forecast_2611,2025-04-19 19:00:00,18068.614984366683,18877.699946627672,17203.360445885504
forecast_2612,2025-04-19 20:00:00,17566.943066639516,18400.619903456507,17339.442154753284
forecast_2613,2025-04-19 21:00:00,16800.740494529193,17827.641771731698,16346.691228096395
forecast_2614,2025-04-19 22:00:00,15310.654475641546,16332.928133090842,15141.338956619866
forecast_2615,2025-04-19 23:00:00,13596.28404072271,14736.975208784928,13223.625433500943
forecast_2616,2025-04-20 00:00:00,12812.089339457347,13020.61216212862,11571.222852110628
forecast_2617,2025-04-20 01:00:00,10302.009181639622,10518.323836104633,8744.225522630088
forecast_2618,2025-04-20 02:00:00,8533.918205828259,8890.143363997035,7107.019963735507
forecast_2619,2025-04-20 03:00:00,6179.30638722484,6972.145479471885,3706.987645857054
forecast_2620,2025-04-20 04:00:00,3700.3672663628263,3892.9506778259192,3519.639672231885
forecast_2621,2025-04-20 05:00:00,3486.1030606579325,3500.791274738383,3438.2768102993514
forecast_2622,2025-04-20 06:00:00,3351.623965748385,3241.625592494999,3396.5879469414076
forecast_2623,2025-04-20 07:00:00,3234.794070210146,2900.0200686658904,3373.3870936644125
forecast_2624,2025-04-20 08:00:00,3196.024996864697,2729.011779105926,3367.2776355438814
forecast_2625,2025-04-20 09:00:00,3164.838815602759,2649.5416439620035,3363.383367637264
forecast_2626,2025-04-20 10:00:00,3141.5992033132,2548.272415465956,3363.226909537544
forecast_2627,2025-04-20 11:00:00,3136.532896438119,2551.406108514975,3362.1952173636123
forecast_2628,2025-04-20 12:00:00,3131.1605230534788,2546.8060202462293,3361.2860234562904
forecast_2629,2025-04-20 13:00:00,3130.3910981665713,2561.0132414051495,3362.7224850531916
forecast_2630,2025-04-20 14:00:00,3128.4905127040556,2559.010204724131,3364.513491206011
forecast_2631,2025-04-20 15:00:00,3130.1541158986442,2571.1924494274926,3362.3327404982397
forecast_2632,2025-04-20 16:00:00,3136.862530207531,2598.47937626372,3361.965349991439
forecast_2633,2025-04-20 17:00:00,3134.051997988867,2583.825140834734,3362.077819941978
forecast_2634,2025-04-20 18:00:00,3135.387374348833,2584.4417503079108,3362.3621055295703
forecast_2635,2025-04-20 19:00:00,3144.356987196855,2598.678528568741,3363.805444671111
forecast_2636,2025-04-20 20:00:00,3162.154332170318,2599.5804031437383,3371.4730097754605
forecast_2637,2025-04-20 21:00:00,3179.481084159338,2620.7980149381256,3379.5682274142587
forecast_2638,2025-04-20 22:00:00,3167.443147963609,2604.514207700099,3370.3190338345735
forecast_2639,2025-04-20 23:00:00,3169.4134262630732,2603.310487449712,3370.4963122658173
forecast_2640,2025-04-21 00:00:00,3207.0049809516995,2606.4923503917657,3367.9353076080492
forecast_2641,2025-04-21 01:00:00,3183.9547962291294,2568.450694430182,3364.8880683657526
forecast_2642,2025-04-21 02:00:00,3229.9320413700266,2664.154027922528,3366.358908254433
forecast_2643,2025-04-21 03:00:00,3205.1394477413614,2698.9379953073935,3365.42143803923
forecast_2644,2025-04-21 04:00:00,3254.7456235872482,2804.2210564339193,3370.6876721203553
forecast_2645,2025-04-21 05:00:00,3316.4934679648004,2914.657043262325,3373.7065224167513
forecast_2646,2025-04-21 06:00:00,3424.7117645097396,3104.886777019151,3372.1883546394674
forecast_2647,2025-04-21 07:00:00,3438.9049446214267,3334.120908595947,3433.0835594980886
forecast_2648,2025-04-21 08:00:00,3499.1651454730018,3597.5799419951964,3477.706234404502
forecast_2649,2025-04-21 09:00:00,3406.225799033439,3356.3864274305656,3445.963446691144
forecast_2650,2025-04-21 10:00:00,3244.514964285108,2903.832433561742,3416.7598747247303
forecast_2651,2025-04-21 11:00:00,3254.190933486946,2984.2937859875074,3443.6293157553164
forecast_2652,2025-04-21 12:00:00,3262.06374924242,2984.716992456111,3442.3853144490995
forecast_2653,2025-04-21 13:00:00,3247.928166964562,3021.630795500378,3459.0476122403993
forecast_2654,2025-04-21 14:00:00,3280.7014930203486,3090.1137884022764,3503.769528033664
forecast_2655,2025-04-21 15:00:00,3286.9267987304256,3068.662631759148,3457.094458226515
forecast_2656,2025-04-21 16:00:00,3348.735394180716,3290.4863125860725,3442.737132517942
forecast_2657,2025-04-21 17:00:00,3422.4905833350163,3430.491703204544,3491.3795488790693
forecast_2658,2025-04-21 18:00:00,3650.407361789541,3827.4742910950067,3531.4630291787444
forecast_2659,2025-04-21 19:00:00,6455.642471936443,5569.917735566231,4346.596214494863
forecast_2660,2025-04-21 20:00:00,9049.39077268299,8188.224076491181,5126.985158441563
forecast_2661,2025-04-21 21:00:00,8264.149811359883,9416.89681195507,4700.449702332048
forecast_2662,2025-04-21 22:00:00,10328.849576097116,11786.485569603561,6101.671924536115
forecast_2663,2025-04-21 23:00:00,10550.553957202383,12308.013904989239,6143.449573796914
forecast_2664,2025-04-22 00:00:00,10220.649267336816,11061.99632104075,6243.522603621036
forecast_2665,2025-04-22 01:00:00,9048.028526942879,10263.126704381459,6000.867347448155
forecast_2666,2025-04-22 02:00:00,10290.588809833731,10843.93585212954,6687.757621404128
forecast_2667,2025-04-22 03:00:00,8434.371082905043,8835.794342763587,5739.451341728078
forecast_2668,2025-04-22 04:00:00,7620.288900178674,8040.673439376459,4922.882632920617
forecast_2669,2025-04-22 05:00:00,5686.227126259184,5761.383279306364,3700.15326891723
forecast_2670,2025-04-22 06:00:00,3934.8544859722547,5099.246359184632,3515.0462257946015
forecast_2671,2025-04-22 07:00:00,3616.0012963637664,3840.999232555705,3527.6333343604947
forecast_2672,2025-04-22 08:00:00,3970.885133054855,5417.491115953361,3620.4725834373185
forecast_2673,2025-04-22 09:00:00,7569.370532514352,8543.485931374298,5113.74305541409
forecast_2674,2025-04-22 10:00:00,7538.018225972927,8674.375062946952,5006.909526012026
forecast_2675,2025-04-22 11:00:00,8394.456020519705,9136.444387716347,6795.284583291353
forecast_2676,2025-04-22 12:00:00,9067.85567922441,10152.09842630278,6992.0281777443415
forecast_2677,2025-04-22 13:00:00,10350.931180763064,10279.562424767344,7400.925738562959
forecast_2678,2025-04-22 14:00:00,9211.427783310808,9425.361988831928,5989.333332669916
forecast_2679,2025-04-22 15:00:00,4357.16471469598,7179.262767283822,5306.72513326544
forecast_2680,2025-04-22 16:00:00,4039.278377508926,5757.014539683694,3773.355410505096
forecast_2681,2025-04-22 17:00:00,3490.734321613147,3440.9050906291513,3464.6341588560845
forecast_2682,2025-04-22 18:00:00,3579.365566573277,3227.781684169668,3436.3662897168615
forecast_2683,2025-04-22 19:00:00,3660.0661417699357,3595.6026690713943,3444.201603674468
forecast_2684,2025-04-22 20:00:00,4581.20121803224,4089.5039052049924,3511.3173100820086
forecast_2685,2025-04-22 21:00:00,3696.1021090412746,3814.001049904757,3501.1805596865465
forecast_2686,2025-04-22 22:00:00,3766.2581475607285,3982.4236624385762,3744.3182592989947
forecast_2687,2025-04-22 23:00:00,3747.2336536078456,3919.1151211974643,3702.059422821582
forecast_2688,2025-04-23 00:00:00,5273.467475813359,5886.392617115267,3768.518320395593
forecast_2689,2025-04-23 01:00:00,7752.341214826738,7524.2778516919525,5218.317104716694
forecast_2690,2025-04-23 02:00:00,6234.48080691795,6811.209140042087,4835.063935680445
forecast_2691,2025-04-23 03:00:00,5402.8376964590825,6145.864826854294,4276.63547310058
forecast_2692,2025-04-23 04:00:00,6570.761964425267,6751.216140595531,4568.757685143317
forecast_2693,2025-04-23 05:00:00,5232.8871230132345,5706.870216243767,4119.764970141144
forecast_2694,2025-04-23 06:00:00,4816.466454657489,5101.837462136207,3750.2442228814184
forecast_2695,2025-04-23 07:00:00,3893.6295363697623,5048.725223548422,3537.569302886561
forecast_2696,2025-04-23 08:00:00,3477.9723333621314,3779.6072689700895,3413.044763227925
forecast_2697,2025-04-23 09:00:00,3344.1840336249224,3252.7584348522832,3414.5503602076224
forecast_2698,2025-04-23 10:00:00,3233.5955939154496,2890.727788927789,3398.4489765840817
forecast_2699,2025-04-23 11:00:00,3171.1353234592366,2690.4891770900667,3375.5393980755175
forecast_2700,2025-04-23 12:00:00,3155.0513612923114,2652.3330330139415,3371.8211042765447
forecast_2701,2025-04-23 13:00:00,3138.5217756784946,2583.51714271704,3365.039558489161
forecast_2702,2025-04-23 14:00:00,3165.840288999096,2709.0222385993625,3374.2855241885977
forecast_2703,2025-04-23 15:00:00,3217.5351889554654,2854.9883382146554,3376.195770920404
forecast_2704,2025-04-23 16:00:00,3283.329641014801,3017.795360175192,3380.7639875790974
forecast_2705,2025-04-23 17:00:00,3510.8763481530646,3336.0172993822466,3406.2091130935755
forecast_2706,2025-04-23 18:00:00,3655.756574807516,3761.305158377046,3596.710651022989
forecast_2707,2025-04-23 19:00:00,3630.640603524625,3797.731079026379,3709.365117582334
forecast_2708,2025-04-23 20:00:00,6696.314876276731,6576.301032834206,4048.5629913943094
forecast_2709,2025-04-23 21:00:00,9141.288178546285,9184.867780843517,5207.984391715746
forecast_2710,2025-04-23 22:00:00,12770.952480298865,14732.27882923458,9702.421203869812
forecast_2711,2025-04-23 23:00:00,15377.055058013699,15689.750285315082,11194.256181380952
forecast_2712,2025-04-24 00:00:00,16798.62848681048,16450.77781071043,12608.70746743721
forecast_2713,2025-04-24 01:00:00,17209.236588664116,16537.42855723536,13727.485953682564
forecast_2714,2025-04-24 02:00:00,18412.83217612242,17439.19219383985,15931.778761787853
forecast_2715,2025-04-24 03:00:00,18088.6463147292,17505.911897851794,15217.041337843366
forecast_2716,2025-04-24 04:00:00,18196.656382314723,17936.90931165314,16574.42796909856
forecast_2717,2025-04-24 05:00:00,18326.189515629834,17806.859543114442,14172.562357697267
forecast_2718,2025-04-24 06:00:00,17174.13094265581,17240.532643476065,13982.206109056757
forecast_2719,2025-04-24 07:00:00,15201.957162975674,15956.092994879406,11266.323759593062
forecast_2720,2025-04-24 08:00:00,14760.95036321916,15568.187486256786,10510.390244958011
forecast_2721,2025-04-24 09:00:00,12519.231317608934,13883.571010200705,9670.228965468266
forecast_2722,2025-04-24 10:00:00,11399.028006144383,11108.247233471267,9791.120870358178
forecast_2723,2025-04-24 11:00:00,12308.824363783699,11629.931341895353,11651.946892765642
forecast_2724,2025-04-24 12:00:00,12435.423052029988,11744.976967069115,12943.910197436506
forecast_2725,2025-04-24 13:00:00,13056.49789304045,12933.733901395344,13884.724186719719
forecast_2726,2025-04-24 14:00:00,14403.94812902638,15048.972061464245,14383.203186408344
forecast_2727,2025-04-24 15:00:00,15971.752784792649,18248.79176794626,15389.577773369749
forecast_2728,2025-04-24 16:00:00,16971.598548731425,18632.640302905915,15680.20404761934
forecast_2729,2025-04-24 17:00:00,17505.834868029964,18456.5028879513,15418.51333269959
forecast_2730,2025-04-24 18:00:00,17854.756547455636,18458.366449426845,15673.772198785977
forecast_2731,2025-04-24 19:00:00,18151.413993895363,18950.224337555763,16203.187150448926
forecast_2732,2025-04-24 20:00:00,17628.92327264124,18825.259883385912,16980.619215074265
forecast_2733,2025-04-24 21:00:00,17582.931020284457,18822.608617132373,17298.576139953293
forecast_2734,2025-04-24 22:00:00,16849.974743005085,18208.346901374338,13974.128718416614
forecast_2735,2025-04-24 23:00:00,16219.780196830443,17222.4900387326,13188.850710006207
forecast_2736,2025-04-25 00:00:00,16070.45000986545,16241.217761253101,12317.434536456796
forecast_2737,2025-04-25 01:00:00,14720.462936943753,15115.247578247345,10654.726102229033
forecast_2738,2025-04-25 02:00:00,14291.55367078289,14104.444724777379,10145.828540616818
forecast_2739,2025-04-25 03:00:00,14400.200666348002,13720.810310066516,10241.551893995715
forecast_2740,2025-04-25 04:00:00,14034.097991343779,13369.208759218543,9406.349224932306
forecast_2741,2025-04-25 05:00:00,14035.593078862841,13434.515906201983,9680.90683405372
forecast_2742,2025-04-25 06:00:00,13922.179217979205,13943.610752300412,9078.233746739175
forecast_2743,2025-04-25 07:00:00,13562.233798303352,13464.131134016156,8591.785904482644
forecast_2744,2025-04-25 08:00:00,13410.318518519765,13112.017254673998,8312.059366869387
forecast_2745,2025-04-25 09:00:00,13199.542808367542,12699.361254496036,8287.996438782873
forecast_2746,2025-04-25 10:00:00,12658.179619233502,11691.92114115842,8578.564068552698
forecast_2747,2025-04-25 11:00:00,12463.457208796972,11345.494772269738,8332.142009106545
forecast_2748,2025-04-25 12:00:00,12196.489583524992,11188.955896073368,8444.070268847308
forecast_2749,2025-04-25 13:00:00,11920.628498051754,11150.480329169231,8009.389381857787
forecast_2750,2025-04-25 14:00:00,12397.691572469288,11174.587647464092,8234.252060424853
forecast_2751,2025-04-25 15:00:00,12599.974674242972,11133.769652960631,8304.26449076206
forecast_2752,2025-04-25 16:00:00,12435.559699838923,11334.375129831828,8375.856488745787
forecast_2753,2025-04-25 17:00:00,12280.09988610211,11422.496199449874,8389.115265668785
forecast_2754,2025-04-25 18:00:00,12143.656290257013,11682.640063152145,8747.08605169871
forecast_2755,2025-04-25 19:00:00,12553.31997088026,12094.189178615215,9876.248874222698
forecast_2756,2025-04-25 20:00:00,13248.877329986552,12514.376413302092,10301.759713643496
forecast_2757,2025-04-25 21:00:00,14137.646734742444,12842.215748228758,10716.014105545028
forecast_2758,2025-04-25 22:00:00,15032.863325967895,13865.745004734577,10935.426336386628
forecast_2759,2025-04-25 23:00:00,12057.222296225824,11745.474489044043,9537.180386032389
forecast_2760,2025-04-26 00:00:00,11808.591239572152,11907.853619596852,10294.761175126128
forecast_2761,2025-04-26 01:00:00,12409.006835621434,12107.783428177088,10624.75039969207
forecast_2762,2025-04-26 02:00:00,13797.162325980269,13290.869409163286,10992.440782885431
forecast_2763,2025-04-26 03:00:00,15000.616511522694,13555.30751877081,11481.924238060676
forecast_2764,2025-04-26 04:00:00,14117.411625636083,11910.228263452074,11189.34543470332
forecast_2765,2025-04-26 05:00:00,14589.946138585869,13317.38991006048,12242.988709748362
forecast_2766,2025-04-26 06:00:00,15429.372275992773,15334.576123695315,11801.135066123414
forecast_2767,2025-04-26 07:00:00,14736.945713184674,15626.9906287835,12093.68573581294
forecast_2768,2025-04-26 08:00:00,15956.591143177022,16078.72216136819,13543.315651900912
forecast_2769,2025-04-26 09:00:00,14285.015999572594,14509.963172491647,11964.974679125482
forecast_2770,2025-04-26 10:00:00,14011.738716262922,14227.618656768555,11964.961218733508
forecast_2771,2025-04-26 11:00:00,14156.18413991637,14195.426935592703,11379.237065543577
forecast_2772,2025-04-26 12:00:00,14801.40639626369,15548.631882152386,13400.932705888585
forecast_2773,2025-04-26 13:00:00,14910.426065422815,15740.574693700153,13665.51829671148
forecast_2774,2025-04-26 14:00:00,15792.598583175604,16126.760228453064,14198.867513080551
forecast_2775,2025-04-26 15:00:00,16913.956538251092,17255.525645661604,15208.906979501355
forecast_2776,2025-04-26 16:00:00,16945.788132096754,17076.06179349546,15049.294179914
forecast_2777,2025-04-26 17:00:00,17229.28698701476,17188.74687146776,15414.488604162168
forecast_2778,2025-04-26 18:00:00,18092.685276700267,18275.2564883613,16429.522372282227
forecast_2779,2025-04-26 19:00:00,18493.27527144374,18698.16653866444,17861.73545580106
forecast_2780,2025-04-26 20:00:00,19306.824120149347,19057.14373318222,18342.94468284488
forecast_2781,2025-04-26 21:00:00,19618.13609263967,19215.23763939276,18666.62518876307
forecast_2782,2025-04-26 22:00:00,20081.743817829698,19612.147993025734,18891.311809581188
forecast_2783,2025-04-26 23:00:00,20175.092511129627,19923.785968433276,18632.26404222209
forecast_2784,2025-04-27 00:00:00,20062.367490877536,20001.38550418675,18784.99300408873
forecast_2785,2025-04-27 01:00:00,20103.068136664446,20085.55994578776,18191.542581790753
forecast_2786,2025-04-27 02:00:00,19829.246035510816,19872.89081327771,18055.16701263309
forecast_2787,2025-04-27 03:00:00,19800.664094128457,19592.940965419642,18174.19663795286
forecast_2788,2025-04-27 04:00:00,19684.55950721331,19503.42364920086,18090.439813162317
forecast_2789,2025-04-27 05:00:00,19655.16448676119,19323.6670366019,18254.76003082609
forecast_2790,2025-04-27 06:00:00,19176.138825704904,19267.115055546285,17879.580105631914
forecast_2791,2025-04-27 07:00:00,18303.73072516059,18959.053099043256,17250.17528626818
forecast_2792,2025-04-27 08:00:00,18344.073861927005,19113.985277937645,16938.430184969784
forecast_2793,2025-04-27 09:00:00,17994.729121124645,18803.781135188747,16447.912675046537
forecast_2794,2025-04-27 10:00:00,17230.396489929637,17874.121611467803,16232.90722095078
forecast_2795,2025-04-27 11:00:00,17339.632808690596,17515.78953095931,15745.522426526915
forecast_2796,2025-04-27 12:00:00,17124.43050260711,17778.122934859955,15457.678912657808
forecast_2797,2025-04-27 13:00:00,16751.499101438665,17781.592146721618,15787.06646568644
forecast_2798,2025-04-27 14:00:00,16362.095300072915,17557.73239719106,15555.694405453383
forecast_2799,2025-04-27 15:00:00,16727.59739415587,17334.796035434072,15072.712261208979
forecast_2800,2025-04-27 16:00:00,16781.637453583793,17777.480553708156,15278.402557736976
forecast_2801,2025-04-27 17:00:00,17085.970241087427,17893.834589552655,15117.509753552431
forecast_2802,2025-04-27 18:00:00,16980.14105747647,17658.220751636636,15005.07748296169
forecast_2803,2025-04-27 19:00:00,17007.04992193374,17859.028349173383,15519.443707814838
forecast_2804,2025-04-27 20:00:00,17586.611470497428,18669.9239547827,16606.68257116601
forecast_2805,2025-04-27 21:00:00,17142.7634556047,18382.183472326655,15483.769368509113
forecast_2806,2025-04-27 22:00:00,17945.641851318676,18653.17538633587,16238.143958040819
forecast_2807,2025-04-27 23:00:00,18463.20477933095,18747.148579179357,16242.94065395392
forecast_2808,2025-04-28 00:00:00,17656.23030435027,17653.32361086058,14023.997661595175
forecast_2809,2025-04-28 01:00:00,16973.210041093924,17748.996345524978,14581.350523247433
forecast_2810,2025-04-28 02:00:00,16283.338525699906,17101.24527149759,13648.711359244446
forecast_2811,2025-04-28 03:00:00,14468.743811892664,15810.272128854565,12476.944492599954
forecast_2812,2025-04-28 04:00:00,13130.339380867292,14519.983676267182,11198.063365672286
forecast_2813,2025-04-28 05:00:00,11961.081314020152,13051.156797502523,10190.926328929865
forecast_2814,2025-04-28 06:00:00,11004.838837454023,12096.574271974,8560.007531776248
forecast_2815,2025-04-28 07:00:00,9428.319186367899,10272.033451110057,7122.249934193175
forecast_2816,2025-04-28 08:00:00,8146.204552330477,8889.402351861732,4895.336901060966
forecast_2817,2025-04-28 09:00:00,6161.539966089505,6202.631215078533,4129.274664467064
forecast_2818,2025-04-28 10:00:00,6384.932271835645,5253.564038379502,4228.00701661113
forecast_2819,2025-04-28 11:00:00,8290.416190243883,7222.910958813688,5027.1138269825915
forecast_2820,2025-04-28 12:00:00,10938.955279748563,8784.000207484925,8384.52738204079
forecast_2821,2025-04-28 13:00:00,10554.459752641858,9098.543377427126,6667.979112042018
forecast_2822,2025-04-28 14:00:00,11223.835883206386,9136.781097612717,7088.746988534196
forecast_2823,2025-04-28 15:00:00,10184.490685100827,8393.589723192288,7072.695195499505
forecast_2824,2025-04-28 16:00:00,7886.4765513151315,6664.416675752808,5529.452222512882
forecast_2825,2025-04-28 17:00:00,6235.42739395196,5096.999251936558,4198.001644451357
forecast_2826,2025-04-28 18:00:00,5561.140260138145,4129.610151554798,3657.408605314674
forecast_2827,2025-04-28 19:00:00,5321.913759906273,3834.253810787122,3188.451523143208
forecast_2828,2025-04-28 20:00:00,6139.335652582597,4581.2991030116045,3561.1731494818355
forecast_2829,2025-04-28 21:00:00,6077.790250417652,4445.41050387013,3700.591977769265
forecast_2830,2025-04-28 22:00:00,7365.512962449568,6223.997627122479,3730.4237596926905
forecast_2831,2025-04-28 23:00:00,6335.602758066416,6054.6100052338,3604.795359217288
forecast_2832,2025-04-29 00:00:00,4111.276490994257,5964.414954749417,3740.220586321145
forecast_2833,2025-04-29 01:00:00,3482.9028631037095,3531.493532657241,3539.8072305513606
forecast_2834,2025-04-29 02:00:00,3412.649040433343,3363.7260156521625,3471.5391512324563
forecast_2835,2025-04-29 03:00:00,3371.659464263544,3289.5872096853686,3420.632268454675
forecast_2836,2025-04-29 04:00:00,3385.117976583896,3342.158498694781,3437.748792379522
forecast_2837,2025-04-29 05:00:00,3422.506352726121,3489.2087727741996,3438.7660807267816
forecast_2838,2025-04-29 06:00:00,3538.6262048353306,3652.5962529299613,3435.8225922573606
forecast_2839,2025-04-29 07:00:00,3644.86525567547,3934.32586794811,3541.7007001745255
forecast_2840,2025-04-29 08:00:00,4166.009134768173,6224.134056337567,3624.1686342254498
forecast_2841,2025-04-29 09:00:00,5485.496527012958,5822.32159445289,3730.4643499770277
forecast_2842,2025-04-29 10:00:00,5948.58056567362,5691.691635134486,4167.88606023434
forecast_2843,2025-04-29 11:00:00,6766.857184463334,6288.0764802990025,4287.8612313997455
forecast_2844,2025-04-29 12:00:00,7270.3740117351845,6729.3405587684,4396.957592562746
forecast_2845,2025-04-29 13:00:00,7700.169304089672,7342.991231952747,5118.437270678602
forecast_2846,2025-04-29 14:00:00,7638.900461537414,7449.028970458042,5433.347860625755
forecast_2847,2025-04-29 15:00:00,7958.143541623313,7386.516328732127,5768.654277776056
forecast_2848,2025-04-29 16:00:00,9054.854456805286,7710.936438060066,6276.913422396911
forecast_2849,2025-04-29 17:00:00,9051.45268721313,8865.533993917987,6322.28611371039
forecast_2850,2025-04-29 18:00:00,10032.629313052286,9976.500247535709,9167.284827622827
forecast_2851,2025-04-29 19:00:00,12383.903070658878,13473.901143315725,11414.084236379798
forecast_2852,2025-04-29 20:00:00,15128.174540879214,15245.20094604022,13529.67566609636
forecast_2853,2025-04-29 21:00:00,15651.737189509066,16335.45058323757,15513.739769496373
forecast_2854,2025-04-29 22:00:00,17718.118744857435,17689.92573478763,16950.379598227075
forecast_2855,2025-04-29 23:00:00,19021.462224194634,18267.05350834722,17477.711739637565
forecast_2856,2025-04-30 00:00:00,19469.519976767242,18555.490706124954,17428.246583509655
forecast_2857,2025-04-30 01:00:00,18617.286037055757,18472.766984106773,18037.326109098118
forecast_2858,2025-04-30 02:00:00,19489.323129260356,18908.233396431475,18596.1488556665
forecast_2859,2025-04-30 03:00:00,19553.876569704553,18962.826353874276,18405.370557309066
forecast_2860,2025-04-30 04:00:00,19316.736872152913,18996.781435517674,18942.445529598743
forecast_2861,2025-04-30 05:00:00,19214.125414360704,19150.70627291885,18691.708777360243
forecast_2862,2025-04-30 06:00:00,18848.877605422113,19160.470347387214,17671.182344811627
forecast_2863,2025-04-30 07:00:00,17398.155487109663,18425.143456933598,16711.04407047823
forecast_2864,2025-04-30 08:00:00,16626.877364618213,18326.247097320203,15457.931831739306
forecast_2865,2025-04-30 09:00:00,16470.190981455202,17604.901035571274,14869.182614491587
forecast_2866,2025-04-30 10:00:00,15032.782230015111,15730.601438403084,14848.479283190045
forecast_2867,2025-04-30 11:00:00,13881.768728398329,14531.926766913486,14146.475235071617
forecast_2868,2025-04-30 12:00:00,13027.577158813396,13989.000241714406,13836.255955724248
forecast_2869,2025-04-30 13:00:00,12245.293168290067,13315.198646340426,13351.16641483228
forecast_2870,2025-04-30 14:00:00,11442.499535663603,12324.76679444094,12197.483712137158
forecast_2871,2025-04-30 15:00:00,10805.93903732201,11847.59296854193,11405.229641603566
forecast_2872,2025-04-30 16:00:00,9798.942926420617,10523.985750142587,10405.733155195256
forecast_2873,2025-04-30 17:00:00,9202.471279663243,9323.290423660657,8533.799089155633
forecast_2874,2025-04-30 18:00:00,9137.17306124433,8396.323984819972,6876.889626909502
forecast_2875,2025-04-30 19:00:00,9083.918035088007,7944.64661250463,6823.7227068689035
forecast_2876,2025-04-30 20:00:00,8980.665077436282,8094.060573377192,7007.129312166121
forecast_2877,2025-04-30 21:00:00,9699.077745863488,8832.277520540089,7116.596816965437
forecast_2878,2025-04-30 22:00:00,11495.916422961978,10954.87067493054,8237.022513410226
forecast_2879,2025-04-30 23:00:00,11643.118640107843,12497.633005228716,9775.23751151647
forecast_2880,2025-05-01 00:00:00,12598.078043561018,14108.549141768453,11032.539358432407
forecast_2881,2025-05-01 01:00:00,13781.211362858146,15302.199908310668,12381.2734461337
forecast_2882,2025-05-01 02:00:00,14489.523100040728,15506.057822953453,13293.8704670686
forecast_2883,2025-05-01 03:00:00,15313.145841735231,16678.37062224378,14211.483931286743
forecast_2884,2025-05-01 04:00:00,15749.285733333634,17480.987016837225,15932.242607157199
forecast_2885,2025-05-01 05:00:00,16669.590586265687,17725.584089718883,16288.855208359731
forecast_2886,2025-05-01 06:00:00,16560.512574809694,18150.215723238558,16323.356468349863
forecast_2887,2025-05-01 07:00:00,17205.472514200228,18852.898265733715,17188.836233100068
forecast_2888,2025-05-01 08:00:00,17434.916271467097,18645.079041179444,16131.728837341556
forecast_2889,2025-05-01 09:00:00,17672.029393057503,18432.691170249764,16615.62969197197
forecast_2890,2025-05-01 10:00:00,17749.35239364596,18105.96268863947,16609.74274672829
forecast_2891,2025-05-01 11:00:00,17588.871628520206,18083.17495368725,17138.425207124415
forecast_2892,2025-05-01 12:00:00,17760.923773752555,18265.48499296455,17469.65092357979
forecast_2893,2025-05-01 13:00:00,17222.711502790768,17826.697675915715,17452.55495286824
forecast_2894,2025-05-01 14:00:00,16140.569730955758,17018.3432343631,17534.130488399678
forecast_2895,2025-05-01 15:00:00,16475.937456050073,17067.686036261566,17621.319924189425
forecast_2896,2025-05-01 16:00:00,16247.430914632116,17381.913095593933,16975.056569645534
forecast_2897,2025-05-01 17:00:00,15825.322729380723,17000.13194123411,15623.493132447744
forecast_2898,2025-05-01 18:00:00,14779.623468382826,15061.444400444807,13624.879137500226
forecast_2899,2025-05-01 19:00:00,14495.94905932193,15620.187051039065,12987.388997449963
forecast_2900,2025-05-01 20:00:00,14326.728538224472,16040.157598428348,12865.523273482182
forecast_2901,2025-05-01 21:00:00,13268.793398279528,15132.000334778395,11462.860678381567
forecast_2902,2025-05-01 22:00:00,15164.845662183838,16638.738419303118,13376.98889494816
forecast_2903,2025-05-01 23:00:00,16086.799759920768,17236.05468107045,15281.310626584376
forecast_2904,2025-05-02 00:00:00,16963.088975562678,17781.51831854733,16415.140572129596
forecast_2905,2025-05-02 01:00:00,17232.63835793275,18092.12761119865,16220.82070917974
forecast_2906,2025-05-02 02:00:00,17294.779468791967,18186.71256251468,15267.386166787683
forecast_2907,2025-05-02 03:00:00,16509.03663120495,17602.349600853966,14528.06356871019
forecast_2908,2025-05-02 04:00:00,17433.7764488648,17424.53520963456,15863.284270716325
forecast_2909,2025-05-02 05:00:00,17695.650683597247,17536.263377643016,16360.432294067607
forecast_2910,2025-05-02 06:00:00,17529.958588823207,17755.958196364525,15322.241106994847
forecast_2911,2025-05-02 07:00:00,16588.549380970017,16933.23140261399,14423.50873439421
forecast_2912,2025-05-02 08:00:00,15564.2201338657,15749.919038876236,11231.042670484288
forecast_2913,2025-05-02 09:00:00,14559.342198763594,13332.549951085351,10590.470314173286
forecast_2914,2025-05-02 10:00:00,12772.701702425651,11332.521531351626,9656.381537365443
forecast_2915,2025-05-02 11:00:00,11276.857285279983,9359.4348808023,7893.759230030923
forecast_2916,2025-05-02 12:00:00,10492.016170898743,8162.24094650587,6141.173141490192
forecast_2917,2025-05-02 13:00:00,9935.721752468791,7752.04095030225,6317.732413722828
forecast_2918,2025-05-02 14:00:00,10316.11748624607,8237.272987287963,6328.853020547092
forecast_2919,2025-05-02 15:00:00,9831.138991991553,8049.362599466857,5853.44764836559
forecast_2920,2025-05-02 16:00:00,9788.68993244957,7773.480961450252,5476.194021534116
forecast_2921,2025-05-02 17:00:00,9201.1703942031,7528.2847126178185,4938.269754659963
forecast_2922,2025-05-02 18:00:00,10309.135621051488,8152.868608701476,5855.285550579138
forecast_2923,2025-05-02 19:00:00,9946.119990608386,9288.845642255059,7010.1952228426535
forecast_2924,2025-05-02 20:00:00,11375.859794972108,10322.475487525171,9036.345565729425
forecast_2925,2025-05-02 21:00:00,12332.205014033676,11025.265919562513,11710.577487397111
forecast_2926,2025-05-02 22:00:00,12309.705056900324,12807.803382044081,12280.72843066728
forecast_2927,2025-05-02 23:00:00,14032.28634183473,13167.117670507838,12067.903238482715
forecast_2928,2025-05-03 00:00:00,12120.88610028511,11298.353658555,10325.22103289665
forecast_2929,2025-05-03 01:00:00,12565.032726595891,12519.676565923965,10714.618441886727
forecast_2930,2025-05-03 02:00:00,11935.464937004263,11676.232791455493,9991.25940559062
forecast_2931,2025-05-03 03:00:00,10977.094278979692,10638.5734745797,9060.168953087476
forecast_2932,2025-05-03 04:00:00,8752.276340020839,9241.251706386021,6406.795309105491
forecast_2933,2025-05-03 05:00:00,7715.986417095225,7893.541473850407,3688.209816953776
forecast_2934,2025-05-03 06:00:00,6668.664515131178,6986.518386140771,3646.933364385049
forecast_2935,2025-05-03 07:00:00,6065.007840893443,6511.967351010151,3716.19299245706
forecast_2936,2025-05-03 08:00:00,6562.7826723164035,4171.85040207545,3574.824135252265
forecast_2937,2025-05-03 09:00:00,7790.933403855727,7617.783957887183,3705.0873603195473
forecast_2938,2025-05-03 10:00:00,9673.053698113803,9412.885433737132,6157.0818572978815
forecast_2939,2025-05-03 11:00:00,10933.304390786616,12133.766685582128,8932.809661972884
forecast_2940,2025-05-03 12:00:00,13127.461889388098,12835.450249394667,11290.849555703564
forecast_2941,2025-05-03 13:00:00,14083.07174308353,14767.816044028974,12439.26171490916
forecast_2942,2025-05-03 14:00:00,14907.46042810886,14539.79230002292,11810.524711821581
forecast_2943,2025-05-03 15:00:00,15490.760862864394,14696.376330606656,12867.744727913636
forecast_2944,2025-05-03 16:00:00,14476.45069141204,13796.949569191816,10766.444261536708
forecast_2945,2025-05-03 17:00:00,13928.620041031903,13006.631957954234,10749.547511670591
forecast_2946,2025-05-03 18:00:00,14554.168261113078,14007.353728881506,10917.162507283681
forecast_2947,2025-05-03 19:00:00,15175.421517700326,15003.077371619713,11540.947211446382
forecast_2948,2025-05-03 20:00:00,14686.095600047054,14907.621873095479,13200.90525674228
forecast_2949,2025-05-03 21:00:00,14781.756947557098,14726.146731722827,11445.295196058805
forecast_2950,2025-05-03 22:00:00,14886.948044222483,14581.085126941267,11023.205889616944
forecast_2951,2025-05-03 23:00:00,14489.012007657271,14095.903111883717,11941.202157945503
forecast_2952,2025-05-04 00:00:00,15485.479180938326,14758.206056562778,14220.025583248225
forecast_2953,2025-05-04 01:00:00,15735.018638946665,15438.672835416839,15039.645384007123
forecast_2954,2025-05-04 02:00:00,14989.574704775172,15391.873816561523,15331.791761622335
forecast_2955,2025-05-04 03:00:00,15400.638835260223,14966.608657206069,13055.939583077366
forecast_2956,2025-05-04 04:00:00,16286.819840652064,15359.769007984976,11921.28329953083
forecast_2957,2025-05-04 05:00:00,16256.447281526336,15570.275316148109,12094.708345673713
forecast_2958,2025-05-04 06:00:00,15385.533537944078,15692.553289163658,11546.863658976188
forecast_2959,2025-05-04 07:00:00,15502.569570357144,15620.310998939738,11135.120884079824
forecast_2960,2025-05-04 08:00:00,15241.56130901228,16059.55282602784,10666.150061187716
forecast_2961,2025-05-04 09:00:00,14837.876933424388,14850.095295137884,10012.25041617978
forecast_2962,2025-05-04 10:00:00,14958.678867309194,14330.87164681547,9431.373393830912
forecast_2963,2025-05-04 11:00:00,14301.22983799319,14100.872980665707,9273.402302978946
forecast_2964,2025-05-04 12:00:00,14758.781417930742,15068.85326385903,9870.850643348784
forecast_2965,2025-05-04 13:00:00,15461.696293490984,16008.63872232101,13441.052633033685
forecast_2966,2025-05-04 14:00:00,17123.508305638486,17366.71370995057,14947.536748229548
forecast_2967,2025-05-04 15:00:00,17661.2244190828,17630.470757117517,15582.346717935518
forecast_2968,2025-05-04 16:00:00,17262.07362612886,17516.54510120076,14480.819650691872
forecast_2969,2025-05-04 17:00:00,15928.371401869545,16519.268125546234,10526.252846440082
forecast_2970,2025-05-04 18:00:00,15776.51895699225,16196.09715723495,10586.025227960274
forecast_2971,2025-05-04 19:00:00,14905.085241804838,14612.968917332355,10462.914607400788
forecast_2972,2025-05-04 20:00:00,14774.358304551513,13274.79196900424,10199.058546921764
forecast_2973,2025-05-04 21:00:00,14246.836738342807,12035.296235307296,8051.032377941198
forecast_2974,2025-05-04 22:00:00,10353.862356284311,10173.446946915697,6130.589298653758
forecast_2975,2025-05-04 23:00:00,4460.463535104781,7537.607316649735,3608.407251814896
forecast_2976,2025-05-05 00:00:00,3544.5555658674725,3661.2734266366847,3458.2629304405186
forecast_2977,2025-05-05 01:00:00,3647.248274033958,3841.3008709809196,3443.27115305764
forecast_2978,2025-05-05 02:00:00,3460.9875582386694,3463.0877298974024,3486.011334687167
forecast_2979,2025-05-05 03:00:00,3497.009689396164,3578.1161027828507,3469.66068918367
forecast_2980,2025-05-05 04:00:00,3424.227844567983,3432.7575328541307,3453.9832667708883
forecast_2981,2025-05-05 05:00:00,3396.4298135071417,3106.52558177667,3393.0425464157074
forecast_2982,2025-05-05 06:00:00,3191.4054757330805,2708.1797931549186,3375.281286492294
forecast_2983,2025-05-05 07:00:00,3223.2472885813368,2745.458133152649,3368.8363390459476
forecast_2984,2025-05-05 08:00:00,3164.361849086728,2664.9955072110038,3369.5872389612646
forecast_2985,2025-05-05 09:00:00,3140.907534192223,2559.440195125537,3370.5204014927535
forecast_2986,2025-05-05 10:00:00,3140.780846306003,2576.2252532829425,3370.320033006997
forecast_2987,2025-05-05 11:00:00,3137.321737213282,2578.868879253246,3364.6807483922394
forecast_2988,2025-05-05 12:00:00,3136.2250162780583,2548.688940789861,3364.8631399377537
forecast_2989,2025-05-05 13:00:00,3126.9147646391825,2533.870134369591,3371.2229258214556
forecast_2990,2025-05-05 14:00:00,3140.3030796140456,2562.2067948668155,3370.6970668374993
forecast_2991,2025-05-05 15:00:00,3142.3982551958366,2596.623625657368,3370.6864013452955
forecast_2992,2025-05-05 16:00:00,3154.3876572386434,2635.63783199408,3365.9555012631295
forecast_2993,2025-05-05 17:00:00,3175.799571396252,2688.2381157691593,3372.0604056628854
forecast_2994,2025-05-05 18:00:00,3268.5255037975685,2915.282811517095,3389.601276843375
forecast_2995,2025-05-05 19:00:00,3513.4759990546195,3382.9696880623455,3512.3165504318695
forecast_2996,2025-05-05 20:00:00,3553.869258761225,3558.2141242748253,3531.3096125111165
forecast_2997,2025-05-05 21:00:00,3629.2929706843374,3700.26773196172,3495.522470070339
forecast_2998,2025-05-05 22:00:00,5232.11653982174,6121.807709947828,3827.7186156362827
forecast_2999,2025-05-05 23:00:00,3531.8174228658377,3389.8534455856343,3504.430137027504
forecast_3000,2025-05-06 00:00:00,3561.2472423912463,3520.0656910497128,3464.9970386630844
forecast_3001,2025-05-06 01:00:00,3312.577887158518,2840.2160103410224,3379.032668856578
forecast_3002,2025-05-06 02:00:00,3278.3763347302897,2851.8501404688363,3384.842844398538
forecast_3003,2025-05-06 03:00:00,3300.823774477243,2860.6914368451453,3376.9972617824046
forecast_3004,2025-05-06 04:00:00,3236.3106176976553,2814.0901551923944,3378.40382220879
forecast_3005,2025-05-06 05:00:00,3288.9612003846155,2978.484291078821,3392.582219740403
forecast_3006,2025-05-06 06:00:00,3370.297771085209,3121.861467454824,3423.199490842003
forecast_3007,2025-05-06 07:00:00,3325.9135079276903,3080.538855937193,3390.7736666422857
forecast_3008,2025-05-06 08:00:00,3279.0629833025387,3088.536327356589,3423.534796705137
forecast_3009,2025-05-06 09:00:00,3229.5591064126424,2866.3300828277256,3417.965813682996
forecast_3010,2025-05-06 10:00:00,3186.1897341993435,2765.6920636060963,3370.6245666150285
forecast_3011,2025-05-06 11:00:00,3164.992626066584,2684.9114238081493,3365.822097577241
forecast_3012,2025-05-06 12:00:00,3161.6813916060587,2675.8687558276383,3368.6672041075894
forecast_3013,2025-05-06 13:00:00,3175.0166473305458,2718.756920805149,3395.700832282025
forecast_3014,2025-05-06 14:00:00,3161.8442002110046,2681.8775427396763,3380.7332281840654
forecast_3015,2025-05-06 15:00:00,3155.786761461004,2653.018989751832,3378.2555870782107
forecast_3016,2025-05-06 16:00:00,3171.043236664182,2762.84175315965,3367.259854286045
forecast_3017,2025-05-06 17:00:00,3165.18615289658,2726.9651817969766,3382.660110010459
forecast_3018,2025-05-06 18:00:00,3164.75858829695,2704.5409864963585,3378.2632926946544
forecast_3019,2025-05-06 19:00:00,3169.8465996613513,2615.154149896649,3386.1786578003
forecast_3020,2025-05-06 20:00:00,3194.864124142462,2710.67766756049,3398.48804735483
forecast_3021,2025-05-06 21:00:00,3257.142233899216,2681.7923800810136,3420.711197649614
forecast_3022,2025-05-06 22:00:00,3285.3298488769146,2927.3808360177604,3397.761810872047
forecast_3023,2025-05-06 23:00:00,3372.8122945598984,3212.9330895792154,3436.177761933699
forecast_3024,2025-05-07 00:00:00,3490.3677961194253,3472.627466238716,3436.0553332708923
forecast_3025,2025-05-07 01:00:00,3559.2709691998393,3406.4664104785597,3549.867373132166
forecast_3026,2025-05-07 02:00:00,3478.308092489375,3515.0344354529057,3659.421625392368
forecast_3027,2025-05-07 03:00:00,3528.6821856503507,3467.0140156784423,3579.6351475336874
forecast_3028,2025-05-07 04:00:00,3645.07686856705,3533.9753508774625,3616.929342621514
forecast_3029,2025-05-07 05:00:00,3658.743556285156,3558.4806491715226,3703.603287675139
forecast_3030,2025-05-07 06:00:00,6224.754716038115,4180.427301496937,3755.7649991888375
forecast_3031,2025-05-07 07:00:00,5451.478962404345,4420.104088236038,3555.2553414122585
forecast_3032,2025-05-07 08:00:00,3718.56465431877,3770.703975126036,3497.6945398534367
forecast_3033,2025-05-07 09:00:00,3478.350919468894,3319.641687295235,3444.7294866929446
forecast_3034,2025-05-07 10:00:00,3423.2102726244366,3232.6938466842385,3435.002576196875
forecast_3035,2025-05-07 11:00:00,3442.184672614436,3283.70200684362,3446.251477448741
forecast_3036,2025-05-07 12:00:00,3381.4708450779403,3227.113782046018,3408.64745306122
forecast_3037,2025-05-07 13:00:00,3368.0065234848703,3092.3699109773,3413.709652882989
forecast_3038,2025-05-07 14:00:00,3344.9560968904743,3053.127194782607,3418.793948612045
forecast_3039,2025-05-07 15:00:00,3310.5853244135847,2917.8865433097653,3396.074162599816
forecast_3040,2025-05-07 16:00:00,3255.816357691692,2774.6278499176096,3376.431713626126
forecast_3041,2025-05-07 17:00:00,3190.0251772765732,2680.1624812816267,3364.402874542695
forecast_3042,2025-05-07 18:00:00,3216.504171473729,2720.891425656491,3370.405743356021
forecast_3043,2025-05-07 19:00:00,3365.056242168905,3169.4329468994874,3403.24124283968
forecast_3044,2025-05-07 20:00:00,3619.591085358021,3765.212755691965,3489.6054882482463
forecast_3045,2025-05-07 21:00:00,7213.8780480662745,5897.002613216821,3903.818674999839
forecast_3046,2025-05-07 22:00:00,7846.9734101580225,6914.878841950337,4360.280615357763
forecast_3047,2025-05-07 23:00:00,9045.470882219006,9062.935703101139,4955.4351508734235
forecast_3048,2025-05-08 00:00:00,8423.261980211088,7757.938593036162,4430.501890177522
forecast_3049,2025-05-08 01:00:00,7141.303600428409,7461.160406779839,4256.213053745991
forecast_3050,2025-05-08 02:00:00,7326.349578876874,7967.991956481286,5458.308790179617
forecast_3051,2025-05-08 03:00:00,8796.403708533682,9287.300532915458,6810.486566671031
forecast_3052,2025-05-08 04:00:00,10593.98994870851,10110.945111321389,6966.351526343576
forecast_3053,2025-05-08 05:00:00,9685.821638073214,9024.022084593094,6414.809025645734
forecast_3054,2025-05-08 06:00:00,8473.779035389627,7173.865525248196,5278.779353256796
forecast_3055,2025-05-08 07:00:00,7856.4167334134345,5827.493886305698,3675.269764562138
forecast_3056,2025-05-08 08:00:00,3480.4055247991005,3262.461321133721,3439.2029242297012
forecast_3057,2025-05-08 09:00:00,3233.1898333680733,2878.830623519588,3389.7119121388323
forecast_3058,2025-05-08 10:00:00,3190.2516854745195,2751.325017423514,3393.799880512055
forecast_3059,2025-05-08 11:00:00,3188.0821901422746,2740.491772141504,3398.6549822211387
forecast_3060,2025-05-08 12:00:00,3221.300397571232,2828.1047445610925,3385.282514310633
forecast_3061,2025-05-08 13:00:00,3230.901776406133,2889.677080529148,3390.69012976583
forecast_3062,2025-05-08 14:00:00,3361.068281754473,3417.6901219020237,3506.4443581320916
forecast_3063,2025-05-08 15:00:00,3279.2581093334356,3108.160116904692,3673.9154272080805
forecast_3064,2025-05-08 16:00:00,3390.0699265625676,3470.7254402248814,3620.482024231066
forecast_3065,2025-05-08 17:00:00,3432.853437975436,3660.02410102969,3687.932209491294
forecast_3066,2025-05-08 18:00:00,3650.648840863006,3840.4322422466525,3660.8688495634524
forecast_3067,2025-05-08 19:00:00,5733.937251115875,4504.884155400476,3716.2560461932644
forecast_3068,2025-05-08 20:00:00,3493.2778699558794,3413.9251155038246,3449.897615350087
forecast_3069,2025-05-08 21:00:00,3655.942777255703,3794.5997646073815,3503.753765265629
forecast_3070,2025-05-08 22:00:00,4069.4734393388444,5613.9801131952145,3627.604708370164
forecast_3071,2025-05-08 23:00:00,5455.996539609746,5757.01133252546,3597.5122340260937
forecast_3072,2025-05-09 00:00:00,4820.768571643792,4103.800277941963,3601.7542528944505
forecast_3073,2025-05-09 01:00:00,6424.507406826729,7006.977232887062,4562.2695401338015
forecast_3074,2025-05-09 02:00:00,6675.202727928951,6881.867308873287,5107.085633409352
forecast_3075,2025-05-09 03:00:00,6427.589230408556,6458.324117468129,3742.4156431629517
forecast_3076,2025-05-09 04:00:00,5863.690478261901,6090.773504927913,3724.59980175288
forecast_3077,2025-05-09 05:00:00,3898.9724372611163,4820.2201968683075,3510.3005336804017
forecast_3078,2025-05-09 06:00:00,3739.3249923192925,4016.5706665200473,3523.8108005260483
forecast_3079,2025-05-09 07:00:00,4406.289257005249,3862.2255105669774,3455.090282844013
forecast_3080,2025-05-09 08:00:00,3663.4778436738648,3739.0476618401335,3430.784591886233
forecast_3081,2025-05-09 09:00:00,4319.585834706527,3780.8822338861364,3564.6190754623503
forecast_3082,2025-05-09 10:00:00,4971.229964013335,4985.118492417031,3670.298012374738
forecast_3083,2025-05-09 11:00:00,5429.93620262743,5511.337338519991,3733.498860992819
forecast_3084,2025-05-09 12:00:00,7888.674846872896,9570.863090641611,4816.394305457763
forecast_3085,2025-05-09 13:00:00,9084.094973235966,10757.115558889489,5693.368970395588
forecast_3086,2025-05-09 14:00:00,10123.301644764351,11823.11171350647,7778.82282431724
forecast_3087,2025-05-09 15:00:00,10715.617275552373,12218.742030229678,8734.228540438367
forecast_3088,2025-05-09 16:00:00,11328.71515955191,12345.566636768812,9330.57374300604
forecast_3089,2025-05-09 17:00:00,11513.6700529353,11817.066981221338,9279.336144806062
forecast_3090,2025-05-09 18:00:00,10185.611699034227,9943.629532095003,7733.0395072042165
forecast_3091,2025-05-09 19:00:00,9038.255272738425,8829.754935644189,6758.971288836037
forecast_3092,2025-05-09 20:00:00,7709.254032149754,7175.747282541135,5476.576156315391
forecast_3093,2025-05-09 21:00:00,6741.051053071553,6468.905339159359,3657.5079555955763
forecast_3094,2025-05-09 22:00:00,6550.152203055344,4081.1693219363647,3580.184303978938
forecast_3095,2025-05-09 23:00:00,8136.640800919766,7616.664130985931,3745.8519671830413
forecast_3096,2025-05-10 00:00:00,10133.94048029176,9913.21246248766,8007.592731718393
forecast_3097,2025-05-10 01:00:00,11599.98740726258,11925.763625624602,11235.577418000992
forecast_3098,2025-05-10 02:00:00,13502.124927557024,14793.852331196715,12577.783263441932
forecast_3099,2025-05-10 03:00:00,14513.717961431305,15955.864596161211,13632.014456382823
forecast_3100,2025-05-10 04:00:00,15539.697322823627,16784.016363352006,14760.70429144737
forecast_3101,2025-05-10 05:00:00,16105.656659292536,17083.171353366288,15513.810113940555
forecast_3102,2025-05-10 06:00:00,17167.003799399703,18414.76941380975,16148.732103311775
forecast_3103,2025-05-10 07:00:00,19411.040068356444,18687.35216095216,17815.089625090455
forecast_3104,2025-05-10 08:00:00,19520.85490724409,18574.515042177434,17987.974208388452
forecast_3105,2025-05-10 09:00:00,19232.261099068197,18858.32006327979,18140.456683572276
forecast_3106,2025-05-10 10:00:00,18833.067277902548,18514.783668667995,18219.78880910845
forecast_3107,2025-05-10 11:00:00,19055.689800377404,18586.569867478127,17921.33960970405
forecast_3108,2025-05-10 12:00:00,19137.0890058942,18324.702672272786,18159.52103611639
forecast_3109,2025-05-10 13:00:00,19002.642402236288,18154.470035371683,17844.07575762351
forecast_3110,2025-05-10 14:00:00,19020.71643849549,18290.89444301786,17809.941836914186
forecast_3111,2025-05-10 15:00:00,18974.404297555753,18191.297969834886,17437.380910416952
forecast_3112,2025-05-10 16:00:00,18061.14472771775,17939.501313527107,15464.92109854738
forecast_3113,2025-05-10 17:00:00,17684.006675392695,17550.98717164064,14835.417478968213
forecast_3114,2025-05-10 18:00:00,15939.606112692092,15909.73782369086,14127.791591589576
forecast_3115,2025-05-10 19:00:00,14158.015518926264,14751.520599142237,10765.325425974204
forecast_3116,2025-05-10 20:00:00,12981.911797381881,13944.674788702034,10284.224400622075
forecast_3117,2025-05-10 21:00:00,11933.469511634561,12902.584755621003,9627.850105262456
forecast_3118,2025-05-10 22:00:00,10978.141717280116,12000.279505863451,9047.467921108835
forecast_3119,2025-05-10 23:00:00,10981.960339159907,13551.554020707943,7471.643297179074
forecast_3120,2025-05-11 00:00:00,9314.050356529191,10119.424991691785,7089.594689315736
forecast_3121,2025-05-11 01:00:00,10503.313901325306,10738.446905149907,7439.205923349916
forecast_3122,2025-05-11 02:00:00,10422.730764217042,11577.13681965375,7429.241021803614
forecast_3123,2025-05-11 03:00:00,9363.442734607721,10295.487518912534,6780.868067932838
forecast_3124,2025-05-11 04:00:00,8465.408610684308,9731.2990613168,6299.680412621784
forecast_3125,2025-05-11 05:00:00,9594.342576276289,9344.637451545637,5818.89035170507
forecast_3126,2025-05-11 06:00:00,8820.964392748707,7476.9175087897465,4559.737102837233
forecast_3127,2025-05-11 07:00:00,8121.779093548441,6433.876821038652,3750.321782790756
forecast_3128,2025-05-11 08:00:00,3969.500127369112,5288.8075735192915,3622.659148011384
forecast_3129,2025-05-11 09:00:00,3534.582001906549,3436.339109716052,3425.310811830201
forecast_3130,2025-05-11 10:00:00,3409.315708976775,2956.7057863616888,3392.4340330844398
forecast_3131,2025-05-11 11:00:00,3358.6874639980438,3055.5088709461866,3412.214536462026
forecast_3132,2025-05-11 12:00:00,3269.371061269967,2897.0328720163966,3400.634616927144
forecast_3133,2025-05-11 13:00:00,3315.399126227896,3019.0196342072727,3423.460414254738
forecast_3134,2025-05-11 14:00:00,3517.81152519882,3419.0167086779065,3452.8885989269625
forecast_3135,2025-05-11 15:00:00,3507.1255244384456,3490.0515652714193,3584.124399066207
forecast_3136,2025-05-11 16:00:00,3700.636826769671,3790.454347024832,3553.7907466437136
forecast_3137,2025-05-11 17:00:00,4964.915825106421,4740.5519372486215,3758.130356970228
forecast_3138,2025-05-11 18:00:00,4503.42133844822,4339.028944208623,3183.629735338911
forecast_3139,2025-05-11 19:00:00,5910.610413870025,5551.244249519629,4008.4466172329126
forecast_3140,2025-05-11 20:00:00,7869.461918527342,7475.9013796976415,5233.449680598232
forecast_3141,2025-05-11 21:00:00,10165.512492018866,10031.094513573962,7401.139354059019
forecast_3142,2025-05-11 22:00:00,13526.661762437388,14118.351316580522,10348.151602575286
forecast_3143,2025-05-11 23:00:00,14860.925482148758,15022.896544398669,11432.419318199753
forecast_3144,2025-05-12 00:00:00,14995.279495563793,15784.1787090095,12581.638843375478
forecast_3145,2025-05-12 01:00:00,14301.348197203772,15552.062820328043,11760.324907999027
forecast_3146,2025-05-12 02:00:00,15095.734209987337,15874.140453853572,12191.098425126447
forecast_3147,2025-05-12 03:00:00,14494.504984968191,15907.042305033025,12518.990426210787
forecast_3148,2025-05-12 04:00:00,14820.992435516418,15609.4552443721,12942.22621863473
forecast_3149,2025-05-12 05:00:00,15135.653193589256,15955.188919627497,13192.5685927154
forecast_3150,2025-05-12 06:00:00,13857.111935132954,15866.0112936975,11445.193639445513
forecast_3151,2025-05-12 07:00:00,13851.874708371908,15482.808619638146,11271.760215724358
forecast_3152,2025-05-12 08:00:00,13324.450253207215,14216.646433902115,10111.199513039268
forecast_3153,2025-05-12 09:00:00,12450.554199999899,11322.250791280137,8374.52900022142
forecast_3154,2025-05-12 10:00:00,10484.66126241222,9614.075165698336,7140.913729721175
forecast_3155,2025-05-12 11:00:00,8178.584375966444,7386.53136980387,5991.174468623052
forecast_3156,2025-05-12 12:00:00,8553.982270090768,7970.823645975015,5665.354280744754
forecast_3157,2025-05-12 13:00:00,9185.828968925653,8422.699554552732,7532.385315890124
forecast_3158,2025-05-12 14:00:00,8275.04450954432,7859.771409585185,6512.146439401273
forecast_3159,2025-05-12 15:00:00,8230.433669240938,7785.761447216002,6365.074038146338
forecast_3160,2025-05-12 16:00:00,8666.591208508671,8372.649947182374,6398.269020510518
forecast_3161,2025-05-12 17:00:00,9353.337208101651,9135.137432165591,7017.570213328385
forecast_3162,2025-05-12 18:00:00,10919.396324773394,10299.547554769893,8617.192803602371
forecast_3163,2025-05-12 19:00:00,13140.377325998248,13876.596785529462,11765.851352736106
forecast_3164,2025-05-12 20:00:00,14453.354773483643,15252.65288041283,13472.211140980688
forecast_3165,2025-05-12 21:00:00,16409.324284400813,16578.009635943097,15972.247289663168
forecast_3166,2025-05-12 22:00:00,17776.638742631316,17372.49480111521,17861.318813830967
forecast_3167,2025-05-12 23:00:00,18717.782677992254,17876.074217903773,18243.147687804663
forecast_3168,2025-05-13 00:00:00,18636.0929033051,18285.535683349546,18740.85620617782
forecast_3169,2025-05-13 01:00:00,19779.049782388094,18833.55171608942,19055.49427535197
forecast_3170,2025-05-13 02:00:00,20172.742376783353,18766.34791015288,19145.411072938008
forecast_3171,2025-05-13 03:00:00,19727.356182545478,18630.356623275587,19157.275413296156
forecast_3172,2025-05-13 04:00:00,19232.482038299513,18674.918322588645,18813.60281123075
forecast_3173,2025-05-13 05:00:00,19301.542755416733,18709.285502252842,19169.640792786133
forecast_3174,2025-05-13 06:00:00,18357.558463555688,18516.37404494462,18069.760143290263
forecast_3175,2025-05-13 07:00:00,17620.215126946787,17699.45464242521,16915.51856678341
forecast_3176,2025-05-13 08:00:00,16907.785746603247,17558.823976143867,16130.410462563132
forecast_3177,2025-05-13 09:00:00,16957.124465954446,17392.442516366984,15605.81632310961
forecast_3178,2025-05-13 10:00:00,16568.01124147685,16769.181068304213,15021.92959211307
forecast_3179,2025-05-13 11:00:00,15154.148528058848,15925.335121776565,14690.060492222867
forecast_3180,2025-05-13 12:00:00,14695.999067960538,15574.479744683213,14567.3135111412
forecast_3181,2025-05-13 13:00:00,14316.653467163831,15138.301568562718,14224.287376158005
forecast_3182,2025-05-13 14:00:00,13522.090681034795,14723.762491370127,13663.854376568357
forecast_3183,2025-05-13 15:00:00,13437.459464257963,14373.600095418748,13534.085758413235
forecast_3184,2025-05-13 16:00:00,13694.031153644904,14368.790674275382,14335.886627972119
forecast_3185,2025-05-13 17:00:00,13962.631811201427,14971.374350689284,14970.02450096718
forecast_3186,2025-05-13 18:00:00,13858.014118503055,15819.07288461294,15479.381269415293
forecast_3187,2025-05-13 19:00:00,15354.777273497566,16734.710097793504,17190.114853023264
forecast_3188,2025-05-13 20:00:00,17194.54329612788,17437.725026212574,17771.90292945063
forecast_3189,2025-05-13 21:00:00,18147.328223709137,17789.762521030694,18240.376158323183
forecast_3190,2025-05-13 22:00:00,18564.222253227166,18381.744516355207,18943.083958877753
forecast_3191,2025-05-13 23:00:00,18740.388465714797,18431.62583057438,18635.850252036464
forecast_3192,2025-05-14 00:00:00,19145.417059001087,18408.822539668687,18692.123811258887
forecast_3193,2025-05-14 01:00:00,18609.195115125352,18576.569083537157,18891.18992371435
forecast_3194,2025-05-14 02:00:00,19591.440710731593,18727.637230017604,19088.908973181067
forecast_3195,2025-05-14 03:00:00,19604.511129123992,18582.32407676995,18973.143038955637
forecast_3196,2025-05-14 04:00:00,18975.973578910784,18565.98990744053,18895.97681347922
forecast_3197,2025-05-14 05:00:00,19085.245464402145,18475.640233651648,18410.90669698923
forecast_3198,2025-05-14 06:00:00,18191.65464661772,18128.238552974126,16770.807976061562
forecast_3199,2025-05-14 07:00:00,16119.952170037377,16508.43204430123,13787.718036839753
forecast_3200,2025-05-14 08:00:00,14278.52990521554,14184.06332475705,11014.217690120695
forecast_3201,2025-05-14 09:00:00,12806.552944003603,11627.615756067466,8951.525752966998
forecast_3202,2025-05-14 10:00:00,9527.213220656073,8092.979205574091,7553.3180821121705
forecast_3203,2025-05-14 11:00:00,7525.6722834867205,6403.678215546166,6135.669612407314
forecast_3204,2025-05-14 12:00:00,6550.682766962896,5318.954562231875,4998.120682488798
forecast_3205,2025-05-14 13:00:00,6423.963795294439,5018.960119856348,5131.218079311767
forecast_3206,2025-05-14 14:00:00,3985.1644645650695,5100.869168043332,5467.902352883678
forecast_3207,2025-05-14 15:00:00,6306.626277063049,5184.990311823071,5591.8997355459005
forecast_3208,2025-05-14 16:00:00,6587.036535961663,5625.739676836607,5140.863796825999
forecast_3209,2025-05-14 17:00:00,6955.208916148891,6206.070849576155,5008.261450487149
forecast_3210,2025-05-14 18:00:00,7569.797151047362,6363.647965491871,4670.288847052543
forecast_3211,2025-05-14 19:00:00,8596.743096256365,8409.638986843607,5211.223280410677
forecast_3212,2025-05-14 20:00:00,9468.997621852568,9537.83230301401,5337.3430098603
forecast_3213,2025-05-14 21:00:00,9206.308936772792,8973.22210567396,5335.807260079027
forecast_3214,2025-05-14 22:00:00,9859.394931231143,11613.459835775262,6798.528546318179
forecast_3215,2025-05-14 23:00:00,9439.144915205801,11880.967868152078,6917.822719783125
forecast_3216,2025-05-15 00:00:00,11125.335252410472,12767.587630197697,8053.451697367849
forecast_3217,2025-05-15 01:00:00,12242.299521128596,13651.878858609603,9300.766504479032
forecast_3218,2025-05-15 02:00:00,12124.55162167547,13969.334543742993,10036.588882048072
forecast_3219,2025-05-15 03:00:00,12005.739558025462,14173.335311063413,10341.808556351843
forecast_3220,2025-05-15 04:00:00,13842.00172305621,15243.663363094269,11867.7746217454
forecast_3221,2025-05-15 05:00:00,13675.08287578636,15889.470149474764,12529.732986035082
forecast_3222,2025-05-15 06:00:00,14821.589502271077,15557.698539338091,13752.859435284909
forecast_3223,2025-05-15 07:00:00,16315.015882649242,17268.196499097485,15083.583137593372
forecast_3224,2025-05-15 08:00:00,17992.078861346923,17844.359667293495,16834.52114350644
forecast_3225,2025-05-15 09:00:00,17549.83984343127,17791.248306039022,16427.868416740523
forecast_3226,2025-05-15 10:00:00,17667.02014761327,17353.282542006385,16281.775898983247
forecast_3227,2025-05-15 11:00:00,16562.361332783406,16843.747490611488,15833.136671032771
forecast_3228,2025-05-15 12:00:00,15756.073871729388,16844.887945546576,15247.692227824604
forecast_3229,2025-05-15 13:00:00,17202.508812968896,17205.66005546616,16590.15265317528
forecast_3230,2025-05-15 14:00:00,17345.120634707335,17479.082197841675,17557.37061318513
forecast_3231,2025-05-15 15:00:00,16651.778012469706,17045.502943927117,17219.1118317459
forecast_3232,2025-05-15 16:00:00,14686.081761034047,16397.068689996802,16415.290220424897
forecast_3233,2025-05-15 17:00:00,14701.937159044533,16221.361113123843,16281.681370132635
forecast_3234,2025-05-15 18:00:00,15433.277498232743,16741.71810047294,16902.90880487345
forecast_3235,2025-05-15 19:00:00,16565.697692051795,17310.08754960329,17368.699960113234
forecast_3236,2025-05-15 20:00:00,16707.215077587698,17356.70168236171,17447.59156345686
forecast_3237,2025-05-15 21:00:00,16821.291556103275,17521.653078574633,17859.87520647531
forecast_3238,2025-05-15 22:00:00,17427.718218383478,17796.69712953016,18191.31695061045
forecast_3239,2025-05-15 23:00:00,17040.40494291647,17399.872223568684,17855.548712211956
forecast_3240,2025-05-16 00:00:00,17134.21345100739,17496.842588018015,17464.072952595583
forecast_3241,2025-05-16 01:00:00,16254.293355679316,17357.343283198006,18153.83202519638
forecast_3242,2025-05-16 02:00:00,16937.773320454926,17515.47962248928,18600.732446236023
forecast_3243,2025-05-16 03:00:00,16481.411819854493,17567.31050431537,18027.42805230375
forecast_3244,2025-05-16 04:00:00,16622.483118637843,17439.85751635389,18466.57450775822
forecast_3245,2025-05-16 05:00:00,16129.361394064259,17092.885347368992,17881.33188131684
forecast_3246,2025-05-16 06:00:00,15913.259295963826,16889.47826108872,16392.84729774557
forecast_3247,2025-05-16 07:00:00,15447.187325949715,16236.490754864848,15075.679798703022
forecast_3248,2025-05-16 08:00:00,15267.529776404877,16415.92249741801,14661.148645937805
forecast_3249,2025-05-16 09:00:00,13928.152442328812,15691.281043876555,13806.762800222099
forecast_3250,2025-05-16 10:00:00,12048.253400507941,13845.553100989553,12784.681691516524
forecast_3251,2025-05-16 11:00:00,11726.127199336863,11704.502147907864,11435.448371492466
forecast_3252,2025-05-16 12:00:00,10752.87655363918,11001.652561537976,10139.745643307619
forecast_3253,2025-05-16 13:00:00,10560.699692664102,11011.99943282329,8189.71487884381
forecast_3254,2025-05-16 14:00:00,9415.882966343836,9327.148821387176,7800.7979945653915
forecast_3255,2025-05-16 15:00:00,7812.334783063382,7911.133518022186,6602.803452770055
forecast_3256,2025-05-16 16:00:00,4392.116647185975,7086.944006254763,6804.023990288632
forecast_3257,2025-05-16 17:00:00,4283.232859605848,6645.475845335089,3638.161366454698
forecast_3258,2025-05-16 18:00:00,4285.251951477294,6966.1949594327725,3722.5419423528924
forecast_3259,2025-05-16 19:00:00,4136.286980833076,6209.080363259611,3635.7956301629674
forecast_3260,2025-05-16 20:00:00,4144.645023491634,6029.964869741665,3652.5901771638028
forecast_3261,2025-05-16 21:00:00,5287.7681247378205,4944.7479927992945,3571.061103665832
forecast_3262,2025-05-16 22:00:00,4500.1568229173245,3836.52890217201,3520.643862622786
forecast_3263,2025-05-16 23:00:00,4744.073054804967,5243.258219561565,3710.871801593134
forecast_3264,2025-05-17 00:00:00,3641.7998183765853,3908.8363218564855,3546.8347901733964
forecast_3265,2025-05-17 01:00:00,4606.3104905968285,4528.20244294285,3564.2333574227696
forecast_3266,2025-05-17 02:00:00,3710.647461573119,4012.71014868271,3552.53452986113
forecast_3267,2025-05-17 03:00:00,3510.690298489726,3383.4966826308196,3690.5947824986274
forecast_3268,2025-05-17 04:00:00,3652.1146464917033,3679.4819825817744,3754.206122021026
forecast_3269,2025-05-17 05:00:00,3542.3443142212013,3567.480611897986,3488.4349631262166
forecast_3270,2025-05-17 06:00:00,3410.178457518082,3293.727435601385,3413.002737029161
forecast_3271,2025-05-17 07:00:00,3292.256351515095,3138.7066442538885,3384.2107591430754
forecast_3272,2025-05-17 08:00:00,3493.9689925346306,3580.869981831217,3431.417812785722
forecast_3273,2025-05-17 09:00:00,5373.082410423114,4145.789138004192,3743.9548774765008
forecast_3274,2025-05-17 10:00:00,5287.66195647147,3987.9034520436167,3581.115572419293
forecast_3275,2025-05-17 11:00:00,5481.723245841425,5462.90863795079,3410.869080797231
forecast_3276,2025-05-17 12:00:00,7675.971255788396,7663.943231590991,6143.027807030403
forecast_3277,2025-05-17 13:00:00,11053.306174387388,9204.756429007697,8720.436881828184
forecast_3278,2025-05-17 14:00:00,12625.872498948193,11691.103746772453,12816.512749015752
forecast_3279,2025-05-17 15:00:00,13841.566513011214,14235.530920357598,14091.742452072664
forecast_3280,2025-05-17 16:00:00,15433.039308869364,16007.251882859044,15055.680392362316
forecast_3281,2025-05-17 17:00:00,17017.917151204896,17880.316400993932,17078.46760717049
forecast_3282,2025-05-17 18:00:00,18347.457038214667,18447.32070536537,17974.975387014565
forecast_3283,2025-05-17 19:00:00,18684.85138835347,18669.390787889562,18015.234814866806
forecast_3284,2025-05-17 20:00:00,19102.198185618687,18665.32656156547,17964.201456291517
forecast_3285,2025-05-17 21:00:00,19393.55847717805,18808.296781433102,18352.885850991937
forecast_3286,2025-05-17 22:00:00,19632.517198213685,19122.300396076786,18480.27558778023
forecast_3287,2025-05-17 23:00:00,19779.238652777727,19324.02806306076,18282.08303969968
forecast_3288,2025-05-18 00:00:00,19132.382539639762,18937.03981489959,16569.19384308585
forecast_3289,2025-05-18 01:00:00,18595.120749075715,18586.435070089585,16881.403098226034
forecast_3290,2025-05-18 02:00:00,17751.994505853654,17880.444995675527,15429.766150142968
forecast_3291,2025-05-18 03:00:00,16200.234610615997,16179.015174799171,11327.53830814292
forecast_3292,2025-05-18 04:00:00,14413.594358829298,14568.957993946255,9227.772810942859
forecast_3293,2025-05-18 05:00:00,13593.118221499633,13117.437618623515,10319.640797766528
forecast_3294,2025-05-18 06:00:00,9580.273857824795,9684.607112673324,6812.3324103117075
forecast_3295,2025-05-18 07:00:00,3695.179751256286,3817.5747727809003,3546.4273442616927
forecast_3296,2025-05-18 08:00:00,3454.0856022624407,3159.79069625334,3447.907136143609
forecast_3297,2025-05-18 09:00:00,3354.6755350515205,2845.9251314226963,3437.1544077783865
forecast_3298,2025-05-18 10:00:00,3255.6699720046176,2714.4038024699576,3404.908528619768
forecast_3299,2025-05-18 11:00:00,3307.2879091964855,2855.2031495706306,3435.1301448553463
forecast_3300,2025-05-18 12:00:00,3443.8025539407836,3322.2713165393757,3458.8802034028135
forecast_3301,2025-05-18 13:00:00,4751.049143574369,3622.9948124696966,3490.355515489812
forecast_3302,2025-05-18 14:00:00,5497.194499740751,3633.512138395802,3579.9952944777924
forecast_3303,2025-05-18 15:00:00,6315.930183698286,4242.8617685320005,3705.193712812101
forecast_3304,2025-05-18 16:00:00,6534.001169010875,5197.7804137815365,3641.7808194313793
forecast_3305,2025-05-18 17:00:00,8339.837407244673,6697.086059314922,4574.994236695331
forecast_3306,2025-05-18 18:00:00,8853.057991222227,7099.1818694560725,5144.5920845534165
forecast_3307,2025-05-18 19:00:00,10530.253939419355,8507.45479005508,7264.970121312103
forecast_3308,2025-05-18 20:00:00,11491.180262224829,10101.895896855165,10362.003980070269
forecast_3309,2025-05-18 21:00:00,12385.654300377264,11009.556577291718,12227.059458477834
forecast_3310,2025-05-18 22:00:00,13058.049429239116,12991.584318148842,13134.165096432063
forecast_3311,2025-05-18 23:00:00,12939.571435494221,12444.165395883661,12007.655200821853
forecast_3312,2025-05-19 00:00:00,13400.240272846913,12923.736333997262,10921.597452496912
forecast_3313,2025-05-19 01:00:00,12096.680344600736,13539.889739285978,9448.10936024693
forecast_3314,2025-05-19 02:00:00,11938.192901516204,13112.388941735206,8209.519490032355
forecast_3315,2025-05-19 03:00:00,10315.773118730966,11519.416153612488,6778.2796088424375
forecast_3316,2025-05-19 04:00:00,10238.87101375159,10436.34186179088,6812.440356659168
forecast_3317,2025-05-19 05:00:00,10443.1097366273,10937.694688345659,6998.811352203736
forecast_3318,2025-05-19 06:00:00,10951.096543115988,12833.184585897461,7088.707009264294
forecast_3319,2025-05-19 07:00:00,12665.912554948933,14405.77306012714,8286.480681996898
forecast_3320,2025-05-19 08:00:00,13148.06043548044,14660.367951872797,10722.711757054216
forecast_3321,2025-05-19 09:00:00,12444.931449781323,14562.123506031126,12415.533455625316
forecast_3322,2025-05-19 10:00:00,13361.784031140138,14463.370008849928,13743.743439373124
forecast_3323,2025-05-19 11:00:00,14815.109347365706,15294.482143847183,15086.153629373983
forecast_3324,2025-05-19 12:00:00,16077.611057365779,17362.11444884516,16328.414163005196
forecast_3325,2025-05-19 13:00:00,16942.73981580823,17989.696504526295,17141.49025883121
forecast_3326,2025-05-19 14:00:00,17414.329616385086,18188.771360918403,17280.52294176127
forecast_3327,2025-05-19 15:00:00,17298.638972254914,18287.80481842976,17082.24823370775
forecast_3328,2025-05-19 16:00:00,17596.571028497703,18151.36155415938,17106.798634366773
forecast_3329,2025-05-19 17:00:00,18145.534014243283,18088.53223624461,17230.41847883599
forecast_3330,2025-05-19 18:00:00,18025.94230390743,18070.87180806139,17595.3909598347
forecast_3331,2025-05-19 19:00:00,18559.92484499721,18328.557167791125,17909.434646897036
forecast_3332,2025-05-19 20:00:00,18758.658192586216,18328.4009158109,17806.114279990747
forecast_3333,2025-05-19 21:00:00,18781.337204181287,18548.111813385996,18248.962558451654
forecast_3334,2025-05-19 22:00:00,19251.8885586221,18872.249117807383,18589.09837439567
forecast_3335,2025-05-19 23:00:00,18887.06669379276,18702.886504216087,18732.773292998358
forecast_3336,2025-05-20 00:00:00,18844.50254262846,18516.37059125014,18501.623563207366
forecast_3337,2025-05-20 01:00:00,18691.57901510836,18561.67282254918,18772.429210777213
forecast_3338,2025-05-20 02:00:00,18625.92763293292,18621.315745242595,18935.201143986626
forecast_3339,2025-05-20 03:00:00,18893.0067944248,18208.614809920095,18624.832393724842
forecast_3340,2025-05-20 04:00:00,19339.242423345768,18393.435775432023,18879.638717691556
forecast_3341,2025-05-20 05:00:00,19231.646214977933,18402.693713736586,18824.300752371386
forecast_3342,2025-05-20 06:00:00,18639.633666957398,18001.482619757055,17394.698472140237
forecast_3343,2025-05-20 07:00:00,18374.54134662833,18082.858436530736,17276.17287162796
forecast_3344,2025-05-20 08:00:00,17824.2592877596,17929.27991776684,17212.148831267692
forecast_3345,2025-05-20 09:00:00,17634.407996134072,17639.413317123777,16426.689468485532
forecast_3346,2025-05-20 10:00:00,15951.491783263855,15109.582398008717,15502.724348236092
forecast_3347,2025-05-20 11:00:00,14093.474832635491,13286.800541669027,14928.263204537085
forecast_3348,2025-05-20 12:00:00,13055.694238184755,13305.858233911611,14257.262223742784
forecast_3349,2025-05-20 13:00:00,12239.75776201912,13204.058761018723,14418.071026532278
forecast_3350,2025-05-20 14:00:00,13329.496681738716,14011.592213757804,14820.057733362131
forecast_3351,2025-05-20 15:00:00,13312.347401034007,14569.738172206171,15418.179676267968
forecast_3352,2025-05-20 16:00:00,13808.747759387115,14756.281149769491,15810.732316671434
forecast_3353,2025-05-20 17:00:00,13902.639364831242,15042.523096246467,16418.32614800067
forecast_3354,2025-05-20 18:00:00,14862.85162722703,15843.923638213724,16230.864327001465
forecast_3355,2025-05-20 19:00:00,15904.227101065611,16432.521478441467,15998.35302643584
forecast_3356,2025-05-20 20:00:00,15844.977631585829,16734.213361944156,16973.317918616274
forecast_3357,2025-05-20 21:00:00,15590.339582534183,16999.08226172505,18140.132828542046
forecast_3358,2025-05-20 22:00:00,16074.07561610863,17679.235284855513,17770.01524758407
forecast_3359,2025-05-20 23:00:00,16596.012261580632,17635.02076005042,17965.91356807392
forecast_3360,2025-05-21 00:00:00,16938.74002827649,17485.364844088002,18300.20662566705
forecast_3361,2025-05-21 01:00:00,17146.095830447157,16988.434655622164,17700.64385403533
forecast_3362,2025-05-21 02:00:00,17009.30546202514,16986.091125566247,17531.101431245064
forecast_3363,2025-05-21 03:00:00,16824.7181880033,16856.067067173983,17104.085178996516
forecast_3364,2025-05-21 04:00:00,15031.970457232084,15640.80884202913,15804.04743331693
forecast_3365,2025-05-21 05:00:00,13179.39903308242,14330.06656667087,15946.535132520985
forecast_3366,2025-05-21 06:00:00,11806.120442789988,11848.076776223048,12457.284626041404
forecast_3367,2025-05-21 07:00:00,8727.43642794699,7636.121509482239,8379.742238148654
forecast_3368,2025-05-21 08:00:00,3568.300189408931,3893.7141834947834,3643.716438642554
forecast_3369,2025-05-21 09:00:00,3264.0678618132224,3143.6747162258775,3470.3862057919005
forecast_3370,2025-05-21 10:00:00,3232.7216984634433,2986.531621393081,3414.346898138316
forecast_3371,2025-05-21 11:00:00,3238.740496741201,3049.819630920192,3404.790994386356
forecast_3372,2025-05-21 12:00:00,3231.514959166668,3023.171221721251,3422.4217986894328
forecast_3373,2025-05-21 13:00:00,3200.1314543155863,2880.977083667333,3420.6076570549385
forecast_3374,2025-05-21 14:00:00,3211.458167847785,2921.0562958075034,3424.4687387054923
forecast_3375,2025-05-21 15:00:00,3197.799138082963,2873.52595301256,3419.9316537135487
forecast_3376,2025-05-21 16:00:00,3174.414403218553,2765.296224122343,3383.5953219465296
forecast_3377,2025-05-21 17:00:00,3155.3437097160377,2661.7970993810127,3370.5909553896036
forecast_3378,2025-05-21 18:00:00,3183.6157598739774,2769.1085046875783,3370.9972254043014
forecast_3379,2025-05-21 19:00:00,3198.813228934083,2825.2414039344294,3364.546013282457
forecast_3380,2025-05-21 20:00:00,3238.5445377098695,2993.587243091087,3365.924437116791
forecast_3381,2025-05-21 21:00:00,3227.5691184077477,2925.350220175868,3363.556080205719
forecast_3382,2025-05-21 22:00:00,3268.7382841483322,3097.2590583441174,3362.9277410988884
forecast_3383,2025-05-21 23:00:00,3182.087294091066,2682.7653194110153,3362.972365506271
forecast_3384,2025-05-22 00:00:00,3153.1817992524584,2601.7076896127846,3363.5943874603217
forecast_3385,2025-05-22 01:00:00,3217.2607496848145,2908.6607578227236,3366.5781095101597
forecast_3386,2025-05-22 02:00:00,3199.455026652601,2864.8843337625012,3365.2510007532373
forecast_3387,2025-05-22 03:00:00,3292.405411943266,3006.3068314388993,3377.111314144346
forecast_3388,2025-05-22 04:00:00,3390.7853821063077,3169.2866340966484,3379.9470995527727
forecast_3389,2025-05-22 05:00:00,3288.321858534841,3079.7329461423346,3405.6254353553772
forecast_3390,2025-05-22 06:00:00,3252.6058351578176,3040.4668861752198,3404.1775758107797
forecast_3391,2025-05-22 07:00:00,3171.6916430260912,2726.570881563234,3382.219224516558
forecast_3392,2025-05-22 08:00:00,3177.7091684692846,2763.011873419421,3372.9419743200756
forecast_3393,2025-05-22 09:00:00,3345.5417767368663,3364.84010837603,3408.0775512656533
forecast_3394,2025-05-22 10:00:00,3648.2290554888623,3610.2342963606775,3463.235765018678
forecast_3395,2025-05-22 11:00:00,3644.347944475805,3676.7173901801266,3636.3049984802965
forecast_3396,2025-05-22 12:00:00,3675.6275576443268,3796.42423483331,3508.1513449650834
forecast_3397,2025-05-22 13:00:00,3675.4394471326164,3700.0776366669843,3447.8920407896208
forecast_3398,2025-05-22 14:00:00,3606.862166127099,3531.102637728532,3423.285688814661
forecast_3399,2025-05-22 15:00:00,3444.5844876441934,3279.9241074176716,3421.1678765607458
forecast_3400,2025-05-22 16:00:00,3266.290855317926,2905.3569995787657,3388.0225385912477
forecast_3401,2025-05-22 17:00:00,3194.1172781897517,2743.142482669625,3372.7854891571083
forecast_3402,2025-05-22 18:00:00,3183.907601295243,2776.4445316862775,3370.0938085450525
forecast_3403,2025-05-22 19:00:00,3209.7849468593313,2779.6518388397044,3377.955457587282
forecast_3404,2025-05-22 20:00:00,3252.2882173383464,2904.4965334407407,3379.8895483263655
forecast_3405,2025-05-22 21:00:00,3393.8952182591006,2967.115500461968,3380.134108510024
forecast_3406,2025-05-22 22:00:00,3512.702182141196,3400.2692198864306,3383.633631050137
forecast_3407,2025-05-22 23:00:00,3560.859804804794,3415.4010143274145,3391.3814518340737
forecast_3408,2025-05-23 00:00:00,3707.4525482117256,3795.984228989801,3424.8398692684254
forecast_3409,2025-05-23 01:00:00,3986.0617574025564,3602.713510648831,3405.4414932926134
forecast_3410,2025-05-23 02:00:00,4044.6558561777006,3541.325779280766,3388.304063577415
forecast_3411,2025-05-23 03:00:00,4035.1435905735198,3786.533676728888,3393.7300639417344
forecast_3412,2025-05-23 04:00:00,4224.133259964957,3818.5948535467596,3406.2758568473478
forecast_3413,2025-05-23 05:00:00,4291.356861434832,3755.6556209006244,3396.0048160643514
forecast_3414,2025-05-23 06:00:00,3684.7263706257922,3775.2444436147566,3395.0748351627817
forecast_3415,2025-05-23 07:00:00,4575.320150169557,3826.583598563196,3439.0609615587246
forecast_3416,2025-05-23 08:00:00,3947.4232113655025,3785.9531574386006,3455.101863697791
forecast_3417,2025-05-23 09:00:00,3621.08726736995,3711.6953016216216,3436.3666282998156
forecast_3418,2025-05-23 10:00:00,3558.3389376526047,3272.4074049888814,3411.291737087943
forecast_3419,2025-05-23 11:00:00,3552.0764135238296,3337.315599601723,3414.6418501554826
forecast_3420,2025-05-23 12:00:00,3554.540158543996,3344.5961622422196,3403.6972955935785
forecast_3421,2025-05-23 13:00:00,3543.3044894437853,3274.5181792330077,3411.806212461427
forecast_3422,2025-05-23 14:00:00,3463.7194238831194,3334.3601218319136,3415.8850559039215
forecast_3423,2025-05-23 15:00:00,3344.245005096353,3226.6289946595393,3406.172023986869
forecast_3424,2025-05-23 16:00:00,3367.4851537257314,3266.409274043618,3399.5373628905027
forecast_3425,2025-05-23 17:00:00,3425.882882622977,3298.676324101844,3412.204697480922
forecast_3426,2025-05-23 18:00:00,3675.4695899165495,3631.586896654303,3452.1482477255895
forecast_3427,2025-05-23 19:00:00,3697.789930015402,3655.9769227291586,3443.5525393987436
forecast_3428,2025-05-23 20:00:00,4371.444614984977,4143.846243063044,3573.1612067400188
forecast_3429,2025-05-23 21:00:00,5115.2895644825,4402.775651128755,3737.904475973344
forecast_3430,2025-05-23 22:00:00,5725.10364736287,4783.026124580966,3758.5147845780707
forecast_3431,2025-05-23 23:00:00,5056.670325845427,4457.700712871317,3528.8016826379408
forecast_3432,2025-05-24 00:00:00,4897.487833686016,4202.909295230751,3470.772393259836
forecast_3433,2025-05-24 01:00:00,5994.408278857181,5483.360556921179,3760.6763662193234
forecast_3434,2025-05-24 02:00:00,5064.84075266499,4764.067229511611,3622.764936350067
forecast_3435,2025-05-24 03:00:00,5031.723956707242,4523.7104071934355,3469.6791726489514
forecast_3436,2025-05-24 04:00:00,5183.463714198776,4959.776461998128,3576.24966288387
forecast_3437,2025-05-24 05:00:00,5509.137389518736,5168.580407839656,3687.078245574582
forecast_3438,2025-05-24 06:00:00,5422.711337426604,5602.304042701428,3714.475825245976
forecast_3439,2025-05-24 07:00:00,5879.922541692242,5783.711212498584,3454.570027822938
forecast_3440,2025-05-24 08:00:00,5676.290874195791,6486.906741514306,3721.0273897924258
forecast_3441,2025-05-24 09:00:00,5181.596496514933,6477.204480155633,3562.4030907577885
forecast_3442,2025-05-24 10:00:00,4708.177631832232,5866.597452239219,3344.2693881335103
forecast_3443,2025-05-24 11:00:00,4599.085791853943,5722.56386173554,3580.4114541870877
forecast_3444,2025-05-24 12:00:00,4800.183203201405,5828.626124495894,3866.6474935527663
forecast_3445,2025-05-24 13:00:00,4956.976404981164,6032.107818320051,3939.0142913947634
forecast_3446,2025-05-24 14:00:00,5100.186199576981,6152.38527140357,4064.329698228773
forecast_3447,2025-05-24 15:00:00,5857.34961304048,6564.782971643649,4305.603377647915
forecast_3448,2025-05-24 16:00:00,6437.215254433819,7008.451350250239,4679.636251054921
forecast_3449,2025-05-24 17:00:00,6688.199422715816,7467.828676674221,5048.635837554183
forecast_3450,2025-05-24 18:00:00,6769.312467748872,7700.702383813003,5628.208757569241
forecast_3451,2025-05-24 19:00:00,7002.766073888818,7326.842144957584,5453.67117107379
forecast_3452,2025-05-24 20:00:00,6786.691148373178,7105.409958679372,5056.32444992209
forecast_3453,2025-05-24 21:00:00,6746.530313574828,6860.742014164577,5008.759490008169
forecast_3454,2025-05-24 22:00:00,6335.389838163967,6704.149285713641,5091.302389412681
forecast_3455,2025-05-24 23:00:00,6071.4230018953485,6198.554855769102,4876.465681587414
forecast_3456,2025-05-25 00:00:00,5503.103444008362,5826.289091043987,4609.730468348727
forecast_3457,2025-05-25 01:00:00,5890.055995613693,5789.115981400443,4363.509012001064
forecast_3458,2025-05-25 02:00:00,4631.227862428449,3916.586073005446,3918.15396412877
forecast_3459,2025-05-25 03:00:00,4475.919844998989,3784.0878101495277,3583.6658759811403
forecast_3460,2025-05-25 04:00:00,4545.059872657445,4249.3757632399065,3537.2570621092327
forecast_3461,2025-05-25 05:00:00,5129.320459308329,4667.407551432588,3548.440878406165
forecast_3462,2025-05-25 06:00:00,5100.677425006024,4635.939355825151,3537.7236987153806
forecast_3463,2025-05-25 07:00:00,3722.8750556294917,3887.820507501364,3454.4463687037123
forecast_3464,2025-05-25 08:00:00,3557.293806771544,3497.9769669704115,3443.126149804495
forecast_3465,2025-05-25 09:00:00,3271.690757670172,2836.7553506259073,3435.3099466345993
forecast_3466,2025-05-25 10:00:00,3205.458893889867,2683.427831797949,3392.2015380116673
forecast_3467,2025-05-25 11:00:00,3199.389238309554,2664.134648928117,3382.6508475202977
forecast_3468,2025-05-25 12:00:00,3367.0957895567176,3000.6251726414735,3401.199375018015
forecast_3469,2025-05-25 13:00:00,3349.246250339049,3165.894950424985,3527.4221436474704
forecast_3470,2025-05-25 14:00:00,3315.7002620843036,2986.1887117951724,3406.4206771303443
forecast_3471,2025-05-25 15:00:00,3227.0515788318407,2880.826713761512,3446.0539870238426
forecast_3472,2025-05-25 16:00:00,3273.0607779718366,2946.1565250658045,3391.68828114651
forecast_3473,2025-05-25 17:00:00,3365.5979530085924,3069.050317446381,3426.437821383056
forecast_3474,2025-05-25 18:00:00,3555.202071364715,3557.7056444702716,3546.745716988814
forecast_3475,2025-05-25 19:00:00,5052.20198503807,4894.190287717673,3707.47603503707
forecast_3476,2025-05-25 20:00:00,7267.398581966553,6453.259317052756,4410.664299589892
forecast_3477,2025-05-25 21:00:00,8037.79285965134,7595.940275627627,5216.030583315192
forecast_3478,2025-05-25 22:00:00,10209.190194397746,9039.269127736055,7201.7313629365035
forecast_3479,2025-05-25 23:00:00,11352.091178868644,10205.331400892625,8080.897466826408
forecast_3480,2025-05-26 00:00:00,10416.387842876651,10200.914883137275,7581.546943352159
forecast_3481,2025-05-26 01:00:00,11232.457300880364,10834.137416107735,8522.166176675753
forecast_3482,2025-05-26 02:00:00,10889.291839466821,9958.877119508774,6682.945713662036
forecast_3483,2025-05-26 03:00:00,9901.299612150091,8344.735192397962,5554.789187797493
forecast_3484,2025-05-26 04:00:00,7364.347180139489,6336.982619728839,4391.392813332899
forecast_3485,2025-05-26 05:00:00,6210.854529916292,4740.045087494926,3837.263229165914
forecast_3486,2025-05-26 06:00:00,4912.486830026546,3790.481758011455,3521.4210146880646
forecast_3487,2025-05-26 07:00:00,3410.4605396383004,3020.7030287340967,3396.3011202144853
forecast_3488,2025-05-26 08:00:00,3213.9912085713877,2762.6942083917947,3372.0987222636118
forecast_3489,2025-05-26 09:00:00,3159.349034575808,2668.5195626689238,3368.603627973906
forecast_3490,2025-05-26 10:00:00,3146.550670236943,2624.4175149549296,3365.8924266798986
forecast_3491,2025-05-26 11:00:00,3136.671539476983,2589.708212132039,3363.7619552053543
forecast_3492,2025-05-26 12:00:00,3134.3684723491406,2573.8368127998842,3361.6375772926917
forecast_3493,2025-05-26 13:00:00,3131.3840375501545,2558.2795345687923,3362.0717869545756
forecast_3494,2025-05-26 14:00:00,3178.1627315794644,2708.5689490866384,3364.434829606241
forecast_3495,2025-05-26 15:00:00,3166.0155011987367,2699.382856720644,3365.1065189517753
forecast_3496,2025-05-26 16:00:00,3158.923450420323,2659.300567365223,3363.50379998758
forecast_3497,2025-05-26 17:00:00,3154.165756953924,2617.0288910343215,3373.204129839465
forecast_3498,2025-05-26 18:00:00,3189.9028450263236,2716.208535507541,3387.281062698407
forecast_3499,2025-05-26 19:00:00,3303.405708288647,2996.0922138278897,3413.2735170884944
forecast_3500,2025-05-26 20:00:00,3365.0215972139804,3129.675243392747,3433.16765597649
forecast_3501,2025-05-26 21:00:00,3501.400016190855,3666.3886537338576,3443.8405115001747
forecast_3502,2025-05-26 22:00:00,3757.480245122564,4473.0176650785725,3515.748535485998
forecast_3503,2025-05-26 23:00:00,3913.7824434635686,4971.370292442131,3684.762585998316
forecast_3504,2025-05-27 00:00:00,7177.809758383561,6142.282640172604,4506.158041433641
forecast_3505,2025-05-27 01:00:00,7541.351309546753,6410.644911178406,4731.7609669760195
forecast_3506,2025-05-27 02:00:00,8253.482955440742,7190.591984915739,4799.348787424358
forecast_3507,2025-05-27 03:00:00,7815.369194154722,6766.647702219029,4869.439618194181
forecast_3508,2025-05-27 04:00:00,7433.825613173218,6523.055752178181,4581.139725393835
forecast_3509,2025-05-27 05:00:00,6095.785195655768,4834.441331625417,4013.569688910162
forecast_3510,2025-05-27 06:00:00,3708.4621063739014,3692.2217655836666,3654.1020713626526
forecast_3511,2025-05-27 07:00:00,3408.86451285913,3140.882175361863,3405.9792562923762
forecast_3512,2025-05-27 08:00:00,3175.3989272626013,2684.4259977510483,3367.6395453601285
forecast_3513,2025-05-27 09:00:00,3131.123853379881,2542.143344581625,3363.76756485694
forecast_3514,2025-05-27 10:00:00,3122.315036749639,2527.1173946452714,3362.1995210857476
forecast_3515,2025-05-27 11:00:00,3123.8249728515802,2530.1433527478653,3360.9048856928366
forecast_3516,2025-05-27 12:00:00,3123.0093648482025,2529.172244912259,3361.5431155031474
forecast_3517,2025-05-27 13:00:00,3122.9918964713,2530.9782483225954,3361.6421422092576
forecast_3518,2025-05-27 14:00:00,3127.858418464361,2540.7774491043556,3362.734339365347
forecast_3519,2025-05-27 15:00:00,3127.2353377314444,2536.33434442126,3361.608077889615
forecast_3520,2025-05-27 16:00:00,3128.5830774138485,2530.724016338889,3361.1691541460978
forecast_3521,2025-05-27 17:00:00,3130.9236917350086,2539.8246054387596,3361.2479645587914
forecast_3522,2025-05-27 18:00:00,3130.5347451877456,2543.2469661121063,3361.37792680798
forecast_3523,2025-05-27 19:00:00,3134.6995044844907,2547.9826522066737,3361.6753206685225
forecast_3524,2025-05-27 20:00:00,3150.355576784205,2598.6513234531794,3365.956822633346
forecast_3525,2025-05-27 21:00:00,3179.5524634212807,2682.0516066005976,3368.264806842605
forecast_3526,2025-05-27 22:00:00,3264.706309972034,2910.459274447476,3369.7376477628695
forecast_3527,2025-05-27 23:00:00,3347.346105139001,3031.6750935116324,3422.6007256980083
forecast_3528,2025-05-28 00:00:00,3422.363241544895,3349.3319638162166,3514.3283409694495
forecast_3529,2025-05-28 01:00:00,6411.706743316073,5390.593694647756,4060.9729988333143
forecast_3530,2025-05-28 02:00:00,6829.351619169333,7338.004692936922,4432.457672765103
forecast_3531,2025-05-28 03:00:00,7568.840111950129,7603.882217383489,4624.995898346465
forecast_3532,2025-05-28 04:00:00,7636.42707877086,7348.532942162086,4413.973773350054
forecast_3533,2025-05-28 05:00:00,6875.176250582341,6187.200133651896,3913.397621798245
forecast_3534,2025-05-28 06:00:00,3727.473223185341,3852.6701778655115,3439.3170818885537
forecast_3535,2025-05-28 07:00:00,3378.1353178783083,3062.439145124145,3375.120643003543
forecast_3536,2025-05-28 08:00:00,3165.4920731066436,2684.2663438099894,3365.852246915808
forecast_3537,2025-05-28 09:00:00,3159.0391061570976,2614.445361858194,3362.3869018712653
forecast_3538,2025-05-28 10:00:00,3131.152128148866,2568.5222888585386,3362.5931721313045
forecast_3539,2025-05-28 11:00:00,3142.2431484922763,2619.4268792508356,3363.8281256580885
forecast_3540,2025-05-28 12:00:00,3140.928805867854,2610.584794804854,3361.352326236968
forecast_3541,2025-05-28 13:00:00,3130.17409658908,2568.4983658964115,3360.886532022199
forecast_3542,2025-05-28 14:00:00,3144.787679956612,2596.0362069421994,3362.6416664822564
forecast_3543,2025-05-28 15:00:00,3146.0070732635345,2617.9915935035483,3367.3529086293274
forecast_3544,2025-05-28 16:00:00,3199.0881000554386,2776.2595410367076,3418.499884413425
forecast_3545,2025-05-28 17:00:00,3202.4132329446493,2794.1902572725858,3396.6372427075453
forecast_3546,2025-05-28 18:00:00,3199.0812732129734,2697.9988149343303,3377.9079216499886
forecast_3547,2025-05-28 19:00:00,3299.3236990760506,3059.132187336763,3387.1389512032797
forecast_3548,2025-05-28 20:00:00,3289.5099895223957,2800.8639247977994,3370.9516755386067
forecast_3549,2025-05-28 21:00:00,3366.3770347720842,2985.6284279512797,3386.6999440950467
forecast_3550,2025-05-28 22:00:00,3410.1060161003657,3176.8188178068926,3394.92209093858
forecast_3551,2025-05-28 23:00:00,3535.2180992098356,3341.2904482694453,3624.8373471404225
forecast_3552,2025-05-29 00:00:00,3460.2623922612797,3230.585678652956,3563.2850082934833
forecast_3553,2025-05-29 01:00:00,3319.5483844209634,3007.864699825304,3439.584671514085
forecast_3554,2025-05-29 02:00:00,3401.4156017273435,3102.79700156922,3433.906309821559
forecast_3555,2025-05-29 03:00:00,3469.083469799147,3147.454307558378,3391.5051367362557
forecast_3556,2025-05-29 04:00:00,3349.0229129549857,3079.747755369257,3395.844312573843
forecast_3557,2025-05-29 05:00:00,3269.6779660589204,2979.060705664937,3375.938842158316
forecast_3558,2025-05-29 06:00:00,3229.3726400086553,2849.1133646834933,3373.149415063447
forecast_3559,2025-05-29 07:00:00,3182.206880373864,2754.883183979064,3374.351192433212
forecast_3560,2025-05-29 08:00:00,3164.438518484734,2712.2645139493698,3368.3582985759544
forecast_3561,2025-05-29 09:00:00,3148.0327852652354,2647.2524930357135,3367.7977077053743
forecast_3562,2025-05-29 10:00:00,3140.9140253130877,2623.2638017702475,3363.447434317985
forecast_3563,2025-05-29 11:00:00,3146.586624543887,2651.613383095327,3362.6020066120523
forecast_3564,2025-05-29 12:00:00,3147.5665839562075,2656.33874437786,3364.658452967095
forecast_3565,2025-05-29 13:00:00,3163.12836755285,2727.1418395495098,3367.8494751789144
forecast_3566,2025-05-29 14:00:00,3167.109457504991,2734.878698270631,3370.656846323025
forecast_3567,2025-05-29 15:00:00,3168.45173248484,2738.699400001443,3368.031306238952
forecast_3568,2025-05-29 16:00:00,3194.2417859923257,2802.4627162845154,3399.754029773343
forecast_3569,2025-05-29 17:00:00,3240.405842465585,2941.6087059890083,3385.9362851152337
forecast_3570,2025-05-29 18:00:00,3247.089500673656,2961.4490174923785,3378.587510861253
forecast_3571,2025-05-29 19:00:00,3292.7597172582423,2988.7903265464015,3373.512132811582
forecast_3572,2025-05-29 20:00:00,3329.6143610328368,3033.6370931506417,3369.380458998032
forecast_3573,2025-05-29 21:00:00,3340.652303767494,3097.995334239954,3387.381204961147
forecast_3574,2025-05-29 22:00:00,3390.6563708033987,3317.175652199887,3388.716412200293
forecast_3575,2025-05-29 23:00:00,3366.2047857392113,3280.28576084815,3392.2584987172345
forecast_3576,2025-05-30 00:00:00,3367.0633500357735,3303.109268658339,3380.15285371119
forecast_3577,2025-05-30 01:00:00,3303.5501052624163,3254.3461694350167,3376.183533300812
forecast_3578,2025-05-30 02:00:00,3289.3058461443907,3205.2710576302543,3379.39888915331
forecast_3579,2025-05-30 03:00:00,3325.937100034928,3231.062035289951,3395.9814253726963
forecast_3580,2025-05-30 04:00:00,3460.0252405666956,3527.5616363335807,3476.819120394172
forecast_3581,2025-05-30 05:00:00,3409.2573886232803,3383.3329501493813,3440.8023586782165
forecast_3582,2025-05-30 06:00:00,3445.2040767581166,3484.1559546827466,3444.118975315105
forecast_3583,2025-05-30 07:00:00,3447.024270381003,3340.4446477857578,3407.2478233407005
forecast_3584,2025-05-30 08:00:00,3357.917392441381,3298.9394715515327,3385.9373217605125
forecast_3585,2025-05-30 09:00:00,3348.5315711602166,3135.8059731943504,3375.9831391046578
forecast_3586,2025-05-30 10:00:00,3385.1803440516305,3217.5436922570857,3392.7165520717167
forecast_3587,2025-05-30 11:00:00,3323.137214624863,3120.72317014314,3388.178984531284
forecast_3588,2025-05-30 12:00:00,3257.9054270990446,2980.2061911915907,3401.8477760450946
forecast_3589,2025-05-30 13:00:00,3244.5950956578076,2885.559084058886,3386.2523952184974
forecast_3590,2025-05-30 14:00:00,3177.170760817701,2716.633440960078,3368.219798403557
forecast_3591,2025-05-30 15:00:00,3158.945416454868,2661.715076547758,3365.4004140508746
forecast_3592,2025-05-30 16:00:00,3160.787443228561,2670.072162929177,3376.917167585358
forecast_3593,2025-05-30 17:00:00,3189.6778161028647,2811.131983357162,3373.995604315854
forecast_3594,2025-05-30 18:00:00,3213.0279076885718,2900.9719732891153,3378.7973326133583
forecast_3595,2025-05-30 19:00:00,3270.0371498978097,2971.4783119390304,3375.080940892917
forecast_3596,2025-05-30 20:00:00,3331.6532724341746,3094.835834853462,3376.9162560158347
forecast_3597,2025-05-30 21:00:00,3374.531218430782,3120.190427930265,3384.0372431552537
forecast_3598,2025-05-30 22:00:00,3363.9516990047173,3244.1724515500737,3372.321355382244
forecast_3599,2025-05-30 23:00:00,3328.591870160713,3102.813487506296,3371.5515222876224
forecast_3600,2025-05-31 00:00:00,3320.728404078594,3125.5373625814673,3379.483575205304
forecast_3601,2025-05-31 01:00:00,3176.610581561001,2675.91527147391,3367.571403470684
forecast_3602,2025-05-31 02:00:00,3277.8297545518544,2816.781139812038,3383.9811893694514
forecast_3603,2025-05-31 03:00:00,3287.6703570032128,3063.3597145454373,3378.5417331539984
forecast_3604,2025-05-31 04:00:00,3284.9447423857587,2914.9143578695084,3384.9979279605295
forecast_3605,2025-05-31 05:00:00,3275.289657213798,2937.797470609748,3367.954829376111
forecast_3606,2025-05-31 06:00:00,3345.88542258428,3197.170224112155,3374.626596237413
forecast_3607,2025-05-31 07:00:00,3326.576282970393,3088.6802570431396,3373.7914458579503
forecast_3608,2025-05-31 08:00:00,3279.8224941901085,3128.4382611697642,3405.286219338511
forecast_3609,2025-05-31 09:00:00,3217.6389590071576,2855.347160918722,3407.0691438700273
forecast_3610,2025-05-31 10:00:00,3204.9405732060814,2813.800610135332,3395.3488062841743
forecast_3611,2025-05-31 11:00:00,3211.846986341444,2873.4228597264478,3396.452326896687
forecast_3612,2025-05-31 12:00:00,3229.83361813697,2963.058334632947,3390.5362373200333
forecast_3613,2025-05-31 13:00:00,3234.0571306282336,2924.2716112759435,3380.155116730816
forecast_3614,2025-05-31 14:00:00,3236.003874014731,2964.3540069769106,3384.5759723428023
forecast_3615,2025-05-31 15:00:00,3216.4039759878647,2865.321191763754,3373.607508507419
forecast_3616,2025-05-31 16:00:00,3204.391630107459,2838.980293258565,3373.5981382984237
forecast_3617,2025-05-31 17:00:00,3171.8081456509385,2711.0343276596445,3370.3284568905633
forecast_3618,2025-05-31 18:00:00,3227.8491923732254,2869.1306678140945,3373.3806532482927
forecast_3619,2025-05-31 19:00:00,3386.7719083551005,3055.5009304756463,3409.3806034315926
forecast_3620,2025-05-31 20:00:00,3332.2250010863054,2968.0238139225835,3447.221333338815
forecast_3621,2025-05-31 21:00:00,3344.182028572183,3012.14386054501,3401.450689420291
forecast_3622,2025-05-31 22:00:00,3368.894392010036,3267.9775160693134,3395.0319115683883
forecast_3623,2025-05-31 23:00:00,3410.828758309357,3304.634502879886,3416.46641690538
forecast_3624,2025-06-01 00:00:00,3241.7242431714253,2866.201906526766,3378.1664339934982
forecast_3625,2025-06-01 01:00:00,3291.832071149797,2906.8288756171773,3395.284195417229
forecast_3626,2025-06-01 02:00:00,3264.0723974858806,2936.722067596635,3421.32318206152
forecast_3627,2025-06-01 03:00:00,3411.140030028196,3132.079093519808,3436.6376208213374
forecast_3628,2025-06-01 04:00:00,3397.69956731392,3209.1045406540534,3472.1935126576595
forecast_3629,2025-06-01 05:00:00,3290.3289468757393,2940.1714660949865,3394.915522385842
forecast_3630,2025-06-01 06:00:00,3212.172346837792,2802.742145982491,3372.619618041187
forecast_3631,2025-06-01 07:00:00,3184.050116635157,2756.5471568869434,3364.51788523161
forecast_3632,2025-06-01 08:00:00,3136.444204605582,2579.1479602143736,3362.3575740987185
forecast_3633,2025-06-01 09:00:00,3129.0490515426986,2535.615237829565,3361.111995412914
forecast_3634,2025-06-01 10:00:00,3128.395819363662,2536.2543386709053,3362.037943265734
forecast_3635,2025-06-01 11:00:00,3133.7594689603197,2555.5043801595184,3362.2465968076185
forecast_3636,2025-06-01 12:00:00,3136.2072649029774,2576.706944805524,3362.765828339752
forecast_3637,2025-06-01 13:00:00,3138.480843485583,2590.642365928068,3362.418756691018
forecast_3638,2025-06-01 14:00:00,3136.1196060719626,2584.465898557394,3362.630160224148
forecast_3639,2025-06-01 15:00:00,3131.809492257622,2572.013249706973,3361.766140132626
forecast_3640,2025-06-01 16:00:00,3125.4623925729156,2538.2282575367335,3361.0715555723596
forecast_3641,2025-06-01 17:00:00,3124.76702175883,2537.3493359061695,3361.664155468699
forecast_3642,2025-06-01 18:00:00,3192.4918138415687,2778.5906816633074,3378.3062232379407
forecast_3643,2025-06-01 19:00:00,3427.6214829574187,3471.4567630110596,3659.4826130222814
forecast_3644,2025-06-01 20:00:00,3692.0766841893555,3918.3422842324194,3909.088351534379
forecast_3645,2025-06-01 21:00:00,6216.067116134075,5416.046588845208,4033.7394499356487
forecast_3646,2025-06-01 22:00:00,7734.033042457282,8347.371261867062,4458.809524833075
forecast_3647,2025-06-01 23:00:00,6677.574969244428,7063.554475220725,3949.3326024457374
forecast_3648,2025-06-02 00:00:00,7270.297119487255,7160.353082883811,4503.355915557806
forecast_3649,2025-06-02 01:00:00,6132.087649941752,6691.485809629621,4250.530353784495
forecast_3650,2025-06-02 02:00:00,5367.482752296121,5045.482829601556,3985.7651607494113
forecast_3651,2025-06-02 03:00:00,6122.8423364118835,5698.78070589518,4210.856579029832
forecast_3652,2025-06-02 04:00:00,3677.0938429897737,3706.359557093172,3598.9608105871985
forecast_3653,2025-06-02 05:00:00,3610.0645695401163,3404.2307673945943,3472.135055489723
forecast_3654,2025-06-02 06:00:00,3300.0033817302156,3070.3730606192257,3404.909376807432
forecast_3655,2025-06-02 07:00:00,3214.931405095527,2910.571290856162,3378.558291499459
forecast_3656,2025-06-02 08:00:00,3264.8610342508205,2851.744757089383,3371.655635731857
forecast_3657,2025-06-02 09:00:00,3182.8069040967034,2765.76928853061,3371.4397967539385
forecast_3658,2025-06-02 10:00:00,3214.1753655658945,2725.3988053801336,3368.7422510993692
forecast_3659,2025-06-02 11:00:00,3171.6447775379747,2674.4502191811866,3366.248666395799
forecast_3660,2025-06-02 12:00:00,3196.3779134420342,2793.607646623968,3374.179050301466
forecast_3661,2025-06-02 13:00:00,3188.564960567647,2794.4751530951826,3363.619365100734
forecast_3662,2025-06-02 14:00:00,3157.0748391591555,2654.657025312548,3365.7506171275595
forecast_3663,2025-06-02 15:00:00,3225.3263007044798,2890.9729555672234,3373.890369820313
forecast_3664,2025-06-02 16:00:00,3427.3331453413657,3243.584172359075,3383.2187727121373
forecast_3665,2025-06-02 17:00:00,3505.036673278308,3558.1762262364305,3379.468910991795
forecast_3666,2025-06-02 18:00:00,3546.1179003554016,3607.4783231155,3407.5666636746637
forecast_3667,2025-06-02 19:00:00,3636.7629114132437,3683.043412191263,3417.9945885608636
forecast_3668,2025-06-02 20:00:00,3466.702742757589,3601.529796399057,3388.6635289395367
forecast_3669,2025-06-02 21:00:00,3335.6371328571768,3336.902343303004,3383.219633334226
forecast_3670,2025-06-02 22:00:00,3366.0270599515084,3387.2965348914695,3391.7467391425816
forecast_3671,2025-06-02 23:00:00,3362.3938938946585,3339.536115771654,3371.8430553497706
forecast_3672,2025-06-03 00:00:00,3395.4416685305246,3298.044471515421,3377.583036870431
forecast_3673,2025-06-03 01:00:00,3431.1246009045144,3471.27601914113,3381.744001547618
forecast_3674,2025-06-03 02:00:00,3510.538880323639,3411.675098393145,3374.2841393977574
forecast_3675,2025-06-03 03:00:00,3516.278318258757,3521.224925336725,3371.927481739759
forecast_3676,2025-06-03 04:00:00,3487.380148251831,3434.182865427885,3370.3704824394363
forecast_3677,2025-06-03 05:00:00,3569.8652403510346,3456.8641228506676,3374.2938208809164
forecast_3678,2025-06-03 06:00:00,3579.0364560724565,3531.760769476369,3390.0825133985804
forecast_3679,2025-06-03 07:00:00,3481.2797277069635,3294.41934339036,3464.7631493514195
forecast_3680,2025-06-03 08:00:00,3357.094732640052,2966.093440726932,3445.695509572496
forecast_3681,2025-06-03 09:00:00,3257.5898492884276,2947.5533564071297,3431.589257495931
forecast_3682,2025-06-03 10:00:00,3526.9300266025953,3253.9580319405586,3516.1191148880857
forecast_3683,2025-06-03 11:00:00,4861.619787010983,3705.313201692606,2882.200381026945
forecast_3684,2025-06-03 12:00:00,6383.54285528607,5091.606726697199,3577.5300810132057
forecast_3685,2025-06-03 13:00:00,7789.650479627165,5900.109532476184,5029.053756533426
forecast_3686,2025-06-03 14:00:00,9492.32258084598,7841.150801692741,5724.259999324764
forecast_3687,2025-06-03 15:00:00,11755.947829647683,9778.653175582649,8064.365759414988
forecast_3688,2025-06-03 16:00:00,12188.530359358349,10890.52743307918,8677.910081121738
forecast_3689,2025-06-03 17:00:00,12669.077637166085,12038.58094644519,9061.733429164635
forecast_3690,2025-06-03 18:00:00,13746.74340403123,13567.822943186175,10533.127380760265
forecast_3691,2025-06-03 19:00:00,13363.492768847802,13276.13946399483,11402.675224935116
forecast_3692,2025-06-03 20:00:00,14711.174534538955,14093.669769646654,12161.293807735543
forecast_3693,2025-06-03 21:00:00,15740.414956078743,15803.238452599397,14158.562574657768
forecast_3694,2025-06-03 22:00:00,16524.53410060911,16191.137809740452,13556.02766272917
forecast_3695,2025-06-03 23:00:00,16102.381645617916,15592.104659334207,11879.939631805877
forecast_3696,2025-06-04 00:00:00,15557.946907004807,15399.325306533357,11907.799986381055
forecast_3697,2025-06-04 01:00:00,14826.012680216707,14618.881393508016,12741.28701814812
forecast_3698,2025-06-04 02:00:00,16119.10772407023,15772.10714407307,13923.009593610275
forecast_3699,2025-06-04 03:00:00,16818.717526522447,16578.249399768236,15211.053670279627
forecast_3700,2025-06-04 04:00:00,17531.712651636775,17092.83759686041,16158.35821739476
forecast_3701,2025-06-04 05:00:00,18326.56025862925,17293.952080580417,16522.49111454905
forecast_3702,2025-06-04 06:00:00,17784.968226005705,17377.484507556474,16655.193546506707
forecast_3703,2025-06-04 07:00:00,17926.22333602646,17487.074028828803,17501.577318920943
forecast_3704,2025-06-04 08:00:00,18166.98408084504,17397.154073743215,17441.174551344153
forecast_3705,2025-06-04 09:00:00,18449.977082683195,17672.59714703951,17043.570917964833
forecast_3706,2025-06-04 10:00:00,18210.004801668085,17473.92426051526,16848.869375727852
forecast_3707,2025-06-04 11:00:00,17735.523896132436,17362.980448838312,16679.849116740566
forecast_3708,2025-06-04 12:00:00,17011.38990876507,17356.61197518651,16079.415867635857
forecast_3709,2025-06-04 13:00:00,16417.86170811365,17081.57679678851,15225.37900937664
forecast_3710,2025-06-04 14:00:00,15758.060086835174,16441.22995305058,11520.193997448143
forecast_3711,2025-06-04 15:00:00,14484.40924208238,14199.989924044512,10405.578267078054
forecast_3712,2025-06-04 16:00:00,14364.557673561876,13539.478703846964,10020.89371110196
forecast_3713,2025-06-04 17:00:00,14116.16242119978,13593.249724350604,10069.133523951394
forecast_3714,2025-06-04 18:00:00,13795.239504380985,12587.824957580873,9059.599201718705
forecast_3715,2025-06-04 19:00:00,13541.980625763228,12014.517848271793,9123.103253106216
forecast_3716,2025-06-04 20:00:00,13974.215458672134,13057.176694043528,9298.705487701449
forecast_3717,2025-06-04 21:00:00,13970.743045237672,12978.740824122367,9653.446719371643
forecast_3718,2025-06-04 22:00:00,12237.905151025607,11566.534588979037,9452.957667831502
forecast_3719,2025-06-04 23:00:00,13119.00251417985,14348.177025916053,12068.884270601673
forecast_3720,2025-06-05 00:00:00,13433.809866521777,15126.244222303487,11788.707911106167
forecast_3721,2025-06-05 01:00:00,13775.866048474183,14553.69879329359,10591.262773390097
forecast_3722,2025-06-05 02:00:00,15257.316693120398,15459.299056049707,12389.78177230982
forecast_3723,2025-06-05 03:00:00,15729.896938009828,15896.662912472175,11818.076390842709
forecast_3724,2025-06-05 04:00:00,16144.01038130326,15716.298380204076,12281.101554214712
forecast_3725,2025-06-05 05:00:00,14778.910356315144,15351.317138894292,12262.905425635294
forecast_3726,2025-06-05 06:00:00,13191.07930754717,13918.263147216025,9874.131188788904
forecast_3727,2025-06-05 07:00:00,13603.243261932852,13887.275365584737,10165.464680902098
forecast_3728,2025-06-05 08:00:00,10596.098005973214,11832.390234267243,8175.745924745715
forecast_3729,2025-06-05 09:00:00,10636.076353996996,10257.76890998185,7163.350248031923
forecast_3730,2025-06-05 10:00:00,8172.663278777866,8147.474275014739,5991.173503395732
forecast_3731,2025-06-05 11:00:00,7917.304896311481,6803.287537060675,5445.138642531494
forecast_3732,2025-06-05 12:00:00,8270.117894066405,7784.142509980314,4908.005045945
forecast_3733,2025-06-05 13:00:00,7898.435065761602,7115.112621302358,5222.053826297177
forecast_3734,2025-06-05 14:00:00,8615.286229557527,7288.388261358307,5197.85159381905
forecast_3735,2025-06-05 15:00:00,8526.362261601384,7483.247217570065,5359.642046997112
forecast_3736,2025-06-05 16:00:00,9226.679097737724,7985.563228591249,6613.2619373651005
forecast_3737,2025-06-05 17:00:00,10408.675091023884,8962.82329575415,9756.734822479142
forecast_3738,2025-06-05 18:00:00,11082.984612124923,10880.136661794464,11742.034879444445
forecast_3739,2025-06-05 19:00:00,16225.979623310484,13949.53262600967,13747.45870854229
forecast_3740,2025-06-05 20:00:00,16913.48144795458,16251.662635666818,14772.896936834019
forecast_3741,2025-06-05 21:00:00,18148.738804383745,17142.651701469902,16714.098766708616
forecast_3742,2025-06-05 22:00:00,19466.04966749711,17867.639074976807,17926.830618220058
forecast_3743,2025-06-05 23:00:00,19783.14645197903,17763.643505959128,18193.366760901827
forecast_3744,2025-06-06 00:00:00,19560.956875662025,17815.630621775683,17935.529768245033
forecast_3745,2025-06-06 01:00:00,18813.110096429496,17675.2322228927,17293.74539839719
forecast_3746,2025-06-06 02:00:00,18701.046602705545,17847.73176424646,17554.163764642075
forecast_3747,2025-06-06 03:00:00,19031.224671337473,17984.695734373086,17648.834600643862
forecast_3748,2025-06-06 04:00:00,19185.21875086221,17652.78411569906,17838.999028468865
forecast_3749,2025-06-06 05:00:00,18963.72977408102,17620.55215378629,18123.810967152895
forecast_3750,2025-06-06 06:00:00,17970.93352069449,17057.438420171184,17118.396935260633
forecast_3751,2025-06-06 07:00:00,16287.391109531827,17013.695617818266,15418.55934634106
forecast_3752,2025-06-06 08:00:00,17190.13791548998,16846.847412703075,15589.806360579563
forecast_3753,2025-06-06 09:00:00,16410.18631473517,16213.9717490952,15194.346157505222
forecast_3754,2025-06-06 10:00:00,15333.999673417084,14919.798583577962,14783.468179361142
forecast_3755,2025-06-06 11:00:00,14418.049581232088,14104.074460073936,14267.825648348198
forecast_3756,2025-06-06 12:00:00,13987.607219494552,14113.832245008913,14312.94891744176
forecast_3757,2025-06-06 13:00:00,13695.697104489273,13956.820519229352,14263.931364962431
forecast_3758,2025-06-06 14:00:00,13462.66683571688,14222.438415383336,14952.682251884416
forecast_3759,2025-06-06 15:00:00,14019.146603070403,14490.061713170107,15268.2591991004
forecast_3760,2025-06-06 16:00:00,14092.941730858767,14830.402266298986,15292.649023025499
forecast_3761,2025-06-06 17:00:00,14998.009284356513,15669.409518170041,15797.670478578564
forecast_3762,2025-06-06 18:00:00,15969.02387805516,16296.757477365118,17762.641132092645
forecast_3763,2025-06-06 19:00:00,16931.314429982827,17233.371346363074,18292.171354427937
forecast_3764,2025-06-06 20:00:00,16962.593723542384,17415.200530326903,18494.794021102964
forecast_3765,2025-06-06 21:00:00,16950.207998260983,17829.42031047995,18845.029413692875
forecast_3766,2025-06-06 22:00:00,17511.09513755678,18110.508372545195,19190.96146933144
forecast_3767,2025-06-06 23:00:00,17643.775235396093,17997.982254578612,18824.23085232702
forecast_3768,2025-06-07 00:00:00,17498.161489924645,17905.867255922618,19252.598505704744
forecast_3769,2025-06-07 01:00:00,18214.35446760377,17444.551209911722,18848.663525490276
forecast_3770,2025-06-07 02:00:00,17915.175246870993,17494.267001653563,18400.049671312943
forecast_3771,2025-06-07 03:00:00,18487.179439034615,17660.780492586255,18758.584841109314
forecast_3772,2025-06-07 04:00:00,18472.615089764673,17753.05521829193,18599.584859907907
forecast_3773,2025-06-07 05:00:00,18459.366227046638,17934.09928941733,18529.233596625196
forecast_3774,2025-06-07 06:00:00,18271.302554005935,17472.15584869037,17248.232367814613
forecast_3775,2025-06-07 07:00:00,16602.25850941967,16596.50196854322,16036.64207481237
forecast_3776,2025-06-07 08:00:00,16782.490990406335,15697.941491320013,15275.261397723712
forecast_3777,2025-06-07 09:00:00,14986.63439769518,14481.732650060678,13828.828747360696
forecast_3778,2025-06-07 10:00:00,11778.202650097133,11011.814639927425,11371.816856308382
forecast_3779,2025-06-07 11:00:00,9217.536342013573,8775.679758236925,8283.770403744777
forecast_3780,2025-06-07 12:00:00,8154.895198532959,7841.859213712411,5934.144682049712
forecast_3781,2025-06-07 13:00:00,7750.8783966923875,7504.281159004295,5911.461218461771
forecast_3782,2025-06-07 14:00:00,7479.019373806994,7180.809223061714,5550.367159838448
forecast_3783,2025-06-07 15:00:00,6916.113213624684,6553.3677872705375,5326.071405816848
forecast_3784,2025-06-07 16:00:00,7180.052363392485,6282.5616591305425,5319.17751454701
forecast_3785,2025-06-07 17:00:00,7504.471304896575,7109.730239130498,5582.0344653538905
forecast_3786,2025-06-07 18:00:00,8460.40496558917,7939.382447224821,6361.551276776256
forecast_3787,2025-06-07 19:00:00,10543.527113520046,10010.333212129484,8258.017240298095
forecast_3788,2025-06-07 20:00:00,11982.168370403471,11571.541511482033,9224.950711222258
forecast_3789,2025-06-07 21:00:00,13599.323542762162,13450.297634038383,11197.544880298447
forecast_3790,2025-06-07 22:00:00,14973.396393764615,15117.468053773657,12228.643257084013
forecast_3791,2025-06-07 23:00:00,14211.8519916987,14961.031628954368,11414.368086944858
forecast_3792,2025-06-08 00:00:00,14654.267381025104,15272.667583924409,11296.39952582681
forecast_3793,2025-06-08 01:00:00,12583.44943720078,13782.618325890528,10387.35618858295
forecast_3794,2025-06-08 02:00:00,13179.029976747068,13803.968416678625,9717.053988121808
forecast_3795,2025-06-08 03:00:00,12164.641166541713,13257.374249137818,9039.434307424566
forecast_3796,2025-06-08 04:00:00,11576.04430227029,12499.38433842297,8799.789687323175
forecast_3797,2025-06-08 05:00:00,10964.725291041885,11392.596415476,7091.522079065163
forecast_3798,2025-06-08 06:00:00,7757.147519066628,8372.447412835907,4162.049453871045
forecast_3799,2025-06-08 07:00:00,3724.375487574494,3795.2936248803585,3479.3310540418493
forecast_3800,2025-06-08 08:00:00,3317.998792229606,3009.763317364276,3374.8939571553524
forecast_3801,2025-06-08 09:00:00,3159.9144063319027,2642.8178961033436,3363.5523772784504
forecast_3802,2025-06-08 10:00:00,3142.95908599898,2577.435769796456,3362.8727981627703
forecast_3803,2025-06-08 11:00:00,3138.1567505422076,2580.6831998655894,3361.595158694748
forecast_3804,2025-06-08 12:00:00,3126.423030329149,2538.5015625970163,3361.714653823296
forecast_3805,2025-06-08 13:00:00,3125.4128938032313,2540.5436951399697,3360.9124304418588
forecast_3806,2025-06-08 14:00:00,3124.7484413909056,2537.4616026058443,3360.717932355811
forecast_3807,2025-06-08 15:00:00,3129.047921626495,2537.601192481331,3360.615459185079
forecast_3808,2025-06-08 16:00:00,3125.248629484886,2528.6858086717552,3360.833030263971
forecast_3809,2025-06-08 17:00:00,3126.062680918687,2528.6027114126496,3361.165675237185
forecast_3810,2025-06-08 18:00:00,3176.556749974492,2671.238298407568,3370.2482251067986
forecast_3811,2025-06-08 19:00:00,3408.628324370063,3172.791929448266,3387.2015901438554
forecast_3812,2025-06-08 20:00:00,3647.8096137252355,3680.4790172720327,3487.09760732024
forecast_3813,2025-06-08 21:00:00,3880.811336827435,4971.512787454785,3625.381022629446
forecast_3814,2025-06-08 22:00:00,4212.926095644995,6320.069744502106,3763.6582894753406
forecast_3815,2025-06-08 23:00:00,9094.041278633566,8829.365901387655,4786.41337060299
forecast_3816,2025-06-09 00:00:00,11417.271043558983,10778.099377459233,7059.659553211375
forecast_3817,2025-06-09 01:00:00,10088.67545816849,10383.274656045585,6687.500582583067
forecast_3818,2025-06-09 02:00:00,10541.401623631347,10000.71589400571,6849.488652428469
forecast_3819,2025-06-09 03:00:00,8845.977404762734,8617.286559624697,5972.646957159539
forecast_3820,2025-06-09 04:00:00,8235.282559320876,7255.6673404467065,5510.268709963068
forecast_3821,2025-06-09 05:00:00,7127.31511030613,5727.445446842594,4442.461624964523
forecast_3822,2025-06-09 06:00:00,6109.416919485595,3789.2530912773173,3544.6924671361376
forecast_3823,2025-06-09 07:00:00,3611.816696777138,3378.3459925824345,3398.3261362566345
forecast_3824,2025-06-09 08:00:00,3350.752617132225,3010.5806998581634,3371.4305780745717
forecast_3825,2025-06-09 09:00:00,3183.24422617934,2717.673588821387,3372.930492478136
forecast_3826,2025-06-09 10:00:00,3186.0225109603048,2767.1855941742506,3382.967648875719
forecast_3827,2025-06-09 11:00:00,3200.2018403385373,2812.619670650269,3373.837919326563
forecast_3828,2025-06-09 12:00:00,3178.1631220042213,2766.8421078162273,3370.015623704815
forecast_3829,2025-06-09 13:00:00,3175.0350766176293,2757.122777364234,3385.2390998104797
forecast_3830,2025-06-09 14:00:00,3187.3308082934514,2796.4952333786837,3418.1000563311613
forecast_3831,2025-06-09 15:00:00,3208.8500682161775,2863.5472159731044,3422.0174405068547
forecast_3832,2025-06-09 16:00:00,3252.8164742560984,3042.9538403520673,3541.629136537674
forecast_3833,2025-06-09 17:00:00,3332.2450455710737,3352.0366167854577,3544.8615009376836
forecast_3834,2025-06-09 18:00:00,3429.701244531965,3471.3744849908408,3670.1336001052928
forecast_3835,2025-06-09 19:00:00,3476.7904548547967,3439.2414779379533,3667.1278998557978
forecast_3836,2025-06-09 20:00:00,3600.8722848713937,3872.9025862030767,3745.5979774219772
forecast_3837,2025-06-09 21:00:00,4265.924423915743,6850.499620633281,6021.975660535177
forecast_3838,2025-06-09 22:00:00,12431.583040552236,12559.962595536112,9517.389383195361
forecast_3839,2025-06-09 23:00:00,12077.431653584585,13359.734920520543,11185.542431340731
forecast_3840,2025-06-10 00:00:00,12767.592978330755,13854.092448360741,12171.00258590238
forecast_3841,2025-06-10 01:00:00,14527.084879598087,15587.047904941383,13991.897463110778
forecast_3842,2025-06-10 02:00:00,14563.275142213835,15329.064735437192,14753.781186551902
forecast_3843,2025-06-10 03:00:00,14966.44506308791,15647.469142122865,15582.471050461072
forecast_3844,2025-06-10 04:00:00,15377.661138483405,15702.865933522256,15368.70128361281
forecast_3845,2025-06-10 05:00:00,14743.342974965333,14875.65298064974,15565.431794518881
forecast_3846,2025-06-10 06:00:00,13166.528317969109,13053.502474351762,12484.490517018046
forecast_3847,2025-06-10 07:00:00,12629.559572867212,12804.10042154038,10422.263097255023
forecast_3848,2025-06-10 08:00:00,12447.670418636777,12024.531102733745,8251.99384262118
forecast_3849,2025-06-10 09:00:00,8911.43355872156,9430.640100942237,6896.123633827009
forecast_3850,2025-06-10 10:00:00,6915.081457040547,6941.655227781742,4765.168752670139
forecast_3851,2025-06-10 11:00:00,6479.665520723951,6519.584499760642,5344.602288795022
forecast_3852,2025-06-10 12:00:00,6141.242036387482,5599.747458124837,5385.85671410245
forecast_3853,2025-06-10 13:00:00,6800.317635978452,6016.371832152519,5574.435287910795
forecast_3854,2025-06-10 14:00:00,7938.506941513834,7250.131506392444,6174.7695847251925
forecast_3855,2025-06-10 15:00:00,8432.009523079883,8410.188515685952,7550.700270533009
forecast_3856,2025-06-10 16:00:00,8839.92296086051,9602.27062093337,7355.690220711093
forecast_3857,2025-06-10 17:00:00,10894.891641363647,10678.024781802207,9148.287641825314
forecast_3858,2025-06-10 18:00:00,11515.29855147787,11319.898589951421,9878.547198760134
forecast_3859,2025-06-10 19:00:00,12596.355205020556,12561.050624315165,10473.35914040203
forecast_3860,2025-06-10 20:00:00,12994.895472836393,13500.917732645346,12862.423836163078
forecast_3861,2025-06-10 21:00:00,13728.715165720278,13898.05494355318,13346.054599554265
forecast_3862,2025-06-10 22:00:00,13916.521455380049,14650.672730302085,13707.295302963463
forecast_3863,2025-06-10 23:00:00,15857.552920150622,15280.779222864328,14120.61569644718
forecast_3864,2025-06-11 00:00:00,15431.57630159804,14929.94565208477,13844.926963951506
forecast_3865,2025-06-11 01:00:00,14772.438673173534,15296.591581160363,14134.705185050036
forecast_3866,2025-06-11 02:00:00,14483.03410975,13533.846281424912,12869.749871290398
forecast_3867,2025-06-11 03:00:00,13446.20327752566,12647.571451545118,12677.310164743465
forecast_3868,2025-06-11 04:00:00,13911.928110259398,13201.788397464767,11792.305678427028
forecast_3869,2025-06-11 05:00:00,13914.695249042905,12419.180492807533,10034.6325324316
forecast_3870,2025-06-11 06:00:00,12337.967034121091,10558.499249377368,7514.968667357934
forecast_3871,2025-06-11 07:00:00,11930.44891508006,10421.064544000046,7889.7287603576515
forecast_3872,2025-06-11 08:00:00,8289.435544824948,8136.293872938625,5752.464727009325
forecast_3873,2025-06-11 09:00:00,7030.9848901871555,6536.630271299855,4851.841636856436
forecast_3874,2025-06-11 10:00:00,7259.193475893788,5961.335496861429,5026.164137863858
forecast_3875,2025-06-11 11:00:00,7846.943362810209,6328.103489892935,5079.352196841762
forecast_3876,2025-06-11 12:00:00,7089.274265427292,5867.753050339892,4577.866599722593
forecast_3877,2025-06-11 13:00:00,7068.3010141288405,5212.98793603009,4514.8694933378165
forecast_3878,2025-06-11 14:00:00,6826.295106355927,5521.016175974041,4268.104666479644
forecast_3879,2025-06-11 15:00:00,6939.729852656789,5293.768165234319,4326.6067715642175
forecast_3880,2025-06-11 16:00:00,5832.782096487626,4813.044411474873,3967.0373150391747
forecast_3881,2025-06-11 17:00:00,5658.906948138437,4468.2242808074225,4221.643513908808
forecast_3882,2025-06-11 18:00:00,3678.945537355176,3694.1477883106145,3721.379628475846
forecast_3883,2025-06-11 19:00:00,3881.3403763638466,4627.9829366766135,3618.59968767633
forecast_3884,2025-06-11 20:00:00,5297.10343072219,5631.110157011426,4088.857566278919
forecast_3885,2025-06-11 21:00:00,5739.71060873676,5732.113751850503,3876.57052868113
forecast_3886,2025-06-11 22:00:00,7125.399805882282,8210.31351759009,5020.430256748783
forecast_3887,2025-06-11 23:00:00,8102.491089462523,8237.514064131161,5337.821464003914
forecast_3888,2025-06-12 00:00:00,6989.127927215377,7117.423630947674,5167.512128416198
forecast_3889,2025-06-12 01:00:00,5769.6122406219365,5107.546960525022,4105.989038003511
forecast_3890,2025-06-12 02:00:00,5988.329395903543,4920.3380923685745,3781.84304534087
forecast_3891,2025-06-12 03:00:00,3549.374878587177,3315.6036633132,3501.140689684041
forecast_3892,2025-06-12 04:00:00,3425.164327641206,3140.0708126048835,3444.0779094714408
forecast_3893,2025-06-12 05:00:00,3409.826355244395,3064.497389789597,3383.259728850284
forecast_3894,2025-06-12 06:00:00,3256.9739821830094,2823.3384279432757,3370.5507283844677
forecast_3895,2025-06-12 07:00:00,3201.444286667059,2828.3999725110207,3362.945461386129
forecast_3896,2025-06-12 08:00:00,3180.054878880113,2750.273404649781,3362.311281340857
forecast_3897,2025-06-12 09:00:00,3136.136818339637,2571.455159369846,3361.5614224329165
forecast_3898,2025-06-12 10:00:00,3126.9870130953877,2531.315763959466,3360.955157794056
forecast_3899,2025-06-12 11:00:00,3122.2146923447262,2533.0652500188885,3360.820254021638
forecast_3900,2025-06-12 12:00:00,3120.931550518339,2527.1822654902676,3360.7120672581354
forecast_3901,2025-06-12 13:00:00,3121.0227288979036,2527.6922244698935,3360.7945204689368
forecast_3902,2025-06-12 14:00:00,3122.5107968899897,2533.8992235921733,3360.6992851634227
forecast_3903,2025-06-12 15:00:00,3120.94510665896,2529.217829387802,3360.774782238454
forecast_3904,2025-06-12 16:00:00,3123.58845524342,2530.640219040576,3362.6995183327763
forecast_3905,2025-06-12 17:00:00,3142.8250046936873,2613.056101328967,3364.094884715847
forecast_3906,2025-06-12 18:00:00,3162.325201409544,2653.115410767664,3366.0116489332186
forecast_3907,2025-06-12 19:00:00,3216.5308783571077,2795.1815786428365,3384.4623803321865
forecast_3908,2025-06-12 20:00:00,3249.3706209382744,2810.2539727086037,3400.5181726909987
forecast_3909,2025-06-12 21:00:00,3270.9986154727376,2903.5138611286006,3415.332177506783
forecast_3910,2025-06-12 22:00:00,3438.675291525988,3362.2727139630374,3437.6393137761183
forecast_3911,2025-06-12 23:00:00,3456.6934732272466,3485.7733134696205,3479.501227837879
forecast_3912,2025-06-13 00:00:00,3504.2922812494085,3613.5619580401285,3484.1066500367383
forecast_3913,2025-06-13 01:00:00,4413.225712773019,7349.56058370062,3629.323571581744
forecast_3914,2025-06-13 02:00:00,7842.614674587989,8013.345719017851,3655.759764019228
forecast_3915,2025-06-13 03:00:00,8460.448057089745,9230.692375756782,3748.5094577569625
forecast_3916,2025-06-13 04:00:00,5705.410965786585,6102.087376507993,3728.0120052458074
forecast_3917,2025-06-13 05:00:00,4534.085437090363,4487.585689800664,3484.852411868632
forecast_3918,2025-06-13 06:00:00,3671.304215690483,4024.9494229704637,3399.8517032382533
forecast_3919,2025-06-13 07:00:00,3257.165294915999,3015.2873363090903,3367.8960701759265
forecast_3920,2025-06-13 08:00:00,3165.7978049561,2664.6342276775467,3365.5221018718144
forecast_3921,2025-06-13 09:00:00,3156.6331658901363,2660.356894285539,3362.856789114581
forecast_3922,2025-06-13 10:00:00,3151.8551821985034,2626.6871033401967,3362.3923751239904
forecast_3923,2025-06-13 11:00:00,3151.7045001197216,2606.954450131862,3361.894956054828
forecast_3924,2025-06-13 12:00:00,3159.100483319615,2666.153417391283,3364.6747375617824
forecast_3925,2025-06-13 13:00:00,3177.5933937652317,2725.8101814244337,3366.590378056982
forecast_3926,2025-06-13 14:00:00,3212.2368485293546,2851.116314515422,3385.51132474783
forecast_3927,2025-06-13 15:00:00,3256.306533458266,3023.2626711790126,3374.4685894652093
forecast_3928,2025-06-13 16:00:00,3259.8468251827385,3022.1005165389374,3377.4324517060472
forecast_3929,2025-06-13 17:00:00,3275.7770235465428,3103.123671801338,3389.179533632891
forecast_3930,2025-06-13 18:00:00,3300.145896930272,3119.7633122317793,3388.873517861847
forecast_3931,2025-06-13 19:00:00,3354.323366807194,3020.4250655149153,3398.3171148078773
forecast_3932,2025-06-13 20:00:00,3410.9063678131733,3187.648067557611,3438.763044716538
forecast_3933,2025-06-13 21:00:00,3508.9669504112867,3306.0170478454525,3404.7684455667377
forecast_3934,2025-06-13 22:00:00,3577.934316529041,3615.9064584803,3508.2803436905706
forecast_3935,2025-06-13 23:00:00,3917.89903924355,5388.288312200203,3658.9850665936733
forecast_3936,2025-06-14 00:00:00,4050.835795330965,5720.912100089545,3593.121533596158
forecast_3937,2025-06-14 01:00:00,8373.878507569056,8474.887284607095,6469.021566951869
forecast_3938,2025-06-14 02:00:00,7873.923733005809,8543.840385221729,6443.082710786845
forecast_3939,2025-06-14 03:00:00,7746.290084808896,8768.885353619326,5886.393247425473
forecast_3940,2025-06-14 04:00:00,7915.4433377655,8711.420687345922,4830.353463927746
forecast_3941,2025-06-14 05:00:00,7039.576440205677,6970.753855486377,3466.950700791779
forecast_3942,2025-06-14 06:00:00,3566.4615787784896,3544.1635556910032,3378.731166076578
forecast_3943,2025-06-14 07:00:00,3239.719740271416,2783.2524632225236,3363.5063262171516
forecast_3944,2025-06-14 08:00:00,3223.288557657788,2717.9535777796054,3367.1141094560903
forecast_3945,2025-06-14 09:00:00,3191.624847937647,2679.26153485378,3363.7589230794174
forecast_3946,2025-06-14 10:00:00,3289.7300480192002,2937.5857552870075,3383.246571713027
forecast_3947,2025-06-14 11:00:00,3237.948965531366,2698.6139379020296,3368.392964427456
forecast_3948,2025-06-14 12:00:00,3246.4720575796287,2882.6205662303696,3374.1823249590966
forecast_3949,2025-06-14 13:00:00,3202.940360940378,2765.5084713040665,3373.2236368512818
forecast_3950,2025-06-14 14:00:00,3186.4231044646244,2724.883200766584,3369.10288194172
forecast_3951,2025-06-14 15:00:00,3167.662846061691,2691.5512524626333,3365.163429244668
forecast_3952,2025-06-14 16:00:00,3145.823469547228,2628.2680004415533,3363.1214419223106
forecast_3953,2025-06-14 17:00:00,3170.757837032796,2731.4697408337447,3367.4157439812498
forecast_3954,2025-06-14 18:00:00,3179.1264852959534,2773.5531625829844,3368.1446881469105
forecast_3955,2025-06-14 19:00:00,3225.7395543627645,2869.0710248539526,3379.278282486963
forecast_3956,2025-06-14 20:00:00,3268.805701899437,2954.470427790096,3404.6513124820767
forecast_3957,2025-06-14 21:00:00,3362.568930625141,3061.9342881123,3418.9163065010703
forecast_3958,2025-06-14 22:00:00,3367.8124358699074,3225.3521042052257,3436.6694452130996
forecast_3959,2025-06-14 23:00:00,3349.8300409161693,3056.662644917528,3553.6057561315683
forecast_3960,2025-06-15 00:00:00,3386.305508522902,3130.2347919974063,3543.14358893767
forecast_3961,2025-06-15 01:00:00,6001.837244058981,5318.149687216196,4786.535270899415
forecast_3962,2025-06-15 02:00:00,6323.365401368514,5929.988151089475,4712.185509852932
forecast_3963,2025-06-15 03:00:00,5911.658713153911,5728.442889543065,4323.409473198089
forecast_3964,2025-06-15 04:00:00,6024.566758341914,4130.442005169766,4433.2104469625765
forecast_3965,2025-06-15 05:00:00,7310.689178374052,5596.0040681022565,5279.127191721778
forecast_3966,2025-06-15 06:00:00,7236.695306552085,6121.7584744557735,4482.962096727728
forecast_3967,2025-06-15 07:00:00,6018.7983096471135,3669.0367642616275,3727.7557563731
forecast_3968,2025-06-15 08:00:00,3493.7160818333414,3346.4827913689423,3486.7388600927525
forecast_3969,2025-06-15 09:00:00,3395.0123602198,3052.5348565542727,3465.3535416679783
forecast_3970,2025-06-15 10:00:00,3417.3930604227326,3202.5182384412146,3414.610294901278
forecast_3971,2025-06-15 11:00:00,3387.988023690989,3230.595641708372,3383.995981425651
forecast_3972,2025-06-15 12:00:00,3434.683991324891,3391.364382153182,3429.0020106222964
forecast_3973,2025-06-15 13:00:00,3401.342508526705,3253.517029989852,3585.7258111697515
forecast_3974,2025-06-15 14:00:00,3383.556292797761,3277.535825990606,3558.850321663478
forecast_3975,2025-06-15 15:00:00,3433.6854406653256,3530.72064078506,3562.3944587561327
forecast_3976,2025-06-15 16:00:00,3917.1769501716317,4944.9496982360815,4105.896265283993
forecast_3977,2025-06-15 17:00:00,3848.5347796719493,4834.945258821737,3879.9808090325564
forecast_3978,2025-06-15 18:00:00,4167.11778422306,6201.284414226926,4786.581336008674
forecast_3979,2025-06-15 19:00:00,7584.193837560583,7368.894913036062,5452.726825790842
forecast_3980,2025-06-15 20:00:00,8277.934534121578,7942.88085477784,5921.003152586697
forecast_3981,2025-06-15 21:00:00,8748.21837168494,9732.413240796377,6072.042691071223
forecast_3982,2025-06-15 22:00:00,10709.005806274592,11681.690416917141,7465.654928674413
forecast_3983,2025-06-15 23:00:00,10683.298366204668,11624.87041397984,7985.804055095438
forecast_3984,2025-06-16 00:00:00,10496.177006764146,11060.854241057872,8219.312006599854
forecast_3985,2025-06-16 01:00:00,11156.280579935825,11884.280512502475,8139.006212587489
forecast_3986,2025-06-16 02:00:00,11223.856532564994,12003.507456900987,7998.9568186992265
forecast_3987,2025-06-16 03:00:00,9859.086229356517,9814.524814050166,6959.888319570412
forecast_3988,2025-06-16 04:00:00,7331.552442883519,8036.943797571303,6020.279659514649
forecast_3989,2025-06-16 05:00:00,6305.601087927531,7583.0489043196985,5212.941950419589
forecast_3990,2025-06-16 06:00:00,6832.077208665372,8225.149137804283,4538.540061914844
forecast_3991,2025-06-16 07:00:00,7674.902746325413,9054.461056609955,4212.340799335774
forecast_3992,2025-06-16 08:00:00,8756.331289439908,9580.741598292034,6075.4426428676825
forecast_3993,2025-06-16 09:00:00,7487.138801636848,8545.234387296212,6030.613544349771
forecast_3994,2025-06-16 10:00:00,8194.656114790885,9806.133916430768,5948.8062484018565
forecast_3995,2025-06-16 11:00:00,8342.183329135272,10115.861128591056,5943.973519508106
forecast_3996,2025-06-16 12:00:00,8353.755799416987,8811.681486934729,5917.133133221539
forecast_3997,2025-06-16 13:00:00,8884.386978167995,9543.15161281993,7374.071802273325
forecast_3998,2025-06-16 14:00:00,9191.187839107923,11458.562084865993,7983.367709649199
forecast_3999,2025-06-16 15:00:00,10978.821781325789,11935.835408095363,9233.68590016549
forecast_4000,2025-06-16 16:00:00,12714.227527431565,13528.228120421642,9736.045504814427
forecast_4001,2025-06-16 17:00:00,13703.913054673663,13179.668687436537,10913.90237619261
forecast_4002,2025-06-16 18:00:00,14260.242652006516,13390.087026856138,10929.534423997527
forecast_4003,2025-06-16 19:00:00,14826.566795230616,13901.184963937545,12815.701041836519
forecast_4004,2025-06-16 20:00:00,13961.546760408339,14264.141559083931,12045.061698224581
forecast_4005,2025-06-16 21:00:00,13586.75072564258,14838.60443637904,12733.463259709019
forecast_4006,2025-06-16 22:00:00,15161.02206153098,16576.87701280305,15138.774150009636
forecast_4007,2025-06-16 23:00:00,16225.920814001216,17325.700913711433,15874.023567889344
forecast_4008,2025-06-17 00:00:00,16628.73013198785,18211.50085076765,17056.275620907516
forecast_4009,2025-06-17 01:00:00,16693.350987381862,17942.701295067433,17170.56368604571
forecast_4010,2025-06-17 02:00:00,16686.631327155552,18027.150006319516,17400.9827619792
forecast_4011,2025-06-17 03:00:00,17091.82055351886,18197.42626456113,17776.72919681917
forecast_4012,2025-06-17 04:00:00,17444.113543146534,18371.16751967156,18426.000439035633
forecast_4013,2025-06-17 05:00:00,17158.13768834745,18102.381446399897,18181.044429559573
forecast_4014,2025-06-17 06:00:00,15915.08114728819,17471.964460046125,16469.986160780732
forecast_4015,2025-06-17 07:00:00,15069.927786809521,17045.15070468311,15758.338002912544
forecast_4016,2025-06-17 08:00:00,14783.704883844737,16106.080441065069,15487.556561560687
forecast_4017,2025-06-17 09:00:00,14481.974586443475,15738.503296317456,15703.48849837005
forecast_4018,2025-06-17 10:00:00,12960.537846990866,14096.724044038894,14721.804309635034
forecast_4019,2025-06-17 11:00:00,12597.512397900848,13612.294282598566,13709.59065066432
forecast_4020,2025-06-17 12:00:00,12466.874361578191,13647.37746588288,12955.901696177114
forecast_4021,2025-06-17 13:00:00,12279.00850418326,13075.374905072556,11513.542009463677
forecast_4022,2025-06-17 14:00:00,11868.73617723551,12710.440553281507,10993.372143941755
forecast_4023,2025-06-17 15:00:00,11571.186614257167,11644.941345981297,10594.476055620591
forecast_4024,2025-06-17 16:00:00,11212.821243041366,11124.10474850049,9486.194259733473
forecast_4025,2025-06-17 17:00:00,10348.066350219733,10666.950879995336,9024.000096081832
forecast_4026,2025-06-17 18:00:00,9499.563479466995,9959.409864479461,7893.913782172858
forecast_4027,2025-06-17 19:00:00,8116.219786592102,8236.140011650316,6147.859491099336
forecast_4028,2025-06-17 20:00:00,7820.419277147093,8426.886794367492,5633.386823014282
forecast_4029,2025-06-17 21:00:00,7779.0693940216315,9498.666566983278,5050.488287344185
forecast_4030,2025-06-17 22:00:00,7884.544529888366,9633.98354274576,4979.224235809926
forecast_4031,2025-06-17 23:00:00,8224.132441557349,10300.425867815236,5121.073884820582
forecast_4032,2025-06-18 00:00:00,8959.427373658578,10702.02975554969,5490.006459920914
forecast_4033,2025-06-18 01:00:00,8235.931649678942,10291.563449435042,5893.504058032002
forecast_4034,2025-06-18 02:00:00,8527.824843415474,10723.2669743337,6397.950219108717
forecast_4035,2025-06-18 03:00:00,9422.550444912946,11120.582667657616,7283.639460338686
forecast_4036,2025-06-18 04:00:00,9922.008258592889,11081.649397491761,7922.674746164459
forecast_4037,2025-06-18 05:00:00,10857.210099286362,11410.361971194008,8750.387805695
forecast_4038,2025-06-18 06:00:00,11220.035929638118,11915.379218029831,8402.369739726506
forecast_4039,2025-06-18 07:00:00,9595.41108760552,11846.01937439186,6583.643359954043
forecast_4040,2025-06-18 08:00:00,6952.78382646132,10322.381050296168,4495.518683697142
forecast_4041,2025-06-18 09:00:00,6646.564284938147,8600.49714376166,3532.5700139152677
forecast_4042,2025-06-18 10:00:00,5758.758090453622,5734.2733921958725,3144.9715355438398
forecast_4043,2025-06-18 11:00:00,5359.099523998579,4789.4331422585055,3268.2541183470776
forecast_4044,2025-06-18 12:00:00,5327.513506404518,4384.791883163396,3171.637342550578
forecast_4045,2025-06-18 13:00:00,5734.738722835147,4620.898335234488,3096.992906785218
forecast_4046,2025-06-18 14:00:00,5236.523657483702,4612.027283322923,3078.190695190609
forecast_4047,2025-06-18 15:00:00,5364.169190995075,4774.732684291647,3168.6887802683787
forecast_4048,2025-06-18 16:00:00,5477.410006810396,4916.8033733783295,3301.180366451904
forecast_4049,2025-06-18 17:00:00,5206.885871866351,4861.436230436264,3325.201451040025
forecast_4050,2025-06-18 18:00:00,5115.745260990848,5018.423894366597,3438.372305881786
forecast_4051,2025-06-18 19:00:00,5979.810576270181,5821.155316948939,4449.224841554674
forecast_4052,2025-06-18 20:00:00,8089.382764317922,7947.475408381755,6637.15579068881
forecast_4053,2025-06-18 21:00:00,9830.04598803543,9474.370298488744,8633.806171602502
forecast_4054,2025-06-18 22:00:00,10396.809596223806,12248.456359888027,9924.389637355216
forecast_4055,2025-06-18 23:00:00,11167.140391721126,13335.45204495769,10648.542602134205
forecast_4056,2025-06-19 00:00:00,11455.521143378315,13594.979400365992,10772.912020078906
forecast_4057,2025-06-19 01:00:00,13117.819359057572,14752.655040242904,11673.083535032936
forecast_4058,2025-06-19 02:00:00,13480.797077620291,14731.977814966398,11257.16725850425
forecast_4059,2025-06-19 03:00:00,12523.725305292966,14491.48509902354,11035.366063841273
forecast_4060,2025-06-19 04:00:00,11670.451567192527,12855.755656982185,9576.850903442915
forecast_4061,2025-06-19 05:00:00,11759.102679339003,11832.941515941835,8587.370138371229
forecast_4062,2025-06-19 06:00:00,9447.969836791004,10362.954041980973,5835.6838652597835
forecast_4063,2025-06-19 07:00:00,6984.871931895282,7115.8762379788295,4004.774781644666
forecast_4064,2025-06-19 08:00:00,3754.664144526137,4141.296117383084,3414.6754635655457
forecast_4065,2025-06-19 09:00:00,3270.6483839638654,3005.3444890474825,3435.707243550792
forecast_4066,2025-06-19 10:00:00,3239.64407395508,2920.881444519872,3430.048807220248
forecast_4067,2025-06-19 11:00:00,3172.9502823196003,2676.2813078675204,3375.8425609067717
forecast_4068,2025-06-19 12:00:00,3145.9285744892177,2626.304235356926,3372.0253591653363
forecast_4069,2025-06-19 13:00:00,3136.6204490786804,2590.5250822886205,3370.807104687605
forecast_4070,2025-06-19 14:00:00,3149.4420458684044,2636.8525999779686,3367.634645798243
forecast_4071,2025-06-19 15:00:00,3155.5365549834037,2661.4735410001867,3382.7793015978104
forecast_4072,2025-06-19 16:00:00,3188.6540891540685,2793.7492721922927,3384.1116668929226
forecast_4073,2025-06-19 17:00:00,3230.8590224518,2986.0746349730066,3421.7138450904013
forecast_4074,2025-06-19 18:00:00,3280.483093561519,3159.5500413001373,3422.6004531062636
forecast_4075,2025-06-19 19:00:00,3413.131367346105,3488.1742418991657,3464.5484335126157
forecast_4076,2025-06-19 20:00:00,3547.219902279214,3931.277750654503,3654.562021343513
forecast_4077,2025-06-19 21:00:00,3959.1603062480717,5482.977119016483,4218.926911575639
forecast_4078,2025-06-19 22:00:00,7498.537156902797,9397.667774219814,4945.843611630878
forecast_4079,2025-06-19 23:00:00,7639.4567412157685,10261.463644159527,4995.052764375779
forecast_4080,2025-06-20 00:00:00,8025.178773033422,10952.325953639584,5368.683031918075
forecast_4081,2025-06-20 01:00:00,9403.119384706732,12216.846037808504,6973.511817166423
forecast_4082,2025-06-20 02:00:00,10513.020367425259,12787.892661083459,7337.392307056794
forecast_4083,2025-06-20 03:00:00,11163.945083155737,13834.108287693947,8120.168533170536
forecast_4084,2025-06-20 04:00:00,11804.536180601983,13437.98615205216,8801.754003535085
forecast_4085,2025-06-20 05:00:00,11855.639090004075,13620.10694875681,8902.565635008577
forecast_4086,2025-06-20 06:00:00,11086.380370336296,12281.348240800506,7776.047128305324
forecast_4087,2025-06-20 07:00:00,11086.605082676535,12387.81251270439,8137.683844530228
forecast_4088,2025-06-20 08:00:00,9957.51053932038,11846.388451722827,7669.609190606582
forecast_4089,2025-06-20 09:00:00,10280.433762454079,12488.746743699876,8729.461337849756
forecast_4090,2025-06-20 10:00:00,10642.468841848478,13028.42811769075,10014.089154187925
forecast_4091,2025-06-20 11:00:00,12799.148460478711,15318.255454257676,13002.95588263554
forecast_4092,2025-06-20 12:00:00,14024.174491646734,16118.76216014936,14893.076694490652
forecast_4093,2025-06-20 13:00:00,15665.462458688637,16979.642274810492,16029.345252838335
forecast_4094,2025-06-20 14:00:00,15704.882577594644,17579.958146007128,16646.797771106318
forecast_4095,2025-06-20 15:00:00,16324.064820606913,17239.083837390972,17568.40090388899
forecast_4096,2025-06-20 16:00:00,18137.285066331402,18016.433858729848,17935.111739847718
forecast_4097,2025-06-20 17:00:00,18151.47656449711,17421.78494606532,18217.36866213801
forecast_4098,2025-06-20 18:00:00,18539.1372089879,17621.391539310556,18319.405827993363
forecast_4099,2025-06-20 19:00:00,18174.56640330382,17511.29921988649,18356.55933753825
forecast_4100,2025-06-20 20:00:00,17664.933172430177,16996.98677370054,18230.08631316195
forecast_4101,2025-06-20 21:00:00,17963.89392864867,17287.188331994523,18164.662940008227
forecast_4102,2025-06-20 22:00:00,18124.544234316025,17501.126901905183,17858.618324850468
forecast_4103,2025-06-20 23:00:00,18409.792526683792,17889.444161634892,18528.091189143735
forecast_4104,2025-06-21 00:00:00,17740.856335710643,18180.39409200718,18572.887878174264
forecast_4105,2025-06-21 01:00:00,18166.124432357872,18630.423493315193,18075.33630155258
forecast_4106,2025-06-21 02:00:00,17803.914880077515,18567.182145497387,18185.940509201184
forecast_4107,2025-06-21 03:00:00,17514.29364422021,18543.59797711597,17735.381965803423
forecast_4108,2025-06-21 04:00:00,16622.483307415216,17421.77928263158,16823.22713221545
forecast_4109,2025-06-21 05:00:00,14583.847516644137,16392.624425882437,16256.050525499044
forecast_4110,2025-06-21 06:00:00,13488.858303487523,15330.229932043538,15660.06269740979
forecast_4111,2025-06-21 07:00:00,13572.769976477633,15336.465360735263,15091.761881976157
forecast_4112,2025-06-21 08:00:00,14066.396976306381,15349.836644283036,13462.276787302459
forecast_4113,2025-06-21 09:00:00,13349.709084990332,14869.956977475873,10867.293720507223
forecast_4114,2025-06-21 10:00:00,11298.31482506836,12231.337556844674,9523.36916498111
forecast_4115,2025-06-21 11:00:00,9242.270269871095,10354.635299960024,9421.748861113516
forecast_4116,2025-06-21 12:00:00,9435.238617353783,10529.403127093383,8726.415029510905
forecast_4117,2025-06-21 13:00:00,8595.237667774607,10106.441500117395,7730.8953633762485
forecast_4118,2025-06-21 14:00:00,9305.576143249318,10048.162149270533,7523.029633660484
forecast_4119,2025-06-21 15:00:00,9897.170715977938,11012.01484106805,8134.6772351925365
forecast_4120,2025-06-21 16:00:00,10281.229586631063,11955.77464625908,8573.881206510658
forecast_4121,2025-06-21 17:00:00,12040.268304825886,12353.122840373044,9308.012006873862
forecast_4122,2025-06-21 18:00:00,11564.455007448027,11832.318053102706,9907.572635446844
forecast_4123,2025-06-21 19:00:00,11290.576076097443,12392.657261940716,9646.592095875021
forecast_4124,2025-06-21 20:00:00,12313.859693577544,12248.623424355466,10295.46459200445
forecast_4125,2025-06-21 21:00:00,13165.378237322731,13304.598310728115,12392.38899096891
forecast_4126,2025-06-21 22:00:00,14283.309289900772,13171.773162033996,14344.647993085167
forecast_4127,2025-06-21 23:00:00,13140.663958896892,12735.619631876238,13728.232751235833
forecast_4128,2025-06-22 00:00:00,13720.901827503694,13415.105584902103,14180.671775142075
forecast_4129,2025-06-22 01:00:00,13833.307402800006,14547.13102953255,13345.78106283681
forecast_4130,2025-06-22 02:00:00,14154.928968440776,13908.971886998663,11927.443492202156
forecast_4131,2025-06-22 03:00:00,12683.281411648282,11207.043154207897,9507.18110422998
forecast_4132,2025-06-22 04:00:00,12252.83572828104,10857.83920914832,7987.134871848944
forecast_4133,2025-06-22 05:00:00,10960.8441186796,11073.941831182174,8737.459250548252
forecast_4134,2025-06-22 06:00:00,10159.924424610135,10242.197399649927,6824.029970502539
forecast_4135,2025-06-22 07:00:00,9778.140007496186,9349.261753181388,5893.583629046565
forecast_4136,2025-06-22 08:00:00,9528.532372043062,8497.612699780771,4551.123746550391
forecast_4137,2025-06-22 09:00:00,7370.68001977383,6766.134240614495,3875.227493500659
forecast_4138,2025-06-22 10:00:00,6218.512665805713,4826.521207804857,3608.15465428659
forecast_4139,2025-06-22 11:00:00,5504.859397994189,4446.475851445647,3745.5551883520725
forecast_4140,2025-06-22 12:00:00,5845.884963059785,4070.5804736644964,3740.925247620667
forecast_4141,2025-06-22 13:00:00,6073.208604880212,4498.964897162054,3596.1614728253417
forecast_4142,2025-06-22 14:00:00,5722.659297556898,3889.658413680087,3481.614885418525
forecast_4143,2025-06-22 15:00:00,4991.776983181775,3769.535925592174,3380.818513656824
forecast_4144,2025-06-22 16:00:00,5183.08615416784,4198.875267860957,3369.6303039865693
forecast_4145,2025-06-22 17:00:00,4649.968731678605,4153.464453420116,3210.5048719624506
forecast_4146,2025-06-22 18:00:00,4766.454477125811,4754.038823857444,3544.341098516366
forecast_4147,2025-06-22 19:00:00,5070.065729703184,4939.664071476392,3500.5579136023225
forecast_4148,2025-06-22 20:00:00,5438.771564500485,4969.944017819447,4090.6430167964645
forecast_4149,2025-06-22 21:00:00,6305.777069836464,5762.74326772219,4940.992579843762
forecast_4150,2025-06-22 22:00:00,7666.213889828155,7883.330119136612,5825.753538146668
forecast_4151,2025-06-22 23:00:00,7385.672299625495,7025.716607649259,4877.359591282535
forecast_4152,2025-06-23 00:00:00,6485.877198878313,5765.904388152935,4553.347285199057
forecast_4153,2025-06-23 01:00:00,5723.296452467989,3838.4704510296756,4200.684929189592
forecast_4154,2025-06-23 02:00:00,3719.9907193796457,3760.7756831609913,4242.438957713732
forecast_4155,2025-06-23 03:00:00,3675.5500099766723,3681.458837386949,3586.9888767724437
forecast_4156,2025-06-23 04:00:00,3612.208349505925,3479.6824864489186,3477.6592189910625
forecast_4157,2025-06-23 05:00:00,3391.264414683256,3245.133715443266,3412.524973599252
forecast_4158,2025-06-23 06:00:00,3303.397831108312,3143.7726525569883,3384.543737371501
forecast_4159,2025-06-23 07:00:00,3228.538864708881,2813.299274563964,3367.4366963958964
forecast_4160,2025-06-23 08:00:00,3155.5333825591333,2636.7092279939206,3364.8031082000643
forecast_4161,2025-06-23 09:00:00,3140.7545483791405,2612.1387684763567,3364.060322325249
forecast_4162,2025-06-23 10:00:00,3140.1124064280843,2612.249981228607,3365.002678451042
forecast_4163,2025-06-23 11:00:00,3148.7882440387593,2647.4727219587758,3369.1384083626867
forecast_4164,2025-06-23 12:00:00,3159.6356371337856,2704.7041458437857,3370.4277904464047
forecast_4165,2025-06-23 13:00:00,3167.3699586403736,2730.3604757452804,3373.181235835143
forecast_4166,2025-06-23 14:00:00,3165.696378488385,2727.5411268612006,3375.4829657423693
forecast_4167,2025-06-23 15:00:00,3166.709272717393,2729.02839660679,3380.4106025391634
forecast_4168,2025-06-23 16:00:00,3144.370503753648,2633.6785842932477,3366.990301459544
forecast_4169,2025-06-23 17:00:00,3133.189378124678,2585.779407917127,3362.2481594726482
forecast_4170,2025-06-23 18:00:00,3125.5083508522566,2546.2635458328955,3362.4463095664555
forecast_4171,2025-06-23 19:00:00,3124.6172796664973,2536.955478628736,3362.6363672169523
forecast_4172,2025-06-23 20:00:00,3139.08998342333,2556.1245017393294,3363.8601191747593
forecast_4173,2025-06-23 21:00:00,3136.579376333122,2549.1789754119695,3363.87526305327
forecast_4174,2025-06-23 22:00:00,3133.621508742977,2560.15947321387,3362.0718079606104
forecast_4175,2025-06-23 23:00:00,3140.561485558601,2569.763051602952,3361.9000657592906
forecast_4176,2025-06-24 00:00:00,3137.3603184787203,2559.5992426073067,3362.1846532288905
forecast_4177,2025-06-24 01:00:00,3136.738146552005,2575.2076005323725,3362.208531967648
forecast_4178,2025-06-24 02:00:00,3146.8235479520986,2613.6040060968076,3362.1482900313063
forecast_4179,2025-06-24 03:00:00,3155.2238720878718,2638.141213675007,3362.1358163896252
forecast_4180,2025-06-24 04:00:00,3181.959959694332,2734.0992561357175,3363.116999569978
forecast_4181,2025-06-24 05:00:00,3245.4509659349555,2896.9202724004663,3364.2308350624435
forecast_4182,2025-06-24 06:00:00,3244.58389227576,2983.6069583393264,3363.1468039591327
forecast_4183,2025-06-24 07:00:00,3361.1663732129377,3290.852886422436,3370.6796042679453
forecast_4184,2025-06-24 08:00:00,3334.234010365013,3313.4783205852027,3381.176017448997
forecast_4185,2025-06-24 09:00:00,3343.3078241700996,3407.7051981237673,3378.0430586100483
forecast_4186,2025-06-24 10:00:00,3332.838122301142,3286.6251175577318,3374.4599382023953
forecast_4187,2025-06-24 11:00:00,3311.6347470025426,3218.149159194538,3377.9336238246174
forecast_4188,2025-06-24 12:00:00,3320.8990132421904,3266.9486686394393,3375.081987709037
forecast_4189,2025-06-24 13:00:00,3350.4122352922736,3354.6487975238656,3381.2770051172874
forecast_4190,2025-06-24 14:00:00,3361.2464442937535,3372.653034170666,3375.0506401219372
forecast_4191,2025-06-24 15:00:00,3378.150833258322,3489.190645739251,3385.1474394882007
forecast_4192,2025-06-24 16:00:00,3474.50278456795,3606.9453439426566,3382.0682062699393
forecast_4193,2025-06-24 17:00:00,3892.059839435807,4901.161401837369,3400.492300015119
forecast_4194,2025-06-24 18:00:00,3734.686554245375,4085.7816381750827,3414.967662350811
forecast_4195,2025-06-24 19:00:00,3982.614265713118,5054.256972255816,3461.748392342962
forecast_4196,2025-06-24 20:00:00,5846.7688580023205,6372.076026218373,3491.8673463503555
forecast_4197,2025-06-24 21:00:00,5405.04949291661,6425.125842610938,3586.1279572952812
forecast_4198,2025-06-24 22:00:00,7003.39189935345,7997.39363638499,3604.7827054642257
forecast_4199,2025-06-24 23:00:00,7174.9940472315175,8184.237016018225,3548.4714612356083
forecast_4200,2025-06-25 00:00:00,7209.452265621556,7924.710027368885,3626.284171205637
forecast_4201,2025-06-25 01:00:00,6355.890600556,6766.878834147483,3574.942465035337
forecast_4202,2025-06-25 02:00:00,5545.874600638701,6455.939740608501,3589.6845035263327
forecast_4203,2025-06-25 03:00:00,4422.815528541051,4774.21816829169,3438.8591496760214
forecast_4204,2025-06-25 04:00:00,3688.403172302849,3737.7042168001412,3393.017541581972
forecast_4205,2025-06-25 05:00:00,3615.2008128828998,3568.9635118126457,3390.7350918794036
forecast_4206,2025-06-25 06:00:00,3690.311749093082,3708.1172777096976,3388.4724987091768
forecast_4207,2025-06-25 07:00:00,3555.2331808731674,3441.48210651155,3379.073297727719
forecast_4208,2025-06-25 08:00:00,3492.973356040864,3328.613304509925,3378.537697008331
forecast_4209,2025-06-25 09:00:00,3372.2318791381063,3285.455937872675,3380.999139388408
forecast_4210,2025-06-25 10:00:00,3311.5903789961026,3186.6494551354795,3374.761886696098
forecast_4211,2025-06-25 11:00:00,3310.2040253136106,3088.308048389353,3373.3515986351945
forecast_4212,2025-06-25 12:00:00,3302.0669136179713,3113.9491763884675,3375.58881837328
forecast_4213,2025-06-25 13:00:00,3278.87976084523,3076.165320241932,3372.87211300591
forecast_4214,2025-06-25 14:00:00,3243.4937397416506,3016.6561158870577,3365.1991964537788
forecast_4215,2025-06-25 15:00:00,3217.8209906918537,2924.3873610022415,3361.5549932190756
forecast_4216,2025-06-25 16:00:00,3221.034455758141,2930.648146887359,3362.620230509455
forecast_4217,2025-06-25 17:00:00,3230.5057034693064,3001.2513285594887,3362.505106015519
forecast_4218,2025-06-25 18:00:00,3217.0081621579952,2954.1479662212437,3364.3313489673465
forecast_4219,2025-06-25 19:00:00,3271.1951888959247,3071.7664036861606,3369.083494813811
forecast_4220,2025-06-25 20:00:00,3360.251770115906,3297.9728249085742,3377.1520264805736
forecast_4221,2025-06-25 21:00:00,3472.340901773509,3542.214321138729,3429.00130538861
forecast_4222,2025-06-25 22:00:00,4055.46294989836,5513.547073203074,3526.074947204517
forecast_4223,2025-06-25 23:00:00,5869.076436219725,5783.353405205046,4109.605510353665
forecast_4224,2025-06-26 00:00:00,7092.841961915123,6524.710490142886,4363.911859798701
forecast_4225,2025-06-26 01:00:00,9494.825005550974,9472.907732713726,6115.724169005837
forecast_4226,2025-06-26 02:00:00,11924.749649598867,10941.539177970979,7849.791052389232
forecast_4227,2025-06-26 03:00:00,13777.595985641605,12275.57131268915,9462.830686042997
forecast_4228,2025-06-26 04:00:00,14412.536407512045,12948.00882116049,9515.990705090742
forecast_4229,2025-06-26 05:00:00,13121.424683401267,12873.638656690016,9338.869362427684
forecast_4230,2025-06-26 06:00:00,11976.999191439356,11510.412123153546,9431.748566703722
forecast_4231,2025-06-26 07:00:00,12165.78653541009,11108.345228711376,8767.449063790104
forecast_4232,2025-06-26 08:00:00,11957.3132754851,10990.873225930598,7418.308683410196
forecast_4233,2025-06-26 09:00:00,12289.115632697816,10774.128585755001,7787.62726212022
forecast_4234,2025-06-26 10:00:00,9227.243498729546,8466.119656743216,5641.137281268409
forecast_4235,2025-06-26 11:00:00,8080.540408089842,6230.603644679789,5163.454534087839
forecast_4236,2025-06-26 12:00:00,7410.212323956652,6362.229635448511,5698.823389042948
forecast_4237,2025-06-26 13:00:00,6338.272634281249,5911.535093524949,4837.6634950118605
forecast_4238,2025-06-26 14:00:00,6145.760242056419,5101.236100730583,4446.069251893572
forecast_4239,2025-06-26 15:00:00,7518.480393596795,5786.63377116845,4691.794859668652
forecast_4240,2025-06-26 16:00:00,8708.262185964877,5838.13663055579,5515.211618366574
forecast_4241,2025-06-26 17:00:00,8546.163109801377,5767.307372885254,4930.580427295436
forecast_4242,2025-06-26 18:00:00,7992.0361851144025,5447.439659342874,4832.554457946155
forecast_4243,2025-06-26 19:00:00,7371.504579252583,5403.794953169284,4868.929315719381
forecast_4244,2025-06-26 20:00:00,8654.839149480997,5395.0576921200245,5157.690852451982
forecast_4245,2025-06-26 21:00:00,7763.432586846469,5241.70088479714,4938.862575909476
forecast_4246,2025-06-26 22:00:00,6664.027807339817,6449.002446763463,5231.1343010793835
forecast_4247,2025-06-26 23:00:00,6959.823649284368,6087.017562114267,5340.879502174966
forecast_4248,2025-06-27 00:00:00,6588.817492180251,5623.164468292897,5076.864599807442
forecast_4249,2025-06-27 01:00:00,5743.529489858429,3647.9623506810563,4642.083567389925
forecast_4250,2025-06-27 02:00:00,5613.381908120236,3717.6972023528474,4192.764609658041
forecast_4251,2025-06-27 03:00:00,6047.6099714137545,3632.254285543491,5434.554782910919
forecast_4252,2025-06-27 04:00:00,6148.18353638886,3706.645598554543,5561.434314637912
forecast_4253,2025-06-27 05:00:00,3638.616257386379,3529.4653566670195,3751.3782946447936
forecast_4254,2025-06-27 06:00:00,3404.868085795781,3273.744724547014,3407.9399693000996
forecast_4255,2025-06-27 07:00:00,3393.8610103700844,3060.7481267259654,3378.035084146886
forecast_4256,2025-06-27 08:00:00,3248.176141231966,2901.9217996999705,3371.260279711666
forecast_4257,2025-06-27 09:00:00,3163.072026609515,2683.0522172889173,3363.5622873531315
forecast_4258,2025-06-27 10:00:00,3158.1857457184883,2682.198486225478,3363.1999352642542
forecast_4259,2025-06-27 11:00:00,3143.2639809650154,2590.173231842673,3361.6596453199827
forecast_4260,2025-06-27 12:00:00,3170.2639684469877,2731.3136641309356,3361.3254205018366
forecast_4261,2025-06-27 13:00:00,3313.6792664783306,3240.5301666198493,3364.588228693667
forecast_4262,2025-06-27 14:00:00,3252.119926268677,2807.854402375501,3363.9974527700006
forecast_4263,2025-06-27 15:00:00,3242.7311975912853,2834.8797669254604,3364.808172837724
forecast_4264,2025-06-27 16:00:00,3230.7439586979694,2922.660074745811,3362.6560971225185
forecast_4265,2025-06-27 17:00:00,3269.8809462093704,3125.99951886995,3363.047432116081
forecast_4266,2025-06-27 18:00:00,3266.994634238304,3079.247511617053,3362.8095379168553
forecast_4267,2025-06-27 19:00:00,3322.558716770797,3238.34434000643,3366.010404453529
forecast_4268,2025-06-27 20:00:00,3303.05893590561,3041.039877429523,3376.4861660148295
forecast_4269,2025-06-27 21:00:00,3582.180013756371,3711.7984990444593,3475.000842468645
forecast_4270,2025-06-27 22:00:00,5855.994345024113,6050.6585988355755,3762.6431026279984
forecast_4271,2025-06-27 23:00:00,6925.551086741536,7709.43047675509,4391.109515761437
forecast_4272,2025-06-28 00:00:00,7571.802232133154,8146.55083197674,4820.091190058572
forecast_4273,2025-06-28 01:00:00,8911.486562438053,9427.916876371539,5538.402382117574
forecast_4274,2025-06-28 02:00:00,10879.698677007555,11801.591629274257,6790.229160398852
forecast_4275,2025-06-28 03:00:00,11486.43356675279,11944.662087642984,6912.217914138849
forecast_4276,2025-06-28 04:00:00,12270.435150997117,12891.050558840654,7421.328708183362
forecast_4277,2025-06-28 05:00:00,11651.11667389345,12187.195879515639,7330.745062132096
forecast_4278,2025-06-28 06:00:00,9299.471154916839,10159.382886538862,5201.4258446200565
forecast_4279,2025-06-28 07:00:00,9876.305508152187,9861.536203250302,5393.775778765132
forecast_4280,2025-06-28 08:00:00,7838.14181292595,8357.526617878633,3718.023127742232
forecast_4281,2025-06-28 09:00:00,6336.411378537695,6345.091840328902,3744.1319334841633
forecast_4282,2025-06-28 10:00:00,3748.2544771280127,4043.2408879013287,3536.136409340048
forecast_4283,2025-06-28 11:00:00,3542.3415415395525,3307.6919671609935,3445.258161808342
forecast_4284,2025-06-28 12:00:00,3259.7775316716466,2788.7336575481313,3378.3506751678656
forecast_4285,2025-06-28 13:00:00,3178.4158724945355,2684.0837880123927,3372.3808710856574
forecast_4286,2025-06-28 14:00:00,3233.541720009082,2900.148556407428,3402.369393934892
forecast_4287,2025-06-28 15:00:00,3205.1493123726254,2817.9807095153305,3412.825347375416
forecast_4288,2025-06-28 16:00:00,3214.9559176405473,2858.516793199853,3478.84819424597
forecast_4289,2025-06-28 17:00:00,3286.9756410199616,3054.043468866971,3561.470116443297
forecast_4290,2025-06-28 18:00:00,3480.8709576118363,3416.7950931914866,3556.4523586255887
forecast_4291,2025-06-28 19:00:00,3584.738505020698,3839.5310408550076,3595.6318618881623
forecast_4292,2025-06-28 20:00:00,6498.514263708545,6820.447953892903,4457.525659989756
forecast_4293,2025-06-28 21:00:00,7992.462787451036,8302.07090752888,5503.326578594966
forecast_4294,2025-06-28 22:00:00,8477.21770386343,10231.29466642673,5903.912842542653
forecast_4295,2025-06-28 23:00:00,9312.200642546264,10876.382354550333,5627.33854011915
forecast_4296,2025-06-29 00:00:00,9118.633727961645,10797.765887160633,5954.497699487275
forecast_4297,2025-06-29 01:00:00,9199.081576833978,11195.33319548728,7349.142707986645
forecast_4298,2025-06-29 02:00:00,9748.918611288358,12034.763306491559,8725.78387539437
forecast_4299,2025-06-29 03:00:00,11595.168940242582,13455.289036249906,10700.051351588187
forecast_4300,2025-06-29 04:00:00,13226.28517998624,14413.765968537487,11245.230101633691
forecast_4301,2025-06-29 05:00:00,14187.834445863466,14733.511871644481,11273.716351167348
forecast_4302,2025-06-29 06:00:00,13328.130840818756,13788.235419039689,9271.255218956505
forecast_4303,2025-06-29 07:00:00,11907.442781155378,12990.120989278166,7676.175407412227
forecast_4304,2025-06-29 08:00:00,9991.726152966663,12461.590353438907,6610.997113732864
forecast_4305,2025-06-29 09:00:00,8500.106887957152,10009.116762800802,5140.349470607748
forecast_4306,2025-06-29 10:00:00,7360.854645865832,6411.173908820851,4637.732001354095
forecast_4307,2025-06-29 11:00:00,6133.226189873201,5051.9712657422615,3758.9276687763336
forecast_4308,2025-06-29 12:00:00,4904.836806988166,3821.8012184718905,3358.4242862424594
forecast_4309,2025-06-29 13:00:00,5115.7278980653455,3586.975984410125,3628.493013774123
forecast_4310,2025-06-29 14:00:00,5280.771427818634,3853.874577871043,3754.8293249995477
forecast_4311,2025-06-29 15:00:00,4535.008452325662,3620.69004901702,3667.141458798544
forecast_4312,2025-06-29 16:00:00,5220.939383607136,3752.0788925560228,3884.5986079975046
forecast_4313,2025-06-29 17:00:00,4944.2706621377165,3748.8813837431794,3769.595998842484
forecast_4314,2025-06-29 18:00:00,5234.417106494089,3906.0730801052873,3563.949939087625
forecast_4315,2025-06-29 19:00:00,6541.41754246592,4040.8974994560194,4316.474606472808
forecast_4316,2025-06-29 20:00:00,8559.050759743537,6766.25141809983,4963.457123078508
forecast_4317,2025-06-29 21:00:00,8428.825620563097,8281.462703642457,5950.615636900428
forecast_4318,2025-06-29 22:00:00,9992.927155411842,11605.444352425382,7627.128075596847
forecast_4319,2025-06-29 23:00:00,10555.449791021145,11931.958208623797,8778.20468043476
forecast_4320,2025-06-30 00:00:00,10478.523589912382,11822.104861720727,8926.778916960415
forecast_4321,2025-06-30 01:00:00,9770.882153494145,11038.663858188282,7069.544276356669
forecast_4322,2025-06-30 02:00:00,9896.121113721014,11363.366008526278,7450.291508037
forecast_4323,2025-06-30 03:00:00,9716.305032532187,10940.792866662585,6634.759085759617
forecast_4324,2025-06-30 04:00:00,9906.363734309665,11025.617489635277,6343.343873722884
forecast_4325,2025-06-30 05:00:00,9951.004911538907,11081.030738894598,6282.021197398363
forecast_4326,2025-06-30 06:00:00,10178.06098671654,11171.772989045661,5859.564154930386
forecast_4327,2025-06-30 07:00:00,9506.18882128127,10611.572716214492,5029.525806410549
forecast_4328,2025-06-30 08:00:00,7581.155193315477,9439.682670926752,4752.505922443448
forecast_4329,2025-06-30 09:00:00,7234.958014833907,7433.144439118221,4396.924318505562
forecast_4330,2025-06-30 10:00:00,5853.995316674511,5179.087672060833,3861.1706888244194
forecast_4331,2025-06-30 11:00:00,5304.751688674292,4299.695356514339,3650.8044095370387
forecast_4332,2025-06-30 12:00:00,3612.3562282741714,3701.9965110146354,3632.684045925544
forecast_4333,2025-06-30 13:00:00,4348.550571524939,4136.186260070648,4011.9595550916306
forecast_4334,2025-06-30 14:00:00,5050.005125892499,5179.550596218365,4221.482966892745
forecast_4335,2025-06-30 15:00:00,5598.23257577458,5505.799232670537,4671.394683329655
forecast_4336,2025-06-30 16:00:00,6607.448933350338,5969.310243510708,5215.379759299335
forecast_4337,2025-06-30 17:00:00,6289.5415921277145,6031.733376790247,5304.951930004263
forecast_4338,2025-06-30 18:00:00,7842.5029619914285,7514.445486852766,6802.501413883222
forecast_4339,2025-06-30 19:00:00,9433.809223764556,8954.55023239354,7969.610530591769
forecast_4340,2025-06-30 20:00:00,10610.616163076773,11418.440726513361,8706.666290557147
forecast_4341,2025-06-30 21:00:00,12332.760081767514,12166.130112429835,9379.654332188318
forecast_4342,2025-06-30 22:00:00,13012.423736714985,14116.081061554021,9665.458006339997
forecast_4343,2025-06-30 23:00:00,12942.767458664131,13860.953494422003,9874.342950081236
forecast_4344,2025-07-01 00:00:00,12786.914313325302,13606.779114579662,9584.845781588312
forecast_4345,2025-07-01 01:00:00,13183.108990207864,13622.836575193713,9249.443624208288
forecast_4346,2025-07-01 02:00:00,12755.964314627427,13886.142821894864,9304.83641607381
forecast_4347,2025-07-01 03:00:00,12994.055081092645,13885.28483695772,9250.69405249
forecast_4348,2025-07-01 04:00:00,12378.272558099112,13180.422747731982,9445.558857560542
forecast_4349,2025-07-01 05:00:00,12596.872138052255,14205.207406834463,9607.600270612287
forecast_4350,2025-07-01 06:00:00,11507.528904116512,12823.265958024767,7569.264989323033
forecast_4351,2025-07-01 07:00:00,11138.075992965125,12333.148687234307,6697.629489351802
forecast_4352,2025-07-01 08:00:00,10210.746187471555,12055.833237989871,6366.723269503472
forecast_4353,2025-07-01 09:00:00,8841.753286327912,10327.552391094081,5976.788380840116
forecast_4354,2025-07-01 10:00:00,8067.064262296849,8458.503145145369,6365.381234646958
forecast_4355,2025-07-01 11:00:00,7552.4608272171245,7286.042346092927,6263.546966886112
forecast_4356,2025-07-01 12:00:00,7953.42952937899,7805.060231016033,6407.41092659828
forecast_4357,2025-07-01 13:00:00,7708.34859798481,7083.498502506281,6154.428320309244
forecast_4358,2025-07-01 14:00:00,7411.692399468807,7220.4098527450615,6019.891672797698
forecast_4359,2025-07-01 15:00:00,7046.037852740901,6934.743703582531,5875.94718834877
forecast_4360,2025-07-01 16:00:00,7071.932568652498,6667.243836598904,5623.703967132037
forecast_4361,2025-07-01 17:00:00,7086.258722518318,6660.115893839386,5457.813095719767
forecast_4362,2025-07-01 18:00:00,6965.446110661792,6951.06627305272,6646.306456027784
forecast_4363,2025-07-01 19:00:00,7979.280212494833,8638.271400048223,7726.42246699333
forecast_4364,2025-07-01 20:00:00,8889.36140150801,9481.648838966525,8654.69631363537
forecast_4365,2025-07-01 21:00:00,10380.97930824434,11281.37339388163,9379.209004273222
forecast_4366,2025-07-01 22:00:00,11291.376307150631,13732.654130623674,9991.045259563152
forecast_4367,2025-07-01 23:00:00,12971.597536588004,15069.707751605518,11238.929272207399
forecast_4368,2025-07-02 00:00:00,13660.28867382539,15312.129969194162,11880.300349067298
forecast_4369,2025-07-02 01:00:00,14859.748943609284,15562.140693807765,13925.035813017335
forecast_4370,2025-07-02 02:00:00,16227.859812847124,16576.43476164014,14757.556938163038
forecast_4371,2025-07-02 03:00:00,16604.18996868002,16625.982722131997,15252.918705458167
forecast_4372,2025-07-02 04:00:00,15981.377072109373,16694.4758921462,14786.652216979272
forecast_4373,2025-07-02 05:00:00,16270.077908963336,16868.108914746834,15811.707500228054
forecast_4374,2025-07-02 06:00:00,16112.324149309443,16108.164693810635,14164.704608882266
forecast_4375,2025-07-02 07:00:00,15290.896044773486,15961.224753813483,12029.809664409564
forecast_4376,2025-07-02 08:00:00,14496.558551330358,14185.233701030244,11997.08453739786
forecast_4377,2025-07-02 09:00:00,12716.820352870429,13479.755614082962,9717.992109941977
forecast_4378,2025-07-02 10:00:00,10125.795836958605,11245.260162361536,8004.751626038319
forecast_4379,2025-07-02 11:00:00,8560.463721487225,8923.90525438931,6057.541293222604
forecast_4380,2025-07-02 12:00:00,7524.826910840751,7539.75494977145,6169.4795293923535
forecast_4381,2025-07-02 13:00:00,7998.3263301077495,7215.906366420822,6269.555371522753
forecast_4382,2025-07-02 14:00:00,7552.117324202353,6980.407628286488,5598.927804734895
forecast_4383,2025-07-02 15:00:00,6446.3721562464425,6171.179611654068,4225.176627203055
forecast_4384,2025-07-02 16:00:00,5415.903812745209,5265.126867212023,3717.173100060781
forecast_4385,2025-07-02 17:00:00,4828.653593245094,3908.2735140125683,3657.348894550173
forecast_4386,2025-07-02 18:00:00,5783.12202836587,5154.377070696532,3989.0652679199097
forecast_4387,2025-07-02 19:00:00,5920.78015417504,5361.954605502821,4001.389195801077
forecast_4388,2025-07-02 20:00:00,7560.880260729469,7282.944853779731,4516.31334233825
forecast_4389,2025-07-02 21:00:00,9045.75568303325,8890.317146087875,5261.300987702716
forecast_4390,2025-07-02 22:00:00,9063.344605751416,10972.64054153184,6100.733492251044
forecast_4391,2025-07-02 23:00:00,9892.491079227482,11918.987247458035,6715.372261829301
forecast_4392,2025-07-03 00:00:00,10695.235905683121,12630.175932986645,7612.367723637767
forecast_4393,2025-07-03 01:00:00,12194.095261565213,13509.91662048146,8307.045859831936
forecast_4394,2025-07-03 02:00:00,13275.383657860597,14731.302150640722,9333.222616664265
forecast_4395,2025-07-03 03:00:00,14423.629033230423,15645.461441155805,10042.915934247265
forecast_4396,2025-07-03 04:00:00,15007.392763834825,15860.610936084036,10722.143789774153
forecast_4397,2025-07-03 05:00:00,15583.808830461543,16165.376313021226,11933.424308162354
forecast_4398,2025-07-03 06:00:00,14408.611277175756,15278.166009579601,10887.57787268527
forecast_4399,2025-07-03 07:00:00,13382.167779408092,14560.042061500166,9180.932370641567
forecast_4400,2025-07-03 08:00:00,13569.697894495628,14525.902635206776,9173.840005350237
forecast_4401,2025-07-03 09:00:00,13606.26371019494,14430.980674600734,10320.258358013109
forecast_4402,2025-07-03 10:00:00,10812.462719408803,11281.137164875767,9417.402479400482
forecast_4403,2025-07-03 11:00:00,9762.13119895013,10252.237224955199,9227.630277454824
forecast_4404,2025-07-03 12:00:00,9381.566379842567,8993.830973109609,7755.6644274124355
forecast_4405,2025-07-03 13:00:00,9151.791246255923,8276.861842520133,8162.3468736999885
forecast_4406,2025-07-03 14:00:00,9547.060666543104,8420.577396429753,9271.299098682726
forecast_4407,2025-07-03 15:00:00,10053.838368156186,8643.161909389266,9731.963843899015
forecast_4408,2025-07-03 16:00:00,10263.412216481358,8766.893151479799,10162.38243218259
forecast_4409,2025-07-03 17:00:00,9538.126824027713,8698.395183493665,10355.202467676181
forecast_4410,2025-07-03 18:00:00,10315.227916772586,9606.235936420118,11399.198341097239
forecast_4411,2025-07-03 19:00:00,12452.17140975745,11027.889923506931,12860.419398907983
forecast_4412,2025-07-03 20:00:00,12898.755137977902,12552.068459196693,13460.2558576767
forecast_4413,2025-07-03 21:00:00,13318.117239567575,14126.33605419316,14183.683470642687
forecast_4414,2025-07-03 22:00:00,14027.596539015878,15291.823755265215,13640.62638023173
forecast_4415,2025-07-03 23:00:00,14720.527192243631,15762.78404657735,14592.416012002588
forecast_4416,2025-07-04 00:00:00,16182.971469918186,16652.26958356531,15590.564308973624
forecast_4417,2025-07-04 01:00:00,16258.48083698891,16463.867620725858,16143.698118158442
forecast_4418,2025-07-04 02:00:00,16361.839936504131,16771.823392523984,17303.348420362574
forecast_4419,2025-07-04 03:00:00,17155.433786180947,17343.854399891574,17641.03940700862
forecast_4420,2025-07-04 04:00:00,17742.200903952093,17280.362204342407,18158.052773767176
forecast_4421,2025-07-04 05:00:00,17250.938390008338,17258.70973179896,18248.075422017064
forecast_4422,2025-07-04 06:00:00,17885.31927998337,17053.79118868409,17266.29373119258
forecast_4423,2025-07-04 07:00:00,16884.256952523316,17452.4264199921,17319.289567347074
forecast_4424,2025-07-04 08:00:00,17138.60242223762,17430.427382729995,17001.508257526704
forecast_4425,2025-07-04 09:00:00,17084.145646559253,17192.837473870255,16923.32783001432
forecast_4426,2025-07-04 10:00:00,16235.338744882356,16491.38875871374,15050.11269846585
forecast_4427,2025-07-04 11:00:00,16121.080932316745,16236.363285171494,16428.75914789112
forecast_4428,2025-07-04 12:00:00,15892.925834028529,15923.338490815413,15783.420600356663
forecast_4429,2025-07-04 13:00:00,16000.887212318186,16149.458784369215,15743.96801970145
forecast_4430,2025-07-04 14:00:00,16025.608149350515,16294.912526460024,16807.99486832678
forecast_4431,2025-07-04 15:00:00,16045.46728480208,16597.15757136579,16620.35596048601
forecast_4432,2025-07-04 16:00:00,14947.780602131224,16506.8254056966,17545.521352426204
forecast_4433,2025-07-04 17:00:00,14798.784791416625,16490.895178350973,17693.553758461883
forecast_4434,2025-07-04 18:00:00,15013.917366673859,16649.822598022118,17573.984788576203
forecast_4435,2025-07-04 19:00:00,15431.957812522056,16353.09663852866,17917.0453951283
forecast_4436,2025-07-04 20:00:00,15493.717040954958,16068.123961650052,18005.747426382855
forecast_4437,2025-07-04 21:00:00,15835.550820081462,16564.143584418423,18215.126933881373
forecast_4438,2025-07-04 22:00:00,16968.07206772095,17123.323645927354,18215.13814524707
forecast_4439,2025-07-04 23:00:00,17224.430814641823,17410.907363894177,18246.00327157041
forecast_4440,2025-07-05 00:00:00,17075.2390116506,17308.789643380835,18360.380243425185
forecast_4441,2025-07-05 01:00:00,16399.384631120065,17094.93104136596,17965.079790950702
forecast_4442,2025-07-05 02:00:00,16602.86127893935,17036.342177916707,17602.04418278484
forecast_4443,2025-07-05 03:00:00,16129.363032059931,16645.753030256994,17700.131558294153
forecast_4444,2025-07-05 04:00:00,15950.823423766125,16516.26913553188,17608.921306533706
forecast_4445,2025-07-05 05:00:00,16439.31412850654,16727.353884557742,17327.566688352428
forecast_4446,2025-07-05 06:00:00,15875.787568057705,16242.388668438034,16285.455173102966
forecast_4447,2025-07-05 07:00:00,15765.948394204323,16554.593284644197,15063.11172108467
forecast_4448,2025-07-05 08:00:00,14272.601843337414,15504.268624921451,13593.543674699122
forecast_4449,2025-07-05 09:00:00,13975.835362117175,14760.944749603423,12478.575746070703
forecast_4450,2025-07-05 10:00:00,13778.184772952829,12344.243646047209,11678.922388736944
forecast_4451,2025-07-05 11:00:00,12653.348262098292,11471.864067129814,9360.795488436706
forecast_4452,2025-07-05 12:00:00,12293.96583741123,10123.098912876445,8562.361049265975
forecast_4453,2025-07-05 13:00:00,12101.515509289122,9647.298138948705,8820.25434562582
forecast_4454,2025-07-05 14:00:00,11562.090274291915,9653.855212460194,10930.138766863787
forecast_4455,2025-07-05 15:00:00,11606.636927985795,9963.434200962945,11264.520123874105
forecast_4456,2025-07-05 16:00:00,11720.709012682053,10608.233162615497,12323.406772138524
forecast_4457,2025-07-05 17:00:00,12312.405076984527,11284.985239994261,13241.395587969655
forecast_4458,2025-07-05 18:00:00,12922.847553018655,11754.282754987807,12604.905574427696
forecast_4459,2025-07-05 19:00:00,14127.678482669427,13762.186407533336,15420.437445471127
forecast_4460,2025-07-05 20:00:00,15231.023709566984,14938.581499837683,16844.8253268356
forecast_4461,2025-07-05 21:00:00,16115.592881343484,15490.693941947147,17513.324661202554
forecast_4462,2025-07-05 22:00:00,17394.525807967948,16848.4172279996,17570.019924883
forecast_4463,2025-07-05 23:00:00,18202.655995474255,16872.203675331002,17945.374233999544
forecast_4464,2025-07-06 00:00:00,19023.807198011527,17086.71942130811,17793.205701773182
forecast_4465,2025-07-06 01:00:00,18843.542503774883,17014.983962252045,18064.729593365584
forecast_4466,2025-07-06 02:00:00,19751.750423855345,17233.715340336614,18022.489613981794
forecast_4467,2025-07-06 03:00:00,19737.266249473378,17239.752325888545,18309.04602971615
forecast_4468,2025-07-06 04:00:00,19627.723636763636,17324.735194158486,18675.30610231091
forecast_4469,2025-07-06 05:00:00,19687.408511743208,17364.471599564236,18255.096832378953
forecast_4470,2025-07-06 06:00:00,18718.475169501296,16819.794046327966,17851.270748520586
forecast_4471,2025-07-06 07:00:00,16569.84137447994,16728.953605738876,16901.677213551826
forecast_4472,2025-07-06 08:00:00,15413.301447244949,15356.037006615108,14244.742460417889
forecast_4473,2025-07-06 09:00:00,13414.293667486416,14188.949337166583,11921.417539765302
forecast_4474,2025-07-06 10:00:00,10190.303382070973,10379.037659276633,8977.919342883733
forecast_4475,2025-07-06 11:00:00,8295.305190824873,8981.651203991703,6442.092993592169
forecast_4476,2025-07-06 12:00:00,6972.6514987165565,6768.872072726674,5113.999020428859
forecast_4477,2025-07-06 13:00:00,6509.62277181837,5789.136053892874,4433.838541659511
forecast_4478,2025-07-06 14:00:00,5174.129848252787,5724.558144771033,3982.2890043610987
forecast_4479,2025-07-06 15:00:00,4620.072489026856,4967.914968257833,4155.936403370919
forecast_4480,2025-07-06 16:00:00,5465.977840673294,5391.636723340549,4608.114344420117
forecast_4481,2025-07-06 17:00:00,6169.416892916162,5491.8740716723005,4950.415806316439
forecast_4482,2025-07-06 18:00:00,7380.501347852796,5702.635245044155,5767.59797485141
forecast_4483,2025-07-06 19:00:00,8367.91777929834,5906.950754034735,6623.048214809495
forecast_4484,2025-07-06 20:00:00,9985.26328807005,7489.402628595583,7783.775927697718
forecast_4485,2025-07-06 21:00:00,10819.047235419795,8727.559644303905,8513.237983694247
forecast_4486,2025-07-06 22:00:00,12049.902410798937,11202.655212924301,8971.858555053648
forecast_4487,2025-07-06 23:00:00,12816.465407675747,11410.085591219758,8864.443390701294
forecast_4488,2025-07-07 00:00:00,12676.423601769025,11260.141536009887,9272.034470167022
forecast_4489,2025-07-07 01:00:00,11586.053910642982,10579.431483715965,8353.158699179074
forecast_4490,2025-07-07 02:00:00,11233.26827035241,10561.579556531493,8123.656449622133
forecast_4491,2025-07-07 03:00:00,9152.11097943349,9209.664274667495,7286.307477994651
forecast_4492,2025-07-07 04:00:00,6850.913839843782,7414.444347755364,5456.104714278145
forecast_4493,2025-07-07 05:00:00,4794.359002961907,4780.997178423338,3724.3402567465137
forecast_4494,2025-07-07 06:00:00,3408.391835217723,3269.4644103411224,3399.64186920717
forecast_4495,2025-07-07 07:00:00,3353.997728953711,3100.8444809582697,3378.7576782161696
forecast_4496,2025-07-07 08:00:00,3251.2339581153506,2939.866752300433,3371.058755950368
forecast_4497,2025-07-07 09:00:00,3160.947173445732,2644.0492272417323,3365.313310467586
forecast_4498,2025-07-07 10:00:00,3134.6962983884614,2583.3162723615287,3362.101125664123
forecast_4499,2025-07-07 11:00:00,3132.6893792197175,2579.653661464444,3361.523858367702
forecast_4500,2025-07-07 12:00:00,3135.555703779571,2596.088727000668,3362.3450039571253
forecast_4501,2025-07-07 13:00:00,3137.585326126518,2605.7346685641687,3362.9361809498178
forecast_4502,2025-07-07 14:00:00,3135.6197482308044,2595.0721074338803,3362.4087627250046
forecast_4503,2025-07-07 15:00:00,3139.8953402503334,2615.934325040967,3362.6348544178813
forecast_4504,2025-07-07 16:00:00,3132.2594024440446,2575.5803398506796,3363.334201484443
forecast_4505,2025-07-07 17:00:00,3139.874453115435,2617.7450637119614,3361.3736103195706
forecast_4506,2025-07-07 18:00:00,3138.4467810439364,2612.219733090667,3361.217725325976
forecast_4507,2025-07-07 19:00:00,3147.201261216637,2639.9171272065023,3362.3139823586275
forecast_4508,2025-07-07 20:00:00,3154.982952396633,2654.134909672279,3362.5986200877846
forecast_4509,2025-07-07 21:00:00,3170.2545927020233,2731.727832025912,3362.2740763564457
forecast_4510,2025-07-07 22:00:00,3179.555366243624,2790.0435237765414,3361.324444775787
forecast_4511,2025-07-07 23:00:00,3168.4420855294193,2736.8517166106126,3361.7040065374235
forecast_4512,2025-07-08 00:00:00,3158.178850628781,2694.8066574553573,3361.4623251796547
forecast_4513,2025-07-08 01:00:00,3141.4792122567337,2584.079851372054,3361.9266454004614
forecast_4514,2025-07-08 02:00:00,3136.8726795707958,2581.9297442384795,3362.2915453405435
forecast_4515,2025-07-08 03:00:00,3139.694929826308,2607.5538367166478,3362.4453142381435
forecast_4516,2025-07-08 04:00:00,3144.1149570033035,2615.4971439786414,3362.5826391354517
forecast_4517,2025-07-08 05:00:00,3143.250294923896,2610.4710310422784,3363.461276961521
forecast_4518,2025-07-08 06:00:00,3136.5630950741406,2587.473813652767,3362.250671031374
forecast_4519,2025-07-08 07:00:00,3144.3735581117935,2605.6010117791097,3361.000482330323
forecast_4520,2025-07-08 08:00:00,3142.483702270969,2600.5200829737573,3360.839941959666
forecast_4521,2025-07-08 09:00:00,3136.232957455442,2586.7289544149166,3360.5868804143374
forecast_4522,2025-07-08 10:00:00,3140.0064738615165,2594.957205010741,3360.9281772737763
forecast_4523,2025-07-08 11:00:00,3147.9993915082027,2619.5076926537895,3361.1225654215655
forecast_4524,2025-07-08 12:00:00,3140.281332612484,2605.4123411689243,3360.8208983515
forecast_4525,2025-07-08 13:00:00,3146.347541817542,2640.6151062747667,3361.4539857366804
forecast_4526,2025-07-08 14:00:00,3144.2472309256505,2636.4309777925578,3361.4323788933393
forecast_4527,2025-07-08 15:00:00,3146.528680285423,2643.601232380455,3361.468152021592
forecast_4528,2025-07-08 16:00:00,3152.1146045308187,2672.1679252280705,3361.129636620537
forecast_4529,2025-07-08 17:00:00,3154.075737057415,2679.2734706102133,3361.2280875915185
forecast_4530,2025-07-08 18:00:00,3151.6689546298517,2662.2842612242016,3361.1262122796406
forecast_4531,2025-07-08 19:00:00,3182.4491786928525,2764.2484558634683,3365.022218982367
forecast_4532,2025-07-08 20:00:00,3224.42896369944,2786.8661610924455,3365.1432842601107
forecast_4533,2025-07-08 21:00:00,3293.95448237025,2884.5670167166445,3365.091067441642
forecast_4534,2025-07-08 22:00:00,3352.8402477725617,3039.6018153701652,3363.87174163399
forecast_4535,2025-07-08 23:00:00,3393.990683136248,3117.295752936223,3363.982835493094
forecast_4536,2025-07-09 00:00:00,3312.17511555361,3009.1366479761027,3363.9666132016987
forecast_4537,2025-07-09 01:00:00,3311.9656294262295,3000.7672486721726,3362.1765672159668
forecast_4538,2025-07-09 02:00:00,3318.530773729596,2996.300547910196,3361.8001269418496
forecast_4539,2025-07-09 03:00:00,3332.399008016287,3028.0064249135685,3361.558776571249
forecast_4540,2025-07-09 04:00:00,3336.0251229410374,3097.94953820757,3362.799818993206
forecast_4541,2025-07-09 05:00:00,3387.879559910017,3154.8984600523318,3364.161824866647
forecast_4542,2025-07-09 06:00:00,3355.3041082097952,3131.514734440129,3366.07534570944
forecast_4543,2025-07-09 07:00:00,3383.0869700926564,3343.960393258344,3369.267650637783
forecast_4544,2025-07-09 08:00:00,3355.076755652348,3220.7422007368755,3370.4862796776583
forecast_4545,2025-07-09 09:00:00,3268.602271145838,2994.1691433573747,3368.677837717137
forecast_4546,2025-07-09 10:00:00,3208.9132787916483,2825.05905329749,3369.131103075858
forecast_4547,2025-07-09 11:00:00,3213.3030624761723,2838.2247104530225,3373.3593428974277
forecast_4548,2025-07-09 12:00:00,3219.615241306166,2894.388718455087,3377.3050543960144
forecast_4549,2025-07-09 13:00:00,3216.641575443347,2884.6083059750968,3374.511217965935
forecast_4550,2025-07-09 14:00:00,3225.7365260270735,2915.366061385429,3383.424320047155
forecast_4551,2025-07-09 15:00:00,3206.298265914745,2839.736750811909,3377.5050471972186
forecast_4552,2025-07-09 16:00:00,3200.145425598102,2843.2282349331617,3372.3476457874362
forecast_4553,2025-07-09 17:00:00,3224.826866932323,2933.7722062745765,3365.87842823202
forecast_4554,2025-07-09 18:00:00,3246.698056314759,2941.4595863586273,3369.78445948835
forecast_4555,2025-07-09 19:00:00,3354.9882152337295,3090.007061328396,3373.3545144043374
forecast_4556,2025-07-09 20:00:00,3605.329746546962,3273.834171677428,3372.2840728166534
forecast_4557,2025-07-09 21:00:00,3779.6429154378116,3521.7817868332163,3374.3374930051887
forecast_4558,2025-07-09 22:00:00,4008.404993199263,3775.7721421271913,3375.5163094544814
forecast_4559,2025-07-09 23:00:00,4119.40250329531,3918.656954556587,3381.2534717660665
forecast_4560,2025-07-10 00:00:00,3887.2006763010495,4131.504544842044,3379.282827001599
forecast_4561,2025-07-10 01:00:00,3803.351770697888,4005.44384946943,3374.028120203237
forecast_4562,2025-07-10 02:00:00,3624.620317690701,4002.5034117491978,3382.6218516435083
forecast_4563,2025-07-10 03:00:00,3689.2440190531647,4266.368437029404,3375.3952701030034
forecast_4564,2025-07-10 04:00:00,3826.0463562759833,4271.080858839003,3403.2442093112304
forecast_4565,2025-07-10 05:00:00,4261.354710599716,5229.658320278712,3501.053412952466
forecast_4566,2025-07-10 06:00:00,4099.29064135878,5195.083453970074,3456.0027197660315
forecast_4567,2025-07-10 07:00:00,4226.652727937966,5326.996450249997,3526.423261811189
forecast_4568,2025-07-10 08:00:00,4570.808446522143,5371.220668628806,3609.2628403867798
forecast_4569,2025-07-10 09:00:00,4512.517600793679,5224.438641016579,3803.3514279020983
forecast_4570,2025-07-10 10:00:00,4191.185208741299,3621.397434886168,4004.446848084279
forecast_4571,2025-07-10 11:00:00,4206.030201780632,3684.336987491016,4076.6463456942147
forecast_4572,2025-07-10 12:00:00,4603.2593777963875,4431.744797064082,4229.679160504145
forecast_4573,2025-07-10 13:00:00,4499.567735591169,3613.1528391097086,4188.617489167361
forecast_4574,2025-07-10 14:00:00,4451.9023301329225,3596.4722415802903,4143.592165652292
forecast_4575,2025-07-10 15:00:00,4279.662700888355,3528.770398954097,4127.1034634234375
forecast_4576,2025-07-10 16:00:00,3665.790967584863,3629.1820215757307,3997.136317279054
forecast_4577,2025-07-10 17:00:00,3696.2031303267136,3802.9063527339667,3880.4567650285753
forecast_4578,2025-07-10 18:00:00,4515.929448875585,5005.7740712234545,4004.306530731424
forecast_4579,2025-07-10 19:00:00,5027.345282239183,5859.523531678009,4358.071909089947
forecast_4580,2025-07-10 20:00:00,5676.745647430641,6139.772257804088,4198.1776554282615
forecast_4581,2025-07-10 21:00:00,6963.8892264660235,6955.765769387701,4404.628246564665
forecast_4582,2025-07-10 22:00:00,7471.685880131837,8093.546472217688,4523.972872161239
forecast_4583,2025-07-10 23:00:00,7526.012470811456,8359.534295968408,4490.752503019276
forecast_4584,2025-07-11 00:00:00,7529.39812441096,8849.976369701688,4830.632167758494
forecast_4585,2025-07-11 01:00:00,7282.018457448228,8942.41055295504,4401.25519190056
forecast_4586,2025-07-11 02:00:00,6975.094625092869,8904.463954821875,4302.1909901515155
forecast_4587,2025-07-11 03:00:00,6865.723277418484,9337.772330492375,4571.834506404247
forecast_4588,2025-07-11 04:00:00,6825.7855792521095,9506.836637744096,4865.724572857304
forecast_4589,2025-07-11 05:00:00,7808.765521248107,10253.665074662693,5236.343004684856
forecast_4590,2025-07-11 06:00:00,6584.686851808835,9303.529283839545,5062.903993645177
forecast_4591,2025-07-11 07:00:00,6972.881580102872,9643.316018458258,5447.242587822887
forecast_4592,2025-07-11 08:00:00,6452.09089320003,9171.924744742126,5403.926057465149
forecast_4593,2025-07-11 09:00:00,5848.424614124377,7491.021531526817,4964.8012123183025
forecast_4594,2025-07-11 10:00:00,5431.538703917923,5504.161390722302,4794.50250222972
forecast_4595,2025-07-11 11:00:00,4034.889524278934,5828.85866190362,5137.941020452354
forecast_4596,2025-07-11 12:00:00,4081.7272391231586,5953.2446702287325,4916.5001242509325
forecast_4597,2025-07-11 13:00:00,4020.9643599878323,5333.550936630509,5052.780858685647
forecast_4598,2025-07-11 14:00:00,5628.455773860563,5134.784434671773,4931.303261964992
forecast_4599,2025-07-11 15:00:00,3617.614091289575,3706.195135580975,4380.539531537013
forecast_4600,2025-07-11 16:00:00,3476.84197449122,3652.6264035164936,3970.087054852298
forecast_4601,2025-07-11 17:00:00,3496.682136461114,3734.2556089862433,3891.468702503932
forecast_4602,2025-07-11 18:00:00,3866.674055667448,4832.09975781621,4076.3728267632096
forecast_4603,2025-07-11 19:00:00,4985.945880996786,5497.420548503683,4140.889837882199
forecast_4604,2025-07-11 20:00:00,5484.274585569926,6077.940449673001,4058.157456620778
forecast_4605,2025-07-11 21:00:00,6173.102522460964,6417.944658428171,4076.1290973762484
forecast_4606,2025-07-11 22:00:00,6001.333326144493,7190.9933016082105,3565.6561881928815
forecast_4607,2025-07-11 23:00:00,6274.056151584019,7147.250165640435,3550.4954053651727
forecast_4608,2025-07-12 00:00:00,6275.786655624114,7108.788085922644,3421.1456672958607
forecast_4609,2025-07-12 01:00:00,6051.138355657459,6909.535868410305,3656.2176506419028
forecast_4610,2025-07-12 02:00:00,5410.493976732061,5931.433164899717,3555.339882188192
forecast_4611,2025-07-12 03:00:00,4835.63135840616,5215.953648669992,3577.1378890799906
forecast_4612,2025-07-12 04:00:00,4513.040001646932,4920.136709161939,3566.955756858873
forecast_4613,2025-07-12 05:00:00,4287.225920043379,4425.881335035069,3553.125855705698
forecast_4614,2025-07-12 06:00:00,3859.9846101464946,4157.710516400619,3460.723170490041
forecast_4615,2025-07-12 07:00:00,3416.9472296545528,3714.8493293670385,3392.1604351716824
forecast_4616,2025-07-12 08:00:00,3644.905040837128,3543.121136537399,3387.2836122046333
forecast_4617,2025-07-12 09:00:00,3437.1490986233794,3248.887686325971,3385.4426556813128
forecast_4618,2025-07-12 10:00:00,3230.7224160641485,2882.064147860113,3373.7566707686947
forecast_4619,2025-07-12 11:00:00,3194.6616268439375,2764.116709929461,3367.833761609145
forecast_4620,2025-07-12 12:00:00,3164.989403389356,2684.016531244867,3362.734082967635
forecast_4621,2025-07-12 13:00:00,3150.5462575583692,2631.3025748591263,3363.328753431373
forecast_4622,2025-07-12 14:00:00,3150.566532995002,2643.173559996477,3363.984417952731
forecast_4623,2025-07-12 15:00:00,3142.2928861230116,2622.397521253683,3361.4459400686114
forecast_4624,2025-07-12 16:00:00,3130.104919306535,2567.9989002611233,3361.9181887766003
forecast_4625,2025-07-12 17:00:00,3131.0626802502375,2575.198146627565,3361.7448758973815
forecast_4626,2025-07-12 18:00:00,3131.0638005277624,2565.3557485439246,3362.2555646775854
forecast_4627,2025-07-12 19:00:00,3131.982305917439,2563.9872208568886,3362.726680490755
forecast_4628,2025-07-12 20:00:00,3141.8952675927385,2550.454025572827,3366.1627499073525
forecast_4629,2025-07-12 21:00:00,3180.0385442696447,2695.0436210356274,3372.1695655365243
forecast_4630,2025-07-12 22:00:00,3272.9277009817692,2987.921296749784,3371.3737395842572
forecast_4631,2025-07-12 23:00:00,3342.9609977967025,3050.2770511917593,3415.6231076928207
forecast_4632,2025-07-13 00:00:00,3499.8739952827123,3548.4913139089435,3480.8246231206167
forecast_4633,2025-07-13 01:00:00,3424.203294007773,3496.634737498505,3540.7857378090753
forecast_4634,2025-07-13 02:00:00,3566.9354032383567,3616.4449066628263,3587.7469707606806
forecast_4635,2025-07-13 03:00:00,3579.2740892451106,3611.627475352437,3502.6467634418236
forecast_4636,2025-07-13 04:00:00,3358.509379794434,3159.992067806171,3422.8318007244093
forecast_4637,2025-07-13 05:00:00,3256.1402424953612,2879.250634178208,3388.0475709803877
forecast_4638,2025-07-13 06:00:00,3193.2097880942124,2806.538398246466,3366.8412214425825
forecast_4639,2025-07-13 07:00:00,3191.0433884527993,2825.3626014773454,3364.119364688321
forecast_4640,2025-07-13 08:00:00,3133.1544421447666,2574.580426000988,3363.5146616840534
forecast_4641,2025-07-13 09:00:00,3136.250232915872,2574.2495472855644,3363.8961896970045
forecast_4642,2025-07-13 10:00:00,3130.9420941442536,2568.0531271773593,3364.8951447319796
forecast_4643,2025-07-13 11:00:00,3153.489201110992,2648.0451521610435,3366.9521999902477
forecast_4644,2025-07-13 12:00:00,3147.3724646583714,2628.320631072348,3366.3090844199887
forecast_4645,2025-07-13 13:00:00,3162.0228720137784,2668.577784190461,3367.022416253236
forecast_4646,2025-07-13 14:00:00,3175.20256820009,2706.899999339342,3367.2795571464912
forecast_4647,2025-07-13 15:00:00,3167.013137368657,2675.111991440176,3379.3192979008986
forecast_4648,2025-07-13 16:00:00,3229.2175258977277,2955.998845233965,3403.995571529395
forecast_4649,2025-07-13 17:00:00,3350.4933240687433,3191.8656208828006,3422.7261778464344
forecast_4650,2025-07-13 18:00:00,3459.2260539927183,3344.2595783966553,3428.868973268053
forecast_4651,2025-07-13 19:00:00,3566.5603169421797,3459.5690568934247,3460.0380917081357
forecast_4652,2025-07-13 20:00:00,3509.660570891509,3440.394354493929,3405.681859804731
forecast_4653,2025-07-13 21:00:00,3404.3235223720812,3317.887974315459,3435.4128612463687
forecast_4654,2025-07-13 22:00:00,3493.2190905705493,3530.775474882414,3654.5858246232146
forecast_4655,2025-07-13 23:00:00,3397.042283609549,3349.354913877821,3499.6768889950536
forecast_4656,2025-07-14 00:00:00,3455.2741634512895,3368.735658626494,3569.3181925625818
forecast_4657,2025-07-14 01:00:00,3595.2320621186786,3757.8427433368847,3641.039216617035
forecast_4658,2025-07-14 02:00:00,3845.03726371616,4748.277264841813,3507.4119586019665
forecast_4659,2025-07-14 03:00:00,6085.13545447752,6704.896308498394,4351.205419917127
forecast_4660,2025-07-14 04:00:00,4228.7908600539695,4721.66776965386,3671.4195500364012
forecast_4661,2025-07-14 05:00:00,4279.849150959271,5614.688896156807,3865.8094882028518
forecast_4662,2025-07-14 06:00:00,4517.851268715537,5560.973825368142,3830.955770980508
forecast_4663,2025-07-14 07:00:00,4541.474903548096,5668.3519740145475,3719.994423959565
forecast_4664,2025-07-14 08:00:00,5010.884121580467,5550.0946052514555,3682.1517897495505
forecast_4665,2025-07-14 09:00:00,4141.693509352645,5904.77180523185,3777.003992358111
forecast_4666,2025-07-14 10:00:00,4164.715448302666,6044.4130528228725,3754.2169038356938
forecast_4667,2025-07-14 11:00:00,5247.137235714636,6222.466184366463,4587.350903655023
forecast_4668,2025-07-14 12:00:00,5759.332201698371,6169.931058450039,3754.8546571035354
forecast_4669,2025-07-14 13:00:00,6008.790357606575,6619.129852583437,4733.3847057851135
forecast_4670,2025-07-14 14:00:00,6116.160885590453,6643.872162510001,4837.723174485571
forecast_4671,2025-07-14 15:00:00,6309.091073759008,6573.877672443926,5037.191824307039
forecast_4672,2025-07-14 16:00:00,6634.658167818481,7063.358783487864,5358.422739973985
forecast_4673,2025-07-14 17:00:00,6648.302334664782,6871.0380130094,5073.973313261391
forecast_4674,2025-07-14 18:00:00,6467.566966709709,7100.627711767059,5296.370015390304
forecast_4675,2025-07-14 19:00:00,6832.184110682075,8326.265680218603,5150.581186059331
forecast_4676,2025-07-14 20:00:00,6818.020598414654,8572.395011211274,4822.608532164733
forecast_4677,2025-07-14 21:00:00,7527.233296406802,9162.127016679256,5360.072446546021
forecast_4678,2025-07-14 22:00:00,7594.443344585811,9050.080752340342,5531.790880965363
forecast_4679,2025-07-14 23:00:00,7325.90354139696,8735.264997109154,6270.138094762816
forecast_4680,2025-07-15 00:00:00,7298.148867085733,8263.06599685469,7258.213669861512
forecast_4681,2025-07-15 01:00:00,9554.166065015892,9608.991926093531,8788.736276352027
forecast_4682,2025-07-15 02:00:00,10092.278065616756,9995.766736386186,8962.27013095628
forecast_4683,2025-07-15 03:00:00,10050.062850207692,9173.770285748953,9513.083002737963
forecast_4684,2025-07-15 04:00:00,10167.372633739069,9125.376021214055,9155.21429282291
forecast_4685,2025-07-15 05:00:00,11204.330945422835,8950.680806348762,8847.969235022967
forecast_4686,2025-07-15 06:00:00,10215.344412981804,8480.622407878958,8079.674519761257
forecast_4687,2025-07-15 07:00:00,9028.493856529669,8204.418592282855,6968.622403971717
forecast_4688,2025-07-15 08:00:00,7964.758165847231,7284.3524350541265,6443.516006529114
forecast_4689,2025-07-15 09:00:00,7421.152503531965,6636.2055748225075,7187.280429021074
forecast_4690,2025-07-15 10:00:00,4011.6101426677146,5182.337883250586,6030.380127474343
forecast_4691,2025-07-15 11:00:00,6203.749117846647,5248.400554125429,5134.023359907644
forecast_4692,2025-07-15 12:00:00,3959.905503955781,5138.888976398513,4497.532797970117
forecast_4693,2025-07-15 13:00:00,3933.0579941666297,4970.34800251726,3749.5425591398484
forecast_4694,2025-07-15 14:00:00,5938.798551393594,4832.55098314125,3951.4240647241604
forecast_4695,2025-07-15 15:00:00,6606.609670724142,4856.306827787691,4284.56449455945
forecast_4696,2025-07-15 16:00:00,6243.696050947733,4958.087096287566,3905.7961483464924
forecast_4697,2025-07-15 17:00:00,3667.2505696292706,3606.5057873532614,3729.783201595821
forecast_4698,2025-07-15 18:00:00,5618.206946076899,4617.315695836765,4086.2678033513266
forecast_4699,2025-07-15 19:00:00,4289.703314947471,3472.1157409165044,3600.360271360569
forecast_4700,2025-07-15 20:00:00,3722.3569557193423,3771.8610037939125,3730.0119643056587
forecast_4701,2025-07-15 21:00:00,5225.2149285248715,4965.70232663278,4482.136113399918
forecast_4702,2025-07-15 22:00:00,6470.336963805492,5796.946010713464,4817.085788471918
forecast_4703,2025-07-15 23:00:00,7777.429459838116,6938.347130100549,5480.64378954065
forecast_4704,2025-07-16 00:00:00,9603.736280458705,8677.729136699503,6583.575533773177
forecast_4705,2025-07-16 01:00:00,12313.492466657653,10955.473110208808,9123.455758950118
forecast_4706,2025-07-16 02:00:00,13515.206111197576,14233.52959811457,11492.306413548667
forecast_4707,2025-07-16 03:00:00,13606.51338478189,14847.493951894157,13172.947313439827
forecast_4708,2025-07-16 04:00:00,13782.22029756733,15066.490444429439,14004.498200436768
forecast_4709,2025-07-16 05:00:00,13093.03394680455,14554.147891822504,14663.869303409156
forecast_4710,2025-07-16 06:00:00,12887.504391522682,14064.991899470977,13895.430061365085
forecast_4711,2025-07-16 07:00:00,11184.886709029002,12672.676252290035,11513.819171401394
forecast_4712,2025-07-16 08:00:00,11369.215859623408,12842.987251311437,10599.061548572732
forecast_4713,2025-07-16 09:00:00,9150.49700865071,10872.823330761063,8940.675890500166
forecast_4714,2025-07-16 10:00:00,4680.564328889921,8623.306111233387,7634.183949659976
forecast_4715,2025-07-16 11:00:00,7803.215747312598,7073.494098383824,7014.89314821825
forecast_4716,2025-07-16 12:00:00,4309.508228157996,6893.341479208972,5959.685916688565
forecast_4717,2025-07-16 13:00:00,4196.611008284436,6179.675311281959,5526.52804967595
forecast_4718,2025-07-16 14:00:00,4046.571543732368,5988.174773979733,4720.115052158337
forecast_4719,2025-07-16 15:00:00,4032.5766656863334,5402.675927600668,3603.2846570206766
forecast_4720,2025-07-16 16:00:00,5417.84664377001,5809.629563951613,3574.295794111991
forecast_4721,2025-07-16 17:00:00,5351.292741164582,6223.196999885802,3625.8869190581154
forecast_4722,2025-07-16 18:00:00,4162.015549431371,6294.198459695077,3695.9431277890185
forecast_4723,2025-07-16 19:00:00,7408.4696105540215,7956.017919417817,5564.33783220739
forecast_4724,2025-07-16 20:00:00,7255.172611042593,7412.3012693504415,5141.91984208257
forecast_4725,2025-07-16 21:00:00,8410.008245174133,8420.86806093192,3775.292778910525
forecast_4726,2025-07-16 22:00:00,9949.154281596799,10163.057515010976,7045.182977587759
forecast_4727,2025-07-16 23:00:00,11628.209583773063,13109.00724024138,8460.77246522716
forecast_4728,2025-07-17 00:00:00,12260.651153870293,13656.871818726026,10569.36905486441
forecast_4729,2025-07-17 01:00:00,12586.496879253002,14124.205268785297,11455.955175555904
forecast_4730,2025-07-17 02:00:00,12432.262760758846,14994.46267960741,12362.685390946252
forecast_4731,2025-07-17 03:00:00,13157.103747857589,14550.134218804807,12733.85628277647
forecast_4732,2025-07-17 04:00:00,13513.221390107048,14438.991683453194,12290.788003098247
forecast_4733,2025-07-17 05:00:00,13269.576201270336,14526.939656266411,12678.388787893966
forecast_4734,2025-07-17 06:00:00,11658.499762370753,13974.100630929652,12691.335320687396
forecast_4735,2025-07-17 07:00:00,11972.915847562117,14430.29579743549,13265.538180122101
forecast_4736,2025-07-17 08:00:00,12333.108480482659,13932.28080492495,13118.165163385152
forecast_4737,2025-07-17 09:00:00,11660.599107680267,14113.752516214308,12460.128495831144
forecast_4738,2025-07-17 10:00:00,12206.03093046971,14317.841899812895,13526.202526165796
forecast_4739,2025-07-17 11:00:00,11416.849588431889,13981.339070899963,12707.843659811748
forecast_4740,2025-07-17 12:00:00,11430.838214873158,13538.18307278037,11630.552529389186
forecast_4741,2025-07-17 13:00:00,11362.497922899149,13964.753767913213,10861.476589378839
forecast_4742,2025-07-17 14:00:00,10989.107569840373,12528.112200732097,10146.403977059254
forecast_4743,2025-07-17 15:00:00,10824.352336893633,11223.95663260575,9013.608590431302
forecast_4744,2025-07-17 16:00:00,9945.313086385531,10838.195748413083,8299.062574865731
forecast_4745,2025-07-17 17:00:00,9638.927854399624,10437.156305475539,7746.1292060238975
forecast_4746,2025-07-17 18:00:00,9247.380961678822,10063.865719501197,7092.523448969711
forecast_4747,2025-07-17 19:00:00,8784.444700736574,10183.20007134923,6978.40346197127
forecast_4748,2025-07-17 20:00:00,8863.568352277778,10688.919103546694,7145.37734270404
forecast_4749,2025-07-17 21:00:00,9965.226066444719,11553.715569907632,7061.6038180357045
forecast_4750,2025-07-17 22:00:00,10819.940811398114,11347.440378432493,6923.849741468119
forecast_4751,2025-07-17 23:00:00,11828.167436927964,12837.554212108033,7403.743645800269
forecast_4752,2025-07-18 00:00:00,11587.67738296656,12744.709291705056,8271.252646110697
forecast_4753,2025-07-18 01:00:00,12354.153445180862,13515.005369171295,9983.574492093168
forecast_4754,2025-07-18 02:00:00,11969.881835022497,12458.812983279457,9073.682698205075
forecast_4755,2025-07-18 03:00:00,11710.77135131725,12317.419028474204,10014.240743800985
forecast_4756,2025-07-18 04:00:00,11651.557483295894,12411.785375622881,9348.077586261576
forecast_4757,2025-07-18 05:00:00,11372.310899305006,12790.431384170475,9142.783064923882
forecast_4758,2025-07-18 06:00:00,10234.814024084886,11281.6444668517,8340.019736519494
forecast_4759,2025-07-18 07:00:00,9686.742730133827,11113.622743152577,8219.629279799177
forecast_4760,2025-07-18 08:00:00,9348.317040911727,10586.950959435771,8015.575355041834
forecast_4761,2025-07-18 09:00:00,9405.149673284679,11017.688468164246,7873.26612215505
forecast_4762,2025-07-18 10:00:00,8198.103023230706,8606.903953951296,7038.401156687342
forecast_4763,2025-07-18 11:00:00,3758.5888735508993,4057.6475395734265,5347.415103873411
forecast_4764,2025-07-18 12:00:00,3463.233318870852,3611.6625159703435,3446.0669040795847
forecast_4765,2025-07-18 13:00:00,3399.3853783664536,3463.271336658727,3437.5310877742086
forecast_4766,2025-07-18 14:00:00,3498.6609550793314,3707.2503219907194,3512.9396904307323
forecast_4767,2025-07-18 15:00:00,3644.8680224872523,3786.0234203625273,3550.337373411592
forecast_4768,2025-07-18 16:00:00,3671.350637834565,4402.484347117356,3511.037284824411
forecast_4769,2025-07-18 17:00:00,3573.190506542361,3935.7807894922666,3576.7468085213445
forecast_4770,2025-07-18 18:00:00,3751.3036206739434,4002.8630569155484,3579.0341144734393
forecast_4771,2025-07-18 19:00:00,6968.906025907038,8466.699583701697,3722.291727577521
forecast_4772,2025-07-18 20:00:00,6996.041984259232,7712.141781585542,5529.70398840532
forecast_4773,2025-07-18 21:00:00,7846.437465067338,9277.51876412745,5509.247420484808
forecast_4774,2025-07-18 22:00:00,9759.420028143793,10282.213764613125,7148.444394946025
forecast_4775,2025-07-18 23:00:00,9110.819749839004,10224.477263946821,7092.655399048174
forecast_4776,2025-07-19 00:00:00,9196.321963450024,9986.282713311173,7112.615454187445
forecast_4777,2025-07-19 01:00:00,8298.465212094274,9734.162433078875,6430.334576937973
forecast_4778,2025-07-19 02:00:00,6854.876640216545,7896.329448362001,5491.539584479035
forecast_4779,2025-07-19 03:00:00,5650.271007649815,6292.140079772543,5403.849711362559
forecast_4780,2025-07-19 04:00:00,5223.09698746235,6017.124652493123,4739.280592299811
forecast_4781,2025-07-19 05:00:00,5721.591949772939,6331.686605760854,5403.293866602449
forecast_4782,2025-07-19 06:00:00,6281.147440666328,5801.399470087382,4457.283031000324
forecast_4783,2025-07-19 07:00:00,4249.84752969891,6548.192882883716,3730.071375153503
forecast_4784,2025-07-19 08:00:00,4349.859497760159,6925.50381803624,4358.292796786285
forecast_4785,2025-07-19 09:00:00,4188.3069982068555,6549.00547265626,3775.822196015272
forecast_4786,2025-07-19 10:00:00,7860.794445729828,8068.403163885135,5302.574805800758
forecast_4787,2025-07-19 11:00:00,8762.292095449202,9654.61366171246,6437.5092910091125
forecast_4788,2025-07-19 12:00:00,9127.60925898987,10466.846510271896,7364.775329078771
forecast_4789,2025-07-19 13:00:00,9160.461017173406,10015.19633595683,7451.747788755639
forecast_4790,2025-07-19 14:00:00,9351.143296853472,11043.118425827122,8531.718268732167
forecast_4791,2025-07-19 15:00:00,10418.523787439708,11004.622369007062,9313.235271340884
forecast_4792,2025-07-19 16:00:00,10630.850326321415,11811.473104417677,10020.420492679095
forecast_4793,2025-07-19 17:00:00,10794.432817881567,11414.755743423462,10399.744225180242
forecast_4794,2025-07-19 18:00:00,11306.803259750148,11284.216967404298,10218.81041177716
forecast_4795,2025-07-19 19:00:00,11712.706222772946,11346.058348818426,9209.898357114622
forecast_4796,2025-07-19 20:00:00,12186.282885149085,11701.384062521714,9159.416218097016
forecast_4797,2025-07-19 21:00:00,11384.94785338021,11513.932930557474,9008.772284551425
forecast_4798,2025-07-19 22:00:00,12590.437387116024,12933.994216333545,10365.874089001756
forecast_4799,2025-07-19 23:00:00,11153.90962602488,12257.77171727469,10496.552042238272
forecast_4800,2025-07-20 00:00:00,11505.901998606663,12514.818116350278,10318.409404919345
forecast_4801,2025-07-20 01:00:00,12571.930634678707,13638.092853684491,11879.668033592281
forecast_4802,2025-07-20 02:00:00,12606.780903756171,14221.894471750702,12489.559158540933
forecast_4803,2025-07-20 03:00:00,12342.332066258223,13971.864466295574,12789.81787279056
forecast_4804,2025-07-20 04:00:00,13009.029376190842,14219.854935740692,12633.760470565403
forecast_4805,2025-07-20 05:00:00,11807.070593362316,13964.837470686252,11318.446895969124
forecast_4806,2025-07-20 06:00:00,11611.474371837363,13254.445234348657,9665.44778697583
forecast_4807,2025-07-20 07:00:00,11422.423538425035,12955.086587288371,8931.094401801794
forecast_4808,2025-07-20 08:00:00,10790.875854297461,12466.200870620582,8585.31255625169
forecast_4809,2025-07-20 09:00:00,9764.781068353292,11151.617517681441,7624.509889475029
forecast_4810,2025-07-20 10:00:00,8627.58168250215,8933.202559576697,6280.258364574444
forecast_4811,2025-07-20 11:00:00,7440.109378319386,6995.497899421284,6242.809697121953
forecast_4812,2025-07-20 12:00:00,7069.704521954865,6122.222264649709,5400.461247661071
forecast_4813,2025-07-20 13:00:00,6857.323155932493,5646.262204672284,4789.376788577808
forecast_4814,2025-07-20 14:00:00,6488.600277122807,5399.934681781263,4657.568899700552
forecast_4815,2025-07-20 15:00:00,4925.770969931,4924.977237151775,4416.6181149084605
forecast_4816,2025-07-20 16:00:00,4679.444961918872,3806.5245818257013,4603.303261403161
forecast_4817,2025-07-20 17:00:00,4937.107813349721,3803.487665618951,4530.414122790829
forecast_4818,2025-07-20 18:00:00,5910.05021463995,5009.718332790288,3772.422659084143
forecast_4819,2025-07-20 19:00:00,7485.5878226153945,6177.898826147103,5541.363391796207
forecast_4820,2025-07-20 20:00:00,8970.252676298753,8137.2373524095,6605.050561593707
forecast_4821,2025-07-20 21:00:00,9899.709310722403,9744.657995506923,7616.686547239591
forecast_4822,2025-07-20 22:00:00,11446.16480964097,12379.766426592681,8579.818466449244
forecast_4823,2025-07-20 23:00:00,11946.649698783021,11973.246272426466,8785.559168401862
forecast_4824,2025-07-21 00:00:00,11955.650047577396,11883.379246690232,9301.913335111925
forecast_4825,2025-07-21 01:00:00,12068.814383939749,12539.367172100636,9201.931482341579
forecast_4826,2025-07-21 02:00:00,13233.650952069916,12922.797256617927,9991.773805866655
forecast_4827,2025-07-21 03:00:00,12619.838379464694,12729.365057073785,10149.764240043307
forecast_4828,2025-07-21 04:00:00,11066.438023227054,11344.494564007415,8205.7406741455
forecast_4829,2025-07-21 05:00:00,11976.27647570096,11494.941171825882,8575.509985802046
forecast_4830,2025-07-21 06:00:00,11188.793993618892,11189.367628422693,8278.011623642707
forecast_4831,2025-07-21 07:00:00,11136.861662995709,11913.798729682076,7825.74450902797
forecast_4832,2025-07-21 08:00:00,9506.221628835065,12744.928632984782,6095.002204466435
forecast_4833,2025-07-21 09:00:00,9060.360727847066,12249.809587913984,5903.737844619118
forecast_4834,2025-07-21 10:00:00,8570.189526828877,9126.957875491145,6069.690650740848
forecast_4835,2025-07-21 11:00:00,8395.694717968525,8816.580920178123,6607.750613777656
forecast_4836,2025-07-21 12:00:00,7789.932639685961,8045.932190952254,6022.1817445645875
forecast_4837,2025-07-21 13:00:00,7039.0316012722315,7638.985179838636,5717.92314075994
forecast_4838,2025-07-21 14:00:00,6686.098609681913,6394.781732450564,5428.260755931951
forecast_4839,2025-07-21 15:00:00,6090.746846195523,6080.882052663359,4886.785745199477
forecast_4840,2025-07-21 16:00:00,5935.597138256954,5831.470350641787,4894.760989423639
forecast_4841,2025-07-21 17:00:00,5603.8628316244285,5416.042376192671,4619.4665601529905
forecast_4842,2025-07-21 18:00:00,6238.85487801082,6386.792167626565,5330.251747385315
forecast_4843,2025-07-21 19:00:00,8089.852088266428,6859.787077994467,6762.614817355277
forecast_4844,2025-07-21 20:00:00,11550.936377568783,10064.003892395158,8195.47950657398
forecast_4845,2025-07-21 21:00:00,13181.954545015871,12879.157891575469,9734.337985656457
forecast_4846,2025-07-21 22:00:00,14749.430959562304,14696.544043103022,11616.01379254356
forecast_4847,2025-07-21 23:00:00,15531.48930926106,15573.306824554818,11622.818992758901
forecast_4848,2025-07-22 00:00:00,15787.054300099902,15934.051367264396,12372.260226639059
forecast_4849,2025-07-22 01:00:00,14297.387549787269,15330.652984015029,13094.48736408812
forecast_4850,2025-07-22 02:00:00,15055.83645603327,15696.396412816655,12993.461203460698
forecast_4851,2025-07-22 03:00:00,15489.468670056222,15564.43303522724,12845.636752812941
forecast_4852,2025-07-22 04:00:00,14822.937455358158,15329.772345969533,12476.592161445978
forecast_4853,2025-07-22 05:00:00,14575.723274548416,14374.672336223482,11521.3975539018
forecast_4854,2025-07-22 06:00:00,13463.38082154568,13417.632753204998,9753.49970996389
forecast_4855,2025-07-22 07:00:00,12800.078293635113,13178.823416518637,8507.770696157188
forecast_4856,2025-07-22 08:00:00,11278.292712501212,12111.786723519392,7926.723159446501
forecast_4857,2025-07-22 09:00:00,8361.917736754927,10028.106856199294,5170.002159748125
forecast_4858,2025-07-22 10:00:00,6837.87706327947,6473.297307735269,4014.268802942199
forecast_4859,2025-07-22 11:00:00,5490.068869537403,4846.976415469284,3740.0009310933133
forecast_4860,2025-07-22 12:00:00,3633.6380525766804,3532.9575798818423,3721.491377857145
forecast_4861,2025-07-22 13:00:00,3499.9023843392,3337.1999819113134,3529.060440806144
forecast_4862,2025-07-22 14:00:00,3543.3481974848482,3484.3977319257247,3670.7300956176978
forecast_4863,2025-07-22 15:00:00,3492.143623973334,3347.033307672875,3493.9658518284305
forecast_4864,2025-07-22 16:00:00,3542.1536226597073,3507.4331232044115,3624.4423092997445
forecast_4865,2025-07-22 17:00:00,3434.623372380204,3422.695472767511,3726.9790529799716
forecast_4866,2025-07-22 18:00:00,3419.865169929123,3450.561616049004,3546.7045175400735
forecast_4867,2025-07-22 19:00:00,3575.5404451228,3692.5013948021287,3597.560357353583
forecast_4868,2025-07-22 20:00:00,3916.9357936839565,5051.250129664848,4465.466794736278
forecast_4869,2025-07-22 21:00:00,8076.593157358926,5535.429005181192,4479.04587294007
forecast_4870,2025-07-22 22:00:00,8350.932694121071,7402.665299088542,5057.438753368454
forecast_4871,2025-07-22 23:00:00,8660.77119948361,8131.635006014523,5068.187413438935
forecast_4872,2025-07-23 00:00:00,8697.464817378714,8569.969727979369,5718.265822363121
forecast_4873,2025-07-23 01:00:00,9261.118054624318,8413.240810564488,6264.296331461655
forecast_4874,2025-07-23 02:00:00,10658.488906764644,9344.554483251337,7212.758558987769
forecast_4875,2025-07-23 03:00:00,11038.418591909496,9906.036417054276,6997.182826093895
forecast_4876,2025-07-23 04:00:00,9920.257354206751,9864.192377126446,6398.62045069916
forecast_4877,2025-07-23 05:00:00,8816.242856561235,9100.535569477324,5366.944728471248
forecast_4878,2025-07-23 06:00:00,7623.869895348039,7167.786484090892,4193.313416070748
forecast_4879,2025-07-23 07:00:00,5687.968623107247,5707.209437334477,3556.5396085115926
forecast_4880,2025-07-23 08:00:00,4533.478858528232,4162.385467339574,3617.2576360983594
forecast_4881,2025-07-23 09:00:00,3455.39610232764,3096.387740805642,3468.6351623416244
forecast_4882,2025-07-23 10:00:00,3181.540944726475,2661.3464627851326,3387.621930290836
forecast_4883,2025-07-23 11:00:00,3159.983555993125,2642.8637030576124,3393.7342311742373
forecast_4884,2025-07-23 12:00:00,3136.6068946539317,2565.8398027522994,3378.114314744084
forecast_4885,2025-07-23 13:00:00,3127.6769188460557,2549.930817257609,3364.0102890950893
forecast_4886,2025-07-23 14:00:00,3127.734673714308,2555.125465005959,3364.8091934843055
forecast_4887,2025-07-23 15:00:00,3154.0375448502928,2671.7273200777013,3376.340904217939
forecast_4888,2025-07-23 16:00:00,3162.4087368674673,2706.7051414464386,3389.271736625695
forecast_4889,2025-07-23 17:00:00,3191.1911569883446,2703.7276869382504,3409.7817236946657
forecast_4890,2025-07-23 18:00:00,3206.4874390761584,2771.7861821758074,3382.7630117403287
forecast_4891,2025-07-23 19:00:00,3282.450293114946,3061.5724766461412,3400.9188972402108
forecast_4892,2025-07-23 20:00:00,3390.293084847038,3011.2626918969104,3411.092015748938
forecast_4893,2025-07-23 21:00:00,3542.040191711244,3474.0522070425905,3493.209752256395
forecast_4894,2025-07-23 22:00:00,3845.669387615192,4386.364866578811,3716.968666020788
forecast_4895,2025-07-23 23:00:00,5622.136166506917,5049.467071732503,4289.369534611957
forecast_4896,2025-07-24 00:00:00,6399.896941840747,5444.579927515458,4317.487117151931
forecast_4897,2025-07-24 01:00:00,6837.4235016897355,5971.355551892758,4367.319545580748
forecast_4898,2025-07-24 02:00:00,8049.845597651372,7492.397333214649,4646.1019006517645
forecast_4899,2025-07-24 03:00:00,8571.742585938628,8410.10012864622,4935.485875653788
forecast_4900,2025-07-24 04:00:00,8239.837853117553,8230.97142682857,5182.892317996109
forecast_4901,2025-07-24 05:00:00,7512.10641620451,7587.438135932307,4945.809710571367
forecast_4902,2025-07-24 06:00:00,6778.151870956843,6585.664594244985,4071.1183364259155
forecast_4903,2025-07-24 07:00:00,4683.827327419795,4899.817760488942,3367.9817485983153
forecast_4904,2025-07-24 08:00:00,3588.7823426919613,3283.510810227089,3512.2669583479887
forecast_4905,2025-07-24 09:00:00,3181.1035497880894,2697.7012952169976,3373.1744780439863
forecast_4906,2025-07-24 10:00:00,3131.221412876822,2557.4113943932207,3365.2518018580586
forecast_4907,2025-07-24 11:00:00,3124.2796635927116,2527.942785909286,3361.726806311185
forecast_4908,2025-07-24 12:00:00,3124.291441360964,2532.0360421673527,3360.82277354091
forecast_4909,2025-07-24 13:00:00,3128.7292627872503,2557.310618789649,3360.5322524069497
forecast_4910,2025-07-24 14:00:00,3129.0480378695506,2561.445167119146,3360.5262052178773
forecast_4911,2025-07-24 15:00:00,3124.296900279227,2541.373341365966,3360.6555383257873
forecast_4912,2025-07-24 16:00:00,3125.172992480818,2542.3728710625596,3361.114001026694
forecast_4913,2025-07-24 17:00:00,3128.494889851292,2549.885024717462,3361.363168680879
forecast_4914,2025-07-24 18:00:00,3137.178150074836,2578.3404575402587,3362.183455617013
forecast_4915,2025-07-24 19:00:00,3153.4905293767483,2632.3461648761245,3368.7147684515835
forecast_4916,2025-07-24 20:00:00,3183.3837566199477,2712.004725674809,3363.179295808064
forecast_4917,2025-07-24 21:00:00,3220.9905438177093,2808.343821908863,3364.429104858242
forecast_4918,2025-07-24 22:00:00,3283.580631929233,3039.0842507014045,3388.6145199071325
forecast_4919,2025-07-24 23:00:00,3373.8117929279965,3226.1439630417713,3395.6154211361
forecast_4920,2025-07-25 00:00:00,3431.2299502139717,3302.6345709591546,3458.89353000939
forecast_4921,2025-07-25 01:00:00,3622.9430833026486,3540.3378666036115,3514.938974129455
forecast_4922,2025-07-25 02:00:00,3663.5202451996443,3743.106427619835,3597.213404707068
forecast_4923,2025-07-25 03:00:00,3662.7197178931888,3774.1926147815607,3585.479468583585
forecast_4924,2025-07-25 04:00:00,3604.0624356935587,3724.2011250894343,3521.831938653349
forecast_4925,2025-07-25 05:00:00,3612.3193806605177,3587.4494513084383,3641.500627096848
forecast_4926,2025-07-25 06:00:00,3561.8622400580552,3384.03585281959,3446.9182441226485
forecast_4927,2025-07-25 07:00:00,3368.0366734824393,3045.783319841279,3380.8531023520936
forecast_4928,2025-07-25 08:00:00,3338.115834244155,2866.059914989896,3373.716061085602
forecast_4929,2025-07-25 09:00:00,3188.93890499911,2660.897624169721,3366.552670775885
forecast_4930,2025-07-25 10:00:00,3144.5179873964366,2606.746301056845,3367.4961169160483
forecast_4931,2025-07-25 11:00:00,3129.470736484156,2563.1264270363695,3363.734851185977
forecast_4932,2025-07-25 12:00:00,3126.374584416438,2549.9301545064745,3362.0733486022573
forecast_4933,2025-07-25 13:00:00,3127.422641071087,2556.9362172164288,3360.5637098965444
forecast_4934,2025-07-25 14:00:00,3132.5208181666453,2578.4365292875227,3361.849514452614
forecast_4935,2025-07-25 15:00:00,3131.0555786438827,2570.762717477482,3363.720672157594
forecast_4936,2025-07-25 16:00:00,3143.870626175689,2616.670674533022,3365.74687444918
forecast_4937,2025-07-25 17:00:00,3154.4051265289345,2662.549345135627,3368.181050226729
forecast_4938,2025-07-25 18:00:00,3221.9196930944454,2882.3464384823124,3371.6492848055345
forecast_4939,2025-07-25 19:00:00,3292.076764396881,3021.9126219149625,3377.8109203908148
forecast_4940,2025-07-25 20:00:00,3393.4009769957615,3160.866337830832,3409.9762370083686
forecast_4941,2025-07-25 21:00:00,3527.9188456129305,3401.1818848855446,3420.9233988869973
forecast_4942,2025-07-25 22:00:00,3671.7347887545466,3935.829600330565,3491.7616512005206
forecast_4943,2025-07-25 23:00:00,3905.2476431461487,4713.133250668624,3640.367514285266
forecast_4944,2025-07-26 00:00:00,4004.7696263803764,5276.714171929908,4309.835340293487
forecast_4945,2025-07-26 01:00:00,4213.302502982917,6222.538246705441,5328.599464342186
forecast_4946,2025-07-26 02:00:00,4180.834023133861,6069.601768260839,4886.79105907481
forecast_4947,2025-07-26 03:00:00,4071.066156848578,5619.664360227528,4715.85665496909
forecast_4948,2025-07-26 04:00:00,3896.481669906605,4696.0265909040645,3617.971269948225
forecast_4949,2025-07-26 05:00:00,5218.914653249623,4371.290824614155,3667.2466852251714
forecast_4950,2025-07-26 06:00:00,3536.2181104121373,3460.491120736343,3484.598832219119
forecast_4951,2025-07-26 07:00:00,3463.4518787242732,3313.21306646828,3437.1341663698786
forecast_4952,2025-07-26 08:00:00,3251.1404039461245,2988.247549444871,3376.7382236527637
forecast_4953,2025-07-26 09:00:00,3193.232878409944,2752.047343634941,3367.0955783978425
forecast_4954,2025-07-26 10:00:00,3163.9293886767764,2683.1938848337677,3366.490658919391
forecast_4955,2025-07-26 11:00:00,3155.75357689045,2673.0231401479696,3363.776573971792
forecast_4956,2025-07-26 12:00:00,3131.970089449105,2572.8117953818714,3362.614848584454
forecast_4957,2025-07-26 13:00:00,3129.7415453288586,2564.5757941613247,3361.3255448492096
forecast_4958,2025-07-26 14:00:00,3130.5515115967532,2561.8168956218383,3363.259374091059
forecast_4959,2025-07-26 15:00:00,3129.468808122782,2562.563845343653,3361.699862959429
forecast_4960,2025-07-26 16:00:00,3136.1192995287456,2586.140540017494,3364.6261445111895
forecast_4961,2025-07-26 17:00:00,3129.700404665675,2562.1818351946717,3364.857074646132
forecast_4962,2025-07-26 18:00:00,3161.6389131269566,2705.210898296721,3369.0122507361884
forecast_4963,2025-07-26 19:00:00,3204.426099885185,2802.275142489629,3388.7705885006144
forecast_4964,2025-07-26 20:00:00,3306.903675906214,3028.036830195777,3387.283843602013
forecast_4965,2025-07-26 21:00:00,3372.6672720627494,3157.0598219463877,3411.41400170372
forecast_4966,2025-07-26 22:00:00,3450.179015437199,3342.1495302742514,3501.585958327923
forecast_4967,2025-07-26 23:00:00,3638.07924220321,3864.1967234034937,3749.8838186953417
forecast_4968,2025-07-27 00:00:00,4082.402449940038,5570.532045159768,4850.0421738335335
forecast_4969,2025-07-27 01:00:00,7916.920474582996,7895.330102482266,5611.683293540106
forecast_4970,2025-07-27 02:00:00,8679.135154594514,8280.820682889636,5808.865132778868
forecast_4971,2025-07-27 03:00:00,8067.914751579046,8059.581191597366,5563.885443587841
forecast_4972,2025-07-27 04:00:00,8225.156569903893,7730.154227724488,5039.052785521398
forecast_4973,2025-07-27 05:00:00,7828.34594959662,6622.885716431548,4783.4612852325345
forecast_4974,2025-07-27 06:00:00,6994.218730415035,6467.006931828445,4560.07452294131
forecast_4975,2025-07-27 07:00:00,6035.210083053889,4901.802551452484,4028.3023237869575
forecast_4976,2025-07-27 08:00:00,3661.81102315765,3805.210826813691,3526.9443644360163
forecast_4977,2025-07-27 09:00:00,3328.8810168319937,3010.3171562705747,3444.2578603784027
forecast_4978,2025-07-27 10:00:00,3233.8814682085927,2870.0117624504896,3405.0029895815323
forecast_4979,2025-07-27 11:00:00,3222.4513155475793,2901.4079284345244,3424.564314837588
forecast_4980,2025-07-27 12:00:00,3227.599494014129,2929.6171302106145,3410.438644738692
forecast_4981,2025-07-27 13:00:00,3223.226469883134,2921.7339795347093,3386.002020698193
forecast_4982,2025-07-27 14:00:00,3244.097897220188,3018.938780758473,3405.818597106731
forecast_4983,2025-07-27 15:00:00,3290.7126731918115,3094.8493314294733,3427.559550697316
forecast_4984,2025-07-27 16:00:00,3259.9657162876197,3001.5901227610343,3516.3066004725392
forecast_4985,2025-07-27 17:00:00,3292.016718856326,3088.3173061825823,3583.4583926276523
forecast_4986,2025-07-27 18:00:00,3288.2797759591226,2990.368032888718,3393.726041099985
forecast_4987,2025-07-27 19:00:00,3477.124812049603,3272.178822650576,3452.6117694704785
forecast_4988,2025-07-27 20:00:00,3668.7108381549115,3761.987897430355,3531.239943384641
forecast_4989,2025-07-27 21:00:00,3856.8845058522857,4660.894915198309,3540.768069985634
forecast_4990,2025-07-27 22:00:00,6872.018202067749,6717.1975826135285,4876.440622450324
forecast_4991,2025-07-27 23:00:00,7614.56923340676,7784.91395432888,5188.025193037926
forecast_4992,2025-07-28 00:00:00,9108.519821687076,8579.98026232565,5920.472402701505
forecast_4993,2025-07-28 01:00:00,9934.929934228343,9843.48453210284,7312.098879614672
forecast_4994,2025-07-28 02:00:00,10381.99600513919,10238.093259990148,7703.611979495368
forecast_4995,2025-07-28 03:00:00,10404.1487981666,10209.357265850498,7849.4933438052185
forecast_4996,2025-07-28 04:00:00,10689.244427108104,9682.238429872014,7448.941271987991
forecast_4997,2025-07-28 05:00:00,10045.401340457045,8851.796752939192,6042.487206861082
forecast_4998,2025-07-28 06:00:00,7983.7756514693365,6566.235904128722,4857.1783049911965
forecast_4999,2025-07-28 07:00:00,6740.679382359237,5078.855545609548,3855.8127922913422
forecast_5000,2025-07-28 08:00:00,4674.710397101193,3387.002771349648,3495.916247469927
forecast_5001,2025-07-28 09:00:00,3285.161345182374,2923.087505658167,3388.249586284931
forecast_5002,2025-07-28 10:00:00,3177.322668613486,2700.220300227829,3377.508217058605
forecast_5003,2025-07-28 11:00:00,3140.932612976253,2589.986560852942,3366.2946662006602
forecast_5004,2025-07-28 12:00:00,3140.6279988341335,2577.8834435580266,3365.0839981864196
forecast_5005,2025-07-28 13:00:00,3143.5109502347796,2623.0439898830414,3361.6027805124277
forecast_5006,2025-07-28 14:00:00,3133.9763201963715,2582.53733323708,3361.7072428634087
forecast_5007,2025-07-28 15:00:00,3126.4361107539985,2540.5580757060175,3360.882962043501
forecast_5008,2025-07-28 16:00:00,3126.8053527452857,2546.1566454836393,3365.5213895900447
forecast_5009,2025-07-28 17:00:00,3162.074889965903,2663.2285852925643,3369.3873315011947
forecast_5010,2025-07-28 18:00:00,3145.9147971290568,2598.659889688715,3367.473605062731
forecast_5011,2025-07-28 19:00:00,3151.496539952201,2620.6218235279553,3365.191800204382
forecast_5012,2025-07-28 20:00:00,3192.5286780711663,2726.70721491443,3365.6799064771462
forecast_5013,2025-07-28 21:00:00,3226.5081615031204,2875.905984574206,3365.6060970436897
forecast_5014,2025-07-28 22:00:00,3261.9761435979453,2943.6642737358784,3374.7897993685815
forecast_5015,2025-07-28 23:00:00,3227.3402520519444,2796.1573937438716,3378.6780104353033
forecast_5016,2025-07-29 00:00:00,3248.6907851807346,2840.5592130620826,3377.1109120885817
forecast_5017,2025-07-29 01:00:00,3401.7169655481334,3291.014416628001,3423.15422410263
forecast_5018,2025-07-29 02:00:00,3490.689702593227,3278.0492438895635,3454.933431157255
forecast_5019,2025-07-29 03:00:00,3415.8843465144355,3209.3908897450356,3481.3099269671634
forecast_5020,2025-07-29 04:00:00,3394.4269700468076,3172.589641725293,3404.7991566715464
forecast_5021,2025-07-29 05:00:00,3342.713220064829,2968.6441944223784,3369.0037036362064
forecast_5022,2025-07-29 06:00:00,3222.3286923534642,2686.0202549056453,3366.6868038647012
forecast_5023,2025-07-29 07:00:00,3148.6460010134865,2634.4914929873394,3366.8140367080746
forecast_5024,2025-07-29 08:00:00,3131.714939521528,2574.511122889056,3364.114350759991
forecast_5025,2025-07-29 09:00:00,3129.8758035797114,2562.488434825463,3361.425615208857
forecast_5026,2025-07-29 10:00:00,3128.660223252277,2557.35975405003,3360.940466608468
forecast_5027,2025-07-29 11:00:00,3129.9392662268747,2559.8588512096767,3360.724423639699
forecast_5028,2025-07-29 12:00:00,3129.7479591608208,2562.44814466846,3360.582276006961
forecast_5029,2025-07-29 13:00:00,3130.9917036482966,2569.7399770904653,3360.776841807858
forecast_5030,2025-07-29 14:00:00,3129.4390105399098,2569.264918524289,3360.809083113093
forecast_5031,2025-07-29 15:00:00,3127.756789656814,2556.4874530306906,3360.9657609441024
forecast_5032,2025-07-29 16:00:00,3127.312724319109,2555.759456153921,3362.0517852477146
forecast_5033,2025-07-29 17:00:00,3123.498981338457,2531.218942752814,3362.6312596737985
forecast_5034,2025-07-29 18:00:00,3148.276506347067,2622.092246923396,3363.046986051521
forecast_5035,2025-07-29 19:00:00,3211.292401049634,2834.32156803862,3375.8783105742996
forecast_5036,2025-07-29 20:00:00,3179.7276542201107,2726.084650360599,3374.03825862534
forecast_5037,2025-07-29 21:00:00,3177.2429812632117,2730.0877674832414,3371.0226823875782
forecast_5038,2025-07-29 22:00:00,3252.204625305708,2979.413450241811,3367.892598527663
forecast_5039,2025-07-29 23:00:00,3295.3109821034454,3127.128076300386,3375.341289182768
forecast_5040,2025-07-30 00:00:00,3348.0264580180838,3193.7551612953243,3393.577496925818
forecast_5041,2025-07-30 01:00:00,3303.211216232106,3010.723080024886,3371.5390538285155
forecast_5042,2025-07-30 02:00:00,3357.4317779009302,3112.910801702904,3403.146545819677
forecast_5043,2025-07-30 03:00:00,3343.0331774668734,3137.158693715634,3403.060126676633
forecast_5044,2025-07-30 04:00:00,3231.9824447748683,2895.899141199589,3374.7216659875967
forecast_5045,2025-07-30 05:00:00,3187.067724131264,2753.4867788545084,3369.776339146918
forecast_5046,2025-07-30 06:00:00,3167.091401254088,2673.888779801862,3364.961565920783
forecast_5047,2025-07-30 07:00:00,3136.3350692114336,2550.8951869600614,3361.9568396762884
forecast_5048,2025-07-30 08:00:00,3133.5875533118774,2545.61614051,3361.530098479581
forecast_5049,2025-07-30 09:00:00,3124.8845073542807,2541.9372499206243,3361.275547212232
forecast_5050,2025-07-30 10:00:00,3121.5207765886544,2528.7445473949415,3360.8681465143113
forecast_5051,2025-07-30 11:00:00,3129.2931155572423,2564.0148171074284,3360.5783173681984
forecast_5052,2025-07-30 12:00:00,3138.2349150668797,2599.9361226728456,3361.4233953701846
forecast_5053,2025-07-30 13:00:00,3141.244958467114,2597.4829763428247,3362.2374294694805
forecast_5054,2025-07-30 14:00:00,3161.453469706272,2669.671643252568,3363.255393106626
forecast_5055,2025-07-30 15:00:00,3144.693787888144,2626.5907185819888,3363.3223108086245
forecast_5056,2025-07-30 16:00:00,3140.5587210366857,2608.249693726906,3363.256271335786
forecast_5057,2025-07-30 17:00:00,3133.0569462701037,2573.8631104650394,3361.4316830335156
forecast_5058,2025-07-30 18:00:00,3137.1319241496135,2587.886746791704,3361.0155787282015
forecast_5059,2025-07-30 19:00:00,3141.955947228247,2598.192794015084,3362.3144921272988
forecast_5060,2025-07-30 20:00:00,3195.561991031903,2632.6696791829468,3366.1258286389857
forecast_5061,2025-07-30 21:00:00,3192.6599317061105,2679.919849435227,3371.5563917023114
forecast_5062,2025-07-30 22:00:00,3318.8738808245066,3053.437899507619,3389.717958361514
forecast_5063,2025-07-30 23:00:00,3374.543248620591,3225.541083188824,3396.4001220575965
forecast_5064,2025-07-31 00:00:00,3258.0931482909173,3025.0055895872824,3386.702841551349
forecast_5065,2025-07-31 01:00:00,3321.3460235596017,3205.05986383524,3404.8747157336693
forecast_5066,2025-07-31 02:00:00,3314.510723520479,3270.1586703664716,3434.5019401043805
forecast_5067,2025-07-31 03:00:00,3386.6158977822306,3505.6294806787073,3500.7007943296653
forecast_5068,2025-07-31 04:00:00,3422.923319205843,3566.7826065288436,3488.3612340764084
forecast_5069,2025-07-31 05:00:00,3569.0483050787448,3725.162211418099,3409.5219996839633
forecast_5070,2025-07-31 06:00:00,3412.3017739118036,3385.5084160524984,3377.536343844037
forecast_5071,2025-07-31 07:00:00,3330.148610768798,3161.5669103026853,3377.442032600777
forecast_5072,2025-07-31 08:00:00,3309.802359903705,3094.254742630791,3388.199384258499
forecast_5073,2025-07-31 09:00:00,3218.1344205233395,2832.0048600056216,3380.4179486130397
forecast_5074,2025-07-31 10:00:00,3179.3959609158956,2754.2798011656537,3372.832423441451
forecast_5075,2025-07-31 11:00:00,3170.5015985569876,2736.94498325681,3376.699067871163
forecast_5076,2025-07-31 12:00:00,3159.7418012216945,2682.9542445481056,3377.638806641044
forecast_5077,2025-07-31 13:00:00,3154.910848480787,2660.7188077533465,3390.1566144415606
forecast_5078,2025-07-31 14:00:00,3162.1242947984115,2703.0011927362007,3378.1839424005025
forecast_5079,2025-07-31 15:00:00,3175.393535631231,2723.374993305168,3381.657570715503
forecast_5080,2025-07-31 16:00:00,3148.4381320774237,2626.921995766737,3385.7880494284514
forecast_5081,2025-07-31 17:00:00,3160.074233905497,2656.7236794704645,3374.405409190333
forecast_5082,2025-07-31 18:00:00,3137.7905632380543,2576.801914495879,3362.778936694047
forecast_5083,2025-07-31 19:00:00,3129.874562895916,2546.2627852931346,3361.3192138095505
forecast_5084,2025-07-31 20:00:00,3147.2079959931607,2601.4895545189115,3366.500377276016
forecast_5085,2025-07-31 21:00:00,3147.653823820024,2600.428364899311,3365.2890573164223
forecast_5086,2025-07-31 22:00:00,3176.7775421789866,2713.963057895129,3370.065823165902
forecast_5087,2025-07-31 23:00:00,3196.7344186804785,2792.4876561198807,3369.7223745481306
forecast_5088,2025-08-01 00:00:00,3208.4670800500726,2830.7399290576795,3369.4558074106276
forecast_5089,2025-08-01 01:00:00,3234.845365822159,2798.856141021793,3364.9380305093396
forecast_5090,2025-08-01 02:00:00,3216.1095283440904,2774.8623987123838,3366.1868021497003
forecast_5091,2025-08-01 03:00:00,3232.4698161429915,2803.2331420326154,3367.8929531029976
forecast_5092,2025-08-01 04:00:00,3156.251168308777,2673.294314154902,3365.418327414037
forecast_5093,2025-08-01 05:00:00,3164.3683889083,2686.079103775315,3365.746896832549
forecast_5094,2025-08-01 06:00:00,3129.692192677733,2542.6857340740235,3363.0267941153975
forecast_5095,2025-08-01 07:00:00,3132.811476452299,2562.24710510509,3362.7605891465596
forecast_5096,2025-08-01 08:00:00,3129.7770638792035,2558.720943611489,3361.666016413914
forecast_5097,2025-08-01 09:00:00,3123.6471477907476,2535.9043222967057,3361.0759564122204
forecast_5098,2025-08-01 10:00:00,3121.4154195474207,2528.7613831962826,3361.0822094082027
forecast_5099,2025-08-01 11:00:00,3123.0772674572604,2534.0068468225277,3360.8659766301757
forecast_5100,2025-08-01 12:00:00,3124.647373750944,2546.6270496796997,3361.2051126768706
forecast_5101,2025-08-01 13:00:00,3135.2871690120573,2593.1579859037224,3361.9274031308973
forecast_5102,2025-08-01 14:00:00,3127.6934348546692,2552.714516288897,3361.0197691058866
forecast_5103,2025-08-01 15:00:00,3124.827965931649,2542.9738412969696,3360.91151878978
forecast_5104,2025-08-01 16:00:00,3124.704099876693,2546.858691651142,3360.858641869626
forecast_5105,2025-08-01 17:00:00,3125.1850486603903,2548.7908301784855,3361.19852166851
forecast_5106,2025-08-01 18:00:00,3124.299500958642,2534.569809983563,3362.1847171423306
forecast_5107,2025-08-01 19:00:00,3147.107061226925,2631.9459131584917,3364.740426009823
forecast_5108,2025-08-01 20:00:00,3173.6991289642574,2747.1536246516303,3366.147787107106
forecast_5109,2025-08-01 21:00:00,3191.1415547921583,2771.154126180677,3368.0074894669983
forecast_5110,2025-08-01 22:00:00,3204.520156434185,2825.8126048323365,3375.6044234523033
forecast_5111,2025-08-01 23:00:00,3185.951640208788,2733.238126148424,3372.169766080756
forecast_5112,2025-08-02 00:00:00,3203.694239028493,2794.385821498953,3397.349926663901
forecast_5113,2025-08-02 01:00:00,3763.986598356365,4199.540976699482,3633.477933425091
forecast_5114,2025-08-02 02:00:00,5450.053836866199,5471.792437944195,3819.8548485595693
forecast_5115,2025-08-02 03:00:00,7747.327323416559,7032.652000064068,4566.13111326701
forecast_5116,2025-08-02 04:00:00,8354.556345610012,8606.866448365285,5649.02430250727
forecast_5117,2025-08-02 05:00:00,8671.468472323082,9596.762937996811,5918.714910703052
forecast_5118,2025-08-02 06:00:00,9575.451038518617,9518.648149426597,5401.002775239039
forecast_5119,2025-08-02 07:00:00,9042.110091088934,9680.608323190145,4879.072259124096
forecast_5120,2025-08-02 08:00:00,7989.429197610908,8797.934128073293,3666.681268303583
forecast_5121,2025-08-02 09:00:00,5666.60857459876,5869.13767684406,3725.460810875828
forecast_5122,2025-08-02 10:00:00,3477.543651591191,3450.9396080794677,3573.6572613154667
forecast_5123,2025-08-02 11:00:00,3310.670653149762,3079.23348281217,3646.1925456319873
forecast_5124,2025-08-02 12:00:00,3310.6829247511,3011.3102200081967,3522.4626049515587
forecast_5125,2025-08-02 13:00:00,3274.2307920724857,3012.588243594928,3418.2530106594554
forecast_5126,2025-08-02 14:00:00,3231.682173005185,2942.957863426156,3406.9095420190706
forecast_5127,2025-08-02 15:00:00,3209.2635908141933,2839.9789921361426,3374.7449920370523
forecast_5128,2025-08-02 16:00:00,3156.059369266543,2611.839426959145,3365.030702388569
forecast_5129,2025-08-02 17:00:00,3145.3940153271456,2599.3784668793714,3366.7830672835576
forecast_5130,2025-08-02 18:00:00,3157.4744901081694,2660.7793560309938,3363.4590612321254
forecast_5131,2025-08-02 19:00:00,3210.9612842936717,2827.7941771905616,3369.5020819368156
forecast_5132,2025-08-02 20:00:00,3345.874273005622,3018.721591074938,3385.10777372061
forecast_5133,2025-08-02 21:00:00,3409.361997458294,3288.741252184211,3387.676566202444
forecast_5134,2025-08-02 22:00:00,3531.1213259944197,3430.3634821778246,3420.2011463721014
forecast_5135,2025-08-02 23:00:00,3535.9410832482517,3456.839129609389,3449.0012634786754
forecast_5136,2025-08-03 00:00:00,3537.2725608417004,3614.9445910882,3525.931676356877
forecast_5137,2025-08-03 01:00:00,5600.824281801259,4441.537888174338,3608.856176691842
forecast_5138,2025-08-03 02:00:00,5351.147736066077,4862.719351196907,3844.988428487093
forecast_5139,2025-08-03 03:00:00,5640.230020860046,4602.391660698656,3658.331035466058
forecast_5140,2025-08-03 04:00:00,3641.870834575809,3635.7422458265582,3736.9271826236127
forecast_5141,2025-08-03 05:00:00,3492.018379656741,3273.046441935816,3508.0615143708656
forecast_5142,2025-08-03 06:00:00,3375.528243106295,3130.7384034150664,3416.4851656626543
forecast_5143,2025-08-03 07:00:00,3216.4508279581732,2646.691632403322,3372.3040274905543
forecast_5144,2025-08-03 08:00:00,3148.967216092282,2593.3458776427196,3367.6838463164772
forecast_5145,2025-08-03 09:00:00,3150.8574478835203,2637.852767544061,3370.5446535340416
forecast_5146,2025-08-03 10:00:00,3125.8504034848393,2539.808401268549,3363.579728831336
forecast_5147,2025-08-03 11:00:00,3128.6296118131063,2547.103985378969,3361.464477184047
forecast_5148,2025-08-03 12:00:00,3127.2193493795785,2536.37738289881,3361.875914485486
forecast_5149,2025-08-03 13:00:00,3137.540971275079,2562.8152297456163,3365.1926363757448
forecast_5150,2025-08-03 14:00:00,3155.051119553768,2592.567521467599,3365.594293691553
forecast_5151,2025-08-03 15:00:00,3187.135333317024,2771.3875489921593,3386.809948325905
forecast_5152,2025-08-03 16:00:00,3219.6838078963874,2861.634555375156,3383.225180783748
forecast_5153,2025-08-03 17:00:00,3251.4732607405513,3024.777012243747,3399.0841251963448
forecast_5154,2025-08-03 18:00:00,3283.613063435194,3146.7538189452403,3403.7367093567177
forecast_5155,2025-08-03 19:00:00,3488.9889888518906,3691.8085249814835,3513.531907796208
forecast_5156,2025-08-03 20:00:00,3541.42137409892,3893.1311156115394,3725.4874475326533
forecast_5157,2025-08-03 21:00:00,3490.1056411087284,3838.1186889918495,3558.3092795807224
forecast_5158,2025-08-03 22:00:00,3415.5850615703757,3580.595453801021,3579.505528836504
forecast_5159,2025-08-03 23:00:00,3550.747099706078,3681.2447522743587,4616.3615145047315
forecast_5160,2025-08-04 00:00:00,3685.046520595511,3851.0518171619074,4775.073948592236
forecast_5161,2025-08-04 01:00:00,3697.8896144782557,3907.938081477764,5415.6119477516795
forecast_5162,2025-08-04 02:00:00,6556.257336763751,4090.1198129359364,5247.613939978656
forecast_5163,2025-08-04 03:00:00,3736.7143609407094,3836.0071248691875,5058.092274008032
forecast_5164,2025-08-04 04:00:00,7806.273796770978,8211.877304148984,5441.5113091804
forecast_5165,2025-08-04 05:00:00,7467.1561877507265,8458.09247989878,5776.601925623683
forecast_5166,2025-08-04 06:00:00,6586.925636026421,8419.236447739402,5676.0957715318655
forecast_5167,2025-08-04 07:00:00,6533.343208832734,7536.90653227221,4208.643773336854
forecast_5168,2025-08-04 08:00:00,5645.932655999374,7578.738141972643,4592.980861051297
forecast_5169,2025-08-04 09:00:00,5864.265643517024,7612.256291316234,4596.660802512872
forecast_5170,2025-08-04 10:00:00,6355.309926653004,7791.191849045871,4706.109283903805
forecast_5171,2025-08-04 11:00:00,7410.392831454227,8790.365510204765,5477.71809758134
forecast_5172,2025-08-04 12:00:00,7024.034356890588,8175.498554337239,5706.053597308101
forecast_5173,2025-08-04 13:00:00,3737.488294315962,3883.339786770396,5301.200325901013
forecast_5174,2025-08-04 14:00:00,3445.366700700578,3328.8966654910605,3765.5487828949044
forecast_5175,2025-08-04 15:00:00,3286.802011403042,3140.1433351362266,3600.7328780226976
forecast_5176,2025-08-04 16:00:00,3342.0880543180756,3190.3089914733596,3620.6391851159674
forecast_5177,2025-08-04 17:00:00,3430.5941592330933,3281.3332158690073,3607.896575546777
forecast_5178,2025-08-04 18:00:00,3460.556555445809,3221.3605920346413,3542.8083423074418
forecast_5179,2025-08-04 19:00:00,3439.18419645617,3382.186248826459,3668.4541549671435
forecast_5180,2025-08-04 20:00:00,3625.6352917137574,3527.6183875531715,3779.1283120198636
forecast_5181,2025-08-04 21:00:00,9445.838386141319,9304.484563425982,8693.193981982156
forecast_5182,2025-08-04 22:00:00,9823.832309807698,10038.921329349292,8457.145418006468
forecast_5183,2025-08-04 23:00:00,9742.659800351836,9169.76293082637,3779.548418442886
forecast_5184,2025-08-05 00:00:00,9039.795682605078,8740.213865867738,7879.948677111237
forecast_5185,2025-08-05 01:00:00,8577.704795382579,8451.838577473922,6147.569654047741
forecast_5186,2025-08-05 02:00:00,7146.871490376189,7023.634499474079,5403.954492699675
forecast_5187,2025-08-05 03:00:00,6761.270501010235,6297.640303758364,4713.3597372168915
forecast_5188,2025-08-05 04:00:00,5780.174316810588,5294.7473342045105,3672.7294624107103
forecast_5189,2025-08-05 05:00:00,3771.411506911287,4049.7119667858365,3753.414144348704
forecast_5190,2025-08-05 06:00:00,3472.4393695071035,3203.9514763738453,3512.1332591697396
forecast_5191,2025-08-05 07:00:00,3586.817229529831,3343.9121348816275,3557.138498215726
forecast_5192,2025-08-05 08:00:00,3554.7867242911366,3238.0688226246375,3515.122405307138
forecast_5193,2025-08-05 09:00:00,3383.8648477611187,3030.1453151638784,3509.329662332031
forecast_5194,2025-08-05 10:00:00,3482.138464559797,3162.651333438142,3569.5535171669876
forecast_5195,2025-08-05 11:00:00,3572.254876283883,3623.784005384529,3762.585102880851
forecast_5196,2025-08-05 12:00:00,5184.94072232192,3891.6479046877876,3731.425703150865
forecast_5197,2025-08-05 13:00:00,6095.931560249056,5572.341696095,4591.387976894798
forecast_5198,2025-08-05 14:00:00,6822.678045036617,7679.655701255149,4739.669056974703
forecast_5199,2025-08-05 15:00:00,8070.0285592726905,8759.937045934208,5845.48189526837
forecast_5200,2025-08-05 16:00:00,8674.594901723898,8774.873898619819,5789.351584943249
forecast_5201,2025-08-05 17:00:00,7706.482534908091,7997.787937575605,6024.385800384287
forecast_5202,2025-08-05 18:00:00,8027.7597462204685,7814.950656701205,6520.106530318659
forecast_5203,2025-08-05 19:00:00,8402.00171892,8021.929283447299,7379.082137440946
forecast_5204,2025-08-05 20:00:00,8448.591697118649,8501.057176457865,7583.626626248198
forecast_5205,2025-08-05 21:00:00,9390.630932952985,10182.371041295877,7511.816152719464
forecast_5206,2025-08-05 22:00:00,10350.505913433897,12069.117353807167,9235.669232088361
forecast_5207,2025-08-05 23:00:00,9904.402225625456,12555.690198842232,9343.96738405213
forecast_5208,2025-08-06 00:00:00,10131.597311799029,13141.780128944569,9404.232438773306
forecast_5209,2025-08-06 01:00:00,12284.448840037012,14559.177282409162,12999.142477869018
forecast_5210,2025-08-06 02:00:00,12974.213655356443,15086.374172198977,14089.551115553471
forecast_5211,2025-08-06 03:00:00,13142.630260357011,14891.357441876537,14065.44256109871
forecast_5212,2025-08-06 04:00:00,12770.089118381778,14550.41553103726,13850.291042516134
forecast_5213,2025-08-06 05:00:00,13714.121096533136,15316.355623603724,14486.77795688117
forecast_5214,2025-08-06 06:00:00,13875.797651189321,15563.755677182957,15143.430127734699
forecast_5215,2025-08-06 07:00:00,13850.829642754463,15651.414496706655,15097.492567610228
forecast_5216,2025-08-06 08:00:00,13254.903401314052,14681.762430439287,13569.502335781992
forecast_5217,2025-08-06 09:00:00,14351.516849373558,15124.060071591526,14124.92793564932
forecast_5218,2025-08-06 10:00:00,14771.85657289917,15778.2195363154,14289.935865141775
forecast_5219,2025-08-06 11:00:00,14752.56169809914,15395.564595252854,14891.085940014835
forecast_5220,2025-08-06 12:00:00,14857.729637557439,15855.77088742363,15691.149590673796
forecast_5221,2025-08-06 13:00:00,15012.061471182446,16052.029657479394,15785.991767082445
forecast_5222,2025-08-06 14:00:00,14806.777904542496,16695.94041227864,16456.094124187013
forecast_5223,2025-08-06 15:00:00,15537.069742931168,17054.487697033685,16128.69887072078
forecast_5224,2025-08-06 16:00:00,14566.931784500943,16237.139682654944,15082.625236797005
forecast_5225,2025-08-06 17:00:00,15048.462421960769,16893.795642089826,15696.565698974933
forecast_5226,2025-08-06 18:00:00,15479.03575537524,17235.345466399784,16069.887519081427
forecast_5227,2025-08-06 19:00:00,15583.035098201131,17054.223144695654,16349.556558976834
forecast_5228,2025-08-06 20:00:00,14781.663677727021,16499.076176738887,16328.473579324851
forecast_5229,2025-08-06 21:00:00,15163.422779065195,17025.259998576064,15705.919804482994
forecast_5230,2025-08-06 22:00:00,15744.832645403132,17613.198627613416,17181.82813416689
forecast_5231,2025-08-06 23:00:00,15519.081713754133,17317.17527220128,17525.149694293363
forecast_5232,2025-08-07 00:00:00,15567.340843953574,17156.76467490556,16768.525555291828
forecast_5233,2025-08-07 01:00:00,15067.578362204356,15419.343940655246,13943.215951506396
forecast_5234,2025-08-07 02:00:00,15755.957159960824,15543.518356148514,16044.44937425531
forecast_5235,2025-08-07 03:00:00,15598.384464768764,15796.520144744092,15242.40346522025
forecast_5236,2025-08-07 04:00:00,15669.80274467331,15305.376468967108,15228.4562826872
forecast_5237,2025-08-07 05:00:00,15487.5294367806,15532.350524541645,15791.86058216744
forecast_5238,2025-08-07 06:00:00,14794.871943462944,14587.531769746329,13528.8056923583
forecast_5239,2025-08-07 07:00:00,13951.785882501463,14066.162725055638,11116.497367305847
forecast_5240,2025-08-07 08:00:00,12318.651275920587,11576.285796114793,9993.821874903098
forecast_5241,2025-08-07 09:00:00,8868.67628758105,7961.481079540761,5387.717221879084
forecast_5242,2025-08-07 10:00:00,5818.030336047898,5157.242475497165,4133.228560165567
forecast_5243,2025-08-07 11:00:00,3559.595976846743,3601.9743861657994,3561.9580942653397
forecast_5244,2025-08-07 12:00:00,3459.2477877769215,3337.8250203048974,3534.556155010657
forecast_5245,2025-08-07 13:00:00,3305.851034592594,2947.2120525220607,3441.095767286383
forecast_5246,2025-08-07 14:00:00,3208.0633432134564,2697.538101223122,3437.672493273238
forecast_5247,2025-08-07 15:00:00,3177.2623613136307,2629.962674352195,3372.7178378609333
forecast_5248,2025-08-07 16:00:00,3161.1570724373855,2621.096397709707,3368.0527188454244
forecast_5249,2025-08-07 17:00:00,3169.0371426933284,2689.8838545465505,3364.9285392640054
forecast_5250,2025-08-07 18:00:00,3160.129554988632,2664.538668460181,3369.7261013060465
forecast_5251,2025-08-07 19:00:00,3230.2540806845454,2885.544492425029,3391.183879168727
forecast_5252,2025-08-07 20:00:00,3477.8902683576944,3591.2261171272157,3429.718893042737
forecast_5253,2025-08-07 21:00:00,3641.2977461825676,3845.7850192409983,3534.245003188459
forecast_5254,2025-08-07 22:00:00,4234.578320310034,6409.959765885881,3707.1235783098477
forecast_5255,2025-08-07 23:00:00,6304.878271128409,7098.678452431565,4215.73543230873
forecast_5256,2025-08-08 00:00:00,8182.385953553254,8861.021187167464,5086.82764406754
forecast_5257,2025-08-08 01:00:00,8329.582382133305,8674.97724844655,5018.393867317012
forecast_5258,2025-08-08 02:00:00,8766.621134324827,8649.800223703485,5406.789069431762
forecast_5259,2025-08-08 03:00:00,6929.784080563805,7961.6760442796,4991.816733410249
forecast_5260,2025-08-08 04:00:00,5225.786873681136,5539.96861454281,3873.6058805808493
forecast_5261,2025-08-08 05:00:00,3586.988687784502,3543.7672786417725,3550.6757000003663
forecast_5262,2025-08-08 06:00:00,3424.813618626031,3092.2125437552354,3392.1138692324134
forecast_5263,2025-08-08 07:00:00,3232.099393018308,2909.002447181715,3374.9684736728163
forecast_5264,2025-08-08 08:00:00,3174.4719030665806,2753.9665160038253,3373.340023405431
forecast_5265,2025-08-08 09:00:00,3135.326406336336,2557.6355438438527,3364.019674370189
forecast_5266,2025-08-08 10:00:00,3124.930991310054,2537.4733040584692,3361.7279605435533
forecast_5267,2025-08-08 11:00:00,3121.468159999671,2528.258097758477,3360.6002284680103
forecast_5268,2025-08-08 12:00:00,3123.9518932441447,2541.615177639918,3360.88940982627
forecast_5269,2025-08-08 13:00:00,3124.5926258910204,2541.8014662218216,3360.697041234026
forecast_5270,2025-08-08 14:00:00,3122.922567973676,2532.555651043933,3360.8696673100544
forecast_5271,2025-08-08 15:00:00,3134.5128880107814,2554.1994913809153,3361.7072932075603
forecast_5272,2025-08-08 16:00:00,3131.02777020312,2552.2383191302124,3362.8078231303516
forecast_5273,2025-08-08 17:00:00,3143.7060050504338,2555.511837064248,3365.9131645706348
forecast_5274,2025-08-08 18:00:00,3126.1989066372716,2530.6511785895996,3361.2233409125533
forecast_5275,2025-08-08 19:00:00,3131.759727617722,2540.427767196038,3361.2875163700364
forecast_5276,2025-08-08 20:00:00,3131.8206844648294,2540.2828419049183,3362.4754496667992
forecast_5277,2025-08-08 21:00:00,3151.792052604057,2604.8502105963103,3364.0339466829087
forecast_5278,2025-08-08 22:00:00,3181.937997605844,2657.92110296934,3367.063730964559
forecast_5279,2025-08-08 23:00:00,3353.4433856027367,3192.182057849327,3368.140377034917
forecast_5280,2025-08-09 00:00:00,3476.0522106689036,3277.0354132739367,3399.7681413545524
forecast_5281,2025-08-09 01:00:00,3279.5862130019805,2910.225575277205,3392.3802375437444
forecast_5282,2025-08-09 02:00:00,3397.0957176404513,3142.2158692558933,3459.902425152211
forecast_5283,2025-08-09 03:00:00,3408.9792556753964,3208.9551664165206,3461.670023470687
forecast_5284,2025-08-09 04:00:00,3504.1418839151675,3413.977898546268,3537.0191864031376
forecast_5285,2025-08-09 05:00:00,5253.776877075397,3553.642359458705,3671.479811706398
forecast_5286,2025-08-09 06:00:00,3597.5919261532995,3441.4309217149143,3534.5594832003862
forecast_5287,2025-08-09 07:00:00,3423.492627496987,3181.286989419411,3451.1176856555644
forecast_5288,2025-08-09 08:00:00,3448.1319148989883,3209.6900936521865,3465.907951806743
forecast_5289,2025-08-09 09:00:00,3366.4249287786815,3112.0105231152525,3451.7781549175634
forecast_5290,2025-08-09 10:00:00,3348.9339230952473,3034.6087007578562,3499.7371768060043
forecast_5291,2025-08-09 11:00:00,3435.1790521254206,3348.655426501111,3551.7051548642635
forecast_5292,2025-08-09 12:00:00,3435.7720071962544,3373.0405352241464,3549.5623496496187
forecast_5293,2025-08-09 13:00:00,3348.8027639768093,3354.093501352175,3394.228768701907
forecast_5294,2025-08-09 14:00:00,3206.380722604147,2849.084033590789,3383.556228307607
forecast_5295,2025-08-09 15:00:00,3156.7906478152586,2606.865820504756,3364.1781172941596
forecast_5296,2025-08-09 16:00:00,3145.4957216950015,2594.1002457620266,3366.0771980099935
forecast_5297,2025-08-09 17:00:00,3176.198247103144,2742.291936529017,3371.683327355393
forecast_5298,2025-08-09 18:00:00,3199.554648485247,2710.3543643719927,3375.8215719913574
forecast_5299,2025-08-09 19:00:00,3195.6232913539843,2728.1474997714295,3391.861090477507
forecast_5300,2025-08-09 20:00:00,3188.699192332733,2744.7119483947426,3382.5816990258872
forecast_5301,2025-08-09 21:00:00,3247.4641057009917,2813.2501405659273,3392.805882281291
forecast_5302,2025-08-09 22:00:00,3361.854862586677,3254.688920784592,3393.432135823937
forecast_5303,2025-08-09 23:00:00,3349.814980568332,3376.180022987689,3379.1494040709044
forecast_5304,2025-08-10 00:00:00,3313.0516092222792,3263.1828946285395,3366.6456472799573
forecast_5305,2025-08-10 01:00:00,3205.2070281142023,2840.76229283213,3368.856334719512
forecast_5306,2025-08-10 02:00:00,3210.705169011193,2828.933619766088,3371.8717755502907
forecast_5307,2025-08-10 03:00:00,3220.285808440431,2872.9880085558107,3371.24958613896
forecast_5308,2025-08-10 04:00:00,3215.4443430262163,2836.493005841382,3367.258752616845
forecast_5309,2025-08-10 05:00:00,3253.9830416026844,2949.385203981439,3374.9153446801797
forecast_5310,2025-08-10 06:00:00,3315.3327080345707,3116.8094308586833,3368.74918320714
forecast_5311,2025-08-10 07:00:00,3350.5608289725687,3178.2242162053353,3367.6556529169575
forecast_5312,2025-08-10 08:00:00,3190.449358328306,2805.7541702559333,3362.889196436054
forecast_5313,2025-08-10 09:00:00,3158.4629423735064,2688.9556831673062,3362.2057297365227
forecast_5314,2025-08-10 10:00:00,3140.933101985271,2616.842228675637,3363.5503265767447
forecast_5315,2025-08-10 11:00:00,3143.753563886889,2625.0829087570933,3365.2639983805616
forecast_5316,2025-08-10 12:00:00,3148.790773540258,2654.3483157301634,3363.019574230605
forecast_5317,2025-08-10 13:00:00,3145.945445582928,2643.306850227239,3364.2282984925546
forecast_5318,2025-08-10 14:00:00,3132.110029418262,2571.0312414281357,3363.862357477052
forecast_5319,2025-08-10 15:00:00,3136.562403446308,2588.2594472474398,3364.158602248201
forecast_5320,2025-08-10 16:00:00,3123.0457053156606,2533.036700901333,3364.2199070164256
forecast_5321,2025-08-10 17:00:00,3124.8214334330232,2543.6445428408347,3361.813462691947
forecast_5322,2025-08-10 18:00:00,3121.2793860806687,2528.61764605648,3360.8392035362835
forecast_5323,2025-08-10 19:00:00,3123.2794483472376,2531.1724687395413,3361.2311712303517
forecast_5324,2025-08-10 20:00:00,3127.4643809335753,2538.9705600736884,3361.074396038154
forecast_5325,2025-08-10 21:00:00,3124.9826923457767,2531.6069152007544,3361.041368915727
forecast_5326,2025-08-10 22:00:00,3131.258419147199,2563.858118671016,3361.260559536599
forecast_5327,2025-08-10 23:00:00,3134.8194064685676,2569.3886186921486,3361.0751191921217
forecast_5328,2025-08-11 00:00:00,3133.481829021684,2535.8260567322845,3361.793716626443
forecast_5329,2025-08-11 01:00:00,3135.219206043787,2556.46306834098,3361.5479496908783
forecast_5330,2025-08-11 02:00:00,3160.604934408426,2607.1552197351175,3361.602049907006
forecast_5331,2025-08-11 03:00:00,3140.3126609128935,2533.8869174493325,3362.201371360177
forecast_5332,2025-08-11 04:00:00,3188.1135372093854,2678.290146360895,3362.2589454406466
forecast_5333,2025-08-11 05:00:00,3148.5358020172025,2604.7466002970436,3361.4524635762546
forecast_5334,2025-08-11 06:00:00,3126.0177744224898,2535.658458600311,3361.031239740388
forecast_5335,2025-08-11 07:00:00,3123.376452258392,2528.281167461682,3360.894318484842
forecast_5336,2025-08-11 08:00:00,3123.95031836955,2535.50963854266,3360.4581445632293
forecast_5337,2025-08-11 09:00:00,3127.6915919901976,2551.8872765746123,3360.653697933051
forecast_5338,2025-08-11 10:00:00,3120.953974522931,2527.0380236246315,3360.4616392716166
forecast_5339,2025-08-11 11:00:00,3122.2400356538255,2526.948223100218,3360.4137143560715
forecast_5340,2025-08-11 12:00:00,3121.77075443858,2527.493673386855,3360.630234891297
forecast_5341,2025-08-11 13:00:00,3121.7096659062904,2527.7534143406765,3360.640180497874
forecast_5342,2025-08-11 14:00:00,3123.569819451128,2527.4844912413996,3361.100875540596
forecast_5343,2025-08-11 15:00:00,3123.731323206819,2527.8768743991745,3361.0669429020904
forecast_5344,2025-08-11 16:00:00,3121.1283988963364,2526.3602812108566,3360.925400769123
forecast_5345,2025-08-11 17:00:00,3125.592567525724,2530.191829205981,3361.2052851366698
forecast_5346,2025-08-11 18:00:00,3123.4202729759118,2527.993771243536,3361.9213093767326
forecast_5347,2025-08-11 19:00:00,3124.565452896853,2531.3802141383567,3362.1632143470015
forecast_5348,2025-08-11 20:00:00,3123.865485088534,2533.6621062565127,3362.14112634854
forecast_5349,2025-08-11 21:00:00,3128.3275167665106,2545.411381821759,3364.22144480555
forecast_5350,2025-08-11 22:00:00,3137.501151578474,2560.8886419099003,3362.38235677215
forecast_5351,2025-08-11 23:00:00,3152.9358449630727,2562.0776686728,3362.0576944546124
forecast_5352,2025-08-12 00:00:00,3167.593042253395,2603.701593868069,3363.0966604017303
forecast_5353,2025-08-12 01:00:00,3202.4908170735594,2776.712787078405,3367.419297424833
forecast_5354,2025-08-12 02:00:00,3253.0432229344997,2932.8829699671946,3383.437396481457
forecast_5355,2025-08-12 03:00:00,3336.811341355461,3158.8873694801177,3400.010205861564
forecast_5356,2025-08-12 04:00:00,3306.228425824077,3098.928247200623,3386.24092708161
forecast_5357,2025-08-12 05:00:00,3318.2178060700694,3170.2198667767566,3368.541469218371
forecast_5358,2025-08-12 06:00:00,3267.649273488351,2919.0816671538096,3367.6621328703172
forecast_5359,2025-08-12 07:00:00,3194.2194629651735,2778.4391782652233,3362.365420398624
forecast_5360,2025-08-12 08:00:00,3173.0559154578164,2726.947953226293,3362.858602031916
forecast_5361,2025-08-12 09:00:00,3154.43927862102,2616.6508036069185,3362.611850145257
forecast_5362,2025-08-12 10:00:00,3136.7984363248893,2582.2920530421843,3361.3244530079864
forecast_5363,2025-08-12 11:00:00,3132.6329608583683,2567.7622043164247,3361.6213821559923
forecast_5364,2025-08-12 12:00:00,3133.349708094825,2566.285151049305,3362.7908539581913
forecast_5365,2025-08-12 13:00:00,3127.615934297554,2553.1260021756443,3362.194674868084
forecast_5366,2025-08-12 14:00:00,3132.043582095548,2569.141814168232,3363.6179681209496
forecast_5367,2025-08-12 15:00:00,3137.5805499099242,2591.3554663891473,3364.6307395425247
forecast_5368,2025-08-12 16:00:00,3148.810102580293,2634.3049060432745,3365.970085667471
forecast_5369,2025-08-12 17:00:00,3156.0077245008656,2661.1817178023866,3368.5952530704008
forecast_5370,2025-08-12 18:00:00,3172.790820652737,2723.55166354522,3369.570771744368
forecast_5371,2025-08-12 19:00:00,3325.502063278901,3395.3375242431507,3395.916258608758
forecast_5372,2025-08-12 20:00:00,3350.7180530189867,3432.7150738118166,3377.216797167656
forecast_5373,2025-08-12 21:00:00,3419.9809621093414,3643.5057934000374,3377.5084817919187
forecast_5374,2025-08-12 22:00:00,3546.922546426278,3850.7549925107164,3430.6397568354932
forecast_5375,2025-08-12 23:00:00,3531.1481817763515,3775.82714413525,3430.4971765486284
forecast_5376,2025-08-13 00:00:00,4190.45751322904,6226.3863962896285,3560.1560816003976
forecast_5377,2025-08-13 01:00:00,3775.5921162604423,4327.387631540734,3648.036244664541
forecast_5378,2025-08-13 02:00:00,5517.7860707013015,4784.118139374026,3736.547353585606
forecast_5379,2025-08-13 03:00:00,6076.320263543868,5021.15907778213,3843.0840405417557
forecast_5380,2025-08-13 04:00:00,6553.042817137611,5087.646205540992,3735.771665073117
forecast_5381,2025-08-13 05:00:00,3973.470600530869,5007.721007402179,3507.12780827999
forecast_5382,2025-08-13 06:00:00,4069.7107782371972,5563.0771013698095,3622.143680188394
forecast_5383,2025-08-13 07:00:00,6228.2855296859525,6302.538682448239,4124.325463558291
forecast_5384,2025-08-13 08:00:00,5998.157922877187,7154.783820918349,4347.82649547762
forecast_5385,2025-08-13 09:00:00,6316.409804880201,8308.77594418139,5237.051519386456
forecast_5386,2025-08-13 10:00:00,7834.201841319648,8632.001771970861,5728.031569497466
forecast_5387,2025-08-13 11:00:00,7505.6590069757085,9149.693352455031,5449.392259274648
forecast_5388,2025-08-13 12:00:00,6969.598595231275,8359.47173353787,5284.514204076008
forecast_5389,2025-08-13 13:00:00,6836.588708281488,8308.938139113816,5043.525745059285
forecast_5390,2025-08-13 14:00:00,7234.824856187886,8806.664612525206,6043.968088144233
forecast_5391,2025-08-13 15:00:00,8030.474619639241,9010.353329223672,7272.794601654513
forecast_5392,2025-08-13 16:00:00,9038.655587088402,9797.418749216895,8893.080832635022
forecast_5393,2025-08-13 17:00:00,9318.38276545247,10560.417910259765,10856.377992385711
forecast_5394,2025-08-13 18:00:00,10193.764575410672,12430.977331761529,12504.95354892737
forecast_5395,2025-08-13 19:00:00,12110.393403460166,14777.568208262002,13355.469084381275
forecast_5396,2025-08-13 20:00:00,13361.661349668826,15886.348350551434,15506.886483052585
forecast_5397,2025-08-13 21:00:00,14964.078700311347,16995.48386331047,17218.9827706826
forecast_5398,2025-08-13 22:00:00,16116.724182042637,17884.724834402732,18606.97297150272
forecast_5399,2025-08-13 23:00:00,16208.946115981167,18144.149248573824,19083.985202921267
forecast_5400,2025-08-14 00:00:00,15999.55702845642,18138.688291260463,19141.442142524233
forecast_5401,2025-08-14 01:00:00,16644.473696738758,18576.790013407415,19135.466044211484
forecast_5402,2025-08-14 02:00:00,16761.76059916258,18599.95857681498,19305.856801332553
forecast_5403,2025-08-14 03:00:00,16391.74357682348,18175.678818391007,19310.419072918758
forecast_5404,2025-08-14 04:00:00,16109.18421677401,18115.165507305403,18610.815325581516
forecast_5405,2025-08-14 05:00:00,15492.724335794986,17668.710590274255,17756.573096547683
forecast_5406,2025-08-14 06:00:00,14488.107691855155,17164.602454795182,17133.41942724611
forecast_5407,2025-08-14 07:00:00,12874.552974175956,16159.269638047823,14314.8995285015
forecast_5408,2025-08-14 08:00:00,12714.59784406192,16156.457196841986,15537.727583019574
forecast_5409,2025-08-14 09:00:00,14140.474799231633,16542.853946001396,15413.331351821456
forecast_5410,2025-08-14 10:00:00,12666.699206584337,14262.807886695135,14488.14740239117
forecast_5411,2025-08-14 11:00:00,10512.706142836767,11940.293841922821,13210.239173408863
forecast_5412,2025-08-14 12:00:00,9760.014672937677,11570.579835752116,12081.703028405436
forecast_5413,2025-08-14 13:00:00,10041.352209103356,11424.708270179679,10846.47256516036
forecast_5414,2025-08-14 14:00:00,10772.057403169962,11905.686389523808,11761.784728148878
forecast_5415,2025-08-14 15:00:00,10221.347579268988,11621.225586726814,10991.015633098257
forecast_5416,2025-08-14 16:00:00,10754.59794625359,14549.391946972508,10587.961068799934
forecast_5417,2025-08-14 17:00:00,11082.974802882241,14506.732980268074,11003.806961471335
forecast_5418,2025-08-14 18:00:00,10936.984756206519,14510.160658402716,11513.552023530254
forecast_5419,2025-08-14 19:00:00,10878.292373083375,13891.381060647078,11945.025477756062
forecast_5420,2025-08-14 20:00:00,11570.408129430592,14857.591775493964,11788.910515489963
forecast_5421,2025-08-14 21:00:00,12150.339918164638,15359.90123253781,12378.29810327681
forecast_5422,2025-08-14 22:00:00,13033.575430394914,14913.540527516157,13627.931539337016
forecast_5423,2025-08-14 23:00:00,14082.628162355453,15069.34119506502,13316.493008443817
forecast_5424,2025-08-15 00:00:00,13862.905098880015,14690.301570213547,12537.837519228831
forecast_5425,2025-08-15 01:00:00,12980.442038952919,14197.590900268799,10094.48044015525
forecast_5426,2025-08-15 02:00:00,13090.160373445426,12574.02699008407,9722.489809407653
forecast_5427,2025-08-15 03:00:00,11274.86549846434,11097.347262489266,9479.496609494407
forecast_5428,2025-08-15 04:00:00,11290.414654635953,10420.114486679875,8664.107127437663
forecast_5429,2025-08-15 05:00:00,9727.249086598584,8934.257173522408,7645.888791364359
forecast_5430,2025-08-15 06:00:00,8702.717304318605,7797.405683612041,6134.570718927338
forecast_5431,2025-08-15 07:00:00,3728.209110743677,3913.342686856295,3679.255209276474
forecast_5432,2025-08-15 08:00:00,3585.3889877101724,3517.7407574304834,3555.5367363991722
forecast_5433,2025-08-15 09:00:00,3382.801176918199,2984.865493622675,3392.710240396549
forecast_5434,2025-08-15 10:00:00,3217.431813418464,2681.2393569988913,3378.3637671118126
forecast_5435,2025-08-15 11:00:00,3188.9390261301623,2622.0896343404443,3373.6565564889083
forecast_5436,2025-08-15 12:00:00,3164.575140048708,2635.1059976245947,3373.876655541257
forecast_5437,2025-08-15 13:00:00,3161.8430895268184,2632.95192820114,3379.428661356851
forecast_5438,2025-08-15 14:00:00,3182.641080793987,2692.3268233332165,3371.7779643016374
forecast_5439,2025-08-15 15:00:00,3207.8613499354524,2760.4882384116613,3368.653082106331
forecast_5440,2025-08-15 16:00:00,3229.540650762659,2776.098787423941,3405.0832663561887
forecast_5441,2025-08-15 17:00:00,3233.8428462832094,2806.7123030834746,3385.2216785540304
forecast_5442,2025-08-15 18:00:00,3218.7631447019135,2855.4777458117373,3377.481880199597
forecast_5443,2025-08-15 19:00:00,3304.6273057763306,2946.434621650556,3407.48077702985
forecast_5444,2025-08-15 20:00:00,3609.637967908991,3334.6938883742177,3653.6031587487983
forecast_5445,2025-08-15 21:00:00,3879.5990534396788,4645.167553451995,4282.38607707146
forecast_5446,2025-08-15 22:00:00,6535.074910084929,6492.457871783697,4445.303481488061
forecast_5447,2025-08-15 23:00:00,7800.036839799155,8940.960116857394,4959.077218693607
forecast_5448,2025-08-16 00:00:00,9754.023757321433,10737.963682553422,6502.869998342916
forecast_5449,2025-08-16 01:00:00,10606.770735484088,11960.35801069954,7642.277193112035
forecast_5450,2025-08-16 02:00:00,11010.589106051908,13114.800680484323,8878.30962621586
forecast_5451,2025-08-16 03:00:00,11144.531126764894,13460.625118876336,9045.843851038455
forecast_5452,2025-08-16 04:00:00,10789.522545670003,13087.113732575974,8893.328778888595
forecast_5453,2025-08-16 05:00:00,10473.069297813461,12378.03543951549,8761.213097821284
forecast_5454,2025-08-16 06:00:00,10882.353720862899,11568.860488355525,6576.823740871036
forecast_5455,2025-08-16 07:00:00,10047.108530809632,10225.409176749255,5605.629280090038
forecast_5456,2025-08-16 08:00:00,9870.366407370728,9330.169982331461,5247.766772868349
forecast_5457,2025-08-16 09:00:00,9017.41134562216,8438.183675358343,5150.090228803456
forecast_5458,2025-08-16 10:00:00,7405.453062057859,6083.4317235148155,4713.511571979494
forecast_5459,2025-08-16 11:00:00,5879.234568551652,6205.601935043763,4479.51510084092
forecast_5460,2025-08-16 12:00:00,6017.508920309789,6397.162876838346,4575.504220874269
forecast_5461,2025-08-16 13:00:00,7309.9174520644,6666.3723601822785,4556.026913053229
forecast_5462,2025-08-16 14:00:00,9049.768751802596,8142.037376632148,5765.80623057423
forecast_5463,2025-08-16 15:00:00,10419.658236536863,9326.06856959727,8235.548166599505
forecast_5464,2025-08-16 16:00:00,10032.552616382656,9094.202385348459,8789.377682143959
forecast_5465,2025-08-16 17:00:00,10068.573383295865,9552.424023282556,10476.221048984711
forecast_5466,2025-08-16 18:00:00,10930.512774169229,11267.434422745266,11501.7369930753
forecast_5467,2025-08-16 19:00:00,13880.060743263848,14283.490016640795,12450.583787328214
forecast_5468,2025-08-16 20:00:00,15803.190686006532,16030.094435004454,14036.844643268087
forecast_5469,2025-08-16 21:00:00,16276.016506736501,16800.388425945235,15730.229214166222
forecast_5470,2025-08-16 22:00:00,16888.0437784785,17339.39449517365,17322.37650340452
forecast_5471,2025-08-16 23:00:00,17740.025320350804,17390.712758154503,17259.423080619155
forecast_5472,2025-08-17 00:00:00,18124.615193959547,17659.34408204865,16902.306773736855
forecast_5473,2025-08-17 01:00:00,17738.179618079073,17976.501528764624,17681.719100559905
forecast_5474,2025-08-17 02:00:00,17855.71042066655,17975.273055028378,17576.937625628172
forecast_5475,2025-08-17 03:00:00,17453.384654933947,17804.035132335444,16923.37568184182
forecast_5476,2025-08-17 04:00:00,17505.950273166407,17638.95249938457,17289.334079932178
forecast_5477,2025-08-17 05:00:00,18153.810064336132,17605.84303224945,16350.538847554846
forecast_5478,2025-08-17 06:00:00,16286.95842347491,16679.46395471785,14687.936262897854
forecast_5479,2025-08-17 07:00:00,15118.840297094861,15823.726524630812,12860.185803467235
forecast_5480,2025-08-17 08:00:00,15264.86698145464,15040.919362492436,10452.304089144603
forecast_5481,2025-08-17 09:00:00,11399.346886342822,12032.995669857311,8298.132077382696
forecast_5482,2025-08-17 10:00:00,8512.223761091012,8576.495290944866,6064.90607697473
forecast_5483,2025-08-17 11:00:00,6794.210788809662,7393.596572215616,4920.803397555882
forecast_5484,2025-08-17 12:00:00,5020.016782357139,5009.888488636234,3601.1072698716616
forecast_5485,2025-08-17 13:00:00,3649.1498277485935,3876.263938421489,3760.522878323306
forecast_5486,2025-08-17 14:00:00,3577.097481189443,3784.724489671529,3179.249755056462
forecast_5487,2025-08-17 15:00:00,4420.5659744760105,4164.72221960002,3352.912837649741
forecast_5488,2025-08-17 16:00:00,4709.577925631096,4568.576494733721,3613.303988132106
forecast_5489,2025-08-17 17:00:00,4516.939657612055,4601.106790766589,3217.455872632676
forecast_5490,2025-08-17 18:00:00,4466.015146532056,4237.2135209594835,2878.8934426435835
forecast_5491,2025-08-17 19:00:00,6815.375508860006,5015.874336806527,4098.734757087494
forecast_5492,2025-08-17 20:00:00,7378.321528670636,6307.2784739563895,4539.850686096199
forecast_5493,2025-08-17 21:00:00,8068.3923139025555,6720.470906066952,4696.823926702662
forecast_5494,2025-08-17 22:00:00,8894.11167715546,8800.968691063257,4919.550430620597
forecast_5495,2025-08-17 23:00:00,6397.204850694829,7691.669190400263,5114.31759693295
forecast_5496,2025-08-18 00:00:00,7446.198410901789,8740.734460482212,5646.935453919305
forecast_5497,2025-08-18 01:00:00,10244.320701454564,9870.24681361864,6872.02102529287
forecast_5498,2025-08-18 02:00:00,8850.946237257353,9430.582146820008,5897.017701528497
forecast_5499,2025-08-18 03:00:00,10524.924004681168,11374.639217928654,7428.8270670004895
forecast_5500,2025-08-18 04:00:00,9767.203841519204,10358.745939091548,6058.97647467492
forecast_5501,2025-08-18 05:00:00,11258.828360010424,11118.707419028151,7421.845243358919
forecast_5502,2025-08-18 06:00:00,10239.676992823124,10966.57836475356,6689.492333116793
forecast_5503,2025-08-18 07:00:00,9112.919409808963,10499.509775243274,6262.781399047102
forecast_5504,2025-08-18 08:00:00,9234.800356405034,11019.968739605547,5667.75747845946
forecast_5505,2025-08-18 09:00:00,8883.84832289644,10195.30890602236,4741.395002128243
forecast_5506,2025-08-18 10:00:00,7007.801102234832,7873.198104305184,5903.819461935202
forecast_5507,2025-08-18 11:00:00,8103.267389045134,9439.383746464364,6009.099351505926
forecast_5508,2025-08-18 12:00:00,6963.975823323612,7988.827940951506,5829.837399940593
forecast_5509,2025-08-18 13:00:00,5791.838655886095,6323.532661156966,4783.746528916834
forecast_5510,2025-08-18 14:00:00,6851.264604220066,6529.970273793767,4834.16251139816
forecast_5511,2025-08-18 15:00:00,7758.707810988623,7901.584560345803,7245.271797640508
forecast_5512,2025-08-18 16:00:00,8703.19603596459,7777.523336971915,8705.19625065563
forecast_5513,2025-08-18 17:00:00,9337.429053212134,9423.797193629132,9676.038333651633
forecast_5514,2025-08-18 18:00:00,9122.973619928363,9986.565263648929,8550.674377323505
forecast_5515,2025-08-18 19:00:00,10771.005375946783,11918.938776821402,9826.082883767736
forecast_5516,2025-08-18 20:00:00,12422.944239960534,13102.392948673629,11899.332912556256
forecast_5517,2025-08-18 21:00:00,12339.818778400886,13840.840340757964,12224.565477764423
forecast_5518,2025-08-18 22:00:00,14202.010765321798,16745.936188333715,12377.390363462204
forecast_5519,2025-08-18 23:00:00,14613.174192128978,16277.328513020915,12407.656186603293
forecast_5520,2025-08-19 00:00:00,14931.9458195168,16991.79434706429,13395.034900791969
forecast_5521,2025-08-19 01:00:00,14653.604011060468,16955.312062205077,14907.226804856009
forecast_5522,2025-08-19 02:00:00,14620.484825753725,16663.910957183423,14883.680769058215
forecast_5523,2025-08-19 03:00:00,14280.496609654272,16447.906545943988,14828.839511389253
forecast_5524,2025-08-19 04:00:00,14255.87194096238,16337.988758503996,14758.058802914697
forecast_5525,2025-08-19 05:00:00,14627.20886125946,17079.11605486431,15227.408043307978
forecast_5526,2025-08-19 06:00:00,15038.315510188351,17008.491084382356,14763.1168806796
forecast_5527,2025-08-19 07:00:00,14425.616629608523,16660.40805723235,14043.823542304413
forecast_5528,2025-08-19 08:00:00,14507.892928809044,16987.37733170184,14171.388320450884
forecast_5529,2025-08-19 09:00:00,14728.2838194756,17196.630164250306,14585.645099502433
forecast_5530,2025-08-19 10:00:00,13371.033849315041,16079.570457099471,13060.261389021907
forecast_5531,2025-08-19 11:00:00,12783.765445145209,14693.448557105994,11538.759938072239
forecast_5532,2025-08-19 12:00:00,12147.588106157738,13126.243885265374,10907.223656571432
forecast_5533,2025-08-19 13:00:00,10849.840841307927,12323.421660561247,10093.526177885458
forecast_5534,2025-08-19 14:00:00,11164.177484062417,11344.426492539975,9756.05291637736
forecast_5535,2025-08-19 15:00:00,10947.161826677673,10924.33653423366,10112.025531019473
forecast_5536,2025-08-19 16:00:00,10621.668663394565,10118.353545395381,10723.430179853609
forecast_5537,2025-08-19 17:00:00,10761.740687064226,10448.077706087459,12174.10573288421
forecast_5538,2025-08-19 18:00:00,11861.455464315346,13104.698224091806,12479.242129049146
forecast_5539,2025-08-19 19:00:00,13165.505426426762,14449.731795996124,13772.860526215869
forecast_5540,2025-08-19 20:00:00,14394.54047463563,16224.709120608566,14713.971660807343
forecast_5541,2025-08-19 21:00:00,14427.784337540008,16452.979698645097,15164.43633433411
forecast_5542,2025-08-19 22:00:00,15461.23954862996,16994.344825843393,16783.676462079704
forecast_5543,2025-08-19 23:00:00,15888.45985688398,17015.743668186373,13929.451694915724
forecast_5544,2025-08-20 00:00:00,15888.422905902218,17304.392905315275,17728.659331137864
forecast_5545,2025-08-20 01:00:00,17331.981078552108,17991.930097585344,17952.733305895712
forecast_5546,2025-08-20 02:00:00,16699.721622714012,17813.140307376,18279.633007661196
forecast_5547,2025-08-20 03:00:00,16365.859450201233,17530.017108688957,18069.294657243507
forecast_5548,2025-08-20 04:00:00,16372.544970035739,17520.396429225722,18183.16153690172
forecast_5549,2025-08-20 05:00:00,17067.249205991375,17366.618231250955,18059.993058486372
forecast_5550,2025-08-20 06:00:00,16730.8581655674,16943.548367000363,16269.583601916052
forecast_5551,2025-08-20 07:00:00,15054.34992904335,16097.778735166688,15286.569990383892
forecast_5552,2025-08-20 08:00:00,15085.781832987228,16062.599308269793,14321.026032806012
forecast_5553,2025-08-20 09:00:00,12654.621831717743,14696.078408213889,11020.480396470235
forecast_5554,2025-08-20 10:00:00,10344.144694687082,10839.135606783231,7669.843873216657
forecast_5555,2025-08-20 11:00:00,9802.631548328634,9514.339985181734,5620.259004060018
forecast_5556,2025-08-20 12:00:00,9020.2750392148,8404.773790951438,5610.85813584201
forecast_5557,2025-08-20 13:00:00,7912.470614236035,6612.054434778256,4832.070847526689
forecast_5558,2025-08-20 14:00:00,7493.7942011247105,5393.268630154853,5129.127447162557
forecast_5559,2025-08-20 15:00:00,6945.584774420095,5623.587467141441,4469.311776098413
forecast_5560,2025-08-20 16:00:00,6513.1375487383675,5004.74026696905,4306.043430501031
forecast_5561,2025-08-20 17:00:00,6817.33574493215,5392.469713454746,5723.047859110208
forecast_5562,2025-08-20 18:00:00,6125.280549107627,5263.616499418646,4159.219258640991
forecast_5563,2025-08-20 19:00:00,6973.413621157301,6121.313111443466,4881.632618365669
forecast_5564,2025-08-20 20:00:00,7511.242765287267,6974.146009933006,5512.665655833398
forecast_5565,2025-08-20 21:00:00,7787.069993748596,8039.004062902288,4808.3055913043045
forecast_5566,2025-08-20 22:00:00,9370.67903103926,10295.762186831895,6228.399190820252
forecast_5567,2025-08-20 23:00:00,10321.511088282128,10984.793916176675,7471.647543126917
forecast_5568,2025-08-21 00:00:00,11587.505289766139,12671.565253484832,9313.458391539598
forecast_5569,2025-08-21 01:00:00,12175.971330623794,13011.313993769934,9309.97654406145
forecast_5570,2025-08-21 02:00:00,13646.144222119401,14201.764991054626,11351.832663625552
forecast_5571,2025-08-21 03:00:00,13830.395553326922,13816.585478222136,12339.986462172259
forecast_5572,2025-08-21 04:00:00,14832.528773492746,14654.034897019106,11354.26591197068
forecast_5573,2025-08-21 05:00:00,14580.622036385457,14644.919410969569,10463.144781112924
forecast_5574,2025-08-21 06:00:00,10192.266394755818,10574.693845892483,6472.439733787329
forecast_5575,2025-08-21 07:00:00,7686.233185037577,7595.297918028135,5265.165747160306
forecast_5576,2025-08-21 08:00:00,4825.967517804772,5000.328229440097,4214.156124335422
forecast_5577,2025-08-21 09:00:00,3427.75835969098,3183.7118560119975,3423.582254291548
forecast_5578,2025-08-21 10:00:00,3209.180463512476,2797.9287010397543,3390.2471678940956
forecast_5579,2025-08-21 11:00:00,3172.831654369357,2665.390333535554,3374.4227661076793
forecast_5580,2025-08-21 12:00:00,3160.247807672638,2614.4153818361447,3378.7064989553874
forecast_5581,2025-08-21 13:00:00,3152.923032617014,2574.289734064812,3370.4377499226125
forecast_5582,2025-08-21 14:00:00,3144.8689765395934,2535.8613486714667,3366.836407992941
forecast_5583,2025-08-21 15:00:00,3129.018189964654,2529.832374310818,3366.335844051492
forecast_5584,2025-08-21 16:00:00,3131.927538139652,2546.9867737571476,3364.0778107157444
forecast_5585,2025-08-21 17:00:00,3147.68626032979,2621.5033069226843,3363.0176130386326
forecast_5586,2025-08-21 18:00:00,3165.048357534466,2644.533736989316,3372.8135890933595
forecast_5587,2025-08-21 19:00:00,3283.1145432173116,2738.6038878366,3422.920812797548
forecast_5588,2025-08-21 20:00:00,3213.9918225784545,2677.053147136976,3430.2229619744753
forecast_5589,2025-08-21 21:00:00,3306.073661222652,2916.611960676109,3408.780356737454
forecast_5590,2025-08-21 22:00:00,3409.063696054864,3304.2367683803714,3441.237302566692
forecast_5591,2025-08-21 23:00:00,3562.824681027576,3461.8084498067246,3509.6372633065034
forecast_5592,2025-08-22 00:00:00,3587.7028985241627,3658.9887210493494,3607.705809225559
forecast_5593,2025-08-22 01:00:00,4968.983513632742,3918.5026677989754,4083.9826677481665
forecast_5594,2025-08-22 02:00:00,5554.1355641468745,4720.580450739782,4031.9336448978183
forecast_5595,2025-08-22 03:00:00,6194.3740251071395,5214.790635974758,4325.744585111882
forecast_5596,2025-08-22 04:00:00,7554.726180906914,6554.641501769866,4803.756975106959
forecast_5597,2025-08-22 05:00:00,8531.481929769783,7291.486014444347,5784.357368488911
forecast_5598,2025-08-22 06:00:00,10072.028521925207,8791.229138819657,5902.043403732268
forecast_5599,2025-08-22 07:00:00,10243.273921027056,8600.8759110754,5449.924202232798
forecast_5600,2025-08-22 08:00:00,9108.99302542437,8305.185014035227,5168.929643443966
forecast_5601,2025-08-22 09:00:00,7396.0859306065195,7188.169099613903,3793.8829880157436
forecast_5602,2025-08-22 10:00:00,5808.362176396261,4343.625622919305,3615.646053543442
forecast_5603,2025-08-22 11:00:00,4841.946974988872,3924.1577319736066,3347.484593169929
forecast_5604,2025-08-22 12:00:00,3614.192314923558,3493.049078197751,3665.0435392469817
forecast_5605,2025-08-22 13:00:00,3472.5133086227656,3492.0844592003523,3581.6748223062473
forecast_5606,2025-08-22 14:00:00,3670.4132488337023,3552.9719746804294,3749.07179982214
forecast_5607,2025-08-22 15:00:00,3657.2570777292517,3679.705316484366,3657.6792311882764
forecast_5608,2025-08-22 16:00:00,4201.313918456929,3796.0446051472813,4346.612845952376
forecast_5609,2025-08-22 17:00:00,5363.559560609319,4488.746075556153,4701.745787386629
forecast_5610,2025-08-22 18:00:00,6697.5359791747915,5208.131028413884,4346.644389242209
forecast_5611,2025-08-22 19:00:00,8677.352780718033,6707.703025920307,5332.185007400981
forecast_5612,2025-08-22 20:00:00,9946.36153132428,8235.809223053368,6747.243582770053
forecast_5613,2025-08-22 21:00:00,10836.088746986006,10065.152683661994,7754.724932866307
forecast_5614,2025-08-22 22:00:00,13365.094875923807,13597.186569748768,10084.973075624064
forecast_5615,2025-08-22 23:00:00,15281.201065746489,14580.724896961929,10295.044578661214
forecast_5616,2025-08-23 00:00:00,15981.917177909309,15484.405901086207,11517.51242445065
forecast_5617,2025-08-23 01:00:00,16543.23482623386,15274.24661683859,12106.028220095639
forecast_5618,2025-08-23 02:00:00,16006.208955523865,14998.392458313258,11182.614433707273
forecast_5619,2025-08-23 03:00:00,15584.892607214857,14530.622458324844,9763.37852854891
forecast_5620,2025-08-23 04:00:00,13443.212921879549,11489.523717893962,9015.237764234935
forecast_5621,2025-08-23 05:00:00,11113.622091999372,9242.174440592591,8261.940030453889
forecast_5622,2025-08-23 06:00:00,8386.700919677874,6440.641038759893,5529.240070181053
forecast_5623,2025-08-23 07:00:00,5830.9318928090315,5089.310488373645,4248.002404853942
forecast_5624,2025-08-23 08:00:00,4334.662616591533,3494.3943987607686,3646.1871453822114
forecast_5625,2025-08-23 09:00:00,3378.9182284087174,3125.720085494528,3402.428978123285
forecast_5626,2025-08-23 10:00:00,3217.85715739597,2685.6193400696525,3379.7101367349114
forecast_5627,2025-08-23 11:00:00,3153.077035510985,2620.1812057711254,3368.4013983820396
forecast_5628,2025-08-23 12:00:00,3129.4556582529017,2542.3478081410135,3362.2013544123624
forecast_5629,2025-08-23 13:00:00,3125.6127060732797,2533.3660826779255,3362.0719700818627
forecast_5630,2025-08-23 14:00:00,3127.9075178656244,2536.1050407101748,3361.571893627141
forecast_5631,2025-08-23 15:00:00,3128.52144730734,2546.0016756435402,3361.7856664638075
forecast_5632,2025-08-23 16:00:00,3130.369524679283,2555.571074254258,3361.6396364737075
forecast_5633,2025-08-23 17:00:00,3134.3666973025142,2563.620869752767,3362.3375066710805
forecast_5634,2025-08-23 18:00:00,3157.8145826494515,2655.1462519857555,3367.6568964693183
forecast_5635,2025-08-23 19:00:00,3187.1637480925137,2768.1718555480747,3367.389964523033
forecast_5636,2025-08-23 20:00:00,3215.1626222567334,2849.3675561929585,3367.5357652824155
forecast_5637,2025-08-23 21:00:00,3387.2817902591883,3296.696741070846,3369.0523180103655
forecast_5638,2025-08-23 22:00:00,3597.660087070852,3456.697605656926,3393.5330581056173
forecast_5639,2025-08-23 23:00:00,3616.5139887130604,3609.3682872750287,3466.9473309517202
forecast_5640,2025-08-24 00:00:00,3655.9902915845482,3619.224323960299,3513.015802681278
forecast_5641,2025-08-24 01:00:00,3489.758939765076,3361.172774601061,3411.8461421944658
forecast_5642,2025-08-24 02:00:00,3503.712673488918,3311.222322698721,3408.986938376204
forecast_5643,2025-08-24 03:00:00,3435.373255051136,3255.131488039797,3397.3896105858694
forecast_5644,2025-08-24 04:00:00,3321.6475757925286,3074.1964949728726,3392.6881268549637
forecast_5645,2025-08-24 05:00:00,3204.005059098354,2827.9807858319036,3366.0228408190483
forecast_5646,2025-08-24 06:00:00,3184.3775764829434,2783.317143296002,3365.870044335996
forecast_5647,2025-08-24 07:00:00,3157.330305668794,2660.267760567877,3368.479662439581
forecast_5648,2025-08-24 08:00:00,3178.3800547800697,2689.031898577217,3368.443119810167
forecast_5649,2025-08-24 09:00:00,3147.9228696635705,2576.905874920007,3369.2098014263684
forecast_5650,2025-08-24 10:00:00,3145.5245840174694,2617.712206392621,3366.023153697436
forecast_5651,2025-08-24 11:00:00,3143.4188715531295,2608.9035740367062,3363.38826210002
forecast_5652,2025-08-24 12:00:00,3140.627786454183,2580.618325767324,3361.7581542626494
forecast_5653,2025-08-24 13:00:00,3141.453724577178,2582.1557454216154,3365.0521804858
forecast_5654,2025-08-24 14:00:00,3155.067403935437,2633.4537868390257,3369.2705397930104
forecast_5655,2025-08-24 15:00:00,3201.8916357021258,2719.7726781901592,3376.33972789407
forecast_5656,2025-08-24 16:00:00,3258.267001750423,2964.669202602379,3502.0953668795682
forecast_5657,2025-08-24 17:00:00,3259.3324972029873,3043.7831803644876,3475.8506647297163
forecast_5658,2025-08-24 18:00:00,3416.8820100721605,3371.1291383742378,3528.9971937514542
forecast_5659,2025-08-24 19:00:00,3555.337353584775,3422.577136063136,3664.0474565209684
forecast_5660,2025-08-24 20:00:00,3574.267858679685,3395.568848495084,3428.342596640678
forecast_5661,2025-08-24 21:00:00,3553.646950314179,3433.9981875901262,3501.4251408444375
forecast_5662,2025-08-24 22:00:00,3477.1851137740864,3345.357225028782,3459.413029302805
forecast_5663,2025-08-24 23:00:00,3558.0927294942203,3331.312663644938,3523.2611714061013
forecast_5664,2025-08-25 00:00:00,3593.777358721636,3325.918651698422,3565.1478778594596
forecast_5665,2025-08-25 01:00:00,3537.842100864014,3404.06009254405,3587.200676251355
forecast_5666,2025-08-25 02:00:00,3593.4813973650516,3511.97550208385,3647.9197456923243
forecast_5667,2025-08-25 03:00:00,3756.3375047013997,3999.0822933126783,3790.3505059265663
forecast_5668,2025-08-25 04:00:00,4856.886422377587,3736.4461853893245,3718.7550068449927
forecast_5669,2025-08-25 05:00:00,4512.542246601398,3681.322516486575,3779.10428898261
forecast_5670,2025-08-25 06:00:00,4945.464052563765,3937.4157533979233,3550.8219298227887
forecast_5671,2025-08-25 07:00:00,4933.688726023041,3914.5760091884854,3662.6487221313605
forecast_5672,2025-08-25 08:00:00,3553.6275085299762,3475.021020150735,3459.1192452364667
forecast_5673,2025-08-25 09:00:00,3301.6643359623267,3018.829045753454,3377.6524618446233
forecast_5674,2025-08-25 10:00:00,3198.70082818944,2789.170807188086,3365.989004693194
forecast_5675,2025-08-25 11:00:00,3229.9712066124225,2878.364897095834,3371.395419924444
forecast_5676,2025-08-25 12:00:00,3301.292905746738,3010.7866246504,3398.794671232928
forecast_5677,2025-08-25 13:00:00,3255.286721335994,2968.0830111995065,3391.500808691285
forecast_5678,2025-08-25 14:00:00,3311.7635768821115,2957.3906404428285,3431.2922592573223
forecast_5679,2025-08-25 15:00:00,3397.786874661986,3192.3105298483765,3458.9598657694364
forecast_5680,2025-08-25 16:00:00,3550.3123300195816,3450.1707497946377,3648.6993744279707
forecast_5681,2025-08-25 17:00:00,3470.669787244804,3267.788125139744,3579.3525278574616
forecast_5682,2025-08-25 18:00:00,5175.538558977776,4799.100401074923,4155.020594177906
forecast_5683,2025-08-25 19:00:00,7102.39132946028,6092.0742448615,4323.191093566769
forecast_5684,2025-08-25 20:00:00,9482.659231912972,9567.270775204543,6249.724277876094
forecast_5685,2025-08-25 21:00:00,11390.692671484569,12109.9717246702,7990.468668243672
forecast_5686,2025-08-25 22:00:00,13288.52203674656,14167.243650712371,10388.276917831534
forecast_5687,2025-08-25 23:00:00,13825.485541655542,15460.840487989877,12651.413349094546
forecast_5688,2025-08-26 00:00:00,14168.048336783862,16234.03139189259,14245.370810144937
forecast_5689,2025-08-26 01:00:00,15142.152245890205,16753.629433498794,15442.314277353438
forecast_5690,2025-08-26 02:00:00,15251.072611456151,16939.255121137187,15347.77539621385
forecast_5691,2025-08-26 03:00:00,15294.345193694115,17016.05927788916,15205.118931176943
forecast_5692,2025-08-26 04:00:00,15406.07165723339,17075.217198688326,16109.572408670787
forecast_5693,2025-08-26 05:00:00,15261.180519523567,17048.2488697921,16220.72571205194
forecast_5694,2025-08-26 06:00:00,14384.834196285561,16760.918496590108,16176.168237962565
forecast_5695,2025-08-26 07:00:00,13871.753406069698,16595.069275463076,16091.620419557124
forecast_5696,2025-08-26 08:00:00,13190.943631238722,16143.109614398734,14817.943939907615
forecast_5697,2025-08-26 09:00:00,13051.125260899591,15525.673852661228,14852.211883814163
forecast_5698,2025-08-26 10:00:00,12560.895410380052,14848.479440448318,13877.925229783445
forecast_5699,2025-08-26 11:00:00,12893.672549743997,13752.756328794307,13587.714951118567
forecast_5700,2025-08-26 12:00:00,12591.27491123115,13746.928246239024,13344.595059528867
forecast_5701,2025-08-26 13:00:00,12810.988898360578,13364.545980712248,14354.557371485256
forecast_5702,2025-08-26 14:00:00,12855.714215774637,13153.223304831354,14629.351927540143
forecast_5703,2025-08-26 15:00:00,12610.782387487208,13334.32711309155,14735.01884813106
forecast_5704,2025-08-26 16:00:00,12028.225260182815,12592.259015830037,13720.928346546307
forecast_5705,2025-08-26 17:00:00,12891.911545909135,12755.421083606903,12983.902304067804
forecast_5706,2025-08-26 18:00:00,11620.306216439252,11547.25877694831,11737.181573973929
forecast_5707,2025-08-26 19:00:00,10451.46232513681,10920.190177990522,10204.339661875223
forecast_5708,2025-08-26 20:00:00,10256.654893081133,11026.300023116763,9137.499928194524
forecast_5709,2025-08-26 21:00:00,10519.006457349815,11131.73886038318,8592.6466086267
forecast_5710,2025-08-26 22:00:00,12245.208299894637,13443.319510978228,9475.153147414378
forecast_5711,2025-08-26 23:00:00,11489.067876094487,12759.852382909554,8194.192584583037
forecast_5712,2025-08-27 00:00:00,10739.012271744168,11708.76168961462,7235.581908268406
forecast_5713,2025-08-27 01:00:00,10022.359916071611,10828.442560571271,6923.255969099818
forecast_5714,2025-08-27 02:00:00,7322.466997199457,6991.077310824498,5600.254123653445
forecast_5715,2025-08-27 03:00:00,5686.266706759465,5747.2738573359475,4170.623466397312
forecast_5716,2025-08-27 04:00:00,3536.917757598596,3520.419385095307,3542.468806474444
forecast_5717,2025-08-27 05:00:00,3431.1055192887384,3164.874714101432,3504.8100948215138
forecast_5718,2025-08-27 06:00:00,3269.320026257226,2912.732675520959,3402.063849839058
forecast_5719,2025-08-27 07:00:00,3183.799977610923,2690.922821083187,3366.986500479525
forecast_5720,2025-08-27 08:00:00,3151.3609726780282,2620.584903238995,3365.2205878505365
forecast_5721,2025-08-27 09:00:00,3139.949015433316,2595.7203748147967,3361.5922754911567
forecast_5722,2025-08-27 10:00:00,3134.815330882275,2561.0674763735183,3361.5123195554115
forecast_5723,2025-08-27 11:00:00,3128.026607180844,2544.376030023426,3361.2316122622988
forecast_5724,2025-08-27 12:00:00,3124.8411963566036,2537.001455698792,3362.187901211708
forecast_5725,2025-08-27 13:00:00,3132.5035831722985,2568.171612936434,3367.0001194887795
forecast_5726,2025-08-27 14:00:00,3150.9769315992967,2661.1992448254323,3367.555386006851
forecast_5727,2025-08-27 15:00:00,3156.741069491384,2678.6409582261163,3366.171800007467
forecast_5728,2025-08-27 16:00:00,3164.9449886436473,2710.0027208773877,3372.6032532618583
forecast_5729,2025-08-27 17:00:00,3167.4807010262152,2719.415320145749,3369.6326183332335
forecast_5730,2025-08-27 18:00:00,3159.916704667642,2681.156388887807,3370.91200551104
forecast_5731,2025-08-27 19:00:00,3175.833769073671,2738.3834971221027,3370.0496529907464
forecast_5732,2025-08-27 20:00:00,3211.041557685562,2873.3929155860983,3374.810773169641
forecast_5733,2025-08-27 21:00:00,3204.2596949883846,2815.0967570257567,3371.353444796529
forecast_5734,2025-08-27 22:00:00,3220.927626804871,2847.3603291931217,3371.565370260292
forecast_5735,2025-08-27 23:00:00,3249.1787264513605,2912.222391335648,3369.151935910384
forecast_5736,2025-08-28 00:00:00,3245.354160251978,2862.2005609849184,3371.9301211963643
forecast_5737,2025-08-28 01:00:00,3367.7173033318495,3146.090567903788,3397.886641970995
forecast_5738,2025-08-28 02:00:00,3439.1537632425643,3283.988334915204,3446.9743025233633
forecast_5739,2025-08-28 03:00:00,3490.4245058810775,3388.1599421191236,3483.2576726572584
forecast_5740,2025-08-28 04:00:00,3528.774756019654,3311.39178378921,3457.293146009622
forecast_5741,2025-08-28 05:00:00,3684.0943080093057,3670.6528271700918,3558.699817705854
forecast_5742,2025-08-28 06:00:00,3678.4300316059407,3881.832254584697,3457.1235138438283
forecast_5743,2025-08-28 07:00:00,3643.6427724204714,3791.771632007339,3415.8313948139357
forecast_5744,2025-08-28 08:00:00,3437.6364030816067,3443.548949625518,3421.1860749740176
forecast_5745,2025-08-28 09:00:00,3393.979969780994,3496.728865783134,3420.1650510933514
forecast_5746,2025-08-28 10:00:00,3283.3135832871094,3071.0261972269595,3461.765595920188
forecast_5747,2025-08-28 11:00:00,3267.5322527990443,3004.4115846084737,3442.2682483585477
forecast_5748,2025-08-28 12:00:00,3303.185699476724,3066.024213886304,3436.292785866917
forecast_5749,2025-08-28 13:00:00,3318.043178539258,3155.9960896010366,3474.148980479035
forecast_5750,2025-08-28 14:00:00,3361.3721071494633,3310.881039846571,3640.88427834909
forecast_5751,2025-08-28 15:00:00,3458.438838666618,3493.20221273117,3100.8474209812603
forecast_5752,2025-08-28 16:00:00,3697.4704112262143,4378.991426037541,3631.8077667688844
forecast_5753,2025-08-28 17:00:00,3945.2541016591135,4942.704407213888,3423.358352798634
forecast_5754,2025-08-28 18:00:00,6173.701153860745,6314.721548803218,4482.870390669898
forecast_5755,2025-08-28 19:00:00,7564.655050166697,8556.856384543447,5456.687813488948
forecast_5756,2025-08-28 20:00:00,9201.102816828534,10643.595958308357,6299.293373338097
forecast_5757,2025-08-28 21:00:00,10343.353822672252,12547.056254381874,8294.730134277192
forecast_5758,2025-08-28 22:00:00,12595.504845359226,15086.725155867429,10970.425061609156
forecast_5759,2025-08-28 23:00:00,13832.122827232726,16301.410835340834,13728.194725131145
forecast_5760,2025-08-29 00:00:00,14843.180060371491,17372.39680743381,15031.232782453842
forecast_5761,2025-08-29 01:00:00,16055.26548367563,17775.457281452498,16391.50543982145
forecast_5762,2025-08-29 02:00:00,15929.259386624088,18095.902791787532,16675.611506485955
forecast_5763,2025-08-29 03:00:00,15886.9234089711,18219.041861754555,16835.660046760066
forecast_5764,2025-08-29 04:00:00,15991.872900655088,18222.07870013617,17153.08806000325
forecast_5765,2025-08-29 05:00:00,16022.904651377772,18431.749330939543,17133.37861985749
forecast_5766,2025-08-29 06:00:00,16055.773598810378,18362.225429423088,16592.806564798593
forecast_5767,2025-08-29 07:00:00,15468.21091178339,18153.908068815545,16028.573362499117
forecast_5768,2025-08-29 08:00:00,15491.768583509194,18004.1412234245,15297.168297708087
forecast_5769,2025-08-29 09:00:00,15354.22322801196,17712.90512148012,14858.977646011783
forecast_5770,2025-08-29 10:00:00,14656.849603349314,16823.750618250837,13481.466907281982
forecast_5771,2025-08-29 11:00:00,13594.731357408587,15269.90501542567,12369.179255106827
forecast_5772,2025-08-29 12:00:00,12439.666784876074,13569.87197801458,11467.627704784865
forecast_5773,2025-08-29 13:00:00,11631.909318112055,11583.973611069461,10917.011982430415
forecast_5774,2025-08-29 14:00:00,11621.610533921832,11190.072023088944,11220.246029109376
forecast_5775,2025-08-29 15:00:00,11291.870561542988,10722.713165634847,11101.598625731343
forecast_5776,2025-08-29 16:00:00,11640.27569453526,11294.985993671264,10718.078427117653
forecast_5777,2025-08-29 17:00:00,11954.00185535525,11867.142820095569,11020.919610598341
forecast_5778,2025-08-29 18:00:00,12046.431451292916,11985.756145310688,10453.643438312685
forecast_5779,2025-08-29 19:00:00,12891.17155977775,13045.364497778417,11774.247625891961
forecast_5780,2025-08-29 20:00:00,13280.509865472668,13499.060093651151,11982.807164212532
forecast_5781,2025-08-29 21:00:00,14022.843922192083,13308.376210516795,11424.019265533347
forecast_5782,2025-08-29 22:00:00,15569.513876909014,15606.33563222588,12274.331426116149
forecast_5783,2025-08-29 23:00:00,14918.862650374613,15009.440065708932,12502.147118384244
forecast_5784,2025-08-30 00:00:00,15407.561524588275,15104.8323639628,11590.535828451473
forecast_5785,2025-08-30 01:00:00,16178.546976825717,15628.049589986154,11805.135883877147
forecast_5786,2025-08-30 02:00:00,15907.19223080724,15157.538055541418,11298.15943540755
forecast_5787,2025-08-30 03:00:00,14949.826052719274,14407.800639233063,10683.421842733951
forecast_5788,2025-08-30 04:00:00,13672.560606352165,13133.584197790473,9445.221293881083
forecast_5789,2025-08-30 05:00:00,11972.865663440296,11144.096481852146,8044.894633869719
forecast_5790,2025-08-30 06:00:00,11363.332427422709,10201.293302689197,7093.596544823535
forecast_5791,2025-08-30 07:00:00,9027.565638494361,9038.751349310505,6190.692188309774
forecast_5792,2025-08-30 08:00:00,7705.401638668419,7647.180640282529,5237.883880583943
forecast_5793,2025-08-30 09:00:00,5435.775312216662,5546.216507204798,3995.770928438047
forecast_5794,2025-08-30 10:00:00,3898.2195307010184,3891.56733744507,3660.2757785164495
forecast_5795,2025-08-30 11:00:00,3502.0402042248265,3454.11571360478,3474.244207267415
forecast_5796,2025-08-30 12:00:00,3420.3137840222525,3188.9654200765103,3546.369091978552
forecast_5797,2025-08-30 13:00:00,3401.236032486341,3154.6507603712657,3518.0945438696485
forecast_5798,2025-08-30 14:00:00,3336.755925780495,3096.594686802426,3481.740032804964
forecast_5799,2025-08-30 15:00:00,3358.2828296851176,3310.9942243759597,3527.513318376848
forecast_5800,2025-08-30 16:00:00,3582.48565603391,3402.2344100201267,3752.602509340305
forecast_5801,2025-08-30 17:00:00,3368.8780918328926,3205.4189242587618,3538.954905861552
forecast_5802,2025-08-30 18:00:00,3495.772373436861,3483.445105269025,3520.2810576758116
forecast_5803,2025-08-30 19:00:00,3651.7139699041372,3602.0929766088216,3589.6852700190743
forecast_5804,2025-08-30 20:00:00,5043.889298251703,4542.561772714453,3554.8141719387972
forecast_5805,2025-08-30 21:00:00,5048.756861135504,4700.167889054074,3726.187782013147
forecast_5806,2025-08-30 22:00:00,6388.41488490581,5520.684263774939,4089.51122458402
forecast_5807,2025-08-30 23:00:00,6168.510126199618,5561.0189999334625,4192.4681692020395
forecast_5808,2025-08-31 00:00:00,6635.502308634539,5916.512979623212,4141.317980155212
forecast_5809,2025-08-31 01:00:00,6414.682308864402,6477.179079439551,4102.351594795758
forecast_5810,2025-08-31 02:00:00,7074.947405984387,7421.96070682829,4197.432226522344
forecast_5811,2025-08-31 03:00:00,6674.43929609549,7220.208462281108,4251.736166545034
forecast_5812,2025-08-31 04:00:00,5416.717786625375,5858.461517484736,3651.6157062562656
forecast_5813,2025-08-31 05:00:00,5339.112216929876,4954.342438175973,3546.693145999557
forecast_5814,2025-08-31 06:00:00,3463.016865214569,3379.449152384106,3397.060229109075
forecast_5815,2025-08-31 07:00:00,3343.9159732358635,3203.199221459585,3396.842539387554
forecast_5816,2025-08-31 08:00:00,3363.634261498429,3153.838928139715,3375.925593304397
forecast_5817,2025-08-31 09:00:00,3311.169753785267,2906.223465767525,3373.9956184666453
forecast_5818,2025-08-31 10:00:00,3222.536764421344,2809.0351693529287,3374.1181040206584
forecast_5819,2025-08-31 11:00:00,3246.9768607086276,2790.637993020587,3384.740097089238
forecast_5820,2025-08-31 12:00:00,3221.583028682182,2923.449195426182,3411.8516731308528
forecast_5821,2025-08-31 13:00:00,3222.010333417818,2963.146662081446,3485.1282501679193
forecast_5822,2025-08-31 14:00:00,3301.102722841138,3340.6717076438185,3510.067171648547
forecast_5823,2025-08-31 15:00:00,3427.6681789288227,3747.7861127892925,3713.597113114033
forecast_5824,2025-08-31 16:00:00,3615.578559531261,3981.806054736809,3836.7281288944687
forecast_5825,2025-08-31 17:00:00,3763.8259310176686,4469.58990845197,4051.673632388209
forecast_5826,2025-08-31 18:00:00,4019.9185792237777,5455.072568181015,4259.326789998484
forecast_5827,2025-08-31 19:00:00,7873.7837780538775,8268.114814957566,5413.128574795656
forecast_5828,2025-08-31 20:00:00,9203.411140367925,10222.951682391298,6512.056047373703
forecast_5829,2025-08-31 21:00:00,9260.961724827728,10909.563816913527,6717.001103199855
forecast_5830,2025-08-31 22:00:00,10607.33513652595,12361.856121415758,7247.253056420952
forecast_5831,2025-08-31 23:00:00,10793.3832512142,12854.255347524817,7904.753583151189
forecast_5832,2025-09-01 00:00:00,11381.826829349258,13549.373935801947,8698.717990864017
forecast_5833,2025-09-01 01:00:00,12250.389747584233,14718.699639067932,9821.32494302068
forecast_5834,2025-09-01 02:00:00,11808.19974810809,13780.26784207703,9439.919952999562
forecast_5835,2025-09-01 03:00:00,12189.943163444797,13806.236683962086,10389.565489409171
forecast_5836,2025-09-01 04:00:00,13704.13184896776,13933.845142857064,11598.067597425917
forecast_5837,2025-09-01 05:00:00,14137.880543752823,14349.732486314619,12166.726275127776
forecast_5838,2025-09-01 06:00:00,12527.09629635272,13695.715077685343,11409.520266660867
forecast_5839,2025-09-01 07:00:00,10920.384069064376,13086.365698380925,9734.009518455345
forecast_5840,2025-09-01 08:00:00,9859.670513341283,12275.892738614548,8890.721197032357
forecast_5841,2025-09-01 09:00:00,9785.79071926754,12529.864061749317,9024.44020096012
forecast_5842,2025-09-01 10:00:00,8452.278961215836,9876.377330602407,8279.577296868649
forecast_5843,2025-09-01 11:00:00,7803.858608109097,9049.565640615958,8039.577779515802
forecast_5844,2025-09-01 12:00:00,8694.93038340979,10248.463562920992,8206.010752622444
forecast_5845,2025-09-01 13:00:00,8763.02702604059,9991.614294939589,8228.642509451438
forecast_5846,2025-09-01 14:00:00,9179.917375081075,9636.181194180645,8904.014761305087
forecast_5847,2025-09-01 15:00:00,9018.253851199543,9366.875886239912,8036.477742857885
forecast_5848,2025-09-01 16:00:00,9565.368946127612,10514.962049435375,8567.93655039886
forecast_5849,2025-09-01 17:00:00,9603.312471157766,10356.78050807322,8469.686983707745
forecast_5850,2025-09-01 18:00:00,9909.931704272758,10434.727908555276,8266.245586429599
forecast_5851,2025-09-01 19:00:00,9643.146668492473,9745.129869543212,7851.508969431232
forecast_5852,2025-09-01 20:00:00,9128.382935990221,9392.003232443987,7557.171831924191
forecast_5853,2025-09-01 21:00:00,9137.680317948712,9566.457618331546,3754.913091016208
forecast_5854,2025-09-01 22:00:00,9797.634462784905,10149.549299447704,6670.748886327156
forecast_5855,2025-09-01 23:00:00,10477.319188897984,11400.925855929445,6934.271284622846
forecast_5856,2025-09-02 00:00:00,10413.009346845234,11490.672270033061,7701.073284328865
forecast_5857,2025-09-02 01:00:00,11893.570514094206,13292.995054290122,9021.573558654092
forecast_5858,2025-09-02 02:00:00,11397.528411623418,12966.296821442485,8702.289063133847
forecast_5859,2025-09-02 03:00:00,10802.742380618469,12253.581850484765,9019.401032998914
forecast_5860,2025-09-02 04:00:00,9980.541182846988,10804.12427751705,7789.688264680693
forecast_5861,2025-09-02 05:00:00,8356.129756219547,9191.652725159372,7082.660014099325
forecast_5862,2025-09-02 06:00:00,8057.406968196724,9105.355948968234,6187.248929250318
forecast_5863,2025-09-02 07:00:00,6469.804932558369,8068.502513607116,4923.713821828975
forecast_5864,2025-09-02 08:00:00,4316.809874800192,6684.640298848435,3755.2066484535612
forecast_5865,2025-09-02 09:00:00,4570.0204784381785,4123.672403950756,3638.752383423404
forecast_5866,2025-09-02 10:00:00,3639.2967904017314,3734.571679828494,3746.1090059000057
forecast_5867,2025-09-02 11:00:00,3505.015017376911,3537.897614164452,3570.429435618973
forecast_5868,2025-09-02 12:00:00,3319.1364526645443,3165.407765036858,3499.3214367158116
forecast_5869,2025-09-02 13:00:00,3328.229303181436,3137.4823737941374,3412.479072920288
forecast_5870,2025-09-02 14:00:00,3166.470044976684,2628.4611891506065,3373.8594553053167
forecast_5871,2025-09-02 15:00:00,3135.5472633190443,2567.6858157569472,3363.312001699267
forecast_5872,2025-09-02 16:00:00,3140.761487392095,2603.7998842847164,3364.2315931682597
forecast_5873,2025-09-02 17:00:00,3126.3977404552415,2541.3734842016825,3361.5560639958803
forecast_5874,2025-09-02 18:00:00,3127.2825003649677,2544.748772190658,3360.7682612024123
forecast_5875,2025-09-02 19:00:00,3126.8268173653837,2541.356502577041,3360.609269274015
forecast_5876,2025-09-02 20:00:00,3137.550673550496,2579.058561202497,3361.1754544442747
forecast_5877,2025-09-02 21:00:00,3142.123176298613,2608.3244296736557,3361.8714191368417
forecast_5878,2025-09-02 22:00:00,3158.405704118457,2661.5357048577152,3362.2306166561975
forecast_5879,2025-09-02 23:00:00,3206.3865527892176,2775.977373122345,3362.611440956179
forecast_5880,2025-09-03 00:00:00,3155.9224433549152,2612.395305827361,3361.6956710891554
forecast_5881,2025-09-03 01:00:00,3155.0000405908427,2610.1150989749613,3362.0496575988604
forecast_5882,2025-09-03 02:00:00,3151.9299481049575,2587.5577306676996,3361.8776715590798
forecast_5883,2025-09-03 03:00:00,3146.1964069449377,2574.655376929168,3361.8192837606375
forecast_5884,2025-09-03 04:00:00,3158.7705773966127,2622.453318518799,3362.5107072757264
forecast_5885,2025-09-03 05:00:00,3144.8465708748945,2598.882330472291,3363.6556209898918
forecast_5886,2025-09-03 06:00:00,3145.994060699058,2583.549337597525,3363.4872313800593
forecast_5887,2025-09-03 07:00:00,3153.1386924304365,2612.502255610754,3361.922385333564
forecast_5888,2025-09-03 08:00:00,3135.954217302719,2583.613787852743,3361.2405425163442
forecast_5889,2025-09-03 09:00:00,3136.7705772212953,2583.413598836646,3360.507516582689
forecast_5890,2025-09-03 10:00:00,3126.274294500672,2550.4447512406273,3360.7691142907443
forecast_5891,2025-09-03 11:00:00,3126.8327727604164,2553.308583471375,3361.405645430808
forecast_5892,2025-09-03 12:00:00,3128.068110156192,2562.575925141427,3361.6485766459155
forecast_5893,2025-09-03 13:00:00,3135.2857931716653,2591.8825207671784,3363.913121614925
forecast_5894,2025-09-03 14:00:00,3137.248608894512,2600.880361092174,3364.152504463955
forecast_5895,2025-09-03 15:00:00,3125.0966070442914,2544.1755052681647,3364.7735386475806
forecast_5896,2025-09-03 16:00:00,3133.447009115122,2582.9239907472515,3364.0447165163996
forecast_5897,2025-09-03 17:00:00,3125.344497027815,2545.250069986718,3363.9574086059024
forecast_5898,2025-09-03 18:00:00,3128.6171279289542,2555.4759753330195,3363.979472399042
forecast_5899,2025-09-03 19:00:00,3138.1353715913724,2582.778258350011,3364.657142835271
forecast_5900,2025-09-03 20:00:00,3164.1032691135365,2622.449542431795,3363.1168491583476
forecast_5901,2025-09-03 21:00:00,3175.689067814451,2597.959565110395,3365.3533962173965
forecast_5902,2025-09-03 22:00:00,3192.2533903166914,2686.7053292019823,3362.335282585589
forecast_5903,2025-09-03 23:00:00,3190.1363957474555,2673.3028005643537,3362.5615869685407
forecast_5904,2025-09-04 00:00:00,3192.217765512395,2695.828557889981,3363.0541179265233
forecast_5905,2025-09-04 01:00:00,3244.782060394539,2824.911941053143,3363.139664228683
forecast_5906,2025-09-04 02:00:00,3225.065119123465,2739.3181207790385,3361.9974729724627
forecast_5907,2025-09-04 03:00:00,3198.734632011279,2736.6872418222024,3362.150693081348
forecast_5908,2025-09-04 04:00:00,3197.0744202264973,2769.8852244132963,3362.2264436958963
forecast_5909,2025-09-04 05:00:00,3224.431749786819,2802.8311490719325,3362.359548206639
forecast_5910,2025-09-04 06:00:00,3245.676590944666,2862.670157513147,3366.020047730517
forecast_5911,2025-09-04 07:00:00,3406.2958454258905,2998.8376767270097,3365.5788422988912
forecast_5912,2025-09-04 08:00:00,3233.3183314970133,2933.5070396414617,3364.4196998799516
forecast_5913,2025-09-04 09:00:00,3234.114620065748,2893.3730137902476,3367.9481713082873
forecast_5914,2025-09-04 10:00:00,3214.020720310484,2688.8247810422313,3370.1384058187973
forecast_5915,2025-09-04 11:00:00,3191.3696863417567,2709.070579298521,3377.329720005504
forecast_5916,2025-09-04 12:00:00,3192.9058926312077,2769.190675253362,3407.292164405238
forecast_5917,2025-09-04 13:00:00,3242.7283534587186,2869.2892232482413,3403.4787233127136
forecast_5918,2025-09-04 14:00:00,3215.7827795255207,2782.8313049468807,3394.9638605834525
forecast_5919,2025-09-04 15:00:00,3333.143917734453,3068.6071576563536,3466.692222469239
forecast_5920,2025-09-04 16:00:00,3419.898241300723,3309.7265443091837,3526.3892446260534
forecast_5921,2025-09-04 17:00:00,3543.551038275898,3276.067764638396,3478.7140281217244
forecast_5922,2025-09-04 18:00:00,3559.9638080293025,3356.6136524539365,3448.772461715984
forecast_5923,2025-09-04 19:00:00,3494.626178494531,3354.5936289819815,3443.013635699934
forecast_5924,2025-09-04 20:00:00,3500.120050296164,3258.6475460813567,3455.7698244734984
forecast_5925,2025-09-04 21:00:00,3562.307610050869,3205.71466454016,3454.4210342494175
forecast_5926,2025-09-04 22:00:00,3527.6649836629163,3061.5329982808394,3454.8226084035455
forecast_5927,2025-09-04 23:00:00,3488.1596223592596,3023.5044827963175,3426.8928256518243
forecast_5928,2025-09-05 00:00:00,3465.493352983193,3389.65121692854,3411.1056306988917
forecast_5929,2025-09-05 01:00:00,3379.8460154973864,3161.0862717012183,3371.5031940795593
forecast_5930,2025-09-05 02:00:00,3338.8911728774824,3167.8710294460593,3381.586776490063
forecast_5931,2025-09-05 03:00:00,3332.632976906988,3158.255253417221,3377.778502327149
forecast_5932,2025-09-05 04:00:00,3364.68084145857,3167.081141549081,3394.6451002258364
forecast_5933,2025-09-05 05:00:00,3498.6157853685427,3286.3139480343025,3534.083488268313
forecast_5934,2025-09-05 06:00:00,3420.7378724101554,3220.1718247028157,3423.7819612088892
forecast_5935,2025-09-05 07:00:00,3352.746609889919,3159.3435138794475,3377.510522181819
forecast_5936,2025-09-05 08:00:00,3293.01345386736,3066.64679115791,3381.7250009125896
forecast_5937,2025-09-05 09:00:00,3199.2792732919693,2859.502208664224,3372.1395259737224
forecast_5938,2025-09-05 10:00:00,3135.996444903753,2568.529076484483,3363.951549757931
forecast_5939,2025-09-05 11:00:00,3132.871698689139,2555.394244176528,3363.3861785759245
forecast_5940,2025-09-05 12:00:00,3127.462830713832,2550.609434741077,3364.3733724998947
forecast_5941,2025-09-05 13:00:00,3125.691494211459,2534.9621311285446,3361.39172381729
forecast_5942,2025-09-05 14:00:00,3123.9049487527745,2534.135920933831,3361.2734298379482
forecast_5943,2025-09-05 15:00:00,3123.167462550922,2538.8177062289255,3361.048347420905
forecast_5944,2025-09-05 16:00:00,3123.23509420148,2532.7094794484665,3361.077814789716
forecast_5945,2025-09-05 17:00:00,3137.377230055881,2595.6798139381576,3361.2438806724053
forecast_5946,2025-09-05 18:00:00,3172.4241689556475,2702.7203416340153,3362.180469558804
forecast_5947,2025-09-05 19:00:00,3239.0630525915894,2986.9985763558957,3368.509949685205
forecast_5948,2025-09-05 20:00:00,3350.2486935973257,3183.275591161248,3383.964929501215
forecast_5949,2025-09-05 21:00:00,3432.4006978121365,3433.6838741582014,3451.6491487851954
forecast_5950,2025-09-05 22:00:00,3596.5297213918275,3805.2791918910643,3609.38924520324
forecast_5951,2025-09-05 23:00:00,4108.23404402683,6146.884812306345,3718.129793659231
forecast_5952,2025-09-06 00:00:00,7388.519802841648,7258.644760401395,4174.953779299568
forecast_5953,2025-09-06 01:00:00,9366.853922520588,10722.315291243476,5354.484060897183
forecast_5954,2025-09-06 02:00:00,11044.928930856795,12641.804984822968,7086.183142619137
forecast_5955,2025-09-06 03:00:00,13106.564764922992,14018.90989720138,8706.292697859864
forecast_5956,2025-09-06 04:00:00,13708.352335200632,14591.9704485112,10456.944393272874
forecast_5957,2025-09-06 05:00:00,14723.044507256323,15154.297733304675,11313.347885722278
forecast_5958,2025-09-06 06:00:00,14408.15836840585,15724.592598865509,12558.560629135938
forecast_5959,2025-09-06 07:00:00,14927.60240389109,15477.865995713375,12364.521871832238
forecast_5960,2025-09-06 08:00:00,14120.211874871839,15536.891713128756,12230.960038383215
forecast_5961,2025-09-06 09:00:00,14171.057149866421,16026.224952833321,13497.982097134793
forecast_5962,2025-09-06 10:00:00,13984.596657019232,14376.819891313056,14489.919971285139
forecast_5963,2025-09-06 11:00:00,13896.876834173952,14374.346108607606,14702.087421402395
forecast_5964,2025-09-06 12:00:00,14345.63597658888,15105.201441359231,15056.962881271595
forecast_5965,2025-09-06 13:00:00,14242.845578037992,15101.303124208209,15182.123588615746
forecast_5966,2025-09-06 14:00:00,13950.349970840725,14917.575798940119,15064.421976431768
forecast_5967,2025-09-06 15:00:00,14209.203910877322,14796.787212924382,15425.274561677372
forecast_5968,2025-09-06 16:00:00,15150.886261797395,16380.029280749703,15227.076166507388
forecast_5969,2025-09-06 17:00:00,14813.545155029353,15999.815521006107,15218.84799247929
forecast_5970,2025-09-06 18:00:00,15067.951976076018,16466.14916617563,15930.723702859874
forecast_5971,2025-09-06 19:00:00,15084.73013161058,16915.310454971182,16655.52842739163
forecast_5972,2025-09-06 20:00:00,14915.335556548065,16760.816728311078,16595.865957081067
forecast_5973,2025-09-06 21:00:00,15499.559555900289,17616.064595063708,17146.827333173926
forecast_5974,2025-09-06 22:00:00,15622.120824087271,17827.190017134482,17600.0236432141
forecast_5975,2025-09-06 23:00:00,15668.040504313696,17829.73424812104,17812.040008767948
forecast_5976,2025-09-07 00:00:00,15855.825894244243,18211.721163961654,17705.97361147834
forecast_5977,2025-09-07 01:00:00,15501.289559038576,18005.831455603213,17906.956573611926
forecast_5978,2025-09-07 02:00:00,15559.9620683444,17910.067136917576,17473.68614890918
forecast_5979,2025-09-07 03:00:00,15144.690585145558,17769.397377740595,17156.09503540405
forecast_5980,2025-09-07 04:00:00,14955.484731787907,17188.495666943865,15644.080937340548
forecast_5981,2025-09-07 05:00:00,15277.080486891895,16890.714477816415,15515.752955021735
forecast_5982,2025-09-07 06:00:00,14268.949841666104,15751.141044112639,14011.198245591011
forecast_5983,2025-09-07 07:00:00,13559.14088043325,14814.183195305548,12814.473312932025
forecast_5984,2025-09-07 08:00:00,13543.843873126492,14498.869639591505,11847.1031766394
forecast_5985,2025-09-07 09:00:00,12034.131164407627,12259.145040641468,9624.84740976165
forecast_5986,2025-09-07 10:00:00,9721.865092175633,9427.31101143396,7984.739918512986
forecast_5987,2025-09-07 11:00:00,8454.690117014161,9682.254694256737,7905.171908690535
forecast_5988,2025-09-07 12:00:00,6202.683434768762,6483.792539808254,4369.885374422676
forecast_5989,2025-09-07 13:00:00,3735.3320776255605,3948.1073038202617,5443.41626027682
forecast_5990,2025-09-07 14:00:00,3875.6797541279266,4802.020722140942,5104.368702575253
forecast_5991,2025-09-07 15:00:00,5980.999483747925,4984.0795072131605,5135.125681664449
forecast_5992,2025-09-07 16:00:00,3901.2751125224854,5116.441420130079,3777.3152692287736
forecast_5993,2025-09-07 17:00:00,4075.339216178474,5805.388396080561,3888.226548048576
forecast_5994,2025-09-07 18:00:00,7604.216361190483,7009.918718670605,4856.749845912143
forecast_5995,2025-09-07 19:00:00,9342.70308417345,10777.235047479164,5980.661707342023
forecast_5996,2025-09-07 20:00:00,11155.877457989562,12021.076487967208,7297.321645852229
forecast_5997,2025-09-07 21:00:00,10562.113401100058,12354.338971072373,7087.047323858713
forecast_5998,2025-09-07 22:00:00,12010.487099957667,13106.949256153768,8332.156655750618
forecast_5999,2025-09-07 23:00:00,11636.06415482351,13123.78449041572,7935.443775409725
forecast_6000,2025-09-08 00:00:00,11621.757474760121,13111.79195998548,8210.346772947569
forecast_6001,2025-09-08 01:00:00,9643.030461045579,11605.32926283463,6316.21262540849
forecast_6002,2025-09-08 02:00:00,8783.219333374047,10125.079274707803,6286.377416269334
forecast_6003,2025-09-08 03:00:00,7788.126898617474,7234.689599527892,3765.288622789009
forecast_6004,2025-09-08 04:00:00,6134.355217369381,3741.663765212659,3544.2285190304624
forecast_6005,2025-09-08 05:00:00,3580.8148666969596,3357.434405489927,3487.250707649026
forecast_6006,2025-09-08 06:00:00,3422.0317543565334,3242.0785351911195,3384.5122554417617
forecast_6007,2025-09-08 07:00:00,3275.9765780878006,2854.0094471759526,3366.2619378182635
forecast_6008,2025-09-08 08:00:00,3156.8217893033484,2654.007841204042,3365.0253987610104
forecast_6009,2025-09-08 09:00:00,3142.5438694133654,2617.0338627626825,3364.7092695257907
forecast_6010,2025-09-08 10:00:00,3128.464424226186,2553.4890849042504,3361.9384532474537
forecast_6011,2025-09-08 11:00:00,3129.8771732903583,2551.2018602134535,3362.8970774171826
forecast_6012,2025-09-08 12:00:00,3128.511262606249,2537.9440524467013,3363.6234864007392
forecast_6013,2025-09-08 13:00:00,3129.0064237682404,2556.7173724363847,3371.7082027163724
forecast_6014,2025-09-08 14:00:00,3136.211231508183,2585.9403492564306,3366.6800108031757
forecast_6015,2025-09-08 15:00:00,3133.745413279516,2551.1924716796284,3367.480339577877
forecast_6016,2025-09-08 16:00:00,3265.288002030042,2969.7242509025464,3388.7368780567476
forecast_6017,2025-09-08 17:00:00,3550.578411620832,3586.3625036759577,3446.97842213098
forecast_6018,2025-09-08 18:00:00,3457.2879387168164,3421.669429305338,3563.788780373676
forecast_6019,2025-09-08 19:00:00,3376.016986250645,3238.9849195275733,3443.072388001419
forecast_6020,2025-09-08 20:00:00,3488.902425269249,3381.0926352854017,3432.339590634592
forecast_6021,2025-09-08 21:00:00,3564.6319833671823,3632.364011154404,3495.8219328693463
forecast_6022,2025-09-08 22:00:00,3613.5801780039264,3516.466602497812,3561.0254367383304
forecast_6023,2025-09-08 23:00:00,3499.4450947787464,3378.061211418629,3551.5337313114314
forecast_6024,2025-09-09 00:00:00,3384.5736199754338,3341.5259160090104,3498.6416472265996
forecast_6025,2025-09-09 01:00:00,3461.418322394028,3315.310834493654,3515.040448322706
forecast_6026,2025-09-09 02:00:00,3611.2736517131952,3510.4966694789982,3666.8411618377404
forecast_6027,2025-09-09 03:00:00,3412.0800827679477,3239.4779771737535,3437.7558219635584
forecast_6028,2025-09-09 04:00:00,3351.8372436479212,3187.5972832868415,3457.4081946505335
forecast_6029,2025-09-09 05:00:00,3307.4891486915085,3123.4257968975817,3403.5344920611196
forecast_6030,2025-09-09 06:00:00,3427.653335605643,3407.9515042164685,3400.7026768129713
forecast_6031,2025-09-09 07:00:00,3347.805028544893,3089.6336364827393,3390.7421065510725
forecast_6032,2025-09-09 08:00:00,3233.6497342587395,2884.7079099732355,3366.2326290976685
forecast_6033,2025-09-09 09:00:00,3193.5584207244456,2736.364512492224,3365.6274727971954
forecast_6034,2025-09-09 10:00:00,3276.0113593074825,3004.8630318032647,3365.914922145193
forecast_6035,2025-09-09 11:00:00,3295.6603215299174,3067.5686126981254,3371.1605517772146
forecast_6036,2025-09-09 12:00:00,3363.2602936252338,3124.185168619926,3374.4407700921347
forecast_6037,2025-09-09 13:00:00,3316.3097258214048,3061.1326035536053,3366.3305337959605
forecast_6038,2025-09-09 14:00:00,3277.5727775713417,2949.0857809843897,3370.7599575144773
forecast_6039,2025-09-09 15:00:00,3335.1078914939144,2964.8555067581456,3366.516706930114
forecast_6040,2025-09-09 16:00:00,3308.4972216104584,2873.4547843074406,3366.7494486841165
forecast_6041,2025-09-09 17:00:00,3292.857395359611,2900.864293980702,3364.307970303004
forecast_6042,2025-09-09 18:00:00,3271.5390091096933,2999.5583065630126,3368.779813500526
forecast_6043,2025-09-09 19:00:00,3337.2180426216887,3041.11187676864,3366.1454098042673
forecast_6044,2025-09-09 20:00:00,3261.5281663881487,2999.9537445277565,3362.3395594996014
forecast_6045,2025-09-09 21:00:00,3252.07036475757,3006.162149488282,3362.805476209817
forecast_6046,2025-09-09 22:00:00,3273.907196580498,3094.1044104835637,3362.196189510014
forecast_6047,2025-09-09 23:00:00,3274.6219163057835,3099.3928756584714,3363.972619213107
forecast_6048,2025-09-10 00:00:00,3232.7284501206905,2893.209905214975,3364.729594565258
forecast_6049,2025-09-10 01:00:00,3302.49053648912,3121.851991529884,3365.2439168266496
forecast_6050,2025-09-10 02:00:00,3282.452639671527,3121.7014845758417,3366.0067186451975
forecast_6051,2025-09-10 03:00:00,3309.8083900019037,3214.8356937007097,3367.169568339386
forecast_6052,2025-09-10 04:00:00,3315.0382186664515,3253.986700154298,3364.765447902748
forecast_6053,2025-09-10 05:00:00,3359.0613962143775,3281.238063220048,3365.632789746149
forecast_6054,2025-09-10 06:00:00,3434.4554947594556,3351.422862729304,3365.940982761969
forecast_6055,2025-09-10 07:00:00,3446.31456653703,3433.4919441848565,3373.451092735964
forecast_6056,2025-09-10 08:00:00,3403.5019527219183,3381.6119842895096,3371.408493813865
forecast_6057,2025-09-10 09:00:00,3297.7114732617706,3187.955878562727,3372.6897910822127
forecast_6058,2025-09-10 10:00:00,3199.115891652666,2860.133024445385,3375.205614102312
forecast_6059,2025-09-10 11:00:00,3212.655756942613,2879.0705487334294,3372.460182331174
forecast_6060,2025-09-10 12:00:00,3209.5153656714792,2855.2967726020106,3383.639387979584
forecast_6061,2025-09-10 13:00:00,3206.2147469332517,2858.5084204849277,3386.1999208715333
forecast_6062,2025-09-10 14:00:00,3192.9613320421868,2807.9802420558717,3385.006539766044
forecast_6063,2025-09-10 15:00:00,3171.568271468354,2710.7856791422937,3386.0140788511535
forecast_6064,2025-09-10 16:00:00,3170.4639250619393,2716.2170354576465,3379.7142682188537
forecast_6065,2025-09-10 17:00:00,3165.204680473626,2696.866122132027,3368.7077217910546
forecast_6066,2025-09-10 18:00:00,3229.9622134100778,2831.5395851196877,3376.4054800265176
forecast_6067,2025-09-10 19:00:00,3316.926503250039,2989.4881846082267,3377.2271046215055
forecast_6068,2025-09-10 20:00:00,3338.8830345286297,3071.862759197532,3378.852077081974
forecast_6069,2025-09-10 21:00:00,3371.8487094940256,3181.590798620355,3369.7434089911076
forecast_6070,2025-09-10 22:00:00,3447.8845388478603,3345.0758458552427,3369.49990115259
forecast_6071,2025-09-10 23:00:00,3546.2099625871383,3592.6741431570304,3372.442212906552
forecast_6072,2025-09-11 00:00:00,3514.3659651189714,3561.5310666634696,3374.967090980863
forecast_6073,2025-09-11 01:00:00,3447.9322829525413,3448.4151020754734,3369.468866542558
forecast_6074,2025-09-11 02:00:00,3440.644774781433,3529.712628941801,3380.672286944818
forecast_6075,2025-09-11 03:00:00,3473.0237127079968,3575.7180629644527,3387.6060443016604
forecast_6076,2025-09-11 04:00:00,3483.6205147003634,3629.3483502998192,3381.606179555453
forecast_6077,2025-09-11 05:00:00,3567.3511190488935,3778.6229661447296,3400.80425771736
forecast_6078,2025-09-11 06:00:00,3782.6483880870624,4169.013486118858,3473.6496097350423
forecast_6079,2025-09-11 07:00:00,4312.949299021848,4944.146468277608,3645.708619304895
forecast_6080,2025-09-11 08:00:00,3945.420172851856,4409.533220854901,2762.200138360005
forecast_6081,2025-09-11 09:00:00,3752.404268251366,3937.4354017339715,2890.1151978037888
forecast_6082,2025-09-11 10:00:00,3538.4361937117974,3520.792246892753,3618.6882079517204
forecast_6083,2025-09-11 11:00:00,3546.383597764597,3216.5593919619664,3702.496504293232
forecast_6084,2025-09-11 12:00:00,3586.7309915408428,3631.0763372922893,3619.133349395682
forecast_6085,2025-09-11 13:00:00,3581.843919788562,3644.862001696568,3685.033672705271
forecast_6086,2025-09-11 14:00:00,3559.248156000963,3400.9104707612055,3820.9720214667323
forecast_6087,2025-09-11 15:00:00,3497.417054266672,3378.404406058302,3764.1126342965854
forecast_6088,2025-09-11 16:00:00,3603.6670362381724,3531.50666638666,3406.98157194498
forecast_6089,2025-09-11 17:00:00,3589.2456719918105,4034.57406043114,3279.543019630038
forecast_6090,2025-09-11 18:00:00,4280.365528986505,4478.45248775671,3379.9160971114493
forecast_6091,2025-09-11 19:00:00,4588.47767991715,5214.195861404494,3752.524342203874
forecast_6092,2025-09-11 20:00:00,5194.318776001304,5584.3660743775545,3563.1065345910865
forecast_6093,2025-09-11 21:00:00,5329.706265781505,5708.408958280047,3391.6195292024545
forecast_6094,2025-09-11 22:00:00,6360.777767376068,6860.8454199674115,3596.7908725274
forecast_6095,2025-09-11 23:00:00,7087.179457566855,7209.827150989521,3639.3842486712124
forecast_6096,2025-09-12 00:00:00,5490.379790117146,6282.399726197394,3196.8459191512206
forecast_6097,2025-09-12 01:00:00,5559.27029539779,6381.909691030214,3487.3604133214967
forecast_6098,2025-09-12 02:00:00,5412.255967867821,6301.377085683455,3443.1986804071403
forecast_6099,2025-09-12 03:00:00,4503.441438126848,5035.331938964474,3282.7493991873794
forecast_6100,2025-09-12 04:00:00,4008.8575429246193,4928.712941881463,3270.909343751638
forecast_6101,2025-09-12 05:00:00,3950.7756960754386,4789.217151927529,3206.7952861579397
forecast_6102,2025-09-12 06:00:00,3818.5193591226066,4603.204549869607,3175.3251089208343
forecast_6103,2025-09-12 07:00:00,3681.9836821554145,4803.1338289711575,2986.7125400343034
forecast_6104,2025-09-12 08:00:00,3620.369497197428,4604.459334627399,3729.043813427727
forecast_6105,2025-09-12 09:00:00,3680.3164719785177,4771.650874374349,3759.262895017606
forecast_6106,2025-09-12 10:00:00,3393.845671760839,3596.079517470129,3443.9390204896645
forecast_6107,2025-09-12 11:00:00,3566.933673256421,3554.7167230679643,3656.6564523746465
forecast_6108,2025-09-12 12:00:00,3571.2023680919215,3565.0532748591736,3502.3349525887693
forecast_6109,2025-09-12 13:00:00,3522.9435562379185,3449.097321161047,3472.000116626034
forecast_6110,2025-09-12 14:00:00,3497.102321080285,3152.1925597303734,3456.451346273047
forecast_6111,2025-09-12 15:00:00,3310.4086076129634,3505.6337331031486,3500.3322381883063
forecast_6112,2025-09-12 16:00:00,3454.271319296186,3915.824343073396,3539.701747117649
forecast_6113,2025-09-12 17:00:00,3735.755954747852,4226.001292787512,3588.3194627651437
forecast_6114,2025-09-12 18:00:00,3559.863786978934,4018.62787190254,3600.851826621236
forecast_6115,2025-09-12 19:00:00,3704.4461666445504,3925.998300769331,3588.639200143473
forecast_6116,2025-09-12 20:00:00,4481.403413357037,5546.406920816277,3590.9960937203823
forecast_6117,2025-09-12 21:00:00,4520.012280678922,5231.239999330054,3539.3911114936336
forecast_6118,2025-09-12 22:00:00,4821.65113864152,5767.950611732592,4066.794644486265
forecast_6119,2025-09-12 23:00:00,5319.604699352296,6213.767989076594,3728.9067815798453
forecast_6120,2025-09-13 00:00:00,5752.433843982793,6327.613216573865,3725.4322645669395
forecast_6121,2025-09-13 01:00:00,4835.263475965944,5346.263746989167,3713.413479590727
forecast_6122,2025-09-13 02:00:00,5171.198223334351,5712.630030464118,3655.056310308238
forecast_6123,2025-09-13 03:00:00,6484.707512141987,7151.124687417308,4201.597055837183
forecast_6124,2025-09-13 04:00:00,8235.154893260928,9391.975995796201,5608.073763430376
forecast_6125,2025-09-13 05:00:00,9449.34861024616,10446.221050463557,6031.50810190609
forecast_6126,2025-09-13 06:00:00,11182.3320431057,12108.962123828065,7607.669130205473
forecast_6127,2025-09-13 07:00:00,10742.39961229654,13060.12559921427,8116.275403126258
forecast_6128,2025-09-13 08:00:00,10288.96932342215,11713.007586078076,9324.594363600907
forecast_6129,2025-09-13 09:00:00,10089.382833428459,11526.899683817439,8738.724339166114
forecast_6130,2025-09-13 10:00:00,9662.800175533806,9928.985007887013,9636.274978195115
forecast_6131,2025-09-13 11:00:00,8754.727969969923,8358.899360719786,6944.598274153628
forecast_6132,2025-09-13 12:00:00,7303.070304620647,7634.792423928931,6023.510963250921
forecast_6133,2025-09-13 13:00:00,6676.02669851616,6859.998856409632,4629.236366033057
forecast_6134,2025-09-13 14:00:00,4414.798469309629,4680.825266750026,3626.3145807802753
forecast_6135,2025-09-13 15:00:00,3233.5780884116957,2884.2632831019614,3409.9561655625153
forecast_6136,2025-09-13 16:00:00,3364.684090945609,3291.9711476800044,3409.243723331819
forecast_6137,2025-09-13 17:00:00,3393.2828454500373,3367.193057243894,3417.905260649637
forecast_6138,2025-09-13 18:00:00,3470.3995819795914,3591.5568316916656,3491.65725927811
forecast_6139,2025-09-13 19:00:00,3381.54813151196,3198.716129917727,3416.653614385586
forecast_6140,2025-09-13 20:00:00,3217.9973903340947,2843.9941870392095,3413.786914603426
forecast_6141,2025-09-13 21:00:00,3167.397629018872,2687.1784566271376,3386.132005060913
forecast_6142,2025-09-13 22:00:00,3147.4725813805862,2599.4007867014107,3363.371708010164
forecast_6143,2025-09-13 23:00:00,3180.1208409666237,2740.707252688835,3362.096675738367
forecast_6144,2025-09-14 00:00:00,3230.5527991498125,2950.207170706458,3363.27915572207
forecast_6145,2025-09-14 01:00:00,3362.376901593438,3216.0115981487934,3366.0099538266318
forecast_6146,2025-09-14 02:00:00,3350.761334863026,3074.161179352612,3366.0045924982865
forecast_6147,2025-09-14 03:00:00,3272.1347389410353,2901.1734572419546,3365.098026753848
forecast_6148,2025-09-14 04:00:00,3250.953664908482,2926.759962688613,3364.2965132445643
forecast_6149,2025-09-14 05:00:00,3299.425332513026,3027.818728842817,3364.7931168207288
forecast_6150,2025-09-14 06:00:00,3332.6330772661167,3085.3247511345207,3369.519469084255
forecast_6151,2025-09-14 07:00:00,3275.0175200927038,2964.2132458430137,3368.0420314807798
forecast_6152,2025-09-14 08:00:00,3404.4813324203174,3129.8248209511853,3371.8249803075178
forecast_6153,2025-09-14 09:00:00,3331.1057522116475,2973.159132203832,3418.5363267833977
forecast_6154,2025-09-14 10:00:00,3325.8548157223345,3083.3908507361193,3423.180413171464
forecast_6155,2025-09-14 11:00:00,3319.6019388075147,2926.28534921406,3430.6663857498584
forecast_6156,2025-09-14 12:00:00,3279.971987167674,3077.531529493609,3452.2568384049137
forecast_6157,2025-09-14 13:00:00,3287.6101363469525,3042.05314098857,3417.356915529858
forecast_6158,2025-09-14 14:00:00,3301.7722727066293,3093.7607978181754,3449.655787161075
forecast_6159,2025-09-14 15:00:00,3425.1259893883857,3353.709723895747,3531.6557013341376
forecast_6160,2025-09-14 16:00:00,3506.4365252599578,3667.426184939149,3611.0240392815836
forecast_6161,2025-09-14 17:00:00,3603.095787083046,3917.8343212378722,3700.261146732449
forecast_6162,2025-09-14 18:00:00,8175.46555532692,7573.373187069753,4543.37665523156
forecast_6163,2025-09-14 19:00:00,10819.525327929206,10436.123555467348,7298.723848958774
forecast_6164,2025-09-14 20:00:00,12097.51371374485,12909.51200239943,8652.26649755437
forecast_6165,2025-09-14 21:00:00,13189.027771215688,13477.395479378913,9897.873946139644
forecast_6166,2025-09-14 22:00:00,16521.91789919704,16592.439819923435,12301.132788312994
forecast_6167,2025-09-14 23:00:00,16862.019202244544,16811.200940372397,13267.259204829874
forecast_6168,2025-09-15 00:00:00,16600.301136373986,17059.160709458774,14250.017452282824
forecast_6169,2025-09-15 01:00:00,16083.39211811645,16415.943793807368,11845.372653538661
forecast_6170,2025-09-15 02:00:00,15085.114306149795,15657.459870619363,10497.254056011168
forecast_6171,2025-09-15 03:00:00,13645.918335000119,14617.097319717797,8852.050696759079
forecast_6172,2025-09-15 04:00:00,12471.411181598995,13900.895778831018,7753.491180090924
forecast_6173,2025-09-15 05:00:00,9658.608706242954,10451.165546177192,6184.743385895865
forecast_6174,2025-09-15 06:00:00,8281.210189241572,7795.404307484995,4764.321764498096
forecast_6175,2025-09-15 07:00:00,6070.314520742552,4958.694406035028,3762.641109145347
forecast_6176,2025-09-15 08:00:00,3708.7141065065894,3776.518909475595,3596.8392415298445
forecast_6177,2025-09-15 09:00:00,3315.3839614933568,2768.8136592826463,3388.4578797303684
forecast_6178,2025-09-15 10:00:00,3169.138562870646,2600.6689299897885,3375.104047375605
forecast_6179,2025-09-15 11:00:00,3154.861417328455,2601.625370892792,3370.4428448806025
forecast_6180,2025-09-15 12:00:00,3133.969747296232,2552.3129257514574,3364.883599216824
forecast_6181,2025-09-15 13:00:00,3131.6990520765685,2549.1175994965915,3362.8377516244745
forecast_6182,2025-09-15 14:00:00,3157.62251605515,2608.6416725979543,3365.9612091503313
forecast_6183,2025-09-15 15:00:00,3182.874658847797,2786.9683318337925,3375.228101650027
forecast_6184,2025-09-15 16:00:00,3241.3003081413517,2979.0391121404646,3395.0164988860065
forecast_6185,2025-09-15 17:00:00,3362.506947595274,3207.107375005107,3518.29347539505
forecast_6186,2025-09-15 18:00:00,3589.8832730587865,3574.600405102215,3791.0936492391756
forecast_6187,2025-09-15 19:00:00,3651.231897120328,3836.9720837888253,4407.421785101385
forecast_6188,2025-09-15 20:00:00,4072.0628614248203,5509.168739739024,4509.356069789876
forecast_6189,2025-09-15 21:00:00,6990.225625927731,5913.8778422724445,4385.596055958972
forecast_6190,2025-09-15 22:00:00,6525.14937805838,5978.656415979638,4265.192392010962
forecast_6191,2025-09-15 23:00:00,5671.767476626798,5648.0363928288625,4092.8429297222515
forecast_6192,2025-09-16 00:00:00,5882.313654381383,6186.9035384469735,4257.259057406038
forecast_6193,2025-09-16 01:00:00,8905.884050316346,8360.394299931815,5365.429091635488
forecast_6194,2025-09-16 02:00:00,9405.190900835472,9172.787566841582,6127.35498060221
forecast_6195,2025-09-16 03:00:00,10173.69204297882,10486.856312002998,6222.356667414138
forecast_6196,2025-09-16 04:00:00,10963.647310122667,11106.476045531337,6458.30462037244
forecast_6197,2025-09-16 05:00:00,11583.77644689955,11579.84358440109,7307.227975226711
forecast_6198,2025-09-16 06:00:00,13776.650437789851,12404.246252555677,7836.873780915473
forecast_6199,2025-09-16 07:00:00,11201.562739346673,12155.008759937282,6248.031066161887
forecast_6200,2025-09-16 08:00:00,9612.939979816068,11165.940559510444,5388.780735856095
forecast_6201,2025-09-16 09:00:00,9656.62407878516,11291.697949814368,4586.8889536467495
forecast_6202,2025-09-16 10:00:00,8131.896963543759,9069.126868967614,5444.008406126485
forecast_6203,2025-09-16 11:00:00,7578.160285823627,9412.667061013508,5807.441696957029
forecast_6204,2025-09-16 12:00:00,7653.640127813375,9016.203327451198,5872.563301078996
forecast_6205,2025-09-16 13:00:00,8793.973839179022,9448.591078869493,6988.598349118917
forecast_6206,2025-09-16 14:00:00,8967.882887618576,8620.902792600591,6885.6551215050495
forecast_6207,2025-09-16 15:00:00,8488.875649756552,8421.69039021312,6741.255077340067
forecast_6208,2025-09-16 16:00:00,8196.794017020518,8102.442439731972,6949.617730176958
forecast_6209,2025-09-16 17:00:00,8335.055059819648,9005.55333068527,6551.503088635362
forecast_6210,2025-09-16 18:00:00,8526.570690762052,9298.560576018286,6630.000009189227
forecast_6211,2025-09-16 19:00:00,8294.964195623537,7421.148520324317,7486.778617316615
forecast_6212,2025-09-16 20:00:00,8664.76275508095,7994.457238702794,7245.249168599866
forecast_6213,2025-09-16 21:00:00,9006.881673975045,9421.621229272858,7472.540090522206
forecast_6214,2025-09-16 22:00:00,9493.767063917567,10037.542678182852,9102.23200751819
forecast_6215,2025-09-16 23:00:00,10454.899767124823,12158.741438151836,10270.456638313766
forecast_6216,2025-09-17 00:00:00,13097.475017349549,14311.394463819095,12702.235445275694
forecast_6217,2025-09-17 01:00:00,13917.509714337517,16169.391790899275,14894.282603950585
forecast_6218,2025-09-17 02:00:00,14998.824248728077,17561.05814782219,16887.09494233862
forecast_6219,2025-09-17 03:00:00,16046.907773204679,18179.459964664882,17489.67061380764
forecast_6220,2025-09-17 04:00:00,15963.36310658134,18075.55858737757,17929.670551564777
forecast_6221,2025-09-17 05:00:00,15602.651800397747,18078.238340294385,17654.434397430392
forecast_6222,2025-09-17 06:00:00,14574.062925464477,17520.360327509086,17074.095826524743
forecast_6223,2025-09-17 07:00:00,12989.586313794658,14644.706610857633,13174.337702661642
forecast_6224,2025-09-17 08:00:00,10727.824057870785,9650.49373565667,7708.361349931878
forecast_6225,2025-09-17 09:00:00,7898.852708670757,8387.018633316384,5628.427418708465
forecast_6226,2025-09-17 10:00:00,5670.627300596621,5904.286624587217,3755.0233772402876
forecast_6227,2025-09-17 11:00:00,3710.5908817336185,3791.274839718149,3593.973292971246
forecast_6228,2025-09-17 12:00:00,3631.3680460406727,3715.926487992237,3597.704869706004
forecast_6229,2025-09-17 13:00:00,3567.255249673178,3319.968825235011,3470.111680128439
forecast_6230,2025-09-17 14:00:00,4915.532696825365,3754.775309186311,3579.7081641130985
forecast_6231,2025-09-17 15:00:00,3700.1026569918354,3901.5258739125265,3520.0304035061486
forecast_6232,2025-09-17 16:00:00,5781.811629829976,3858.935798533078,3444.2279398804435
forecast_6233,2025-09-17 17:00:00,3493.4472503363886,3700.9983685420348,3372.951072895213
forecast_6234,2025-09-17 18:00:00,3521.842386363934,3673.1119957903766,3389.062373180908
forecast_6235,2025-09-17 19:00:00,3252.1145748317185,2965.0259878127245,3381.3907192419542
forecast_6236,2025-09-17 20:00:00,3247.1556392186494,2978.668047575545,3369.810747917916
forecast_6237,2025-09-17 21:00:00,3364.484990834082,3244.1090629867786,3414.916260848735
forecast_6238,2025-09-17 22:00:00,3288.516899761766,3013.7740683896373,3378.128404613646
forecast_6239,2025-09-17 23:00:00,3261.693712230147,3039.7901654255306,3370.733746296998
forecast_6240,2025-09-18 00:00:00,3242.8356344222416,2999.300986306417,3380.3296241078574
forecast_6241,2025-09-18 01:00:00,3283.9248006151574,3086.052575003474,3373.1477345932217
forecast_6242,2025-09-18 02:00:00,3291.771759320987,3075.7158808109875,3386.700457600593
forecast_6243,2025-09-18 03:00:00,3356.2721063393897,3252.335328344038,3398.6761206493306
forecast_6244,2025-09-18 04:00:00,3362.424496800948,3299.9184675223623,3393.5760703100586
forecast_6245,2025-09-18 05:00:00,3515.1379347307725,3342.398720082512,3447.3740714253313
forecast_6246,2025-09-18 06:00:00,3783.069820096369,4057.0574475609374,3565.850651653306
forecast_6247,2025-09-18 07:00:00,3883.474956652572,4929.460239723568,3193.817796635896
forecast_6248,2025-09-18 08:00:00,3818.0282708096074,4936.1401560404765,3234.657935038929
forecast_6249,2025-09-18 09:00:00,3980.1444684644707,5342.539796893726,3617.3289971949334
forecast_6250,2025-09-18 10:00:00,4051.5705628731953,5137.230366239386,3458.3948423775832
forecast_6251,2025-09-18 11:00:00,4069.547368169332,4888.031001643615,3404.049518634071
forecast_6252,2025-09-18 12:00:00,3908.1549321748257,4714.361057482494,3672.2165259553576
forecast_6253,2025-09-18 13:00:00,3861.934930598592,4650.646918375404,3732.8793806082303
forecast_6254,2025-09-18 14:00:00,3736.8827493338777,4235.867138690651,3670.490350138446
forecast_6255,2025-09-18 15:00:00,3760.6555182862817,4119.600522821768,3684.9402339890758
forecast_6256,2025-09-18 16:00:00,3688.142102252869,3886.65589010564,3632.5132630572934
forecast_6257,2025-09-18 17:00:00,3638.924302217572,4050.3037340914207,3643.513232695357
forecast_6258,2025-09-18 18:00:00,3762.3070654897383,4088.2290111529096,3610.6136984343084
forecast_6259,2025-09-18 19:00:00,3769.5683716908607,4285.344327657156,3537.7851029450317
forecast_6260,2025-09-18 20:00:00,3704.2875035099423,4213.124023676812,3605.41930902526
forecast_6261,2025-09-18 21:00:00,3628.7078551046284,3809.6462628317477,3521.1371466926953
forecast_6262,2025-09-18 22:00:00,3924.706619728813,4024.649758327807,3603.219552900848
forecast_6263,2025-09-18 23:00:00,3868.098891657568,3839.6674540612903,3540.4294837370385
forecast_6264,2025-09-19 00:00:00,3673.9752469098134,3739.267019271756,3556.955240994348
forecast_6265,2025-09-19 01:00:00,3718.1432755636647,3776.844399960558,3508.4166247354565
forecast_6266,2025-09-19 02:00:00,3563.7242465571985,3470.7221794951834,3488.5748435526616
forecast_6267,2025-09-19 03:00:00,3608.2715751395513,3486.1157515923196,3571.8241274740903
forecast_6268,2025-09-19 04:00:00,3636.4167924264693,3348.7837309713823,3582.0817451322077
forecast_6269,2025-09-19 05:00:00,3607.5231886311026,3445.1011390944846,3462.9103337943793
forecast_6270,2025-09-19 06:00:00,3490.555014826384,3310.9031265210606,3392.4479681898933
forecast_6271,2025-09-19 07:00:00,3461.2952268851673,3325.6505043211073,3411.1323252869615
forecast_6272,2025-09-19 08:00:00,3320.176622490918,3072.0840949539447,3387.4883656961088
forecast_6273,2025-09-19 09:00:00,3298.8046514702933,3032.407257517838,3370.5017267446806
forecast_6274,2025-09-19 10:00:00,3178.818835699837,2620.8865257103357,3362.8114129853934
forecast_6275,2025-09-19 11:00:00,3168.6358192527427,2606.9327575439315,3365.470033196496
forecast_6276,2025-09-19 12:00:00,3210.689058063616,2592.1644671413633,3365.9153921048946
forecast_6277,2025-09-19 13:00:00,3236.958258022525,2677.444106464164,3368.89489712287
forecast_6278,2025-09-19 14:00:00,3251.805400630754,2722.530154628017,3368.794298428007
forecast_6279,2025-09-19 15:00:00,3162.719109119119,2615.274906034436,3365.5327622317645
forecast_6280,2025-09-19 16:00:00,3184.99541626888,2689.7261453669744,3373.8971188268456
forecast_6281,2025-09-19 17:00:00,3231.550566671291,2838.3126971156653,3370.3757792040537
forecast_6282,2025-09-19 18:00:00,3360.493828917825,3059.832759560755,3433.5238881816686
forecast_6283,2025-09-19 19:00:00,3482.503198448756,3355.5745678459666,3470.7267912520497
forecast_6284,2025-09-19 20:00:00,3522.3082632134983,3380.9965858039473,3450.7530265363175
forecast_6285,2025-09-19 21:00:00,3662.96367295674,3564.6789276370214,3462.4280006345616
forecast_6286,2025-09-19 22:00:00,3650.3594076125432,3667.6131440883964,3520.147609650511
forecast_6287,2025-09-19 23:00:00,4614.217448858698,4355.341864119196,3756.018343784731
forecast_6288,2025-09-20 00:00:00,5228.564530367954,5532.268484129964,4020.340232689832
forecast_6289,2025-09-20 01:00:00,6666.161549493264,6633.801144820856,3884.6205535165327
forecast_6290,2025-09-20 02:00:00,7522.430343191314,7654.452004998822,4537.836324722304
forecast_6291,2025-09-20 03:00:00,5783.770081489501,5760.586684836209,3635.2813169552323
forecast_6292,2025-09-20 04:00:00,4839.333222380192,4900.265579150929,3163.54551665128
forecast_6293,2025-09-20 05:00:00,5755.270101569505,5872.674821683522,3287.990953332266
forecast_6294,2025-09-20 06:00:00,7087.654400723581,8064.2310402696385,3778.2608090432254
forecast_6295,2025-09-20 07:00:00,5002.726021697372,5155.343825541637,3599.9710175250434
forecast_6296,2025-09-20 08:00:00,4226.383879873183,4113.772863463303,3549.6167275643143
forecast_6297,2025-09-20 09:00:00,3397.3506187974435,3117.1589673820067,3445.285647923475
forecast_6298,2025-09-20 10:00:00,3362.663413992776,3073.2773396227335,3385.8935055571956
forecast_6299,2025-09-20 11:00:00,3347.6401883780436,3014.0392350386387,3433.357876566237
forecast_6300,2025-09-20 12:00:00,3346.8234292190295,3108.0000087932885,3417.6647669021804
forecast_6301,2025-09-20 13:00:00,3472.825677073144,3350.7222531810735,3545.667170337535
forecast_6302,2025-09-20 14:00:00,3564.107120005491,3505.9163124162865,3494.280190727736
forecast_6303,2025-09-20 15:00:00,3558.680124900061,3455.5717150977903,3468.391458500483
forecast_6304,2025-09-20 16:00:00,3490.789909725853,3363.8013819676817,3443.159777507313
forecast_6305,2025-09-20 17:00:00,3389.0360011768717,3010.8114696007365,3441.044677212881
forecast_6306,2025-09-20 18:00:00,3359.3983614196895,2995.880330329048,3438.8791192780823
forecast_6307,2025-09-20 19:00:00,3342.253231872505,2930.187892533203,3446.3094315913067
forecast_6308,2025-09-20 20:00:00,3472.0030136028927,3243.3952211766623,3451.5629965822013
forecast_6309,2025-09-20 21:00:00,3621.324441176902,3685.8178258973808,3503.4735437793042
forecast_6310,2025-09-20 22:00:00,3796.111675894671,4120.735148134623,3605.8686902777317
forecast_6311,2025-09-20 23:00:00,3853.479052980128,4594.055477746942,3732.4473801662757
forecast_6312,2025-09-21 00:00:00,5017.006511293969,5329.427503099144,3443.9140744938886
forecast_6313,2025-09-21 01:00:00,4933.095338838892,5733.209677697635,3726.112516243911
forecast_6314,2025-09-21 02:00:00,4467.503973636531,5133.78762373641,3658.7621997080414
forecast_6315,2025-09-21 03:00:00,4477.911785560523,5026.775021406409,3695.267720362654
forecast_6316,2025-09-21 04:00:00,4761.972997716484,4843.820498999606,3778.133138242907
forecast_6317,2025-09-21 05:00:00,4603.175535587585,5034.238706256569,4086.9096889166703
forecast_6318,2025-09-21 06:00:00,4662.992467058511,5335.638753389452,3595.101627133757
forecast_6319,2025-09-21 07:00:00,4558.113406448473,5240.113421345196,3440.7024958071847
forecast_6320,2025-09-21 08:00:00,4327.565533987574,4607.772758374631,3750.1036464646118
forecast_6321,2025-09-21 09:00:00,4194.755401982015,4120.315758440283,3673.2405887286445
forecast_6322,2025-09-21 10:00:00,3936.4317172321107,3438.6194098743345,3620.3304737572435
forecast_6323,2025-09-21 11:00:00,3514.838644644994,3203.447748285522,3548.3432890532013
forecast_6324,2025-09-21 12:00:00,3373.9223047333844,3066.81802948839,3485.842341779765
forecast_6325,2025-09-21 13:00:00,3367.673049126912,3010.906832730096,3529.181967632383
forecast_6326,2025-09-21 14:00:00,3310.5976107942533,3020.2029425942396,3515.926657655627
forecast_6327,2025-09-21 15:00:00,3442.440691042643,3112.4777299895813,3459.030392425717
forecast_6328,2025-09-21 16:00:00,3464.607237917936,3188.326973722589,3464.0153027515116
forecast_6329,2025-09-21 17:00:00,3492.9124838281723,3201.6380039875003,3502.559625354904
forecast_6330,2025-09-21 18:00:00,3677.196756404668,3555.225519691842,3573.1337904217285
forecast_6331,2025-09-21 19:00:00,3793.1553427618583,3961.539480010221,3626.0187514121726
forecast_6332,2025-09-21 20:00:00,3881.8734832026785,3999.247185723048,3675.995767146826
forecast_6333,2025-09-21 21:00:00,4455.319602997991,4498.475454134549,3686.2158362241044
forecast_6334,2025-09-21 22:00:00,4851.437122649377,5056.1598554951315,3683.0647421237686
forecast_6335,2025-09-21 23:00:00,5143.924062601535,5585.338240139387,3424.7251809450436
forecast_6336,2025-09-22 00:00:00,6131.1818871930445,6426.382529453045,3706.577716915386
forecast_6337,2025-09-22 01:00:00,5694.5040029937345,5934.213841585297,3855.9568306445435
forecast_6338,2025-09-22 02:00:00,6217.123333140556,6324.653798839598,3850.7729048193273
forecast_6339,2025-09-22 03:00:00,7358.261011533036,6945.7361617809975,3755.4584292268596
forecast_6340,2025-09-22 04:00:00,7109.687086286891,6764.385404081884,3699.328873051651
forecast_6341,2025-09-22 05:00:00,6659.323505387484,6793.001066633337,3544.4970875657714
forecast_6342,2025-09-22 06:00:00,6735.295845725101,6862.10539559158,3592.6745241210033
forecast_6343,2025-09-22 07:00:00,6146.995758626613,6568.9861811302,3419.628945953656
forecast_6344,2025-09-22 08:00:00,5894.220085997643,6854.08197057444,3422.5918064515763
forecast_6345,2025-09-22 09:00:00,5006.687208159598,6259.442952593601,3462.2822929871195
forecast_6346,2025-09-22 10:00:00,4961.076275624471,6163.955631317656,3781.6771057984406
forecast_6347,2025-09-22 11:00:00,4741.0894073381705,5212.099680537553,4000.3566148157497
forecast_6348,2025-09-22 12:00:00,4161.9934482001,4555.2429284047785,4016.882690621305
forecast_6349,2025-09-22 13:00:00,4194.7081496996525,4880.204159057828,4077.5754046440084
forecast_6350,2025-09-22 14:00:00,3918.044167452759,4565.713692645271,3927.9185570320737
forecast_6351,2025-09-22 15:00:00,3880.125132309128,4559.756217165984,3751.920676349263
forecast_6352,2025-09-22 16:00:00,3912.1687724526537,4291.580178645137,3419.85210707663
forecast_6353,2025-09-22 17:00:00,4122.037129581922,4387.437225962165,3288.0165223466565
forecast_6354,2025-09-22 18:00:00,4036.5966622348783,4059.741937435883,3703.4885281419893
forecast_6355,2025-09-22 19:00:00,3975.2104226936813,4037.3082068967324,3670.1970346100275
forecast_6356,2025-09-22 20:00:00,4414.17457896184,3967.385612869841,3686.444122651041
forecast_6357,2025-09-22 21:00:00,4523.314102782593,3884.201173159265,3564.7722095544996
forecast_6358,2025-09-22 22:00:00,4284.83681996949,3927.052487287508,3606.961291117484
forecast_6359,2025-09-22 23:00:00,4075.9200883726276,3606.865458573674,3524.3419449967814
forecast_6360,2025-09-23 00:00:00,3648.328214103497,3498.6110549288355,3436.611252246009
forecast_6361,2025-09-23 01:00:00,3329.848348118961,3129.5839837200715,3380.6924075572424
forecast_6362,2025-09-23 02:00:00,3382.231351885492,3071.396773678674,3378.0707191891734
forecast_6363,2025-09-23 03:00:00,3347.405954531141,3056.395017163885,3376.0299558829743
forecast_6364,2025-09-23 04:00:00,3411.926060313492,3307.506833692305,3423.8034739570553
forecast_6365,2025-09-23 05:00:00,3511.3703451061688,3349.0367158052177,3421.802346178328
forecast_6366,2025-09-23 06:00:00,3641.0545964346934,3400.22238634381,3411.8067337821994
forecast_6367,2025-09-23 07:00:00,3621.0113863219312,3491.562493427295,3419.4964809189464
forecast_6368,2025-09-23 08:00:00,3649.32981998246,3445.6895682681084,3404.884472671054
forecast_6369,2025-09-23 09:00:00,3621.8162207849205,3721.0725297814183,3412.479385646625
forecast_6370,2025-09-23 10:00:00,3377.317870015023,3081.156587681701,3398.41372311563
forecast_6371,2025-09-23 11:00:00,3284.1603989053215,3032.701809021129,3396.9389410408817
forecast_6372,2025-09-23 12:00:00,3231.9276000047244,2850.1401631434724,3380.8440641491957
forecast_6373,2025-09-23 13:00:00,3226.275118230317,2902.362397197786,3382.3273609771995
forecast_6374,2025-09-23 14:00:00,3203.5399157944157,2829.4588501142207,3378.7902885603876
forecast_6375,2025-09-23 15:00:00,3227.409283190755,2858.0883281887373,3389.5228646597197
forecast_6376,2025-09-23 16:00:00,3226.602366498199,2837.9697941910786,3384.128779640627
forecast_6377,2025-09-23 17:00:00,3253.678508545808,2862.8800393567867,3405.045612301239
forecast_6378,2025-09-23 18:00:00,3523.437575978666,3193.766218733832,3507.878328776132
forecast_6379,2025-09-23 19:00:00,3624.807591813844,3251.7785718748223,3442.8696578106506
forecast_6380,2025-09-23 20:00:00,3611.825576976709,3364.445183794747,3459.3984318767025
forecast_6381,2025-09-23 21:00:00,3588.8107999881154,3260.896787869434,3389.9445591495305
forecast_6382,2025-09-23 22:00:00,3712.5996385822577,3486.0507363181387,3414.4088423666744
forecast_6383,2025-09-23 23:00:00,3651.8980804625953,3540.19939958813,3392.9150308545118
forecast_6384,2025-09-24 00:00:00,3662.796040190089,3594.3178191839547,3425.055116961188
forecast_6385,2025-09-24 01:00:00,3659.713048308106,3634.2968401989083,3412.4285857264254
forecast_6386,2025-09-24 02:00:00,3617.6124990549274,3681.251088733272,3427.7173541818865
forecast_6387,2025-09-24 03:00:00,3666.933900081424,3810.2500441047705,3480.5991331197533
forecast_6388,2025-09-24 04:00:00,3988.537803824694,5327.922645100029,3993.6852358517144
forecast_6389,2025-09-24 05:00:00,6295.407282362035,6838.555261316652,4161.61109551296
forecast_6390,2025-09-24 06:00:00,6281.58535324314,6901.329548167748,4399.01247146132
forecast_6391,2025-09-24 07:00:00,4123.69819088341,6161.146438468987,3615.600254788968
forecast_6392,2025-09-24 08:00:00,4184.515185765077,6578.682954808898,3756.5338090426653
forecast_6393,2025-09-24 09:00:00,4473.030558092262,8064.796199337041,3765.753330936021
forecast_6394,2025-09-24 10:00:00,4605.728443560439,8433.671406820073,5000.360542117359
forecast_6395,2025-09-24 11:00:00,5110.752526034477,10583.183125457032,6094.02570331484
forecast_6396,2025-09-24 12:00:00,8798.154585675366,10998.31194328338,7703.866869258129
forecast_6397,2025-09-24 13:00:00,9744.710267833485,11709.974236887005,8695.166201369248
forecast_6398,2025-09-24 14:00:00,10761.000212242325,11922.710791354573,9338.780574495055
forecast_6399,2025-09-24 15:00:00,10846.103301147185,12242.821591986243,9330.907150369612
forecast_6400,2025-09-24 16:00:00,10723.770625681325,11707.424640481118,9025.76626388158
forecast_6401,2025-09-24 17:00:00,10501.39998716908,12047.2332992625,8258.079322578402
forecast_6402,2025-09-24 18:00:00,11126.033826254794,12857.814693349203,8086.869513331626
forecast_6403,2025-09-24 19:00:00,11370.601208921214,13229.345356506921,8571.48786931139
forecast_6404,2025-09-24 20:00:00,13254.880789347771,13434.949512385854,11013.06239668433
forecast_6405,2025-09-24 21:00:00,14280.991314892166,15962.562373480416,13630.448724078173
forecast_6406,2025-09-24 22:00:00,15783.397903047395,18324.334091467175,16687.585187761528
forecast_6407,2025-09-24 23:00:00,16859.569915421045,18695.49637994097,17213.105599145056
forecast_6408,2025-09-25 00:00:00,16210.029063168784,18276.952385705812,17401.247963152393
forecast_6409,2025-09-25 01:00:00,16411.185852330524,18272.821511308925,17539.80376290595
forecast_6410,2025-09-25 02:00:00,16593.071238038025,18457.55138254986,17597.106849929645
forecast_6411,2025-09-25 03:00:00,16969.01277449234,18607.663395630327,17576.033200525348
forecast_6412,2025-09-25 04:00:00,16938.49266376916,18641.45085573935,18020.556111235914
forecast_6413,2025-09-25 05:00:00,16293.139687933992,18169.28917565005,17292.060138867426
forecast_6414,2025-09-25 06:00:00,16279.843383843247,18263.124591976266,17249.063169960074
forecast_6415,2025-09-25 07:00:00,14607.509930589858,17263.170300986392,15307.084233568161
forecast_6416,2025-09-25 08:00:00,13916.943057074697,16737.40252822722,13338.293515610283
forecast_6417,2025-09-25 09:00:00,13998.33440924749,16974.256359129235,13801.614450653053
forecast_6418,2025-09-25 10:00:00,14152.788858555537,16502.748378323984,13896.8281676458
forecast_6419,2025-09-25 11:00:00,14282.721026514042,16124.131530671953,13755.927778491881
forecast_6420,2025-09-25 12:00:00,13390.58343094758,16292.093928206416,12501.118014066195
forecast_6421,2025-09-25 13:00:00,12771.6165503794,16141.17904498657,11063.522397359575
forecast_6422,2025-09-25 14:00:00,11925.60201510281,15196.393292746168,10794.808221040652
forecast_6423,2025-09-25 15:00:00,12557.856396089657,15427.722981627867,12019.612496662407
forecast_6424,2025-09-25 16:00:00,14901.465656792903,16293.993883818865,13154.514214116974
forecast_6425,2025-09-25 17:00:00,14775.883601877069,16212.132692571065,11659.164139516013
forecast_6426,2025-09-25 18:00:00,15738.777405576508,16477.02629976371,14056.156371266841
forecast_6427,2025-09-25 19:00:00,15142.626583567499,15588.13700589988,12997.776023095848
forecast_6428,2025-09-25 20:00:00,14746.150719488707,15834.131740118011,14879.693282432001
forecast_6429,2025-09-25 21:00:00,16882.72111628631,16531.11204414338,14000.71546199042
forecast_6430,2025-09-25 22:00:00,16717.471583221977,17503.594187819173,13779.627298559188
forecast_6431,2025-09-25 23:00:00,15829.781141471029,16630.357534087667,11272.550416501956
forecast_6432,2025-09-26 00:00:00,15958.24228400233,16303.91231786477,11629.66956178887
forecast_6433,2025-09-26 01:00:00,12376.045362595874,13003.772296469639,7544.457477697955
forecast_6434,2025-09-26 02:00:00,11225.243411024363,10971.243518413597,6763.012966007285
forecast_6435,2025-09-26 03:00:00,8477.569358015371,7835.388486942312,5566.996401675764
forecast_6436,2025-09-26 04:00:00,6283.657815318649,5951.256955856756,4413.011338895077
forecast_6437,2025-09-26 05:00:00,3677.435109243006,3645.548365721058,3465.5414007291665
forecast_6438,2025-09-26 06:00:00,3426.603609671902,3015.037367619124,3391.647276657142
forecast_6439,2025-09-26 07:00:00,3299.3436323275027,2868.921199327321,3368.177641888149
forecast_6440,2025-09-26 08:00:00,3217.2338979294987,2799.3863543954635,3364.6970950859923
forecast_6441,2025-09-26 09:00:00,3161.9149036734484,2659.381762245431,3361.293626501771
forecast_6442,2025-09-26 10:00:00,3139.1607544263975,2587.06657849573,3360.89336875356
forecast_6443,2025-09-26 11:00:00,3129.597965647194,2554.6194305356544,3360.9420975083603
forecast_6444,2025-09-26 12:00:00,3132.1592439472106,2554.747980339723,3360.85422619204
forecast_6445,2025-09-26 13:00:00,3130.716224991864,2564.3702719066314,3360.7608831494163
forecast_6446,2025-09-26 14:00:00,3125.749669147257,2545.7164862262302,3360.7683441145073
forecast_6447,2025-09-26 15:00:00,3122.849326111499,2533.920017133842,3360.7067745405348
forecast_6448,2025-09-26 16:00:00,3126.5678820161643,2551.992749671996,3360.9246757229425
forecast_6449,2025-09-26 17:00:00,3128.9211576810526,2541.6716263268054,3361.252990758258
forecast_6450,2025-09-26 18:00:00,3128.475574173832,2544.096172745719,3361.934430143446
forecast_6451,2025-09-26 19:00:00,3129.1450041754365,2546.0994828049957,3361.9330238576617
forecast_6452,2025-09-26 20:00:00,3136.707451714914,2532.040923251558,3361.8672919599667
forecast_6453,2025-09-26 21:00:00,3172.3147409972676,2570.0280329028456,3362.3426948132146
forecast_6454,2025-09-26 22:00:00,3143.328389175096,2567.041558818957,3362.5022697267514
forecast_6455,2025-09-26 23:00:00,3139.356107595494,2580.391828898894,3362.715425501007
forecast_6456,2025-09-27 00:00:00,3140.058639537483,2585.0288374038328,3362.497517302423
forecast_6457,2025-09-27 01:00:00,3252.8416119914987,2755.2051626199195,3362.4296177972597
forecast_6458,2025-09-27 02:00:00,3261.2713450793926,2743.7479824407947,3361.918663225539
forecast_6459,2025-09-27 03:00:00,3320.3527692968914,2738.9525025696344,3363.2721114437422
forecast_6460,2025-09-27 04:00:00,3348.4173867847758,2877.0655530451686,3366.921375235693
forecast_6461,2025-09-27 05:00:00,3310.8534832919463,2874.4466660164762,3367.694291550749
forecast_6462,2025-09-27 06:00:00,3312.588041462137,2835.2764450089876,3365.8354168256888
forecast_6463,2025-09-27 07:00:00,3337.2168556611596,2830.1123897519615,3364.0642989462567
forecast_6464,2025-09-27 08:00:00,3301.3838982954926,2828.6017587277524,3367.5070565002784
forecast_6465,2025-09-27 09:00:00,3184.316960178679,2740.7166038553196,3362.256083855395
forecast_6466,2025-09-27 10:00:00,3140.662865172035,2561.961040290558,3363.3458171841385
forecast_6467,2025-09-27 11:00:00,3132.8195253374424,2560.2873181859786,3365.528901311872
forecast_6468,2025-09-27 12:00:00,3135.065862889958,2567.060242337344,3362.905367768149
forecast_6469,2025-09-27 13:00:00,3125.56809055251,2530.1843298093345,3362.749246298104
forecast_6470,2025-09-27 14:00:00,3122.6958724268493,2529.071392067935,3362.7458855489936
forecast_6471,2025-09-27 15:00:00,3124.819140540277,2529.094484525295,3363.078019098843
forecast_6472,2025-09-27 16:00:00,3126.094833900122,2528.567969315453,3362.448437965496
forecast_6473,2025-09-27 17:00:00,3139.8613485741917,2570.140380626186,3371.439300486707
forecast_6474,2025-09-27 18:00:00,3151.813432368059,2592.6665413340656,3391.6410457539896
forecast_6475,2025-09-27 19:00:00,3283.8600099023197,2984.900216969366,3405.75252841896
forecast_6476,2025-09-27 20:00:00,3259.122411806406,2789.5090380416386,3385.3071795784235
forecast_6477,2025-09-27 21:00:00,3276.598977391896,2851.519748119548,3381.6235576279896
forecast_6478,2025-09-27 22:00:00,3409.191588673954,3266.200025611323,3442.0568051437344
forecast_6479,2025-09-27 23:00:00,3553.6825287167553,3521.788770838052,3595.4373500139045
forecast_6480,2025-09-28 00:00:00,3584.6096742051363,3715.6859721848823,3593.9857475454255
forecast_6481,2025-09-28 01:00:00,4004.048237866667,5447.590145217237,3986.3132829786123
forecast_6482,2025-09-28 02:00:00,6096.873807073529,6192.6214989884265,4209.736782132262
forecast_6483,2025-09-28 03:00:00,7487.357404015844,7063.441362977035,4315.894755373706
forecast_6484,2025-09-28 04:00:00,7612.231551297734,7251.87946300957,4614.365014962867
forecast_6485,2025-09-28 05:00:00,7844.037507448443,7221.545597486127,4905.782813139426
forecast_6486,2025-09-28 06:00:00,6332.538816593131,6078.793797444667,3624.3285018037723
forecast_6487,2025-09-28 07:00:00,3572.1800817385856,3900.1525288210614,3442.6380940941576
forecast_6488,2025-09-28 08:00:00,3555.830599994456,3872.6937127092324,3519.361268417211
forecast_6489,2025-09-28 09:00:00,3498.726768817563,3663.274976658782,3508.9980291828683
forecast_6490,2025-09-28 10:00:00,4020.3298812338535,5607.070626778716,3767.8451647320526
forecast_6491,2025-09-28 11:00:00,4624.7539456401655,3812.0359450108363,3583.892015452189
forecast_6492,2025-09-28 12:00:00,3540.5723782768664,3605.2486147916834,3555.431196219041
forecast_6493,2025-09-28 13:00:00,3447.621761497749,3374.304885094253,3450.6033028139054
forecast_6494,2025-09-28 14:00:00,3595.637218447528,3635.535751600883,3610.6320607013276
forecast_6495,2025-09-28 15:00:00,3618.51794252363,3982.9763651768694,3508.757412974758
forecast_6496,2025-09-28 16:00:00,3758.0067448894692,4016.818252641702,3768.087281072654
forecast_6497,2025-09-28 17:00:00,4049.596860869541,5771.3395878378815,3716.3070885841375
forecast_6498,2025-09-28 18:00:00,4113.484912258818,5688.045453467039,3734.5160600359545
forecast_6499,2025-09-28 19:00:00,5702.380497676303,6621.636110244058,3735.6696391510704
forecast_6500,2025-09-28 20:00:00,5571.356029075439,6687.55343423634,3948.5295904246373
forecast_6501,2025-09-28 21:00:00,5836.207175298793,7043.803041662976,3831.3686682259336
forecast_6502,2025-09-28 22:00:00,5122.381637530447,5393.409832450714,3652.428342229
forecast_6503,2025-09-28 23:00:00,3931.3428039190426,5067.80294559994,3550.242456741174
forecast_6504,2025-09-29 00:00:00,3644.805057987813,3852.625011108845,3566.791236603662
forecast_6505,2025-09-29 01:00:00,3685.4502336753653,3926.9458644007996,3634.5740139273653
forecast_6506,2025-09-29 02:00:00,3673.268922682974,3798.562659116224,3550.434615114177
forecast_6507,2025-09-29 03:00:00,3489.9149556979273,3364.0179298744083,3466.199204623181
forecast_6508,2025-09-29 04:00:00,3510.744186380755,3511.2637598849155,3461.431882408699
forecast_6509,2025-09-29 05:00:00,3350.3078944564795,3043.0447698799544,3461.3135270427183
forecast_6510,2025-09-29 06:00:00,3215.0912511601628,2707.314077411619,3383.548175154979
forecast_6511,2025-09-29 07:00:00,3187.313644760697,2664.3097057536856,3372.322243626924
forecast_6512,2025-09-29 08:00:00,3174.9584253438466,2597.937360754663,3375.095941124918
forecast_6513,2025-09-29 09:00:00,3149.638455477787,2614.9743780501567,3365.8246520368148
forecast_6514,2025-09-29 10:00:00,3129.4065687483235,2548.979646328979,3368.294103055619
forecast_6515,2025-09-29 11:00:00,3128.348960184367,2553.137961197051,3370.841781211091
forecast_6516,2025-09-29 12:00:00,3127.5170684568316,2531.4399067186187,3362.9912034802546
forecast_6517,2025-09-29 13:00:00,3125.7160074932085,2540.8969298275106,3363.2353389796285
forecast_6518,2025-09-29 14:00:00,3133.5746081087655,2575.2858276618267,3363.5433907898764
forecast_6519,2025-09-29 15:00:00,3133.0651626636304,2568.4879788454737,3363.520243860882
forecast_6520,2025-09-29 16:00:00,3138.1179177866807,2588.1241552888628,3365.189932299633
forecast_6521,2025-09-29 17:00:00,3133.28038825193,2576.0451761250656,3363.6639524149527
forecast_6522,2025-09-29 18:00:00,3139.3372825015113,2587.3614710917277,3362.8257090053435
forecast_6523,2025-09-29 19:00:00,3156.181509942496,2645.781644739914,3365.0753579898274
forecast_6524,2025-09-29 20:00:00,3145.9846143718437,2627.199444851381,3363.962088219495
forecast_6525,2025-09-29 21:00:00,3147.116337815054,2616.2536521467327,3366.6928024094545
forecast_6526,2025-09-29 22:00:00,3206.237917007432,2782.105584776384,3377.9472099338905
forecast_6527,2025-09-29 23:00:00,3262.928288218713,3004.386313256732,3401.563478871907
forecast_6528,2025-09-30 00:00:00,3281.9489931653843,2972.204615932466,3373.077231162018
forecast_6529,2025-09-30 01:00:00,3392.345366731698,3104.3910605270985,3387.7339981907976
forecast_6530,2025-09-30 02:00:00,3501.499702615038,3362.4274058301453,3379.9038470766714
forecast_6531,2025-09-30 03:00:00,3415.2925683041526,3143.3878576624516,3389.8927821277425
forecast_6532,2025-09-30 04:00:00,3508.285581108042,3511.1585062436125,3459.406842572556
forecast_6533,2025-09-30 05:00:00,3502.224344600112,3266.2050414748837,3416.968515452541
forecast_6534,2025-09-30 06:00:00,3436.452372087028,3136.4287783170203,3383.024285627381
forecast_6535,2025-09-30 07:00:00,3469.026861070084,3083.959027603688,3371.4302735470383
forecast_6536,2025-09-30 08:00:00,3359.853163826675,2971.6455347526985,3369.2875400377993
forecast_6537,2025-09-30 09:00:00,3228.6079436801288,2714.1327615264304,3366.6519887043446
forecast_6538,2025-09-30 10:00:00,3213.5876738169545,2724.0021662183904,3366.7553420747754
forecast_6539,2025-09-30 11:00:00,3173.0540404154945,2638.7495406772973,3366.2931895269435
forecast_6540,2025-09-30 12:00:00,3259.0267853140954,2881.4565853623153,3379.7070076107107
forecast_6541,2025-09-30 13:00:00,3173.693058039506,2685.054347225581,3366.493833389159
forecast_6542,2025-09-30 14:00:00,3175.709221263431,2720.0380462349403,3366.564390195943
forecast_6543,2025-09-30 15:00:00,3268.861886394369,3106.2197325508087,3380.368492583146
forecast_6544,2025-09-30 16:00:00,3308.767537683727,3211.2410232506772,3385.5946928299245
forecast_6545,2025-09-30 17:00:00,3357.7042067669217,3288.8112649963055,3396.4655246991883
forecast_6546,2025-09-30 18:00:00,3639.1956165994575,3692.621715267105,3495.4959747481967
forecast_6547,2025-09-30 19:00:00,3807.162861199359,4506.40002581159,3658.2871494107244
forecast_6548,2025-09-30 20:00:00,6066.535984578463,5344.217703407999,3676.8515103520704
forecast_6549,2025-09-30 21:00:00,4246.000691632359,6491.319962161393,3701.519528793424
forecast_6550,2025-09-30 22:00:00,7780.253179896612,7700.425247013719,4348.125985701128
forecast_6551,2025-09-30 23:00:00,8228.206009910231,8043.90102065474,4685.814934889109
forecast_6552,2025-10-01 00:00:00,8267.975217613812,8257.113865603907,5086.332651986624
forecast_6553,2025-10-01 01:00:00,9125.807746868322,9005.180501603309,5996.744451233577
forecast_6554,2025-10-01 02:00:00,8993.341730179507,8823.118835436322,6009.508210679537
forecast_6555,2025-10-01 03:00:00,9474.871251770053,9181.97585497802,5803.4491440604515
forecast_6556,2025-10-01 04:00:00,9543.482424552503,8960.94351683159,5333.498391338753
forecast_6557,2025-10-01 05:00:00,8396.352153519916,7979.080235556707,4966.936204472936
forecast_6558,2025-10-01 06:00:00,7635.526555106671,6746.602156697406,4755.749374456201
forecast_6559,2025-10-01 07:00:00,5929.37353472731,5547.616518957629,3717.808356066815
forecast_6560,2025-10-01 08:00:00,3680.8188431899475,3654.4339257029487,3434.2575724870553
forecast_6561,2025-10-01 09:00:00,3461.919195768243,3350.568780288799,3415.486636297647
forecast_6562,2025-10-01 10:00:00,3269.693423124034,2825.171342798816,3396.2656958556645
forecast_6563,2025-10-01 11:00:00,3244.5043595556745,2825.1162249815306,3375.9607981876325
forecast_6564,2025-10-01 12:00:00,3256.564466880874,2858.2033737209676,3402.1691639482756
forecast_6565,2025-10-01 13:00:00,3240.986743011502,2969.374928223785,3422.893290422519
forecast_6566,2025-10-01 14:00:00,3251.2840769240934,2964.62329825021,3403.38344441913
forecast_6567,2025-10-01 15:00:00,3282.416674268608,3058.371090907889,3425.835976514456
forecast_6568,2025-10-01 16:00:00,3292.7383964946275,3048.3838493218564,3464.12544946996
forecast_6569,2025-10-01 17:00:00,3509.8366549244547,3434.5948327761694,3505.731150776742
forecast_6570,2025-10-01 18:00:00,3648.4617677712754,3860.823442785142,3752.30046862353
forecast_6571,2025-10-01 19:00:00,6803.974730580733,5822.315677065893,4531.474032773742
forecast_6572,2025-10-01 20:00:00,7527.977590525537,6477.917122918685,4866.184095874563
forecast_6573,2025-10-01 21:00:00,6576.322904365467,6060.4561664327375,4141.164441708677
forecast_6574,2025-10-01 22:00:00,6009.358433909007,5304.447534758154,4090.59735179943
forecast_6575,2025-10-01 23:00:00,3966.83819916381,5053.706042788413,3907.7658199504467
forecast_6576,2025-10-02 00:00:00,6524.092216490028,5287.158985828522,4204.434067110787
forecast_6577,2025-10-02 01:00:00,7334.301332614413,6967.27772252992,4541.424876710141
forecast_6578,2025-10-02 02:00:00,6365.6828385535155,6030.751546203171,4057.68284334434
forecast_6579,2025-10-02 03:00:00,5647.023469666561,3905.368208270238,3731.5003066906247
forecast_6580,2025-10-02 04:00:00,3632.1620867774113,3743.9424105363737,3711.2349661857806
forecast_6581,2025-10-02 05:00:00,3441.372862907652,3210.8694684191955,3557.1754463522607
forecast_6582,2025-10-02 06:00:00,3215.2511520687717,2735.4021176831866,3396.7633545613817
forecast_6583,2025-10-02 07:00:00,3213.308367412711,2737.7895313320555,3369.893906040719
forecast_6584,2025-10-02 08:00:00,3149.623726323333,2608.0489570259024,3371.0927950319315
forecast_6585,2025-10-02 09:00:00,3130.27689159124,2533.291407468974,3362.7022146649447
forecast_6586,2025-10-02 10:00:00,3123.80393861169,2527.3871988810183,3362.1850682896597
forecast_6587,2025-10-02 11:00:00,3123.798283007416,2527.739794474162,3361.44850124605
forecast_6588,2025-10-02 12:00:00,3122.2120838772717,2530.229528905319,3361.0557780325744
forecast_6589,2025-10-02 13:00:00,3125.3375656175385,2548.723545501461,3361.0116292766224
forecast_6590,2025-10-02 14:00:00,3125.6713563873013,2546.0715790926374,3361.305299920379
forecast_6591,2025-10-02 15:00:00,3121.878418182625,2531.072848437129,3361.158707538921
forecast_6592,2025-10-02 16:00:00,3130.8437999475495,2573.1138243824425,3361.1741525491025
forecast_6593,2025-10-02 17:00:00,3132.509307886626,2546.515159333759,3361.6816664470816
forecast_6594,2025-10-02 18:00:00,3147.6937060032005,2573.850568257948,3361.990387586515
forecast_6595,2025-10-02 19:00:00,3150.482347518776,2569.308643064674,3361.9902002630038
forecast_6596,2025-10-02 20:00:00,3132.5069696900628,2548.535136242881,3362.063798769747
forecast_6597,2025-10-02 21:00:00,3145.0348059457333,2584.0351517339495,3362.9802905496535
forecast_6598,2025-10-02 22:00:00,3135.422051993235,2547.382472567092,3362.1210020459052
forecast_6599,2025-10-02 23:00:00,3132.708071408387,2533.6048984663685,3361.495520453191
forecast_6600,2025-10-03 00:00:00,3144.811590186262,2573.339371949305,3362.633365948765
forecast_6601,2025-10-03 01:00:00,3369.020004589418,3340.034021844891,3365.8176974087387
forecast_6602,2025-10-03 02:00:00,3424.479889170335,3303.0845899166306,3375.9542578384735
forecast_6603,2025-10-03 03:00:00,3550.8223505990827,3497.652484048937,3392.348640880641
forecast_6604,2025-10-03 04:00:00,3508.7889608168634,3387.9883759334866,3447.211753168425
forecast_6605,2025-10-03 05:00:00,3558.6657942051665,3395.339190224981,3491.354573980657
forecast_6606,2025-10-03 06:00:00,3624.2419081036314,3576.2341518764406,3550.9365309861887
forecast_6607,2025-10-03 07:00:00,3875.0934032872924,3869.564829293196,3561.4836970014444
forecast_6608,2025-10-03 08:00:00,4314.352737754512,4819.339381954459,3664.6317153649607
forecast_6609,2025-10-03 09:00:00,4394.49127952983,5388.2362121071355,3191.332531502371
forecast_6610,2025-10-03 10:00:00,4034.7275205766387,3931.613636779102,3437.272634044191
forecast_6611,2025-10-03 11:00:00,3877.254679789985,3914.8261096099964,3582.528609194808
forecast_6612,2025-10-03 12:00:00,3945.7565903188874,4890.7822595654325,3836.3336383660167
forecast_6613,2025-10-03 13:00:00,3827.131192775488,4226.586850361195,3778.549936912551
forecast_6614,2025-10-03 14:00:00,3708.971522852322,4045.088707684977,3702.0630385395566
forecast_6615,2025-10-03 15:00:00,3819.497195737197,4019.416625401888,3624.10502365361
forecast_6616,2025-10-03 16:00:00,4565.320556403907,5607.39860929294,3351.2890599758557
forecast_6617,2025-10-03 17:00:00,5290.211274499559,6375.552534025549,3860.0839299942695
forecast_6618,2025-10-03 18:00:00,5374.9991625538905,6271.333531841981,3413.0069483069387
forecast_6619,2025-10-03 19:00:00,6401.160814700133,7459.810595705841,4460.982479180119
forecast_6620,2025-10-03 20:00:00,6672.874846110549,7247.91125382091,4008.56698408133
forecast_6621,2025-10-03 21:00:00,6938.73827541973,7280.351874281983,3831.5224340463346
forecast_6622,2025-10-03 22:00:00,5970.862900803246,6186.632782390018,3182.9380628230615
forecast_6623,2025-10-03 23:00:00,5263.092055822184,5111.461941505692,3549.620831790313
forecast_6624,2025-10-04 00:00:00,4644.733083803954,4277.886766509621,3704.7106669116683
forecast_6625,2025-10-04 01:00:00,4071.966825570112,3916.5878348982455,3735.842051040793
forecast_6626,2025-10-04 02:00:00,4028.120166077271,3684.630000542144,3505.760677143488
forecast_6627,2025-10-04 03:00:00,3952.894845418669,3595.2223209013146,3488.541698066871
forecast_6628,2025-10-04 04:00:00,3549.410284084669,3332.27012719797,3472.8113726354163
forecast_6629,2025-10-04 05:00:00,3487.5598269179995,3258.26309974697,3439.2674150298153
forecast_6630,2025-10-04 06:00:00,3495.235124353096,3295.2008316083734,3445.419856367003
forecast_6631,2025-10-04 07:00:00,3378.0392407495,3145.591536510165,3423.510123974041
forecast_6632,2025-10-04 08:00:00,3365.9542035825643,3160.133092724865,3429.4108579443955
forecast_6633,2025-10-04 09:00:00,3360.352961879631,3145.4640785902925,3421.9451426045944
forecast_6634,2025-10-04 10:00:00,3297.741326413095,3041.3543008513548,3392.714313072238
forecast_6635,2025-10-04 11:00:00,3236.886551520868,2930.1254509219593,3401.5283273255354
forecast_6636,2025-10-04 12:00:00,3211.1777898273544,2857.868469612097,3379.810406586137
forecast_6637,2025-10-04 13:00:00,3209.79099689057,2873.24719201289,3392.941668064703
forecast_6638,2025-10-04 14:00:00,3215.8073921154505,2843.8230467077447,3401.932122734796
forecast_6639,2025-10-04 15:00:00,3217.2533992148424,2839.906326115833,3386.1405613657853
forecast_6640,2025-10-04 16:00:00,3214.9500833362185,2836.948839317348,3398.092095630887
forecast_6641,2025-10-04 17:00:00,3236.031172090003,2906.5085880488405,3403.6512159440867
forecast_6642,2025-10-04 18:00:00,3244.9406212384324,2935.034997116632,3399.569950321865
forecast_6643,2025-10-04 19:00:00,3272.123978854205,2918.40456549756,3415.4239387220255
forecast_6644,2025-10-04 20:00:00,3262.8237248263813,2954.9361888252342,3405.7350884353027
forecast_6645,2025-10-04 21:00:00,3212.0666262078694,2814.887962916765,3377.6492167723077
forecast_6646,2025-10-04 22:00:00,3174.4856314409076,2728.0716921130265,3373.877151507216
forecast_6647,2025-10-04 23:00:00,3158.2084546803885,2675.3035816970205,3369.6072868935994
forecast_6648,2025-10-05 00:00:00,3157.6881969774386,2666.7358881806153,3364.932635436171
forecast_6649,2025-10-05 01:00:00,3183.9422913392004,2694.1107643458654,3375.7855190770993
forecast_6650,2025-10-05 02:00:00,3145.6722874655807,2611.8840988700963,3371.197067247271
forecast_6651,2025-10-05 03:00:00,3157.09082704764,2616.7034701303696,3362.932775645366
forecast_6652,2025-10-05 04:00:00,3127.6316179347764,2545.0598352123748,3362.548965924041
forecast_6653,2025-10-05 05:00:00,3127.713394685635,2537.109234889329,3361.567014727785
forecast_6654,2025-10-05 06:00:00,3127.5112107848427,2533.974972926184,3362.09398572824
forecast_6655,2025-10-05 07:00:00,3128.818748357521,2538.425191131813,3361.905922787936
forecast_6656,2025-10-05 08:00:00,3126.7101871068767,2533.0195903524773,3361.2870360634006
forecast_6657,2025-10-05 09:00:00,3128.3173527365684,2540.3784425158374,3362.1016027337705
forecast_6658,2025-10-05 10:00:00,3126.0821868513854,2528.3989593011243,3361.4682374673403
forecast_6659,2025-10-05 11:00:00,3127.276169488557,2529.868351716516,3361.7240088275553
forecast_6660,2025-10-05 12:00:00,3123.9867553020686,2529.443483538048,3361.0266150080442
forecast_6661,2025-10-05 13:00:00,3122.683831815265,2528.3424871312714,3361.293313085556
forecast_6662,2025-10-05 14:00:00,3124.922625822359,2527.902297590184,3361.1269798182143
forecast_6663,2025-10-05 15:00:00,3126.595772628448,2528.0099719689215,3361.4650926536133
forecast_6664,2025-10-05 16:00:00,3133.1625521231813,2542.9273181920394,3362.5362957742514
forecast_6665,2025-10-05 17:00:00,3130.8866322354397,2548.083307479064,3361.578113173417
forecast_6666,2025-10-05 18:00:00,3142.343151091026,2580.097368086216,3364.301478023876
forecast_6667,2025-10-05 19:00:00,3188.755191752067,2747.1627628801466,3366.8067168248895
forecast_6668,2025-10-05 20:00:00,3222.612742862548,2891.8767193415742,3372.086027923581
forecast_6669,2025-10-05 21:00:00,3217.8270438882923,2864.154210007955,3371.7778173020192
forecast_6670,2025-10-05 22:00:00,3205.278772988906,2800.8440710124087,3367.3538027977384
forecast_6671,2025-10-05 23:00:00,3238.117079107735,2903.5919864955654,3372.161161514982
forecast_6672,2025-10-06 00:00:00,3357.2924134045907,3076.5319275603647,3383.513290356415
forecast_6673,2025-10-06 01:00:00,3398.5619541528636,3345.9586005881156,3521.8341842257214
forecast_6674,2025-10-06 02:00:00,3545.2348444267127,3528.5017149757855,3581.4201723050414
forecast_6675,2025-10-06 03:00:00,3859.081355343222,3751.6794683516505,3653.1330806895817
forecast_6676,2025-10-06 04:00:00,3772.5892006416375,4114.393377090503,3675.47925323818
forecast_6677,2025-10-06 05:00:00,3922.9558917802133,4684.008592185998,3363.051387890022
forecast_6678,2025-10-06 06:00:00,6258.998413513177,6835.547996667542,4899.168392143283
forecast_6679,2025-10-06 07:00:00,6127.427128596233,8242.570676926724,5349.039168965818
forecast_6680,2025-10-06 08:00:00,6261.14931615794,8872.139654665678,6409.628550236117
forecast_6681,2025-10-06 09:00:00,7384.817514450411,9412.957384500414,6687.753980022816
forecast_6682,2025-10-06 10:00:00,7268.527792486775,9366.681166346705,6319.573522427244
forecast_6683,2025-10-06 11:00:00,6489.754109628193,8413.369568720324,5762.612321873913
forecast_6684,2025-10-06 12:00:00,5811.392603043843,7218.450272485135,5174.223524799907
forecast_6685,2025-10-06 13:00:00,6012.732755379674,6114.40558804724,4823.588657214042
forecast_6686,2025-10-06 14:00:00,5884.014629455385,6186.231281039213,4801.610150580022
forecast_6687,2025-10-06 15:00:00,5858.114827873674,6388.095754780227,4711.149652342144
forecast_6688,2025-10-06 16:00:00,6074.473090833512,6652.997132229497,3753.4131688155558
forecast_6689,2025-10-06 17:00:00,6524.978439619531,7982.035588187278,5207.518757571448
forecast_6690,2025-10-06 18:00:00,8194.787992213376,9346.871538897278,6557.9307948512915
forecast_6691,2025-10-06 19:00:00,9453.268534718216,10351.900057052375,7282.07721598543
forecast_6692,2025-10-06 20:00:00,10630.270324727953,11881.284030040093,8593.256229048766
forecast_6693,2025-10-06 21:00:00,12108.538745294692,14333.71643579145,9893.724417861871
forecast_6694,2025-10-06 22:00:00,14126.669657942579,15294.982689130667,10761.182442901147
forecast_6695,2025-10-06 23:00:00,14176.284523156466,15307.327249157352,9413.457662133547
forecast_6696,2025-10-07 00:00:00,14625.93482801047,16322.597844816115,11414.766990927852
forecast_6697,2025-10-07 01:00:00,12620.649699118634,15624.451028363052,10810.282509719389
forecast_6698,2025-10-07 02:00:00,9964.145773911594,13173.505084992652,8942.336514371644
forecast_6699,2025-10-07 03:00:00,9432.715500996692,11856.968451881863,8127.9879363852615
forecast_6700,2025-10-07 04:00:00,8454.713257074382,10481.505807334266,7816.459116507634
forecast_6701,2025-10-07 05:00:00,8662.479337026623,10252.395538327386,6776.895672179203
forecast_6702,2025-10-07 06:00:00,8826.77479932295,10380.679927151448,6825.302202340587
forecast_6703,2025-10-07 07:00:00,7102.7147201445605,8301.661906691126,4978.7657702143615
forecast_6704,2025-10-07 08:00:00,6669.856600630143,7530.465676390216,4473.510426059085
forecast_6705,2025-10-07 09:00:00,6004.651116387885,7096.407288751389,4160.072453791551
forecast_6706,2025-10-07 10:00:00,4661.91465213367,5228.651141045921,3724.3234965699694
forecast_6707,2025-10-07 11:00:00,4692.908191714994,4916.715687235262,3663.7872864796204
forecast_6708,2025-10-07 12:00:00,3714.4789707098635,3720.7569872055105,3493.2380113967674
forecast_6709,2025-10-07 13:00:00,3690.328917437366,3618.2007990874154,3486.723049069767
forecast_6710,2025-10-07 14:00:00,3514.420340930774,3376.989721421753,3426.405886626733
forecast_6711,2025-10-07 15:00:00,3449.60465986039,3189.557681154634,3418.1209096631765
forecast_6712,2025-10-07 16:00:00,3328.626381459191,3085.079351952547,3389.7036889514025
forecast_6713,2025-10-07 17:00:00,3308.8843687650865,2957.646794338873,3379.255421596185
forecast_6714,2025-10-07 18:00:00,3274.3654637500686,2928.541182263274,3396.9836927133047
forecast_6715,2025-10-07 19:00:00,3260.471520855119,2896.9120309974255,3384.9959128514993
forecast_6716,2025-10-07 20:00:00,3178.757591805216,2727.3553462710183,3364.572420002319
forecast_6717,2025-10-07 21:00:00,3136.0549562196375,2543.7932382386784,3363.3382677993573
forecast_6718,2025-10-07 22:00:00,3132.177545285005,2539.2726370503046,3362.3003423598852
forecast_6719,2025-10-07 23:00:00,3138.77689104018,2539.9585868247964,3362.8286666165072
forecast_6720,2025-10-08 00:00:00,3148.9391164589483,2566.7516954946504,3361.140673090456
forecast_6721,2025-10-08 01:00:00,3134.9032512716312,2546.4393213517606,3361.739394572769
forecast_6722,2025-10-08 02:00:00,3137.8431416048707,2549.27644106432,3361.4934183673504
forecast_6723,2025-10-08 03:00:00,3139.3375903034766,2552.609836071003,3360.9929520683722
forecast_6724,2025-10-08 04:00:00,3137.587784580797,2543.0388270271956,3361.3561899038027
forecast_6725,2025-10-08 05:00:00,3144.625980602094,2604.1629776547875,3361.199299471662
forecast_6726,2025-10-08 06:00:00,3131.950057656459,2545.5048711626982,3362.816309179356
forecast_6727,2025-10-08 07:00:00,3153.5622493248857,2653.8583072504434,3363.756748993331
forecast_6728,2025-10-08 08:00:00,3141.9788327680585,2585.9744219248887,3363.5950688148446
forecast_6729,2025-10-08 09:00:00,3168.781706381404,2693.5977439613853,3367.100950375794
forecast_6730,2025-10-08 10:00:00,3177.2170801787493,2691.6084690156385,3371.454994597934
forecast_6731,2025-10-08 11:00:00,3160.6496197657375,2664.9153393755387,3367.1054107582754
forecast_6732,2025-10-08 12:00:00,3154.9076803849744,2643.356932091221,3364.2428444229363
forecast_6733,2025-10-08 13:00:00,3150.3807628992217,2635.6609631695133,3364.4028538425364
forecast_6734,2025-10-08 14:00:00,3164.007162864727,2699.126955511146,3367.94552052613
forecast_6735,2025-10-08 15:00:00,3200.869270577127,2810.754278820678,3379.6198938284047
forecast_6736,2025-10-08 16:00:00,3256.373581112471,2966.745265537062,3425.226028286289
forecast_6737,2025-10-08 17:00:00,3306.3379616613997,3160.6894823651996,3447.4177401879892
forecast_6738,2025-10-08 18:00:00,3409.3383367084525,3537.079540353056,3487.6397282713156
forecast_6739,2025-10-08 19:00:00,3574.641478239,3826.1170130033,3624.4397548022216
forecast_6740,2025-10-08 20:00:00,3651.1356456880903,4239.8481173531345,3590.036812335187
forecast_6741,2025-10-08 21:00:00,3824.185439368931,4403.067554122407,3771.0562732750172
forecast_6742,2025-10-08 22:00:00,4547.311511800711,5443.84457219719,4039.0336403385136
forecast_6743,2025-10-08 23:00:00,4649.903735554335,5453.45465434949,4415.13738318513
forecast_6744,2025-10-09 00:00:00,5309.331463401877,6662.373042355899,4791.500616497217
forecast_6745,2025-10-09 01:00:00,6668.329761766333,7884.781195681835,5510.677678471226
forecast_6746,2025-10-09 02:00:00,6435.593189704083,7968.512513608489,5287.378868745416
forecast_6747,2025-10-09 03:00:00,6134.95677656063,6943.20656378857,4887.6518589806865
forecast_6748,2025-10-09 04:00:00,5316.370260438088,6180.315926958865,4397.20267548504
forecast_6749,2025-10-09 05:00:00,5572.859874314674,6753.2668804146515,4728.667811396076
forecast_6750,2025-10-09 06:00:00,5708.013642846723,7688.683219449871,4939.343141083954
forecast_6751,2025-10-09 07:00:00,5147.599317120449,6518.444758615011,4137.043097253585
forecast_6752,2025-10-09 08:00:00,5040.033828167297,6792.972782726146,4111.9803473335
forecast_6753,2025-10-09 09:00:00,4975.204085727448,6498.415254036766,3837.2471325068823
forecast_6754,2025-10-09 10:00:00,4914.927340110207,5890.978213649034,3570.3592376263723
forecast_6755,2025-10-09 11:00:00,4287.574239919085,4921.99057649629,3703.539088144269
forecast_6756,2025-10-09 12:00:00,4205.374713236547,4706.560998149124,3775.2612792346035
forecast_6757,2025-10-09 13:00:00,3775.913002147179,4140.575247996907,3626.2619513387967
forecast_6758,2025-10-09 14:00:00,3687.9908924127035,3739.7034689828783,3674.685198812257
forecast_6759,2025-10-09 15:00:00,3582.717942343125,3485.4249817899927,3642.983240284769
forecast_6760,2025-10-09 16:00:00,3541.216626898379,3378.431214617491,3587.2462385233903
forecast_6761,2025-10-09 17:00:00,3536.0131129707174,3332.111754553316,3537.719167435585
forecast_6762,2025-10-09 18:00:00,3468.5185744622136,3268.7414211770197,3458.500192287317
forecast_6763,2025-10-09 19:00:00,3447.829671273233,3222.293739647175,3452.401142359746
forecast_6764,2025-10-09 20:00:00,3314.9553302177646,2977.7405463474884,3388.1819623436104
forecast_6765,2025-10-09 21:00:00,3318.4993373034877,2970.5269854239523,3385.976016700057
forecast_6766,2025-10-09 22:00:00,3244.3432406877855,2895.205076695626,3372.7314690122817
forecast_6767,2025-10-09 23:00:00,3250.0646147322905,2846.8128876117194,3377.897154212332
forecast_6768,2025-10-10 00:00:00,3268.5672579193324,2846.9602628863863,3373.4578923834038
forecast_6769,2025-10-10 01:00:00,3293.0534222509905,2947.929143292997,3390.399036388629
forecast_6770,2025-10-10 02:00:00,3336.446080737174,3128.5351650571965,3398.638946544953
forecast_6771,2025-10-10 03:00:00,3437.1628972200924,3199.3241927086146,3392.109860774918
forecast_6772,2025-10-10 04:00:00,3438.8127974773215,3225.538084343032,3388.7114142346345
forecast_6773,2025-10-10 05:00:00,3463.670260255262,3232.417397133214,3398.2720833672065
forecast_6774,2025-10-10 06:00:00,3467.408875475698,3226.5665784449216,3386.1492219344304
forecast_6775,2025-10-10 07:00:00,3363.8927349318765,3136.9317928220194,3375.0347602227025
forecast_6776,2025-10-10 08:00:00,3407.848060328553,3190.7034306802466,3372.9911804014605
forecast_6777,2025-10-10 09:00:00,3381.6989876839734,3191.854924409124,3376.81979877089
forecast_6778,2025-10-10 10:00:00,3351.0324420546785,3107.2939204844747,3372.3095039361942
forecast_6779,2025-10-10 11:00:00,3346.0621456586778,3156.9198697321444,3379.0744287358375
forecast_6780,2025-10-10 12:00:00,3341.522581567924,3120.1643752473087,3382.8184968584064
forecast_6781,2025-10-10 13:00:00,3372.308381384667,3236.862492946495,3383.377769042176
forecast_6782,2025-10-10 14:00:00,3389.42574074197,3280.6349455277573,3372.8937440430473
forecast_6783,2025-10-10 15:00:00,3387.8282201759757,3292.9439990885726,3375.4758102824835
forecast_6784,2025-10-10 16:00:00,3362.3377436801293,3231.7374627075415,3374.3590933383684
forecast_6785,2025-10-10 17:00:00,3295.9327461502876,3035.4381874027335,3379.51930414039
forecast_6786,2025-10-10 18:00:00,3275.6431937227085,3006.7946685238157,3376.6760090158045
forecast_6787,2025-10-10 19:00:00,3379.1756727944066,3172.9417338187686,3384.9254807250595
forecast_6788,2025-10-10 20:00:00,3436.512402030551,3394.0464085376916,3398.7294167483306
forecast_6789,2025-10-10 21:00:00,3457.98952842934,3504.823556822573,3409.856141052941
forecast_6790,2025-10-10 22:00:00,3550.7717287220757,3690.4706753630176,3463.876175082342
forecast_6791,2025-10-10 23:00:00,3537.6437981997915,3707.742988997809,3480.420564851315
forecast_6792,2025-10-11 00:00:00,3598.0457609164914,3823.462658308166,3477.0851412758507
forecast_6793,2025-10-11 01:00:00,3660.674708664235,3940.27143681873,3487.3660655947515
forecast_6794,2025-10-11 02:00:00,3720.2179328220454,4047.784025014032,3584.139009920238
forecast_6795,2025-10-11 03:00:00,4341.400474754271,6807.500920190958,4258.291650671249
forecast_6796,2025-10-11 04:00:00,7673.792651329094,8365.460206554268,4737.035201279518
forecast_6797,2025-10-11 05:00:00,9065.973728364152,9626.22899964754,5885.293965344154
forecast_6798,2025-10-11 06:00:00,8657.976332463717,9766.963480797562,5764.214929918559
forecast_6799,2025-10-11 07:00:00,8481.66278738442,10384.595908742263,5506.059049657631
forecast_6800,2025-10-11 08:00:00,8796.85637256225,10746.890085095367,5484.9250995067205
forecast_6801,2025-10-11 09:00:00,9492.881559049703,11495.025995137234,5788.548966325127
forecast_6802,2025-10-11 10:00:00,10344.34798952834,10899.546808851144,6219.7497961725785
forecast_6803,2025-10-11 11:00:00,10413.273630020296,11107.298835680878,6582.423777657891
forecast_6804,2025-10-11 12:00:00,10501.02099689754,12066.729393736932,6927.633228220729
forecast_6805,2025-10-11 13:00:00,10512.875765032246,12434.52533750662,7407.254736450304
forecast_6806,2025-10-11 14:00:00,10971.036499378646,13028.896452533347,7352.639710848813
forecast_6807,2025-10-11 15:00:00,11186.008501538767,11446.332565668392,8359.252966513253
forecast_6808,2025-10-11 16:00:00,12591.946775202096,12358.159223178758,10186.56776280247
forecast_6809,2025-10-11 17:00:00,12449.077713852437,12308.913319129508,9319.37859187905
forecast_6810,2025-10-11 18:00:00,13565.633836525294,12471.792602052288,12129.102287046971
forecast_6811,2025-10-11 19:00:00,13306.236932574906,13001.338234544253,13845.85332683744
forecast_6812,2025-10-11 20:00:00,12861.701025180198,13277.52971650474,13663.301458079313
forecast_6813,2025-10-11 21:00:00,13431.638555118241,13382.134193430169,13094.225889209105
forecast_6814,2025-10-11 22:00:00,13713.055173967234,13639.965643880798,13062.314406644025
forecast_6815,2025-10-11 23:00:00,13094.377857743568,12575.522471016182,12717.185469807897
forecast_6816,2025-10-12 00:00:00,12664.77377766275,11663.606283967327,11576.062444752282
forecast_6817,2025-10-12 01:00:00,12859.649950786697,11338.60669288377,11278.3660610366
forecast_6818,2025-10-12 02:00:00,12062.651461110729,10708.126778317683,9625.291864538376
forecast_6819,2025-10-12 03:00:00,10267.826287647791,9675.476426325158,7567.575340109164
forecast_6820,2025-10-12 04:00:00,8233.497513899769,7869.788345762765,3533.1344780199793
forecast_6821,2025-10-12 05:00:00,3753.1067699114105,4050.7287457051466,3554.5797037251104
forecast_6822,2025-10-12 06:00:00,3493.0377336529173,3483.74445217439,3439.0632654402
forecast_6823,2025-10-12 07:00:00,3464.5000515056645,3651.1017041192626,3461.1911881908395
forecast_6824,2025-10-12 08:00:00,3519.612030522828,3646.200488957852,3456.196442508055
forecast_6825,2025-10-12 09:00:00,4494.325830255268,4797.928714065873,3453.363452645719
forecast_6826,2025-10-12 10:00:00,4781.096459987394,5575.710438790683,3791.5692994558704
forecast_6827,2025-10-12 11:00:00,5034.484381378744,5959.501947795944,3805.294419762607
forecast_6828,2025-10-12 12:00:00,4900.5437033270355,5694.839504941399,3667.7982817464926
forecast_6829,2025-10-12 13:00:00,4731.603184371159,5481.623922530237,3721.072616313302
forecast_6830,2025-10-12 14:00:00,5640.836592525623,6255.736873666509,4100.703571197524
forecast_6831,2025-10-12 15:00:00,5276.804047458544,6268.00177592579,4369.466873824673
forecast_6832,2025-10-12 16:00:00,5650.060913815998,6633.102716668049,4354.626651731118
forecast_6833,2025-10-12 17:00:00,5825.609321520719,7486.206671774186,4394.7918847396
forecast_6834,2025-10-12 18:00:00,5888.630472609691,7791.646265261288,4618.528441412685
forecast_6835,2025-10-12 19:00:00,6358.6405512090605,8172.805627534134,4874.492164789635
forecast_6836,2025-10-12 20:00:00,6416.137044351176,7906.0425966158155,5046.195841236982
forecast_6837,2025-10-12 21:00:00,5807.53091612269,7483.3463838612,4860.352166270533
forecast_6838,2025-10-12 22:00:00,4708.396389594451,5689.087082060583,4313.3279467173525
forecast_6839,2025-10-12 23:00:00,4407.311684593036,4973.7912242192015,3633.0827248695005
forecast_6840,2025-10-13 00:00:00,4319.271817557941,4742.686161060751,3437.4561690139744
forecast_6841,2025-10-13 01:00:00,3678.6678551066825,3853.86439818769,3490.805247787863
forecast_6842,2025-10-13 02:00:00,3469.638085527939,3303.8643040646352,3438.529939656327
forecast_6843,2025-10-13 03:00:00,3279.2083519045636,3059.215016760168,3422.315239879142
forecast_6844,2025-10-13 04:00:00,3301.9735285228303,2971.3554028977824,3392.5762766876574
forecast_6845,2025-10-13 05:00:00,3278.6190499145077,3000.3572270432173,3393.6255270238753
forecast_6846,2025-10-13 06:00:00,3487.879414852721,3305.044490680164,3441.7088652448742
forecast_6847,2025-10-13 07:00:00,3688.860403545288,3905.0590834064365,3604.1334732742403
forecast_6848,2025-10-13 08:00:00,4031.736197471359,4766.606576045649,3677.3919032904505
forecast_6849,2025-10-13 09:00:00,3870.414102317948,4102.868363009584,3632.481828888001
forecast_6850,2025-10-13 10:00:00,4334.457717885024,4579.438678031118,3488.3190786040823
forecast_6851,2025-10-13 11:00:00,4359.410657270905,4780.975327144075,3579.498171767619
forecast_6852,2025-10-13 12:00:00,3919.360294665721,4777.95228749565,3773.3926409328687
forecast_6853,2025-10-13 13:00:00,4518.48668811075,4966.170530824988,3549.001475926359
forecast_6854,2025-10-13 14:00:00,3830.9681631599483,4750.4987803273025,3682.3761485897453
forecast_6855,2025-10-13 15:00:00,4661.4144465923255,4982.054387417758,3669.1261984495595
forecast_6856,2025-10-13 16:00:00,4683.949838351752,5244.979125734594,4236.599692260666
forecast_6857,2025-10-13 17:00:00,4535.808266040472,5133.55834790438,4113.377155078489
forecast_6858,2025-10-13 18:00:00,4996.9270661933,5442.24361031844,4084.5714456869937
forecast_6859,2025-10-13 19:00:00,5319.760335644519,5704.1008288725225,4324.58163017006
forecast_6860,2025-10-13 20:00:00,5790.72667318435,5981.566731426707,4435.517107341675
forecast_6861,2025-10-13 21:00:00,5744.885541693601,6175.279865957576,4727.022058463463
forecast_6862,2025-10-13 22:00:00,5691.420700872027,5832.998677961552,4995.460772122201
forecast_6863,2025-10-13 23:00:00,5616.432807392796,5518.4626092580875,4707.564046494125
forecast_6864,2025-10-14 00:00:00,5673.047361461834,5788.433931344243,4305.983365249965
forecast_6865,2025-10-14 01:00:00,7099.772547129785,7400.927917924895,4477.778936638532
forecast_6866,2025-10-14 02:00:00,7935.1722379302,8664.154712627933,4721.322746070099
forecast_6867,2025-10-14 03:00:00,6228.296721898707,6625.058921916389,4111.086700438543
forecast_6868,2025-10-14 04:00:00,6005.056010263182,6457.173509779095,3742.194578087671
forecast_6869,2025-10-14 05:00:00,5974.76954052259,6570.499576116177,4070.461978118244
forecast_6870,2025-10-14 06:00:00,6446.427106157887,7043.697790969663,4140.785201840742
forecast_6871,2025-10-14 07:00:00,5025.938630533564,6085.006002205353,3878.0202411721657
forecast_6872,2025-10-14 08:00:00,5336.192350191381,6348.491581300544,3973.1731712295323
forecast_6873,2025-10-14 09:00:00,5063.072176427521,6535.725495601456,3796.213706798687
forecast_6874,2025-10-14 10:00:00,4880.263860469791,6412.091384025927,3803.4278017552324
forecast_6875,2025-10-14 11:00:00,4956.873098594262,6398.56784636901,3672.5027435693146
forecast_6876,2025-10-14 12:00:00,4954.797068450735,6174.439288336089,3739.515711659821
forecast_6877,2025-10-14 13:00:00,4865.624352690572,5942.001096859004,3809.9484515711615
forecast_6878,2025-10-14 14:00:00,4768.905120333061,6173.242513981671,3854.906480083058
forecast_6879,2025-10-14 15:00:00,4460.074023809909,5680.235751526346,4044.425969043758
forecast_6880,2025-10-14 16:00:00,3868.9161570696365,4761.9588795715945,3891.527199124376
forecast_6881,2025-10-14 17:00:00,4174.482610309637,4983.698177388107,4040.6603403741233
forecast_6882,2025-10-14 18:00:00,4302.213836093363,5016.571931039876,3844.190383385633
forecast_6883,2025-10-14 19:00:00,4539.000728564624,4869.4231040076,3739.908836949607
forecast_6884,2025-10-14 20:00:00,4542.7182671326555,4804.1396248908595,3663.798918743815
forecast_6885,2025-10-14 21:00:00,4268.730034161123,4616.844061398107,3517.6599538480414
forecast_6886,2025-10-14 22:00:00,4337.668015589086,4768.188126900965,3241.464846294461
forecast_6887,2025-10-14 23:00:00,4402.493695928752,4693.18753725295,3247.116158612039
forecast_6888,2025-10-15 00:00:00,4357.032071993105,4606.5199552961185,3608.7316392044563
forecast_6889,2025-10-15 01:00:00,4138.693567120408,4595.703961025471,3254.9203255597395
forecast_6890,2025-10-15 02:00:00,4178.455341614312,4496.582486122049,3771.8395993590952
forecast_6891,2025-10-15 03:00:00,4017.9079066023082,4146.607106869918,3690.891050503606
forecast_6892,2025-10-15 04:00:00,3997.5757700075624,4037.77666809451,3769.9373489305444
forecast_6893,2025-10-15 05:00:00,3964.2580689813153,4083.0094410414968,3584.370989568816
forecast_6894,2025-10-15 06:00:00,4025.786542053948,4260.256994185891,3743.807296097006
forecast_6895,2025-10-15 07:00:00,3832.9121898031126,3876.958495447248,3518.7203313687814
forecast_6896,2025-10-15 08:00:00,3812.6473053712607,4281.723312551646,3619.678225902245
forecast_6897,2025-10-15 09:00:00,3791.119608587045,4236.758126255589,3599.6003977873247
forecast_6898,2025-10-15 10:00:00,3599.5706711921694,3721.090075866595,3594.0562090636204
forecast_6899,2025-10-15 11:00:00,3457.7279466716586,3459.4885017576066,3485.742814493634
forecast_6900,2025-10-15 12:00:00,3440.3868539839395,3383.1180387781774,3450.731507260266
forecast_6901,2025-10-15 13:00:00,3307.579470298772,2998.12601527839,3404.719834381357
forecast_6902,2025-10-15 14:00:00,3334.3805533280724,2964.2008692242625,3383.942772749092
forecast_6903,2025-10-15 15:00:00,3327.2300301112778,2801.66654510138,3387.2270262030183
forecast_6904,2025-10-15 16:00:00,3232.128228458412,2822.8492605692077,3395.085246138456
forecast_6905,2025-10-15 17:00:00,3371.9198960226263,3118.3146684555613,3409.64431711637
forecast_6906,2025-10-15 18:00:00,3425.8066512813084,3338.5255776493323,3414.610327529195
forecast_6907,2025-10-15 19:00:00,3607.5388858843894,3469.97409485724,3483.4792389483932
forecast_6908,2025-10-15 20:00:00,3912.634518877295,3628.4548791204243,3478.6615098997518
forecast_6909,2025-10-15 21:00:00,3782.0526484746065,3435.8600380445623,3424.197576567084
forecast_6910,2025-10-15 22:00:00,4595.9000267359415,4591.760547783746,3698.2964792044527
forecast_6911,2025-10-15 23:00:00,4533.661710602221,3809.463603379661,3708.7889593699533
forecast_6912,2025-10-16 00:00:00,4314.17436731502,3544.692874883419,3609.2658343561766
forecast_6913,2025-10-16 01:00:00,3942.485063489548,3088.838678869091,3437.317786390276
forecast_6914,2025-10-16 02:00:00,3445.5845497584683,2999.0443150332985,3426.1365627595155
forecast_6915,2025-10-16 03:00:00,3574.7007646572715,3485.812491378105,3488.65944081252
forecast_6916,2025-10-16 04:00:00,3540.297710131814,3455.644832429126,3397.6753598692685
forecast_6917,2025-10-16 05:00:00,3591.3766019420673,3469.9362704598448,3523.979465418448
forecast_6918,2025-10-16 06:00:00,3608.4588550976027,3449.874611390463,3477.742359667025
forecast_6919,2025-10-16 07:00:00,4185.433589904787,4397.476621728815,3455.505839697577
forecast_6920,2025-10-16 08:00:00,4168.912247033227,4668.928928389769,3709.6842691841844
forecast_6921,2025-10-16 09:00:00,4214.614082779877,4591.671788507134,3823.0579447750083
forecast_6922,2025-10-16 10:00:00,4229.145712796699,4662.383083569827,3732.2836993922515
forecast_6923,2025-10-16 11:00:00,3810.9749156939374,4313.170871508932,3609.5841364214475
forecast_6924,2025-10-16 12:00:00,4424.494922543145,4928.361956551632,3822.4090186454546
forecast_6925,2025-10-16 13:00:00,4668.508032284874,5600.831481738437,4295.385743372381
forecast_6926,2025-10-16 14:00:00,4463.596950589204,5304.191632988046,4013.11400285448
forecast_6927,2025-10-16 15:00:00,3985.5511866945553,3765.5131281498484,3833.5205243640376
forecast_6928,2025-10-16 16:00:00,3900.4088213662835,4172.213669638921,3687.8470351724495
forecast_6929,2025-10-16 17:00:00,3918.3603659850132,4256.836162822023,3682.3518704035228
forecast_6930,2025-10-16 18:00:00,4092.2474220581403,4306.8558085176355,3624.5677679935325
forecast_6931,2025-10-16 19:00:00,4273.184415112693,4359.838974436054,3625.733239405493
forecast_6932,2025-10-16 20:00:00,4389.027107452611,4720.191829181609,3495.278822450498
forecast_6933,2025-10-16 21:00:00,4753.551806039985,4691.4378712583175,3448.3963901329134
forecast_6934,2025-10-16 22:00:00,4773.444078193016,4815.487659784834,3490.0402598807837
forecast_6935,2025-10-16 23:00:00,4348.199166385785,4170.043600777058,3602.640923273782
forecast_6936,2025-10-17 00:00:00,4138.929450327612,4046.027806440076,3519.9398829723673
forecast_6937,2025-10-17 01:00:00,4461.074641076605,4534.887651933106,3430.08157591263
forecast_6938,2025-10-17 02:00:00,4118.889845487634,3896.6670961969808,3721.6449635307513
forecast_6939,2025-10-17 03:00:00,4051.484563181427,3777.4296811161826,3686.2477578024236
forecast_6940,2025-10-17 04:00:00,4111.624995331462,3708.1874111509674,3663.053863872965
forecast_6941,2025-10-17 05:00:00,4033.764125576452,3682.4853083753906,3575.040974487918
forecast_6942,2025-10-17 06:00:00,4162.5857006425895,3600.226037492954,3473.7119453834616
forecast_6943,2025-10-17 07:00:00,3562.401595820186,3548.612274591308,3418.0289644750087
forecast_6944,2025-10-17 08:00:00,3487.1735892290467,3299.0682587067568,3409.1284718512156
forecast_6945,2025-10-17 09:00:00,3409.9209727488555,3202.1510154192174,3383.2477433490967
forecast_6946,2025-10-17 10:00:00,3278.1198734285413,2833.8810883598917,3367.1715808870626
forecast_6947,2025-10-17 11:00:00,3182.9156808778466,2675.917748205876,3368.220121757607
forecast_6948,2025-10-17 12:00:00,3180.4930901942967,2651.7648706261434,3368.855799989431
forecast_6949,2025-10-17 13:00:00,3176.9811450322877,2611.115877943557,3370.717870829736
forecast_6950,2025-10-17 14:00:00,3164.760317548934,2647.7297282669488,3369.657067399907
forecast_6951,2025-10-17 15:00:00,3187.598254015164,2674.7546581402003,3370.051539940229
forecast_6952,2025-10-17 16:00:00,3220.3074045795456,2752.824782050352,3392.628034293457
forecast_6953,2025-10-17 17:00:00,3318.5791241076336,3186.2135343811137,3414.8652400341543
forecast_6954,2025-10-17 18:00:00,3488.608587264303,3299.5468162700167,3387.295470062143
forecast_6955,2025-10-17 19:00:00,3561.8277055687468,3611.653608312631,3402.10898310698
forecast_6956,2025-10-17 20:00:00,3621.6428019066157,3766.5377024984555,3426.226780030678
forecast_6957,2025-10-17 21:00:00,3669.5264482504026,3794.840508568177,3450.0175634581647
forecast_6958,2025-10-17 22:00:00,5308.415951932064,3958.6875165975734,3531.8514295834
forecast_6959,2025-10-17 23:00:00,3682.9353530391427,3908.1162111408494,3600.52354664319
forecast_6960,2025-10-18 00:00:00,5308.149619752328,3835.7348095088996,3624.7254345965257
forecast_6961,2025-10-18 01:00:00,3714.579349294475,3725.7452089845656,3581.8538284526144
forecast_6962,2025-10-18 02:00:00,5985.013945645784,5739.300232613781,3646.6742009961345
forecast_6963,2025-10-18 03:00:00,5217.870240508475,4991.758797271571,3540.1485914432074
forecast_6964,2025-10-18 04:00:00,5285.259039382773,5562.930950869116,3679.5506473570026
forecast_6965,2025-10-18 05:00:00,3677.5245737475743,3815.7918638475594,3552.8075165250966
forecast_6966,2025-10-18 06:00:00,3346.4620433846762,3149.7108089377575,3421.7370349484736
forecast_6967,2025-10-18 07:00:00,3343.171428645109,3139.8509664996336,3423.4768790654157
forecast_6968,2025-10-18 08:00:00,3318.867610619247,3085.6300944367954,3418.7269395080993
forecast_6969,2025-10-18 09:00:00,3343.4286776193185,3068.392521061056,3402.5711932874447
forecast_6970,2025-10-18 10:00:00,3318.157043994191,3035.3862468812295,3393.4471304247213
forecast_6971,2025-10-18 11:00:00,3344.316593622704,3153.6718920326666,3400.2314661442747
forecast_6972,2025-10-18 12:00:00,3406.9340799736356,3223.5349018410184,3414.470493529639
forecast_6973,2025-10-18 13:00:00,3529.712049189063,3527.1237468516942,3446.147054853302
forecast_6974,2025-10-18 14:00:00,3577.856606521495,3522.682813887714,3389.8473042866744
forecast_6975,2025-10-18 15:00:00,3796.5521941283414,4180.534345519749,3552.820780041355
forecast_6976,2025-10-18 16:00:00,4060.2870490621963,4528.708499574602,3644.334333128589
forecast_6977,2025-10-18 17:00:00,3729.6040085966974,3850.0617841266526,3517.6620953373013
forecast_6978,2025-10-18 18:00:00,3536.8390486474377,3665.134731507385,3463.643433203105
forecast_6979,2025-10-18 19:00:00,3602.469141831732,3671.256206858253,3405.5230525733996
forecast_6980,2025-10-18 20:00:00,3512.119105447609,3570.186681705708,3404.2638933521143
forecast_6981,2025-10-18 21:00:00,3460.064872988463,3463.046258383381,3397.590887728116
forecast_6982,2025-10-18 22:00:00,3318.704627943468,3132.3213183818225,3381.093015848039
forecast_6983,2025-10-18 23:00:00,3262.8653496285133,2941.1101554004226,3384.068990632213
forecast_6984,2025-10-19 00:00:00,3249.3618328513053,2857.025797652432,3384.5125936517147
forecast_6985,2025-10-19 01:00:00,3211.1484702414036,2805.0169787122322,3369.7608157465156
forecast_6986,2025-10-19 02:00:00,3188.56371179228,2732.6341638815397,3375.6440137450613
forecast_6987,2025-10-19 03:00:00,3157.907769216909,2622.0372081536334,3363.9895338808715
forecast_6988,2025-10-19 04:00:00,3158.2972435182055,2569.0151828665967,3363.456180960523
forecast_6989,2025-10-19 05:00:00,3161.807768724041,2600.7609773274526,3362.530822422538
forecast_6990,2025-10-19 06:00:00,3157.1173405919385,2592.993360105468,3362.910194187979
forecast_6991,2025-10-19 07:00:00,3160.7553213063275,2626.6899231702428,3362.4109792754093
forecast_6992,2025-10-19 08:00:00,3196.969123191692,2694.5649699305945,3364.397599960977
forecast_6993,2025-10-19 09:00:00,3270.0235711343566,2988.28144342025,3369.660435156019
forecast_6994,2025-10-19 10:00:00,3270.4527010099396,2868.1904576499096,3369.5079401420357
forecast_6995,2025-10-19 11:00:00,3270.846853777889,2877.951160496054,3375.2838730527874
forecast_6996,2025-10-19 12:00:00,3335.364281762565,2975.4478098807785,3402.309858414855
forecast_6997,2025-10-19 13:00:00,3533.375202761199,3638.6095961766678,3664.072626969892
forecast_6998,2025-10-19 14:00:00,4723.096858798924,3946.126693206153,3711.775963431127
forecast_6999,2025-10-19 15:00:00,5219.698311881814,4667.1505776214935,3769.629041140607
forecast_7000,2025-10-19 16:00:00,6421.535313782113,6434.978642531784,4463.25124158723
forecast_7001,2025-10-19 17:00:00,7845.739831259083,7065.465662726046,4674.965687023429
forecast_7002,2025-10-19 18:00:00,7174.77089219496,7281.70470780691,4875.82021328312
forecast_7003,2025-10-19 19:00:00,7278.4794922646,7986.710330907812,5429.737065984252
forecast_7004,2025-10-19 20:00:00,7052.733084597128,7253.459690970455,5482.461234675248
forecast_7005,2025-10-19 21:00:00,3749.27721602057,4064.325281694609,3696.4415168093174
forecast_7006,2025-10-19 22:00:00,5418.648409520379,3983.3758359027856,3669.7026035994754
forecast_7007,2025-10-19 23:00:00,3630.2198547401736,3788.6574861603904,3618.005336425446
forecast_7008,2025-10-20 00:00:00,3474.128184318093,3513.4208738222355,3528.7602006077495
forecast_7009,2025-10-20 01:00:00,3205.3366380834327,2735.1898769674144,3375.613735041226
forecast_7010,2025-10-20 02:00:00,3214.4396912390785,2733.7377435285885,3371.937905714199
forecast_7011,2025-10-20 03:00:00,3222.674588294402,2819.7279070206905,3414.5792109683384
forecast_7012,2025-10-20 04:00:00,3250.066698600891,2885.950625955457,3402.9112617269975
forecast_7013,2025-10-20 05:00:00,3289.206284271924,2987.584384647645,3422.8744794993904
forecast_7014,2025-10-20 06:00:00,3311.58237857746,3109.2551836582024,3526.164430485031
forecast_7015,2025-10-20 07:00:00,3406.2148861521364,3076.152069972297,3490.8402476328984
forecast_7016,2025-10-20 08:00:00,3369.367389111189,3110.3403433839194,3641.437834151214
forecast_7017,2025-10-20 09:00:00,3526.7928883817335,3499.747718586454,3565.560078530962
forecast_7018,2025-10-20 10:00:00,3490.053499563878,3558.387181875792,3489.738665368068
forecast_7019,2025-10-20 11:00:00,3488.8316269222582,3600.1367455960913,3298.767825682614
forecast_7020,2025-10-20 12:00:00,3521.951142554117,3547.1778657059663,3339.83945692727
forecast_7021,2025-10-20 13:00:00,3508.0988240689358,3597.6968899515045,3642.0667922360626
forecast_7022,2025-10-20 14:00:00,3393.291417301247,3216.35113462881,3445.2652814234866
forecast_7023,2025-10-20 15:00:00,3253.3956693600335,3005.9039376667,3378.0535427713953
forecast_7024,2025-10-20 16:00:00,3212.387524146899,2914.735453482778,3369.7707471233643
forecast_7025,2025-10-20 17:00:00,3177.0242867901775,2776.426342411009,3364.812822578097
forecast_7026,2025-10-20 18:00:00,3158.5279924204783,2697.606279707505,3362.65204208069
forecast_7027,2025-10-20 19:00:00,3148.841565376024,2611.7272271883417,3362.6996097174774
forecast_7028,2025-10-20 20:00:00,3143.506822389242,2594.287384373004,3362.0752829002818
forecast_7029,2025-10-20 21:00:00,3146.6997048852695,2597.98310561547,3362.4970252665407
forecast_7030,2025-10-20 22:00:00,3140.4432983590928,2549.227379704926,3365.375915853149
forecast_7031,2025-10-20 23:00:00,3150.232824998528,2539.157742310113,3367.984868417266
forecast_7032,2025-10-21 00:00:00,3206.651114648939,2699.8396591610785,3367.2814675587933
forecast_7033,2025-10-21 01:00:00,3383.492392967854,3168.7018777479225,3405.6741699021595
forecast_7034,2025-10-21 02:00:00,3435.4186419916728,3194.519068720729,3404.1433462144146
forecast_7035,2025-10-21 03:00:00,3431.1973483158245,3283.8078579611924,3394.958955431084
forecast_7036,2025-10-21 04:00:00,3400.841468455833,3310.244278356125,3395.139954713631
forecast_7037,2025-10-21 05:00:00,3325.4583152958567,2986.2514404840754,3406.4345656706523
forecast_7038,2025-10-21 06:00:00,3234.51594087247,2747.2404077113665,3370.439452687792
forecast_7039,2025-10-21 07:00:00,3221.700464225239,2665.7862328245674,3365.8579619630214
forecast_7040,2025-10-21 08:00:00,3168.1959066208115,2601.9828035655983,3367.1360807750575
forecast_7041,2025-10-21 09:00:00,3153.904356823551,2551.421783482697,3364.0070413585495
forecast_7042,2025-10-21 10:00:00,3130.4835233435692,2528.686248934716,3362.820735404354
forecast_7043,2025-10-21 11:00:00,3126.496636022601,2528.207388846991,3362.5938930700745
forecast_7044,2025-10-21 12:00:00,3124.5105591821584,2527.65326650659,3364.76006118201
forecast_7045,2025-10-21 13:00:00,3124.833909375401,2527.521173213679,3365.2900181283003
forecast_7046,2025-10-21 14:00:00,3124.9818638375386,2529.0659870099107,3364.936141800624
forecast_7047,2025-10-21 15:00:00,3127.28274181448,2530.506920722919,3365.732950753512
forecast_7048,2025-10-21 16:00:00,3129.158536824218,2550.0528944713105,3365.601388485761
forecast_7049,2025-10-21 17:00:00,3129.715809123645,2551.458021690198,3362.2801467766058
forecast_7050,2025-10-21 18:00:00,3137.2237995944297,2536.9589124332647,3363.8887245794435
forecast_7051,2025-10-21 19:00:00,3149.082956417626,2545.6579152624095,3370.916310049389
forecast_7052,2025-10-21 20:00:00,3188.803158794928,2570.630534557401,3377.650844434455
forecast_7053,2025-10-21 21:00:00,3201.3873690841056,2615.8226122387046,3373.2007602156973
forecast_7054,2025-10-21 22:00:00,3212.761728928562,2633.586881431156,3364.8550908963525
forecast_7055,2025-10-21 23:00:00,3193.7270260755413,2641.3633133556186,3364.62103084289
forecast_7056,2025-10-22 00:00:00,3215.8605479524585,2687.225065789742,3362.5866043781843
forecast_7057,2025-10-22 01:00:00,3169.5195267318527,2568.91677440576,3366.1023185557374
forecast_7058,2025-10-22 02:00:00,3186.4406659975507,2625.769972522224,3371.2103160743427
forecast_7059,2025-10-22 03:00:00,3220.4396287518284,2624.024429592046,3373.2010569730214
forecast_7060,2025-10-22 04:00:00,3243.9660190307545,2682.0295021694237,3376.9718389184472
forecast_7061,2025-10-22 05:00:00,3195.6774024556303,2742.8643612254928,3377.490835279775
forecast_7062,2025-10-22 06:00:00,3205.9307984103602,2728.5113367353015,3385.4364060450916
forecast_7063,2025-10-22 07:00:00,3333.0217875696517,2958.065553835189,3404.847114583225
forecast_7064,2025-10-22 08:00:00,3446.433031555102,3522.4629507498985,3415.9966286345357
forecast_7065,2025-10-22 09:00:00,3531.4951044687054,3438.187796594592,3563.0865587740273
forecast_7066,2025-10-22 10:00:00,3312.6874141203243,3099.873028467477,3451.9870902277526
forecast_7067,2025-10-22 11:00:00,3360.683175721973,3191.6017846151067,3451.728114205496
forecast_7068,2025-10-22 12:00:00,3285.0837669959797,2907.199569952326,3461.69364107519
forecast_7069,2025-10-22 13:00:00,3181.9241047053415,2737.1898732576205,3375.456677641099
forecast_7070,2025-10-22 14:00:00,3171.1071270519255,2701.8989758111315,3367.145572192541
forecast_7071,2025-10-22 15:00:00,3174.117968317923,2687.2194153065057,3367.3565303274295
forecast_7072,2025-10-22 16:00:00,3219.1016722925206,2916.195655515787,3365.663825948609
forecast_7073,2025-10-22 17:00:00,3226.1633840417685,2896.9828746043854,3366.1384439532567
forecast_7074,2025-10-22 18:00:00,3205.0390296292803,2771.1239174137063,3365.851328700372
forecast_7075,2025-10-22 19:00:00,3273.803795045305,2849.4949275422,3365.4694527670617
forecast_7076,2025-10-22 20:00:00,3324.7353074755415,2897.8307132032987,3365.0198662075964
forecast_7077,2025-10-22 21:00:00,3400.9417120115318,2929.7732354823265,3364.0456036045553
forecast_7078,2025-10-22 22:00:00,3399.1555776095443,2868.0836286722647,3366.8570879214494
forecast_7079,2025-10-22 23:00:00,3365.3674198682743,2861.0956500305247,3365.4718217157224
forecast_7080,2025-10-23 00:00:00,3274.874884158879,2759.3518234070852,3365.079475837905
forecast_7081,2025-10-23 01:00:00,3197.231234242745,2694.663818457509,3362.847166227876
forecast_7082,2025-10-23 02:00:00,3165.1526606529696,2644.0003355652375,3364.575880014668
forecast_7083,2025-10-23 03:00:00,3164.963513850736,2623.5863964104415,3369.2323183888825
forecast_7084,2025-10-23 04:00:00,3175.875463057844,2583.1269630891793,3365.53563376262
forecast_7085,2025-10-23 05:00:00,3160.13267660422,2585.9559596787,3366.46332768114
forecast_7086,2025-10-23 06:00:00,3146.2593617230373,2583.062939144536,3364.3074417631183
forecast_7087,2025-10-23 07:00:00,3150.102972352625,2578.474284822035,3364.5116215668113
forecast_7088,2025-10-23 08:00:00,3147.5594469994307,2574.3491336886273,3362.8815474975318
forecast_7089,2025-10-23 09:00:00,3137.594253346512,2565.0014195146096,3361.525635687679
forecast_7090,2025-10-23 10:00:00,3123.60950819368,2526.7867457677107,3360.900680742115
forecast_7091,2025-10-23 11:00:00,3127.9514929755674,2539.8119502924205,3361.6258553911225
forecast_7092,2025-10-23 12:00:00,3126.5472586797114,2534.1909978297836,3361.2889761018982
forecast_7093,2025-10-23 13:00:00,3125.249283622128,2531.815859404635,3362.1149520957947
forecast_7094,2025-10-23 14:00:00,3139.5213811284907,2549.0288520879476,3364.1521227012067
forecast_7095,2025-10-23 15:00:00,3135.7237866130376,2545.6630631866265,3364.9727695257334
forecast_7096,2025-10-23 16:00:00,3142.321865868796,2554.4817262613797,3364.623104973102
forecast_7097,2025-10-23 17:00:00,3131.4743961531826,2544.920571480858,3363.782823375704
forecast_7098,2025-10-23 18:00:00,3127.7219803310277,2535.7716633056134,3363.5984379599754
forecast_7099,2025-10-23 19:00:00,3128.482030457424,2538.193777308878,3363.071524184763
forecast_7100,2025-10-23 20:00:00,3153.757755542637,2552.057351271148,3363.01254323168
forecast_7101,2025-10-23 21:00:00,3150.514645595382,2566.526855323118,3363.533441093594
forecast_7102,2025-10-23 22:00:00,3164.3350769267518,2554.0530137222427,3371.387924127435
forecast_7103,2025-10-23 23:00:00,3195.392923688297,2563.253823646167,3374.43222945793
forecast_7104,2025-10-24 00:00:00,3202.9184721390125,2604.373407836532,3379.8150830772947
forecast_7105,2025-10-24 01:00:00,3190.7092199330505,2624.7441172696977,3386.2335259588
forecast_7106,2025-10-24 02:00:00,3236.7126350626036,2707.1881558822543,3384.4829110228306
forecast_7107,2025-10-24 03:00:00,3237.562990765253,2681.5721984357215,3435.935767411819
forecast_7108,2025-10-24 04:00:00,3318.544408392119,2914.957017553203,3395.971399330241
forecast_7109,2025-10-24 05:00:00,3358.464142738506,3196.526337132339,3450.4513745457016
forecast_7110,2025-10-24 06:00:00,3779.4972242309277,4098.535903014702,3595.594499587194
forecast_7111,2025-10-24 07:00:00,3558.874944961695,3822.3429796279097,3455.3223816444215
forecast_7112,2025-10-24 08:00:00,3483.9303424251525,3639.264339117889,3481.9342063498125
forecast_7113,2025-10-24 09:00:00,3339.368350776843,3299.409612170146,3384.89672214702
forecast_7114,2025-10-24 10:00:00,3308.1993648195375,3027.7078478397093,3439.311219969596
forecast_7115,2025-10-24 11:00:00,3420.9006056142207,3413.2661586155023,3403.8742612413703
forecast_7116,2025-10-24 12:00:00,3513.5105211324963,3293.210156249242,3394.2281861926845
forecast_7117,2025-10-24 13:00:00,3379.241657005284,3201.678638173855,3434.434677721644
forecast_7118,2025-10-24 14:00:00,3455.6745908277835,3332.7651976569464,3397.1314221944804
forecast_7119,2025-10-24 15:00:00,3535.4638492470826,3437.734026181576,3510.69613360298
forecast_7120,2025-10-24 16:00:00,3633.834008381336,3560.6851714129607,3416.456567545285
forecast_7121,2025-10-24 17:00:00,3496.4301189208004,3454.7523203401324,3431.2455134231363
forecast_7122,2025-10-24 18:00:00,3706.210639592425,3408.2245866187423,3441.732741544693
forecast_7123,2025-10-24 19:00:00,3921.800772728829,3515.2272754881137,3392.8777762485606
forecast_7124,2025-10-24 20:00:00,3922.726924823004,3511.880802996588,3392.121114286095
forecast_7125,2025-10-24 21:00:00,3949.8640236161,3565.8875579067626,3423.7025339041966
forecast_7126,2025-10-24 22:00:00,4116.121899566344,3626.510205885195,3414.517954351458
forecast_7127,2025-10-24 23:00:00,4057.981475683726,3521.1871433705915,3396.818066520292
forecast_7128,2025-10-25 00:00:00,3524.974286396383,3382.562794988927,3379.50594286286
forecast_7129,2025-10-25 01:00:00,3573.4973124368134,3439.2512836058945,3385.5269443600005
forecast_7130,2025-10-25 02:00:00,3604.709813586192,3409.7914678652473,3382.784739807289
forecast_7131,2025-10-25 03:00:00,3571.096952226247,3370.061668256171,3394.3298467492473
forecast_7132,2025-10-25 04:00:00,3575.602153433371,3366.6019715787784,3396.3110688727784
forecast_7133,2025-10-25 05:00:00,3559.6288774615423,3385.536311974536,3423.7980822314935
forecast_7134,2025-10-25 06:00:00,3545.581050269788,3422.5620446001763,3429.1745321734743
forecast_7135,2025-10-25 07:00:00,3486.1919045234713,3504.2214186582523,3407.6228359293696
forecast_7136,2025-10-25 08:00:00,3489.930623273509,3405.3033344400296,3397.5884015750703
forecast_7137,2025-10-25 09:00:00,3419.9254913002596,3326.326038035704,3382.8048706853033
forecast_7138,2025-10-25 10:00:00,3232.3058090327045,2801.236229023717,3395.1180803957163
forecast_7139,2025-10-25 11:00:00,3178.932876390929,2689.422025447006,3385.11279937086
forecast_7140,2025-10-25 12:00:00,3204.676832651394,2707.202698576548,3374.0193130717616
forecast_7141,2025-10-25 13:00:00,3221.384499874612,2788.7841542831784,3372.1535089970876
forecast_7142,2025-10-25 14:00:00,3164.4113075018304,2588.5432587304476,3370.652105463643
forecast_7143,2025-10-25 15:00:00,3154.2385654633495,2608.1333580303294,3368.1716221553743
forecast_7144,2025-10-25 16:00:00,3184.4796452594774,2707.3444961812406,3372.9097440745136
forecast_7145,2025-10-25 17:00:00,3194.7840719114247,2742.151093159848,3379.4274019865943
forecast_7146,2025-10-25 18:00:00,3233.353617475642,2886.5101274965627,3380.6826748314375
forecast_7147,2025-10-25 19:00:00,3350.953584665699,3196.026874914594,3400.516663864732
forecast_7148,2025-10-25 20:00:00,3358.1348976208615,3147.566807350954,3402.494021892323
forecast_7149,2025-10-25 21:00:00,3351.113828022296,3058.954908876096,3388.0875775352088
forecast_7150,2025-10-25 22:00:00,3427.6888934077415,3078.908442011347,3450.888373811815
forecast_7151,2025-10-25 23:00:00,3441.8477883724595,3226.8726502534646,3478.8686105186625
forecast_7152,2025-10-26 00:00:00,3520.959621601645,3369.298917646884,3583.401199282244
forecast_7153,2025-10-26 01:00:00,3448.1418894148596,3057.904505053494,3408.7777923213484
forecast_7154,2025-10-26 02:00:00,3364.6771682521503,3077.463007728539,3421.1715670486847
forecast_7155,2025-10-26 03:00:00,3345.227091665003,3064.771254587127,3394.7707586717383
forecast_7156,2025-10-26 04:00:00,3509.5992779141843,3223.053648944787,3396.4925158344663
forecast_7157,2025-10-26 05:00:00,3504.1402145799784,3337.406015225616,3432.5685934486064
forecast_7158,2025-10-26 06:00:00,3406.5275526296487,3157.0513241750277,3450.5374319330413
forecast_7159,2025-10-26 07:00:00,3410.323529950164,3186.5022459041948,3432.9972345331153
forecast_7160,2025-10-26 08:00:00,3583.077389532708,3595.726937036782,3569.0115933918582
forecast_7161,2025-10-26 09:00:00,3551.2794201418933,3742.126081498902,3533.2246155037524
forecast_7162,2025-10-26 10:00:00,3529.3421572762977,3279.2515190263684,3489.349260569464
forecast_7163,2025-10-26 11:00:00,3309.6491269602557,3144.07785220824,3422.021974741241
forecast_7164,2025-10-26 12:00:00,3399.6577082969293,3163.953881220545,3464.0192535990864
forecast_7165,2025-10-26 13:00:00,3482.376189584853,3418.823281130935,3454.3920085794734
forecast_7166,2025-10-26 14:00:00,3696.364347652596,3764.3059512327345,3550.9766639075474
forecast_7167,2025-10-26 15:00:00,4761.395441857023,4111.250670210856,3654.571834320081
forecast_7168,2025-10-26 16:00:00,5094.379808060171,4482.346943563649,3453.8147541953253
forecast_7169,2025-10-26 17:00:00,5321.638774879313,5230.3079368504705,3805.6440786991298
forecast_7170,2025-10-26 18:00:00,6833.060420917077,7291.671212011229,5605.6317577942045
forecast_7171,2025-10-26 19:00:00,8011.500047656317,8517.648619268322,6782.036556959102
forecast_7172,2025-10-26 20:00:00,9978.539578340042,11507.421392417576,8991.177418791372
forecast_7173,2025-10-26 21:00:00,11243.275369172447,13521.150998609732,9956.813496741954
forecast_7174,2025-10-26 22:00:00,12786.04958511405,14310.692397318839,12221.303442443399
forecast_7175,2025-10-26 23:00:00,14214.121732312595,15077.522078636708,13182.752483135018
forecast_7176,2025-10-27 00:00:00,15719.072953590676,16036.520328611037,13217.060820163777
forecast_7177,2025-10-27 01:00:00,16868.25172549977,17285.273613328183,14504.485195043124
forecast_7178,2025-10-27 02:00:00,16374.045234466348,17101.842729016924,13382.110828507051
forecast_7179,2025-10-27 03:00:00,17535.351484989947,17654.92475818864,14921.054784341035
forecast_7180,2025-10-27 04:00:00,17577.902944513586,17903.24457848187,14981.078163641867
forecast_7181,2025-10-27 05:00:00,16957.13003079712,18171.188569030575,13241.391394282231
forecast_7182,2025-10-27 06:00:00,15434.5605560664,16281.542482201161,12154.007347079381
forecast_7183,2025-10-27 07:00:00,14970.655930799585,15619.09967079116,11573.435638584213
forecast_7184,2025-10-27 08:00:00,14965.489139243293,16366.889099512851,11103.328505713369
forecast_7185,2025-10-27 09:00:00,13656.565617526707,15073.874605194529,9476.590600789486
forecast_7186,2025-10-27 10:00:00,12696.982933697742,13374.72357325566,9095.26860238337
forecast_7187,2025-10-27 11:00:00,12242.224910713283,13070.991281176084,9147.238780291585
forecast_7188,2025-10-27 12:00:00,13074.291674421986,12919.399565060168,9626.800595892602
forecast_7189,2025-10-27 13:00:00,13096.736986295853,12610.88300136803,9466.107121494571
forecast_7190,2025-10-27 14:00:00,13665.408166360361,13299.808948963127,9559.85304411216
forecast_7191,2025-10-27 15:00:00,13722.249026017704,13515.817463836063,9790.152904186834
forecast_7192,2025-10-27 16:00:00,13584.338479610882,13466.408616641433,9737.047836846417
forecast_7193,2025-10-27 17:00:00,14123.173266163893,14312.1543237812,11681.909901635525
forecast_7194,2025-10-27 18:00:00,13828.708946191884,13880.033432615472,10192.66085695332
forecast_7195,2025-10-27 19:00:00,13421.45908029798,13665.420233560737,10180.676766918128
forecast_7196,2025-10-27 20:00:00,13438.478163900914,13399.657586336769,9535.75460655246
forecast_7197,2025-10-27 21:00:00,13116.939439656426,13119.707253623037,9557.891145942589
forecast_7198,2025-10-27 22:00:00,13048.576585004206,13709.854723556185,9644.605657438506
forecast_7199,2025-10-27 23:00:00,11556.09317971516,13282.834975048818,10323.620729303067
forecast_7200,2025-10-28 00:00:00,10643.845608082356,12735.080694383312,8834.38583970161
forecast_7201,2025-10-28 01:00:00,11951.569792808772,13795.419177214797,10645.831162903358
forecast_7202,2025-10-28 02:00:00,12587.701032213052,14981.4024589628,11230.742990910403
forecast_7203,2025-10-28 03:00:00,13330.91999800078,15351.654192071102,9871.701770927119
forecast_7204,2025-10-28 04:00:00,12693.715505889902,14602.517316095153,9628.519650088767
forecast_7205,2025-10-28 05:00:00,11379.41369623746,13664.896564754108,9291.59366586857
forecast_7206,2025-10-28 06:00:00,10533.320239634379,12042.895452277442,8437.354579232788
forecast_7207,2025-10-28 07:00:00,9844.648428860144,11121.566321578786,6203.506702002313
forecast_7208,2025-10-28 08:00:00,9380.387052566806,10628.991333078136,5852.371782487964
forecast_7209,2025-10-28 09:00:00,8092.849616616688,8795.057573267648,3774.470137044437
forecast_7210,2025-10-28 10:00:00,6028.259918767606,5445.550553085512,4192.55270720429
forecast_7211,2025-10-28 11:00:00,3689.993413488747,3666.086703419485,3611.8324591412484
forecast_7212,2025-10-28 12:00:00,4539.324620049837,3678.403973001471,3691.3597785925604
forecast_7213,2025-10-28 13:00:00,4501.513088780969,3752.0000238292478,3076.0373164295697
forecast_7214,2025-10-28 14:00:00,4432.721987815209,3734.9181739357746,2920.7545015677288
forecast_7215,2025-10-28 15:00:00,4159.357295152378,3752.359310334455,2995.612722615453
forecast_7216,2025-10-28 16:00:00,4208.700132778349,3719.2204496629183,3207.863714931288
forecast_7217,2025-10-28 17:00:00,3723.122558310216,3766.4284746846097,3734.369909297103
forecast_7218,2025-10-28 18:00:00,6950.922769486038,6505.497453773385,5409.3571054087115
forecast_7219,2025-10-28 19:00:00,7808.518415714033,8092.1613164187,5642.708650817887
forecast_7220,2025-10-28 20:00:00,8515.266110526603,9009.085649658991,5575.726850298073
forecast_7221,2025-10-28 21:00:00,8771.577684878088,9614.995167444642,5521.215953362854
forecast_7222,2025-10-28 22:00:00,9053.494164780806,9155.131908027699,5599.506123035719
forecast_7223,2025-10-28 23:00:00,8566.507705995471,8559.657683543675,5293.21926123713
forecast_7224,2025-10-29 00:00:00,7909.895006270004,8130.338439944377,5015.404160647178
forecast_7225,2025-10-29 01:00:00,6784.954089227694,5855.027554778188,3877.889203627698
forecast_7226,2025-10-29 02:00:00,5759.515271301831,4904.41652643766,3758.6418918011445
forecast_7227,2025-10-29 03:00:00,5519.352001825909,3894.0641980039277,3732.9992121124196
forecast_7228,2025-10-29 04:00:00,5544.156669264046,4534.216950814354,3683.3771023985746
forecast_7229,2025-10-29 05:00:00,5339.277978379743,4436.739499494238,3745.057742278104
forecast_7230,2025-10-29 06:00:00,3666.819188200438,3529.3615818695407,3713.9091333937763
forecast_7231,2025-10-29 07:00:00,3474.666045839679,3335.8718586924533,3467.6456625931437
forecast_7232,2025-10-29 08:00:00,3431.799741067365,3199.61591706064,3399.6567114179898
forecast_7233,2025-10-29 09:00:00,3257.2873594573325,2840.181508934061,3381.007409984819
forecast_7234,2025-10-29 10:00:00,3132.6631077016527,2539.9695879130322,3365.4435435777577
forecast_7235,2025-10-29 11:00:00,3130.2762877058954,2539.0410072211384,3365.04581043096
forecast_7236,2025-10-29 12:00:00,3136.174076178137,2559.5802063702295,3363.8542562670646
forecast_7237,2025-10-29 13:00:00,3126.3547726084876,2535.225494391668,3362.4719236660644
forecast_7238,2025-10-29 14:00:00,3128.077537187827,2546.1693310418254,3361.5151324798057
forecast_7239,2025-10-29 15:00:00,3128.9090393604306,2555.571648434181,3361.0816109799594
forecast_7240,2025-10-29 16:00:00,3132.5085800290162,2565.6281948164624,3361.006563713584
forecast_7241,2025-10-29 17:00:00,3136.3666844540676,2551.361986342668,3363.9403093176893
forecast_7242,2025-10-29 18:00:00,3201.4496801323476,2653.560963933978,3368.9227602782935
forecast_7243,2025-10-29 19:00:00,3387.9157983017362,3009.4163067271597,3373.7245966143996
forecast_7244,2025-10-29 20:00:00,3459.0859311360527,3212.5762738532962,3404.1162454304754
forecast_7245,2025-10-29 21:00:00,3760.7034172675553,4204.0702031164965,3545.3816157491406
forecast_7246,2025-10-29 22:00:00,5529.290392375502,5595.100232587822,3744.242923803902
forecast_7247,2025-10-29 23:00:00,6459.7710355582585,5753.248638494872,4040.3265729207596
forecast_7248,2025-10-30 00:00:00,8413.119301741292,7493.189674323312,5157.069126354504
forecast_7249,2025-10-30 01:00:00,8580.676420944914,8078.161273636858,5201.213324967391
forecast_7250,2025-10-30 02:00:00,10146.529289686912,9683.894405988744,6142.548879766168
forecast_7251,2025-10-30 03:00:00,12487.37459085822,12350.823222366225,7439.788911943364
forecast_7252,2025-10-30 04:00:00,13361.946916464263,13201.780511619683,7717.77635757757
forecast_7253,2025-10-30 05:00:00,13973.459857863529,13530.714167821405,8089.849983751068
forecast_7254,2025-10-30 06:00:00,14461.209037956001,13929.499713388495,8790.082914716486
forecast_7255,2025-10-30 07:00:00,10504.992529579167,9982.773511630821,6245.58556021648
forecast_7256,2025-10-30 08:00:00,8152.397804628968,8664.451220698182,5143.955603951995
forecast_7257,2025-10-30 09:00:00,6881.5863470562945,6927.638609007544,3759.814540501027
forecast_7258,2025-10-30 10:00:00,3553.1636114277076,3640.170353808236,3575.44926815178
forecast_7259,2025-10-30 11:00:00,3415.390682597213,3227.144568888789,3490.956675767312
forecast_7260,2025-10-30 12:00:00,3248.046787935259,2917.953559005202,3413.735353195629
forecast_7261,2025-10-30 13:00:00,3219.354781616625,2844.981141591923,3389.3321650937096
forecast_7262,2025-10-30 14:00:00,3267.543502411286,2880.724858290038,3410.1971515529845
forecast_7263,2025-10-30 15:00:00,3230.7872022171073,2742.7219355263296,3404.869019036352
forecast_7264,2025-10-30 16:00:00,3460.343278035465,2960.0447245773435,3412.0082788254404
forecast_7265,2025-10-30 17:00:00,3599.284285243359,3406.9345732310035,3451.5484825843596
forecast_7266,2025-10-30 18:00:00,3653.4045272856474,3588.6500013975665,3509.852966146224
forecast_7267,2025-10-30 19:00:00,3699.3703806403946,3663.7747714132097,3698.9163585409974
forecast_7268,2025-10-30 20:00:00,3648.2530979294233,3543.1932052086268,3633.53902828072
forecast_7269,2025-10-30 21:00:00,4897.266047924532,3422.424930442112,3742.968135161448
forecast_7270,2025-10-30 22:00:00,3346.8639149218793,3122.289264682334,3463.1151839717363
forecast_7271,2025-10-30 23:00:00,3336.7130586074754,3083.2996857871435,3461.835046553495
forecast_7272,2025-10-31 00:00:00,3350.060761241423,2938.06193892352,3395.2581034545087
forecast_7273,2025-10-31 01:00:00,3232.827963726115,2676.5456148538183,3372.0447336850957
forecast_7274,2025-10-31 02:00:00,3174.048229308108,2617.8280381012687,3368.2666764194155
forecast_7275,2025-10-31 03:00:00,3141.6226666827115,2556.282380564582,3369.3674820032174
forecast_7276,2025-10-31 04:00:00,3139.494693714287,2564.9189019564674,3368.9186281172083
forecast_7277,2025-10-31 05:00:00,3140.5325177850264,2581.1918822700445,3363.3353887040307
forecast_7278,2025-10-31 06:00:00,3138.5343975730143,2592.594610181156,3366.054841952811
forecast_7279,2025-10-31 07:00:00,3126.781783829093,2540.0884552382076,3362.8516990673957
forecast_7280,2025-10-31 08:00:00,3134.2173432022214,2576.211332123885,3363.7341411746615
forecast_7281,2025-10-31 09:00:00,3144.091051670504,2607.4990646565207,3364.3372120895187
forecast_7282,2025-10-31 10:00:00,3132.2039682925433,2565.8501299554696,3366.7756472411124
forecast_7283,2025-10-31 11:00:00,3131.9871938749043,2555.9342606957393,3362.8813018175656
forecast_7284,2025-10-31 12:00:00,3139.3348489631444,2567.7589085478035,3361.6818769767992
forecast_7285,2025-10-31 13:00:00,3129.0611558507403,2538.311412103247,3360.659143055546
forecast_7286,2025-10-31 14:00:00,3135.1366590273124,2562.5567806227677,3361.1386348526016
forecast_7287,2025-10-31 15:00:00,3136.642252798042,2565.6104067935257,3361.8197958940286
forecast_7288,2025-10-31 16:00:00,3149.7025250561705,2571.678362603028,3365.1271248328135
forecast_7289,2025-10-31 17:00:00,3188.1722149365437,2658.4392520565257,3370.79987187839
forecast_7290,2025-10-31 18:00:00,3300.3255483602106,3038.4441413385803,3433.692794151707
forecast_7291,2025-10-31 19:00:00,3529.340801246743,3652.7386104241154,3648.8388023967186
forecast_7292,2025-10-31 20:00:00,4056.564427420715,5482.737215533036,4042.1674187488147
forecast_7293,2025-10-31 21:00:00,8400.869223634472,8067.688902538147,4586.815093417481
forecast_7294,2025-10-31 22:00:00,10419.417137859295,10395.070088985569,5783.412844681498
forecast_7295,2025-10-31 23:00:00,11631.451672061667,12018.001336836931,6252.621814219884
forecast_7296,2025-11-01 00:00:00,12303.022582436928,12725.20199451259,6704.233892434238
forecast_7297,2025-11-01 01:00:00,12139.669340621189,13203.729900753087,7679.783813084065
forecast_7298,2025-11-01 02:00:00,11737.729247494455,13120.304349912163,8279.447355955263
forecast_7299,2025-11-01 03:00:00,11294.791722710266,13059.674265643314,9130.198015846323
forecast_7300,2025-11-01 04:00:00,13283.964328329508,15007.493715107716,10654.765672067628
forecast_7301,2025-11-01 05:00:00,13496.549890968638,14515.147645672158,10352.704425105749
forecast_7302,2025-11-01 06:00:00,14028.049308045205,14626.53625311024,11690.817521703708
forecast_7303,2025-11-01 07:00:00,13765.908634885274,14565.980704263864,10688.860080556438
forecast_7304,2025-11-01 08:00:00,13784.475413748822,14819.195697418974,10743.596247687014
forecast_7305,2025-11-01 09:00:00,14008.963663015003,15212.56397882051,10787.98761201722
forecast_7306,2025-11-01 10:00:00,13646.705864483118,14247.040746736136,9915.03632000555
forecast_7307,2025-11-01 11:00:00,13411.127337709895,12964.145068518581,9339.468142454814
forecast_7308,2025-11-01 12:00:00,13339.356047272437,12563.461056121816,9105.730139578096
forecast_7309,2025-11-01 13:00:00,13298.062545545086,12507.32903017583,9127.437546394174
forecast_7310,2025-11-01 14:00:00,13348.066722626916,12586.48732888708,9040.165007418747
forecast_7311,2025-11-01 15:00:00,13145.649035272469,12383.527107336728,9023.255158021488
forecast_7312,2025-11-01 16:00:00,13130.801508774886,12807.35959583427,9126.819194350233
forecast_7313,2025-11-01 17:00:00,13502.32955678852,13786.027853953266,10705.512501504933
forecast_7314,2025-11-01 18:00:00,13806.523692343288,13581.095730221474,12371.573684492443
forecast_7315,2025-11-01 19:00:00,14224.953938505158,14365.061335428558,13655.468788110498
forecast_7316,2025-11-01 20:00:00,15224.36342208686,15065.558512510357,14810.289917865097
forecast_7317,2025-11-01 21:00:00,15711.673654331516,15901.862309777933,14254.397390612854
forecast_7318,2025-11-01 22:00:00,16484.78805636654,16193.019495031063,14549.441165600665
forecast_7319,2025-11-01 23:00:00,18486.35746673455,18356.67102121988,16101.085810746288
forecast_7320,2025-11-02 00:00:00,17787.259714718755,17973.543852017145,15011.012862791405
forecast_7321,2025-11-02 01:00:00,17174.37234548151,18155.737172336947,15220.480620141376
forecast_7322,2025-11-02 02:00:00,16895.834389673862,17824.271976503314,14547.617807996197
forecast_7323,2025-11-02 03:00:00,15872.842885800677,16521.823415704184,13945.97366911285
forecast_7324,2025-11-02 04:00:00,15847.348191821686,16472.78580643455,14254.835716947091
forecast_7325,2025-11-02 05:00:00,15731.705174735933,16389.936343708236,13956.490928888279
forecast_7326,2025-11-02 06:00:00,16608.88809574115,17044.46532635485,16076.43642359553
forecast_7327,2025-11-02 07:00:00,16479.8904019734,17129.682180945598,15219.718785105204
forecast_7328,2025-11-02 08:00:00,17095.960877808946,18013.646859990473,16259.315358834861
forecast_7329,2025-11-02 09:00:00,17439.290500323146,18470.660050761817,16132.87089997987
forecast_7330,2025-11-02 10:00:00,16665.74599130527,17835.535018976392,13330.80687728108
forecast_7331,2025-11-02 11:00:00,16726.840387511475,17519.40757259126,13183.61504003744
forecast_7332,2025-11-02 12:00:00,15900.466555754532,16717.60891024076,11585.045306685259
forecast_7333,2025-11-02 13:00:00,15418.172351955867,15637.309913085823,10773.205673264272
forecast_7334,2025-11-02 14:00:00,14934.284755001174,15443.953540382667,10340.18602199087
forecast_7335,2025-11-02 15:00:00,14320.886834672507,14598.113123685394,10189.013201561194
forecast_7336,2025-11-02 16:00:00,14035.727917817096,14132.104065101199,9733.878058131926
forecast_7337,2025-11-02 17:00:00,13941.599951117934,13140.6297149896,9174.350291747642
forecast_7338,2025-11-02 18:00:00,14014.141960100573,12449.509093300645,8967.269923361016
forecast_7339,2025-11-02 19:00:00,13555.605044612763,11711.262227649166,9190.237548344194
forecast_7340,2025-11-02 20:00:00,11372.627060687606,9634.574492875041,8621.162185910503
forecast_7341,2025-11-02 21:00:00,8576.299649633582,7927.409206183347,5862.341109766569
forecast_7342,2025-11-02 22:00:00,10128.071001045275,9313.564271815949,6655.0820455375415
forecast_7343,2025-11-02 23:00:00,9963.207175426562,8785.474018080722,6017.061526065132
forecast_7344,2025-11-03 00:00:00,7417.353339765621,4052.377612504529,3600.332444837644
forecast_7345,2025-11-03 01:00:00,6708.322162764767,4041.6417669691496,3600.6691356969977
forecast_7346,2025-11-03 02:00:00,6722.5987982405,7089.033483097959,3549.42711591248
forecast_7347,2025-11-03 03:00:00,6809.6588740479765,6821.965728174809,3757.920066500632
forecast_7348,2025-11-03 04:00:00,6873.974727567628,6989.535067676695,4712.587149335415
forecast_7349,2025-11-03 05:00:00,5889.747636115737,3831.170426793414,3701.3731226689265
forecast_7350,2025-11-03 06:00:00,3623.7379064842885,3678.2453942584525,4085.739712976375
forecast_7351,2025-11-03 07:00:00,3540.7511898504927,3491.8115779162113,3600.8640148937525
forecast_7352,2025-11-03 08:00:00,3503.1347861900485,3386.547315327174,3175.9415554127067
forecast_7353,2025-11-03 09:00:00,3416.6124577364835,3300.9454938767362,3698.6342900149534
forecast_7354,2025-11-03 10:00:00,3234.2311858399776,2807.4566175044242,3505.008151021791
forecast_7355,2025-11-03 11:00:00,3159.1315969192237,2644.7804576376634,3383.2142262747616
forecast_7356,2025-11-03 12:00:00,3146.8878607391,2630.8212695189077,3368.3550825513444
forecast_7357,2025-11-03 13:00:00,3136.6078422658147,2580.9617857529315,3362.9936826209964
forecast_7358,2025-11-03 14:00:00,3128.5403303226985,2557.09912642352,3361.8474184810507
forecast_7359,2025-11-03 15:00:00,3125.098178797283,2540.045534264903,3361.077849378497
forecast_7360,2025-11-03 16:00:00,3128.8045301815064,2541.878889043016,3363.3088589224544
forecast_7361,2025-11-03 17:00:00,3171.5399241445875,2687.1650769837233,3368.2302151216254
forecast_7362,2025-11-03 18:00:00,3232.0962090535045,2883.4084292478865,3371.390132806978
forecast_7363,2025-11-03 19:00:00,3285.8647308092127,2992.4932105429193,3379.56911876188
forecast_7364,2025-11-03 20:00:00,3369.01796773824,3269.7935848209468,3371.4647984613503
forecast_7365,2025-11-03 21:00:00,3419.459483875729,3408.013350815349,3376.060080093845
forecast_7366,2025-11-03 22:00:00,3575.0828398911567,3665.3981580835984,3419.721738310637
forecast_7367,2025-11-03 23:00:00,6166.293533020081,5673.096848564783,3691.706103035286
forecast_7368,2025-11-04 00:00:00,7929.8410130810935,8305.510544373243,5279.8668405179305
forecast_7369,2025-11-04 01:00:00,7808.550879993585,8693.313530999818,4681.704423000732
forecast_7370,2025-11-04 02:00:00,8573.803340610604,10346.286369090038,5450.422828693755
forecast_7371,2025-11-04 03:00:00,7769.990525773474,10807.9528424695,4962.430108366596
forecast_7372,2025-11-04 04:00:00,9019.041354630068,10706.153650630431,5718.047578784011
forecast_7373,2025-11-04 05:00:00,9556.182129029792,11422.170863462632,5812.862372167194
forecast_7374,2025-11-04 06:00:00,11393.264703756988,12887.510119646273,6789.92454924761
forecast_7375,2025-11-04 07:00:00,12071.664958441163,14478.708071537869,7259.220446375586
forecast_7376,2025-11-04 08:00:00,12002.036781246443,13726.52128768121,7456.170636912103
forecast_7377,2025-11-04 09:00:00,13369.595467987083,15446.872531060795,8090.361623261765
forecast_7378,2025-11-04 10:00:00,13200.760771077801,13877.841103168596,10192.66927264628
forecast_7379,2025-11-04 11:00:00,11789.71431162954,11641.073279183174,8668.946199999144
forecast_7380,2025-11-04 12:00:00,11121.816886082685,10670.70132452707,8451.080336954696
forecast_7381,2025-11-04 13:00:00,10852.945179280763,9751.654920873847,8571.01628904318
forecast_7382,2025-11-04 14:00:00,10900.434183123687,9382.128098665338,6958.28435260803
forecast_7383,2025-11-04 15:00:00,9795.58454009689,9025.507758759884,7064.016806232463
forecast_7384,2025-11-04 16:00:00,9677.778578542653,9915.491463665252,7000.6075474703075
forecast_7385,2025-11-04 17:00:00,11029.208218505011,11351.776705853945,6912.02689021408
forecast_7386,2025-11-04 18:00:00,11191.925262506591,11455.9045518596,6842.211577538978
forecast_7387,2025-11-04 19:00:00,10492.25814667747,10955.625037138072,5998.049132815243
forecast_7388,2025-11-04 20:00:00,10151.050521388546,10776.392882788254,5552.781722446841
forecast_7389,2025-11-04 21:00:00,9787.774057708788,10685.163043198656,5356.662191782493
forecast_7390,2025-11-04 22:00:00,10034.208287193313,10875.833601614388,5668.616247656829
forecast_7391,2025-11-04 23:00:00,9162.847778087455,9105.450370184994,5472.135686221033
forecast_7392,2025-11-05 00:00:00,8667.900733117278,8306.818527395186,4909.829963986765
forecast_7393,2025-11-05 01:00:00,7825.344837809221,7691.3001131976125,3733.7589162345967
forecast_7394,2025-11-05 02:00:00,6236.808879263753,5142.15963295889,3606.250748608359
forecast_7395,2025-11-05 03:00:00,3491.1367249680043,3229.2558289072817,3401.894706099067
forecast_7396,2025-11-05 04:00:00,3302.199136691252,2808.9732517292455,3374.5355939148053
forecast_7397,2025-11-05 05:00:00,3165.4738920497844,2686.478061444138,3370.6671346607254
forecast_7398,2025-11-05 06:00:00,3147.4049218738364,2612.1915657149325,3362.5362987505578
forecast_7399,2025-11-05 07:00:00,3139.9940990981636,2571.8695402737676,3361.4436403522495
forecast_7400,2025-11-05 08:00:00,3134.919283883848,2567.441269856368,3361.191537809084
forecast_7401,2025-11-05 09:00:00,3129.666154557623,2550.9234059588266,3361.0364888384865
forecast_7402,2025-11-05 10:00:00,3123.3418281314835,2527.7326520182082,3361.39443830803
forecast_7403,2025-11-05 11:00:00,3124.538119321557,2533.052827334649,3360.8811715491433
forecast_7404,2025-11-05 12:00:00,3125.123349772963,2534.0218032776615,3360.4073128056934
forecast_7405,2025-11-05 13:00:00,3129.7858608713154,2545.4312533858456,3360.508179137344
forecast_7406,2025-11-05 14:00:00,3129.2103044957826,2541.3648699202995,3360.407494562789
forecast_7407,2025-11-05 15:00:00,3125.2217646882464,2530.317552372384,3360.4591340359657
forecast_7408,2025-11-05 16:00:00,3126.6295405581236,2540.6088859208785,3361.088400537336
forecast_7409,2025-11-05 17:00:00,3125.3098581110876,2535.586247589307,3360.794651448391
forecast_7410,2025-11-05 18:00:00,3136.910536934896,2538.387605434548,3360.6586262594196
forecast_7411,2025-11-05 19:00:00,3136.324449883937,2553.0488600651183,3361.864125240514
forecast_7412,2025-11-05 20:00:00,3135.898711524167,2560.1433465834207,3363.6262134127232
forecast_7413,2025-11-05 21:00:00,3146.5998308590115,2583.7542336253046,3365.36632959903
forecast_7414,2025-11-05 22:00:00,3157.763175319006,2627.256398878221,3367.9166911391326
forecast_7415,2025-11-05 23:00:00,3191.1411817399317,2652.0489149541418,3377.3018771214333
forecast_7416,2025-11-06 00:00:00,3252.2222215616757,2760.078897908976,3392.9037741573366
forecast_7417,2025-11-06 01:00:00,3425.1335154630733,3148.099067971065,3458.0864104105876
forecast_7418,2025-11-06 02:00:00,3613.0553991336387,3451.4376910778205,3838.7907132223972
forecast_7419,2025-11-06 03:00:00,5659.946736290141,3763.849022751684,3951.38310712335
forecast_7420,2025-11-06 04:00:00,5781.41141760068,4011.787230136131,4093.430642463513
forecast_7421,2025-11-06 05:00:00,6239.58319392386,6019.64352880374,4179.194296885684
forecast_7422,2025-11-06 06:00:00,5949.543518747033,3937.233722940915,4104.743916965505
forecast_7423,2025-11-06 07:00:00,3705.0690464894906,3683.2190852228523,3530.1521834469972
forecast_7424,2025-11-06 08:00:00,3520.4900414293356,3471.594500527905,3432.9423547450924
forecast_7425,2025-11-06 09:00:00,3356.284461458883,3153.1267165795225,3395.806845270019
forecast_7426,2025-11-06 10:00:00,3168.1184394342895,2607.4536712146273,3374.2799458055206
forecast_7427,2025-11-06 11:00:00,3146.142812059927,2587.686111739482,3367.965090054672
forecast_7428,2025-11-06 12:00:00,3131.221477517995,2543.446540596211,3369.0261071483933
forecast_7429,2025-11-06 13:00:00,3129.0066195996446,2541.0703421418584,3362.568957211959
forecast_7430,2025-11-06 14:00:00,3130.06181185317,2541.9381424007406,3365.663098570705
forecast_7431,2025-11-06 15:00:00,3129.869658707359,2546.3410997920855,3362.1304270402998
forecast_7432,2025-11-06 16:00:00,3129.9158870998203,2534.126578269167,3361.5509606570727
forecast_7433,2025-11-06 17:00:00,3134.518634565682,2538.960316884416,3363.562021977978
forecast_7434,2025-11-06 18:00:00,3175.3554213893626,2696.4973528555843,3364.961199543683
forecast_7435,2025-11-06 19:00:00,3225.3933585610343,2860.7150788145254,3365.3091388945277
forecast_7436,2025-11-06 20:00:00,3163.820680735635,2663.808881074158,3362.5191940959503
forecast_7437,2025-11-06 21:00:00,3185.796821603952,2765.917444858175,3363.284695760835
forecast_7438,2025-11-06 22:00:00,3171.4521865125516,2695.028437646546,3366.1171534566643
forecast_7439,2025-11-06 23:00:00,3172.3112585440017,2657.0826604940785,3367.084517781146
forecast_7440,2025-11-07 00:00:00,3169.9761784122784,2671.2721507928118,3368.172552737187
forecast_7441,2025-11-07 01:00:00,3182.583909048244,2671.0161514351685,3372.3859691697107
forecast_7442,2025-11-07 02:00:00,3304.729147851817,2993.330350194353,3379.7860710337436
forecast_7443,2025-11-07 03:00:00,3377.996164945421,3224.777569546136,3502.6754111638543
forecast_7444,2025-11-07 04:00:00,3608.424810381571,3581.6051528377257,3471.888787620514
forecast_7445,2025-11-07 05:00:00,3696.2845726292144,3684.9770099282796,3599.1921058958164
forecast_7446,2025-11-07 06:00:00,3669.5224397051393,3548.883768833702,3586.812560265808
forecast_7447,2025-11-07 07:00:00,3340.0127369093157,2865.3150146572834,3408.7208163267856
forecast_7448,2025-11-07 08:00:00,3222.3218688742277,2760.128866706529,3371.9523957020633
forecast_7449,2025-11-07 09:00:00,3166.763807609892,2680.947051568549,3366.777269417837
forecast_7450,2025-11-07 10:00:00,3131.755477377786,2559.2327153699302,3363.5158070252946
forecast_7451,2025-11-07 11:00:00,3126.363647245117,2539.5939077311764,3362.694249784025
forecast_7452,2025-11-07 12:00:00,3130.945430262147,2551.973552559278,3361.4402893644206
forecast_7453,2025-11-07 13:00:00,3130.8942552237368,2567.1442932775035,3361.55830393766
forecast_7454,2025-11-07 14:00:00,3141.935967586824,2618.7498849151098,3362.547254993788
forecast_7455,2025-11-07 15:00:00,3154.8462980339505,2666.427424716211,3371.88131462255
forecast_7456,2025-11-07 16:00:00,3196.3778078545365,2756.0568698408265,3379.1820534020612
forecast_7457,2025-11-07 17:00:00,3327.9695516736506,3151.5944143046013,3465.0574008348285
forecast_7458,2025-11-07 18:00:00,3457.019564204325,3566.9553723064364,3471.9182969528238
forecast_7459,2025-11-07 19:00:00,3578.3254291698477,3621.173272727592,3426.214772429149
forecast_7460,2025-11-07 20:00:00,3595.9990272493164,3661.162092998463,3428.492815718874
forecast_7461,2025-11-07 21:00:00,3881.7347948205625,3668.8453579924117,3461.3708509061207
forecast_7462,2025-11-07 22:00:00,3642.363999067835,3548.2202381288716,3433.775470695188
forecast_7463,2025-11-07 23:00:00,3666.1753971032845,3517.720752621827,3469.408708075124
forecast_7464,2025-11-08 00:00:00,3836.6955233627696,3485.2042507476426,3407.203154927104
forecast_7465,2025-11-08 01:00:00,3582.5189612818926,3469.2938272300476,3384.802668122976
forecast_7466,2025-11-08 02:00:00,3585.2126830306215,3409.0597262263395,3376.993151003979
forecast_7467,2025-11-08 03:00:00,3589.2119691021544,3388.4331193572352,3392.056100168047
forecast_7468,2025-11-08 04:00:00,3465.495387559877,3417.4789914011685,3416.3254338954207
forecast_7469,2025-11-08 05:00:00,3524.2834742944897,3495.9637579291257,3454.1042348351125
forecast_7470,2025-11-08 06:00:00,3587.7774459833786,3497.6113682955033,3426.6673043719134
forecast_7471,2025-11-08 07:00:00,3612.430187344617,3410.835013981773,3441.404859538763
forecast_7472,2025-11-08 08:00:00,3475.0847590473995,3318.650464297517,3394.544350599939
forecast_7473,2025-11-08 09:00:00,3412.0245189264865,3284.218788242907,3388.892709717775
forecast_7474,2025-11-08 10:00:00,3289.478501666018,3031.3282896793626,3379.8339898644545
forecast_7475,2025-11-08 11:00:00,3310.9656098703817,3003.0005142618243,3368.3464062396665
forecast_7476,2025-11-08 12:00:00,3259.9700480249367,2921.7787644091445,3374.6068435112743
forecast_7477,2025-11-08 13:00:00,3295.7048064770797,3018.311356207196,3371.1554520649793
forecast_7478,2025-11-08 14:00:00,3248.028497821931,2888.738672252203,3375.2602167067157
forecast_7479,2025-11-08 15:00:00,3259.2038117402176,2977.870374496101,3379.5401416679842
forecast_7480,2025-11-08 16:00:00,3396.2835898622716,3448.971056935747,3393.8023409434513
forecast_7481,2025-11-08 17:00:00,3491.6262691284405,3636.749733082198,3396.027888941209
forecast_7482,2025-11-08 18:00:00,3640.1188990341025,3852.7321901240953,3417.6830507715604
forecast_7483,2025-11-08 19:00:00,3759.4658512034134,3947.3924626309476,3488.7734959250674
forecast_7484,2025-11-08 20:00:00,4046.0006502305223,5395.0198433308415,3447.1494700690764
forecast_7485,2025-11-08 21:00:00,5697.366443660232,6413.793126910188,3546.646584746979
forecast_7486,2025-11-08 22:00:00,6793.3127892120465,7680.094447582513,3723.0283302045204
forecast_7487,2025-11-08 23:00:00,8956.578061722505,9409.073075408915,5462.699301188283
forecast_7488,2025-11-09 00:00:00,8956.626372327268,9233.66117390914,5706.4907683179445
forecast_7489,2025-11-09 01:00:00,7995.478126359582,8633.97598188935,3622.076825737158
forecast_7490,2025-11-09 02:00:00,8678.472530983758,8659.054989244905,3758.450395111077
forecast_7491,2025-11-09 03:00:00,9960.881762245617,9866.396210252893,7778.871594723738
forecast_7492,2025-11-09 04:00:00,13424.484953228819,11892.176084653109,8683.079245404964
forecast_7493,2025-11-09 05:00:00,14184.381914112088,13863.925481379943,9975.221163720382
forecast_7494,2025-11-09 06:00:00,15128.556008148005,14907.25288849004,11297.93125261726
forecast_7495,2025-11-09 07:00:00,15977.284534272101,13939.857398689386,12123.485993994003
forecast_7496,2025-11-09 08:00:00,14447.229570821935,13795.150409688387,11764.401783278552
forecast_7497,2025-11-09 09:00:00,13683.434669338943,14205.669887951992,10590.29560305798
forecast_7498,2025-11-09 10:00:00,11520.278189308698,11822.712270043192,9868.895015384138
forecast_7499,2025-11-09 11:00:00,11837.483520189407,11222.172681325526,9908.525645820635
forecast_7500,2025-11-09 12:00:00,11542.455469563962,11278.966488206008,9227.540414285219
forecast_7501,2025-11-09 13:00:00,12612.934394751966,11953.519554008592,10679.140739498935
forecast_7502,2025-11-09 14:00:00,12590.660221929169,12760.899527262469,9856.268685271929
forecast_7503,2025-11-09 15:00:00,12950.60964193579,13034.157936908663,9589.738784015977
forecast_7504,2025-11-09 16:00:00,13502.818506211821,14031.764210702768,9665.143748721892
forecast_7505,2025-11-09 17:00:00,13626.634646678047,13573.124697243975,9905.325542471912
forecast_7506,2025-11-09 18:00:00,14269.580426160124,14569.07887932196,12039.764031158995
forecast_7507,2025-11-09 19:00:00,15327.820533769904,15875.464088256625,15015.229302946444
forecast_7508,2025-11-09 20:00:00,16530.6626518654,16874.553524228817,15988.355409968979
forecast_7509,2025-11-09 21:00:00,15508.30646263153,16413.122044140244,13768.341833232424
forecast_7510,2025-11-09 22:00:00,15641.690658637817,16096.896784184211,12614.549495514815
forecast_7511,2025-11-09 23:00:00,14974.33559560016,14967.318870317193,12197.601537244625
forecast_7512,2025-11-10 00:00:00,14611.802960063736,14418.388073642049,11468.386834755878
forecast_7513,2025-11-10 01:00:00,14442.067631503141,13814.117136296083,11360.41185460453
forecast_7514,2025-11-10 02:00:00,13578.647101386705,12729.821244310891,10141.672580574847
forecast_7515,2025-11-10 03:00:00,13338.74297494121,12378.372786160156,9562.913273821385
forecast_7516,2025-11-10 04:00:00,13150.334213630844,12687.472044604494,9189.637286241801
forecast_7517,2025-11-10 05:00:00,14373.967950902728,14092.044626586832,9722.281417527554
forecast_7518,2025-11-10 06:00:00,14797.813172103508,14500.552602803109,10258.71798551692
forecast_7519,2025-11-10 07:00:00,14800.21799800848,15368.201547466206,11673.08863479209
forecast_7520,2025-11-10 08:00:00,15023.742504588476,15360.905408452725,11423.769827461923
forecast_7521,2025-11-10 09:00:00,14620.783633903942,15230.863183494232,11000.12641472877
forecast_7522,2025-11-10 10:00:00,12085.558652107033,13017.4849817678,8952.251248090095
forecast_7523,2025-11-10 11:00:00,10427.065989183891,10687.814733540152,7925.721120838678
forecast_7524,2025-11-10 12:00:00,9028.772505002707,8648.777046443573,7142.671003001001
forecast_7525,2025-11-10 13:00:00,8178.072358843166,6486.490268092752,6724.012115018472
forecast_7526,2025-11-10 14:00:00,7848.159986963701,6072.3418305000305,6117.78333455337
forecast_7527,2025-11-10 15:00:00,7826.8526351685405,6119.962251675654,6441.80370909023
forecast_7528,2025-11-10 16:00:00,7955.949931200806,7191.885613159277,6278.690088671726
forecast_7529,2025-11-10 17:00:00,9624.067455622275,9046.82681092956,6375.565777880856
forecast_7530,2025-11-10 18:00:00,12569.156549209283,11803.15582929681,9518.706614982633
forecast_7531,2025-11-10 19:00:00,15532.304143389723,14410.320926901379,12327.398795252326
forecast_7532,2025-11-10 20:00:00,17597.25421733917,15975.205704645654,13652.452483035753
forecast_7533,2025-11-10 21:00:00,18045.13358298514,16540.93295454048,13611.821354858512
forecast_7534,2025-11-10 22:00:00,19980.457774295814,17698.53289504216,14763.384565386157
forecast_7535,2025-11-10 23:00:00,18866.84764310402,17483.107028883613,13079.741233182873
forecast_7536,2025-11-11 00:00:00,18261.96914873496,17275.886260149116,12386.540100331467
forecast_7537,2025-11-11 01:00:00,20129.854723353827,18418.057005676255,15800.63196538608
forecast_7538,2025-11-11 02:00:00,19236.235378635738,17452.54658801352,12923.984948627889
forecast_7539,2025-11-11 03:00:00,17695.141289941344,16706.601427309943,11064.382335497952
forecast_7540,2025-11-11 04:00:00,15857.535127193267,15926.177115831253,8891.617332202344
forecast_7541,2025-11-11 05:00:00,12919.465417335223,12660.294827242673,6802.401922420102
forecast_7542,2025-11-11 06:00:00,7962.42627972445,7572.06882060221,3534.8225485472285
forecast_7543,2025-11-11 07:00:00,3692.185970257128,3882.5159259534535,3562.670744389721
forecast_7544,2025-11-11 08:00:00,3511.4272814143324,3528.7076291743883,3482.7150784014902
forecast_7545,2025-11-11 09:00:00,3518.883893109251,3414.208278267025,3466.686908219185
forecast_7546,2025-11-11 10:00:00,3315.7675010654593,2937.4142977187303,3427.488443126207
forecast_7547,2025-11-11 11:00:00,3237.402460796435,2827.9126624691344,3393.500742720424
forecast_7548,2025-11-11 12:00:00,3243.09419178725,2786.7560466546765,3401.3509989544095
forecast_7549,2025-11-11 13:00:00,3192.923223532936,2716.5441291593074,3390.5110009033606
forecast_7550,2025-11-11 14:00:00,3187.5726114829226,2699.590847695773,3390.340489997586
forecast_7551,2025-11-11 15:00:00,3194.603775006198,2719.1590835572206,3393.017664755709
forecast_7552,2025-11-11 16:00:00,3170.0957605863805,2616.2252158921237,3369.6512302738474
forecast_7553,2025-11-11 17:00:00,3163.3306959002753,2671.3551234755478,3368.7525591105787
forecast_7554,2025-11-11 18:00:00,3191.134585864791,2724.92359828363,3365.818834886139
forecast_7555,2025-11-11 19:00:00,3175.278624258172,2736.668808056217,3366.6168948503623
forecast_7556,2025-11-11 20:00:00,3159.094750323007,2661.414767989686,3364.234857145333
forecast_7557,2025-11-11 21:00:00,3184.2121625650525,2761.752043391117,3365.6273480865575
forecast_7558,2025-11-11 22:00:00,3185.958663319877,2782.0556414493453,3364.835364920663
forecast_7559,2025-11-11 23:00:00,3188.455410915184,2784.7093411652177,3363.1370105126084
forecast_7560,2025-11-12 00:00:00,3192.1197491790535,2759.591377223331,3362.5572797449972
forecast_7561,2025-11-12 01:00:00,3171.4312963151556,2663.8197599280725,3364.1230051435905
forecast_7562,2025-11-12 02:00:00,3180.4155263174516,2640.9378910166383,3365.890435244918
forecast_7563,2025-11-12 03:00:00,3198.4568499363054,2655.192125254074,3367.220321828545
forecast_7564,2025-11-12 04:00:00,3202.973866320673,2697.910979614534,3372.2168720803534
forecast_7565,2025-11-12 05:00:00,3237.3426395870347,2775.160595100143,3375.346720433286
forecast_7566,2025-11-12 06:00:00,3349.169888250559,3161.6177147259527,3382.98490435564
forecast_7567,2025-11-12 07:00:00,3468.6843199903515,3403.7303924573407,3450.7757497462526
forecast_7568,2025-11-12 08:00:00,3584.2848434943207,3892.2961848361406,3425.2020853275058
forecast_7569,2025-11-12 09:00:00,3995.7824911378393,5534.753226389219,3477.424887996164
forecast_7570,2025-11-12 10:00:00,3645.322888902662,3571.851557266161,3639.7903996966897
forecast_7571,2025-11-12 11:00:00,3582.8547076214286,3563.6260112982804,3615.844923007119
forecast_7572,2025-11-12 12:00:00,4701.872332702462,3655.7270285094905,4167.741765965736
forecast_7573,2025-11-12 13:00:00,5041.16166302231,4410.730152176618,3880.6499476572426
forecast_7574,2025-11-12 14:00:00,4990.671407733348,4564.390574013555,4516.051695526765
forecast_7575,2025-11-12 15:00:00,6294.528604674135,6469.516404240861,5240.6970105874725
forecast_7576,2025-11-12 16:00:00,8518.2372663542,9906.672054217392,4784.479565195245
forecast_7577,2025-11-12 17:00:00,11785.52952760548,12941.708050850682,7390.611872442345
forecast_7578,2025-11-12 18:00:00,12440.103676952962,15218.433162348303,9517.63908808333
forecast_7579,2025-11-12 19:00:00,15625.037002163981,16720.89962066075,11479.351007497677
forecast_7580,2025-11-12 20:00:00,16473.00944497881,17902.860428956526,12509.529691889751
forecast_7581,2025-11-12 21:00:00,17367.09849057674,18212.950254334104,13925.414976652919
forecast_7582,2025-11-12 22:00:00,19168.946696541443,18627.443733836782,16141.96130748182
forecast_7583,2025-11-12 23:00:00,19830.702807315505,19097.608560846988,17801.429827183016
forecast_7584,2025-11-13 00:00:00,20468.22810234345,19697.682965607943,18413.58167154529
forecast_7585,2025-11-13 01:00:00,20344.460836938844,19621.19177878213,17398.472655622936
forecast_7586,2025-11-13 02:00:00,19625.520042437107,18941.02764377383,17630.577075171885
forecast_7587,2025-11-13 03:00:00,19108.757304145587,17880.882564626758,17532.477305426375
forecast_7588,2025-11-13 04:00:00,18758.410133631798,17289.73313531484,16151.101787201173
forecast_7589,2025-11-13 05:00:00,17625.137411274627,16004.617971164444,15276.8560724816
forecast_7590,2025-11-13 06:00:00,16433.14225298058,15786.421280271077,13983.079633235526
forecast_7591,2025-11-13 07:00:00,15557.180570337197,14476.459431323812,11651.754290067118
forecast_7592,2025-11-13 08:00:00,13610.623217681534,12864.441336393544,10595.865002519844
forecast_7593,2025-11-13 09:00:00,11520.73905878833,11888.230607365755,8824.201667128404
forecast_7594,2025-11-13 10:00:00,9910.758920620372,8048.82280593604,7185.183563687173
forecast_7595,2025-11-13 11:00:00,9420.646229592865,7146.592648167185,6341.563196856638
forecast_7596,2025-11-13 12:00:00,5657.399123343085,5346.542431036201,3913.4711158736536
forecast_7597,2025-11-13 13:00:00,4175.127411817614,3763.9318419508045,3718.7428216440603
forecast_7598,2025-11-13 14:00:00,3532.6996172811932,3210.029526925187,3540.2182615397214
forecast_7599,2025-11-13 15:00:00,3442.3086417597933,3206.321297783,3478.8115458560405
forecast_7600,2025-11-13 16:00:00,3453.6345970972116,3513.464403890956,3431.5200279383953
forecast_7601,2025-11-13 17:00:00,3589.12068565657,3803.8443805292604,3530.750955090019
forecast_7602,2025-11-13 18:00:00,4339.212095634631,6913.119957942129,3546.707205848761
forecast_7603,2025-11-13 19:00:00,4544.842313291557,7808.04784382774,3752.070544450708
forecast_7604,2025-11-13 20:00:00,4547.139515473169,7872.028697453166,3605.054986291645
forecast_7605,2025-11-13 21:00:00,8070.963368209934,7983.164846082339,4460.303852204864
forecast_7606,2025-11-13 22:00:00,7783.911038020191,7554.299191834064,4407.08710298416
forecast_7607,2025-11-13 23:00:00,7680.403801505356,6846.968178143512,4413.99701069903
forecast_7608,2025-11-14 00:00:00,7622.094076006284,6545.2216887898,3707.2991823328607
forecast_7609,2025-11-14 01:00:00,3504.827341346251,3590.5852554685966,3497.0803800054723
forecast_7610,2025-11-14 02:00:00,3549.9596746800094,3682.7816697463363,3505.3447024430193
forecast_7611,2025-11-14 03:00:00,3544.1479123860213,3638.2573668992864,3508.5403665314543
forecast_7612,2025-11-14 04:00:00,3557.709547452741,3557.016622251732,3465.398034068571
forecast_7613,2025-11-14 05:00:00,3529.4283735938934,3490.0473187764574,3467.491717650973
forecast_7614,2025-11-14 06:00:00,3614.7823285482787,3524.490988073477,3558.4721147384234
forecast_7615,2025-11-14 07:00:00,3629.776240346026,3555.543595553012,3470.0087636649073
forecast_7616,2025-11-14 08:00:00,3735.067106733364,3921.6461715896903,3522.9199489011426
forecast_7617,2025-11-14 09:00:00,5685.676547397057,4805.852243929713,3493.405402049745
forecast_7618,2025-11-14 10:00:00,5230.560102348402,3465.846499567664,3520.9822014845645
forecast_7619,2025-11-14 11:00:00,3606.7275618588656,3474.0074555334427,3527.192700999894
forecast_7620,2025-11-14 12:00:00,3464.343374611017,3498.333841358067,3537.3958323094053
forecast_7621,2025-11-14 13:00:00,3598.992586383369,3587.07187701244,3527.7610733489823
forecast_7622,2025-11-14 14:00:00,3643.074139660425,3590.54281186367,3583.5061057525068
forecast_7623,2025-11-14 15:00:00,3773.089204526165,4110.9982730803895,3566.9956678425992
forecast_7624,2025-11-14 16:00:00,5994.1139228482,5474.402031990812,4237.43689984381
forecast_7625,2025-11-14 17:00:00,7808.783371951917,6219.343972415926,5533.833930341232
forecast_7626,2025-11-14 18:00:00,8936.694771444592,8168.3005253146575,6301.654807292361
forecast_7627,2025-11-14 19:00:00,9824.400606527737,10523.664755717506,6744.212523142154
forecast_7628,2025-11-14 20:00:00,10428.172795482556,11179.905932255966,7515.056166943953
forecast_7629,2025-11-14 21:00:00,9257.47543316457,10451.64598145095,6092.643214023378
forecast_7630,2025-11-14 22:00:00,10076.674271285538,9232.597912653242,6356.951575789148
forecast_7631,2025-11-14 23:00:00,9241.360497195206,8108.826302410561,5995.993095843917
forecast_7632,2025-11-15 00:00:00,7980.100076145034,6954.1837745212415,5407.971400871836
forecast_7633,2025-11-15 01:00:00,6667.908076291315,6043.419122919328,4937.728543368105
forecast_7634,2025-11-15 02:00:00,6069.827084621475,5228.283862027096,3764.2715255090575
forecast_7635,2025-11-15 03:00:00,5706.8000222973815,4824.7648653230035,3626.0848338871456
forecast_7636,2025-11-15 04:00:00,6069.1204072269775,5082.952307830271,4393.016818659991
forecast_7637,2025-11-15 05:00:00,5403.720790238884,3803.5303508849875,3652.4623099247497
forecast_7638,2025-11-15 06:00:00,3630.4743973714085,3549.6320880786807,3634.500628728401
forecast_7639,2025-11-15 07:00:00,4495.555495008153,3468.2765538290178,3488.080412995721
forecast_7640,2025-11-15 08:00:00,3547.219060543309,3463.986951839056,3424.538939469548
forecast_7641,2025-11-15 09:00:00,3387.7905535209993,3192.1889658380214,3439.2987142163865
forecast_7642,2025-11-15 10:00:00,3243.6046308603113,2662.853480254809,3395.088823476248
forecast_7643,2025-11-15 11:00:00,3167.5506078501057,2578.2704574474055,3395.5734033907283
forecast_7644,2025-11-15 12:00:00,3151.9567430523575,2572.111058021456,3384.0367562814704
forecast_7645,2025-11-15 13:00:00,3138.645551087772,2530.1330446420816,3368.55480667587
forecast_7646,2025-11-15 14:00:00,3143.765663799791,2551.022643689978,3377.4054730208622
forecast_7647,2025-11-15 15:00:00,3181.159538053227,2629.4813392890546,3429.092324465694
forecast_7648,2025-11-15 16:00:00,3334.0126922259255,2982.170509632481,3429.6458728924486
forecast_7649,2025-11-15 17:00:00,3871.0277551617505,4496.860714372073,3629.3124356136395
forecast_7650,2025-11-15 18:00:00,6910.0567610020325,6720.989267937394,4085.1634156156265
forecast_7651,2025-11-15 19:00:00,8080.979951588022,8625.350101119495,5128.625895661031
forecast_7652,2025-11-15 20:00:00,9533.56040464107,10196.275789794736,5614.790732289023
forecast_7653,2025-11-15 21:00:00,9406.544315099454,10592.617552647456,5757.85241616399
forecast_7654,2025-11-15 22:00:00,10615.452254706524,11841.455564330152,6598.975651345322
forecast_7655,2025-11-15 23:00:00,10615.554958046765,11404.938533871496,6326.264829204317
forecast_7656,2025-11-16 00:00:00,10966.472046797924,11362.18028915149,6441.477459164635
forecast_7657,2025-11-16 01:00:00,10866.583532293978,10964.70380907513,6831.853141255559
forecast_7658,2025-11-16 02:00:00,9843.554590414911,9722.3658823433,5907.075318645006
forecast_7659,2025-11-16 03:00:00,10964.04338643117,9843.77033537658,6492.8216723764945
forecast_7660,2025-11-16 04:00:00,11051.694622480374,9933.126381935659,6303.521707683633
forecast_7661,2025-11-16 05:00:00,11629.84237528625,10850.794207181396,7209.663276963974
forecast_7662,2025-11-16 06:00:00,11138.47168358163,11813.734643689033,7096.050723416676
forecast_7663,2025-11-16 07:00:00,11060.087290852298,12423.593664559268,7530.316949703479
forecast_7664,2025-11-16 08:00:00,10186.82447232248,12278.882082300384,7011.651891336848
forecast_7665,2025-11-16 09:00:00,10926.044704957627,13584.116859328908,7609.637960384752
forecast_7666,2025-11-16 10:00:00,11374.499682330843,12528.301972511743,8286.195100165296
forecast_7667,2025-11-16 11:00:00,12290.065869787235,12727.945885855412,9628.830801744281
forecast_7668,2025-11-16 12:00:00,13020.747893768883,13226.709537380304,11142.756820014261
forecast_7669,2025-11-16 13:00:00,13457.11643188252,13528.079271156766,12056.285847957364
forecast_7670,2025-11-16 14:00:00,13345.5486001528,13589.850081508792,12851.024339175472
forecast_7671,2025-11-16 15:00:00,15471.044317080474,15363.210183342564,13975.54454306274
forecast_7672,2025-11-16 16:00:00,17068.5358830436,17345.531736638583,14943.822987319218
forecast_7673,2025-11-16 17:00:00,18700.78422663172,18548.454044714144,15813.988881709782
forecast_7674,2025-11-16 18:00:00,19707.576631171967,18996.591420940407,17245.96330136426
forecast_7675,2025-11-16 19:00:00,19696.670538215953,19485.041120130605,18415.97898638319
forecast_7676,2025-11-16 20:00:00,19909.807753266985,19717.086033712774,18758.858092481274
forecast_7677,2025-11-16 21:00:00,19846.422519266496,19766.09107707153,19177.029032798433
forecast_7678,2025-11-16 22:00:00,20489.77955095228,20026.694270354634,19337.67231972345
forecast_7679,2025-11-16 23:00:00,20205.776155277785,19871.4849749539,19402.1234723975
forecast_7680,2025-11-17 00:00:00,20041.595559379868,19611.34243794562,18931.81928233589
forecast_7681,2025-11-17 01:00:00,19880.893439989144,19757.706574257914,18940.132994304277
forecast_7682,2025-11-17 02:00:00,19890.77891931136,19285.177303069875,18637.968977438137
forecast_7683,2025-11-17 03:00:00,19435.34395391887,18944.420841856096,18095.22935187933
forecast_7684,2025-11-17 04:00:00,18631.081607573713,18855.797326792097,18334.1660061805
forecast_7685,2025-11-17 05:00:00,18855.635923618836,18858.37787814429,18212.970851554863
forecast_7686,2025-11-17 06:00:00,18706.113090429102,18646.43104921561,18433.180399243
forecast_7687,2025-11-17 07:00:00,18663.854245561943,18435.690955549195,18326.265442564727
forecast_7688,2025-11-17 08:00:00,17818.239087066962,18297.047381209977,15838.141956942181
forecast_7689,2025-11-17 09:00:00,17469.55948543045,17859.340957978606,13480.956589976686
forecast_7690,2025-11-17 10:00:00,16432.91070965922,16537.88797583369,12271.148357374414
forecast_7691,2025-11-17 11:00:00,15368.54985561762,15773.174359483468,12381.829132730045
forecast_7692,2025-11-17 12:00:00,14707.976456371203,14974.443370688565,11484.007899304164
forecast_7693,2025-11-17 13:00:00,13979.177462555368,14300.30760024247,10338.936693753918
forecast_7694,2025-11-17 14:00:00,14030.936074361187,14314.603542168068,10281.200254636022
forecast_7695,2025-11-17 15:00:00,13801.116485935745,14528.448032370059,9980.197004580888
forecast_7696,2025-11-17 16:00:00,13588.043035885667,14335.255155725736,10280.11821840848
forecast_7697,2025-11-17 17:00:00,14235.267874039384,14729.468185660717,11127.851093972682
forecast_7698,2025-11-17 18:00:00,14526.222067018369,14825.32478389366,11340.609409766656
forecast_7699,2025-11-17 19:00:00,14430.366394682811,14450.66611093275,10964.741555571694
forecast_7700,2025-11-17 20:00:00,13930.65234382457,15205.595989828298,12189.430628290807
forecast_7701,2025-11-17 21:00:00,14254.035691874737,15624.336046400096,13808.348435351896
forecast_7702,2025-11-17 22:00:00,15671.257305969779,16233.790964504069,13803.922538310306
forecast_7703,2025-11-17 23:00:00,17267.696784921158,17092.63350991378,15428.410032568572
forecast_7704,2025-11-18 00:00:00,17574.99360633959,17276.12123225427,15070.343587302323
forecast_7705,2025-11-18 01:00:00,16814.968386300232,17031.86351696275,13741.298071084544
forecast_7706,2025-11-18 02:00:00,16739.342821127826,17122.66978239355,13971.36352848309
forecast_7707,2025-11-18 03:00:00,16901.942924319574,17162.01317134275,14548.108338582746
forecast_7708,2025-11-18 04:00:00,16951.576934543056,16762.586784663526,14940.365222145261
forecast_7709,2025-11-18 05:00:00,16407.58777600698,17058.867627870713,15708.566816757067
forecast_7710,2025-11-18 06:00:00,17016.101161852206,17535.874422796278,17668.799724227876
forecast_7711,2025-11-18 07:00:00,18120.88090738521,18394.64082666692,17471.94406381453
forecast_7712,2025-11-18 08:00:00,17182.004262989816,17854.19689203356,15053.341055803612
forecast_7713,2025-11-18 09:00:00,15923.357864588535,16984.464679031127,12643.653256495372
forecast_7714,2025-11-18 10:00:00,14779.48470847903,15342.074032823735,11208.332900474894
forecast_7715,2025-11-18 11:00:00,13987.986640573137,14366.642993862457,10497.771102095166
forecast_7716,2025-11-18 12:00:00,13202.809977360046,12366.780426345487,9807.58665901403
forecast_7717,2025-11-18 13:00:00,12281.49363221295,10904.521738438536,9154.013446707433
forecast_7718,2025-11-18 14:00:00,11767.453417799843,10740.816616011605,8580.998877326587
forecast_7719,2025-11-18 15:00:00,11202.071328484582,9526.700829401501,7210.363420426319
forecast_7720,2025-11-18 16:00:00,8692.37779436314,6950.366160433373,5440.858455678083
forecast_7721,2025-11-18 17:00:00,7159.870978232747,6352.772010900623,4511.922208190176
forecast_7722,2025-11-18 18:00:00,6315.594492843871,6300.2845435387,4288.943154407056
forecast_7723,2025-11-18 19:00:00,7034.093198171559,7625.465045847249,5180.690320311238
forecast_7724,2025-11-18 20:00:00,7378.688979583578,8481.000478000487,5702.122291552061
forecast_7725,2025-11-18 21:00:00,8564.17510646059,9758.528061921725,5534.90610352104
forecast_7726,2025-11-18 22:00:00,9061.413571442205,10226.889827778188,6324.514782022655
forecast_7727,2025-11-18 23:00:00,9502.867508878928,10092.489582343589,6791.389412762152
forecast_7728,2025-11-19 00:00:00,9527.22626609253,9668.365802237746,6606.851216236734
forecast_7729,2025-11-19 01:00:00,10548.065892892002,10891.733117601892,7636.05235039242
forecast_7730,2025-11-19 02:00:00,10258.789665001248,10317.269774062204,6064.0477106969765
forecast_7731,2025-11-19 03:00:00,9580.099162155431,9350.3156808695,5529.230940181261
forecast_7732,2025-11-19 04:00:00,8719.958376181692,7655.934185974845,5257.440529621774
forecast_7733,2025-11-19 05:00:00,7170.169895403147,5422.415085591824,4656.375400497231
forecast_7734,2025-11-19 06:00:00,6412.992626968984,4367.183494199421,3763.2637432549627
forecast_7735,2025-11-19 07:00:00,3457.4956046331067,3351.7697788988257,3740.618168622576
forecast_7736,2025-11-19 08:00:00,3393.0312718317164,3268.7402254942253,3432.078869332889
forecast_7737,2025-11-19 09:00:00,3335.901813575421,3097.8023700162807,3393.229141325542
forecast_7738,2025-11-19 10:00:00,3242.895122358883,2790.2807656413966,3380.4948730529322
forecast_7739,2025-11-19 11:00:00,3181.1358205002794,2693.0971942279675,3368.914766661793
forecast_7740,2025-11-19 12:00:00,3171.356868069368,2672.2937197291717,3369.9591235788685
forecast_7741,2025-11-19 13:00:00,3200.0435668302052,2789.256420789398,3371.664591174448
forecast_7742,2025-11-19 14:00:00,3278.435678314107,3047.709259609467,3374.714041322595
forecast_7743,2025-11-19 15:00:00,3344.668354448344,3207.0292812311654,3393.7061369528515
forecast_7744,2025-11-19 16:00:00,3512.522675373096,3649.4925677320557,3436.167649474096
forecast_7745,2025-11-19 17:00:00,8321.277705149414,6463.028098529823,4997.489074846452
forecast_7746,2025-11-19 18:00:00,10886.610563075958,9323.688844651895,6718.084030631895
forecast_7747,2025-11-19 19:00:00,12760.250244191722,11895.575659887887,10646.309370378933
forecast_7748,2025-11-19 20:00:00,14978.443843036908,14576.598838080148,11592.586777403238
forecast_7749,2025-11-19 21:00:00,16183.811951789252,16005.830249820154,13239.439975141966
forecast_7750,2025-11-19 22:00:00,18763.16138463489,18135.71616523823,16190.898083621818
forecast_7751,2025-11-19 23:00:00,20234.06332316814,18912.56386197949,16917.40753488693
forecast_7752,2025-11-20 00:00:00,20865.17048519281,19620.76043937215,16947.344910795622
forecast_7753,2025-11-20 01:00:00,20010.02244848085,19523.106604056145,16927.68022342186
forecast_7754,2025-11-20 02:00:00,20106.495043565315,19759.00996222453,17176.84417444804
forecast_7755,2025-11-20 03:00:00,20709.741336337804,20084.76603298051,16925.648341865497
forecast_7756,2025-11-20 04:00:00,20353.349477346463,19908.53920121472,16362.64175724522
forecast_7757,2025-11-20 05:00:00,19572.62582778604,19825.5648811159,17456.31775923836
forecast_7758,2025-11-20 06:00:00,19467.582758609293,19459.917887702173,17653.098768581018
forecast_7759,2025-11-20 07:00:00,18432.634256914018,19184.472653583824,17627.963572606848
forecast_7760,2025-11-20 08:00:00,18438.279584383956,19154.489333245623,17024.765005956855
forecast_7761,2025-11-20 09:00:00,18770.746461561004,19666.6135198078,16558.85609990498
forecast_7762,2025-11-20 10:00:00,19151.959528978772,19481.44429801733,17091.99794862169
forecast_7763,2025-11-20 11:00:00,18391.426202194936,18908.99298246286,16515.942869587376
forecast_7764,2025-11-20 12:00:00,18120.08104040795,17889.177601262116,16541.18028811001
forecast_7765,2025-11-20 13:00:00,18613.435431057518,17789.29774994488,16729.80160462706
forecast_7766,2025-11-20 14:00:00,19431.49498419719,18133.659651031394,17189.77107422386
forecast_7767,2025-11-20 15:00:00,19800.36443967887,18803.4185268913,17513.361690563685
forecast_7768,2025-11-20 16:00:00,20056.309119560887,18988.671046140425,17855.19838771936
forecast_7769,2025-11-20 17:00:00,20027.884347103918,18790.73821507987,18131.841514055748
forecast_7770,2025-11-20 18:00:00,19513.371928598397,18832.00745223593,18776.271639003397
forecast_7771,2025-11-20 19:00:00,19480.27525630866,18993.762962282744,18420.225118867882
forecast_7772,2025-11-20 20:00:00,19417.141440681153,19111.291192300298,18825.223499831707
forecast_7773,2025-11-20 21:00:00,19425.770665288575,18992.159508777826,18400.69725009996
forecast_7774,2025-11-20 22:00:00,19576.285687141266,19170.227205365016,18231.804781900137
forecast_7775,2025-11-20 23:00:00,18958.618194416737,19284.64898803483,18427.433213087214
forecast_7776,2025-11-21 00:00:00,18538.72390360177,19410.90701135484,17713.78544080362
forecast_7777,2025-11-21 01:00:00,17844.18860639923,19264.8843775062,16551.837582863154
forecast_7778,2025-11-21 02:00:00,17102.07271013193,18241.659924886673,15895.940521377644
forecast_7779,2025-11-21 03:00:00,16361.66517843251,17823.64997957688,15676.901430966152
forecast_7780,2025-11-21 04:00:00,16398.148990450616,17360.308900298503,15151.070103759082
forecast_7781,2025-11-21 05:00:00,17451.34682170485,17832.86240891679,15704.36550418518
forecast_7782,2025-11-21 06:00:00,18031.865196777744,18525.09808481458,17263.258591539427
forecast_7783,2025-11-21 07:00:00,18612.8127135798,18620.359785526703,17004.761219727472
forecast_7784,2025-11-21 08:00:00,18887.7133607668,18366.175038251957,15277.153323881008
forecast_7785,2025-11-21 09:00:00,17056.185326613504,18218.608005225014,13932.72170848338
forecast_7786,2025-11-21 10:00:00,16740.190352684738,17593.40265378575,12845.870375930228
forecast_7787,2025-11-21 11:00:00,16599.764798184526,17493.04700459051,12248.3069049574
forecast_7788,2025-11-21 12:00:00,15990.708081610905,16513.451248536992,12582.674713932865
forecast_7789,2025-11-21 13:00:00,15396.634161065951,15619.74908654349,11873.529108890518
forecast_7790,2025-11-21 14:00:00,15509.130061274338,15876.912652677376,11748.262815464068
forecast_7791,2025-11-21 15:00:00,15381.788202371094,16056.597730845391,14311.836985564742
forecast_7792,2025-11-21 16:00:00,16392.36350382609,16610.565494698723,14500.212053843119
forecast_7793,2025-11-21 17:00:00,16580.309254471726,16641.948166139246,14651.671650476628
forecast_7794,2025-11-21 18:00:00,16530.810110637507,17177.302134030968,16531.31886046063
forecast_7795,2025-11-21 19:00:00,16903.038795075445,17805.15713279679,16588.348507834475
forecast_7796,2025-11-21 20:00:00,17224.17343708973,17747.72152097605,16068.673969649015
forecast_7797,2025-11-21 21:00:00,17869.87093562611,17904.283780358925,16951.75289668906
forecast_7798,2025-11-21 22:00:00,17100.63438695609,18004.91001125077,16703.678295522313
forecast_7799,2025-11-21 23:00:00,16931.4237067263,17777.330519366966,16092.407317249172
forecast_7800,2025-11-22 00:00:00,16969.856392322334,17951.603914562467,15626.609370213757
forecast_7801,2025-11-22 01:00:00,17236.652002845138,17828.813692925884,14719.56581917675
forecast_7802,2025-11-22 02:00:00,17519.53452446404,17999.817034655225,14387.866804574
forecast_7803,2025-11-22 03:00:00,17916.794570934886,17801.33716406541,14569.380180295535
forecast_7804,2025-11-22 04:00:00,17783.55503521158,17818.55853914468,14779.881816985764
forecast_7805,2025-11-22 05:00:00,17969.1847060763,18014.806853824033,14736.736418578643
forecast_7806,2025-11-22 06:00:00,18874.278692524826,18475.86852955784,15350.104919802121
forecast_7807,2025-11-22 07:00:00,18467.47146557356,18494.816082308847,15587.808376196512
forecast_7808,2025-11-22 08:00:00,17190.946049256407,17801.116614080933,12831.796322385635
forecast_7809,2025-11-22 09:00:00,15053.53864450891,16972.33331843282,11788.539093842124
forecast_7810,2025-11-22 10:00:00,13142.807219542394,15345.084392427614,10947.606614959075
forecast_7811,2025-11-22 11:00:00,12798.600199411136,14312.301668592558,10002.138235610735
forecast_7812,2025-11-22 12:00:00,12792.162081193135,12723.304150244221,9418.848941750311
forecast_7813,2025-11-22 13:00:00,11833.917915159233,11640.585334999612,9397.958612998731
forecast_7814,2025-11-22 14:00:00,11593.422326252403,10975.185698956633,8712.476676353297
forecast_7815,2025-11-22 15:00:00,12617.497143667259,11902.944341496275,9665.797014764887
forecast_7816,2025-11-22 16:00:00,16175.397066464924,15284.182129195073,11049.869801427752
forecast_7817,2025-11-22 17:00:00,17010.146454802958,17523.27614753996,12522.383679469707
forecast_7818,2025-11-22 18:00:00,17925.977862390046,18382.478828459414,15052.571550899369
forecast_7819,2025-11-22 19:00:00,18551.796037453245,18720.65607188249,16129.380511328125
forecast_7820,2025-11-22 20:00:00,18736.09398094806,18891.676212262104,15847.654515759386
forecast_7821,2025-11-22 21:00:00,18822.959446924175,19020.990285946154,15740.04258480781
forecast_7822,2025-11-22 22:00:00,19330.460913362094,19072.61765177537,16785.271443063135
forecast_7823,2025-11-22 23:00:00,19955.432585167702,19220.189821678556,17233.055275941555
forecast_7824,2025-11-23 00:00:00,20483.274947123366,19606.60489562241,15984.066053784609
forecast_7825,2025-11-23 01:00:00,20471.24414910947,19896.800726306676,17510.04660240916
forecast_7826,2025-11-23 02:00:00,21094.999972454938,20004.974540145147,17253.28977505531
forecast_7827,2025-11-23 03:00:00,20823.76569400332,20161.233710908346,17367.341267555694
forecast_7828,2025-11-23 04:00:00,20965.87687934007,20158.545675671092,17260.418792427296
forecast_7829,2025-11-23 05:00:00,20717.168557091096,20068.015610110542,16578.774017048534
forecast_7830,2025-11-23 06:00:00,20399.00753216479,20155.095404305004,16184.649962698224
forecast_7831,2025-11-23 07:00:00,19846.1969031062,19833.910913189236,16585.672026482665
forecast_7832,2025-11-23 08:00:00,18289.741565705965,18898.114004788367,15153.201474657599
forecast_7833,2025-11-23 09:00:00,17240.948638914044,17948.25381283028,13573.124588942082
forecast_7834,2025-11-23 10:00:00,17900.55447759174,17737.14520555964,13771.032896471299
forecast_7835,2025-11-23 11:00:00,16387.912754489495,17102.153761858575,11841.30846728232
forecast_7836,2025-11-23 12:00:00,16482.461892460804,17777.576105321023,13603.916184281754
forecast_7837,2025-11-23 13:00:00,14921.210974353677,16986.101259615745,12678.039144766397
forecast_7838,2025-11-23 14:00:00,14358.927649684478,15554.294379349096,12131.186512407203
forecast_7839,2025-11-23 15:00:00,13888.509416378329,15332.294390128314,11356.581119424422
forecast_7840,2025-11-23 16:00:00,14954.862566307067,15352.264919726364,11919.289125255487
forecast_7841,2025-11-23 17:00:00,15085.989344926644,15852.645252111299,11730.309896089484
forecast_7842,2025-11-23 18:00:00,16187.27130396015,16435.374991770055,12662.896600665068
forecast_7843,2025-11-23 19:00:00,17766.703493641755,16842.802474768487,13632.177509703037
forecast_7844,2025-11-23 20:00:00,17134.509524786907,17035.73350934878,13690.46698971027
forecast_7845,2025-11-23 21:00:00,16414.106909054546,17010.387950386095,13615.965940598215
forecast_7846,2025-11-23 22:00:00,16821.29487942622,16613.43722240831,13403.143856931965
forecast_7847,2025-11-23 23:00:00,17357.428222112405,16294.894870732283,13752.681862984624
forecast_7848,2025-11-24 00:00:00,16631.702563148123,16344.380850342854,12950.777529670007
forecast_7849,2025-11-24 01:00:00,15358.84868498528,15774.046374811982,11715.611856113033
forecast_7850,2025-11-24 02:00:00,15434.281634842657,15904.31700002508,10956.190912592045
forecast_7851,2025-11-24 03:00:00,14738.15833871503,15061.407497857665,11302.687914029504
forecast_7852,2025-11-24 04:00:00,12304.5138481994,14124.22640990466,10275.143476521669
forecast_7853,2025-11-24 05:00:00,12172.348155227948,13480.362292055957,9734.349707081403
forecast_7854,2025-11-24 06:00:00,12241.161498894198,13456.94638416095,9485.037765375866
forecast_7855,2025-11-24 07:00:00,12570.69270153159,13646.47367115936,9219.646261641803
forecast_7856,2025-11-24 08:00:00,14194.288959791304,13181.18080560354,9228.423150815952
forecast_7857,2025-11-24 09:00:00,13022.816110841257,13859.82267373932,10016.088518428005
forecast_7858,2025-11-24 10:00:00,11861.740572606515,12313.389587454752,10043.808009083441
forecast_7859,2025-11-24 11:00:00,13610.594806871235,13211.38420048228,11020.580462552614
forecast_7860,2025-11-24 12:00:00,13813.83833424445,12964.925413415443,11656.507520628767
forecast_7861,2025-11-24 13:00:00,13816.470124917467,13985.149101094787,12673.022402612864
forecast_7862,2025-11-24 14:00:00,14062.731760223216,14417.981813706323,13407.454536131247
forecast_7863,2025-11-24 15:00:00,13996.039573145,13958.810459598326,13634.09587025888
forecast_7864,2025-11-24 16:00:00,14124.361520895798,13863.39046943071,12729.475973081582
forecast_7865,2025-11-24 17:00:00,14336.726575695298,13777.235210887502,12551.370583606797
forecast_7866,2025-11-24 18:00:00,13958.334010217925,13984.00844182362,12657.63070666581
forecast_7867,2025-11-24 19:00:00,13165.304014298017,13911.734108902461,11145.0799537754
forecast_7868,2025-11-24 20:00:00,13759.854772030756,14926.391900145509,11446.19816707429
forecast_7869,2025-11-24 21:00:00,13113.817030317685,15183.446978751548,10736.151440845144
forecast_7870,2025-11-24 22:00:00,13319.492633199648,14515.373970843531,11001.49326766441
forecast_7871,2025-11-24 23:00:00,12566.462746218585,14872.408040864653,10955.009432843925
forecast_7872,2025-11-25 00:00:00,13072.232888149112,15412.25834252308,11033.42042835135
forecast_7873,2025-11-25 01:00:00,12525.409893750162,14536.978699550475,11071.843028012885
forecast_7874,2025-11-25 02:00:00,13983.119614075666,14451.132259807613,12209.052549935603
forecast_7875,2025-11-25 03:00:00,13661.817328869573,13870.911406849827,11108.063657076927
forecast_7876,2025-11-25 04:00:00,13940.848352433526,13399.700480352205,10379.469418825174
forecast_7877,2025-11-25 05:00:00,12919.498572623914,13818.36547123824,10649.501833617165
forecast_7878,2025-11-25 06:00:00,12886.682358241447,14573.590676214537,10455.740769991973
forecast_7879,2025-11-25 07:00:00,13179.78437902943,14993.041006947895,10902.541840787264
forecast_7880,2025-11-25 08:00:00,12385.640672007155,12694.154487344187,9776.56589153206
forecast_7881,2025-11-25 09:00:00,9513.909268370855,10869.407117748135,7230.307980225958
forecast_7882,2025-11-25 10:00:00,9457.656476937182,10339.303091878586,7630.418192963607
forecast_7883,2025-11-25 11:00:00,8964.966793968124,8778.53463102607,7706.953799946444
forecast_7884,2025-11-25 12:00:00,9507.121141722444,9181.609583351768,7295.372744315583
forecast_7885,2025-11-25 13:00:00,11849.863021825022,10956.582858891437,9058.33346565698
forecast_7886,2025-11-25 14:00:00,10849.614948710305,9037.427632277098,7882.774935115124
forecast_7887,2025-11-25 15:00:00,11791.120785057268,11057.902062985597,8414.91331531563
forecast_7888,2025-11-25 16:00:00,11780.075345765074,10168.24867224178,8080.022185463552
forecast_7889,2025-11-25 17:00:00,12192.617186106574,10607.637053691999,8850.193754694363
forecast_7890,2025-11-25 18:00:00,11522.178279242478,10980.900700882767,8770.096336046681
forecast_7891,2025-11-25 19:00:00,10444.19036231304,10130.860755818136,7363.890054623509
forecast_7892,2025-11-25 20:00:00,9270.603843251583,9523.82594291384,6457.800299057973
forecast_7893,2025-11-25 21:00:00,8475.07107855683,8408.518940280612,5391.323006152715
forecast_7894,2025-11-25 22:00:00,6911.702265415452,7816.627970063568,5200.446191289307
forecast_7895,2025-11-25 23:00:00,6394.6181882574465,7517.488449157983,4861.7608145322265
forecast_7896,2025-11-26 00:00:00,5447.445893422535,6232.473755413581,4049.1964850708528
forecast_7897,2025-11-26 01:00:00,5217.190357336236,5393.964626855194,3591.896914703954
forecast_7898,2025-11-26 02:00:00,4086.192399639976,3840.4548644768906,3500.2407520102206
forecast_7899,2025-11-26 03:00:00,3630.6704859499964,3538.132815537219,3507.094910898331
forecast_7900,2025-11-26 04:00:00,3357.8089771166788,3073.868003757064,3418.7595111128917
forecast_7901,2025-11-26 05:00:00,3424.6674264900407,2997.9858470308254,3441.928678657063
forecast_7902,2025-11-26 06:00:00,3429.7437104269775,3164.4830649282403,3443.748539485361
forecast_7903,2025-11-26 07:00:00,3407.702862972008,3190.2583415931117,3626.7039033370315
forecast_7904,2025-11-26 08:00:00,3484.7837953447456,3321.677843718477,3522.063332276696
forecast_7905,2025-11-26 09:00:00,3592.947218465654,3790.0474180538035,3431.6068321150583
forecast_7906,2025-11-26 10:00:00,3460.9663607432567,3156.946888260638,3481.7743711026187
forecast_7907,2025-11-26 11:00:00,3569.8631916846575,3220.3813914059665,3546.305123699048
forecast_7908,2025-11-26 12:00:00,3477.8919768419487,3349.30640295701,3531.91338606525
forecast_7909,2025-11-26 13:00:00,3557.960706355339,3575.3425205074022,3535.0224858061774
forecast_7910,2025-11-26 14:00:00,3560.317825057876,3688.96267512193,3547.438060031945
forecast_7911,2025-11-26 15:00:00,3938.3985796664506,5046.7701208498465,3707.5962174164997
forecast_7912,2025-11-26 16:00:00,7337.174982126724,6803.432071729954,3773.7371698371285
forecast_7913,2025-11-26 17:00:00,10651.335240032355,9053.585038114898,5737.707527534416
forecast_7914,2025-11-26 18:00:00,12715.638139954906,11377.149605142242,7256.895798619737
forecast_7915,2025-11-26 19:00:00,13527.398856076952,13905.340419302163,8159.769326900503
forecast_7916,2025-11-26 20:00:00,13757.506529621278,15365.492179761768,8850.461282026165
forecast_7917,2025-11-26 21:00:00,13765.969224956158,15442.263349027193,9652.424227136544
forecast_7918,2025-11-26 22:00:00,15065.44789410806,16235.46574163066,11165.2924635466
forecast_7919,2025-11-26 23:00:00,15385.935302048887,17139.60386931846,12532.154536141286
forecast_7920,2025-11-27 00:00:00,16616.156243137273,18101.255158180174,14961.923559231589
forecast_7921,2025-11-27 01:00:00,16552.748656401774,18306.010389297764,14710.0584662864
forecast_7922,2025-11-27 02:00:00,17380.680697314554,18832.680948736506,15474.747795728315
forecast_7923,2025-11-27 03:00:00,18791.153040316556,18094.779994540688,13424.660769855976
forecast_7924,2025-11-27 04:00:00,17015.69234800168,17645.50563114825,13295.629862975866
forecast_7925,2025-11-27 05:00:00,15176.939017752027,15651.504124959638,12264.715389613313
forecast_7926,2025-11-27 06:00:00,16855.92067949163,16942.715097850927,12864.88455514456
forecast_7927,2025-11-27 07:00:00,13732.529662845407,14808.981418782643,11680.026358607774
forecast_7928,2025-11-27 08:00:00,15021.441758985307,16181.71782273041,13552.929113932156
forecast_7929,2025-11-27 09:00:00,14691.72117244361,17252.36506558225,15180.82847847808
forecast_7930,2025-11-27 10:00:00,15279.001950316935,17484.759235261063,16171.526341046094
forecast_7931,2025-11-27 11:00:00,15566.833555476345,17536.355951882695,16338.102608994315
forecast_7932,2025-11-27 12:00:00,16056.779636723013,17548.09603160307,16588.33382762444
forecast_7933,2025-11-27 13:00:00,16113.06135185604,17911.55157442265,17711.624086516968
forecast_7934,2025-11-27 14:00:00,17223.284143476347,17919.637582357293,17705.671361846413
forecast_7935,2025-11-27 15:00:00,17537.038366960925,17990.645069124213,17825.115220831467
forecast_7936,2025-11-27 16:00:00,17957.712447342325,18571.196397743257,17570.927670916884
forecast_7937,2025-11-27 17:00:00,18675.941047998756,18610.271329432017,17322.307937265872
forecast_7938,2025-11-27 18:00:00,19008.558792356274,18911.704247047175,17681.087974914968
forecast_7939,2025-11-27 19:00:00,17884.142368347235,18486.522605005175,17191.787086394826
forecast_7940,2025-11-27 20:00:00,18058.02024712285,18388.23841706513,14482.751898468834
forecast_7941,2025-11-27 21:00:00,17668.565782111757,18001.471981978368,14160.281485049129
forecast_7942,2025-11-27 22:00:00,17952.10777467398,17947.532437769005,14974.442053861352
forecast_7943,2025-11-27 23:00:00,18072.764002946704,17857.796267682952,15581.67667565889
forecast_7944,2025-11-28 00:00:00,18394.71324408504,18289.2055101941,16875.45079250594
forecast_7945,2025-11-28 01:00:00,18618.251399636923,18810.45348739368,17594.23343138949
forecast_7946,2025-11-28 02:00:00,17983.843949121743,17939.398796361264,16917.444534779344
forecast_7947,2025-11-28 03:00:00,17423.388337623634,18185.298073541337,16339.92048575243
forecast_7948,2025-11-28 04:00:00,17200.84517063107,18364.554362106574,15645.22927819053
forecast_7949,2025-11-28 05:00:00,16878.258110527197,17693.957103386198,14362.981053888727
forecast_7950,2025-11-28 06:00:00,17375.55293788608,17243.270662370764,12979.448881509417
forecast_7951,2025-11-28 07:00:00,16210.15904816803,17025.838757115558,12138.698942155219
forecast_7952,2025-11-28 08:00:00,15235.683302277328,14645.796773285325,9625.921220314765
forecast_7953,2025-11-28 09:00:00,13991.54480278605,12846.868057031481,9225.012985880041
forecast_7954,2025-11-28 10:00:00,12388.499661154938,9552.213510313883,7933.74258316879
forecast_7955,2025-11-28 11:00:00,9060.24253306122,8134.823053762912,6980.780573104985
forecast_7956,2025-11-28 12:00:00,7210.9638324429,6894.8777012413575,5485.543991822025
forecast_7957,2025-11-28 13:00:00,6623.23316933506,5584.422233679833,4835.514005439841
forecast_7958,2025-11-28 14:00:00,6611.218079048894,5777.326335871556,4661.604231858091
forecast_7959,2025-11-28 15:00:00,6690.742881523432,5999.795908435983,4603.515964834603
forecast_7960,2025-11-28 16:00:00,7072.474526259486,6320.0710868178285,5779.663285388763
forecast_7961,2025-11-28 17:00:00,7850.552850031749,6882.67387398266,5931.647630325967
forecast_7962,2025-11-28 18:00:00,8002.2805244918245,7573.189496296337,5876.075934559408
forecast_7963,2025-11-28 19:00:00,7564.949196533149,7211.017702492809,5436.341497719902
forecast_7964,2025-11-28 20:00:00,7773.6086292435275,6465.202511758502,5263.535381589211
forecast_7965,2025-11-28 21:00:00,7476.079797995106,6067.428150495211,5131.1352230780085
forecast_7966,2025-11-28 22:00:00,7322.387516058825,5638.1967642799345,3771.433160671235
forecast_7967,2025-11-28 23:00:00,7796.095032569943,5827.060146694578,3719.4648336285263
forecast_7968,2025-11-29 00:00:00,8098.69783924164,6794.827897839618,5741.243555169405
forecast_7969,2025-11-29 01:00:00,7063.570647083504,4104.029871703125,4547.7270270598965
forecast_7970,2025-11-29 02:00:00,8859.286662336835,8267.332364617901,4946.222175251407
forecast_7971,2025-11-29 03:00:00,9868.469494204519,10394.746863929426,6245.69491683381
forecast_7972,2025-11-29 04:00:00,11368.04440861712,12113.4870727988,8375.431721292296
forecast_7973,2025-11-29 05:00:00,12495.259544186272,13070.652106525158,9478.002755976739
forecast_7974,2025-11-29 06:00:00,13646.152412412212,14749.65821360741,10048.279929960694
forecast_7975,2025-11-29 07:00:00,13350.151874105972,14868.179713543315,10060.959136222196
forecast_7976,2025-11-29 08:00:00,12264.044987613841,14724.283799736424,8573.272203259015
forecast_7977,2025-11-29 09:00:00,11716.578759726748,13992.016146160773,7682.419034881441
forecast_7978,2025-11-29 10:00:00,11412.694615682214,12182.593681002078,7607.285610078806
forecast_7979,2025-11-29 11:00:00,11597.868595199989,12746.801504480245,8697.10278900725
forecast_7980,2025-11-29 12:00:00,13693.264422969267,14595.161965850171,11371.358327176898
forecast_7981,2025-11-29 13:00:00,14656.314031427688,15322.520099604046,13398.845701882363
forecast_7982,2025-11-29 14:00:00,15568.327355869902,15618.827958062753,14483.32246188846
forecast_7983,2025-11-29 15:00:00,16391.87934011709,16298.581674548466,15127.860338270613
forecast_7984,2025-11-29 16:00:00,17323.775131811515,17873.11506960714,16057.054264467932
forecast_7985,2025-11-29 17:00:00,19396.842390050206,18930.27133828071,17883.310925877613
forecast_7986,2025-11-29 18:00:00,20050.113242534848,19284.8466634819,19316.387778435073
forecast_7987,2025-11-29 19:00:00,20037.52870904418,19396.98051566289,19043.92101181154
forecast_7988,2025-11-29 20:00:00,20123.719672318544,19392.06523383984,19273.696752948414
forecast_7989,2025-11-29 21:00:00,20157.74403226168,19438.451597615996,19294.256794459197
forecast_7990,2025-11-29 22:00:00,20211.89801432312,19428.48950563291,19290.820317443045
forecast_7991,2025-11-29 23:00:00,20085.833085967188,19285.49717665507,19607.5054579648
forecast_7992,2025-11-30 00:00:00,20357.72890100953,19437.049086472573,19361.153677667342
forecast_7993,2025-11-30 01:00:00,20071.444803071743,19440.654681504693,19200.48070276421
forecast_7994,2025-11-30 02:00:00,19773.488167496023,19139.016902284504,18965.586213433467
forecast_7995,2025-11-30 03:00:00,19547.273096784076,19028.296746362535,18660.434353973316
forecast_7996,2025-11-30 04:00:00,19443.93650598104,18872.46527861938,18600.046421776544
forecast_7997,2025-11-30 05:00:00,18433.293096075933,18339.64579789356,17987.24487875973
forecast_7998,2025-11-30 06:00:00,17502.31812309283,17807.497738583097,17244.998764587992
forecast_7999,2025-11-30 07:00:00,16876.594054529338,17354.8205420851,16717.586129236526
forecast_8000,2025-11-30 08:00:00,15031.328341237418,16389.640003539924,15021.031668503261
forecast_8001,2025-11-30 09:00:00,14267.816356632913,15497.914755386257,13818.69349769129
forecast_8002,2025-11-30 10:00:00,15126.640287855187,14265.495762406235,12888.13656677139
forecast_8003,2025-11-30 11:00:00,14339.475906045844,13863.444388572041,12355.775514865594
forecast_8004,2025-11-30 12:00:00,13792.930228443578,13781.338208759173,11750.949444863903
forecast_8005,2025-11-30 13:00:00,14014.510992726398,13542.856004818417,11613.200994521825
forecast_8006,2025-11-30 14:00:00,13657.84804702133,13061.081655908944,10974.716674349162
forecast_8007,2025-11-30 15:00:00,14389.429632380266,12681.532235202885,11474.537047344624
forecast_8008,2025-11-30 16:00:00,14618.423686335274,14397.75557739821,12631.127489416413
forecast_8009,2025-11-30 17:00:00,15694.606860282753,15776.438430627673,13752.756189406908
forecast_8010,2025-11-30 18:00:00,17269.881882841317,17573.48260180319,16389.407385927396
forecast_8011,2025-11-30 19:00:00,18489.213773682546,18759.760167701657,18324.79684808113
forecast_8012,2025-11-30 20:00:00,19146.988664987686,19416.811350462765,18642.956186990694
forecast_8013,2025-11-30 21:00:00,19346.479907432364,19988.58423416078,18681.863866846008
forecast_8014,2025-11-30 22:00:00,20168.198790801467,20247.790151491015,19105.636400110285
forecast_8015,2025-11-30 23:00:00,20242.948067943016,20175.925452160154,19209.850004154043
forecast_8016,2025-12-01 00:00:00,20229.0269185918,20055.25041035785,19003.215192675445
forecast_8017,2025-12-01 01:00:00,20330.606810121408,20228.561614885715,19043.00091057752
forecast_8018,2025-12-01 02:00:00,20388.500672295188,20244.869478527344,19121.14544413445
forecast_8019,2025-12-01 03:00:00,20271.96476427318,20110.872916457396,18731.69847006695
forecast_8020,2025-12-01 04:00:00,20089.463000749056,19929.36123703128,18419.07107370685
forecast_8021,2025-12-01 05:00:00,19878.447274362887,19546.42951370005,18427.34188592035
forecast_8022,2025-12-01 06:00:00,19903.16749719482,19343.02122005025,18497.74522390593
forecast_8023,2025-12-01 07:00:00,19924.20379113732,19353.051696232484,18174.040045251568
forecast_8024,2025-12-01 08:00:00,18896.64344399812,18807.671213804846,16570.812170785768
forecast_8025,2025-12-01 09:00:00,16992.59166769845,17685.140585257184,12826.769429953232
forecast_8026,2025-12-01 10:00:00,14435.930722316958,15316.664382218436,10807.973099685118
forecast_8027,2025-12-01 11:00:00,10807.397785878116,11791.385882165026,7370.2407706816
forecast_8028,2025-12-01 12:00:00,8640.650920706066,9638.804700110559,5298.146732173429
forecast_8029,2025-12-01 13:00:00,7079.171258574924,6709.077782270331,4561.052857908971
forecast_8030,2025-12-01 14:00:00,6115.865020308176,5928.898464375608,4463.348194725373
forecast_8031,2025-12-01 15:00:00,6157.623847869096,4700.310638228092,5165.602998409539
forecast_8032,2025-12-01 16:00:00,6164.3869199804985,5045.452843154344,3624.238450392814
forecast_8033,2025-12-01 17:00:00,3917.843131508164,5134.15374109133,3562.126177127623
forecast_8034,2025-12-01 18:00:00,6994.709514493416,5914.298859215356,3631.9899365535616
forecast_8035,2025-12-01 19:00:00,4213.098619603794,6278.013961736513,3542.2326345328133
forecast_8036,2025-12-01 20:00:00,4309.5828561924145,6681.149714126405,3755.672786659823
forecast_8037,2025-12-01 21:00:00,9373.033116130264,7567.316677806649,6686.1356049314745
forecast_8038,2025-12-01 22:00:00,10984.175964631508,9476.036082325805,7748.33304758193
forecast_8039,2025-12-01 23:00:00,13048.306344289693,12552.277448732757,9129.42137865925
forecast_8040,2025-12-02 00:00:00,14263.558942792313,14799.762139170092,10123.506756581273
forecast_8041,2025-12-02 01:00:00,17092.18497032994,16672.1198593194,11180.948902746006
forecast_8042,2025-12-02 02:00:00,17289.873577751423,16981.754756175644,11226.039018735428
forecast_8043,2025-12-02 03:00:00,17106.533057510333,17526.76371024465,13590.93459778991
forecast_8044,2025-12-02 04:00:00,17797.491468877233,17416.773083532902,13007.741577904048
forecast_8045,2025-12-02 05:00:00,16269.36324414736,16949.04575574317,11410.785303499228
forecast_8046,2025-12-02 06:00:00,16335.928769324042,16412.522946166835,11104.10995321288
forecast_8047,2025-12-02 07:00:00,13782.872501153943,14846.69824006129,10368.417451665338
forecast_8048,2025-12-02 08:00:00,10150.5867972857,12528.830911650144,8168.153718893162
forecast_8049,2025-12-02 09:00:00,9529.922377598985,12474.225923137452,6471.969961637808
forecast_8050,2025-12-02 10:00:00,8831.12769830279,11512.291773535657,6668.844245154396
forecast_8051,2025-12-02 11:00:00,9227.949693955537,11494.010040495226,6893.8452087362975
forecast_8052,2025-12-02 12:00:00,9726.457108850618,11465.614543191063,7168.401687136515
forecast_8053,2025-12-02 13:00:00,11032.256135682488,12407.746041200811,9367.557958124196
forecast_8054,2025-12-02 14:00:00,12636.574955731261,14053.06802700441,9699.241410969738
forecast_8055,2025-12-02 15:00:00,13575.348845613724,14611.942171328037,10132.693990095477
forecast_8056,2025-12-02 16:00:00,13969.109555670293,14993.51467409997,10891.409939642705
forecast_8057,2025-12-02 17:00:00,15073.817479458205,15527.69658255836,11868.434883746286
forecast_8058,2025-12-02 18:00:00,15339.085305284141,16029.614995153464,13724.140696679087
forecast_8059,2025-12-02 19:00:00,15675.065476975928,16647.609664770967,14680.120377458732
forecast_8060,2025-12-02 20:00:00,15788.614131956472,17562.17812628236,15265.778489728176
forecast_8061,2025-12-02 21:00:00,15859.170118012436,17513.50103877378,15486.895406805419
forecast_8062,2025-12-02 22:00:00,16454.83990365884,17629.58320439636,15711.229974849413
forecast_8063,2025-12-02 23:00:00,16314.0420350067,17587.5848780405,16266.990670738425
forecast_8064,2025-12-03 00:00:00,15817.127315300382,17677.85359223952,16125.245925874704
forecast_8065,2025-12-03 01:00:00,15898.55840287205,18294.012273338943,16624.44949039974
forecast_8066,2025-12-03 02:00:00,16057.671283560365,18249.73911838774,16844.072698128413
forecast_8067,2025-12-03 03:00:00,15787.491456664946,17968.571149321764,16422.861616135608
forecast_8068,2025-12-03 04:00:00,15436.147350876921,17568.066257763585,16716.44400874325
forecast_8069,2025-12-03 05:00:00,15246.144080171163,17174.64865280038,14033.52772440075
forecast_8070,2025-12-03 06:00:00,15108.67927544974,16587.93069252646,13097.65608602407
forecast_8071,2025-12-03 07:00:00,14631.491333345492,16706.385487816213,12864.120360578367
forecast_8072,2025-12-03 08:00:00,14320.428122136258,16447.912546656647,11537.48715832484
forecast_8073,2025-12-03 09:00:00,14830.407080382985,17130.281461168164,12022.731518044635
forecast_8074,2025-12-03 10:00:00,15698.905866612164,17537.964114584764,12443.05726641054
forecast_8075,2025-12-03 11:00:00,15771.624757884256,17492.0304028894,11920.657011505173
forecast_8076,2025-12-03 12:00:00,15733.594187635437,17564.363513856522,12527.884813332135
forecast_8077,2025-12-03 13:00:00,15545.16780269247,17263.983041186264,13026.28410672523
forecast_8078,2025-12-03 14:00:00,15720.044801761685,17448.98379987126,13101.409815781744
forecast_8079,2025-12-03 15:00:00,15573.689703541386,17360.887949841926,13023.895371796058
forecast_8080,2025-12-03 16:00:00,15373.46359250056,17411.457676079273,13151.215400236406
forecast_8081,2025-12-03 17:00:00,15065.210253490193,17045.32683074517,12355.256175847551
forecast_8082,2025-12-03 18:00:00,14696.83600503972,16642.91954642984,12150.091272810812
forecast_8083,2025-12-03 19:00:00,14003.908188090489,16616.91506693996,12529.137093581263
forecast_8084,2025-12-03 20:00:00,14430.507972846906,16301.762778711758,12955.658914940645
forecast_8085,2025-12-03 21:00:00,14078.936420615308,15259.080436404847,12973.79446313755
forecast_8086,2025-12-03 22:00:00,14138.424482234246,15754.56467498715,11929.25209898987
forecast_8087,2025-12-03 23:00:00,14673.13974368631,15792.423159139606,11117.94264312128
forecast_8088,2025-12-04 00:00:00,15009.69344194316,16211.615796428798,11293.423952027086
forecast_8089,2025-12-04 01:00:00,15603.740603113562,16822.913924750508,11605.000575381828
forecast_8090,2025-12-04 02:00:00,15828.823738066776,17480.490706786753,12660.288266127325
forecast_8091,2025-12-04 03:00:00,16407.59844360391,17519.924008830934,13373.875090288962
forecast_8092,2025-12-04 04:00:00,17347.89952370742,17504.798001698946,14477.029618316597
forecast_8093,2025-12-04 05:00:00,18029.04877798411,17594.122711671243,15682.592502541911
forecast_8094,2025-12-04 06:00:00,17506.836428174596,18290.084614885007,16064.691906235008
forecast_8095,2025-12-04 07:00:00,17559.044205524442,18650.45144521506,16890.95199022508
forecast_8096,2025-12-04 08:00:00,16977.265577878425,18237.08648518916,16227.173054570392
forecast_8097,2025-12-04 09:00:00,15914.316346789377,18389.118530338277,15108.333867925176
forecast_8098,2025-12-04 10:00:00,15798.123786409447,18010.46394362102,13364.592701426378
forecast_8099,2025-12-04 11:00:00,15261.61386823917,16136.903242300978,11596.729534976783
forecast_8100,2025-12-04 12:00:00,14012.31592273519,14580.70256962674,10224.933569506118
forecast_8101,2025-12-04 13:00:00,13078.079996364813,14018.60957975043,10254.541985148893
forecast_8102,2025-12-04 14:00:00,12693.995771578437,13641.2062246915,9578.72425481501
forecast_8103,2025-12-04 15:00:00,13126.287660108588,14453.320498007472,10815.89658665429
forecast_8104,2025-12-04 16:00:00,14405.867129520997,15400.620436250847,12560.251899638171
forecast_8105,2025-12-04 17:00:00,14377.3332215247,15808.314473820767,13272.643377658434
forecast_8106,2025-12-04 18:00:00,15157.941612214225,16726.07802944604,15306.372673497403
forecast_8107,2025-12-04 19:00:00,15414.076739148753,17498.008477799645,16649.116396964073
forecast_8108,2025-12-04 20:00:00,15554.058493089002,17990.386731210012,16097.075720842608
forecast_8109,2025-12-04 21:00:00,15840.363835866554,17794.316601135863,16393.45644204215
forecast_8110,2025-12-04 22:00:00,15816.145015502974,17954.135157524775,15416.2286120448
forecast_8111,2025-12-04 23:00:00,16106.360921469,17050.09798582955,15799.776102129475
forecast_8112,2025-12-05 00:00:00,16134.208083418025,17069.884242947068,15879.057732438489
forecast_8113,2025-12-05 01:00:00,15827.77787438618,16738.1506845424,15045.085869474091
forecast_8114,2025-12-05 02:00:00,15740.17003346188,16653.71806052179,14797.220261390183
forecast_8115,2025-12-05 03:00:00,15221.39291241488,15539.107702189178,13707.523468695505
forecast_8116,2025-12-05 04:00:00,15634.586846813605,16276.805015819738,13106.480060381546
forecast_8117,2025-12-05 05:00:00,15260.059544978361,16503.001214544474,12372.015272138953
forecast_8118,2025-12-05 06:00:00,16095.154669274752,17289.936159655128,13110.620529918531
forecast_8119,2025-12-05 07:00:00,17738.34744622683,18365.02502191441,13250.222435023896
forecast_8120,2025-12-05 08:00:00,18545.131971496205,18149.91507077263,13376.705621545412
forecast_8121,2025-12-05 09:00:00,18491.767071412116,18484.082274321947,13598.173659103843
forecast_8122,2025-12-05 10:00:00,17753.767707862844,16887.03659276199,12565.27586539904
forecast_8123,2025-12-05 11:00:00,15579.603399015241,16667.369273021428,12387.252322255117
forecast_8124,2025-12-05 12:00:00,13715.303358636374,15980.949148970643,11432.92057590917
forecast_8125,2025-12-05 13:00:00,12323.159055630491,14441.04295700425,10180.415999498282
forecast_8126,2025-12-05 14:00:00,14326.101540579355,15706.91566567148,11115.581564475044
forecast_8127,2025-12-05 15:00:00,16359.985035788637,16546.783951906797,12250.99152971796
forecast_8128,2025-12-05 16:00:00,17048.246007358815,17921.117187055293,13435.169319646287
forecast_8129,2025-12-05 17:00:00,19416.120756257784,18201.89687824478,14087.223845907485
forecast_8130,2025-12-05 18:00:00,18170.266007169994,18292.97315097338,15005.211167219262
forecast_8131,2025-12-05 19:00:00,18376.837781745235,18401.82683743262,15028.012849402789
forecast_8132,2025-12-05 20:00:00,18637.3469558995,18338.756450610937,14431.106683415828
forecast_8133,2025-12-05 21:00:00,18611.57988248944,18573.997583883098,14932.576589997223
forecast_8134,2025-12-05 22:00:00,19781.421186570464,19376.409331792678,16829.042460334196
forecast_8135,2025-12-05 23:00:00,20794.66850681949,19526.37473076028,17049.907891174385
forecast_8136,2025-12-06 00:00:00,21479.236441357494,19926.097505905433,17631.94237947097
forecast_8137,2025-12-06 01:00:00,20264.99988042566,19640.590220058817,16320.386970679278
forecast_8138,2025-12-06 02:00:00,21264.160768444817,19896.03089963818,17639.540284123985
forecast_8139,2025-12-06 03:00:00,21193.639472737228,19883.48485669911,17288.098537136888
forecast_8140,2025-12-06 04:00:00,20746.74720139576,19498.59025654135,16426.467855290328
forecast_8141,2025-12-06 05:00:00,20762.643568455962,19530.381765784256,16679.46836293727
forecast_8142,2025-12-06 06:00:00,20302.981049215363,19607.408410869644,16645.996868054637
forecast_8143,2025-12-06 07:00:00,19492.838524932835,19572.99142099801,16146.12712805612
forecast_8144,2025-12-06 08:00:00,18701.90348750715,19117.09004131305,14203.307900045682
forecast_8145,2025-12-06 09:00:00,17702.298142390253,18771.391916323595,13270.440542759725
forecast_8146,2025-12-06 10:00:00,17460.300452692223,17995.95401207568,13286.923415455518
forecast_8147,2025-12-06 11:00:00,16547.619399101026,17419.55570971105,13401.112332195884
forecast_8148,2025-12-06 12:00:00,16767.914223583328,17453.74416185463,14470.711549479105
forecast_8149,2025-12-06 13:00:00,16504.15273404212,17534.62117274008,14868.985280902467
forecast_8150,2025-12-06 14:00:00,17295.499746769234,17654.3070421525,15331.5390364408
forecast_8151,2025-12-06 15:00:00,17972.955229950123,17967.76694074297,15910.604856595097
forecast_8152,2025-12-06 16:00:00,18832.401023641974,18662.692093430545,16747.458201311583
forecast_8153,2025-12-06 17:00:00,19020.827827843368,18649.28496601845,17204.911954817482
forecast_8154,2025-12-06 18:00:00,19183.981464867516,19104.659087701162,17847.443415407204
forecast_8155,2025-12-06 19:00:00,19174.431159971868,19324.960191569713,18463.195137667735
forecast_8156,2025-12-06 20:00:00,19903.07426323618,19285.085086007817,18028.23481796428
forecast_8157,2025-12-06 21:00:00,20017.904547678456,19247.65083920753,18037.992180152993
forecast_8158,2025-12-06 22:00:00,20396.48370049261,19362.933293136655,18520.93512511304
forecast_8159,2025-12-06 23:00:00,20390.629688946312,19467.2010843305,18645.5036381429
forecast_8160,2025-12-07 00:00:00,20601.559295766405,19839.433632110005,18585.24129937407
forecast_8161,2025-12-07 01:00:00,20322.533577729857,19582.359566807605,18248.107870077387
forecast_8162,2025-12-07 02:00:00,20291.819920955695,19184.061611158326,17952.95245375556
forecast_8163,2025-12-07 03:00:00,20008.66371943183,19085.209694363322,17825.622748558344
forecast_8164,2025-12-07 04:00:00,20002.015872467786,18965.687085606092,17683.429040452786
forecast_8165,2025-12-07 05:00:00,19949.323678798562,19084.151543522177,16911.366617033644
forecast_8166,2025-12-07 06:00:00,19989.105855159225,19057.648247217865,17797.613258618403
forecast_8167,2025-12-07 07:00:00,20186.082845268902,19142.29011552741,18092.540045171
forecast_8168,2025-12-07 08:00:00,19937.00882996202,18804.93602916437,17703.74467148512
forecast_8169,2025-12-07 09:00:00,19250.39767964337,18594.836476630982,17340.22664658655
forecast_8170,2025-12-07 10:00:00,18564.24327477465,18286.960136227684,17218.08895897029
forecast_8171,2025-12-07 11:00:00,18535.806656878736,18029.796314013314,16765.86326970599
forecast_8172,2025-12-07 12:00:00,18746.152747953707,17986.74727430165,16445.92862800592
forecast_8173,2025-12-07 13:00:00,18687.25059422378,18033.81668674674,16458.640890227896
forecast_8174,2025-12-07 14:00:00,19164.30669886171,18428.84221837835,17316.774961040457
forecast_8175,2025-12-07 15:00:00,19599.04658267958,18660.909257587235,17461.738679893733
forecast_8176,2025-12-07 16:00:00,19472.991740755955,18808.134069523327,17672.082488200467
forecast_8177,2025-12-07 17:00:00,19365.227532066372,18737.817141474963,17650.97392623083
forecast_8178,2025-12-07 18:00:00,19329.1721910367,18797.7417709453,18289.235762430606
forecast_8179,2025-12-07 19:00:00,19395.069322725303,18979.697974596056,18265.007261619954
forecast_8180,2025-12-07 20:00:00,19421.741607480235,19043.46001193389,17751.006032530422
forecast_8181,2025-12-07 21:00:00,19416.193252726192,18941.596839533562,17644.61214766309
forecast_8182,2025-12-07 22:00:00,19626.15704883043,18827.574513389485,17427.73290716421
forecast_8183,2025-12-07 23:00:00,19670.017520786143,19006.087692508354,17546.644567087576
forecast_8184,2025-12-08 00:00:00,18955.405530951273,18914.450290706372,16975.142496917455
forecast_8185,2025-12-08 01:00:00,18415.671644258804,18813.52846551039,17117.521951162456
forecast_8186,2025-12-08 02:00:00,17906.115955554484,18639.649386236903,16874.598439307636
forecast_8187,2025-12-08 03:00:00,16952.111137784792,18543.424413882025,14876.012005787441
forecast_8188,2025-12-08 04:00:00,17246.60859500203,18210.95072592427,14061.498042725805
forecast_8189,2025-12-08 05:00:00,16048.717828860643,17351.556086614997,13060.814582821957
forecast_8190,2025-12-08 06:00:00,15266.157853933199,16981.507887397267,12109.679106535674
forecast_8191,2025-12-08 07:00:00,14428.761850091176,16380.636139837376,10738.066802475392
forecast_8192,2025-12-08 08:00:00,12582.031245029868,15027.570323010248,9487.711379205475
forecast_8193,2025-12-08 09:00:00,10482.442944665885,12363.149174556913,7958.810798728396
forecast_8194,2025-12-08 10:00:00,8583.759447019333,9263.508983503634,6607.624438548732
forecast_8195,2025-12-08 11:00:00,6340.347599264409,6386.7278757710665,4688.947231000843
forecast_8196,2025-12-08 12:00:00,5656.488748245887,5676.975913895876,4500.75826310336
forecast_8197,2025-12-08 13:00:00,5078.292931771368,5194.5642482409,4131.093695281724
forecast_8198,2025-12-08 14:00:00,5205.181182518652,5022.853070455516,3914.4830847640455
forecast_8199,2025-12-08 15:00:00,5125.895942369083,5337.42668045873,3705.4059383596796
forecast_8200,2025-12-08 16:00:00,5943.358714756467,6401.5434928831955,4738.001694159215
forecast_8201,2025-12-08 17:00:00,8026.416324489138,9470.988758067815,6137.0757569830075
forecast_8202,2025-12-08 18:00:00,10663.378324632664,13013.22182495059,8196.910415970782
forecast_8203,2025-12-08 19:00:00,12024.125048149526,16141.580608066812,9371.622419021329
forecast_8204,2025-12-08 20:00:00,12803.640727580585,16952.34135080967,10247.684173852396
forecast_8205,2025-12-08 21:00:00,13392.007200178165,17114.476233545683,10750.22064195319
forecast_8206,2025-12-08 22:00:00,15868.851738567351,17940.955005490305,11384.73968494314
forecast_8207,2025-12-08 23:00:00,16561.394787178233,18000.904249205443,11650.929993291333
forecast_8208,2025-12-09 00:00:00,16399.098489605036,18143.83799896614,11888.822039275166
forecast_8209,2025-12-09 01:00:00,16247.005603126318,17729.272064929675,11777.892706217812
forecast_8210,2025-12-09 02:00:00,17244.895069903036,18788.18511415188,12598.940005778908
forecast_8211,2025-12-09 03:00:00,17849.011629495097,18800.320230182435,12222.454573451983
forecast_8212,2025-12-09 04:00:00,18158.55830029577,18746.819648589237,12835.685377865395
forecast_8213,2025-12-09 05:00:00,17787.204990392693,18679.48594890373,14171.31717181918
forecast_8214,2025-12-09 06:00:00,18137.613544470867,18642.351054705607,15019.63527293444
forecast_8215,2025-12-09 07:00:00,18619.153930515095,19227.241537609716,15719.354751743525
forecast_8216,2025-12-09 08:00:00,19307.757284460837,19346.96993045059,15579.824562254584
forecast_8217,2025-12-09 09:00:00,18764.641916877714,18894.934750612316,14278.667454836113
forecast_8218,2025-12-09 10:00:00,17157.091059292925,17783.157735817378,12603.959943493322
forecast_8219,2025-12-09 11:00:00,16887.340964647865,17520.09226450769,12820.0149357513
forecast_8220,2025-12-09 12:00:00,16048.410459666302,16599.5829719694,11350.14493816695
forecast_8221,2025-12-09 13:00:00,15555.388907426852,15697.000591555176,11046.371935089579
forecast_8222,2025-12-09 14:00:00,14982.795490286708,15115.255458805314,10738.397511185101
forecast_8223,2025-12-09 15:00:00,15088.3308935398,14598.89331351221,11372.942470843076
forecast_8224,2025-12-09 16:00:00,14302.578696074785,13577.18753685805,10748.089026125292
forecast_8225,2025-12-09 17:00:00,13616.405347127178,12991.777233379646,10044.3390339913
forecast_8226,2025-12-09 18:00:00,14262.436812562293,15403.617536253,10181.533454372946
forecast_8227,2025-12-09 19:00:00,14013.518935506121,16724.628400881775,9730.835815835588
forecast_8228,2025-12-09 20:00:00,12883.952967113955,16273.829315378855,9343.021363887809
forecast_8229,2025-12-09 21:00:00,11804.049218093547,14693.509586125008,8761.931257471064
forecast_8230,2025-12-09 22:00:00,12120.601791367093,14778.512305364422,10122.248861380927
forecast_8231,2025-12-09 23:00:00,12416.850431061443,14744.309647374786,9696.866332582222
forecast_8232,2025-12-10 00:00:00,12149.20603135801,15158.10975087961,9629.665884377308
forecast_8233,2025-12-10 01:00:00,11789.62061152582,14812.282866015034,9311.235090028533
forecast_8234,2025-12-10 02:00:00,11929.48758983491,15572.664156919875,10138.732536652335
forecast_8235,2025-12-10 03:00:00,14498.192811847543,16766.234931785915,11080.761468209761
forecast_8236,2025-12-10 04:00:00,14797.153452911427,16925.03182992763,10926.019565783026
forecast_8237,2025-12-10 05:00:00,15271.76707524819,16903.221028908778,11055.736263384613
forecast_8238,2025-12-10 06:00:00,15201.355286520638,17148.535756738238,11737.442794494118
forecast_8239,2025-12-10 07:00:00,15456.958677381872,16957.868011892777,11819.387566830692
forecast_8240,2025-12-10 08:00:00,14558.303342431702,15013.163274421253,10791.600089445748
forecast_8241,2025-12-10 09:00:00,13988.695472706282,13452.420706033086,9678.92761843254
forecast_8242,2025-12-10 10:00:00,12835.67121033772,11724.09583360838,10129.674651995532
forecast_8243,2025-12-10 11:00:00,11120.570454129238,10847.1990279681,8965.249067411598
forecast_8244,2025-12-10 12:00:00,9212.21172057071,10073.333255127096,7378.9665926804155
forecast_8245,2025-12-10 13:00:00,8920.904049458399,9558.42902752843,6874.599773973608
forecast_8246,2025-12-10 14:00:00,8101.321231849759,8850.194730162628,6575.670888344359
forecast_8247,2025-12-10 15:00:00,8005.419327133779,7833.622357741345,6040.263729236521
forecast_8248,2025-12-10 16:00:00,7936.276891319358,7621.829198287136,3526.8843970619278
forecast_8249,2025-12-10 17:00:00,7972.3308200284055,8105.158712865678,3512.711768200949
forecast_8250,2025-12-10 18:00:00,7548.421460931739,8556.842839502182,3647.4383406892957
forecast_8251,2025-12-10 19:00:00,7359.083248071012,9272.767589229608,3649.0942505454564
forecast_8252,2025-12-10 20:00:00,8536.249906922949,10709.490933618923,5731.2942875427125
forecast_8253,2025-12-10 21:00:00,10271.945428562298,12919.630330554177,7223.827437416576
forecast_8254,2025-12-10 22:00:00,13830.563101463302,16011.900530362447,9490.410797117614
forecast_8255,2025-12-10 23:00:00,16304.757126138431,17563.214896077807,11921.61872541925
forecast_8256,2025-12-11 00:00:00,15421.659503302462,17702.107085426156,12888.83916678817
forecast_8257,2025-12-11 01:00:00,17121.43513053353,18178.713647674584,14892.34616866755
forecast_8258,2025-12-11 02:00:00,17141.390847876028,18476.726923338574,15586.802159006696
forecast_8259,2025-12-11 03:00:00,18722.941558285456,19123.13432248437,17466.238705789387
forecast_8260,2025-12-11 04:00:00,19715.126829183882,19576.46336310127,17867.73706406811
forecast_8261,2025-12-11 05:00:00,19438.120694993806,19877.34272676771,17842.541128705274
forecast_8262,2025-12-11 06:00:00,19549.60280544671,19825.978640894726,18059.247529558124
forecast_8263,2025-12-11 07:00:00,19600.494467115594,19789.526311484606,18341.90283370642
forecast_8264,2025-12-11 08:00:00,18161.394675283424,18937.316681480002,15938.914895472508
forecast_8265,2025-12-11 09:00:00,16838.719310104883,18414.470061528737,15257.332459307807
forecast_8266,2025-12-11 10:00:00,18296.058286410556,18621.665581635676,15857.537999682034
forecast_8267,2025-12-11 11:00:00,16513.85249787571,17780.802567713068,12415.22227549558
forecast_8268,2025-12-11 12:00:00,15757.39488833752,17254.941332453902,11374.55891079787
forecast_8269,2025-12-11 13:00:00,13551.889080511,15279.336914189182,9670.58557965485
forecast_8270,2025-12-11 14:00:00,12769.874259753788,14240.146814487844,9026.897986032265
forecast_8271,2025-12-11 15:00:00,13131.16583304964,14178.890801299272,9008.334545324376
forecast_8272,2025-12-11 16:00:00,13117.244706239713,13895.379170172364,9281.657664595607
forecast_8273,2025-12-11 17:00:00,13469.60534830643,13002.086640062378,9052.53064108672
forecast_8274,2025-12-11 18:00:00,13854.671176863749,13080.459679619862,9022.255176212933
forecast_8275,2025-12-11 19:00:00,12157.829039902063,12083.20381470462,7596.369193003822
forecast_8276,2025-12-11 20:00:00,7614.167624237489,9075.117382141198,5776.992899483043
forecast_8277,2025-12-11 21:00:00,4780.853567790581,3741.896364873877,3557.0629793271773
forecast_8278,2025-12-11 22:00:00,3564.145133691402,3558.9916553301896,3433.3638103867797
forecast_8279,2025-12-11 23:00:00,3458.4257435680097,3727.042110858713,3467.464032725143
forecast_8280,2025-12-12 00:00:00,3324.05478076359,3405.269126944451,3598.2626744013073
forecast_8281,2025-12-12 01:00:00,3207.825481508644,2900.951802664384,3454.8416013616334
forecast_8282,2025-12-12 02:00:00,3232.5911042877387,2894.582704988562,3520.3252016908186
forecast_8283,2025-12-12 03:00:00,3230.4804356193094,2900.1642385059276,3452.3430225985703
forecast_8284,2025-12-12 04:00:00,3231.772758515327,2869.615286999157,3437.8369514248197
forecast_8285,2025-12-12 05:00:00,3304.9070158932077,2898.40484535738,3442.971308401393
forecast_8286,2025-12-12 06:00:00,3305.5116023354617,2888.0824955113285,3440.6435712115376
forecast_8287,2025-12-12 07:00:00,3241.6213385389756,2869.459665075008,3418.2537962793176
forecast_8288,2025-12-12 08:00:00,3227.6668734071327,2818.464702662947,3438.1184529633883
forecast_8289,2025-12-12 09:00:00,3260.839198935289,2799.0047704403623,3433.098205914463
forecast_8290,2025-12-12 10:00:00,3189.1191220428773,2759.719438215375,3393.2488398658447
forecast_8291,2025-12-12 11:00:00,3179.2249962621117,2712.0618959279277,3373.557000451159
forecast_8292,2025-12-12 12:00:00,3143.994506450507,2578.1440441065815,3365.5511869773586
forecast_8293,2025-12-12 13:00:00,3136.245367881817,2572.754719596889,3363.6802646531683
forecast_8294,2025-12-12 14:00:00,3127.063847784158,2527.909600852098,3362.2450960828196
forecast_8295,2025-12-12 15:00:00,3126.187671269925,2532.4771891602227,3362.133611457368
forecast_8296,2025-12-12 16:00:00,3134.776331654943,2573.1919847057284,3364.1395076636313
forecast_8297,2025-12-12 17:00:00,3141.4406666599475,2562.2335822199075,3364.889205194585
forecast_8298,2025-12-12 18:00:00,3164.8423543963995,2627.324296561591,3366.2169458808276
forecast_8299,2025-12-12 19:00:00,3280.5931960399207,2815.2254115976766,3381.5449068333023
forecast_8300,2025-12-12 20:00:00,3233.1507388836703,2809.4961809909732,3369.201111103095
forecast_8301,2025-12-12 21:00:00,3246.544444662883,2851.701326788913,3371.4488902672856
forecast_8302,2025-12-12 22:00:00,3319.433326413677,2904.260208151371,3377.2636821255223
forecast_8303,2025-12-12 23:00:00,3338.4728154768727,2939.3886582907003,3382.2511624571066
forecast_8304,2025-12-13 00:00:00,3292.7195777353577,2982.6297885468666,3387.9565367619502
forecast_8305,2025-12-13 01:00:00,3316.3121903191804,3058.546667845867,3409.231533132334
forecast_8306,2025-12-13 02:00:00,3453.2872637458513,3393.944687903825,3434.44486157139
forecast_8307,2025-12-13 03:00:00,3383.5244664273546,3202.6225647745687,3416.442712510257
forecast_8308,2025-12-13 04:00:00,3520.525660033217,3531.478042086278,3521.8193181102124
forecast_8309,2025-12-13 05:00:00,3502.01522838641,3487.2917009068974,3436.080955598654
forecast_8310,2025-12-13 06:00:00,3527.6519608598915,3609.548310925542,3502.778799612488
forecast_8311,2025-12-13 07:00:00,3543.689491337198,3690.472342793192,3486.4170143371925
forecast_8312,2025-12-13 08:00:00,4113.042267460128,6108.396893443544,3694.9811096959284
forecast_8313,2025-12-13 09:00:00,3563.2068746433133,3680.995616872516,3539.128430182706
forecast_8314,2025-12-13 10:00:00,3373.868169873134,3324.293909386156,3449.634950184057
forecast_8315,2025-12-13 11:00:00,3324.7244060850917,3013.623775060705,3404.3379847433466
forecast_8316,2025-12-13 12:00:00,3278.3072723363125,3057.643109851333,3433.467702387434
forecast_8317,2025-12-13 13:00:00,3188.5635159564713,2648.114830760545,3371.854105767286
forecast_8318,2025-12-13 14:00:00,3239.029046413729,2821.5660494198255,3399.0140656054746
forecast_8319,2025-12-13 15:00:00,3226.704529258367,2868.109659331063,3386.345983508776
forecast_8320,2025-12-13 16:00:00,3396.723705155504,3194.89887680708,3432.1896023887107
forecast_8321,2025-12-13 17:00:00,3515.6143098724524,3300.8092916260143,3413.347252077597
forecast_8322,2025-12-13 18:00:00,3609.4322788164163,3516.083499957469,3451.996965692071
forecast_8323,2025-12-13 19:00:00,3573.632853807234,3780.4507012042122,3456.950124830363
forecast_8324,2025-12-13 20:00:00,3647.2392566372664,3983.861259947179,3470.1483322181575
forecast_8325,2025-12-13 21:00:00,4193.512970451686,6294.3791197339815,3687.015884421999
forecast_8326,2025-12-13 22:00:00,6569.898790891278,7570.094933869443,5574.016344858933
forecast_8327,2025-12-13 23:00:00,8171.011991480197,8966.658724648567,6807.747524634381
forecast_8328,2025-12-14 00:00:00,9558.615411930732,11345.507169237224,8766.819259559219
forecast_8329,2025-12-14 01:00:00,15363.439694487928,16173.244607929122,11391.638939772247
forecast_8330,2025-12-14 02:00:00,14814.47739091718,16206.266676103241,11520.45397006156
forecast_8331,2025-12-14 03:00:00,14844.69233979571,15795.702809552298,11454.171331756168
forecast_8332,2025-12-14 04:00:00,15065.472465999246,15953.327382934061,12206.630461886713
forecast_8333,2025-12-14 05:00:00,16166.97195924346,17066.420806169248,13680.092424459424
forecast_8334,2025-12-14 06:00:00,16067.349478742139,16866.39554209873,13040.693305397472
forecast_8335,2025-12-14 07:00:00,16010.691957078183,16710.773184446414,13793.370349597593
forecast_8336,2025-12-14 08:00:00,16388.281380421304,17310.030762569946,12845.616661865168
forecast_8337,2025-12-14 09:00:00,16192.012339457262,17718.525787907565,12387.85933661784
forecast_8338,2025-12-14 10:00:00,15632.07729644637,17311.47573368348,11957.13664447516
forecast_8339,2025-12-14 11:00:00,14890.574664892736,16351.344867121075,11630.10067036411
forecast_8340,2025-12-14 12:00:00,14730.566529331896,15643.523355688996,11786.874132060055
forecast_8341,2025-12-14 13:00:00,15233.400537211242,15798.916932100703,11629.177961546357
forecast_8342,2025-12-14 14:00:00,14414.990615223383,15266.08095360514,11244.70170786543
forecast_8343,2025-12-14 15:00:00,14670.40958119506,15521.24586926783,11411.925088945944
forecast_8344,2025-12-14 16:00:00,14417.000669908488,15872.288184527737,11887.720016481402
forecast_8345,2025-12-14 17:00:00,15148.662690815128,16293.794674991883,12925.800006841024
forecast_8346,2025-12-14 18:00:00,15432.329469240294,16520.510188772212,13696.250482116562
forecast_8347,2025-12-14 19:00:00,16307.035461171607,17562.825141248853,13984.150165553145
forecast_8348,2025-12-14 20:00:00,16265.166205117317,17977.316644791907,13946.6788870351
forecast_8349,2025-12-14 21:00:00,16248.30505621442,17948.283328137266,13807.147765970038
forecast_8350,2025-12-14 22:00:00,16743.202466086306,18272.917586451276,14501.50068388073
forecast_8351,2025-12-14 23:00:00,16753.874864053858,18297.341212004667,14244.18488787609
forecast_8352,2025-12-15 00:00:00,17321.118767266158,18314.365207733274,14800.511022383043
forecast_8353,2025-12-15 01:00:00,17911.84766554701,18375.491073173478,15054.024143121198
forecast_8354,2025-12-15 02:00:00,18169.746321443192,18606.04984089219,14869.453377120755
forecast_8355,2025-12-15 03:00:00,18225.750476878136,18698.07437578361,15103.051472092224
forecast_8356,2025-12-15 04:00:00,18394.230683593418,18665.177572355464,15487.598106799196
forecast_8357,2025-12-15 05:00:00,18993.476127620386,18949.53259741158,14918.99819849111
forecast_8358,2025-12-15 06:00:00,18744.59310349732,19310.572843069316,15198.042013155471
forecast_8359,2025-12-15 07:00:00,18037.852571899915,19048.934039629596,15007.241456549214
forecast_8360,2025-12-15 08:00:00,16957.537975953233,18559.72156688711,13730.750299903957
forecast_8361,2025-12-15 09:00:00,17838.957957627747,18081.736601920842,13143.727130301015
forecast_8362,2025-12-15 10:00:00,17609.944824367587,16118.301104873613,12564.666537982443
forecast_8363,2025-12-15 11:00:00,16820.7282150338,15943.550776763665,11431.63803485774
forecast_8364,2025-12-15 12:00:00,15313.053506600108,14677.303251081987,10281.51605490101
forecast_8365,2025-12-15 13:00:00,15494.500286350798,14130.946013069944,9663.132408040028
forecast_8366,2025-12-15 14:00:00,17157.536167167516,16602.741056298142,10452.024696261695
forecast_8367,2025-12-15 15:00:00,18006.904894048457,17587.47615928912,11760.715532207802
forecast_8368,2025-12-15 16:00:00,18118.224638044543,17869.91369754522,12523.829184671686
forecast_8369,2025-12-15 17:00:00,18439.81380290968,18636.294515595637,13760.488358107368
forecast_8370,2025-12-15 18:00:00,18833.682795618035,19732.700751061908,14704.50039362212
forecast_8371,2025-12-15 19:00:00,19406.18575161083,19912.565811631972,14998.791302988968
forecast_8372,2025-12-15 20:00:00,19722.301575934245,19659.576183413625,14867.690388257668
forecast_8373,2025-12-15 21:00:00,20145.50319524163,19431.618849533854,14571.06310434765
forecast_8374,2025-12-15 22:00:00,20286.090837511805,19604.881787734335,13972.968986116797
forecast_8375,2025-12-15 23:00:00,18465.761496067076,19189.565518480227,11889.393106198175
forecast_8376,2025-12-16 00:00:00,16216.777390530024,17861.936724235242,11167.246498454071
forecast_8377,2025-12-16 01:00:00,16786.183861103113,17292.67350682476,11655.142512786706
forecast_8378,2025-12-16 02:00:00,14799.397633099561,16705.68923266083,11123.773403358424
forecast_8379,2025-12-16 03:00:00,13999.841766222064,16381.847767703563,10297.980695712948
forecast_8380,2025-12-16 04:00:00,12100.283643859788,15270.973992199428,9408.293142982739
forecast_8381,2025-12-16 05:00:00,11628.03253925052,15363.535899725679,9057.561579520321
forecast_8382,2025-12-16 06:00:00,11892.997284359992,15406.904126051899,7988.313478354068
forecast_8383,2025-12-16 07:00:00,12042.249896996618,14856.392331914136,8565.309065252868
forecast_8384,2025-12-16 08:00:00,12002.600915218722,13839.666440575564,8315.784059080468
forecast_8385,2025-12-16 09:00:00,11390.21929034276,13287.116544339286,8583.104124255104
forecast_8386,2025-12-16 10:00:00,12152.386533913763,13333.961550445914,8772.099542486478
forecast_8387,2025-12-16 11:00:00,12579.542423618599,14006.519154524929,10215.683183588822
forecast_8388,2025-12-16 12:00:00,12343.403932895504,14076.716284292299,10452.381117148938
forecast_8389,2025-12-16 13:00:00,12233.367163079438,14061.964398868766,10002.827280648395
forecast_8390,2025-12-16 14:00:00,11822.338334085276,12363.612294689596,10093.357106687712
forecast_8391,2025-12-16 15:00:00,11254.692672021056,11116.044821019335,8589.296721651994
forecast_8392,2025-12-16 16:00:00,11117.810126508999,11767.539275667757,8507.148575380876
forecast_8393,2025-12-16 17:00:00,10483.39378185312,10647.533308893164,8050.860572249304
forecast_8394,2025-12-16 18:00:00,9490.089101509233,9919.063627457082,7632.98220983907
forecast_8395,2025-12-16 19:00:00,8748.333426833084,9477.83684132961,6811.672077358075
forecast_8396,2025-12-16 20:00:00,8714.595336621787,9111.312972849562,6845.279088390655
forecast_8397,2025-12-16 21:00:00,8795.984918323675,9380.615146938522,7363.049781647187
forecast_8398,2025-12-16 22:00:00,8280.74810511443,8833.980624012385,6612.071214718612
forecast_8399,2025-12-16 23:00:00,6980.183243193189,8199.16900432237,5566.308632105897
forecast_8400,2025-12-17 00:00:00,8081.938790221897,9305.590934020329,5913.03937365937
forecast_8401,2025-12-17 01:00:00,9368.091075280376,10326.014674628208,7448.480542940635
forecast_8402,2025-12-17 02:00:00,9766.965732546332,10402.353937862359,7703.878764513743
forecast_8403,2025-12-17 03:00:00,10114.009609016264,10581.151322761969,8175.893121546198
forecast_8404,2025-12-17 04:00:00,8684.192911479251,10539.1700183186,6029.847576912116
forecast_8405,2025-12-17 05:00:00,8283.834886455883,9609.156253221496,5470.962886151671
forecast_8406,2025-12-17 06:00:00,8415.53882351627,9361.645074994116,5886.85267654398
forecast_8407,2025-12-17 07:00:00,8765.828762160902,9322.690825077978,6915.981131325456
forecast_8408,2025-12-17 08:00:00,7382.028180564599,8184.6482875406355,3670.744949475922
forecast_8409,2025-12-17 09:00:00,3588.9597559603167,3899.9317086821284,3585.1632986004547
forecast_8410,2025-12-17 10:00:00,3560.425569889362,3775.143438798718,3592.7164701537404
forecast_8411,2025-12-17 11:00:00,3596.8992829518693,3643.59222134276,3698.6519551859624
forecast_8412,2025-12-17 12:00:00,3581.5038005355864,3640.7967147219847,3553.3291513344834
forecast_8413,2025-12-17 13:00:00,3565.09704532001,3613.554499311215,3638.5948033750983
forecast_8414,2025-12-17 14:00:00,3573.938760289493,3654.4061735761966,3628.4506697527904
forecast_8415,2025-12-17 15:00:00,3492.3320479446943,3557.5511787216533,3555.6279651063114
forecast_8416,2025-12-17 16:00:00,3472.721881890575,3585.6690233827153,3501.196378075765
forecast_8417,2025-12-17 17:00:00,3632.178959600833,3886.6528523150178,3471.801715069964
forecast_8418,2025-12-17 18:00:00,6513.890960449142,5875.245271491442,3760.140001093008
forecast_8419,2025-12-17 19:00:00,6710.907914944798,6637.653012909802,4335.988527118937
forecast_8420,2025-12-17 20:00:00,3715.8205527574237,4154.040640724883,4537.9550642488875
forecast_8421,2025-12-17 21:00:00,4499.640426767429,7632.503289166631,5101.0985513888645
forecast_8422,2025-12-17 22:00:00,9097.34712007886,9207.568625902917,5658.440297120541
forecast_8423,2025-12-17 23:00:00,9572.93836464787,9957.042412467239,6212.480773803146
forecast_8424,2025-12-18 00:00:00,9938.23949233557,10585.225305113296,7153.884274098827
forecast_8425,2025-12-18 01:00:00,12453.349442187064,13779.756253401116,8906.101139219902
forecast_8426,2025-12-18 02:00:00,13870.24243164517,15549.983293699506,9080.211311158511
forecast_8427,2025-12-18 03:00:00,14486.115995775297,15927.78252686546,8965.278183350869
forecast_8428,2025-12-18 04:00:00,14395.131125878597,15196.336951268191,8711.34002387811
forecast_8429,2025-12-18 05:00:00,14213.583725537204,14606.083224395601,8718.88428754283
forecast_8430,2025-12-18 06:00:00,12907.884313987806,13010.378935958495,8594.779138130027
forecast_8431,2025-12-18 07:00:00,11640.101053036613,10851.99325714118,8278.960525828237
forecast_8432,2025-12-18 08:00:00,9148.091330256613,8885.091066261306,6701.773837507186
forecast_8433,2025-12-18 09:00:00,8336.416960256263,8132.486911263269,5893.290047285644
forecast_8434,2025-12-18 10:00:00,7367.449703026042,6350.581754498337,5125.608731792909
forecast_8435,2025-12-18 11:00:00,6728.658684722623,5791.82133347792,4388.065020017071
forecast_8436,2025-12-18 12:00:00,6487.168440222864,5680.423308499612,4235.801684971395
forecast_8437,2025-12-18 13:00:00,6195.700907072141,5593.532094634101,3759.4799292530665
forecast_8438,2025-12-18 14:00:00,4951.754145173406,3718.526953398517,3594.9078446406884
forecast_8439,2025-12-18 15:00:00,5266.267786461339,4363.198006290371,3599.731386299903
forecast_8440,2025-12-18 16:00:00,6024.469449751079,5996.479109189476,3560.729331154094
forecast_8441,2025-12-18 17:00:00,7151.5525734028515,7291.252818918168,3649.051590588452
forecast_8442,2025-12-18 18:00:00,7999.0089539437395,8494.90216051613,3663.4259458650426
forecast_8443,2025-12-18 19:00:00,8107.042634043154,8592.836311774032,3631.600483594437
forecast_8444,2025-12-18 20:00:00,8272.590031513764,9411.619368643462,5079.8550335759255
forecast_8445,2025-12-18 21:00:00,8545.21445615194,9912.582101608856,5290.865686516083
forecast_8446,2025-12-18 22:00:00,10444.347430468859,11781.262275824607,6880.052314928399
forecast_8447,2025-12-18 23:00:00,12218.268493663028,13403.996112318058,8301.083121510615
forecast_8448,2025-12-19 00:00:00,13347.81495792854,15060.192634127276,9740.824220442417
forecast_8449,2025-12-19 01:00:00,15909.623232089756,17930.520947803885,11568.225704925462
forecast_8450,2025-12-19 02:00:00,16551.351256619455,18022.64706507954,12508.955950804451
forecast_8451,2025-12-19 03:00:00,16505.668520111874,17743.730883090713,13100.65083374841
forecast_8452,2025-12-19 04:00:00,16583.37676535946,17774.324572251116,13637.95752634775
forecast_8453,2025-12-19 05:00:00,16455.13251477353,16839.856551570505,12931.327938218035
forecast_8454,2025-12-19 06:00:00,17428.26116440331,17971.903830675143,14168.514493163744
forecast_8455,2025-12-19 07:00:00,17984.42207701199,18322.079768374315,15683.978952201835
forecast_8456,2025-12-19 08:00:00,18013.896327789156,18368.733077424644,15440.959042514358
forecast_8457,2025-12-19 09:00:00,17957.989116872282,18668.698672398586,15430.032331522269
forecast_8458,2025-12-19 10:00:00,17892.46047638728,18387.053678301367,15005.059428083536
forecast_8459,2025-12-19 11:00:00,17690.943242111087,18464.199431011144,14596.069030063914
forecast_8460,2025-12-19 12:00:00,17261.9817451547,18922.81321014958,15111.41864023844
forecast_8461,2025-12-19 13:00:00,17439.1312628924,18479.669462554884,15598.033985672786
forecast_8462,2025-12-19 14:00:00,17123.36435537224,18360.13066348982,16121.974711176177
forecast_8463,2025-12-19 15:00:00,18108.59266467905,18515.73109435582,16355.915432041711
forecast_8464,2025-12-19 16:00:00,18120.489781325217,18096.130601425346,16395.29003184978
forecast_8465,2025-12-19 17:00:00,16909.805450000702,18053.347923687517,16821.42495737739
forecast_8466,2025-12-19 18:00:00,16808.767021754786,18027.078993409876,17271.17050718239
forecast_8467,2025-12-19 19:00:00,16829.826883047444,18437.371675707545,17452.912157562077
forecast_8468,2025-12-19 20:00:00,17046.112852614788,18475.32294754657,16785.6950229554
forecast_8469,2025-12-19 21:00:00,17415.114631381733,18687.5562662872,16702.33164825351
forecast_8470,2025-12-19 22:00:00,17878.873246044554,19009.72112376793,16586.784463331453
forecast_8471,2025-12-19 23:00:00,17995.571503526142,19050.608850726538,15332.05917691944
forecast_8472,2025-12-20 00:00:00,16741.121605060936,18860.591806534598,13916.091592064295
forecast_8473,2025-12-20 01:00:00,16069.497131244929,17946.728687877494,13713.779765047448
forecast_8474,2025-12-20 02:00:00,14856.912455069134,17559.317796865427,11678.969445417648
forecast_8475,2025-12-20 03:00:00,14396.09296681746,17318.706975148267,11439.227185050564
forecast_8476,2025-12-20 04:00:00,14188.009992058172,17115.890607936297,11223.584672008152
forecast_8477,2025-12-20 05:00:00,13954.163925278754,15839.884438631798,11282.393988968934
forecast_8478,2025-12-20 06:00:00,13737.613056492213,15457.910124146367,11980.317157686208
forecast_8479,2025-12-20 07:00:00,14069.333443017176,15476.790748346084,12296.851136668998
forecast_8480,2025-12-20 08:00:00,14274.448308665233,16057.42721211376,12452.692492399086
forecast_8481,2025-12-20 09:00:00,15049.416592429965,16348.228142575914,12773.886587496323
forecast_8482,2025-12-20 10:00:00,14894.865805510964,16346.52923744764,13335.90067707078
forecast_8483,2025-12-20 11:00:00,14320.072459976478,16142.502210385835,13502.493778769145
forecast_8484,2025-12-20 12:00:00,14319.781775461981,17412.838583751116,14030.845123352983
forecast_8485,2025-12-20 13:00:00,14879.961654193045,17412.99492322053,14730.6119105839
forecast_8486,2025-12-20 14:00:00,14388.508449968438,17252.272190575193,14279.62922829369
forecast_8487,2025-12-20 15:00:00,14319.200191994285,16214.849894515117,13640.790108494833
forecast_8488,2025-12-20 16:00:00,14337.552533048434,15446.054622830254,12939.665501831356
forecast_8489,2025-12-20 17:00:00,14284.446141508184,15637.463849046522,13481.905951023447
forecast_8490,2025-12-20 18:00:00,13905.11306139196,15509.05474385382,13705.492281605957
forecast_8491,2025-12-20 19:00:00,14414.629247293966,15208.600997638101,13887.470393083562
forecast_8492,2025-12-20 20:00:00,13080.48819619397,14737.367640638075,13073.650899356306
forecast_8493,2025-12-20 21:00:00,13256.838599386316,14841.997854264646,12469.40934682568
forecast_8494,2025-12-20 22:00:00,13890.679986844669,15338.573004304566,13593.232357514438
forecast_8495,2025-12-20 23:00:00,14717.112081828573,16491.392957463984,12761.501259079238
forecast_8496,2025-12-21 00:00:00,16490.14166179464,18065.712102416084,11991.73047993418
forecast_8497,2025-12-21 01:00:00,19191.00582486144,19112.366606719108,16485.80015760284
forecast_8498,2025-12-21 02:00:00,19367.506732456153,19262.593083025535,16363.29397412422
forecast_8499,2025-12-21 03:00:00,19493.145652463172,19311.730345791475,16725.4871495313
forecast_8500,2025-12-21 04:00:00,18740.71750490666,19328.07155194489,15326.128373691483
forecast_8501,2025-12-21 05:00:00,18628.70927875857,19058.135362342055,14941.038059787117
forecast_8502,2025-12-21 06:00:00,18362.55497437988,18852.536430509525,14862.82963504563
forecast_8503,2025-12-21 07:00:00,18136.44035009187,18675.443650127116,14313.843074190509
forecast_8504,2025-12-21 08:00:00,17477.36448792465,18540.27826232617,12890.802474646547
forecast_8505,2025-12-21 09:00:00,16192.60067494028,18307.341297809413,12289.927714689955
forecast_8506,2025-12-21 10:00:00,14913.255923966015,16377.628128058004,11173.56391725985
forecast_8507,2025-12-21 11:00:00,14564.025165817002,15480.328272908257,9310.321637142757
forecast_8508,2025-12-21 12:00:00,12743.600929010494,13619.341270592971,8231.389756843988
forecast_8509,2025-12-21 13:00:00,10718.684104423508,12142.269381963344,7386.1587770703345
forecast_8510,2025-12-21 14:00:00,8736.94460118836,8993.032953268084,5869.125073931725
forecast_8511,2025-12-21 15:00:00,7320.24714219585,5813.527637208962,3775.8379835344094
forecast_8512,2025-12-21 16:00:00,3588.8881387600572,3868.76916312465,3713.6193705631595
forecast_8513,2025-12-21 17:00:00,3560.1839352301977,3836.909598744591,3619.8613567152806
forecast_8514,2025-12-21 18:00:00,3743.675114154902,3871.3193677705476,3495.8216333238333
forecast_8515,2025-12-21 19:00:00,3591.095849814716,3675.9566892141474,3457.467678890192
forecast_8516,2025-12-21 20:00:00,3512.5564876316575,3377.3853791156303,3476.463185658467
forecast_8517,2025-12-21 21:00:00,3418.890650820454,3002.707803021263,3455.6142093254193
forecast_8518,2025-12-21 22:00:00,3356.2783875783834,2851.3634590361667,3393.316528854584
forecast_8519,2025-12-21 23:00:00,3381.107758845324,2791.8954084443967,3389.0978123335703
forecast_8520,2025-12-22 00:00:00,3363.711861845673,2796.496711754134,3375.6748265651654
forecast_8521,2025-12-22 01:00:00,3243.8846367420097,2830.557361672895,3377.246987142759
forecast_8522,2025-12-22 02:00:00,3184.8172591208468,2752.5206629493605,3368.017084187195
forecast_8523,2025-12-22 03:00:00,3176.4717619884445,2717.229124420916,3364.5227133841777
forecast_8524,2025-12-22 04:00:00,3189.685390918265,2727.817267977851,3362.804293760597
forecast_8525,2025-12-22 05:00:00,3180.6478783385483,2792.6180361426073,3362.3541517529848
forecast_8526,2025-12-22 06:00:00,3168.1957827035426,2730.7469790011223,3361.684337761065
forecast_8527,2025-12-22 07:00:00,3176.3047976601442,2781.4453617762906,3361.5538409912656
forecast_8528,2025-12-22 08:00:00,3166.4219124295746,2738.3411272623553,3361.2664378118848
forecast_8529,2025-12-22 09:00:00,3165.187689919863,2700.9418866790734,3361.7030768018626
forecast_8530,2025-12-22 10:00:00,3150.856926718512,2638.238591570365,3361.633870490439
forecast_8531,2025-12-22 11:00:00,3154.8405494095823,2661.7076222764285,3361.99047320453
forecast_8532,2025-12-22 12:00:00,3139.8977906672153,2568.999010985879,3362.6797468540253
forecast_8533,2025-12-22 13:00:00,3134.8952569007593,2530.495058407578,3361.270593851805
forecast_8534,2025-12-22 14:00:00,3134.078493097544,2569.1515466042783,3361.9170329432486
forecast_8535,2025-12-22 15:00:00,3144.4865893137126,2616.872186954502,3361.487585347812
forecast_8536,2025-12-22 16:00:00,3173.4413162238743,2676.389520828673,3364.367776666658
forecast_8537,2025-12-22 17:00:00,3235.8183271989133,2961.7126790130137,3368.135988755949
forecast_8538,2025-12-22 18:00:00,3237.814827020822,2934.8110533478502,3381.829790518894
forecast_8539,2025-12-22 19:00:00,3233.513405371284,2949.334834562164,3377.24036439479
forecast_8540,2025-12-22 20:00:00,3227.4944836388663,2866.153206923549,3387.043118843513
forecast_8541,2025-12-22 21:00:00,3184.5744667257136,2687.4618507365,3377.5254555502033
forecast_8542,2025-12-22 22:00:00,3377.871235114648,3220.674814746182,3396.7057991090824
forecast_8543,2025-12-22 23:00:00,3374.7443410889105,3204.209599967137,3424.832409694823
forecast_8544,2025-12-23 00:00:00,3380.845809054394,3291.339784269701,3446.042991590557
forecast_8545,2025-12-23 01:00:00,3635.6404071976795,3790.9576352928248,3442.7915556536245
forecast_8546,2025-12-23 02:00:00,4131.133372298408,6177.302150881898,3477.1712849891046
forecast_8547,2025-12-23 03:00:00,4351.410939623411,6966.459470158192,3532.040345847427
forecast_8548,2025-12-23 04:00:00,4373.150074084425,6953.754068380705,3520.7702299548846
forecast_8549,2025-12-23 05:00:00,4438.473490210892,7308.562120179885,3586.5239263798185
forecast_8550,2025-12-23 06:00:00,7232.521134993611,7631.952902395562,3529.2626300198563
forecast_8551,2025-12-23 07:00:00,6390.497155795884,6598.384222061425,3521.4342449571504
forecast_8552,2025-12-23 08:00:00,4010.3535769257483,5751.407547139922,3472.778892828649
forecast_8553,2025-12-23 09:00:00,4091.808975036259,6528.6239409270665,3619.661302341551
forecast_8554,2025-12-23 10:00:00,4195.502145050061,6910.2860839405785,3621.405168972307
forecast_8555,2025-12-23 11:00:00,4640.72840380396,8446.330895929781,3690.5269843315336
forecast_8556,2025-12-23 12:00:00,4635.815643983781,8661.73571322734,3627.157621676799
forecast_8557,2025-12-23 13:00:00,4298.791497355902,7358.861644352671,3652.4393101268365
forecast_8558,2025-12-23 14:00:00,4226.97972483211,7252.4062961580985,3608.4135618512196
forecast_8559,2025-12-23 15:00:00,4303.734433650599,7207.840016862362,4189.446476167034
forecast_8560,2025-12-23 16:00:00,4461.174088750974,7376.1254919792755,4106.697054462207
forecast_8561,2025-12-23 17:00:00,6530.822774852273,7673.233552686027,4239.15402916763
forecast_8562,2025-12-23 18:00:00,7624.498587440819,9374.051520248902,5488.981570205813
forecast_8563,2025-12-23 19:00:00,9286.1532282833,11755.234411420266,6217.186638508534
forecast_8564,2025-12-23 20:00:00,10209.281721407242,12193.2742473124,6690.464932400362
forecast_8565,2025-12-23 21:00:00,9527.132265316695,11548.424139008,6183.067981623326
forecast_8566,2025-12-23 22:00:00,9999.910775886134,11392.524661271744,6508.06491889941
forecast_8567,2025-12-23 23:00:00,9914.018172545922,11153.98836665888,6376.458980500173
forecast_8568,2025-12-24 00:00:00,9925.595955706767,10671.2877043741,6282.435552860082
forecast_8569,2025-12-24 01:00:00,6715.279445832782,8231.79296853001,4957.346574760522
forecast_8570,2025-12-24 02:00:00,6719.618994874214,8158.06571410525,5146.573849213149
forecast_8571,2025-12-24 03:00:00,5273.372383096535,5734.456832589476,3740.447365835777
forecast_8572,2025-12-24 04:00:00,3848.8939609710037,4693.885341469071,3690.8575090310455
forecast_8573,2025-12-24 05:00:00,3601.387984717965,3577.0592471256,3459.8684198072447
forecast_8574,2025-12-24 06:00:00,3570.004449017304,3443.5093127100713,3395.733827004507
forecast_8575,2025-12-24 07:00:00,3432.226215513323,3068.9422148928898,3398.0146375260683
forecast_8576,2025-12-24 08:00:00,3321.6190715282,2963.020361632352,3410.1733588656657
forecast_8577,2025-12-24 09:00:00,3240.8832899666495,2706.749054382578,3381.284717110514
forecast_8578,2025-12-24 10:00:00,3186.9589715435272,2719.4847216691614,3371.2357446827723
forecast_8579,2025-12-24 11:00:00,3168.69082649287,2723.4794949111906,3370.520908933797
forecast_8580,2025-12-24 12:00:00,3180.022381471269,2757.5971746095956,3372.3148456876556
forecast_8581,2025-12-24 13:00:00,3196.543945278553,2796.3702345583174,3370.9799516296894
forecast_8582,2025-12-24 14:00:00,3187.608558922148,2782.514835155513,3373.7312360021765
forecast_8583,2025-12-24 15:00:00,3173.43912614955,2729.7464637025473,3368.0079315935063
forecast_8584,2025-12-24 16:00:00,3184.0084693810254,2757.5465922741346,3368.1463348559064
forecast_8585,2025-12-24 17:00:00,3183.9259327389527,2765.3895573492405,3364.668456722555
forecast_8586,2025-12-24 18:00:00,3170.7690929739233,2717.1452110467367,3365.1802216490755
forecast_8587,2025-12-24 19:00:00,3183.707392895286,2766.166133339723,3371.4598023042195
forecast_8588,2025-12-24 20:00:00,3180.447767822017,2725.3649035970616,3368.80854158177
forecast_8589,2025-12-24 21:00:00,3198.51283127884,2777.8658659298085,3387.780475349164
forecast_8590,2025-12-24 22:00:00,3205.141917343899,2714.020420990684,3415.6060480318843
forecast_8591,2025-12-24 23:00:00,3203.6936170552904,2715.710627233368,3380.2599435018956
forecast_8592,2025-12-25 00:00:00,3245.2363231504573,2926.135215290592,3385.086341277979
forecast_8593,2025-12-25 01:00:00,3243.2425266299438,2894.8663396616807,3384.406890330289
forecast_8594,2025-12-25 02:00:00,3542.4604947070156,3721.2888239080526,3466.000432675924
forecast_8595,2025-12-25 03:00:00,4205.855534244783,6272.681545351723,3693.6220765285007
forecast_8596,2025-12-25 04:00:00,8813.319683396894,8028.275680606097,5903.370950369926
forecast_8597,2025-12-25 05:00:00,10786.816371299374,9899.739120617181,7682.699488261693
forecast_8598,2025-12-25 06:00:00,11098.724805290647,11803.09942698426,7562.2001820298165
forecast_8599,2025-12-25 07:00:00,13417.556249025962,14197.020110463187,10199.234130625053
forecast_8600,2025-12-25 08:00:00,13248.60609414236,15003.640270591744,11171.133910305347
forecast_8601,2025-12-25 09:00:00,14642.813099186738,15948.568092358382,11465.003600087646
forecast_8602,2025-12-25 10:00:00,14307.668516201338,16144.537670058318,11411.791719847339
forecast_8603,2025-12-25 11:00:00,14353.527888646648,15720.398116493576,10842.761706122279
forecast_8604,2025-12-25 12:00:00,14650.501703880687,16307.204757654441,10541.22923950342
forecast_8605,2025-12-25 13:00:00,14793.423216478826,16282.962942799622,9962.293110112805
forecast_8606,2025-12-25 14:00:00,15100.898660798046,16387.917068695344,10462.234168731387
forecast_8607,2025-12-25 15:00:00,15466.339282686655,16775.427634990963,10871.197579500611
forecast_8608,2025-12-25 16:00:00,15796.062880081727,17080.722356468916,10942.862641893937
forecast_8609,2025-12-25 17:00:00,15905.881535510289,17514.431952408733,10343.163802285426
forecast_8610,2025-12-25 18:00:00,16400.642802832954,17997.222851500323,11188.641128453226
forecast_8611,2025-12-25 19:00:00,16109.17912542098,18037.379190178573,12357.691276064103
forecast_8612,2025-12-25 20:00:00,16899.47056423055,18445.67977745494,13768.042984894826
forecast_8613,2025-12-25 21:00:00,16773.76869177799,18415.171965224614,13401.382474728667
forecast_8614,2025-12-25 22:00:00,16461.45647859762,18290.083025664957,13210.098570325541
forecast_8615,2025-12-25 23:00:00,16347.006932551853,18534.307320439464,14077.64507611034
forecast_8616,2025-12-26 00:00:00,16418.745124397166,18775.053558123942,14447.845659721273
forecast_8617,2025-12-26 01:00:00,15988.530296628755,18414.912497778456,13466.199587985655
forecast_8618,2025-12-26 02:00:00,16089.949680231543,17846.401631681263,11792.723634222424
forecast_8619,2025-12-26 03:00:00,15970.146764231562,18599.172278698934,11411.02807248991
forecast_8620,2025-12-26 04:00:00,16291.74276102021,19313.043759524975,10980.123050038714
forecast_8621,2025-12-26 05:00:00,17335.075261102043,19425.668761397974,10779.200590164308
forecast_8622,2025-12-26 06:00:00,18027.610726552288,19448.944343052757,11268.330940013002
forecast_8623,2025-12-26 07:00:00,17857.377374631735,19151.265319752933,11504.654211251469
forecast_8624,2025-12-26 08:00:00,16738.391179344115,18091.365225844504,10952.501543975346
forecast_8625,2025-12-26 09:00:00,17539.420278271562,18086.222923627014,10806.517059537884
forecast_8626,2025-12-26 10:00:00,16116.576743120102,16073.886183808136,10321.96167079415
forecast_8627,2025-12-26 11:00:00,13729.835627593679,14992.102857259039,9752.331422776198
forecast_8628,2025-12-26 12:00:00,12733.358370534015,13486.735262941418,8444.058282834781
forecast_8629,2025-12-26 13:00:00,13249.434373458895,13969.44301791442,7962.0800825246215
forecast_8630,2025-12-26 14:00:00,13887.122654308845,14548.307581261513,8583.584806238783
forecast_8631,2025-12-26 15:00:00,13656.163449922034,15293.408363568036,9745.233326954263
forecast_8632,2025-12-26 16:00:00,13003.56398783001,16525.683004786868,10361.36692036201
forecast_8633,2025-12-26 17:00:00,13251.722672583352,16191.969142371127,10516.762704124847
forecast_8634,2025-12-26 18:00:00,14053.371751003158,17321.24797378043,10938.223200096896
forecast_8635,2025-12-26 19:00:00,14812.873114140591,17726.766256331543,11647.02432557858
forecast_8636,2025-12-26 20:00:00,16138.336879574168,18127.909567952214,11953.590211617022
forecast_8637,2025-12-26 21:00:00,16704.694061600545,17992.64908694825,12065.52811577468
forecast_8638,2025-12-26 22:00:00,17886.396250374346,19201.903590387257,13337.493838959239
forecast_8639,2025-12-26 23:00:00,18337.648621043514,19108.399019853787,13474.088778295543
forecast_8640,2025-12-27 00:00:00,18454.871785949243,18703.610811096903,14029.748979449796
forecast_8641,2025-12-27 01:00:00,18945.64663482679,18869.32362247153,13938.672105307905
forecast_8642,2025-12-27 02:00:00,18893.34759434105,18693.026951533535,13594.595932280541
forecast_8643,2025-12-27 03:00:00,18647.40689026206,18361.52185794478,13255.80888969988
forecast_8644,2025-12-27 04:00:00,18628.276438507408,17844.221138827023,12983.340807904868
forecast_8645,2025-12-27 05:00:00,18214.39676151735,17835.580909378772,13165.649954855038
forecast_8646,2025-12-27 06:00:00,18027.288447263203,18033.567515706767,13496.067718030306
forecast_8647,2025-12-27 07:00:00,17757.701014276005,17995.197531201564,14026.939069359409
forecast_8648,2025-12-27 08:00:00,17712.434907036804,17840.9451971742,13668.550244994025
forecast_8649,2025-12-27 09:00:00,16181.531902907112,17339.68773571522,12995.809148065317
forecast_8650,2025-12-27 10:00:00,15752.323012134,15741.308989833255,11811.950725904357
forecast_8651,2025-12-27 11:00:00,15824.715692469077,15625.468826414419,12214.818646428692
forecast_8652,2025-12-27 12:00:00,16074.625588745992,16479.1108466832,12378.448571377623
forecast_8653,2025-12-27 13:00:00,15807.942608517777,16770.20639128942,11812.286805140851
forecast_8654,2025-12-27 14:00:00,15906.357132856881,16772.964700680743,12243.492556784706
forecast_8655,2025-12-27 15:00:00,16633.85155694599,16798.08532010232,13534.202204499692
forecast_8656,2025-12-27 16:00:00,16161.116396363883,16323.929855086164,13326.772855973571
forecast_8657,2025-12-27 17:00:00,16631.34330740441,17121.374711674714,15022.933391017583
forecast_8658,2025-12-27 18:00:00,16467.522863049024,17325.614607275766,15865.327630037016
forecast_8659,2025-12-27 19:00:00,17388.754295777777,17361.93299160409,17025.987586075087
forecast_8660,2025-12-27 20:00:00,17343.08832804531,17045.061432566636,17125.650893396287
forecast_8661,2025-12-27 21:00:00,17695.082105804442,17451.01189287022,16926.334092766898
forecast_8662,2025-12-27 22:00:00,18053.796739137673,18169.037913689932,17022.586325863893
forecast_8663,2025-12-27 23:00:00,18176.25661538298,18058.63168796964,16687.08338645146
forecast_8664,2025-12-28 00:00:00,17624.758808359922,18112.251569161144,16284.253984845116
forecast_8665,2025-12-28 01:00:00,17828.161177242873,18422.190879540605,17097.353379564414
forecast_8666,2025-12-28 02:00:00,18742.849870401817,18789.888884192547,17309.840638222635
forecast_8667,2025-12-28 03:00:00,19769.629056701553,19287.18476871686,17299.987580397585
forecast_8668,2025-12-28 04:00:00,19984.06955023866,19349.129587885454,17491.185641129687
forecast_8669,2025-12-28 05:00:00,19794.961684571146,19626.81591379426,17197.973124924
forecast_8670,2025-12-28 06:00:00,19681.484764685865,19539.57269923045,17537.727903735824
forecast_8671,2025-12-28 07:00:00,19141.693802182283,19611.782954349044,17527.85290042191
forecast_8672,2025-12-28 08:00:00,19351.269998693715,19494.77896427961,16807.40164201013
forecast_8673,2025-12-28 09:00:00,18146.680222213028,19472.412557676973,16481.08760473685
forecast_8674,2025-12-28 10:00:00,18262.08360996999,18548.48899335288,15422.791950794512
forecast_8675,2025-12-28 11:00:00,16974.924093301153,17759.860205082572,14463.316496928343
forecast_8676,2025-12-28 12:00:00,15651.824465238453,17026.612318023006,14420.255189188056
forecast_8677,2025-12-28 13:00:00,15418.463435608908,16538.44084827369,13595.45551118964
forecast_8678,2025-12-28 14:00:00,14681.083917354728,15981.195905922055,12763.30644202076
forecast_8679,2025-12-28 15:00:00,15148.99313773129,16056.774541078183,13364.85894771061
forecast_8680,2025-12-28 16:00:00,15311.070694967622,15471.31891646872,13648.411199284325
forecast_8681,2025-12-28 17:00:00,15446.2799199599,15765.719484456378,13801.859466209538
forecast_8682,2025-12-28 18:00:00,15737.196401942301,16580.179435259844,14554.76490312913
forecast_8683,2025-12-28 19:00:00,15533.169669963885,16588.2347761119,15098.880606893112
forecast_8684,2025-12-28 20:00:00,16475.294384867495,17182.49185391552,16024.834613989096
forecast_8685,2025-12-28 21:00:00,17101.555280093224,17506.994634180784,16291.229621748078
forecast_8686,2025-12-28 22:00:00,17313.331884740346,17777.5550656232,16590.25694171979
forecast_8687,2025-12-28 23:00:00,17158.470731361886,18278.41913109112,16755.40082383897
forecast_8688,2025-12-29 00:00:00,17655.343624227364,18604.31873903217,16763.80742339617
forecast_8689,2025-12-29 01:00:00,18275.46266089003,18654.906264924317,16790.63593597776
forecast_8690,2025-12-29 02:00:00,18093.06108110057,18583.49298903607,16896.84014888034
forecast_8691,2025-12-29 03:00:00,18263.916591042067,18593.1698486867,17391.250228504905
forecast_8692,2025-12-29 04:00:00,18903.08115081013,18920.2096664134,17581.787199464867
forecast_8693,2025-12-29 05:00:00,19154.52843820033,19096.48238512295,17661.11022360556
forecast_8694,2025-12-29 06:00:00,19045.954919602693,19020.28132699246,17367.575993527513
forecast_8695,2025-12-29 07:00:00,18571.433678713776,18873.75571861082,17329.095170944085
forecast_8696,2025-12-29 08:00:00,18621.885296049495,18677.80464293143,16626.625470509865
forecast_8697,2025-12-29 09:00:00,18681.38455565752,18633.144980828813,16523.5131865478
forecast_8698,2025-12-29 10:00:00,18434.341944197433,18317.58265323112,16373.190908365383
forecast_8699,2025-12-29 11:00:00,18196.760917740907,18314.737816483263,16203.476132807993
forecast_8700,2025-12-29 12:00:00,18294.538481914813,18456.767665343606,16580.21882423721
forecast_8701,2025-12-29 13:00:00,18094.53248259891,18261.337089634344,16679.752911964788
forecast_8702,2025-12-29 14:00:00,18286.316338342876,18149.289712330654,16643.120974451707
forecast_8703,2025-12-29 15:00:00,17749.052896290286,17671.66360796379,15545.70350773807
forecast_8704,2025-12-29 16:00:00,17892.37102780243,17627.228338037236,15481.877039642934
forecast_8705,2025-12-29 17:00:00,17643.8727480773,17558.583258738243,14868.222157251052
forecast_8706,2025-12-29 18:00:00,17418.2236708257,17628.671200996392,14954.160036623332
forecast_8707,2025-12-29 19:00:00,16824.90885012556,17254.091988474855,14709.125541793604
forecast_8708,2025-12-29 20:00:00,15299.652190471039,16307.15982074292,13845.361394004307
forecast_8709,2025-12-29 21:00:00,15380.44086244055,15858.95140433839,13407.462281771335
forecast_8710,2025-12-29 22:00:00,15491.087532673826,16185.15363986355,13210.19593619946
forecast_8711,2025-12-29 23:00:00,13957.315329970326,15898.885092371598,12094.686480762402
forecast_8712,2025-12-30 00:00:00,12572.99900658127,15341.317703294219,10672.731012244463
forecast_8713,2025-12-30 01:00:00,11884.08571433598,15079.885621108951,10604.454447488295
forecast_8714,2025-12-30 02:00:00,11826.374865253509,14328.65967199211,9966.062404145498
forecast_8715,2025-12-30 03:00:00,11946.101656448172,14269.86350974622,9865.124405152774
forecast_8716,2025-12-30 04:00:00,12387.92647038031,14648.222345943414,10265.647601972778
forecast_8717,2025-12-30 05:00:00,12812.862290440913,15005.03206863442,9574.946512337774
forecast_8718,2025-12-30 06:00:00,11892.606319375618,15108.17082422701,9489.490766587145
forecast_8719,2025-12-30 07:00:00,11695.131894394131,14605.183192548897,9706.39028866367
forecast_8720,2025-12-30 08:00:00,10977.037320519386,13150.38147062625,8022.502101069744
forecast_8721,2025-12-30 09:00:00,10599.401595352094,12331.778594730216,7535.605291745555
forecast_8722,2025-12-30 10:00:00,9956.7539945188,9795.7738189502,5853.007810053554
forecast_8723,2025-12-30 11:00:00,9585.247618556248,9103.221870876589,5684.299762595412
forecast_8724,2025-12-30 12:00:00,10598.752819899653,9873.448943130732,6310.833876102414
forecast_8725,2025-12-30 13:00:00,11641.985577601428,11954.44126086791,8005.495744340018
forecast_8726,2025-12-30 14:00:00,12304.841391109305,12590.584266551808,8260.65396882657
forecast_8727,2025-12-30 15:00:00,12670.154785418876,12980.265175439694,8121.001450734346
forecast_8728,2025-12-30 16:00:00,12859.171180083762,12610.610042613902,8502.617299551599
forecast_8729,2025-12-30 17:00:00,12959.560492322002,12831.559549310707,8434.08782530659
forecast_8730,2025-12-30 18:00:00,13185.822943336516,13257.174720318915,8988.01005039929
forecast_8731,2025-12-30 19:00:00,13421.107707067133,13741.09860038932,9759.680891896356
forecast_8732,2025-12-30 20:00:00,13495.632562324376,14318.086426044023,10142.618427891457
forecast_8733,2025-12-30 21:00:00,13715.15364869393,14786.258986343257,10850.501017758623
forecast_8734,2025-12-30 22:00:00,14059.143331162264,15378.223904146806,11839.069786958917
forecast_8735,2025-12-30 23:00:00,14217.362073541133,15948.17330503806,12301.56149032132
forecast_8736,2025-12-31 00:00:00,14346.730270593316,16668.560236012167,12966.1242948494
forecast_8737,2025-12-31 01:00:00,14474.579065604867,17244.83410813439,12969.822938784084
forecast_8738,2025-12-31 02:00:00,15188.798176427132,17633.92362733124,13446.999333638298
forecast_8739,2025-12-31 03:00:00,15183.55585741277,17642.660666100845,13207.309515384344
forecast_8740,2025-12-31 04:00:00,15176.829595257244,17711.93241905737,13601.044858350284
forecast_8741,2025-12-31 05:00:00,14480.15303531897,17589.511991391333,12417.522809662198
forecast_8742,2025-12-31 06:00:00,14382.978750550026,17770.1733856773,12254.680471258354
forecast_8743,2025-12-31 07:00:00,14434.902224069949,18067.555325165315,11754.831078618708
forecast_8744,2025-12-31 08:00:00,14014.707852804146,17466.16152561814,11121.947902531792
forecast_8745,2025-12-31 09:00:00,13031.37610295683,15248.205712451163,10197.0551939366
forecast_8746,2025-12-31 10:00:00,12256.28329085104,13230.147252003293,9228.189674877467
forecast_8747,2025-12-31 11:00:00,11360.120731525109,11953.406942389778,8147.870159392595
forecast_8748,2025-12-31 12:00:00,10682.425496399039,10117.664281495596,7834.022518659496
forecast_8749,2025-12-31 13:00:00,10497.92692497925,10674.54809619878,7536.03315385697
forecast_8750,2025-12-31 14:00:00,11094.020843427345,9870.66993029877,7909.123117816151
forecast_8751,2025-12-31 15:00:00,10026.697886194792,9503.811023971883,7417.614058396205
forecast_8752,2025-12-31 16:00:00,10575.619085968809,10809.796126528887,7743.816598310345
forecast_8753,2025-12-31 17:00:00,10932.7456196986,11606.35674272562,8962.469194383477
forecast_8754,2025-12-31 18:00:00,11728.41521936128,13148.547679598285,10365.01233907438
forecast_8755,2025-12-31 19:00:00,12313.746030971135,15893.848703261494,10912.319496921826
forecast_8756,2025-12-31 20:00:00,13477.128601338803,17032.627247536842,11233.2998128681
forecast_8757,2025-12-31 21:00:00,14553.911823972545,17183.77309781621,11352.017581548394
forecast_8758,2025-12-31 22:00:00,14691.067194267169,17649.823024987203,11270.121459578193
forecast_8759,2025-12-31 23:00:00,14492.96335856397,17747.061873671064,10958.224830197065
forecast_8760,2026-01-01 00:00:00,14771.254832592718,17622.387187943354,10666.588828274802
