forecast_id,forecast_kst_dtm,kpx_group_1,kpx_group_2,kpx_group_3
forecast_0001,2025-01-01 01:00:00,20096.977058431166,19042.851346458283,16664.89396306766
forecast_0002,2025-01-01 02:00:00,18805.163184988596,18679.75264266428,16468.96998848246
forecast_0003,2025-01-01 03:00:00,18322.169373311022,18377.75862141533,16233.664528157267
forecast_0004,2025-01-01 04:00:00,17314.305122081958,17684.597656547845,15741.720733622014
forecast_0005,2025-01-01 05:00:00,16974.96806352907,17418.788969301517,15540.307946865916
forecast_0006,2025-01-01 06:00:00,16682.81991304486,16833.42841021921,15319.53950584243
forecast_0007,2025-01-01 07:00:00,15931.76591100837,15571.804687920314,14370.767903375165
forecast_0008,2025-01-01 08:00:00,15942.444217548868,15417.186698482235,14256.75429612284
forecast_0009,2025-01-01 09:00:00,15219.857099507592,15181.44196778808,13854.940913829569
forecast_0010,2025-01-01 10:00:00,15734.753340585865,15041.344798314689,13571.110698804663
forecast_0011,2025-01-01 11:00:00,15533.83344628655,14984.04679728391,13127.762725746898
forecast_0012,2025-01-01 12:00:00,15444.729224171117,14852.854846492524,12897.37652966878
forecast_0013,2025-01-01 13:00:00,14938.598404265547,14718.199577553163,12712.42645062144
forecast_0014,2025-01-01 14:00:00,14527.417010477917,14388.308917564906,12933.403860789314
forecast_0015,2025-01-01 15:00:00,13932.869922260916,13725.393270077013,12991.939883092156
forecast_0016,2025-01-01 16:00:00,14107.639073408389,13890.86379190742,13186.288627674863
forecast_0017,2025-01-01 17:00:00,14902.551983378202,14222.207074255648,13645.114002370115
forecast_0018,2025-01-01 18:00:00,15436.907246830751,14361.712848813102,14089.086821567911
forecast_0019,2025-01-01 19:00:00,15060.008145607611,14626.20272749397,14626.816498582755
forecast_0020,2025-01-01 20:00:00,15750.249428750774,15333.93530365619,14931.662172909382
forecast_0021,2025-01-01 21:00:00,16756.425063064013,16237.3863596827,15080.1481710863
forecast_0022,2025-01-01 22:00:00,16180.755999842331,16440.182096181194,15055.96617936981
forecast_0023,2025-01-01 23:00:00,15407.458314128318,16240.48498115071,14594.722597370092
forecast_0024,2025-01-02 00:00:00,15106.43241136526,15946.629217708978,13989.3468349517
forecast_0025,2025-01-02 01:00:00,13866.378309027696,15742.163572688014,13115.692629550627
forecast_0026,2025-01-02 02:00:00,13404.292804190523,15734.2836992937,9905.651066372218
forecast_0027,2025-01-02 03:00:00,12609.300754192898,15231.14559711702,9081.976018324232
forecast_0028,2025-01-02 04:00:00,12031.054007257902,14672.44601868958,8344.444122034989
forecast_0029,2025-01-02 05:00:00,11223.45200883342,13913.981716858496,7841.777876916363
forecast_0030,2025-01-02 06:00:00,10616.576102798148,12609.33862292259,7253.5420850367955
forecast_0031,2025-01-02 07:00:00,9666.6871123887,11157.811994551876,7005.393273116183
forecast_0032,2025-01-02 08:00:00,8116.504684167007,9213.657368326669,3731.50117486223
forecast_0033,2025-01-02 09:00:00,6762.039760642853,7782.153113897693,3679.693171323309
forecast_0034,2025-01-02 10:00:00,5585.080869518585,4406.946910915074,3667.686402131732
forecast_0035,2025-01-02 11:00:00,5177.10495786897,5138.8865565594215,4029.007707125133
forecast_0036,2025-01-02 12:00:00,4981.42856135645,5267.576271409745,3879.836579253889
forecast_0037,2025-01-02 13:00:00,5186.406053064244,5408.117809226408,3856.7424167695967
forecast_0038,2025-01-02 14:00:00,5981.271180231083,6156.485223038292,4058.1919359786953
forecast_0039,2025-01-02 15:00:00,7188.7075151728295,7208.488254226677,4475.1328480705015
forecast_0040,2025-01-02 16:00:00,7836.79508034872,8131.023496544511,4830.911088358366
forecast_0041,2025-01-02 17:00:00,8933.197147138491,9242.73869436204,5709.189172043342
forecast_0042,2025-01-02 18:00:00,10266.71957434637,10594.806242212964,6717.062936739301
forecast_0043,2025-01-02 19:00:00,11446.63452664718,12278.16428518836,8984.03421182243
forecast_0044,2025-01-02 20:00:00,11477.87288505744,12765.730118067422,9973.503313874666
forecast_0045,2025-01-02 21:00:00,12058.731962770236,13195.788875171587,10798.226460058915
forecast_0046,2025-01-02 22:00:00,11977.489296566597,13371.568379477869,11269.642167573002
forecast_0047,2025-01-02 23:00:00,11816.055499074297,13659.50801632336,11807.993663474625
forecast_0048,2025-01-03 00:00:00,11908.711674863427,13746.920353717172,11775.90652006507
forecast_0049,2025-01-03 01:00:00,12377.74734983669,14072.291409596,11595.839301394168
forecast_0050,2025-01-03 02:00:00,12383.028157166147,14125.469065264044,11371.812511517664
forecast_0051,2025-01-03 03:00:00,12808.84213503672,14199.2725664709,11334.058934599085
forecast_0052,2025-01-03 04:00:00,13043.5422570779,14368.7496216927,11517.735882450856
forecast_0053,2025-01-03 05:00:00,13415.021630750778,14323.125846829056,10593.079554122003
forecast_0054,2025-01-03 06:00:00,13372.766122592113,13892.391290392412,9871.672713495507
forecast_0055,2025-01-03 07:00:00,12571.149320501265,13126.674310037211,9285.236353422337
forecast_0056,2025-01-03 08:00:00,12877.837708435312,13271.618185491598,10243.925982107568
forecast_0057,2025-01-03 09:00:00,12828.809610181666,13009.883643059426,8953.529858976495
forecast_0058,2025-01-03 10:00:00,12466.1957239221,12538.186287503157,8453.263601765053
forecast_0059,2025-01-03 11:00:00,12502.710634177276,12552.796729951317,8698.680829775967
forecast_0060,2025-01-03 12:00:00,12649.656845286125,12388.854330832226,8553.164729367767
forecast_0061,2025-01-03 13:00:00,12643.886130157436,12690.915534364603,9000.18723423742
forecast_0062,2025-01-03 14:00:00,12981.415964020169,12935.01578351947,8768.282055985273
forecast_0063,2025-01-03 15:00:00,13148.917683276666,12865.109205805742,8999.088623127429
forecast_0064,2025-01-03 16:00:00,13552.344717489214,12987.09083153171,9059.421050983628
forecast_0065,2025-01-03 17:00:00,13466.856327952404,12903.5968865852,9419.023483893588
forecast_0066,2025-01-03 18:00:00,13019.062713118874,12903.9550868978,9100.04287166956
forecast_0067,2025-01-03 19:00:00,13255.131694913678,13313.53542120932,10200.745198051389
forecast_0068,2025-01-03 20:00:00,14287.262856309351,14152.492811784188,11023.043214427944
forecast_0069,2025-01-03 21:00:00,14650.574821217935,14799.427786764514,11889.568529260154
forecast_0070,2025-01-03 22:00:00,15105.436612773496,15621.516055026055,12788.921597413328
forecast_0071,2025-01-03 23:00:00,15147.073488989976,15957.206623773089,13331.011681049413
forecast_0072,2025-01-04 00:00:00,15502.921523824954,16240.103954295748,13641.70710023358
forecast_0073,2025-01-04 01:00:00,16275.011921125351,16701.41407618439,14028.517051420844
forecast_0074,2025-01-04 02:00:00,17219.24170328127,17133.963992581164,14066.526488419984
forecast_0075,2025-01-04 03:00:00,17342.090198050315,17270.084994935773,14010.430896534108
forecast_0076,2025-01-04 04:00:00,17502.55531526268,17344.09823670775,13561.488470539738
forecast_0077,2025-01-04 05:00:00,17660.17520359098,17467.300892105464,12963.440171903025
forecast_0078,2025-01-04 06:00:00,17790.89853270655,17586.1553673848,12462.686797505105
forecast_0079,2025-01-04 07:00:00,17672.355606164314,17261.765335189597,11846.688678196278
forecast_0080,2025-01-04 08:00:00,17153.615846129433,16531.00369435445,11271.677521524824
forecast_0081,2025-01-04 09:00:00,15907.968331545211,15824.105196553735,11802.40443722994
forecast_0082,2025-01-04 10:00:00,14267.305717592692,14295.728342801687,9729.334302148543
forecast_0083,2025-01-04 11:00:00,13476.938552815503,13471.28629066133,8904.231866694829
forecast_0084,2025-01-04 12:00:00,13706.136089670072,13275.99053593743,7996.9308059043715
forecast_0085,2025-01-04 13:00:00,13779.313562238682,13018.020654589656,7993.590246835518
forecast_0086,2025-01-04 14:00:00,13886.53544039433,13062.334855826342,8088.492077346974
forecast_0087,2025-01-04 15:00:00,14110.742659003346,13428.026440330905,8116.268152171448
forecast_0088,2025-01-04 16:00:00,14934.279072239007,14043.800376595944,9048.500288797102
forecast_0089,2025-01-04 17:00:00,16132.619194538936,14586.2047913188,10833.572553412949
forecast_0090,2025-01-04 18:00:00,16735.406527708037,15644.26541445262,12610.065617165988
forecast_0091,2025-01-04 19:00:00,16269.796333322523,15629.909604417637,13617.67387973946
forecast_0092,2025-01-04 20:00:00,17935.541219719144,16695.303155717826,14465.948898802204
forecast_0093,2025-01-04 21:00:00,18239.20666411697,17055.085136098376,14816.277932247303
forecast_0094,2025-01-04 22:00:00,17969.061197159434,17202.385485696763,15074.268911663788
forecast_0095,2025-01-04 23:00:00,18228.79114052229,17289.871629737525,14987.74321277747
forecast_0096,2025-01-05 00:00:00,18230.34847365808,17744.629459882188,14744.4727034694
forecast_0097,2025-01-05 01:00:00,17958.882936456,17206.340322115444,13984.078821448744
forecast_0098,2025-01-05 02:00:00,17092.366046939733,17023.593598877756,13255.362509125824
forecast_0099,2025-01-05 03:00:00,15810.974075771546,16537.02438192388,12669.704925323598
forecast_0100,2025-01-05 04:00:00,14691.451806488074,16135.634090820064,12286.374848743224
forecast_0101,2025-01-05 05:00:00,13753.384876886665,15291.587314141843,10146.690778584243
forecast_0102,2025-01-05 06:00:00,13056.915697797192,14867.975406506504,9546.654865509088
forecast_0103,2025-01-05 07:00:00,12946.969676658104,14451.079691541565,12781.951935041689
forecast_0104,2025-01-05 08:00:00,12680.099277259584,14047.6596104053,13419.955545697516
forecast_0105,2025-01-05 09:00:00,12402.490870030502,13832.259836500072,13862.919332189174
forecast_0106,2025-01-05 10:00:00,13545.266631640145,14979.782832688084,14467.81149823699
forecast_0107,2025-01-05 11:00:00,14066.530826542144,15742.014000978092,15042.064877716955
forecast_0108,2025-01-05 12:00:00,13785.682397868832,15627.110006694516,15047.388765963173
forecast_0109,2025-01-05 13:00:00,13868.679317828124,15672.414238295534,14721.45135549142
forecast_0110,2025-01-05 14:00:00,13391.552782235134,15390.287760612018,14657.304761370262
forecast_0111,2025-01-05 15:00:00,13653.646843497443,14960.706282051053,14328.41633614664
forecast_0112,2025-01-05 16:00:00,13428.7224993384,14831.65721587522,13666.511448774963
forecast_0113,2025-01-05 17:00:00,13369.16381765128,14141.137243841697,13449.86502189187
forecast_0114,2025-01-05 18:00:00,13054.997174429887,13931.956526285618,12985.877358640526
forecast_0115,2025-01-05 19:00:00,14041.880319270043,14661.753996746507,12794.15175328356
forecast_0116,2025-01-05 20:00:00,14402.36566517238,15601.720618507,12528.9901635321
forecast_0117,2025-01-05 21:00:00,14429.20044330109,15616.257821720335,11687.40447274961
forecast_0118,2025-01-05 22:00:00,14247.545922489291,15558.251200811375,11214.936196443308
forecast_0119,2025-01-05 23:00:00,13669.766860908569,14724.782029970169,10614.221454024571
forecast_0120,2025-01-06 00:00:00,13338.297896667504,13641.68108936614,12764.74729905272
forecast_0121,2025-01-06 01:00:00,11901.009594773235,12345.086595772182,11212.055511873694
forecast_0122,2025-01-06 02:00:00,11030.515246825704,11708.97439698826,10286.425696566112
forecast_0123,2025-01-06 03:00:00,9644.665992202175,10889.497421138,8511.011684978259
forecast_0124,2025-01-06 04:00:00,7681.34937038655,9392.441638744414,7080.345484668342
forecast_0125,2025-01-06 05:00:00,5546.993797743041,7910.183423186068,3633.5161424211738
forecast_0126,2025-01-06 06:00:00,4396.090663602161,5910.674676622058,3628.569120598736
forecast_0127,2025-01-06 07:00:00,4006.880222363631,3957.4473425258543,3483.6458384182747
forecast_0128,2025-01-06 08:00:00,4072.734225847637,3870.587162871087,3483.194800648882
forecast_0129,2025-01-06 09:00:00,4103.649509638197,3918.890656864302,3545.093066069752
forecast_0130,2025-01-06 10:00:00,4155.960872882953,3994.617254112326,3611.9206666323335
forecast_0131,2025-01-06 11:00:00,4445.418237919026,4173.844000142913,4777.929525890359
forecast_0132,2025-01-06 12:00:00,5341.010695929611,5208.961700695298,4409.133862139389
forecast_0133,2025-01-06 13:00:00,6762.491392895314,6060.759925889494,5368.573941614822
forecast_0134,2025-01-06 14:00:00,7307.482271777587,7633.480157397631,5873.975056004025
forecast_0135,2025-01-06 15:00:00,7823.4812847969315,8557.004929118846,6037.74922156319
forecast_0136,2025-01-06 16:00:00,9342.001317755365,10753.44988421342,6406.97015507588
forecast_0137,2025-01-06 17:00:00,11672.381778983958,12260.886664008684,7986.932654475582
forecast_0138,2025-01-06 18:00:00,13349.627147328249,14184.013718370608,10669.526861295526
forecast_0139,2025-01-06 19:00:00,14615.405077328372,15290.386379783851,12173.496962990346
forecast_0140,2025-01-06 20:00:00,15057.616349028413,15789.53559858166,11928.717096259052
forecast_0141,2025-01-06 21:00:00,15796.529530630492,16207.01884202224,12699.60150323591
forecast_0142,2025-01-06 22:00:00,16039.595544250744,16544.529880148282,13286.69109319165
forecast_0143,2025-01-06 23:00:00,16201.50485688872,16719.845630727305,13491.473791108265
forecast_0144,2025-01-07 00:00:00,16536.71427370207,17413.54163722033,13728.164820925753
forecast_0145,2025-01-07 01:00:00,17870.247415297643,17964.750190125338,14136.992676585403
forecast_0146,2025-01-07 02:00:00,18290.528417191952,18189.92102429951,14297.298284122284
forecast_0147,2025-01-07 03:00:00,18075.206850778613,18214.56156566668,14686.447208249338
forecast_0148,2025-01-07 04:00:00,17330.52278983758,17892.24891819609,14439.875178727729
forecast_0149,2025-01-07 05:00:00,17015.917890211116,17750.14812873967,14770.436235900192
forecast_0150,2025-01-07 06:00:00,16542.850841636475,17600.09389741402,14330.867138960984
forecast_0151,2025-01-07 07:00:00,16212.810107397228,17438.818877175523,14225.77796039174
forecast_0152,2025-01-07 08:00:00,15898.991422254709,17409.966466512335,13929.606992243904
forecast_0153,2025-01-07 09:00:00,15846.115341418035,17298.15538727781,13705.813740172462
forecast_0154,2025-01-07 10:00:00,16130.63630661904,17175.814183570947,13376.133464931258
forecast_0155,2025-01-07 11:00:00,16168.686686358737,17073.594488122562,13265.5185059801
forecast_0156,2025-01-07 12:00:00,16081.960713194563,16874.452583270493,13332.101170069223
forecast_0157,2025-01-07 13:00:00,15660.932434593513,16600.08421930929,13336.003441871828
forecast_0158,2025-01-07 14:00:00,15492.825484428147,16428.496133846424,13411.35639498565
forecast_0159,2025-01-07 15:00:00,15561.765330845095,16693.282574375226,13599.585941022764
forecast_0160,2025-01-07 16:00:00,15569.675277810613,16688.803509588393,13644.412355169388
forecast_0161,2025-01-07 17:00:00,15712.57025143622,16617.139190432856,13700.550483009369
forecast_0162,2025-01-07 18:00:00,16073.39097354081,16807.530719888964,13886.523064252502
forecast_0163,2025-01-07 19:00:00,16425.70730532076,17244.556954804906,14307.349675829262
forecast_0164,2025-01-07 20:00:00,16833.7357204301,17811.76160595088,14595.625213242216
forecast_0165,2025-01-07 21:00:00,17189.355638136687,17895.402924133756,15054.83999434483
forecast_0166,2025-01-07 22:00:00,17387.236825697288,17925.03688511507,15295.779487524778
forecast_0167,2025-01-07 23:00:00,17486.41536183984,17932.676673863687,15347.261468986637
forecast_0168,2025-01-08 00:00:00,16518.170106440775,17327.628264990624,15094.546640833216
forecast_0169,2025-01-08 01:00:00,16618.232342516916,17300.700327141272,15655.301564409296
forecast_0170,2025-01-08 02:00:00,16267.683366475172,17259.445575665755,15399.389284227223
forecast_0171,2025-01-08 03:00:00,16056.745156312129,17240.045127721856,15264.063776840036
forecast_0172,2025-01-08 04:00:00,15582.881898251497,16711.54709685125,15305.573653425308
forecast_0173,2025-01-08 05:00:00,15225.975729913393,16528.970361261236,15418.2129984617
forecast_0174,2025-01-08 06:00:00,15090.877180009486,16769.843436398693,15520.323819025169
forecast_0175,2025-01-08 07:00:00,15165.164362038864,16796.332338567456,15823.50683871934
forecast_0176,2025-01-08 08:00:00,15069.44947594412,16899.404998592217,15518.27516487344
forecast_0177,2025-01-08 09:00:00,15003.373851200296,16791.498476994846,15467.532559891391
forecast_0178,2025-01-08 10:00:00,15331.353770997572,16769.430736449875,15366.471879551216
forecast_0179,2025-01-08 11:00:00,15886.083359901157,16726.05600894287,15428.345614231468
forecast_0180,2025-01-08 12:00:00,16636.98039516172,17155.502478246308,15658.08523869344
forecast_0181,2025-01-08 13:00:00,16439.92069999098,16898.78602956935,15681.196767019936
forecast_0182,2025-01-08 14:00:00,16347.482615207886,16855.701298836044,15877.261511988254
forecast_0183,2025-01-08 15:00:00,16410.655427236583,17140.691387065574,15832.329605555342
forecast_0184,2025-01-08 16:00:00,15662.854679134532,16792.012233837373,15454.557114622334
forecast_0185,2025-01-08 17:00:00,15635.729879837094,16827.411553852373,15592.755040464628
forecast_0186,2025-01-08 18:00:00,15608.344714957102,17042.373887781523,15430.117848011749
forecast_0187,2025-01-08 19:00:00,15782.602243660782,17354.982341751413,15394.311582507647
forecast_0188,2025-01-08 20:00:00,16093.516140133845,17596.56461126874,15313.789033382527
forecast_0189,2025-01-08 21:00:00,16024.100946157094,17642.140102701505,15499.00991214425
forecast_0190,2025-01-08 22:00:00,15781.43685636339,17503.332571287403,15763.64424111962
forecast_0191,2025-01-08 23:00:00,15545.314990360916,17591.89395054056,15834.25083776317
forecast_0192,2025-01-09 00:00:00,15654.508935861522,17747.662015616188,15707.061148442146
forecast_0193,2025-01-09 01:00:00,14586.042836596853,17072.868131856,14979.448681134914
forecast_0194,2025-01-09 02:00:00,14481.666725521663,17146.24431353588,14717.424807622669
forecast_0195,2025-01-09 03:00:00,14797.278352364578,16984.945573146775,14544.376762980626
forecast_0196,2025-01-09 04:00:00,14750.706097392009,16806.459110695374,14434.394408741407
forecast_0197,2025-01-09 05:00:00,14074.825588421969,16604.295995334443,14442.241647365625
forecast_0198,2025-01-09 06:00:00,13878.35866443722,16134.917776482236,14278.073589071388
forecast_0199,2025-01-09 07:00:00,13733.14809905544,15782.193417474906,13746.968322486213
forecast_0200,2025-01-09 08:00:00,13551.082476790463,15598.480928717803,13309.29410688532
forecast_0201,2025-01-09 09:00:00,13553.260598282091,15813.584191372009,13112.344070553336
forecast_0202,2025-01-09 10:00:00,13434.20452156655,15798.985817768133,12817.431663686326
forecast_0203,2025-01-09 11:00:00,13574.569521578163,15832.55210204659,12398.993215190509
forecast_0204,2025-01-09 12:00:00,13562.973435923646,15649.042428937308,12235.08153722238
forecast_0205,2025-01-09 13:00:00,13808.023868156926,15726.276791698554,12486.032825909915
forecast_0206,2025-01-09 14:00:00,14044.16227872608,15671.657656496594,12489.666223991257
forecast_0207,2025-01-09 15:00:00,13891.71998325873,15613.494774314328,12221.704311692454
forecast_0208,2025-01-09 16:00:00,14025.565557376793,15479.92890590067,10216.852238107347
forecast_0209,2025-01-09 17:00:00,14486.29923405217,15719.996602363137,9519.662579746788
forecast_0210,2025-01-09 18:00:00,14934.539523220665,16047.8038708965,8846.834413751167
forecast_0211,2025-01-09 19:00:00,15977.50221505295,17192.309053281235,9378.392892739468
forecast_0212,2025-01-09 20:00:00,16880.165741236906,17509.778630841738,9299.043431741216
forecast_0213,2025-01-09 21:00:00,17866.231863608686,18717.92199076316,11328.910569002335
forecast_0214,2025-01-09 22:00:00,18901.452614351845,19512.602110456686,11950.026912260282
forecast_0215,2025-01-09 23:00:00,19017.663357404985,19665.397327670165,13055.957849366812
forecast_0216,2025-01-10 00:00:00,19464.416730849905,19644.62879898647,12679.155017446396
forecast_0217,2025-01-10 01:00:00,17032.24806113196,17895.610005376795,11416.151938401408
forecast_0218,2025-01-10 02:00:00,17243.39466398215,18205.602935546744,11970.644610718826
forecast_0219,2025-01-10 03:00:00,17865.247414627804,18435.382428475223,12814.205986820529
forecast_0220,2025-01-10 04:00:00,18046.702916083694,18365.69857102095,12386.644808662972
forecast_0221,2025-01-10 05:00:00,17803.603619681668,17990.932862063866,12019.821547185044
forecast_0222,2025-01-10 06:00:00,17343.475932911137,17378.766422716322,11084.162892200116
forecast_0223,2025-01-10 07:00:00,15330.028135641003,16070.197702912765,10434.05916881394
forecast_0224,2025-01-10 08:00:00,12719.95136633434,12363.701457552936,7856.872156092429
forecast_0225,2025-01-10 09:00:00,10517.537932260491,9680.996357637468,6657.924199694447
forecast_0226,2025-01-10 10:00:00,8264.031679316675,6215.538062350231,5117.997277190105
forecast_0227,2025-01-10 11:00:00,5377.351722049351,4304.807645032015,3741.498678248285
forecast_0228,2025-01-10 12:00:00,4448.240095021773,4063.132209318775,3511.7052196228456
forecast_0229,2025-01-10 13:00:00,4095.224555424887,4025.086349560799,3563.839196451111
forecast_0230,2025-01-10 14:00:00,4134.999870397193,4055.736982355437,3648.070257092472
forecast_0231,2025-01-10 15:00:00,4073.9238678352754,4025.2885241185054,3619.780324043531
forecast_0232,2025-01-10 16:00:00,4660.342698822351,4154.967615379447,3546.0209434637814
forecast_0233,2025-01-10 17:00:00,5735.844363591767,5011.91067534148,5195.2874389406
forecast_0234,2025-01-10 18:00:00,7460.96539608764,6539.851736164696,6199.845690956482
forecast_0235,2025-01-10 19:00:00,8397.14651556086,7728.562387814275,6430.257552384361
forecast_0236,2025-01-10 20:00:00,9336.48452451378,8457.775796873046,7124.734420684722
forecast_0237,2025-01-10 21:00:00,9148.693508519946,8567.749179666762,7183.897642593581
forecast_0238,2025-01-10 22:00:00,9519.09843737804,9009.84467141646,7507.683256987746
forecast_0239,2025-01-10 23:00:00,9490.935773796911,8888.52842021904,7596.121906633294
forecast_0240,2025-01-11 00:00:00,9485.565822710629,9010.049504416971,7543.992615901542
forecast_0241,2025-01-11 01:00:00,9954.37719365326,9556.95030634045,8261.169583664136
forecast_0242,2025-01-11 02:00:00,9984.880332783256,9594.83667138042,8380.692201333686
forecast_0243,2025-01-11 03:00:00,9386.272340096804,9282.457068689357,7909.651503525863
forecast_0244,2025-01-11 04:00:00,8666.285582383967,8860.398708427581,7851.431387339553
forecast_0245,2025-01-11 05:00:00,8107.1092547554035,8052.004947915082,7689.494286726659
forecast_0246,2025-01-11 06:00:00,6705.988832686458,6484.364669656487,6892.352556884344
forecast_0247,2025-01-11 07:00:00,5700.259538902864,5298.012822675629,6801.306329403153
forecast_0248,2025-01-11 08:00:00,5049.677060239014,4951.544066555028,3691.9538161190503
forecast_0249,2025-01-11 09:00:00,4740.243267433278,4498.570469474561,3633.2879000120406
forecast_0250,2025-01-11 10:00:00,4480.529864852007,4123.062379916691,3526.4824311501143
forecast_0251,2025-01-11 11:00:00,3947.582031372072,4039.2081691207286,3437.77175475125
forecast_0252,2025-01-11 12:00:00,3674.27482415992,3909.41504581547,3417.143408061727
forecast_0253,2025-01-11 13:00:00,4077.489664460848,3980.0498577626727,3443.508207907288
forecast_0254,2025-01-11 14:00:00,4094.650835759835,3929.972008135565,3400.0976851982514
forecast_0255,2025-01-11 15:00:00,4076.067144614315,3847.544170161129,3392.4157335717177
forecast_0256,2025-01-11 16:00:00,4023.903405324516,3835.638214170891,3388.7022872920247
forecast_0257,2025-01-11 17:00:00,4535.670281412595,4077.890727263954,3641.300185115658
forecast_0258,2025-01-11 18:00:00,6058.129005109086,5718.148472672761,6315.5475611048205
forecast_0259,2025-01-11 19:00:00,7739.473122277866,7330.665526414229,6552.224360480425
forecast_0260,2025-01-11 20:00:00,9812.514063804863,9126.40744393405,7073.448926407888
forecast_0261,2025-01-11 21:00:00,11144.846164355378,10411.037677385855,8305.442582696276
forecast_0262,2025-01-11 22:00:00,12407.985121757778,12007.079469577406,9244.762403212992
forecast_0263,2025-01-11 23:00:00,13294.29518063316,12951.356398566812,9146.99071331982
forecast_0264,2025-01-12 00:00:00,13693.086757835608,13776.342653573416,9342.633166826108
forecast_0265,2025-01-12 01:00:00,13690.594097300964,13806.34863296922,8548.811533641549
forecast_0266,2025-01-12 02:00:00,14120.816985415851,14365.344236847588,8434.398701882461
forecast_0267,2025-01-12 03:00:00,14983.632620154653,15201.540185039676,8859.714801087452
forecast_0268,2025-01-12 04:00:00,15829.948619863517,15960.13836555046,9470.00000928404
forecast_0269,2025-01-12 05:00:00,16632.574972719696,16421.37097079359,9622.227479079696
forecast_0270,2025-01-12 06:00:00,16750.669337184387,16671.944924685748,10135.064013856769
forecast_0271,2025-01-12 07:00:00,16958.830478366523,16902.041681014012,10353.95634239041
forecast_0272,2025-01-12 08:00:00,16454.00269898411,16299.575800407472,8749.068915303666
forecast_0273,2025-01-12 09:00:00,16990.370376710896,16860.432603797675,8436.031260376012
forecast_0274,2025-01-12 10:00:00,16444.826078875245,16023.31857479663,8173.265056916232
forecast_0275,2025-01-12 11:00:00,14860.004799177945,15594.181390004436,8170.98443732878
forecast_0276,2025-01-12 12:00:00,12816.885146173923,14591.0545305549,6725.738511684086
forecast_0277,2025-01-12 13:00:00,12507.296318658637,14255.579954979175,6727.663294182597
forecast_0278,2025-01-12 14:00:00,13037.601503555932,14536.10666862508,7208.085496160813
forecast_0279,2025-01-12 15:00:00,13364.414888058847,14454.78277486146,8081.620975104586
forecast_0280,2025-01-12 16:00:00,14043.970979787704,15042.149531755384,8474.099333757784
forecast_0281,2025-01-12 17:00:00,15302.134018830133,15537.970243645614,9675.944210158284
forecast_0282,2025-01-12 18:00:00,16656.91705747899,16444.780376024486,11059.916861003525
forecast_0283,2025-01-12 19:00:00,16645.26786744081,16911.245934574054,11096.930863197404
forecast_0284,2025-01-12 20:00:00,17441.10555386019,17795.502711456327,11399.405506328236
forecast_0285,2025-01-12 21:00:00,17989.479572769906,18033.359464822795,11769.739614927254
forecast_0286,2025-01-12 22:00:00,18704.20779492655,18504.071685886887,13093.105403337377
forecast_0287,2025-01-12 23:00:00,18463.458491239184,18623.056487692917,10497.29331934705
forecast_0288,2025-01-13 00:00:00,18633.84885855482,18708.797721924184,11603.99973631205
forecast_0289,2025-01-13 01:00:00,19482.679044854165,19443.29517056632,12813.54043607577
forecast_0290,2025-01-13 02:00:00,19609.571010036158,19845.181123179555,14896.458875551742
forecast_0291,2025-01-13 03:00:00,19861.13116987721,20011.59203032996,16111.591638455751
forecast_0292,2025-01-13 04:00:00,19904.07834269477,20241.87327066003,16947.795155421165
forecast_0293,2025-01-13 05:00:00,19903.084143614135,20329.52188378817,17211.438525773294
forecast_0294,2025-01-13 06:00:00,19802.074791003903,20369.822528312678,17609.192208907352
forecast_0295,2025-01-13 07:00:00,18979.36185513269,19948.45829332637,17486.15422072756
forecast_0296,2025-01-13 08:00:00,18507.071844102767,19450.943381426157,16180.095941280752
forecast_0297,2025-01-13 09:00:00,18769.6104032314,19608.84469497782,16174.797244964366
forecast_0298,2025-01-13 10:00:00,18760.716435140494,18656.76310589145,15253.443751619488
forecast_0299,2025-01-13 11:00:00,17922.14771079762,18032.94155644809,14641.52324259901
forecast_0300,2025-01-13 12:00:00,16603.262970180724,17331.53389945912,14034.59055264783
forecast_0301,2025-01-13 13:00:00,15118.022060840236,16449.987512987333,13419.088186458795
forecast_0302,2025-01-13 14:00:00,14310.37827017115,15270.993994002602,13418.723708572948
forecast_0303,2025-01-13 15:00:00,13654.300143196217,14572.580538622542,13814.685976367922
forecast_0304,2025-01-13 16:00:00,13925.822452286851,14882.632970950655,14201.099753961924
forecast_0305,2025-01-13 17:00:00,14738.930283190246,15185.188488109205,14607.233324091789
forecast_0306,2025-01-13 18:00:00,15195.794106833147,15827.223304949854,15046.776973966294
forecast_0307,2025-01-13 19:00:00,16311.55187028298,16624.479757318597,15524.547450944372
forecast_0308,2025-01-13 20:00:00,16962.927627433273,17446.661332604428,15713.871605043065
forecast_0309,2025-01-13 21:00:00,17328.31136054772,17885.510337283533,15978.525688554651
forecast_0310,2025-01-13 22:00:00,17384.305205987446,18496.62859767251,16258.449597428182
forecast_0311,2025-01-13 23:00:00,18485.953706083325,18896.809350414274,16725.195656672335
forecast_0312,2025-01-14 00:00:00,19027.351810932072,19193.307673462084,16837.458916449545
forecast_0313,2025-01-14 01:00:00,19028.688039595658,19099.982827815365,16887.367521929
forecast_0314,2025-01-14 02:00:00,18962.076778643604,19026.58677222458,16898.352881679435
forecast_0315,2025-01-14 03:00:00,18959.290072622003,19113.576612808087,17087.047767233526
forecast_0316,2025-01-14 04:00:00,19062.755472109224,19161.34785260326,17155.138708184946
forecast_0317,2025-01-14 05:00:00,19158.98548239166,19172.209244647533,17005.837038272035
forecast_0318,2025-01-14 06:00:00,19366.346175004182,19337.13143801919,17002.654372186018
forecast_0319,2025-01-14 07:00:00,19138.108511487066,19335.273587536245,16812.30676555188
forecast_0320,2025-01-14 08:00:00,18506.236255185653,18718.30569588269,16363.271766378142
forecast_0321,2025-01-14 09:00:00,18142.859771325533,18457.249324876837,15873.503718055896
forecast_0322,2025-01-14 10:00:00,17272.615432709583,17469.37026647584,15410.581537671853
forecast_0323,2025-01-14 11:00:00,16733.056270805675,17040.83206502776,15131.224639857692
forecast_0324,2025-01-14 12:00:00,15902.737590550156,16343.902262047091,14660.186015988658
forecast_0325,2025-01-14 13:00:00,15482.480691645247,16029.709864667044,14578.618340392562
forecast_0326,2025-01-14 14:00:00,15069.410313886883,15566.941149622276,14451.34276702325
forecast_0327,2025-01-14 15:00:00,14652.788763904711,15126.459871008765,14073.645166260054
forecast_0328,2025-01-14 16:00:00,14296.441691335029,14595.472875672298,13545.30328864682
forecast_0329,2025-01-14 17:00:00,14199.149210378027,14168.855993620966,12773.47834754032
forecast_0330,2025-01-14 18:00:00,14286.1726929643,14334.349785521094,12473.002978142358
forecast_0331,2025-01-14 19:00:00,14284.918804089511,14415.542600363697,12250.056408821893
forecast_0332,2025-01-14 20:00:00,14200.356755558238,14155.530741580757,11878.5479601408
forecast_0333,2025-01-14 21:00:00,13897.758927859904,13941.894686185376,11693.148002652322
forecast_0334,2025-01-14 22:00:00,14314.927039732074,14301.76337011505,11419.336010706606
forecast_0335,2025-01-14 23:00:00,13784.38446598769,13563.889998552157,11161.453416153285
forecast_0336,2025-01-15 00:00:00,13727.618582608971,13620.30614862958,11327.898869665683
forecast_0337,2025-01-15 01:00:00,13806.553663532157,13949.248194765823,10940.03461251187
forecast_0338,2025-01-15 02:00:00,13545.748266514574,13838.43335082083,10237.543156868716
forecast_0339,2025-01-15 03:00:00,12838.446195360324,13451.205808618926,8804.01953653695
forecast_0340,2025-01-15 04:00:00,13000.579618362528,13303.119291306391,8937.716501049956
forecast_0341,2025-01-15 05:00:00,13143.080220001711,13319.643890856085,8951.856983191305
forecast_0342,2025-01-15 06:00:00,13658.124520967767,14225.705172657688,9647.379246711878
forecast_0343,2025-01-15 07:00:00,13889.381850491738,14742.388919817464,10696.387097666977
forecast_0344,2025-01-15 08:00:00,14258.085168037403,15037.226789231476,10277.710450609557
forecast_0345,2025-01-15 09:00:00,14612.11492964116,15554.331822684166,10757.11385963644
forecast_0346,2025-01-15 10:00:00,14166.936563645522,14899.821662452348,10058.405714575936
forecast_0347,2025-01-15 11:00:00,14412.843471775564,14937.47499913272,10219.140976754185
forecast_0348,2025-01-15 12:00:00,14131.875527513048,14504.53790125323,10084.597722861272
forecast_0349,2025-01-15 13:00:00,13906.28358997774,13918.43820346135,9595.567975753069
forecast_0350,2025-01-15 14:00:00,13275.669638366213,13637.54460478437,9055.475878604446
forecast_0351,2025-01-15 15:00:00,13376.984520626058,13960.509575988992,8870.389950654248
forecast_0352,2025-01-15 16:00:00,14073.083602478604,14889.843530988666,9481.192389526972
forecast_0353,2025-01-15 17:00:00,14665.31560944674,15754.413638574551,11062.93506005719
forecast_0354,2025-01-15 18:00:00,15349.155078929614,16837.42840359221,11937.282956378813
forecast_0355,2025-01-15 19:00:00,16355.97815220881,17570.273551367438,13278.896775904685
forecast_0356,2025-01-15 20:00:00,16473.89926046003,17822.301451676394,13742.261012070274
forecast_0357,2025-01-15 21:00:00,16741.307034128688,18208.851171847768,14332.567301789752
forecast_0358,2025-01-15 22:00:00,17835.01514774973,19056.92058839669,15079.30676505215
forecast_0359,2025-01-15 23:00:00,18996.05031582161,19258.673219510547,15977.163403025384
forecast_0360,2025-01-16 00:00:00,17919.60131234787,18905.29407252821,16661.12718807074
forecast_0361,2025-01-16 01:00:00,18280.993177467382,19197.61676547753,16848.249878968836
forecast_0362,2025-01-16 02:00:00,18580.43778231808,19309.72387331876,17296.970172658577
forecast_0363,2025-01-16 03:00:00,18338.531294150824,19468.70011469804,17670.88947352438
forecast_0364,2025-01-16 04:00:00,18239.478562865654,19531.41625586676,17994.44770787939
forecast_0365,2025-01-16 05:00:00,18547.00663334892,19656.709498567183,18138.230611579664
forecast_0366,2025-01-16 06:00:00,18696.62384356558,19606.379549141693,18206.707155534077
forecast_0367,2025-01-16 07:00:00,19135.080402108837,19703.163284993672,18634.28234504472
forecast_0368,2025-01-16 08:00:00,19245.917097227382,19498.244398898507,18329.2774130661
forecast_0369,2025-01-16 09:00:00,19458.79215313372,19627.060602745936,18254.698926927987
forecast_0370,2025-01-16 10:00:00,19718.57215088435,19595.248296738453,18167.558917279894
forecast_0371,2025-01-16 11:00:00,19744.709258534695,19236.22103622384,18075.99063862993
forecast_0372,2025-01-16 12:00:00,19014.29436593373,18619.19046882288,17470.191530919627
forecast_0373,2025-01-16 13:00:00,18647.87566596574,18488.647613620007,17599.23490540963
forecast_0374,2025-01-16 14:00:00,18379.999418013624,18132.093226656038,16750.146294608596
forecast_0375,2025-01-16 15:00:00,18241.85635152604,18027.252844026538,16397.8847976518
forecast_0376,2025-01-16 16:00:00,18045.666989148023,17916.683199166477,15800.5437682291
forecast_0377,2025-01-16 17:00:00,17567.6933538496,17781.98403198061,15147.203579296976
forecast_0378,2025-01-16 18:00:00,17321.84704056355,17277.40322828051,13767.911951693017
forecast_0379,2025-01-16 19:00:00,16412.906684206628,16298.45835854126,12132.263503314902
forecast_0380,2025-01-16 20:00:00,13555.328265115946,13810.374828065032,11150.963479742157
forecast_0381,2025-01-16 21:00:00,11074.0731171428,11266.705204520402,8817.273446849227
forecast_0382,2025-01-16 22:00:00,8083.773052593419,9456.021880819855,7369.625701187901
forecast_0383,2025-01-16 23:00:00,5994.675617784727,6362.467271144724,5942.019721191148
forecast_0384,2025-01-17 00:00:00,4339.362029054418,3877.446374318492,3693.729522861016
forecast_0385,2025-01-17 01:00:00,4063.319593692815,3864.4684889347327,3535.198175335866
forecast_0386,2025-01-17 02:00:00,3868.1517559145095,3761.515588013564,3396.401038412442
forecast_0387,2025-01-17 03:00:00,3770.418209982597,3693.64054043129,3377.025024503553
forecast_0388,2025-01-17 04:00:00,3759.6528993869583,3699.368494858103,3369.988171779617
forecast_0389,2025-01-17 05:00:00,3772.0992460599673,3726.930552284256,3365.0308978500843
forecast_0390,2025-01-17 06:00:00,3770.023879991402,3711.361268639792,3369.529959649982
forecast_0391,2025-01-17 07:00:00,3762.9202326948016,3733.6017735258342,3370.94081050065
forecast_0392,2025-01-17 08:00:00,3757.813039728342,3731.192634248213,3365.6451690547974
forecast_0393,2025-01-17 09:00:00,3761.2443159505942,3701.694776001858,3366.386161293045
forecast_0394,2025-01-17 10:00:00,3737.08379635994,3659.325808913432,3366.3722926260048
forecast_0395,2025-01-17 11:00:00,3739.9276391905496,3656.7521003718575,3369.0394135028546
forecast_0396,2025-01-17 12:00:00,3788.987913068132,3699.734555675183,3373.930527312933
forecast_0397,2025-01-17 13:00:00,3826.051966950755,3730.117753335388,3371.5772977974225
forecast_0398,2025-01-17 14:00:00,3892.116113946646,3835.9831263733768,3393.9332727644155
forecast_0399,2025-01-17 15:00:00,3854.507681370564,3826.2987626335134,3410.9338976569247
forecast_0400,2025-01-17 16:00:00,3860.155965929444,3922.0612708861895,3509.33474500506
forecast_0401,2025-01-17 17:00:00,5080.915562914095,4849.366100272251,4430.8639755919
forecast_0402,2025-01-17 18:00:00,6896.364876074684,6800.350287363813,5456.817844084408
forecast_0403,2025-01-17 19:00:00,8559.743523381796,8663.705397124102,7081.156290419005
forecast_0404,2025-01-17 20:00:00,10220.396892865245,10153.33007010412,9346.768295859958
forecast_0405,2025-01-17 21:00:00,11993.589383758435,11682.342761678532,10550.89586128913
forecast_0406,2025-01-17 22:00:00,13805.601136372394,13758.072587474106,11094.938386013206
forecast_0407,2025-01-17 23:00:00,14600.940382036895,14358.85149924082,11300.986483620623
forecast_0408,2025-01-18 00:00:00,15800.228081225085,14615.28692927904,11437.10103427814
forecast_0409,2025-01-18 01:00:00,14741.394624458597,14146.951804352511,10725.679830685498
forecast_0410,2025-01-18 02:00:00,15301.827472252326,14520.243992061429,10803.77751816306
forecast_0411,2025-01-18 03:00:00,16591.4349518214,14994.718005237431,11104.074638983024
forecast_0412,2025-01-18 04:00:00,16707.709745970646,15078.869230134987,11279.052740592011
forecast_0413,2025-01-18 05:00:00,16299.474328670116,15001.541863591046,10936.098496391043
forecast_0414,2025-01-18 06:00:00,14297.173099368069,13383.79164312238,9257.260975855392
forecast_0415,2025-01-18 07:00:00,12424.31674957664,11596.557319916898,8075.912972017896
forecast_0416,2025-01-18 08:00:00,9011.792400524364,9158.123327385516,5919.633388617492
forecast_0417,2025-01-18 09:00:00,7022.24815612292,6548.404732740012,4674.900269402104
forecast_0418,2025-01-18 10:00:00,4838.269316187251,4661.598830046592,3580.873664938237
forecast_0419,2025-01-18 11:00:00,4707.519801126356,4212.009553293329,3526.86497131375
forecast_0420,2025-01-18 12:00:00,4321.008597181075,4034.339607553439,3625.386415845532
forecast_0421,2025-01-18 13:00:00,4142.276784726895,4068.385083317178,3618.7143949526167
forecast_0422,2025-01-18 14:00:00,4330.200413872559,4160.442261684711,3641.9445666729785
forecast_0423,2025-01-18 15:00:00,4678.758422658369,4821.624922358988,3706.185241809304
forecast_0424,2025-01-18 16:00:00,6205.525644504851,5569.1338997693565,3686.509519203648
forecast_0425,2025-01-18 17:00:00,9402.84694972982,8864.831544133685,6920.002955098935
forecast_0426,2025-01-18 18:00:00,12943.984143922818,11396.24863985626,8953.459301203162
forecast_0427,2025-01-18 19:00:00,15267.32835890152,13491.23882408463,11934.9768268299
forecast_0428,2025-01-18 20:00:00,17721.1207420554,16367.116705998773,12143.926278910572
forecast_0429,2025-01-18 21:00:00,19017.98669840234,17658.24061846718,13011.475181839123
forecast_0430,2025-01-18 22:00:00,19716.362368554783,18567.977447443456,13626.846463089589
forecast_0431,2025-01-18 23:00:00,19475.09910029496,18834.90834428676,13814.176979774187
forecast_0432,2025-01-19 00:00:00,19370.08077021729,18816.30594165299,13857.209309222231
forecast_0433,2025-01-19 01:00:00,18963.58868343701,18541.75704757023,13918.2422805784
forecast_0434,2025-01-19 02:00:00,18874.136703099444,18504.95822248357,14097.77118770916
forecast_0435,2025-01-19 03:00:00,19427.50260200635,18947.22701451296,14473.02126536912
forecast_0436,2025-01-19 04:00:00,19637.065535136306,19129.65715271922,14830.823650064694
forecast_0437,2025-01-19 05:00:00,19963.166025721534,19431.058985051277,15016.243912822414
forecast_0438,2025-01-19 06:00:00,20086.14858575664,19537.25897467608,15447.853834842635
forecast_0439,2025-01-19 07:00:00,20081.45911153525,19575.75496907621,15093.532636223
forecast_0440,2025-01-19 08:00:00,19594.71203829937,19093.060057811577,14200.971041013723
forecast_0441,2025-01-19 09:00:00,18919.83513243632,18419.55320668921,13339.89330055194
forecast_0442,2025-01-19 10:00:00,17604.21331520449,16755.258789267682,12062.239281745677
forecast_0443,2025-01-19 11:00:00,14190.28847937358,14882.745400477905,10022.84177168878
forecast_0444,2025-01-19 12:00:00,11831.1396038465,13660.54135277153,8396.836241194977
forecast_0445,2025-01-19 13:00:00,10578.755969815598,11777.134260536395,7636.9990183160735
forecast_0446,2025-01-19 14:00:00,9158.509405555027,10783.547746682249,6874.30377437978
forecast_0447,2025-01-19 15:00:00,7944.844133305381,9557.067304205875,5070.804201865497
forecast_0448,2025-01-19 16:00:00,8118.582559445157,9701.724864065858,5939.346543086304
forecast_0449,2025-01-19 17:00:00,9614.791035814584,10364.156953241649,6326.523831982047
forecast_0450,2025-01-19 18:00:00,9637.934318637785,11130.6156311779,6997.380612655492
forecast_0451,2025-01-19 19:00:00,11163.948421679692,12623.653155545426,7126.27656920215
forecast_0452,2025-01-19 20:00:00,11653.856124623451,12858.325081003126,7067.274544371095
forecast_0453,2025-01-19 21:00:00,11102.25499313666,12604.750218607593,7184.448938024756
forecast_0454,2025-01-19 22:00:00,11604.457069041917,12596.158173901986,8377.00989225704
forecast_0455,2025-01-19 23:00:00,11315.622473664307,12165.293828469728,7722.435777532977
forecast_0456,2025-01-20 00:00:00,10260.626037120695,10790.585548225952,7539.045839555475
forecast_0457,2025-01-20 01:00:00,9015.333821589384,8558.054867694003,5868.332375747105
forecast_0458,2025-01-20 02:00:00,7509.093365268504,6696.74826132316,5252.985088164483
forecast_0459,2025-01-20 03:00:00,5527.865870106433,4885.30975845383,4797.796637424056
forecast_0460,2025-01-20 04:00:00,4486.869637048857,4069.204751694259,3751.795756015588
forecast_0461,2025-01-20 05:00:00,3935.88934394987,3923.691929904237,3652.261780560447
forecast_0462,2025-01-20 06:00:00,3984.3639731644057,3828.93274693386,3456.5315628420185
forecast_0463,2025-01-20 07:00:00,3916.642812249539,3752.886702947263,3379.568190521366
forecast_0464,2025-01-20 08:00:00,3774.91685428405,3669.7507200088658,3367.443958521997
forecast_0465,2025-01-20 09:00:00,3737.653049897133,3661.01295794,3367.1044639011584
forecast_0466,2025-01-20 10:00:00,3717.022712967149,3637.391007614568,3362.695147681983
forecast_0467,2025-01-20 11:00:00,3705.263605056906,3617.997656831792,3361.284486889478
forecast_0468,2025-01-20 12:00:00,3702.795024727401,3616.72231005247,3360.855267454969
forecast_0469,2025-01-20 13:00:00,3703.034533914751,3615.108395130796,3360.6251069050454
forecast_0470,2025-01-20 14:00:00,3704.4390862540586,3616.11284319336,3360.561550886461
forecast_0471,2025-01-20 15:00:00,3706.00983487032,3617.693657395013,3361.0754438769286
forecast_0472,2025-01-20 16:00:00,3706.634014341088,3621.016242137532,3362.978015284149
forecast_0473,2025-01-20 17:00:00,3709.3458573285984,3627.50298053882,3362.220277052716
forecast_0474,2025-01-20 18:00:00,3717.5538713687024,3627.628745372956,3361.6115445424352
forecast_0475,2025-01-20 19:00:00,3714.541772467029,3631.25161442764,3361.971702448944
forecast_0476,2025-01-20 20:00:00,3718.296139556812,3621.078556267002,3361.536057823148
forecast_0477,2025-01-20 21:00:00,3723.731415662752,3627.7766671847153,3362.7325708637736
forecast_0478,2025-01-20 22:00:00,3752.7179925841,3661.187992324847,3366.088240358996
forecast_0479,2025-01-20 23:00:00,3769.400304239904,3661.356035250307,3367.7447381978423
forecast_0480,2025-01-21 00:00:00,3766.001867473764,3667.3007068960487,3375.328269576487
forecast_0481,2025-01-21 01:00:00,3878.43098028401,3745.697155081943,3462.8288850978674
forecast_0482,2025-01-21 02:00:00,3938.7649244988406,3833.575502792328,3455.510203439236
forecast_0483,2025-01-21 03:00:00,4001.698275959077,3855.616007448913,3568.749535132252
forecast_0484,2025-01-21 04:00:00,4018.285464614336,3883.472372436772,3574.0095847557777
forecast_0485,2025-01-21 05:00:00,4037.0306912366777,3891.73259966348,3489.977219695601
forecast_0486,2025-01-21 06:00:00,4035.003880113965,3870.840294927862,3514.112683856769
forecast_0487,2025-01-21 07:00:00,4063.851688471243,3848.538468304831,3552.682274785236
forecast_0488,2025-01-21 08:00:00,4007.211177087429,3805.03187985928,3429.239845796162
forecast_0489,2025-01-21 09:00:00,3890.127839908941,3799.573023033896,3395.9027340654684
forecast_0490,2025-01-21 10:00:00,3865.0021685534102,3703.37240066761,3368.344414125018
forecast_0491,2025-01-21 11:00:00,3781.0308808409454,3696.806458383338,3366.59643052662
forecast_0492,2025-01-21 12:00:00,4036.3361099612575,3863.186661321631,3397.3920844248228
forecast_0493,2025-01-21 13:00:00,3921.9156985251434,3810.3718942102846,3412.618042139456
forecast_0494,2025-01-21 14:00:00,3882.444696690887,3924.893266380928,3440.883260232556
forecast_0495,2025-01-21 15:00:00,3932.2210546910696,4055.455499927789,3443.549984427874
forecast_0496,2025-01-21 16:00:00,4536.009189593916,4796.8095894484,3589.966339549623
forecast_0497,2025-01-21 17:00:00,5918.4911608720495,5971.925394991865,4938.426299505457
forecast_0498,2025-01-21 18:00:00,7684.539870498677,8098.812766203707,6530.601546549156
forecast_0499,2025-01-21 19:00:00,9843.463360963502,10429.073179788347,8081.383097430752
forecast_0500,2025-01-21 20:00:00,11218.35951542396,12211.155877851585,9186.109767131158
forecast_0501,2025-01-21 21:00:00,11907.249382130014,13435.373317569149,9387.219176799672
forecast_0502,2025-01-21 22:00:00,11724.214120325698,13959.227932883512,10040.019771746596
forecast_0503,2025-01-21 23:00:00,12325.424187583356,14462.67037947896,10383.953247468344
forecast_0504,2025-01-22 00:00:00,11999.575007217389,14524.243132771278,9595.666387045403
forecast_0505,2025-01-22 01:00:00,12434.163502999269,14340.147902445911,8638.889685340584
forecast_0506,2025-01-22 02:00:00,12160.956052047011,14377.495169507732,9161.3105623334
forecast_0507,2025-01-22 03:00:00,13258.715791945438,15273.427713238323,10464.234557361438
forecast_0508,2025-01-22 04:00:00,14986.560289345643,15894.19998368858,10995.1680767716
forecast_0509,2025-01-22 05:00:00,15166.943253517496,15568.98861043355,12265.547479213388
forecast_0510,2025-01-22 06:00:00,16187.404781589314,15893.794142388308,12904.135577801551
forecast_0511,2025-01-22 07:00:00,15244.480328074738,14944.152147367897,13037.882582420045
forecast_0512,2025-01-22 08:00:00,14444.504227660207,14080.887574267512,12681.473637334297
forecast_0513,2025-01-22 09:00:00,13128.74258259708,13123.061607216474,12073.424053150102
forecast_0514,2025-01-22 10:00:00,12908.404349979395,12057.75739485471,9747.26080071447
forecast_0515,2025-01-22 11:00:00,12154.864174573497,11050.621070319032,8772.81266701622
forecast_0516,2025-01-22 12:00:00,10927.129235296983,10067.012930972436,8040.857604333354
forecast_0517,2025-01-22 13:00:00,9259.894232922634,8593.641165772666,6570.482660745815
forecast_0518,2025-01-22 14:00:00,8174.297721648044,6974.688810037543,5868.074667552512
forecast_0519,2025-01-22 15:00:00,6908.079801957279,6244.1023805354125,5378.830414637096
forecast_0520,2025-01-22 16:00:00,7249.293914321782,7077.535848158324,5725.785760117327
forecast_0521,2025-01-22 17:00:00,7413.138306144825,7278.717088598285,3767.97516610414
forecast_0522,2025-01-22 18:00:00,8661.378840414805,9369.161153911093,3767.006685016433
forecast_0523,2025-01-22 19:00:00,8968.049538389963,10025.35899558262,7280.399977174314
forecast_0524,2025-01-22 20:00:00,8963.917824343847,10288.80082584283,6778.561642850306
forecast_0525,2025-01-22 21:00:00,9433.467849722609,10720.029523689878,6911.929035362307
forecast_0526,2025-01-22 22:00:00,9927.540117918246,11428.952939006636,6990.994810295218
forecast_0527,2025-01-22 23:00:00,10618.728586182244,12171.92624347389,7916.144421593261
forecast_0528,2025-01-23 00:00:00,10932.017788009793,12784.085881665223,8568.995893901923
forecast_0529,2025-01-23 01:00:00,12227.223680668323,14741.13120104385,10504.786609505622
forecast_0530,2025-01-23 02:00:00,12464.33824384968,14910.946941208547,10460.028803120324
forecast_0531,2025-01-23 03:00:00,12620.499584206036,14971.252799980832,10576.131370346531
forecast_0532,2025-01-23 04:00:00,12371.546365359814,14784.084203789318,10257.449232627754
forecast_0533,2025-01-23 05:00:00,12194.0140534407,14244.060890341076,10025.900599650167
forecast_0534,2025-01-23 06:00:00,11445.146767380067,13668.09333510269,9479.71315916237
forecast_0535,2025-01-23 07:00:00,10426.151914120948,12014.283469347329,8384.238730357516
forecast_0536,2025-01-23 08:00:00,8650.010803657437,10080.50059706287,6601.016423387667
forecast_0537,2025-01-23 09:00:00,6575.029580097041,7406.664520166921,5044.892894375822
forecast_0538,2025-01-23 10:00:00,4689.8698190400855,4232.944232150016,3634.4445826440246
forecast_0539,2025-01-23 11:00:00,4226.129819599694,4043.973273486439,3518.192850300228
forecast_0540,2025-01-23 12:00:00,4062.4463767821767,3994.813125179508,3501.451170034414
forecast_0541,2025-01-23 13:00:00,4080.072778261088,3994.3993422325134,3596.9255036258737
forecast_0542,2025-01-23 14:00:00,3396.082756391472,3825.2660289573178,3570.420793183951
forecast_0543,2025-01-23 15:00:00,3964.653730811563,3805.826671288257,3404.0426036201898
forecast_0544,2025-01-23 16:00:00,3883.761759296311,3767.0006303925793,3404.864173004423
forecast_0545,2025-01-23 17:00:00,3902.128859232709,3764.042414126789,3382.907418749682
forecast_0546,2025-01-23 18:00:00,3914.243976360749,3909.167618599819,3381.5975665330498
forecast_0547,2025-01-23 19:00:00,3903.071933938106,3938.157983627457,3438.291982577748
forecast_0548,2025-01-23 20:00:00,3952.086991469757,3910.5821328813536,3415.995012469405
forecast_0549,2025-01-23 21:00:00,3997.135975090008,3874.245155266622,3452.1725638697403
forecast_0550,2025-01-23 22:00:00,3407.902057825361,3951.627736030408,3438.153794700357
forecast_0551,2025-01-23 23:00:00,4105.269282656549,4019.2502153509545,3450.4687682441167
forecast_0552,2025-01-24 00:00:00,3985.00897761055,3942.643141340274,3397.450381545155
forecast_0553,2025-01-24 01:00:00,3887.415358102379,3775.2562554564574,3390.0356888276337
forecast_0554,2025-01-24 02:00:00,3881.973214276989,3756.784120268082,3374.4947188305587
forecast_0555,2025-01-24 03:00:00,3835.645233874164,3745.808575957533,3372.729283270933
forecast_0556,2025-01-24 04:00:00,3794.17363226893,3735.484291851283,3366.4640468
forecast_0557,2025-01-24 05:00:00,3727.0295657611096,3685.542288786873,3365.6405385257394
forecast_0558,2025-01-24 06:00:00,3726.009515771042,3687.153550306497,3365.049101949954
forecast_0559,2025-01-24 07:00:00,3727.1813064634166,3695.060631211447,3365.442606628861
forecast_0560,2025-01-24 08:00:00,3713.0489902248414,3650.210302940836,3361.949625448261
forecast_0561,2025-01-24 09:00:00,3709.915532876829,3643.3181203655513,3362.209627482496
forecast_0562,2025-01-24 10:00:00,3704.193977029701,3617.989140098903,3361.4459486815567
forecast_0563,2025-01-24 11:00:00,3702.492019948019,3614.9154694406734,3361.198170581229
forecast_0564,2025-01-24 12:00:00,3706.049074357749,3615.5208210242376,3361.221108124527
forecast_0565,2025-01-24 13:00:00,3705.1724699823576,3621.6414924840624,3361.598213772173
forecast_0566,2025-01-24 14:00:00,3705.856684568618,3621.996907181256,3362.808987571217
forecast_0567,2025-01-24 15:00:00,3707.191267272696,3630.303315506526,3364.154539083308
forecast_0568,2025-01-24 16:00:00,3708.703669214285,3630.476331183309,3365.0397844210183
forecast_0569,2025-01-24 17:00:00,3716.2955130766886,3625.317324296004,3371.897068185135
forecast_0570,2025-01-24 18:00:00,3725.761020539373,3626.98842067076,3370.684307458541
forecast_0571,2025-01-24 19:00:00,3810.3767803161154,3714.116207856621,3382.787453483151
forecast_0572,2025-01-24 20:00:00,3944.119165868527,3799.4081416855793,3397.52293285051
forecast_0573,2025-01-24 21:00:00,3895.2727507047794,3749.779564551391,3411.288159050634
forecast_0574,2025-01-24 22:00:00,3877.263271270823,3722.8422641921056,3408.671047976683
forecast_0575,2025-01-24 23:00:00,3899.865458803628,3744.202102943149,3447.5117824849
forecast_0576,2025-01-25 00:00:00,3914.436185507558,3771.684964055881,3499.6134599357206
forecast_0577,2025-01-25 01:00:00,3839.203654017128,3720.3837938911415,3416.043531693005
forecast_0578,2025-01-25 02:00:00,3798.82093251321,3706.3873580381887,3421.2753447320783
forecast_0579,2025-01-25 03:00:00,3851.512894545909,3748.85107170992,3588.987825504851
forecast_0580,2025-01-25 04:00:00,3787.4956691598536,3731.2589742669343,3413.892744138359
forecast_0581,2025-01-25 05:00:00,3796.177699743592,3727.27016145923,3449.526244929204
forecast_0582,2025-01-25 06:00:00,3802.777133610702,3736.3166430504393,3456.1790540174325
forecast_0583,2025-01-25 07:00:00,3787.906950321849,3729.87800272048,3455.735606968565
forecast_0584,2025-01-25 08:00:00,3778.155742775805,3696.443088607077,3464.9050032597324
forecast_0585,2025-01-25 09:00:00,3771.656693275317,3701.6719916493857,3439.934534448759
forecast_0586,2025-01-25 10:00:00,3780.6473734634433,3696.0270409969817,3466.529315940008
forecast_0587,2025-01-25 11:00:00,3787.252100814733,3706.322380557076,3486.5927819836384
forecast_0588,2025-01-25 12:00:00,3771.0734457286953,3688.237576317121,3472.365975527852
forecast_0589,2025-01-25 13:00:00,3782.9472909178417,3685.5711325674074,3430.567150846662
forecast_0590,2025-01-25 14:00:00,3785.646390862709,3677.317849951172,3434.316042249485
forecast_0591,2025-01-25 15:00:00,3768.913022348372,3668.0684261443375,3410.964755918116
forecast_0592,2025-01-25 16:00:00,3762.578756297996,3674.6692184989615,3435.255266474668
forecast_0593,2025-01-25 17:00:00,3745.088777175143,3681.8114618168,3421.015668488874
forecast_0594,2025-01-25 18:00:00,3747.26430261353,3675.1129433937326,3425.609155009021
forecast_0595,2025-01-25 19:00:00,3745.9696760115694,3672.495084246547,3417.954119296324
forecast_0596,2025-01-25 20:00:00,3748.675447369931,3681.936963246072,3422.203189027005
forecast_0597,2025-01-25 21:00:00,3767.902909647041,3697.418046185839,3439.5575810757427
forecast_0598,2025-01-25 22:00:00,3877.304724042765,3736.307733417112,3403.514974807314
forecast_0599,2025-01-25 23:00:00,3852.8423654415888,3730.8398273279818,3417.1902734007617
forecast_0600,2025-01-26 00:00:00,3852.534767040059,3752.457874975323,3417.100626523516
forecast_0601,2025-01-26 01:00:00,3809.7739850200287,3762.625370945576,3439.757545915721
forecast_0602,2025-01-26 02:00:00,3777.689355782076,3754.278518424501,3421.865800815696
forecast_0603,2025-01-26 03:00:00,3770.9690791745593,3737.618035203297,3418.5204692749994
forecast_0604,2025-01-26 04:00:00,3898.628488571126,3834.373045960209,3508.285417578532
forecast_0605,2025-01-26 05:00:00,3818.458014172596,3763.934428986121,3454.6208800522663
forecast_0606,2025-01-26 06:00:00,3824.961079485558,3778.38109390424,3435.8032202056256
forecast_0607,2025-01-26 07:00:00,3854.216656597849,3853.483023084875,3427.40922422175
forecast_0608,2025-01-26 08:00:00,3828.1540152189286,3732.917715250645,3442.153916733337
forecast_0609,2025-01-26 09:00:00,3791.6424496366913,3713.6242527103327,3413.816056473522
forecast_0610,2025-01-26 10:00:00,3767.18272916033,3688.156694434735,3406.674645616984
forecast_0611,2025-01-26 11:00:00,3750.385095738727,3689.948107668277,3416.8659412765496
forecast_0612,2025-01-26 12:00:00,3725.166925089868,3654.498975364624,3388.23288846988
forecast_0613,2025-01-26 13:00:00,3723.433582135066,3642.710325449712,3370.6066678661573
forecast_0614,2025-01-26 14:00:00,3711.5064937237626,3626.8269420472247,3364.264813090188
forecast_0615,2025-01-26 15:00:00,3702.308913741837,3614.606376979697,3363.385021730419
forecast_0616,2025-01-26 16:00:00,3703.93992786322,3619.40707202471,3362.4085139481126
forecast_0617,2025-01-26 17:00:00,3708.2810322951295,3624.885432596386,3363.913674923285
forecast_0618,2025-01-26 18:00:00,3708.6642687101007,3627.966287296496,3363.045999219511
forecast_0619,2025-01-26 19:00:00,3725.056282841759,3657.036873756855,3364.2736321189072
forecast_0620,2025-01-26 20:00:00,3725.477344086744,3681.4681861747695,3363.715901726316
forecast_0621,2025-01-26 21:00:00,3760.1733013389608,3755.118500970894,3370.418437324081
forecast_0622,2025-01-26 22:00:00,3747.108742892875,3714.793895500448,3366.450552575038
forecast_0623,2025-01-26 23:00:00,3732.211124444223,3675.692159516018,3367.3741127524977
forecast_0624,2025-01-27 00:00:00,3756.361120695293,3729.2664261984746,3370.4310930173638
forecast_0625,2025-01-27 01:00:00,3796.458547409434,3702.7245885494094,3375.637212785324
forecast_0626,2025-01-27 02:00:00,3793.289222613834,3706.501488839858,3382.3551734904368
forecast_0627,2025-01-27 03:00:00,3876.056005447013,3767.283152845622,3373.6679327417382
forecast_0628,2025-01-27 04:00:00,3847.127668759061,3799.310315712502,3398.777640574392
forecast_0629,2025-01-27 05:00:00,4081.737756370077,3940.828806256929,3436.8168100229477
forecast_0630,2025-01-27 06:00:00,3915.725966557633,3870.513201486047,3457.1795758160065
forecast_0631,2025-01-27 07:00:00,4079.394768235634,3937.924519070227,3392.062353058382
forecast_0632,2025-01-27 08:00:00,3291.804249701265,3755.9335104276215,3427.258374342984
forecast_0633,2025-01-27 09:00:00,3277.7260382735294,3796.4246689837832,3514.747339382701
forecast_0634,2025-01-27 10:00:00,3331.944688105684,3693.768899394244,3439.9981975698543
forecast_0635,2025-01-27 11:00:00,4096.517167983403,4030.8341273248498,3632.308416272257
forecast_0636,2025-01-27 12:00:00,10102.427536231688,8590.492680603935,8614.81014586733
forecast_0637,2025-01-27 13:00:00,12075.98237546572,6452.885540056226,11649.984495413357
forecast_0638,2025-01-27 14:00:00,15120.052422461082,14721.710664934322,13398.460195936515
forecast_0639,2025-01-27 15:00:00,16950.963028369024,17271.80345048874,15019.856290160218
forecast_0640,2025-01-27 16:00:00,17277.328338202307,18129.46402811813,16787.566523048503
forecast_0641,2025-01-27 17:00:00,17535.178737492723,18151.76116097192,16461.014071815367
forecast_0642,2025-01-27 18:00:00,17529.707722636085,18016.64780692783,16598.346320461762
forecast_0643,2025-01-27 19:00:00,17281.23179329486,18081.506697103658,16788.668130290465
forecast_0644,2025-01-27 20:00:00,17351.787275598475,18137.01195261379,16914.53681662222
forecast_0645,2025-01-27 21:00:00,17368.4899536605,18100.63265976688,16860.68506821774
forecast_0646,2025-01-27 22:00:00,17627.652679110957,18166.048917909426,17126.240859359415
forecast_0647,2025-01-27 23:00:00,17632.474660814234,18250.577018895103,16954.295385034595
forecast_0648,2025-01-28 00:00:00,17791.916740251098,18326.861438842243,17109.877899690317
forecast_0649,2025-01-28 01:00:00,17569.181862515674,18238.278714448003,17007.815377599152
forecast_0650,2025-01-28 02:00:00,18466.11908887916,18593.85546972537,17054.649250012546
forecast_0651,2025-01-28 03:00:00,18407.43562872852,18627.276702186,16977.00649146581
forecast_0652,2025-01-28 04:00:00,18441.07876527496,18656.659097151205,17064.32397565803
forecast_0653,2025-01-28 05:00:00,18526.062352948244,18678.06615449652,17258.553149578307
forecast_0654,2025-01-28 06:00:00,18793.1347750106,18798.711002157703,17319.78585639843
forecast_0655,2025-01-28 07:00:00,18640.46388980806,18725.440101273416,17818.97215707643
forecast_0656,2025-01-28 08:00:00,18230.516414695485,18424.16039279371,17155.733766289213
forecast_0657,2025-01-28 09:00:00,18314.906261228967,18365.214006488157,17104.53360433081
forecast_0658,2025-01-28 10:00:00,17611.829130741706,17752.69062965173,17034.429185974095
forecast_0659,2025-01-28 11:00:00,17394.850018916295,17466.358078050904,16697.161810997037
forecast_0660,2025-01-28 12:00:00,17083.53709941739,17260.55637160541,16628.11515274704
forecast_0661,2025-01-28 13:00:00,16667.25238537085,17006.810440167912,16439.158811490357
forecast_0662,2025-01-28 14:00:00,16578.371088630567,16890.966801416303,16378.172703884464
forecast_0663,2025-01-28 15:00:00,16278.366172019012,16713.404436693017,16207.259947183264
forecast_0664,2025-01-28 16:00:00,16571.641195025408,16891.15020393859,16178.174780201836
forecast_0665,2025-01-28 17:00:00,16649.348051416666,17124.423281484367,15914.429407735564
forecast_0666,2025-01-28 18:00:00,16389.810923586057,16932.11166258814,15728.837269166988
forecast_0667,2025-01-28 19:00:00,16402.58504907639,17236.091767628433,15805.242699673918
forecast_0668,2025-01-28 20:00:00,17046.425854551067,17628.52902140572,16224.340455627058
forecast_0669,2025-01-28 21:00:00,17460.680732895577,17870.382915503793,16367.05129736895
forecast_0670,2025-01-28 22:00:00,17937.01507016313,18220.198304683214,16757.00002031843
forecast_0671,2025-01-28 23:00:00,18395.004870488763,18431.57616199606,16818.843961946546
forecast_0672,2025-01-29 00:00:00,18379.974111809075,18463.56524267806,16926.253837748176
forecast_0673,2025-01-29 01:00:00,18182.03823079021,18237.829747461,16985.650918692358
forecast_0674,2025-01-29 02:00:00,18432.9137683167,18663.79884729577,17038.847345892023
forecast_0675,2025-01-29 03:00:00,18168.16459308127,18603.15366516509,17016.205881963568
forecast_0676,2025-01-29 04:00:00,18130.315725809363,18578.76386184013,17149.14780257364
forecast_0677,2025-01-29 05:00:00,17944.345394412427,18581.25273948867,17170.42974839048
forecast_0678,2025-01-29 06:00:00,17717.018785873293,18435.797370646724,16975.545337816304
forecast_0679,2025-01-29 07:00:00,17887.231864291192,18390.40435017431,16815.656732025873
forecast_0680,2025-01-29 08:00:00,17704.478435297242,18038.811289941823,16370.825289683164
forecast_0681,2025-01-29 09:00:00,17988.26082582131,17874.752315858485,16238.558390766768
forecast_0682,2025-01-29 10:00:00,17822.433173641348,17622.68486340064,15990.706973242326
forecast_0683,2025-01-29 11:00:00,17443.619187099084,17171.429607977214,15609.014358666347
forecast_0684,2025-01-29 12:00:00,17270.335451769264,17242.278582791372,15315.360228498774
forecast_0685,2025-01-29 13:00:00,17178.15753898566,17284.05007650543,15087.119685085529
forecast_0686,2025-01-29 14:00:00,16827.328446735657,16979.85873065226,14972.162070606477
forecast_0687,2025-01-29 15:00:00,16331.209332695267,16695.926014364977,14724.631890434444
forecast_0688,2025-01-29 16:00:00,15449.956622574631,16378.769147446046,14218.4192712773
forecast_0689,2025-01-29 17:00:00,15039.477013439026,16094.774860389842,13730.4701978396
forecast_0690,2025-01-29 18:00:00,14950.848466232495,16131.42438352242,13683.131791036863
forecast_0691,2025-01-29 19:00:00,15019.629543893136,16218.330298312234,14052.543911639126
forecast_0692,2025-01-29 20:00:00,14997.56041442883,16087.964946197057,14246.253043208591
forecast_0693,2025-01-29 21:00:00,14946.796938179246,16044.244564194276,14490.783676482954
forecast_0694,2025-01-29 22:00:00,15033.212169480455,16120.524076967378,14603.256606830242
forecast_0695,2025-01-29 23:00:00,14797.786218067244,16098.034699952635,14527.34575207942
forecast_0696,2025-01-30 00:00:00,14532.596659347826,15911.976117003464,14550.103835493146
forecast_0697,2025-01-30 01:00:00,14710.305957088132,16080.988265092848,14667.027118542192
forecast_0698,2025-01-30 02:00:00,15194.459752602996,16437.02981338765,14687.752305069078
forecast_0699,2025-01-30 03:00:00,15438.253311593222,16596.17735621272,14677.248553360409
forecast_0700,2025-01-30 04:00:00,15025.935765195323,16290.190476499694,14567.322095393476
forecast_0701,2025-01-30 05:00:00,14875.930672147491,16005.90158745994,14434.970572281323
forecast_0702,2025-01-30 06:00:00,14915.862453502164,16005.765359260104,14431.840725820251
forecast_0703,2025-01-30 07:00:00,14614.32159913244,15985.135995556866,14142.270413144526
forecast_0704,2025-01-30 08:00:00,14373.8315614599,15787.319682050324,13565.99044539961
forecast_0705,2025-01-30 09:00:00,14744.503984826302,15929.589470200572,13398.245236283845
forecast_0706,2025-01-30 10:00:00,14812.509876213144,15702.59362557124,13247.026361001786
forecast_0707,2025-01-30 11:00:00,14940.196873370594,15639.466990252182,13243.17056429833
forecast_0708,2025-01-30 12:00:00,15291.740692390613,15685.84899255888,13092.04247453839
forecast_0709,2025-01-30 13:00:00,14937.977720189669,15187.746417646578,12685.484192296366
forecast_0710,2025-01-30 14:00:00,14784.886763777138,15048.30262214682,12471.64357431825
forecast_0711,2025-01-30 15:00:00,14784.363311345029,15172.6707469721,12499.16834835131
forecast_0712,2025-01-30 16:00:00,14981.654705380888,15393.058594175704,12720.367151531853
forecast_0713,2025-01-30 17:00:00,15240.651887956888,15742.764451907848,13499.664480609395
forecast_0714,2025-01-30 18:00:00,16889.910290352083,16436.468192877666,14110.774722710406
forecast_0715,2025-01-30 19:00:00,16385.881308706597,16373.180549354744,14592.817075057048
forecast_0716,2025-01-30 20:00:00,16754.19047902882,16519.92796861305,15065.130305386816
forecast_0717,2025-01-30 21:00:00,17027.639225354265,16764.097034714123,15292.553066621836
forecast_0718,2025-01-30 22:00:00,17222.69048756698,17103.311608514035,15588.585183894484
forecast_0719,2025-01-30 23:00:00,16925.75752354585,17000.017872776778,15580.215265082816
forecast_0720,2025-01-31 00:00:00,16808.25838918663,17063.940963813046,15428.354496333965
forecast_0721,2025-01-31 01:00:00,17213.842647419297,17072.052582947905,15552.801200902692
forecast_0722,2025-01-31 02:00:00,17674.325688602436,17125.878764706707,15326.419102373897
forecast_0723,2025-01-31 03:00:00,17158.66215143575,16863.953024811744,15032.178672807368
forecast_0724,2025-01-31 04:00:00,17230.637058268483,16900.780145225614,15159.451487920036
forecast_0725,2025-01-31 05:00:00,16641.216261961337,16202.61422100594,14977.692072842176
forecast_0726,2025-01-31 06:00:00,16983.578311729598,16426.1378398105,14889.18137824761
forecast_0727,2025-01-31 07:00:00,15941.010493892089,15784.738691940003,14674.402427768457
forecast_0728,2025-01-31 08:00:00,15468.089724047308,15151.017256122092,13974.38938263828
forecast_0729,2025-01-31 09:00:00,13508.071443593544,13994.679620055502,12775.875791234082
forecast_0730,2025-01-31 10:00:00,12744.896621475584,12970.13477469052,9483.030133582522
forecast_0731,2025-01-31 11:00:00,10965.549154343444,11526.671538140725,9205.151720959037
forecast_0732,2025-01-31 12:00:00,9242.595005750894,9584.563936211176,7816.9585777401135
forecast_0733,2025-01-31 13:00:00,7759.450844191839,8054.528646177835,5629.257757848998
forecast_0734,2025-01-31 14:00:00,5942.462313501257,6702.819267124986,3764.45282143092
forecast_0735,2025-01-31 15:00:00,5171.922983770552,6066.661451924159,3751.153383261594
forecast_0736,2025-01-31 16:00:00,4412.233706470844,4913.875166342126,3641.481092867776
forecast_0737,2025-01-31 17:00:00,4253.791951843951,4145.412500033974,3518.6588053018245
forecast_0738,2025-01-31 18:00:00,4300.6125181546695,4107.256824808419,3447.3202945022977
forecast_0739,2025-01-31 19:00:00,4560.248614508166,4118.448566035043,3460.6551727556875
forecast_0740,2025-01-31 20:00:00,4457.207916483715,4155.836886215394,3482.907883544941
forecast_0741,2025-01-31 21:00:00,4970.0117185798745,5845.004175156975,3533.355977019722
forecast_0742,2025-01-31 22:00:00,4108.639309868665,4040.7615761901206,3492.03749572436
forecast_0743,2025-01-31 23:00:00,5001.418921603173,4283.923575127469,3597.3179280818945
forecast_0744,2025-02-01 00:00:00,4851.551867815788,4097.596251651462,3515.98108180362
forecast_0745,2025-02-01 01:00:00,5019.68426148749,4223.371914041119,3533.9372954266946
forecast_0746,2025-02-01 02:00:00,4472.254134563633,4124.928884997578,3436.510506646258
forecast_0747,2025-02-01 03:00:00,3993.3150354736354,3942.435411811184,3396.771646457575
forecast_0748,2025-02-01 04:00:00,3907.4144560184254,3803.540603191819,3386.502917145021
forecast_0749,2025-02-01 05:00:00,3797.782324100802,3774.625216294108,3406.07019873996
forecast_0750,2025-02-01 06:00:00,3741.931786246868,3720.61852341113,3370.8346865186445
forecast_0751,2025-02-01 07:00:00,3710.3130155864233,3640.828776237347,3364.187343665248
forecast_0752,2025-02-01 08:00:00,3711.024214071363,3627.423897953242,3370.6277866016376
forecast_0753,2025-02-01 09:00:00,3704.560116412744,3618.052296433045,3364.485516148165
forecast_0754,2025-02-01 10:00:00,3706.13285499726,3617.013357642923,3363.772652797372
forecast_0755,2025-02-01 11:00:00,3703.3271280657664,3615.323516143334,3362.257370033745
forecast_0756,2025-02-01 12:00:00,3702.3188078893977,3613.326558478268,3361.2181663426622
forecast_0757,2025-02-01 13:00:00,3702.692865592678,3612.816073622705,3361.627787788023
forecast_0758,2025-02-01 14:00:00,3703.561592459839,3614.077330676184,3365.4278633048416
forecast_0759,2025-02-01 15:00:00,3701.43822155035,3613.714950046625,3363.325473949125
forecast_0760,2025-02-01 16:00:00,3707.6413389439217,3633.429940787154,3362.499367750331
forecast_0761,2025-02-01 17:00:00,3708.4290951643816,3641.045944430618,3362.147167702691
forecast_0762,2025-02-01 18:00:00,3704.522210648872,3625.644983822344,3362.262489597597
forecast_0763,2025-02-01 19:00:00,3702.961518438382,3620.403748005527,3361.7068337316005
forecast_0764,2025-02-01 20:00:00,3702.862426830533,3617.863565149529,3362.619254533284
forecast_0765,2025-02-01 21:00:00,3707.834844637775,3619.5638956619778,3361.786392842961
forecast_0766,2025-02-01 22:00:00,3713.548301108835,3626.836939348775,3362.0786248699123
forecast_0767,2025-02-01 23:00:00,3711.676347463942,3623.52739162008,3362.186603322227
forecast_0768,2025-02-02 00:00:00,3725.695483896448,3645.426652968542,3362.184294702194
forecast_0769,2025-02-02 01:00:00,3730.026944710055,3673.731059365762,3369.1667293754795
forecast_0770,2025-02-02 02:00:00,3733.391712161338,3679.7378668752112,3367.051292741764
forecast_0771,2025-02-02 03:00:00,3715.941339114074,3644.301023706807,3362.1319231286584
forecast_0772,2025-02-02 04:00:00,3725.078310046352,3678.451288065219,3362.30889288705
forecast_0773,2025-02-02 05:00:00,3722.720597172642,3659.848461314265,3361.9763513470216
forecast_0774,2025-02-02 06:00:00,3722.158712459895,3653.4310251882816,3361.0943659448403
forecast_0775,2025-02-02 07:00:00,3720.087987653564,3648.793535129576,3361.9598494780125
forecast_0776,2025-02-02 08:00:00,3735.545648316816,3671.800465302797,3364.7318078069065
forecast_0777,2025-02-02 09:00:00,3718.4693363374,3642.563701494953,3361.573258553707
forecast_0778,2025-02-02 10:00:00,3735.1965872996975,3637.342007714106,3363.3695851285606
forecast_0779,2025-02-02 11:00:00,3739.818311352746,3645.61737891894,3365.35086046089
forecast_0780,2025-02-02 12:00:00,3732.408726282051,3653.163549417127,3368.996407822428
forecast_0781,2025-02-02 13:00:00,3726.575282042321,3638.2007300903656,3367.863749560481
forecast_0782,2025-02-02 14:00:00,3735.0572613508566,3649.908549023218,3371.4272211176067
forecast_0783,2025-02-02 15:00:00,3721.922159185229,3638.0257332016927,3367.149225988251
forecast_0784,2025-02-02 16:00:00,3750.669714549129,3662.939705214693,3376.3656381522937
forecast_0785,2025-02-02 17:00:00,3930.256465383879,3839.134248744338,3404.87944217501
forecast_0786,2025-02-02 18:00:00,4604.267166797792,4130.129454354169,3483.482149246898
forecast_0787,2025-02-02 19:00:00,6021.103322003236,5987.30581839377,3549.238327546841
forecast_0788,2025-02-02 20:00:00,7793.1182724993505,8716.312190696062,3645.186611753424
forecast_0789,2025-02-02 21:00:00,9702.559833932675,11279.20598606839,8176.751289659623
forecast_0790,2025-02-02 22:00:00,14094.150953982697,14513.445264809628,10799.805930110626
forecast_0791,2025-02-02 23:00:00,16942.786215331224,16000.147019554428,13232.741883780998
forecast_0792,2025-02-03 00:00:00,17093.842572880127,16315.0461130963,15163.943170440012
forecast_0793,2025-02-03 01:00:00,17535.947422305926,17041.344375845834,16394.754577855456
forecast_0794,2025-02-03 02:00:00,17973.99818352408,17309.016523688282,17030.229854598016
forecast_0795,2025-02-03 03:00:00,17544.71582688715,16934.401727765755,17226.57108264757
forecast_0796,2025-02-03 04:00:00,16185.79957973321,16413.1883636676,17083.322738991046
forecast_0797,2025-02-03 05:00:00,15882.972449359486,16052.541024503163,16562.08014753814
forecast_0798,2025-02-03 06:00:00,15717.035875041132,15893.35410784289,16324.036068378868
forecast_0799,2025-02-03 07:00:00,15497.408071335907,15875.91323944934,16346.12809502933
forecast_0800,2025-02-03 08:00:00,15286.473643072304,15741.26420495661,15494.710657346886
forecast_0801,2025-02-03 09:00:00,15142.624275026606,15650.8539550138,14864.484897465583
forecast_0802,2025-02-03 10:00:00,15601.924589870276,15553.986742325176,14005.684059253665
forecast_0803,2025-02-03 11:00:00,15166.01672189047,15276.106289347175,13502.235052993734
forecast_0804,2025-02-03 12:00:00,15036.280057279571,15036.299996319403,13299.842642736094
forecast_0805,2025-02-03 13:00:00,14853.426549631731,14880.482961485475,13216.576131830749
forecast_0806,2025-02-03 14:00:00,14884.761676138722,14867.17371889374,13296.87491307355
forecast_0807,2025-02-03 15:00:00,14915.187195988392,14978.90654290859,13254.045441762904
forecast_0808,2025-02-03 16:00:00,15398.855078002542,15229.716093515684,13345.600293475009
forecast_0809,2025-02-03 17:00:00,15402.966134836224,15522.982748492914,13676.179947230015
forecast_0810,2025-02-03 18:00:00,15481.54874302926,15704.184289700428,14206.28491596526
forecast_0811,2025-02-03 19:00:00,15676.684113856332,15984.531635230518,14591.557336403866
forecast_0812,2025-02-03 20:00:00,15713.076633246215,16229.891630032207,14886.913172993882
forecast_0813,2025-02-03 21:00:00,15667.329579874166,16199.986585283004,14871.198302807315
forecast_0814,2025-02-03 22:00:00,15812.42056245134,16281.66800241014,15016.711737264215
forecast_0815,2025-02-03 23:00:00,15903.75801363119,16441.646119768808,15041.64818398974
forecast_0816,2025-02-04 00:00:00,15944.776426516217,16580.398913776495,15085.61551300589
forecast_0817,2025-02-04 01:00:00,16925.633623695005,17061.36725257957,15361.861693628887
forecast_0818,2025-02-04 02:00:00,16794.9591001506,16908.420582555642,15339.254030638624
forecast_0819,2025-02-04 03:00:00,16612.57012794746,16616.793687686197,15298.34943950015
forecast_0820,2025-02-04 04:00:00,16603.25597296295,16306.624895939794,15372.472437352042
forecast_0821,2025-02-04 05:00:00,16296.05872196457,16097.69993261478,15338.181510644885
forecast_0822,2025-02-04 06:00:00,16604.13972276592,16508.97184927131,15334.765293090964
forecast_0823,2025-02-04 07:00:00,16584.531835702044,16526.694392865553,15054.477579290238
forecast_0824,2025-02-04 08:00:00,16408.996791586294,16220.655355100656,14261.34713564871
forecast_0825,2025-02-04 09:00:00,16406.766718626986,16167.505855420886,13722.164268714872
forecast_0826,2025-02-04 10:00:00,16174.227909310388,15704.85559790035,13595.884573938309
forecast_0827,2025-02-04 11:00:00,15835.875791965957,15474.61839208626,13699.376081590386
forecast_0828,2025-02-04 12:00:00,16000.028025107496,15332.1235263896,14045.472134516474
forecast_0829,2025-02-04 13:00:00,15227.36064673433,14983.604799154147,13828.696108642916
forecast_0830,2025-02-04 14:00:00,14812.529556740898,14534.803149301972,13914.1667457427
forecast_0831,2025-02-04 15:00:00,14804.524698024728,14578.55909769256,14199.38890529695
forecast_0832,2025-02-04 16:00:00,14787.573492494665,14631.223984806227,14329.041290701276
forecast_0833,2025-02-04 17:00:00,14874.561895225712,14780.200094544696,14529.666558124272
forecast_0834,2025-02-04 18:00:00,15335.329036596162,15046.970944593875,14850.039012098085
forecast_0835,2025-02-04 19:00:00,15333.147987199867,15378.682395399055,15371.056731765288
forecast_0836,2025-02-04 20:00:00,15871.81130647064,16187.434189848313,15900.538039097815
forecast_0837,2025-02-04 21:00:00,16431.807194894543,16601.549214347797,15891.884180163874
forecast_0838,2025-02-04 22:00:00,16658.325031586523,16932.422556833608,15889.497689984211
forecast_0839,2025-02-04 23:00:00,16607.408965001843,16868.568172911222,15837.432593211715
forecast_0840,2025-02-05 00:00:00,17079.061342765297,17297.345642124583,15856.946277688898
forecast_0841,2025-02-05 01:00:00,16715.46203792878,17035.784208467714,16036.064241715245
forecast_0842,2025-02-05 02:00:00,16762.02049356634,17027.81560572864,16248.641037075113
forecast_0843,2025-02-05 03:00:00,16403.89033561652,16935.715291971937,15947.24400197421
forecast_0844,2025-02-05 04:00:00,15709.837879786968,16468.31755663974,15603.192718629613
forecast_0845,2025-02-05 05:00:00,15370.96669482001,16257.513660931989,15081.481430988151
forecast_0846,2025-02-05 06:00:00,15072.083818618576,15965.10447663552,15019.55412847464
forecast_0847,2025-02-05 07:00:00,14965.533131709592,15890.411955776466,14614.014407692805
forecast_0848,2025-02-05 08:00:00,14446.29896102432,15641.458661139211,13504.42897352068
forecast_0849,2025-02-05 09:00:00,14174.044764957,15115.527091284515,13078.369333757984
forecast_0850,2025-02-05 10:00:00,13867.834083197467,14398.785610169629,12620.94378781311
forecast_0851,2025-02-05 11:00:00,13985.848408675784,14294.03454098185,12414.618985066283
forecast_0852,2025-02-05 12:00:00,14108.111798642994,14432.659682153722,12285.500715894752
forecast_0853,2025-02-05 13:00:00,14309.180073043291,14574.236326887418,12203.109713798887
forecast_0854,2025-02-05 14:00:00,14323.513306461493,14548.08191098878,12139.24137782313
forecast_0855,2025-02-05 15:00:00,14412.556384641775,14641.01159299587,12242.975439608545
forecast_0856,2025-02-05 16:00:00,14501.55400168574,14758.918832419944,12438.315991264855
forecast_0857,2025-02-05 17:00:00,14285.37333352605,14620.373945038666,12767.770131073838
forecast_0858,2025-02-05 18:00:00,14250.183383121885,14553.46823399704,13054.968539704476
forecast_0859,2025-02-05 19:00:00,13998.273495615507,14585.750436866712,13551.871909446008
forecast_0860,2025-02-05 20:00:00,14296.485982096588,15027.385373734603,13957.235625471796
forecast_0861,2025-02-05 21:00:00,14744.05854550241,15279.051773566973,14435.692760575626
forecast_0862,2025-02-05 22:00:00,15616.4618934965,15598.83560510685,14813.764762163642
forecast_0863,2025-02-05 23:00:00,16434.751677138294,15895.23958503791,15290.101382804129
forecast_0864,2025-02-06 00:00:00,15572.048448039446,15675.99779006028,15356.94769363154
forecast_0865,2025-02-06 01:00:00,15670.679316150286,15637.3465671553,15344.990346141882
forecast_0866,2025-02-06 02:00:00,15935.554427238609,15992.23324949416,15352.330468090291
forecast_0867,2025-02-06 03:00:00,17042.192066763968,16522.400558808877,15421.891421030186
forecast_0868,2025-02-06 04:00:00,17263.27407521601,16628.001791779974,15436.137220683928
forecast_0869,2025-02-06 05:00:00,16846.69224634599,16419.563137822646,15090.286854910257
forecast_0870,2025-02-06 06:00:00,16477.555163521254,16179.839868695502,14802.000282613326
forecast_0871,2025-02-06 07:00:00,15750.051027635243,15720.474646497958,14378.129054170564
forecast_0872,2025-02-06 08:00:00,14960.730986114457,14971.438384069685,14045.712079089137
forecast_0873,2025-02-06 09:00:00,14419.067034547696,14819.452779516738,14366.00763759994
forecast_0874,2025-02-06 10:00:00,13492.951497629734,13976.355442053298,14191.112046711643
forecast_0875,2025-02-06 11:00:00,13468.681043552151,13545.9697046199,14037.033003040808
forecast_0876,2025-02-06 12:00:00,13593.615427825947,13601.673450637218,13570.162234309457
forecast_0877,2025-02-06 13:00:00,13986.011281004485,13910.694297217637,13656.393545317494
forecast_0878,2025-02-06 14:00:00,14244.4589711857,14152.863980501425,14201.334914415993
forecast_0879,2025-02-06 15:00:00,13277.945460383922,13902.767108698125,14268.605409755985
forecast_0880,2025-02-06 16:00:00,13865.5772905995,14420.987622903667,14514.66266564339
forecast_0881,2025-02-06 17:00:00,13914.48136483776,14449.274241968687,13831.045642579082
forecast_0882,2025-02-06 18:00:00,14390.572719382446,14988.411211773053,13300.743898013416
forecast_0883,2025-02-06 19:00:00,14145.863080026522,14739.324924776236,13222.740872149148
forecast_0884,2025-02-06 20:00:00,14151.731773631269,14839.079735545767,12429.51556564684
forecast_0885,2025-02-06 21:00:00,13919.447651566064,14600.117451508797,11490.787661622244
forecast_0886,2025-02-06 22:00:00,13063.836835437998,13521.573731932482,10766.600330387111
forecast_0887,2025-02-06 23:00:00,12950.63103761982,13203.03139927969,10893.67366488911
forecast_0888,2025-02-07 00:00:00,11929.632730778554,11635.291354853802,8948.821574280826
forecast_0889,2025-02-07 01:00:00,10581.446861234092,11284.384756545136,8328.161035081523
forecast_0890,2025-02-07 02:00:00,8608.692283721806,10253.485957144703,3681.2344797857377
forecast_0891,2025-02-07 03:00:00,7863.433245974206,9909.716582862506,3654.719351031554
forecast_0892,2025-02-07 04:00:00,6794.272191807944,8515.857804809388,3620.0793794601536
forecast_0893,2025-02-07 05:00:00,6623.634107906422,7785.087947263311,3524.627559923269
forecast_0894,2025-02-07 06:00:00,5833.085225311448,6500.798226727007,3494.810231445389
forecast_0895,2025-02-07 07:00:00,4903.015985722901,4087.5827793946046,3445.05956340032
forecast_0896,2025-02-07 08:00:00,5039.210316070842,4148.508099629009,3427.0231092995723
forecast_0897,2025-02-07 09:00:00,6848.3392401693845,4770.815524566534,3738.950181067249
forecast_0898,2025-02-07 10:00:00,8802.671855977564,7687.214837158433,7949.186818059765
forecast_0899,2025-02-07 11:00:00,11729.113077919845,10881.993900474725,9819.087850794218
forecast_0900,2025-02-07 12:00:00,13063.873232568774,12424.302817289024,10866.521013466752
forecast_0901,2025-02-07 13:00:00,13269.218625634514,13132.13530774396,10367.97873980924
forecast_0902,2025-02-07 14:00:00,13450.03263087416,13327.238415950958,10610.48302164068
forecast_0903,2025-02-07 15:00:00,13530.360078544369,13639.482822662829,10963.97050198283
forecast_0904,2025-02-07 16:00:00,13514.746348931663,13602.73611267632,10437.345748931231
forecast_0905,2025-02-07 17:00:00,13300.348579188723,13453.351747086055,9726.577326004655
forecast_0906,2025-02-07 18:00:00,13787.326484041503,13718.88443839006,9810.241339769784
forecast_0907,2025-02-07 19:00:00,14093.29767411735,14289.513120115236,12722.721716665064
forecast_0908,2025-02-07 20:00:00,15337.707884816396,14948.47632984108,12999.538314686755
forecast_0909,2025-02-07 21:00:00,16217.358207428995,15676.403827093956,13415.885489745217
forecast_0910,2025-02-07 22:00:00,17247.221598721128,16560.028625419745,13834.922705026438
forecast_0911,2025-02-07 23:00:00,17625.025685219494,17185.627649404694,13886.517247624652
forecast_0912,2025-02-08 00:00:00,16872.33804793489,17244.117770692614,14056.630666645606
forecast_0913,2025-02-08 01:00:00,17476.798228357533,17153.3580990831,14123.97469027119
forecast_0914,2025-02-08 02:00:00,17526.188981462095,17296.86262980891,14382.647088972884
forecast_0915,2025-02-08 03:00:00,17617.6245880728,17557.354430830575,14531.681857898991
forecast_0916,2025-02-08 04:00:00,18059.687950939428,17870.87471027241,14334.163470752585
forecast_0917,2025-02-08 05:00:00,17993.869752448663,17820.492924793147,14004.76709268591
forecast_0918,2025-02-08 06:00:00,18080.231091994174,17656.789823383337,13161.874120006223
forecast_0919,2025-02-08 07:00:00,18327.09334409423,17210.503112378,11988.074478290551
forecast_0920,2025-02-08 08:00:00,17962.667260017806,16339.64433512006,10798.754080493054
forecast_0921,2025-02-08 09:00:00,16962.968637042413,15235.703049746053,9541.759705164264
forecast_0922,2025-02-08 10:00:00,15656.46423551461,13912.088813030638,8573.0932959503
forecast_0923,2025-02-08 11:00:00,12595.82691254958,10682.696213852516,7617.471884797815
forecast_0924,2025-02-08 12:00:00,9881.316969438538,7997.504913841366,6730.066082517985
forecast_0925,2025-02-08 13:00:00,8443.480030173063,6122.273731291267,3675.748658434455
forecast_0926,2025-02-08 14:00:00,6889.767545113929,5264.985159970939,3669.352207118388
forecast_0927,2025-02-08 15:00:00,6672.824353039166,5036.976117294597,3674.263676416786
forecast_0928,2025-02-08 16:00:00,7329.6199097427,5265.185602554984,3706.686321356384
forecast_0929,2025-02-08 17:00:00,8301.362007388749,5904.247418923179,5702.76675394683
forecast_0930,2025-02-08 18:00:00,8893.96149511606,6585.21179772523,6723.649301397418
forecast_0931,2025-02-08 19:00:00,11198.739196656585,8148.399408659622,8375.79055602274
forecast_0932,2025-02-08 20:00:00,12938.945664645898,10196.30771194056,8983.82790566481
forecast_0933,2025-02-08 21:00:00,15361.740760625717,12579.799919764146,10819.441449624044
forecast_0934,2025-02-08 22:00:00,16876.881318046326,15356.817205580532,13282.754554214614
forecast_0935,2025-02-08 23:00:00,18133.42880451244,16407.68325315815,14155.119124365718
forecast_0936,2025-02-09 00:00:00,18619.025456671425,17560.24218520121,14166.91478324212
forecast_0937,2025-02-09 01:00:00,18621.67995168962,17647.812137164165,10837.752027614368
forecast_0938,2025-02-09 02:00:00,18446.619988264072,17715.735279293152,11997.752043581097
forecast_0939,2025-02-09 03:00:00,18056.584166958102,17544.714719048956,12907.177061253286
forecast_0940,2025-02-09 04:00:00,17888.052878573133,17562.657374228824,13606.558333498337
forecast_0941,2025-02-09 05:00:00,18956.88583440786,18084.01072281453,14066.243114598316
forecast_0942,2025-02-09 06:00:00,18858.115728005403,18007.081491181372,14146.766053046586
forecast_0943,2025-02-09 07:00:00,18676.63752098131,17700.395438990396,13675.10034993991
forecast_0944,2025-02-09 08:00:00,18330.34188350252,17261.794435633794,12798.54848355732
forecast_0945,2025-02-09 09:00:00,18226.85102656025,16848.806257273383,12022.900846511106
forecast_0946,2025-02-09 10:00:00,17648.11216737182,15703.695752762129,11283.091796953471
forecast_0947,2025-02-09 11:00:00,15292.537889368825,14742.287581894576,9727.014026420984
forecast_0948,2025-02-09 12:00:00,13980.96644033366,13667.939494501228,8387.150361816468
forecast_0949,2025-02-09 13:00:00,12712.185070921108,12702.792059784024,7804.762936683799
forecast_0950,2025-02-09 14:00:00,13001.721021090729,13027.019731112194,8248.023883688185
forecast_0951,2025-02-09 15:00:00,13909.597864602656,13009.517051873088,8969.93933229482
forecast_0952,2025-02-09 16:00:00,14392.812917057632,12978.032484753683,9927.002981561853
forecast_0953,2025-02-09 17:00:00,14934.053617460158,13728.251980955298,10764.224510394815
forecast_0954,2025-02-09 18:00:00,15607.58617240554,14595.272995848543,11527.639195556412
forecast_0955,2025-02-09 19:00:00,17260.136830897245,15615.790240419174,12201.651991286142
forecast_0956,2025-02-09 20:00:00,17067.301444659824,15837.376326311056,12953.031148226262
forecast_0957,2025-02-09 21:00:00,17433.226639006225,16705.92156925753,13682.66409656129
forecast_0958,2025-02-09 22:00:00,18032.3074140988,17659.165017205843,14429.702244987047
forecast_0959,2025-02-09 23:00:00,18529.41045090125,17938.62127760516,14926.153699091612
forecast_0960,2025-02-10 00:00:00,18591.835597316905,17942.25212490949,15487.396456857385
forecast_0961,2025-02-10 01:00:00,18720.517162251897,17676.285157706578,15790.860777712633
forecast_0962,2025-02-10 02:00:00,18608.643066619792,17878.609216989127,16314.071940472832
forecast_0963,2025-02-10 03:00:00,17701.66431818567,17832.126047098292,16768.642441213964
forecast_0964,2025-02-10 04:00:00,18147.083715015608,18052.79246451864,17188.435795249465
forecast_0965,2025-02-10 05:00:00,18377.811166703963,18295.18235598036,17060.707794975668
forecast_0966,2025-02-10 06:00:00,17854.541810681916,18203.523421158392,17076.785325098874
forecast_0967,2025-02-10 07:00:00,17849.895830525566,18190.76529343073,16480.63602515907
forecast_0968,2025-02-10 08:00:00,18219.823532322596,17987.329479351396,15029.294184260109
forecast_0969,2025-02-10 09:00:00,17397.19103583361,17219.946161579355,13907.355266142107
forecast_0970,2025-02-10 10:00:00,16473.09851517117,16446.487456880077,13087.667687596871
forecast_0971,2025-02-10 11:00:00,15094.097655413456,15360.689609123332,12194.572009500698
forecast_0972,2025-02-10 12:00:00,13672.478115515694,14105.42756009234,11447.580230495956
forecast_0973,2025-02-10 13:00:00,13460.33366103296,13235.195138681012,11116.552613307227
forecast_0974,2025-02-10 14:00:00,13308.21877219234,12780.093647198146,10205.625520374517
forecast_0975,2025-02-10 15:00:00,13015.861317489704,12692.00012036331,10219.014078627726
forecast_0976,2025-02-10 16:00:00,12994.907244295144,12623.158153941347,10067.686023302382
forecast_0977,2025-02-10 17:00:00,13257.130793479078,12654.027691286452,10378.59075011387
forecast_0978,2025-02-10 18:00:00,14035.690925394158,13150.78141692136,11017.218527363644
forecast_0979,2025-02-10 19:00:00,13397.101461871434,13053.755243977244,11201.607382078331
forecast_0980,2025-02-10 20:00:00,12528.891782797073,12991.734266435597,9927.29050642495
forecast_0981,2025-02-10 21:00:00,11859.533428958606,12922.60717140755,8470.80565115234
forecast_0982,2025-02-10 22:00:00,12221.65560446813,13626.540244896243,9233.497689143274
forecast_0983,2025-02-10 23:00:00,11675.666067477816,12860.282520035787,8422.794076428265
forecast_0984,2025-02-11 00:00:00,11220.808707774702,11710.433752321089,9244.774864988514
forecast_0985,2025-02-11 01:00:00,10623.349956036838,10892.192004974197,9057.058463044212
forecast_0986,2025-02-11 02:00:00,10469.192189981972,10100.632034309969,9124.838875847476
forecast_0987,2025-02-11 03:00:00,9756.674139001005,9587.931998238442,9313.793266721115
forecast_0988,2025-02-11 04:00:00,9370.742617135707,8766.31271490606,9097.113648002784
forecast_0989,2025-02-11 05:00:00,8111.581780914888,7009.758826887088,7746.880392805693
forecast_0990,2025-02-11 06:00:00,6618.065082455925,5619.919036440238,7175.233812325662
forecast_0991,2025-02-11 07:00:00,6224.602018436558,5245.760508535448,7346.4894586819055
forecast_0992,2025-02-11 08:00:00,5276.217180150514,4359.6151036850815,5915.023282425402
forecast_0993,2025-02-11 09:00:00,5119.86042317248,4302.844767967311,5171.822013044517
forecast_0994,2025-02-11 10:00:00,4577.234429694774,4031.315623843441,3602.177601569771
forecast_0995,2025-02-11 11:00:00,4485.306492451736,4119.854030296593,3555.208426009088
forecast_0996,2025-02-11 12:00:00,3896.4678718016103,3926.937241890114,3522.097069834209
forecast_0997,2025-02-11 13:00:00,3979.407529027548,3881.297011435861,3447.7029324068826
forecast_0998,2025-02-11 14:00:00,3953.872720933819,3907.2592299256935,3446.5311040399665
forecast_0999,2025-02-11 15:00:00,4018.548548658584,3924.2510325331727,3477.93476020042
forecast_1000,2025-02-11 16:00:00,4023.038243230909,3915.9199211395344,3423.344230531826
forecast_1001,2025-02-11 17:00:00,4071.515629380436,3880.493091095925,3411.2819596624945
forecast_1002,2025-02-11 18:00:00,5239.979859144398,4264.166026397004,3561.3481148090896
forecast_1003,2025-02-11 19:00:00,7619.533646617955,6912.50849810097,5978.978012910369
forecast_1004,2025-02-11 20:00:00,8948.68207806197,8906.370591069914,6535.757346098334
forecast_1005,2025-02-11 21:00:00,10997.925811823206,11536.79576192164,7951.914203470079
forecast_1006,2025-02-11 22:00:00,13740.15175114611,13585.094622779086,9007.173133227687
forecast_1007,2025-02-11 23:00:00,18237.60160226806,17035.978749330152,11911.912405034189
forecast_1008,2025-02-12 00:00:00,19265.70060695713,18306.027413267755,12130.074524874037
forecast_1009,2025-02-12 01:00:00,19002.667936461214,18152.39135350047,12907.4594514996
forecast_1010,2025-02-12 02:00:00,19500.20902993005,18593.870776401905,12981.918719293864
forecast_1011,2025-02-12 03:00:00,18164.705537380367,18117.0032774574,12137.21304328275
forecast_1012,2025-02-12 04:00:00,18219.971521636435,17951.228758649704,11057.052100196568
forecast_1013,2025-02-12 05:00:00,16515.69035297553,16362.639943259594,10430.746748804082
forecast_1014,2025-02-12 06:00:00,13457.523913377165,13543.191941449337,3766.379811947733
forecast_1015,2025-02-12 07:00:00,9989.769216650584,10472.818877628872,3473.2715598912578
forecast_1016,2025-02-12 08:00:00,7511.920821078141,8711.90596086761,3473.6991262944766
forecast_1017,2025-02-12 09:00:00,6920.823490913306,7669.726606365984,3655.929341674364
forecast_1018,2025-02-12 10:00:00,7329.160444777856,7896.644661953401,7088.795076767184
forecast_1019,2025-02-12 11:00:00,8800.681043988727,9837.680797086712,9129.449615383384
forecast_1020,2025-02-12 12:00:00,11411.486477155227,11488.559552406166,10190.015786251735
forecast_1021,2025-02-12 13:00:00,13202.293202943123,12823.529821086686,11822.407218979077
forecast_1022,2025-02-12 14:00:00,15079.452063145283,13715.886584383206,12905.206274386968
forecast_1023,2025-02-12 15:00:00,15643.554269168835,14816.578601362891,14167.515827530262
forecast_1024,2025-02-12 16:00:00,15970.48992222896,15533.710566379785,15099.48151352586
forecast_1025,2025-02-12 17:00:00,16065.501710347937,16042.54816768957,15497.04391875817
forecast_1026,2025-02-12 18:00:00,16047.39607916086,16512.648652161453,15270.863644644813
forecast_1027,2025-02-12 19:00:00,16298.344614291293,16712.292157687047,15092.50833444898
forecast_1028,2025-02-12 20:00:00,15955.681399416952,16055.227825317426,13947.957649024582
forecast_1029,2025-02-12 21:00:00,15584.843658642229,15646.841285108718,13106.608357887297
forecast_1030,2025-02-12 22:00:00,15728.541803827984,15664.747408998435,12493.379098135263
forecast_1031,2025-02-12 23:00:00,15521.127612076663,15284.168179770904,12019.498022424104
forecast_1032,2025-02-13 00:00:00,15105.64462588944,14787.802810344578,11352.346819320885
forecast_1033,2025-02-13 01:00:00,14657.451370883397,14234.671144716884,10506.497206252532
forecast_1034,2025-02-13 02:00:00,14504.724127942349,14155.28001933155,10043.421341060724
forecast_1035,2025-02-13 03:00:00,15214.171507617366,14728.11455791386,10067.692887484603
forecast_1036,2025-02-13 04:00:00,14903.077533111533,14456.66992981802,9497.891707070556
forecast_1037,2025-02-13 05:00:00,15040.572257357862,14854.021757509645,10736.733707751113
forecast_1038,2025-02-13 06:00:00,15985.660087007907,15880.403998310216,12045.503365335697
forecast_1039,2025-02-13 07:00:00,16246.57003403247,16163.441969650075,12485.965200070488
forecast_1040,2025-02-13 08:00:00,16403.313896186814,16200.74787669869,13042.054041991289
forecast_1041,2025-02-13 09:00:00,16589.057539084617,16392.687164448245,13399.721510080057
forecast_1042,2025-02-13 10:00:00,16323.810850904583,16176.294095711128,14028.021850619594
forecast_1043,2025-02-13 11:00:00,16198.96803649745,16184.358744254909,14432.86514718978
forecast_1044,2025-02-13 12:00:00,15956.720364642631,15614.903757488566,14629.836359779769
forecast_1045,2025-02-13 13:00:00,16260.955925377784,15745.97287989212,15372.503803258847
forecast_1046,2025-02-13 14:00:00,16457.6596967627,15628.855440316916,15863.531585899622
forecast_1047,2025-02-13 15:00:00,16403.789955738994,15708.621153625354,16311.00679259186
forecast_1048,2025-02-13 16:00:00,16910.055715416795,16156.776774691236,16674.72222803033
forecast_1049,2025-02-13 17:00:00,17317.906352455124,17059.626381016573,17022.043445259693
forecast_1050,2025-02-13 18:00:00,18063.510365310176,17767.076817246598,17534.95634590802
forecast_1051,2025-02-13 19:00:00,18678.177679192544,18124.66319185394,17956.491692148185
forecast_1052,2025-02-13 20:00:00,19441.62231459726,18487.60937169099,18427.54502931229
forecast_1053,2025-02-13 21:00:00,19785.576453654787,18967.11443090751,18504.78026427711
forecast_1054,2025-02-13 22:00:00,20186.42873202191,19361.926869783987,18484.66112386821
forecast_1055,2025-02-13 23:00:00,20234.49488674374,19451.446370836307,18445.543089199236
forecast_1056,2025-02-14 00:00:00,20259.980421111075,19493.104353883467,18542.911614755
forecast_1057,2025-02-14 01:00:00,20271.04740299361,19659.988900595097,18465.380912553446
forecast_1058,2025-02-14 02:00:00,20089.977854527355,19634.004636407768,18201.01064458477
forecast_1059,2025-02-14 03:00:00,20225.098228585244,19702.434093293028,18047.563077012244
forecast_1060,2025-02-14 04:00:00,20119.24171529576,19798.251889401472,17881.645832071492
forecast_1061,2025-02-14 05:00:00,20292.566158577265,19871.6791667696,17740.49273524154
forecast_1062,2025-02-14 06:00:00,20227.836625589684,19887.68854666662,17604.27264276805
forecast_1063,2025-02-14 07:00:00,20247.86361396297,19671.47853812821,17266.831050313896
forecast_1064,2025-02-14 08:00:00,20280.076615228143,19286.28641130963,16094.711008400343
forecast_1065,2025-02-14 09:00:00,19184.601528047613,18275.04087028149,15234.214165796442
forecast_1066,2025-02-14 10:00:00,16199.758167959792,16679.958582076048,14225.994359914968
forecast_1067,2025-02-14 11:00:00,14276.049945637127,15121.299305279052,13218.667210090533
forecast_1068,2025-02-14 12:00:00,12918.811699380618,14020.149719185802,9425.776344509375
forecast_1069,2025-02-14 13:00:00,12481.066195575111,12516.802950721938,8337.758622121079
forecast_1070,2025-02-14 14:00:00,13155.889055166996,12437.12467124398,8274.948095715221
forecast_1071,2025-02-14 15:00:00,13398.487861557684,12938.66887288324,8877.013245394368
forecast_1072,2025-02-14 16:00:00,14075.97880346196,13717.299237033658,10498.09374027208
forecast_1073,2025-02-14 17:00:00,14748.533972701458,14645.218458531426,12080.304667694769
forecast_1074,2025-02-14 18:00:00,15629.050116672444,15548.93786002333,12334.582791692568
forecast_1075,2025-02-14 19:00:00,15982.090449053949,16092.094992262577,12556.444557395138
forecast_1076,2025-02-14 20:00:00,17181.595339694937,16403.65111201807,12120.001232698556
forecast_1077,2025-02-14 21:00:00,17690.771679145393,16706.992877515822,12145.515085049485
forecast_1078,2025-02-14 22:00:00,17699.909374368726,17129.189230744312,12238.20830649964
forecast_1079,2025-02-14 23:00:00,17507.54757955363,16790.161658336176,12207.050587675942
forecast_1080,2025-02-15 00:00:00,18571.62971182923,17424.60099848017,12160.036381147476
forecast_1081,2025-02-15 01:00:00,18100.968538315243,16824.451642370874,11887.423230053617
forecast_1082,2025-02-15 02:00:00,17996.647932236196,16932.071053656036,11506.821197829304
forecast_1083,2025-02-15 03:00:00,17585.184890585042,16990.212790873615,11310.377395389934
forecast_1084,2025-02-15 04:00:00,17261.791748224645,16595.037484030418,10834.268541227928
forecast_1085,2025-02-15 05:00:00,16530.550757083583,16387.018280115528,11904.504281697062
forecast_1086,2025-02-15 06:00:00,16093.600358742047,16254.961362862165,11566.182341713142
forecast_1087,2025-02-15 07:00:00,15464.983776248677,15938.813858308742,11186.21203152726
forecast_1088,2025-02-15 08:00:00,14975.179735840493,15276.524021526271,9916.63295383608
forecast_1089,2025-02-15 09:00:00,13823.493076442468,14611.201765030746,8037.3584426578145
forecast_1090,2025-02-15 10:00:00,13305.733828808305,13239.2755189101,8617.115549728753
forecast_1091,2025-02-15 11:00:00,12333.487029505652,12380.446698052549,8962.495396542625
forecast_1092,2025-02-15 12:00:00,10745.199711203826,11854.923596340384,9590.326375609156
forecast_1093,2025-02-15 13:00:00,12494.808640537134,12358.568027680738,11103.218018257492
forecast_1094,2025-02-15 14:00:00,14474.373350423217,13668.645010471895,12680.98752821045
forecast_1095,2025-02-15 15:00:00,14790.138436681704,14190.58621884986,13714.843774229204
forecast_1096,2025-02-15 16:00:00,15914.976721665078,15350.982072146384,14262.863114287313
forecast_1097,2025-02-15 17:00:00,17490.197342900097,16726.52381196805,15419.85703027731
forecast_1098,2025-02-15 18:00:00,18939.159282499048,17312.466166212507,15883.951748634616
forecast_1099,2025-02-15 19:00:00,19644.02301757341,18039.785221337217,16549.273280815727
forecast_1100,2025-02-15 20:00:00,19706.246385853457,18398.30878506384,16575.695350993723
forecast_1101,2025-02-15 21:00:00,19750.86045433796,18514.863794905752,16522.347516771264
forecast_1102,2025-02-15 22:00:00,19868.786647663084,18975.883463800277,16616.037583522582
forecast_1103,2025-02-15 23:00:00,20211.43210490765,19001.36784795629,16386.03492206498
forecast_1104,2025-02-16 00:00:00,20459.07967785995,19064.574575601186,16128.68971401296
forecast_1105,2025-02-16 01:00:00,19935.281549759828,18980.915951063853,15931.96999826813
forecast_1106,2025-02-16 02:00:00,19534.871514530834,18631.753171357566,15634.991390406638
forecast_1107,2025-02-16 03:00:00,19230.845613063728,18423.23161171748,15236.96415455147
forecast_1108,2025-02-16 04:00:00,17682.742623212158,17643.353952783567,14746.497492266495
forecast_1109,2025-02-16 05:00:00,16639.421072453875,16663.863050906053,14120.83239639218
forecast_1110,2025-02-16 06:00:00,16084.83231024544,16231.02411048952,13065.801432801996
forecast_1111,2025-02-16 07:00:00,14225.606122179814,15436.861298601269,11212.270480907377
forecast_1112,2025-02-16 08:00:00,12459.64501205818,14377.933281484418,9788.901447675044
forecast_1113,2025-02-16 09:00:00,11374.031183635609,13282.055699736276,8613.288744837302
forecast_1114,2025-02-16 10:00:00,10056.389696925153,11110.652340309658,8523.28696329374
forecast_1115,2025-02-16 11:00:00,10466.546129982631,10402.578269051575,10031.05050143894
forecast_1116,2025-02-16 12:00:00,11127.195689611232,9976.527543415632,10773.449074057997
forecast_1117,2025-02-16 13:00:00,12057.075232033963,10839.940433033558,12038.48897583691
forecast_1118,2025-02-16 14:00:00,13737.915514045788,12315.250464456987,13065.0478909405
forecast_1119,2025-02-16 15:00:00,15318.773872354006,14661.140433908073,14119.265094668506
forecast_1120,2025-02-16 16:00:00,16694.776896686326,16154.494188236333,14700.972055529415
forecast_1121,2025-02-16 17:00:00,17016.160594590117,16672.88835045352,15065.951883424324
forecast_1122,2025-02-16 18:00:00,17053.362561354046,17064.40700768492,15223.477336393584
forecast_1123,2025-02-16 19:00:00,17208.927337661178,17378.391871731597,15231.805322749758
forecast_1124,2025-02-16 20:00:00,17120.617394036963,17395.2559223901,15084.89313632246
forecast_1125,2025-02-16 21:00:00,16589.91535571502,16849.54189750938,14396.70777043462
forecast_1126,2025-02-16 22:00:00,17267.16764762866,17268.454913424823,14435.413593465732
forecast_1127,2025-02-16 23:00:00,16301.20353924767,16633.47310541004,13794.87156992117
forecast_1128,2025-02-17 00:00:00,15630.56826933141,15810.092850044868,13104.877113231438
forecast_1129,2025-02-17 01:00:00,14818.56376193521,14586.502153144658,12059.00297161366
forecast_1130,2025-02-17 02:00:00,14591.86706002406,14487.638148528902,11651.548411860958
forecast_1131,2025-02-17 03:00:00,14171.552742834216,14055.573445241163,11946.210699238893
forecast_1132,2025-02-17 04:00:00,14159.020958901325,13920.493474863162,11857.048697869062
forecast_1133,2025-02-17 05:00:00,13695.015465381444,13334.476310149506,10349.935299792483
forecast_1134,2025-02-17 06:00:00,13320.940642538424,13176.043348705747,9581.134016902855
forecast_1135,2025-02-17 07:00:00,13308.830934111327,13096.461010971583,10043.670258870756
forecast_1136,2025-02-17 08:00:00,13338.609309039994,13090.581173970902,9846.801658612443
forecast_1137,2025-02-17 09:00:00,13459.059770985968,13177.416062847611,10119.73274540851
forecast_1138,2025-02-17 10:00:00,13452.451985180636,13275.410997452163,10290.247403414243
forecast_1139,2025-02-17 11:00:00,13185.539521925542,12980.333944465188,10365.867654103837
forecast_1140,2025-02-17 12:00:00,13144.713706115172,12773.227090786955,9824.283014933762
forecast_1141,2025-02-17 13:00:00,13238.401113753978,12597.436406334651,9455.747273691632
forecast_1142,2025-02-17 14:00:00,12915.70185041852,12433.497723762524,9027.5405779111
forecast_1143,2025-02-17 15:00:00,12456.750994385462,12004.680310808002,8843.54884720306
forecast_1144,2025-02-17 16:00:00,11889.178599409315,11372.067858128004,8105.006227344054
forecast_1145,2025-02-17 17:00:00,10369.061412386633,10350.088060500237,7232.576127926861
forecast_1146,2025-02-17 18:00:00,9489.766662468446,9331.449310573124,3671.2493670076224
forecast_1147,2025-02-17 19:00:00,8686.121039601401,8718.943298675626,3520.039979173038
forecast_1148,2025-02-17 20:00:00,8351.873113519043,9091.596064765574,3550.241475203242
forecast_1149,2025-02-17 21:00:00,8026.515728967775,9227.154740427764,3489.135120831102
forecast_1150,2025-02-17 22:00:00,8006.282886044951,9829.697601008029,3650.489462276174
forecast_1151,2025-02-17 23:00:00,8310.43344635425,10404.979619707516,3773.895492198578
forecast_1152,2025-02-18 00:00:00,9656.556915975303,11452.058748857737,7243.714561776786
forecast_1153,2025-02-18 01:00:00,10120.028037596518,12236.371789155335,7918.194113051714
forecast_1154,2025-02-18 02:00:00,10645.729961526304,12990.21935665255,8633.009360531949
forecast_1155,2025-02-18 03:00:00,11269.9140309387,12986.41114271085,8675.419369266534
forecast_1156,2025-02-18 04:00:00,12177.42730214218,13256.324164437508,9221.92329281183
forecast_1157,2025-02-18 05:00:00,12781.761743655366,13807.675701216293,9653.075415026156
forecast_1158,2025-02-18 06:00:00,12973.36707343788,13812.399236571731,10228.981015482796
forecast_1159,2025-02-18 07:00:00,12976.655038516608,13324.21183415722,11031.96226203562
forecast_1160,2025-02-18 08:00:00,13145.519769049037,13059.34006064298,9941.25150691796
forecast_1161,2025-02-18 09:00:00,13028.01774914387,12679.925098464906,9788.354883647267
forecast_1162,2025-02-18 10:00:00,12789.63400555651,12366.610873940326,10009.528073033913
forecast_1163,2025-02-18 11:00:00,13117.349066479814,12183.135926527684,10275.03909843741
forecast_1164,2025-02-18 12:00:00,13047.905546177422,12123.962097787618,10057.907154894054
forecast_1165,2025-02-18 13:00:00,13131.52820947593,12451.85054365643,10272.017058723784
forecast_1166,2025-02-18 14:00:00,13478.78598972522,12605.943711717664,10148.106598447212
forecast_1167,2025-02-18 15:00:00,13448.279068347696,12365.232776596333,9750.433445658722
forecast_1168,2025-02-18 16:00:00,13375.188301810816,12114.574641450778,9521.772529871052
forecast_1169,2025-02-18 17:00:00,12957.252836107276,11524.648067498978,8463.105679870228
forecast_1170,2025-02-18 18:00:00,12747.701659880924,11389.854206122354,8847.76797873595
forecast_1171,2025-02-18 19:00:00,12008.275266725015,10820.665154959386,8432.37736000861
forecast_1172,2025-02-18 20:00:00,11249.395143031645,10595.139631460755,8054.276817983086
forecast_1173,2025-02-18 21:00:00,9879.482346677083,10685.361039263513,6786.169648750884
forecast_1174,2025-02-18 22:00:00,9659.137171614291,11130.620067445896,8079.884887525301
forecast_1175,2025-02-18 23:00:00,9723.338022501976,11145.00034703316,7463.517361771882
forecast_1176,2025-02-19 00:00:00,10144.257126629527,11489.41803492892,8210.584031447748
forecast_1177,2025-02-19 01:00:00,10660.096684342398,11896.253935946384,7645.363081754767
forecast_1178,2025-02-19 02:00:00,11258.05980556509,12104.808363092565,8657.116300039315
forecast_1179,2025-02-19 03:00:00,12068.251485465784,12852.906303384025,8321.109106589896
forecast_1180,2025-02-19 04:00:00,13009.327424716766,13065.72634738761,8388.729658107006
forecast_1181,2025-02-19 05:00:00,13347.28339074523,12903.727072896969,8568.089524600084
forecast_1182,2025-02-19 06:00:00,12873.45210822974,12625.204966925434,8400.7501982337
forecast_1183,2025-02-19 07:00:00,12418.809794063496,12205.10016326136,8246.718001559533
forecast_1184,2025-02-19 08:00:00,11062.35076238723,11307.142056601564,3705.641493724462
forecast_1185,2025-02-19 09:00:00,8828.544631868604,9283.49660390184,5910.628296177625
forecast_1186,2025-02-19 10:00:00,6543.685200153515,6531.845609557832,3728.932449912777
forecast_1187,2025-02-19 11:00:00,5362.287341722659,5069.827434248497,3703.647139579716
forecast_1188,2025-02-19 12:00:00,5042.893016148951,4410.613219368323,3684.067819117289
forecast_1189,2025-02-19 13:00:00,4910.907682125501,4527.515977106937,4015.016170008201
forecast_1190,2025-02-19 14:00:00,5200.212350962319,4731.5090264136825,4002.0006892412966
forecast_1191,2025-02-19 15:00:00,5471.301325423392,5046.829881359244,4167.386845037156
forecast_1192,2025-02-19 16:00:00,5887.625420657048,5176.172984106636,4270.3595797350845
forecast_1193,2025-02-19 17:00:00,6398.099959889815,5525.743635735097,4281.329343415429
forecast_1194,2025-02-19 18:00:00,7073.306102850829,6440.706722334607,6018.570152450055
forecast_1195,2025-02-19 19:00:00,7524.608824142449,6981.120570997831,6468.616466473904
forecast_1196,2025-02-19 20:00:00,7114.401985822614,7504.872820023724,5896.664238887848
forecast_1197,2025-02-19 21:00:00,6897.432815838784,6905.719850072552,5512.60580443488
forecast_1198,2025-02-19 22:00:00,7786.997660537642,7866.763955951012,7552.230427964036
forecast_1199,2025-02-19 23:00:00,7624.927758652682,7454.266241258781,7276.829082104543
forecast_1200,2025-02-20 00:00:00,8081.771319357665,7569.20458902296,7387.960396929501
forecast_1201,2025-02-20 01:00:00,8340.392641523391,7245.298417609759,6908.136587281626
forecast_1202,2025-02-20 02:00:00,8585.218479419096,7592.948011511423,7443.5691011532
forecast_1203,2025-02-20 03:00:00,9285.123866832895,8389.599961419985,7305.733720614497
forecast_1204,2025-02-20 04:00:00,9363.20046604785,9094.33218616056,7684.74614871464
forecast_1205,2025-02-20 05:00:00,10205.21142018818,10147.438903873046,8189.031881985932
forecast_1206,2025-02-20 06:00:00,10886.419044761806,10637.17801880315,8661.184167387253
forecast_1207,2025-02-20 07:00:00,11754.869123824184,11410.928519224775,9130.938968432232
forecast_1208,2025-02-20 08:00:00,11135.874744822862,10823.850081940527,8735.72476170797
forecast_1209,2025-02-20 09:00:00,11023.99991339202,10849.834233158355,8926.918059460699
forecast_1210,2025-02-20 10:00:00,10793.493796483936,10403.634518718954,9246.373899209824
forecast_1211,2025-02-20 11:00:00,10873.377316664812,9821.096657000262,8173.128243481226
forecast_1212,2025-02-20 12:00:00,10576.812012559538,9856.347610162218,8259.453212857152
forecast_1213,2025-02-20 13:00:00,10486.351214517344,9657.513237007624,8014.607405187937
forecast_1214,2025-02-20 14:00:00,10563.90462117165,9755.55354463582,8977.972790514272
forecast_1215,2025-02-20 15:00:00,10566.740596960191,10198.889388362772,8728.409387987722
forecast_1216,2025-02-20 16:00:00,10392.6690459642,9562.190981910946,7664.039219959017
forecast_1217,2025-02-20 17:00:00,10293.83644197278,9416.712902691575,7447.991850324948
forecast_1218,2025-02-20 18:00:00,11120.27082997881,10055.579383866114,9086.418998513676
forecast_1219,2025-02-20 19:00:00,10522.6836322548,10557.129824853417,10160.485785466492
forecast_1220,2025-02-20 20:00:00,10545.651607050786,11558.883116683312,10004.821506937264
forecast_1221,2025-02-20 21:00:00,9791.2483716601,11232.6841015217,8658.790690748743
forecast_1222,2025-02-20 22:00:00,9618.324895691494,11432.508240823528,8898.057530442009
forecast_1223,2025-02-20 23:00:00,9234.445578386616,10741.302535558658,7751.803621765187
forecast_1224,2025-02-21 00:00:00,9082.282668519436,10739.984384489308,8214.453933984778
forecast_1225,2025-02-21 01:00:00,9043.401427622057,10200.896373240274,6964.3498662177135
forecast_1226,2025-02-21 02:00:00,9236.711306598918,10079.65901018044,7289.281959160605
forecast_1227,2025-02-21 03:00:00,9080.780676479895,10034.035548156857,6861.070103793267
forecast_1228,2025-02-21 04:00:00,9042.505644004888,9609.72234751288,7254.908411001166
forecast_1229,2025-02-21 05:00:00,8903.117814263947,9139.52341499098,7327.417560849919
forecast_1230,2025-02-21 06:00:00,9145.21222323527,8987.847745854804,7929.138868102117
forecast_1231,2025-02-21 07:00:00,8834.914188221263,8529.191513132397,8083.07180774657
forecast_1232,2025-02-21 08:00:00,8724.096029909117,7737.947191062921,6735.757514726557
forecast_1233,2025-02-21 09:00:00,7282.718394154564,7030.60860896231,6269.97408013092
forecast_1234,2025-02-21 10:00:00,5855.176524664673,4831.504717633657,5340.621322620923
forecast_1235,2025-02-21 11:00:00,5320.022903720613,4421.10853694023,4769.930348676686
forecast_1236,2025-02-21 12:00:00,5367.577260339845,4510.197833627044,4495.8838129029455
forecast_1237,2025-02-21 13:00:00,6000.177327437888,5210.977413712346,4454.484057270534
forecast_1238,2025-02-21 14:00:00,6995.457727178915,5868.66170395695,4822.556862960834
forecast_1239,2025-02-21 15:00:00,7415.1443698519315,6503.310804690404,4775.4216154623455
forecast_1240,2025-02-21 16:00:00,8140.187852644708,7296.995499585762,4973.501040121331
forecast_1241,2025-02-21 17:00:00,9084.261976406442,8457.35009629103,5186.944858620646
forecast_1242,2025-02-21 18:00:00,9986.742067853484,8902.735092161185,5940.878649179614
forecast_1243,2025-02-21 19:00:00,10911.45335065948,9898.522352328497,8018.432442498275
forecast_1244,2025-02-21 20:00:00,11257.433132759836,10358.530352952124,8655.359698329947
forecast_1245,2025-02-21 21:00:00,11827.504889349004,10961.448906419682,9377.499363507251
forecast_1246,2025-02-21 22:00:00,12155.067506365564,11130.373323635644,9934.89634352909
forecast_1247,2025-02-21 23:00:00,12578.183952911188,11260.220573703524,9614.293899135646
forecast_1248,2025-02-22 00:00:00,12798.92262445692,11206.791088098436,9685.438116811296
forecast_1249,2025-02-22 01:00:00,13180.871490774074,11591.318616304712,9379.920641533688
forecast_1250,2025-02-22 02:00:00,13593.028225164686,12046.024314990009,9524.564031010714
forecast_1251,2025-02-22 03:00:00,13451.479503598224,12415.565302460896,9983.641804844205
forecast_1252,2025-02-22 04:00:00,13410.97100154117,13125.840787429865,9026.66126919001
forecast_1253,2025-02-22 05:00:00,12942.041250478069,13012.477153456375,8630.820560253047
forecast_1254,2025-02-22 06:00:00,11636.638847397644,13335.657498834136,7536.668926768011
forecast_1255,2025-02-22 07:00:00,11309.893570733826,13006.349474982704,7252.520581758374
forecast_1256,2025-02-22 08:00:00,9533.741020253574,10206.84711889834,5444.184770268029
forecast_1257,2025-02-22 09:00:00,7133.310017677787,7284.756070651036,5159.827412240758
forecast_1258,2025-02-22 10:00:00,5353.738791236992,4331.576186838563,3739.926428400467
forecast_1259,2025-02-22 11:00:00,4279.672673642991,4034.409553271045,3625.781024884084
forecast_1260,2025-02-22 12:00:00,4057.016019126381,4096.41739548675,3647.132758447239
forecast_1261,2025-02-22 13:00:00,5005.1687811615575,5029.455011043809,4425.727572837584
forecast_1262,2025-02-22 14:00:00,6652.089846584327,6116.493285664738,6292.415264166466
forecast_1263,2025-02-22 15:00:00,8045.101385539732,7328.886636693575,5797.810271351372
forecast_1264,2025-02-22 16:00:00,8379.305278785836,8490.887867108204,5447.829809126419
forecast_1265,2025-02-22 17:00:00,10047.845721302598,10490.442412509596,6955.480587923918
forecast_1266,2025-02-22 18:00:00,12094.343563225702,12452.78332652158,9996.520016938735
forecast_1267,2025-02-22 19:00:00,13311.684599093036,13594.727815613034,12603.854495601434
forecast_1268,2025-02-22 20:00:00,14955.930920575467,14482.39723830176,13744.87329531142
forecast_1269,2025-02-22 21:00:00,16056.0089338283,15676.825110143873,15013.984884454252
forecast_1270,2025-02-22 22:00:00,16202.396912273549,16627.929214343556,16321.57972544438
forecast_1271,2025-02-22 23:00:00,16572.045190451478,17062.97766783041,16556.686251623756
forecast_1272,2025-02-23 00:00:00,16521.650919788135,17274.63926649195,16897.13993369076
forecast_1273,2025-02-23 01:00:00,16540.38075764074,17492.567855605288,16820.363643757693
forecast_1274,2025-02-23 02:00:00,16424.83789499804,17617.45819768322,17083.344986276643
forecast_1275,2025-02-23 03:00:00,16582.90599229064,17733.26715550298,16799.5437961428
forecast_1276,2025-02-23 04:00:00,16464.350833310335,17679.432541919432,16608.869471546128
forecast_1277,2025-02-23 05:00:00,16515.83140162424,17740.026494526857,15816.990735731311
forecast_1278,2025-02-23 06:00:00,17356.841482219785,17931.835061479833,15480.197228204202
forecast_1279,2025-02-23 07:00:00,17014.421398772447,17431.87434665076,14929.071784539485
forecast_1280,2025-02-23 08:00:00,17147.953123175343,16856.15818849577,13845.274286839369
forecast_1281,2025-02-23 09:00:00,16763.71272558199,16368.42207744078,12850.775179023109
forecast_1282,2025-02-23 10:00:00,16131.028045349058,15635.465050762548,11936.030373485808
forecast_1283,2025-02-23 11:00:00,14828.7278040856,15033.12635130145,11784.23142331032
forecast_1284,2025-02-23 12:00:00,14796.15690542963,14732.381824205724,11699.228552177496
forecast_1285,2025-02-23 13:00:00,14555.911424562515,14174.54396959141,10943.92870028798
forecast_1286,2025-02-23 14:00:00,14373.137257090388,13863.023914780502,10297.634217234774
forecast_1287,2025-02-23 15:00:00,14172.44943367405,13598.07586680884,10318.57447704324
forecast_1288,2025-02-23 16:00:00,13991.858198596708,13150.244671224144,9578.959936745674
forecast_1289,2025-02-23 17:00:00,13434.080136923589,12434.486749066287,8597.447302551302
forecast_1290,2025-02-23 18:00:00,13279.57847399271,12301.411353555506,7640.544693046736
forecast_1291,2025-02-23 19:00:00,12358.504311668816,12170.400762477864,7131.894845099491
forecast_1292,2025-02-23 20:00:00,11931.979836611192,12917.27819533632,7572.447609093126
forecast_1293,2025-02-23 21:00:00,12547.687539100612,13489.509170794829,8208.43259766585
forecast_1294,2025-02-23 22:00:00,14841.974560652436,15235.911461088968,10105.937706217344
forecast_1295,2025-02-23 23:00:00,15826.437651290167,15695.956630956029,10410.316586311848
forecast_1296,2025-02-24 00:00:00,16669.73753754932,16188.992820428164,11845.559400806314
forecast_1297,2025-02-24 01:00:00,16815.494293520976,16531.359695745417,12108.57893039922
forecast_1298,2025-02-24 02:00:00,17584.17380219732,16924.902887534023,12274.481653398188
forecast_1299,2025-02-24 03:00:00,17736.105864778838,17232.620121718883,12134.408949874882
forecast_1300,2025-02-24 04:00:00,17971.429675057512,17487.507085351863,12492.247614132872
forecast_1301,2025-02-24 05:00:00,18006.523026879204,17427.70066164182,13050.15118352028
forecast_1302,2025-02-24 06:00:00,17856.639095227685,16868.753104647923,12803.656085654207
forecast_1303,2025-02-24 07:00:00,17459.479727417016,16517.727969894102,12494.867409660632
forecast_1304,2025-02-24 08:00:00,17137.737345792128,16163.868349905742,11301.631604505295
forecast_1305,2025-02-24 09:00:00,17140.913381520615,15646.925266411095,10286.81317160063
forecast_1306,2025-02-24 10:00:00,14423.58215494281,13085.434816329029,9330.351185874257
forecast_1307,2025-02-24 11:00:00,11998.941814978289,11289.582528515522,8540.056903381954
forecast_1308,2025-02-24 12:00:00,11084.017284294683,10350.428803479128,7800.779463485507
forecast_1309,2025-02-24 13:00:00,11069.55730013796,9947.45986462298,7455.171489245834
forecast_1310,2025-02-24 14:00:00,11795.768845265511,10381.033562505783,7867.268105234101
forecast_1311,2025-02-24 15:00:00,12830.08384630908,11223.69999880228,8242.607222377548
forecast_1312,2025-02-24 16:00:00,13730.447810041453,12162.196197204514,8603.36332492663
forecast_1313,2025-02-24 17:00:00,15089.72711835159,13879.713245979156,9620.591007525489
forecast_1314,2025-02-24 18:00:00,17664.52220967452,15743.162100839469,11126.655247226045
forecast_1315,2025-02-24 19:00:00,17933.400843078678,16679.052503925584,11403.61432812654
forecast_1316,2025-02-24 20:00:00,18452.148200723743,17587.302029674534,12508.354691479812
forecast_1317,2025-02-24 21:00:00,19628.572630918014,18618.34256627439,13675.79096734821
forecast_1318,2025-02-24 22:00:00,20101.573747059945,19656.677853561043,15214.142902485051
forecast_1319,2025-02-24 23:00:00,20359.27648587964,19845.16302092713,15966.175892220004
forecast_1320,2025-02-25 00:00:00,20643.98067324615,20174.869732611445,16914.874370036243
forecast_1321,2025-02-25 01:00:00,20766.38620357295,20329.14899143352,17627.374983627367
forecast_1322,2025-02-25 02:00:00,20594.417477885745,20464.30913229646,17957.346955456684
forecast_1323,2025-02-25 03:00:00,20800.136652221765,20557.43069757075,18224.607013647368
forecast_1324,2025-02-25 04:00:00,20926.48213034144,20589.245975489812,17986.86845338925
forecast_1325,2025-02-25 05:00:00,20676.57029005388,20602.341740271502,18486.64592281621
forecast_1326,2025-02-25 06:00:00,20884.042585443767,20555.494742618223,18433.378090710317
forecast_1327,2025-02-25 07:00:00,20956.03785932018,20498.89209421712,18501.6759985709
forecast_1328,2025-02-25 08:00:00,20422.192877513826,20227.370983820754,18070.98217503114
forecast_1329,2025-02-25 09:00:00,20973.0716887837,20272.476625085023,18087.73897815624
forecast_1330,2025-02-25 10:00:00,20457.89566584981,19674.168256480614,17934.772823335934
forecast_1331,2025-02-25 11:00:00,19815.94215391348,19156.223842364943,17858.356268544405
forecast_1332,2025-02-25 12:00:00,18588.676237665877,18374.312678790477,17812.71506683861
forecast_1333,2025-02-25 13:00:00,17926.603717573373,17515.05973211317,17751.900264447544
forecast_1334,2025-02-25 14:00:00,18429.70935917708,17620.0480239774,18196.72817034591
forecast_1335,2025-02-25 15:00:00,18880.695324643293,18008.769734991864,18382.16350063548
forecast_1336,2025-02-25 16:00:00,19557.03663202124,18653.198063097527,18429.86077050658
forecast_1337,2025-02-25 17:00:00,20309.758665778,19511.13707226153,18714.505173299945
forecast_1338,2025-02-25 18:00:00,20715.730374753846,19977.29550922498,18972.927364236453
forecast_1339,2025-02-25 19:00:00,20715.37527916626,20033.417573464307,19278.758401159364
forecast_1340,2025-02-25 20:00:00,20640.28534348729,20069.33767763771,19627.714644713647
forecast_1341,2025-02-25 21:00:00,20601.28877914088,20062.558564644616,19548.49294870577
forecast_1342,2025-02-25 22:00:00,20678.686292662664,20182.538681002527,19496.272851081267
forecast_1343,2025-02-25 23:00:00,20643.7504482824,20112.63513988068,19426.604853111727
forecast_1344,2025-02-26 00:00:00,20465.3006217443,20049.77486858249,19305.4373625308
forecast_1345,2025-02-26 01:00:00,20500.237671196734,19993.81316247864,19159.184096149864
forecast_1346,2025-02-26 02:00:00,20299.6275796047,19964.156961377743,18903.002511023587
forecast_1347,2025-02-26 03:00:00,19952.269528432764,19794.678030767333,18581.78765579205
forecast_1348,2025-02-26 04:00:00,19550.113729710883,19597.935926196908,18382.51301217936
forecast_1349,2025-02-26 05:00:00,19338.211489284065,19388.78308833731,18129.43247306489
forecast_1350,2025-02-26 06:00:00,18848.636955301125,18899.59375135673,16711.248169397742
forecast_1351,2025-02-26 07:00:00,18712.55918491585,18430.26301211117,15765.232712257555
forecast_1352,2025-02-26 08:00:00,17596.27740325319,17373.35813860476,14675.630143357
forecast_1353,2025-02-26 09:00:00,16603.247360346046,16528.31796783722,13802.700839836278
forecast_1354,2025-02-26 10:00:00,15542.63828995046,15143.332213562557,12916.255176284096
forecast_1355,2025-02-26 11:00:00,14024.75907846671,14084.041608466245,12389.120325305084
forecast_1356,2025-02-26 12:00:00,13621.356806885857,13811.6207133089,12231.426418108254
forecast_1357,2025-02-26 13:00:00,13393.281676667042,13510.16384209081,12168.123203833771
forecast_1358,2025-02-26 14:00:00,13874.380177682257,13597.967242575049,12415.683653715549
forecast_1359,2025-02-26 15:00:00,14136.005874606726,13940.53449403478,13142.702946614274
forecast_1360,2025-02-26 16:00:00,14421.20852981671,14174.209758668334,13757.462227650643
forecast_1361,2025-02-26 17:00:00,14602.46823040128,14546.989188573592,14168.41314884262
forecast_1362,2025-02-26 18:00:00,16154.281688127605,15811.757770746231,15075.54144989443
forecast_1363,2025-02-26 19:00:00,17192.6899401164,17199.770529636873,15923.51306518099
forecast_1364,2025-02-26 20:00:00,17825.754081076208,17960.05914200125,16769.76420755208
forecast_1365,2025-02-26 21:00:00,19213.70810896965,18969.75510438729,17818.704143925803
forecast_1366,2025-02-26 22:00:00,19176.97292478,19337.018621662515,17646.145260277393
forecast_1367,2025-02-26 23:00:00,19011.675555084887,19426.45552089465,17643.254743163765
forecast_1368,2025-02-27 00:00:00,19837.85582824933,19925.11925131664,18337.77434798486
forecast_1369,2025-02-27 01:00:00,20251.640108195872,20060.322275728297,18321.38959293776
forecast_1370,2025-02-27 02:00:00,20605.05851193035,20138.5467996051,18315.13192523074
forecast_1371,2025-02-27 03:00:00,20612.47300533554,19988.136671127148,18365.492227943345
forecast_1372,2025-02-27 04:00:00,20842.73943578436,20008.753547048527,18507.576030535813
forecast_1373,2025-02-27 05:00:00,20543.788235865017,19820.43290103008,18428.54731118573
forecast_1374,2025-02-27 06:00:00,20265.901459820907,19531.33071983176,18129.755375886467
forecast_1375,2025-02-27 07:00:00,20113.04232536352,19320.85883942761,17290.447370243506
forecast_1376,2025-02-27 08:00:00,19488.58414280011,18197.932113138333,16569.6903354808
forecast_1377,2025-02-27 09:00:00,18813.453874833813,17609.66245756112,15727.559913832072
forecast_1378,2025-02-27 10:00:00,16842.121051146336,15997.361074271155,15293.768814058782
forecast_1379,2025-02-27 11:00:00,14704.708985060824,13862.933163527803,14154.38303888485
forecast_1380,2025-02-27 12:00:00,13128.039821074395,12106.215486811136,12471.443050993288
forecast_1381,2025-02-27 13:00:00,11184.01510589933,10800.655560295356,10050.570108533131
forecast_1382,2025-02-27 14:00:00,9804.41699359613,9450.800303687123,9064.014197878983
forecast_1383,2025-02-27 15:00:00,8976.768497398934,8729.954121432163,8788.241194565435
forecast_1384,2025-02-27 16:00:00,8769.141369586916,8783.47913738629,8584.533426041826
forecast_1385,2025-02-27 17:00:00,8822.160807487158,9647.373460542753,7447.645605507576
forecast_1386,2025-02-27 18:00:00,8919.947432329858,10072.420199716911,7757.202760370663
forecast_1387,2025-02-27 19:00:00,10018.488917367376,11772.936767658188,8282.47936804877
forecast_1388,2025-02-27 20:00:00,11237.804781478142,12913.62193857023,8320.472025863759
forecast_1389,2025-02-27 21:00:00,13520.26154659246,15114.15802199418,10596.721764561236
forecast_1390,2025-02-27 22:00:00,14114.227758583062,16476.58390124052,11921.087428228784
forecast_1391,2025-02-27 23:00:00,14879.831918606951,17036.4413736734,12207.386329745596
forecast_1392,2025-02-28 00:00:00,16756.12077559801,17793.977427847796,13596.114596802276
forecast_1393,2025-02-28 01:00:00,17467.048258294606,18000.893951989638,14709.880082252635
forecast_1394,2025-02-28 02:00:00,18055.156792545928,18444.654029760102,15292.516332410873
forecast_1395,2025-02-28 03:00:00,18542.00259296401,18326.968213469543,15936.042190648455
forecast_1396,2025-02-28 04:00:00,18992.823187072903,18699.37604433522,16294.67973045322
forecast_1397,2025-02-28 05:00:00,19643.817531307188,19221.527444317424,16632.545201326735
forecast_1398,2025-02-28 06:00:00,19247.6521287916,18777.27822071765,16589.83114065903
forecast_1399,2025-02-28 07:00:00,19865.76328349796,19022.482424590056,16255.574671045511
forecast_1400,2025-02-28 08:00:00,19016.04130139748,18216.991273726857,15839.773380520108
forecast_1401,2025-02-28 09:00:00,18842.477126871272,18315.55398104761,15712.054162365504
forecast_1402,2025-02-28 10:00:00,17419.22464738772,17213.62451564112,15314.964499867196
forecast_1403,2025-02-28 11:00:00,16752.799493382325,16862.60166743022,14747.04829386592
forecast_1404,2025-02-28 12:00:00,14569.813718272862,15085.801235117158,13711.161686080606
forecast_1405,2025-02-28 13:00:00,13829.129054929816,13918.593369139731,13374.687832152227
forecast_1406,2025-02-28 14:00:00,14497.257182152893,13382.205722708695,13526.115130344297
forecast_1407,2025-02-28 15:00:00,14437.709519141355,13449.0719465252,13270.069276446817
forecast_1408,2025-02-28 16:00:00,13995.1623166772,13908.572218856509,12528.627742691886
forecast_1409,2025-02-28 17:00:00,14827.744470912952,14915.312473812151,12341.309813727035
forecast_1410,2025-02-28 18:00:00,14765.83726292182,14394.300932642216,11836.084937232705
forecast_1411,2025-02-28 19:00:00,14558.258087900034,13760.1978432081,10857.260858450218
forecast_1412,2025-02-28 20:00:00,14256.555028893536,13037.224761718022,11455.706946133052
forecast_1413,2025-02-28 21:00:00,12720.08103046792,11529.048559967816,9392.990002132452
forecast_1414,2025-02-28 22:00:00,12026.874833105629,11541.364364502288,8733.672374317182
forecast_1415,2025-02-28 23:00:00,10767.52665926609,10598.2188485015,8246.768430443253
forecast_1416,2025-03-01 00:00:00,9349.81922932125,9010.306627924663,6808.57858535812
forecast_1417,2025-03-01 01:00:00,9344.938113761526,8803.178118217724,7349.238466398444
forecast_1418,2025-03-01 02:00:00,7256.57365289255,7076.756912001272,5738.795268198231
forecast_1419,2025-03-01 03:00:00,5899.301749281269,6023.320082409285,5373.271083510632
forecast_1420,2025-03-01 04:00:00,4734.559044397473,4197.912498356012,3672.6591616929327
forecast_1421,2025-03-01 05:00:00,3948.9799624125535,3871.317791434534,3521.0993860303997
forecast_1422,2025-03-01 06:00:00,4038.264060953852,3869.3698220613614,3419.6235147492957
forecast_1423,2025-03-01 07:00:00,3504.0320038555938,3776.5703929444026,3412.589639754274
forecast_1424,2025-03-01 08:00:00,3836.8999788012825,3783.595355369449,3390.532884840772
forecast_1425,2025-03-01 09:00:00,3829.971747308665,3804.4589270693086,3383.462902902031
forecast_1426,2025-03-01 10:00:00,3813.238940061242,3679.949277460137,3398.3859664995425
forecast_1427,2025-03-01 11:00:00,3873.318672895518,3708.6101471832367,3385.244597782208
forecast_1428,2025-03-01 12:00:00,3950.691882176629,3762.072887143967,3410.0746405160107
forecast_1429,2025-03-01 13:00:00,3991.957327036522,3861.41321929035,3401.6461155613165
forecast_1430,2025-03-01 14:00:00,4006.118182365373,3860.402685660106,3488.40537680527
forecast_1431,2025-03-01 15:00:00,3735.8015652487056,3870.500143980181,3608.639701988268
forecast_1432,2025-03-01 16:00:00,3778.767792488212,3889.5739969367455,3531.605365964399
forecast_1433,2025-03-01 17:00:00,4109.384317730941,4048.275260515176,3484.7032943300496
forecast_1434,2025-03-01 18:00:00,3875.74051469848,4062.400443055987,3627.781651539394
forecast_1435,2025-03-01 19:00:00,3481.453737687856,3881.1206397773753,3485.8965959191905
forecast_1436,2025-03-01 20:00:00,3652.0397296466895,3908.2979204694097,3486.8038079823277
forecast_1437,2025-03-01 21:00:00,4087.396625174562,3988.633832499174,3581.7151570572523
forecast_1438,2025-03-01 22:00:00,3831.2631408391658,3854.3832559047473,3564.8940604096683
forecast_1439,2025-03-01 23:00:00,3659.5672451524647,3845.766977915263,3465.2468585635074
forecast_1440,2025-03-02 00:00:00,3911.1162609386542,3966.575813067177,3493.2400472172067
forecast_1441,2025-03-02 01:00:00,4601.020384080651,4140.207473304367,3709.233048559533
forecast_1442,2025-03-02 02:00:00,4711.327459586953,4577.489900963825,3657.374518816865
forecast_1443,2025-03-02 03:00:00,4262.070063358654,4065.5371799247214,3757.578322908643
forecast_1444,2025-03-02 04:00:00,4216.805511641486,4048.302930432516,3471.59936404964
forecast_1445,2025-03-02 05:00:00,3996.139488283161,4084.4076482370056,3422.719088707552
forecast_1446,2025-03-02 06:00:00,3999.920235766581,3908.666596100237,3384.200657918382
forecast_1447,2025-03-02 07:00:00,4013.141074011072,3870.1065626983473,3401.822726213287
forecast_1448,2025-03-02 08:00:00,3861.9851177018577,3844.67016819623,3379.832866562855
forecast_1449,2025-03-02 09:00:00,3859.240086348728,3887.409063558781,3382.857769918246
forecast_1450,2025-03-02 10:00:00,3899.883902540856,3991.477533937047,3434.908394852863
forecast_1451,2025-03-02 11:00:00,3943.123534690949,3947.574224619196,3562.6950457576754
forecast_1452,2025-03-02 12:00:00,3358.0414228030368,3947.072499510956,3645.0002666320775
forecast_1453,2025-03-02 13:00:00,3790.969995813959,3953.310964637304,4802.827319558924
forecast_1454,2025-03-02 14:00:00,4085.147699724924,4023.0622608085946,5105.496766491637
forecast_1455,2025-03-02 15:00:00,3985.997404842577,4112.229991815778,5792.603858427232
forecast_1456,2025-03-02 16:00:00,4305.138592853181,4218.306920327372,6770.920780662199
forecast_1457,2025-03-02 17:00:00,4183.844253259751,4107.1382035514725,7883.532593107334
forecast_1458,2025-03-02 18:00:00,4028.8942318875615,4026.23822076277,9220.471734676354
forecast_1459,2025-03-02 19:00:00,5254.094361754379,4236.190924114203,11161.791668987313
forecast_1460,2025-03-02 20:00:00,3945.171307384932,3969.512816361062,11782.192674534694
forecast_1461,2025-03-02 21:00:00,4631.572053733118,4741.693079469592,11044.494974337184
forecast_1462,2025-03-02 22:00:00,10276.466652787874,5691.352643992251,12116.894251335152
forecast_1463,2025-03-02 23:00:00,11057.614903392598,5876.705705078836,12313.072887130376
forecast_1464,2025-03-03 00:00:00,11816.230951079842,6020.695125682556,12579.62117755984
forecast_1465,2025-03-03 01:00:00,14863.782904101445,15816.163891111311,12986.253305946631
forecast_1466,2025-03-03 02:00:00,14655.752572805764,15549.793646577176,12976.21824301917
forecast_1467,2025-03-03 03:00:00,14704.088119597376,15967.492948879382,12819.193621721486
forecast_1468,2025-03-03 04:00:00,14772.413356987396,15924.42841316404,12893.5233241053
forecast_1469,2025-03-03 05:00:00,14904.493307507795,16094.255501584288,12800.59073858538
forecast_1470,2025-03-03 06:00:00,15465.391324248614,16691.763494157327,13001.00041569627
forecast_1471,2025-03-03 07:00:00,15864.434587145604,17098.659186982168,13224.896908357065
forecast_1472,2025-03-03 08:00:00,15605.213765140405,16991.360788108133,13787.00911787174
forecast_1473,2025-03-03 09:00:00,15564.03894971628,17072.25260844758,13725.15687460618
forecast_1474,2025-03-03 10:00:00,15460.522022286194,16720.38963065676,13738.055111037116
forecast_1475,2025-03-03 11:00:00,15298.072181226817,16539.945287398306,13598.503583000502
forecast_1476,2025-03-03 12:00:00,15111.329471349762,16394.291327150575,13587.819921651291
forecast_1477,2025-03-03 13:00:00,14945.347998408588,16248.55631107997,13523.69347390383
forecast_1478,2025-03-03 14:00:00,14925.38419232344,16131.505664420802,13454.0318009428
forecast_1479,2025-03-03 15:00:00,14805.365791351314,16063.13238195826,13385.067656596975
forecast_1480,2025-03-03 16:00:00,14526.43502283717,15748.76963355364,13151.635039180426
forecast_1481,2025-03-03 17:00:00,14588.07157312348,15263.662729959842,13328.786928812577
forecast_1482,2025-03-03 18:00:00,14474.92544893437,14325.195939583711,13257.392811556712
forecast_1483,2025-03-03 19:00:00,12890.485427615506,6483.418583982709,13034.499478205897
forecast_1484,2025-03-03 20:00:00,12540.278213457832,6239.274416075704,12764.872201632965
forecast_1485,2025-03-03 21:00:00,12673.152045679104,6263.015846762078,12883.44489725032
forecast_1486,2025-03-03 22:00:00,13315.25683384722,6473.998077396803,12867.22886109026
forecast_1487,2025-03-03 23:00:00,13417.171897736243,6559.258650985897,12868.532910049726
forecast_1488,2025-03-04 00:00:00,15382.837910152795,16390.341458148887,12893.906755300944
forecast_1489,2025-03-04 01:00:00,15214.172162890887,16757.59156049117,12814.744452847635
forecast_1490,2025-03-04 02:00:00,15025.39145489809,16781.769585633327,12744.167760784105
forecast_1491,2025-03-04 03:00:00,15029.471821399173,16762.492485655217,12717.9283294531
forecast_1492,2025-03-04 04:00:00,15414.468032495775,16788.897860109253,12608.71166855438
forecast_1493,2025-03-04 05:00:00,15353.429374429938,16721.168997702913,12636.587860460544
forecast_1494,2025-03-04 06:00:00,15700.59896716491,16821.20326409766,12404.795102546048
forecast_1495,2025-03-04 07:00:00,15478.675102743267,16806.827585935087,13044.234387982093
forecast_1496,2025-03-04 08:00:00,15257.714987909942,16850.16618211697,12935.28669517294
forecast_1497,2025-03-04 09:00:00,15462.365308638511,16814.300916110606,12891.16262342849
forecast_1498,2025-03-04 10:00:00,15251.32402962607,16604.348738598295,12850.593659256228
forecast_1499,2025-03-04 11:00:00,15060.451894374375,16489.36408881975,12735.399463622049
forecast_1500,2025-03-04 12:00:00,14850.208229177222,16341.564664984267,12614.704272279234
forecast_1501,2025-03-04 13:00:00,14856.77756202781,16229.513310142098,12612.997907058943
forecast_1502,2025-03-04 14:00:00,14868.443743225003,16286.390092541043,12439.551876018882
forecast_1503,2025-03-04 15:00:00,14900.220289064067,16190.122232949225,12469.755227855232
forecast_1504,2025-03-04 16:00:00,14777.649153257202,16224.188049378308,12404.74196665929
forecast_1505,2025-03-04 17:00:00,14771.122477230963,16152.884567397625,12453.218410981232
forecast_1506,2025-03-04 18:00:00,14466.329546418076,16158.604032824243,12434.816796332938
forecast_1507,2025-03-04 19:00:00,14226.179749683768,15914.052726376054,12277.885844912344
forecast_1508,2025-03-04 20:00:00,13560.77933519656,15404.618710991488,12435.53617927275
forecast_1509,2025-03-04 21:00:00,12971.597068486872,15241.004645059984,12327.608056264877
forecast_1510,2025-03-04 22:00:00,9633.914258029125,5766.974715739164,12114.601289448829
forecast_1511,2025-03-04 23:00:00,7055.428008583041,4470.865645755019,11211.669719943366
forecast_1512,2025-03-05 00:00:00,4051.058899311644,4045.418154800491,11833.786063113872
forecast_1513,2025-03-05 01:00:00,3813.9184398635703,3739.2798783482986,3515.271364687885
forecast_1514,2025-03-05 02:00:00,3854.0653887626554,3737.806660384876,3460.5604558973155
forecast_1515,2025-03-05 03:00:00,3778.5153529279664,3725.918924834553,3441.213366020585
forecast_1516,2025-03-05 04:00:00,3774.792303194391,3717.863217483347,3443.68085882343
forecast_1517,2025-03-05 05:00:00,3804.543869700043,3752.6039344665473,3483.229933897283
forecast_1518,2025-03-05 06:00:00,3774.3291819012857,3719.188401013389,3575.7954416345947
forecast_1519,2025-03-05 07:00:00,3777.199583320205,3699.094289875764,3495.1044285952244
forecast_1520,2025-03-05 08:00:00,3796.222103165097,3715.314756038128,3525.4298224175504
forecast_1521,2025-03-05 09:00:00,3761.478069037816,3697.3280303889887,3463.5521233591426
forecast_1522,2025-03-05 10:00:00,3771.529390949561,3686.533862729973,3472.596850066241
forecast_1523,2025-03-05 11:00:00,3735.086939433031,3649.82047781691,3406.114501982881
forecast_1524,2025-03-05 12:00:00,3717.767770638706,3625.484922032224,3409.9305209404324
forecast_1525,2025-03-05 13:00:00,3716.3369973117046,3623.685823365559,3409.278972862357
forecast_1526,2025-03-05 14:00:00,3725.462801774716,3627.6680936781536,3408.493471936794
forecast_1527,2025-03-05 15:00:00,3724.889064622934,3627.592874234944,3384.934631728111
forecast_1528,2025-03-05 16:00:00,3721.059885700002,3623.054588481989,3377.969374043475
forecast_1529,2025-03-05 17:00:00,3723.834022561667,3625.334788427394,3370.7334799758646
forecast_1530,2025-03-05 18:00:00,3748.7379194752702,3640.6090996270536,3370.201069678341
forecast_1531,2025-03-05 19:00:00,3775.099074787062,3659.8073024506552,3374.5303350251784
forecast_1532,2025-03-05 20:00:00,3907.1570620345874,3730.044457918024,3387.788556097309
forecast_1533,2025-03-05 21:00:00,3929.813296442885,3764.026479189836,3386.20507687423
forecast_1534,2025-03-05 22:00:00,3813.431090272664,3751.939332033552,3396.313892786058
forecast_1535,2025-03-05 23:00:00,3843.282623025474,3765.7157401808176,3381.9661560594755
forecast_1536,2025-03-06 00:00:00,3813.629762910965,3797.4223670597626,3378.172369083144
forecast_1537,2025-03-06 01:00:00,3959.441392811787,3732.6501221713206,3391.402911715017
forecast_1538,2025-03-06 02:00:00,3796.729223505554,3699.043213930748,3378.486172230944
forecast_1539,2025-03-06 03:00:00,3800.801634829684,3718.109719227202,3376.9907506129725
forecast_1540,2025-03-06 04:00:00,3744.87136974015,3694.171600923338,3373.1215140589684
forecast_1541,2025-03-06 05:00:00,3750.2817249545856,3692.958894211876,3368.6294167615342
forecast_1542,2025-03-06 06:00:00,3728.978323105936,3664.166629861645,3369.0809614698505
forecast_1543,2025-03-06 07:00:00,3716.853709102112,3636.988010489275,3363.5893980386304
forecast_1544,2025-03-06 08:00:00,3710.795851870878,3626.054343093103,3362.2628176673265
forecast_1545,2025-03-06 09:00:00,3706.2756500356377,3617.72059573429,3362.0132838728987
forecast_1546,2025-03-06 10:00:00,3704.1041056213135,3615.264465475036,3366.922369897516
forecast_1547,2025-03-06 11:00:00,3704.941737623076,3614.92742742888,3364.9399526328925
forecast_1548,2025-03-06 12:00:00,3705.990193740002,3615.758985394787,3364.5034335802475
forecast_1549,2025-03-06 13:00:00,3709.944952367581,3617.099663283381,3366.195202696524
forecast_1550,2025-03-06 14:00:00,3705.675917938866,3616.294768120378,3367.52839547832
forecast_1551,2025-03-06 15:00:00,3707.5180655912577,3617.481342135042,3367.578772291149
forecast_1552,2025-03-06 16:00:00,3708.2460144464726,3618.369362754181,3368.7459023987635
forecast_1553,2025-03-06 17:00:00,3725.70012283749,3635.82532137988,3393.684583985884
forecast_1554,2025-03-06 18:00:00,3719.236051790052,3635.134364189759,3373.009696373939
forecast_1555,2025-03-06 19:00:00,3718.172718304426,3625.197199472153,3369.235916395292
forecast_1556,2025-03-06 20:00:00,3749.537486484151,3645.315655133481,3371.20813219727
forecast_1557,2025-03-06 21:00:00,3746.994254157415,3659.57843732011,3365.9705640894563
forecast_1558,2025-03-06 22:00:00,3763.792699537401,3678.514900681123,3366.3694066538733
forecast_1559,2025-03-06 23:00:00,3784.440498396729,3674.3805040913626,3364.411234992676
forecast_1560,2025-03-07 00:00:00,3824.2509119274914,3694.902859014132,3361.976194847324
forecast_1561,2025-03-07 01:00:00,3778.156650592903,3649.918849802893,3362.6093145649443
forecast_1562,2025-03-07 02:00:00,3800.753159930098,3669.9978453193753,3364.4270312092203
forecast_1563,2025-03-07 03:00:00,3762.38666912576,3642.822766873208,3361.6595900758057
forecast_1564,2025-03-07 04:00:00,3742.2504195540814,3633.357023151165,3361.366046409765
forecast_1565,2025-03-07 05:00:00,3733.403207616383,3644.8107368959263,3361.701672032424
forecast_1566,2025-03-07 06:00:00,3747.507146425471,3649.4009923114536,3361.5857530634294
forecast_1567,2025-03-07 07:00:00,3716.3119665773143,3624.764290862607,3361.463525250851
forecast_1568,2025-03-07 08:00:00,3705.090837719111,3615.8499295276742,3360.9705608734434
forecast_1569,2025-03-07 09:00:00,3706.275767854167,3615.749303958781,3361.139245183714
forecast_1570,2025-03-07 10:00:00,3701.52876580498,3612.028862033825,3361.3820875072265
forecast_1571,2025-03-07 11:00:00,3703.783914753029,3612.8313877963424,3361.675729830778
forecast_1572,2025-03-07 12:00:00,3707.194697163937,3615.588909950525,3361.443811410317
forecast_1573,2025-03-07 13:00:00,3705.196610012012,3612.9302339259184,3360.5248492553465
forecast_1574,2025-03-07 14:00:00,3708.7676255652,3613.615381586808,3360.677369072828
forecast_1575,2025-03-07 15:00:00,3711.1833287444615,3614.443880444211,3361.513529885733
forecast_1576,2025-03-07 16:00:00,3717.828258796183,3618.371860423365,3362.4954057338678
forecast_1577,2025-03-07 17:00:00,3724.9439824609,3623.307768279321,3362.4699892860885
forecast_1578,2025-03-07 18:00:00,3719.9867734526233,3629.589441460301,3363.867375397912
forecast_1579,2025-03-07 19:00:00,3743.297229103058,3646.7056152691625,3373.170666467085
forecast_1580,2025-03-07 20:00:00,3742.192340205309,3664.8350903547175,3367.7173478223817
forecast_1581,2025-03-07 21:00:00,3760.64532207596,3676.448579699549,3366.240967735009
forecast_1582,2025-03-07 22:00:00,3805.116859008973,3715.8682534681607,3371.437246598911
forecast_1583,2025-03-07 23:00:00,3859.786810669307,3753.6542621541794,3377.7892554328714
forecast_1584,2025-03-08 00:00:00,3831.503575650278,3818.4221577435633,3383.685477825481
forecast_1585,2025-03-08 01:00:00,3812.696397828701,3849.198751304824,3388.2589049370176
forecast_1586,2025-03-08 02:00:00,3812.801409328519,3877.674436898993,3403.593643275884
forecast_1587,2025-03-08 03:00:00,3900.701787823572,3992.075777038653,3441.16387439025
forecast_1588,2025-03-08 04:00:00,4022.3800633408655,4053.85849905734,3535.7628511634102
forecast_1589,2025-03-08 05:00:00,3967.538961898761,4032.2282453778607,3488.203054387773
forecast_1590,2025-03-08 06:00:00,4005.760333261063,4022.362600213671,3577.752471662583
forecast_1591,2025-03-08 07:00:00,3987.678504456976,3995.3260414772,3508.061273611355
forecast_1592,2025-03-08 08:00:00,3969.0488381987984,3955.420594099365,3474.583403621258
forecast_1593,2025-03-08 09:00:00,3927.096796206975,3903.031208571668,3481.639078583228
forecast_1594,2025-03-08 10:00:00,3851.844089049648,3830.65034917406,3453.5533353866667
forecast_1595,2025-03-08 11:00:00,3910.345806932784,3931.8185890527,3567.593236648096
forecast_1596,2025-03-08 12:00:00,3953.9385904675087,4003.846730506115,3675.662761627294
forecast_1597,2025-03-08 13:00:00,4280.654763532578,4834.560939209777,3639.545150272659
forecast_1598,2025-03-08 14:00:00,5235.3427482060815,4379.621982844748,4783.54423558182
forecast_1599,2025-03-08 15:00:00,7261.783900803926,6650.095682571633,5069.2823957051805
forecast_1600,2025-03-08 16:00:00,7456.9064134766895,7095.469191837688,4888.83906609649
forecast_1601,2025-03-08 17:00:00,7038.99040473679,7274.624482978813,5243.83269124906
forecast_1602,2025-03-08 18:00:00,7762.402413603092,8049.837199795985,5677.220644050773
forecast_1603,2025-03-08 19:00:00,9055.209143863263,10011.707353871254,7266.723806477204
forecast_1604,2025-03-08 20:00:00,8446.521930026649,9451.918757316247,7586.192296991357
forecast_1605,2025-03-08 21:00:00,8144.655891371738,8652.525064875828,7325.469892835917
forecast_1606,2025-03-08 22:00:00,8190.1484395453,8398.591142570041,7206.912725927263
forecast_1607,2025-03-08 23:00:00,7815.613088498353,7930.560640837074,6676.867376880967
forecast_1608,2025-03-09 00:00:00,7772.074012109309,7233.535787022764,6787.773305035571
forecast_1609,2025-03-09 01:00:00,5820.646535513343,5392.930903645853,4957.705864110325
forecast_1610,2025-03-09 02:00:00,4979.852226883369,4346.522021212019,4929.127766750311
forecast_1611,2025-03-09 03:00:00,4833.665714009308,4426.108765878224,4403.259472874968
forecast_1612,2025-03-09 04:00:00,4380.222033504511,4043.7900611268974,3932.937722596765
forecast_1613,2025-03-09 05:00:00,3902.3672000965303,3890.5572384475686,3776.5206489902
forecast_1614,2025-03-09 06:00:00,3671.558623815948,3884.088578160036,3620.989890929569
forecast_1615,2025-03-09 07:00:00,3861.6859883446905,3851.8304417949607,3512.3456494204383
forecast_1616,2025-03-09 08:00:00,3759.135774416551,3682.5170491631247,3372.368335537605
forecast_1617,2025-03-09 09:00:00,3719.535140707789,3647.6578775481407,3366.5739662535234
forecast_1618,2025-03-09 10:00:00,3705.0279743461865,3615.0041041526656,3363.868491066019
forecast_1619,2025-03-09 11:00:00,3706.372658477932,3615.4393838731785,3362.788088102014
forecast_1620,2025-03-09 12:00:00,3703.7658082990015,3613.576553110624,3362.2807180656264
forecast_1621,2025-03-09 13:00:00,3702.147343792122,3612.3463730370554,3362.93904647867
forecast_1622,2025-03-09 14:00:00,3703.7701809359,3614.0289598354416,3363.7170475839766
forecast_1623,2025-03-09 15:00:00,3702.3848385142273,3612.635959255346,3361.635707295894
forecast_1624,2025-03-09 16:00:00,3701.6660281194495,3612.408608601526,3361.6964583511226
forecast_1625,2025-03-09 17:00:00,3704.687743552312,3613.652544853498,3361.328369338323
forecast_1626,2025-03-09 18:00:00,3713.077674284688,3614.281680227502,3361.477232075033
forecast_1627,2025-03-09 19:00:00,3723.556655375877,3623.248681955683,3362.67639884531
forecast_1628,2025-03-09 20:00:00,3731.6163391971695,3639.075366789067,3365.1655735684594
forecast_1629,2025-03-09 21:00:00,3723.249670758047,3642.6819824854697,3364.501080304992
forecast_1630,2025-03-09 22:00:00,3753.814218092466,3671.70553223382,3376.805662559896
forecast_1631,2025-03-09 23:00:00,3827.579239511572,3762.948893483024,3407.1451617228445
forecast_1632,2025-03-10 00:00:00,4050.7068048496726,3969.958771818084,3548.2634758745744
forecast_1633,2025-03-10 01:00:00,4028.650164648673,4090.898286859902,3634.836227930709
forecast_1634,2025-03-10 02:00:00,4727.1065908533765,4711.199053279176,5438.868740509867
forecast_1635,2025-03-10 03:00:00,4452.47502022491,4539.629454641256,5292.227229444046
forecast_1636,2025-03-10 04:00:00,4286.060319940709,4494.233283195311,5022.8786763078615
forecast_1637,2025-03-10 05:00:00,4046.303012634353,4086.6610675116735,4679.540361497403
forecast_1638,2025-03-10 06:00:00,4069.846625698088,4130.166680253923,4381.726096425977
forecast_1639,2025-03-10 07:00:00,4105.214789293511,4293.192328659817,4138.638158929652
forecast_1640,2025-03-10 08:00:00,4106.652789137421,3966.527268401852,3768.6698160988617
forecast_1641,2025-03-10 09:00:00,4085.243507297372,3861.476644580578,3618.1325926988
forecast_1642,2025-03-10 10:00:00,3894.4032290625337,3806.335852651053,3590.716473291167
forecast_1643,2025-03-10 11:00:00,3847.714371288292,3795.370850858712,3483.420061223332
forecast_1644,2025-03-10 12:00:00,3884.290258773098,3815.8493243103167,3469.520196431752
forecast_1645,2025-03-10 13:00:00,3965.7411592840726,3847.285226610361,3505.392191559682
forecast_1646,2025-03-10 14:00:00,3909.749301613536,3936.200326108865,3539.984429605363
forecast_1647,2025-03-10 15:00:00,4080.934740929966,4089.339704819471,3675.782275543448
forecast_1648,2025-03-10 16:00:00,4021.800802683292,4394.54985243268,3729.026337832936
forecast_1649,2025-03-10 17:00:00,5082.762822855818,5175.869361452528,4573.457346221347
forecast_1650,2025-03-10 18:00:00,6766.663402801903,7472.187041810489,4947.7548494376
forecast_1651,2025-03-10 19:00:00,7739.117744312341,9654.968641005958,5838.818416393653
forecast_1652,2025-03-10 20:00:00,9357.803474254628,11727.066685100754,7114.1340619955
forecast_1653,2025-03-10 21:00:00,10969.015270549038,13001.191146290896,9031.725756616172
forecast_1654,2025-03-10 22:00:00,13849.890647785149,15726.0732614623,12261.746976850209
forecast_1655,2025-03-10 23:00:00,16339.683765386517,16688.749907972968,12974.177595740231
forecast_1656,2025-03-11 00:00:00,17622.424523259004,17500.901033750495,14020.570093192291
forecast_1657,2025-03-11 01:00:00,18081.21379049651,17559.795361568405,14379.865437906985
forecast_1658,2025-03-11 02:00:00,18457.8613786519,18142.313327423893,14597.232557239637
forecast_1659,2025-03-11 03:00:00,18759.15117095504,18265.915276640186,14337.441845297855
forecast_1660,2025-03-11 04:00:00,18860.47033173681,18197.436216336024,13244.919228736566
forecast_1661,2025-03-11 05:00:00,17222.650579825648,17320.518649245423,11552.65495115914
forecast_1662,2025-03-11 06:00:00,14764.446528028991,14521.809233023983,11238.370143408694
forecast_1663,2025-03-11 07:00:00,11062.66053920858,10672.257981133927,7020.358666926492
forecast_1664,2025-03-11 08:00:00,8168.529333319915,7269.641960982775,3773.840373528953
forecast_1665,2025-03-11 09:00:00,4507.558719414384,4164.531649233951,3528.125353574419
forecast_1666,2025-03-11 10:00:00,3514.981631119369,3742.1053360031374,3407.2975297375583
forecast_1667,2025-03-11 11:00:00,3831.2769690973896,3689.952877492304,3384.54597355433
forecast_1668,2025-03-11 12:00:00,3801.483909785145,3682.6300011881062,3376.909312121686
forecast_1669,2025-03-11 13:00:00,3779.052289633011,3679.2743144043648,3383.719443204016
forecast_1670,2025-03-11 14:00:00,3755.716881730188,3683.896989724466,3371.3930112087533
forecast_1671,2025-03-11 15:00:00,3777.3099003616735,3690.916513713965,3374.258359230191
forecast_1672,2025-03-11 16:00:00,3804.605208850388,3706.2000959690263,3382.234741026768
forecast_1673,2025-03-11 17:00:00,3957.384522772174,3780.177404985812,3487.788194946574
forecast_1674,2025-03-11 18:00:00,4319.516746317167,4099.811196467389,4033.338266067236
forecast_1675,2025-03-11 19:00:00,4956.299716682396,4539.617270826959,4925.084734147903
forecast_1676,2025-03-11 20:00:00,6500.412682431536,6244.9424515668015,5367.67628758513
forecast_1677,2025-03-11 21:00:00,9898.55915857307,9665.9989166848,7429.96809686219
forecast_1678,2025-03-11 22:00:00,10137.129667992798,10966.086719153269,7680.611201295305
forecast_1679,2025-03-11 23:00:00,14623.274939155555,14922.948382749486,10168.477797753618
forecast_1680,2025-03-12 00:00:00,16311.540245673605,16583.635284107047,12191.21040246872
forecast_1681,2025-03-12 01:00:00,16323.969976985776,16053.47139336419,11069.538245843847
forecast_1682,2025-03-12 02:00:00,17476.84275562043,17086.876015982798,11573.894725592929
forecast_1683,2025-03-12 03:00:00,16032.748839403794,15896.004528675729,12005.142482904585
forecast_1684,2025-03-12 04:00:00,18722.292377534766,18136.38977208848,13966.387026130888
forecast_1685,2025-03-12 05:00:00,18594.88804826641,18371.94438986512,15396.168740311456
forecast_1686,2025-03-12 06:00:00,19052.256832530948,18881.533729966348,16898.037538612527
forecast_1687,2025-03-12 07:00:00,19421.238093543143,18829.27156191372,16892.035679507306
forecast_1688,2025-03-12 08:00:00,19400.123061403174,19105.805284670427,17419.297553899592
forecast_1689,2025-03-12 09:00:00,19429.17683460843,19381.36191879894,17837.578567347944
forecast_1690,2025-03-12 10:00:00,19555.6290418712,18255.66106769985,17791.256605926144
forecast_1691,2025-03-12 11:00:00,19511.61912443663,18120.071535260708,17957.38526463969
forecast_1692,2025-03-12 12:00:00,19191.676496611934,17724.35638179106,17916.564054698716
forecast_1693,2025-03-12 13:00:00,18666.24019960898,17467.246719724066,18033.499246127805
forecast_1694,2025-03-12 14:00:00,18792.225414344568,17655.36646862551,18031.173014231827
forecast_1695,2025-03-12 15:00:00,19051.41135903468,18141.311798089184,18000.454770287684
forecast_1696,2025-03-12 16:00:00,19791.739809718663,18943.641108517782,18052.19869744089
forecast_1697,2025-03-12 17:00:00,19824.336509042485,18941.832550490024,17744.218105592267
forecast_1698,2025-03-12 18:00:00,19317.61882429847,18267.116559537422,17038.89364538759
forecast_1699,2025-03-12 19:00:00,18340.334111771837,17467.57159616048,16305.206841438188
forecast_1700,2025-03-12 20:00:00,16117.336049355168,15890.126263035205,15094.159300320924
forecast_1701,2025-03-12 21:00:00,15541.395885405344,15164.756804373095,15340.90897508496
forecast_1702,2025-03-12 22:00:00,14683.535376574517,14228.079000359448,14385.103892952631
forecast_1703,2025-03-12 23:00:00,13639.873967546902,13391.0539812707,13692.126751340162
forecast_1704,2025-03-13 00:00:00,13433.303097076296,13038.302716648766,13599.517707493193
forecast_1705,2025-03-13 01:00:00,13445.040470465869,13296.175729247932,9319.900541295056
forecast_1706,2025-03-13 02:00:00,14555.800803471178,14021.545791426111,12944.26326123206
forecast_1707,2025-03-13 03:00:00,14405.011825763704,14689.765528514516,12630.02396455435
forecast_1708,2025-03-13 04:00:00,13904.461845017637,14887.915803318969,10457.76848128725
forecast_1709,2025-03-13 05:00:00,13946.612986560249,15424.751137676672,10393.122984958243
forecast_1710,2025-03-13 06:00:00,13079.370400393023,14599.514382899612,9249.973623748612
forecast_1711,2025-03-13 07:00:00,11052.23989709165,13062.700493687296,7864.160798487642
forecast_1712,2025-03-13 08:00:00,8121.480109079217,9478.061649499929,6421.315883724484
forecast_1713,2025-03-13 09:00:00,6081.453287578906,7508.489614727918,3748.270916481528
forecast_1714,2025-03-13 10:00:00,4561.989886187329,4197.658081947666,3661.9891659841214
forecast_1715,2025-03-13 11:00:00,4078.457433748873,3980.6225367656666,3461.340346331609
forecast_1716,2025-03-13 12:00:00,3995.003422686153,3913.2061842493695,3428.97257824744
forecast_1717,2025-03-13 13:00:00,4000.3811858615386,3882.264392033585,3416.257650770513
forecast_1718,2025-03-13 14:00:00,3896.970685580723,3836.210289460504,3423.7197537833185
forecast_1719,2025-03-13 15:00:00,3866.195922146619,3776.1693481924376,3392.941966935687
forecast_1720,2025-03-13 16:00:00,3902.080611587507,3737.979490853328,3407.5000906051678
forecast_1721,2025-03-13 17:00:00,3825.705329552197,3702.7235902386014,3389.9864679313027
forecast_1722,2025-03-13 18:00:00,3846.82595133419,3706.914629058237,3375.428625031827
forecast_1723,2025-03-13 19:00:00,3899.504682749787,3767.0534581709785,3378.1620047467336
forecast_1724,2025-03-13 20:00:00,4014.268539754449,3887.749558404835,3419.319479335177
forecast_1725,2025-03-13 21:00:00,4087.277304464853,3992.6443879302833,3525.764995771484
forecast_1726,2025-03-13 22:00:00,4535.915521199065,4134.233148188668,3594.41397767844
forecast_1727,2025-03-13 23:00:00,4398.867652609185,4149.992072608095,3589.7716143507546
forecast_1728,2025-03-14 00:00:00,4055.4263525708448,4026.148687212988,3461.7421481434326
forecast_1729,2025-03-14 01:00:00,4113.565906127065,3955.4652937282585,3436.0650055404512
forecast_1730,2025-03-14 02:00:00,4061.168397581878,3856.485249235634,3404.9883591829303
forecast_1731,2025-03-14 03:00:00,3930.308287880349,3840.195531204433,3399.7186978707477
forecast_1732,2025-03-14 04:00:00,3841.84201622588,3743.179805284941,3376.5735974964164
forecast_1733,2025-03-14 05:00:00,3747.859408689838,3686.596895051726,3369.912583087911
forecast_1734,2025-03-14 06:00:00,3740.6220070775553,3696.96558216908,3363.547322445072
forecast_1735,2025-03-14 07:00:00,3733.8436502777754,3670.91360118299,3363.1520237431
forecast_1736,2025-03-14 08:00:00,3735.209222848657,3672.726425041524,3369.634030121997
forecast_1737,2025-03-14 09:00:00,3723.101913244563,3667.977570030117,3366.7330288190374
forecast_1738,2025-03-14 10:00:00,3731.503713702329,3654.142947925123,3372.5375373590264
forecast_1739,2025-03-14 11:00:00,3735.3267136289455,3655.5671786109015,3380.103162960792
forecast_1740,2025-03-14 12:00:00,3737.076107000397,3658.624761542224,3379.915831008173
forecast_1741,2025-03-14 13:00:00,3730.548505383649,3652.8125224962073,3373.8260701374265
forecast_1742,2025-03-14 14:00:00,3729.7429246717898,3644.689332617391,3377.8440438220478
forecast_1743,2025-03-14 15:00:00,3726.576627328196,3645.846238481703,3375.3634646575324
forecast_1744,2025-03-14 16:00:00,3723.820440555122,3638.7742375220096,3370.455401950596
forecast_1745,2025-03-14 17:00:00,3715.9673949930248,3628.8601223090304,3366.861357141556
forecast_1746,2025-03-14 18:00:00,3731.99573204575,3631.844311722403,3377.8536926841784
forecast_1747,2025-03-14 19:00:00,3729.21647946806,3628.518542674998,3375.189517541441
forecast_1748,2025-03-14 20:00:00,3821.648297506103,3658.570708293993,3377.6236089684
forecast_1749,2025-03-14 21:00:00,3833.438697549592,3666.733150902567,3374.5326267900527
forecast_1750,2025-03-14 22:00:00,3808.659556746608,3678.247813560551,3376.165647280342
forecast_1751,2025-03-14 23:00:00,3798.3845562545735,3683.980119987045,3376.2688633170023
forecast_1752,2025-03-15 00:00:00,3842.1743774775314,3712.835362782792,3375.881802661222
forecast_1753,2025-03-15 01:00:00,3907.179429906989,3793.478979249852,3411.9433672509376
forecast_1754,2025-03-15 02:00:00,4028.9913470235015,3893.174738005132,3414.9011448008414
forecast_1755,2025-03-15 03:00:00,3923.1926855532174,3881.815114544434,3393.164956484057
forecast_1756,2025-03-15 04:00:00,3988.5508275896505,3850.271090389952,3405.23051757402
forecast_1757,2025-03-15 05:00:00,4016.868211002184,3874.31206161114,3407.5294177396654
forecast_1758,2025-03-15 06:00:00,3971.496825372175,3876.057900117125,3403.9577911491715
forecast_1759,2025-03-15 07:00:00,3943.861183310639,3798.89375873578,3438.8691918987
forecast_1760,2025-03-15 08:00:00,3967.3630635506015,3783.1937970779873,3397.779222655024
forecast_1761,2025-03-15 09:00:00,3922.818712840566,3770.025364167095,3468.4964293905955
forecast_1762,2025-03-15 10:00:00,3930.78796521158,3732.5317256782937,3534.3131103523147
forecast_1763,2025-03-15 11:00:00,3880.0941017066,3729.286808755469,3533.0791313592563
forecast_1764,2025-03-15 12:00:00,3795.040435373221,3692.814146423601,3499.6901949570924
forecast_1765,2025-03-15 13:00:00,3824.4755243399286,3729.156933061949,3491.87369993716
forecast_1766,2025-03-15 14:00:00,3808.445379019549,3751.441395661899,3503.128931335753
forecast_1767,2025-03-15 15:00:00,3744.621112394542,3689.494075441889,3450.884213897656
forecast_1768,2025-03-15 16:00:00,3744.87727572381,3707.822226903287,3431.5923978248675
forecast_1769,2025-03-15 17:00:00,3733.821854079653,3667.5778963697926,3384.1395160403167
forecast_1770,2025-03-15 18:00:00,3752.59871893005,3691.98523070474,3384.432577924197
forecast_1771,2025-03-15 19:00:00,3768.537233093464,3705.232041818049,3401.9380556914302
forecast_1772,2025-03-15 20:00:00,3790.182822052156,3706.268553912717,3404.8570164686826
forecast_1773,2025-03-15 21:00:00,3778.605651906915,3694.261112087062,3392.76996300166
forecast_1774,2025-03-15 22:00:00,3789.3551694620314,3705.417883560896,3391.4998968249297
forecast_1775,2025-03-15 23:00:00,3758.388021208234,3646.4224262560656,3373.8230160056933
forecast_1776,2025-03-16 00:00:00,3732.6660386840713,3635.775979595203,3371.4098146307774
forecast_1777,2025-03-16 01:00:00,3743.4918933174263,3665.6066836850136,3402.268334944469
forecast_1778,2025-03-16 02:00:00,3727.054519238103,3630.038326434259,3381.7355575141773
forecast_1779,2025-03-16 03:00:00,3717.2498423518623,3627.393918596049,3395.505714203168
forecast_1780,2025-03-16 04:00:00,3712.830480409517,3625.900683487661,3384.0085464789413
forecast_1781,2025-03-16 05:00:00,3710.409690184428,3623.1334886334776,3367.613246985753
forecast_1782,2025-03-16 06:00:00,3710.7104764771775,3618.018234440408,3368.338316772408
forecast_1783,2025-03-16 07:00:00,3711.092594605481,3617.1710837824207,3364.4967493789973
forecast_1784,2025-03-16 08:00:00,3706.239118529753,3614.962453819306,3363.937317456878
forecast_1785,2025-03-16 09:00:00,3703.670632752839,3615.1358409053632,3363.435530938257
forecast_1786,2025-03-16 10:00:00,3706.8342894441,3620.847671911696,3362.220937326201
forecast_1787,2025-03-16 11:00:00,3721.027979353631,3634.167336292093,3364.938990509609
forecast_1788,2025-03-16 12:00:00,3769.360591917451,3668.371286810523,3373.817689560289
forecast_1789,2025-03-16 13:00:00,2955.8360857546345,3607.361104984469,3406.1437384140545
forecast_1790,2025-03-16 14:00:00,3461.951941045723,3801.059307266188,3436.356127357863
forecast_1791,2025-03-16 15:00:00,4441.312295931201,4189.553556689911,4292.620346917171
forecast_1792,2025-03-16 16:00:00,5431.8895309407935,4692.184874399622,5253.812075128314
forecast_1793,2025-03-16 17:00:00,5922.353718763488,5270.637871214077,5728.353945006362
forecast_1794,2025-03-16 18:00:00,7162.2274599997845,6325.811666984062,5889.288881407904
forecast_1795,2025-03-16 19:00:00,8915.170692542286,7873.244912285566,6411.216151794562
forecast_1796,2025-03-16 20:00:00,10252.1678892229,9954.602844024042,6520.005836855427
forecast_1797,2025-03-16 21:00:00,11555.893819350944,11460.088328041436,7838.870688836036
forecast_1798,2025-03-16 22:00:00,12500.1278859894,12700.966743065195,8949.180389900434
forecast_1799,2025-03-16 23:00:00,13198.332850553108,13501.785403650005,8392.373709536962
forecast_1800,2025-03-17 00:00:00,11524.773000977735,12256.351823995648,7012.822281414683
forecast_1801,2025-03-17 01:00:00,14172.73585443164,14315.904229557842,9003.500826112717
forecast_1802,2025-03-17 02:00:00,12213.953638951894,12925.515644477247,8315.898856621463
forecast_1803,2025-03-17 03:00:00,9255.378836219856,10113.848462063284,7291.266284202963
forecast_1804,2025-03-17 04:00:00,8038.987016066009,4845.425453453121,7965.748073656384
forecast_1805,2025-03-17 05:00:00,5767.547450174186,4387.275410303319,3688.484825553481
forecast_1806,2025-03-17 06:00:00,4758.164612598286,4152.848627820589,3626.210011989959
forecast_1807,2025-03-17 07:00:00,3527.8416020358454,3926.6245927641367,3469.221283233888
forecast_1808,2025-03-17 08:00:00,3863.281152653291,3830.379179509509,3419.792125426726
forecast_1809,2025-03-17 09:00:00,3883.834305687888,3786.01862946636,3427.5695391403606
forecast_1810,2025-03-17 10:00:00,4029.1651464960983,3799.641408983835,3431.432469886658
forecast_1811,2025-03-17 11:00:00,4048.755612261887,3947.922077662393,3528.9344208758903
forecast_1812,2025-03-17 12:00:00,4186.326710048983,3882.738897959901,3673.89553124646
forecast_1813,2025-03-17 13:00:00,6202.281766157963,5891.246818735795,5147.133566959297
forecast_1814,2025-03-17 14:00:00,8272.49486954653,7118.234041000888,6764.185186685849
forecast_1815,2025-03-17 15:00:00,9560.37158405638,8290.259398228973,6955.250618854428
forecast_1816,2025-03-17 16:00:00,10008.717388444946,9071.011855551977,6833.108652184974
forecast_1817,2025-03-17 17:00:00,10066.69536205396,9357.7421144215,6331.538811796732
forecast_1818,2025-03-17 18:00:00,9959.42036955512,9847.63192367682,6338.161234308631
forecast_1819,2025-03-17 19:00:00,10680.485996351925,10876.04338874407,8212.543876804906
forecast_1820,2025-03-17 20:00:00,10540.316984401952,11260.83157371498,8499.614651335956
forecast_1821,2025-03-17 21:00:00,9984.71942860431,11044.304586577491,8855.443440014149
forecast_1822,2025-03-17 22:00:00,10532.317474480538,11395.412679233426,9520.103903367704
forecast_1823,2025-03-17 23:00:00,9653.675687319112,10189.093755060909,8126.613368216707
forecast_1824,2025-03-18 00:00:00,6027.5159100749,6827.214363816494,3638.014996682039
forecast_1825,2025-03-18 01:00:00,5343.682892817827,6217.895036147474,3584.534895790019
forecast_1826,2025-03-18 02:00:00,4144.474086555687,4639.727532477264,3678.284059460557
forecast_1827,2025-03-18 03:00:00,3913.7843474383103,4432.791717744221,3649.652005921795
forecast_1828,2025-03-18 04:00:00,3642.7313564052542,3990.428413834789,3747.409427215897
forecast_1829,2025-03-18 05:00:00,4088.240818853489,4096.1366097443615,3756.0790906906745
forecast_1830,2025-03-18 06:00:00,4089.054862343223,3956.435350619554,3494.2582336592923
forecast_1831,2025-03-18 07:00:00,3922.937751468725,3905.071532041499,3397.9059095976545
forecast_1832,2025-03-18 08:00:00,3843.862807894085,3825.7330954877775,3385.458331417124
forecast_1833,2025-03-18 09:00:00,3952.8625832865305,4031.039642359696,3484.667822685113
forecast_1834,2025-03-18 10:00:00,3958.48116105654,4037.1039865851862,3620.4328090584313
forecast_1835,2025-03-18 11:00:00,3870.778927107916,3792.9166520399535,3415.7970406568875
forecast_1836,2025-03-18 12:00:00,3907.153463845752,3826.713032622844,3450.45230117085
forecast_1837,2025-03-18 13:00:00,4026.356863614049,3847.536526214402,3446.5203825324656
forecast_1838,2025-03-18 14:00:00,4536.292277848669,4035.481328090855,3588.448795409489
forecast_1839,2025-03-18 15:00:00,6378.433796928623,4488.699507446519,5836.789472329363
forecast_1840,2025-03-18 16:00:00,9220.767176521951,6311.621229998613,7673.002944560831
forecast_1841,2025-03-18 17:00:00,11361.829960162497,8740.354370804907,10455.517117210473
forecast_1842,2025-03-18 18:00:00,11305.186173779011,9351.792225427464,10387.712840949094
forecast_1843,2025-03-18 19:00:00,10324.549197006909,8608.616993641836,9682.446408981836
forecast_1844,2025-03-18 20:00:00,8926.216670900913,6887.94730988088,8985.96195087967
forecast_1845,2025-03-18 21:00:00,7287.16987397735,5171.613378094056,7552.963395949191
forecast_1846,2025-03-18 22:00:00,5492.750897916645,4596.179032765026,3657.735060224019
forecast_1847,2025-03-18 23:00:00,4473.267835690849,4150.209709581942,3488.452898252674
forecast_1848,2025-03-19 00:00:00,4055.347137728188,4097.781076578749,3533.6887669552616
forecast_1849,2025-03-19 01:00:00,3424.589825364536,3089.7979822789544,3398.7362615050056
forecast_1850,2025-03-19 02:00:00,3234.50063224575,3066.4950238494457,3401.51136029077
forecast_1851,2025-03-19 03:00:00,3412.204589440115,3895.8416461983343,3394.771097741986
forecast_1852,2025-03-19 04:00:00,3379.5418359135074,3864.370499210704,3439.06106574682
forecast_1853,2025-03-19 05:00:00,3387.5039908005265,3850.8601906530366,3429.586169312673
forecast_1854,2025-03-19 06:00:00,3429.771476996616,3925.872290942327,3414.1255067678458
forecast_1855,2025-03-19 07:00:00,3662.0310267475857,3956.538027742492,3421.328165110824
forecast_1856,2025-03-19 08:00:00,3985.9515940138617,4076.2968205815537,3461.979690904373
forecast_1857,2025-03-19 09:00:00,3938.222908382247,4008.136423070918,3562.044389215898
forecast_1858,2025-03-19 10:00:00,4245.554708662261,4073.159440179852,3880.0273460732415
forecast_1859,2025-03-19 11:00:00,4808.724201472761,4729.530736897552,4449.758037393191
forecast_1860,2025-03-19 12:00:00,6302.010812760309,5867.307305353728,5114.30397596334
forecast_1861,2025-03-19 13:00:00,7590.858671550321,6783.536182601543,5490.966394499866
forecast_1862,2025-03-19 14:00:00,7691.662122472497,7002.992497263227,5152.625597723641
forecast_1863,2025-03-19 15:00:00,8584.211374891576,8514.089352435562,6040.849430737223
forecast_1864,2025-03-19 16:00:00,9790.38089664092,9366.63971845517,6849.824126475487
forecast_1865,2025-03-19 17:00:00,9662.20641536757,9263.911268615584,7184.806820845113
forecast_1866,2025-03-19 18:00:00,10494.788586617173,10280.96234678804,8468.713216406595
forecast_1867,2025-03-19 19:00:00,11814.4786244101,11685.024691794886,10354.31867267951
forecast_1868,2025-03-19 20:00:00,13378.461094188197,13601.713649472716,11462.561344063008
forecast_1869,2025-03-19 21:00:00,14345.08744681287,14713.835028636056,12556.587343165786
forecast_1870,2025-03-19 22:00:00,15140.673734112372,15908.663428959126,13539.742734277232
forecast_1871,2025-03-19 23:00:00,15423.396098902853,16167.034153087783,14181.839774943524
forecast_1872,2025-03-20 00:00:00,16876.30176593155,17238.955049653126,14822.415132318933
forecast_1873,2025-03-20 01:00:00,18158.352097851377,17928.93786640637,15339.98396500852
forecast_1874,2025-03-20 02:00:00,18965.02178837473,18147.125048817,15660.675906203956
forecast_1875,2025-03-20 03:00:00,18885.50534973007,18090.46257043024,15984.081278896743
forecast_1876,2025-03-20 04:00:00,19439.65826638181,18315.17423135469,16443.164896252838
forecast_1877,2025-03-20 05:00:00,19735.57701741841,18806.188199542023,16951.0994784501
forecast_1878,2025-03-20 06:00:00,20341.73406225829,19314.497579446463,17624.51626090064
forecast_1879,2025-03-20 07:00:00,20366.466945886947,19269.71245696057,17331.67748742745
forecast_1880,2025-03-20 08:00:00,20083.927752857315,19101.837209930814,17066.169290408936
forecast_1881,2025-03-20 09:00:00,19457.37026968486,18613.274624328555,16529.267752732907
forecast_1882,2025-03-20 10:00:00,18465.441074750088,17801.470251381514,15765.477308859834
forecast_1883,2025-03-20 11:00:00,18116.777473463382,17271.87032287059,15535.22494539417
forecast_1884,2025-03-20 12:00:00,17991.39721887236,16947.34159429688,15411.406951543828
forecast_1885,2025-03-20 13:00:00,17619.9508709352,16626.05951679439,15487.31647542826
forecast_1886,2025-03-20 14:00:00,18367.58789158433,17508.58014130052,15742.339045923314
forecast_1887,2025-03-20 15:00:00,18489.021073532112,17721.95489133494,15880.862081814714
forecast_1888,2025-03-20 16:00:00,18756.76898827345,17870.49070717369,16455.280922642436
forecast_1889,2025-03-20 17:00:00,19035.669324902094,18115.790187238486,17025.944319935945
forecast_1890,2025-03-20 18:00:00,19221.58797827468,18308.65426972823,17635.58982401978
forecast_1891,2025-03-20 19:00:00,19280.027058378797,18577.281454461576,16942.80168260529
forecast_1892,2025-03-20 20:00:00,19248.314519342177,19018.3456461346,17108.036687202963
forecast_1893,2025-03-20 21:00:00,19603.01399572124,19266.59360323001,17437.295945289203
forecast_1894,2025-03-20 22:00:00,19843.01688225381,19637.11210642774,17762.290972425515
forecast_1895,2025-03-20 23:00:00,19911.407601031664,19777.75909034564,17692.541571058984
forecast_1896,2025-03-21 00:00:00,20228.381475686023,19886.675606954053,17800.406431207757
forecast_1897,2025-03-21 01:00:00,19943.154705926496,19835.95224281698,18143.951026253293
forecast_1898,2025-03-21 02:00:00,20399.84119441957,20136.119970681077,18102.26219665172
forecast_1899,2025-03-21 03:00:00,20321.40285669553,20149.523908549578,18227.88200012768
forecast_1900,2025-03-21 04:00:00,20307.04529428235,20060.2087342238,17913.097496855473
forecast_1901,2025-03-21 05:00:00,20284.69752028586,20004.915945338144,17885.584604876465
forecast_1902,2025-03-21 06:00:00,20289.92157903661,19964.33508268012,17850.640513041562
forecast_1903,2025-03-21 07:00:00,20213.950560771773,19774.71431446765,17211.518660724847
forecast_1904,2025-03-21 08:00:00,20177.79298782276,19812.02437258512,17180.240114474127
forecast_1905,2025-03-21 09:00:00,19946.705508887462,19537.606078332778,16937.20411193629
forecast_1906,2025-03-21 10:00:00,19329.45659009952,19137.48301136963,16787.744846840233
forecast_1907,2025-03-21 11:00:00,18953.984195151614,18937.812871017424,16771.88937133996
forecast_1908,2025-03-21 12:00:00,18410.75579080633,18714.72659126974,16767.366244647565
forecast_1909,2025-03-21 13:00:00,18397.91598636023,18658.22159074099,16853.557532496026
forecast_1910,2025-03-21 14:00:00,18225.221666615824,18565.44144913392,16540.776515808437
forecast_1911,2025-03-21 15:00:00,18209.41587947152,18412.93977107356,16236.863631494363
forecast_1912,2025-03-21 16:00:00,18071.21046097238,18263.261140257982,15611.623317837446
forecast_1913,2025-03-21 17:00:00,18228.757162579717,18197.023473332734,15938.299981923134
forecast_1914,2025-03-21 18:00:00,18494.20759006097,18378.06571927717,16198.023192510474
forecast_1915,2025-03-21 19:00:00,18877.878723714428,18468.48074232454,16421.404259410043
forecast_1916,2025-03-21 20:00:00,19064.43946260688,18748.96715543838,16657.547064629634
forecast_1917,2025-03-21 21:00:00,19114.82309305826,18834.739488660303,16930.84330069168
forecast_1918,2025-03-21 22:00:00,19090.73731016439,19072.636325494324,17224.98104866624
forecast_1919,2025-03-21 23:00:00,19883.314681139986,19609.980618796577,17648.03423377935
forecast_1920,2025-03-22 00:00:00,19774.16297558375,19536.31377045143,17653.302191048602
forecast_1921,2025-03-22 01:00:00,19737.02641682311,19643.525241171155,17704.769176969763
forecast_1922,2025-03-22 02:00:00,19762.298314067823,19717.17950049142,17659.263804959948
forecast_1923,2025-03-22 03:00:00,19542.61719219067,19560.17024867521,17668.203295944157
forecast_1924,2025-03-22 04:00:00,19487.30109939248,19447.46179512887,17514.004519571787
forecast_1925,2025-03-22 05:00:00,19731.123719715597,19534.473768394597,17476.35449773803
forecast_1926,2025-03-22 06:00:00,19801.80012620428,19584.191311100745,17482.533201313974
forecast_1927,2025-03-22 07:00:00,20001.60298400246,19661.847739003057,17237.313066778675
forecast_1928,2025-03-22 08:00:00,19623.57368923509,19421.854296043897,17211.55904125326
forecast_1929,2025-03-22 09:00:00,18875.60131727367,19264.202744179456,17079.063044447306
forecast_1930,2025-03-22 10:00:00,18433.70443203937,19065.494604945063,16707.442894392065
forecast_1931,2025-03-22 11:00:00,18344.925267059392,18776.81793180037,16259.092490505822
forecast_1932,2025-03-22 12:00:00,18345.174449101545,18603.80099696712,15931.421190101131
forecast_1933,2025-03-22 13:00:00,18544.017912535168,18520.942347284737,15756.970090952198
forecast_1934,2025-03-22 14:00:00,18506.40618239421,18432.37919214584,15804.110776692867
forecast_1935,2025-03-22 15:00:00,18288.44587283493,18401.780659356005,15798.703815290288
forecast_1936,2025-03-22 16:00:00,17940.813546313926,18233.04675123706,15770.61079240438
forecast_1937,2025-03-22 17:00:00,17577.920320430036,17934.31731333613,15799.10388193454
forecast_1938,2025-03-22 18:00:00,17702.512123164623,17956.130783432127,15900.080367877532
forecast_1939,2025-03-22 19:00:00,17920.791476227336,18138.598369194224,16235.650194861935
forecast_1940,2025-03-22 20:00:00,18195.46834699466,18446.622744499087,16674.65897088667
forecast_1941,2025-03-22 21:00:00,18814.788378943653,18607.591981829988,16927.678147478244
forecast_1942,2025-03-22 22:00:00,19136.788027293387,18796.260706433437,17234.272925056877
forecast_1943,2025-03-22 23:00:00,19223.56926248643,18574.40752271863,16985.950981020433
forecast_1944,2025-03-23 00:00:00,19565.02135020933,18619.82487012095,17079.4122845932
forecast_1945,2025-03-23 01:00:00,18488.87983942881,17997.621390721943,16405.32126051075
forecast_1946,2025-03-23 02:00:00,19400.28220266073,18033.654013962827,16226.051275348282
forecast_1947,2025-03-23 03:00:00,19677.29521143017,17775.666838421464,15931.29919672123
forecast_1948,2025-03-23 04:00:00,19001.505575026837,17341.231143797853,14704.44827497946
forecast_1949,2025-03-23 05:00:00,17036.59659517513,16074.273557682847,13134.412574306862
forecast_1950,2025-03-23 06:00:00,13900.268451773622,14118.076647775822,10630.49931762452
forecast_1951,2025-03-23 07:00:00,9606.800580576322,10178.87858376026,6862.264832355798
forecast_1952,2025-03-23 08:00:00,5326.16817035049,5646.47353100255,3592.373138492024
forecast_1953,2025-03-23 09:00:00,3719.0051992916674,3965.70923493872,3420.814860022801
forecast_1954,2025-03-23 10:00:00,3911.14763621728,3871.9346764812217,3376.543466205961
forecast_1955,2025-03-23 11:00:00,3771.978221605085,3697.7313639421,3368.9707068141693
forecast_1956,2025-03-23 12:00:00,3782.0647071193207,3684.556267072946,3372.394862186712
forecast_1957,2025-03-23 13:00:00,3767.024427138706,3687.623272254668,3371.4372073621307
forecast_1958,2025-03-23 14:00:00,3853.361420460066,3736.1252094785946,3373.833992944814
forecast_1959,2025-03-23 15:00:00,3970.509201353742,3897.203249537079,3390.1726506412447
forecast_1960,2025-03-23 16:00:00,3953.77714290566,3954.2867438773583,3404.8260961545707
forecast_1961,2025-03-23 17:00:00,4030.778535788758,3978.370829692863,3491.9868868000726
forecast_1962,2025-03-23 18:00:00,3875.030132873002,4005.6379038346295,3459.554162053176
forecast_1963,2025-03-23 19:00:00,5027.208375654452,5267.198117734507,3600.917280882206
forecast_1964,2025-03-23 20:00:00,6418.792000910959,7285.220355650501,5915.731031520358
forecast_1965,2025-03-23 21:00:00,8793.165505288482,10413.657616869668,7969.675612911361
forecast_1966,2025-03-23 22:00:00,10565.66732340344,13015.474068476287,10454.360505642526
forecast_1967,2025-03-23 23:00:00,10657.876972597389,12945.768609955465,10508.425425316462
forecast_1968,2025-03-24 00:00:00,10924.890969292774,13099.552905656465,10925.966973920567
forecast_1969,2025-03-24 01:00:00,11881.996176169465,13703.570067832536,12179.0377449565
forecast_1970,2025-03-24 02:00:00,10724.007313299344,12528.862751977607,10344.908614472655
forecast_1971,2025-03-24 03:00:00,11550.819984312408,13071.956503041123,12875.167914846095
forecast_1972,2025-03-24 04:00:00,12178.548086011711,13480.970607396705,13022.296359278753
forecast_1973,2025-03-24 05:00:00,11463.899691546436,13423.480138767449,13374.078326140854
forecast_1974,2025-03-24 06:00:00,13386.006118235024,14229.353920281614,14061.406188040508
forecast_1975,2025-03-24 07:00:00,13586.838529627355,14568.484587106812,14331.609587175397
forecast_1976,2025-03-24 08:00:00,13534.666574241712,14832.49001409102,14298.029929035403
forecast_1977,2025-03-24 09:00:00,14153.35319394488,15500.672919040506,14469.506208955829
forecast_1978,2025-03-24 10:00:00,16123.676539564423,16767.75338492233,14947.970813256932
forecast_1979,2025-03-24 11:00:00,16167.91119903908,16701.211220920573,15128.2435940758
forecast_1980,2025-03-24 12:00:00,16432.164666910874,16857.45890488291,15083.742677589642
forecast_1981,2025-03-24 13:00:00,16279.296083893154,16447.549162024035,15321.19304782537
forecast_1982,2025-03-24 14:00:00,16195.351354595865,15969.18420608842,15377.479035067629
forecast_1983,2025-03-24 15:00:00,14958.984530890237,15116.991691297651,15244.780468454825
forecast_1984,2025-03-24 16:00:00,14499.65416889821,14597.833362726942,15092.455003715762
forecast_1985,2025-03-24 17:00:00,14188.918709721049,14064.8371262644,15084.392224515255
forecast_1986,2025-03-24 18:00:00,13803.459253305538,13824.324108564417,14925.709812624003
forecast_1987,2025-03-24 19:00:00,15376.778411713773,14355.39553810002,15086.7955458897
forecast_1988,2025-03-24 20:00:00,17417.218791291685,15532.534034915065,15190.96606373941
forecast_1989,2025-03-24 21:00:00,18445.304554951377,16410.68170135114,15511.590508216635
forecast_1990,2025-03-24 22:00:00,18492.0454832292,17398.96397128602,16228.294348900685
forecast_1991,2025-03-24 23:00:00,19076.70432342836,18630.1908815103,16550.061479311073
forecast_1992,2025-03-25 00:00:00,19910.59114142112,18914.540894299946,16194.617957315002
forecast_1993,2025-03-25 01:00:00,19462.73225539573,18569.653879386227,15410.551909761549
forecast_1994,2025-03-25 02:00:00,18874.30792595649,17736.647705518924,14327.375449083986
forecast_1995,2025-03-25 03:00:00,17437.997798850825,16406.991108451362,12564.315297642812
forecast_1996,2025-03-25 04:00:00,14165.623943724591,14701.969449751716,10624.877981233283
forecast_1997,2025-03-25 05:00:00,11197.059330559476,12388.551486668448,8274.49078868917
forecast_1998,2025-03-25 06:00:00,8101.447685394794,9626.366494102158,6940.282572527616
forecast_1999,2025-03-25 07:00:00,6908.508676124369,8536.851009506645,6052.192671452642
forecast_2000,2025-03-25 08:00:00,6734.904141815074,8710.859330247406,6680.5537679165645
forecast_2001,2025-03-25 09:00:00,6697.896452339575,8338.281296413477,6432.004722334459
forecast_2002,2025-03-25 10:00:00,7587.588890257292,7786.834522784719,8241.349627931317
forecast_2003,2025-03-25 11:00:00,8787.512207058662,8950.470120281905,10479.860074961607
forecast_2004,2025-03-25 12:00:00,10968.298670580494,11602.081392128182,13508.256228693575
forecast_2005,2025-03-25 13:00:00,13736.167332514033,14657.553017433836,15536.69566916884
forecast_2006,2025-03-25 14:00:00,15125.011422295443,16699.891249863722,16676.80348619729
forecast_2007,2025-03-25 15:00:00,16891.61204908371,18157.716465494366,17184.456596914384
forecast_2008,2025-03-25 16:00:00,17666.2996440052,18494.94208219775,17880.440744768053
forecast_2009,2025-03-25 17:00:00,18299.91767947961,18797.234591820605,18285.7111591796
forecast_2010,2025-03-25 18:00:00,18758.27904649586,18825.60440947952,18575.772785612386
forecast_2011,2025-03-25 19:00:00,18742.9804740392,18746.08411498092,18863.62563105696
forecast_2012,2025-03-25 20:00:00,18956.222988656475,19035.496031347604,19061.70187346976
forecast_2013,2025-03-25 21:00:00,18942.12819055723,19279.377188217204,18818.36414776978
forecast_2014,2025-03-25 22:00:00,17942.424776869037,18084.61509179003,18471.258627145584
forecast_2015,2025-03-25 23:00:00,19787.213387315456,19815.10326908606,18124.011781610378
forecast_2016,2025-03-26 00:00:00,19822.991720088783,19765.61063389737,17732.954392708376
forecast_2017,2025-03-26 01:00:00,19719.314095676134,19789.14219503743,17623.010550863783
forecast_2018,2025-03-26 02:00:00,19656.46203633496,19273.19926801997,16705.332056710824
forecast_2019,2025-03-26 03:00:00,18315.935052607,17834.934709927365,13372.28782772658
forecast_2020,2025-03-26 04:00:00,15369.030828166076,14595.932353142687,10619.280388747457
forecast_2021,2025-03-26 05:00:00,12372.604272477296,12123.464323879558,10847.56554698561
forecast_2022,2025-03-26 06:00:00,8543.314488848975,8273.218310654649,7920.620109945121
forecast_2023,2025-03-26 07:00:00,4317.590470760625,4116.188271395851,3546.444809218801
forecast_2024,2025-03-26 08:00:00,3989.325249154519,3828.524795289695,3517.860065031889
forecast_2025,2025-03-26 09:00:00,3872.293138724394,3879.118742849392,3436.6856325638764
forecast_2026,2025-03-26 10:00:00,3879.015738059034,3762.8968605031855,3426.010662492264
forecast_2027,2025-03-26 11:00:00,3848.30725617073,3736.8151091551695,3387.667369272516
forecast_2028,2025-03-26 12:00:00,3846.855463606551,3748.61394821026,3375.5469846317724
forecast_2029,2025-03-26 13:00:00,3829.564726587862,3775.85327407933,3374.215724715232
forecast_2030,2025-03-26 14:00:00,3918.767166272635,3875.570309300933,3421.0072929686744
forecast_2031,2025-03-26 15:00:00,4006.7332729750624,3951.102359617597,3411.1805381078425
forecast_2032,2025-03-26 16:00:00,4028.987362716184,3968.901269254392,3431.340118928469
forecast_2033,2025-03-26 17:00:00,3524.88183165557,4148.7245984126,3514.293038900504
forecast_2034,2025-03-26 18:00:00,5799.212660075813,6528.192528501915,3700.6863295034536
forecast_2035,2025-03-26 19:00:00,7099.52494951324,8284.033166324907,3736.947681923929
forecast_2036,2025-03-26 20:00:00,8349.14406537409,9489.229548243671,6338.933723512863
forecast_2037,2025-03-26 21:00:00,8801.038695831729,10779.802816362197,8532.279466840233
forecast_2038,2025-03-26 22:00:00,12198.76198790277,13784.373172522062,14833.65122012702
forecast_2039,2025-03-26 23:00:00,14389.79496125518,15740.29012038886,16369.976790750825
forecast_2040,2025-03-27 00:00:00,15772.909679951694,17610.724886051885,17218.88104430487
forecast_2041,2025-03-27 01:00:00,16998.44240338541,18291.915174844027,16774.926623098127
forecast_2042,2025-03-27 02:00:00,17189.80788524863,18292.249115414743,16582.67701648302
forecast_2043,2025-03-27 03:00:00,15964.56993036004,17327.725887259174,16461.909152242657
forecast_2044,2025-03-27 04:00:00,15837.772600450173,16883.299241742265,16143.136798964806
forecast_2045,2025-03-27 05:00:00,14722.338584570967,15914.553286183853,15301.410434114
forecast_2046,2025-03-27 06:00:00,13893.112002723754,14254.732224484942,13661.63868669092
forecast_2047,2025-03-27 07:00:00,12955.43945301852,13727.61121712866,12942.45481077579
forecast_2048,2025-03-27 08:00:00,13342.34728990191,13726.750663828392,11683.201976561544
forecast_2049,2025-03-27 09:00:00,12130.224124296976,13017.353359527222,12212.210209188906
forecast_2050,2025-03-27 10:00:00,11138.939949058828,12028.090644317175,10831.373620041595
forecast_2051,2025-03-27 11:00:00,10532.869727649377,11193.290377235991,10358.7545746447
forecast_2052,2025-03-27 12:00:00,10372.96471410898,10688.75406104127,8499.328583325283
forecast_2053,2025-03-27 13:00:00,9106.490822654476,9056.101349568367,7294.818026114485
forecast_2054,2025-03-27 14:00:00,9043.763711420175,8754.020679940684,8573.1622793124
forecast_2055,2025-03-27 15:00:00,8554.01515241005,8554.884520301302,8100.76007126504
forecast_2056,2025-03-27 16:00:00,8534.8997897851,7828.126119505197,5562.083172680302
forecast_2057,2025-03-27 17:00:00,7906.441147413504,7241.865134363765,5197.348211287938
forecast_2058,2025-03-27 18:00:00,8640.632341432225,8497.381661862291,6504.833558197609
forecast_2059,2025-03-27 19:00:00,8435.768683525263,8447.834874172146,5893.8751724807735
forecast_2060,2025-03-27 20:00:00,9079.05232479429,8966.260711833453,7239.946886473295
forecast_2061,2025-03-27 21:00:00,9725.074006386014,9704.648240959952,8303.705624972543
forecast_2062,2025-03-27 22:00:00,10129.333414739103,10304.782882357904,8736.7408138708
forecast_2063,2025-03-27 23:00:00,9333.548572190142,9391.671392251952,9091.866020975933
forecast_2064,2025-03-28 00:00:00,8422.60646432453,8646.759428689871,7204.934767326574
forecast_2065,2025-03-28 01:00:00,4023.80536524085,4017.570047356328,3468.1110053694288
forecast_2066,2025-03-28 02:00:00,4063.344820566093,4109.849790425746,3569.7024128916587
forecast_2067,2025-03-28 03:00:00,3912.519673688617,3904.5119233855016,3425.804875809815
forecast_2068,2025-03-28 04:00:00,3921.9140858367455,3844.0131509704174,3444.699380359359
forecast_2069,2025-03-28 05:00:00,3850.2134186660737,3789.8926374879375,3446.2149897433164
forecast_2070,2025-03-28 06:00:00,3731.411141429609,3671.613145624198,3383.459341462048
forecast_2071,2025-03-28 07:00:00,3743.304693269084,3697.248528140756,3394.1569723595035
forecast_2072,2025-03-28 08:00:00,3725.118364882133,3648.888477207773,3388.362958790383
forecast_2073,2025-03-28 09:00:00,3724.1983659906127,3654.25240484501,3415.80767460467
forecast_2074,2025-03-28 10:00:00,3757.583099909249,3678.612115571141,3456.405654925169
forecast_2075,2025-03-28 11:00:00,3765.106990651898,3698.160060438431,3443.088144953686
forecast_2076,2025-03-28 12:00:00,3787.075565484578,3692.691257227283,3477.0120925153874
forecast_2077,2025-03-28 13:00:00,3781.3402537519,3678.5156051490326,3414.645376447974
forecast_2078,2025-03-28 14:00:00,3756.318667440311,3673.027893657999,3458.248625561922
forecast_2079,2025-03-28 15:00:00,3775.3165369286776,3690.645612522964,3418.3171995718694
forecast_2080,2025-03-28 16:00:00,3829.6036164014495,3797.247465247832,3393.571110152256
forecast_2081,2025-03-28 17:00:00,3835.169912337945,3750.0090935206754,3386.7465136998817
forecast_2082,2025-03-28 18:00:00,3986.725400342024,3847.295951935912,3492.2125907566606
forecast_2083,2025-03-28 19:00:00,4137.269502178443,4124.696890374154,3634.832890178931
forecast_2084,2025-03-28 20:00:00,5481.489530712719,5865.133935373289,3689.661827705276
forecast_2085,2025-03-28 21:00:00,5918.489325531857,7429.619819069544,3745.1184385783754
forecast_2086,2025-03-28 22:00:00,5720.721017191086,7214.569431660396,3632.142172077751
forecast_2087,2025-03-28 23:00:00,5078.092210616263,5880.426392782385,5450.163139074028
forecast_2088,2025-03-29 00:00:00,4747.12979350732,4970.704763187093,3612.8798190595912
forecast_2089,2025-03-29 01:00:00,3814.339101930336,3691.707443558188,3369.1387268648286
forecast_2090,2025-03-29 02:00:00,3792.4459463772746,3712.107778341993,3366.507823001056
forecast_2091,2025-03-29 03:00:00,3773.479785068817,3693.242524209734,3369.306730170249
forecast_2092,2025-03-29 04:00:00,3981.865827675945,3851.447545697165,3381.031612562983
forecast_2093,2025-03-29 05:00:00,4242.075421486972,3966.59404489876,3436.9106875828256
forecast_2094,2025-03-29 06:00:00,4936.534825772315,4255.461283681162,3584.2129678741308
forecast_2095,2025-03-29 07:00:00,4691.521581275148,4251.362669165784,3663.306560671101
forecast_2096,2025-03-29 08:00:00,5157.129102479675,5924.370685118966,5404.670097823192
forecast_2097,2025-03-29 09:00:00,5644.985321959518,5559.582350574588,5055.6155440545135
forecast_2098,2025-03-29 10:00:00,7832.142671916489,6840.564717845317,6528.971635763299
forecast_2099,2025-03-29 11:00:00,9321.92644018016,8438.91154323891,7694.956777679797
forecast_2100,2025-03-29 12:00:00,10820.967957492829,10139.156504627568,8990.019375791444
forecast_2101,2025-03-29 13:00:00,12599.326081191735,12025.363938230854,10605.662736788136
forecast_2102,2025-03-29 14:00:00,13529.96338006869,13127.452132315988,11287.766919929518
forecast_2103,2025-03-29 15:00:00,13663.598858823822,13294.140074725108,10276.174717440575
forecast_2104,2025-03-29 16:00:00,14196.316132983002,14228.615549927636,12363.319602309411
forecast_2105,2025-03-29 17:00:00,13359.798563686909,12957.712264914704,9988.68385064105
forecast_2106,2025-03-29 18:00:00,13108.564656454308,12914.757112348032,9718.051383013108
forecast_2107,2025-03-29 19:00:00,12869.164458784164,12411.985774984989,9426.475098136078
forecast_2108,2025-03-29 20:00:00,12924.828188556408,12116.233627983198,9762.22803412343
forecast_2109,2025-03-29 21:00:00,13168.182888957392,12237.687625059349,9556.318535387116
forecast_2110,2025-03-29 22:00:00,13173.785898532804,11909.626463239423,9096.204413823443
forecast_2111,2025-03-29 23:00:00,12963.32810707078,11839.191979412377,8012.1688815860125
forecast_2112,2025-03-30 00:00:00,12870.7564744004,11844.88553024858,8375.740398282076
forecast_2113,2025-03-30 01:00:00,12816.15024083938,11774.5777072473,8000.010521078847
forecast_2114,2025-03-30 02:00:00,12334.82855516354,11350.256275543772,7880.159103074304
forecast_2115,2025-03-30 03:00:00,12104.766084322626,10842.873927233642,7591.279222658754
forecast_2116,2025-03-30 04:00:00,11793.650620576986,10503.96615700942,7384.571260980813
forecast_2117,2025-03-30 05:00:00,11307.411034037366,9970.492108720726,7264.519250460021
forecast_2118,2025-03-30 06:00:00,10627.488237300737,9689.651838559828,6936.962239742611
forecast_2119,2025-03-30 07:00:00,10383.272826030014,9495.604381423573,5571.0867662247865
forecast_2120,2025-03-30 08:00:00,9914.226873305752,9039.918696351891,5185.761176364571
forecast_2121,2025-03-30 09:00:00,9806.38491531506,8778.342110692869,5494.52323862829
forecast_2122,2025-03-30 10:00:00,10008.285468484748,8634.451259695075,5687.219717084506
forecast_2123,2025-03-30 11:00:00,10082.252023363884,8559.842647877447,5442.963320187321
forecast_2124,2025-03-30 12:00:00,10104.999611069352,8650.550797171485,5643.099959927258
forecast_2125,2025-03-30 13:00:00,9948.009483791382,8807.913418031956,6698.193075134275
forecast_2126,2025-03-30 14:00:00,9743.687263312926,8682.702756545388,5865.004478753232
forecast_2127,2025-03-30 15:00:00,8897.474422939988,8581.806185878955,5552.941464229914
forecast_2128,2025-03-30 16:00:00,7491.800154452404,7515.288024440217,4635.219239545887
forecast_2129,2025-03-30 17:00:00,7214.117499100871,7394.105963898833,4398.642677892459
forecast_2130,2025-03-30 18:00:00,7203.985622557894,7612.917537018635,4442.976543038761
forecast_2131,2025-03-30 19:00:00,8198.310722194443,8728.695798855018,4754.686022768276
forecast_2132,2025-03-30 20:00:00,8795.137104144587,9387.995473773242,5548.687972853515
forecast_2133,2025-03-30 21:00:00,8904.925153812723,10235.87610451694,5688.960978173692
forecast_2134,2025-03-30 22:00:00,9484.134438002951,11754.542981452543,8685.519860575705
forecast_2135,2025-03-30 23:00:00,10289.859912610103,12722.930623271071,10636.372552698782
forecast_2136,2025-03-31 00:00:00,11609.725352769745,13569.807055090358,10783.205560973774
forecast_2137,2025-03-31 01:00:00,15606.151409192908,16171.10344776834,12169.94749661834
forecast_2138,2025-03-31 02:00:00,16000.832251824764,16537.901146217944,12844.89876315361
forecast_2139,2025-03-31 03:00:00,16102.18329192459,16400.495852146778,13188.790268887553
forecast_2140,2025-03-31 04:00:00,15545.852907376651,16542.16788474515,12788.313859796966
forecast_2141,2025-03-31 05:00:00,14454.371591368554,15650.509144807616,11604.143728870722
forecast_2142,2025-03-31 06:00:00,13555.05649984958,15352.57384143249,11506.172262599026
forecast_2143,2025-03-31 07:00:00,8630.024844491225,11456.364257474715,6550.15719776121
forecast_2144,2025-03-31 08:00:00,7165.785265982024,8981.627959214777,5461.202993533668
forecast_2145,2025-03-31 09:00:00,4762.557336462747,5405.56893712155,3776.1879017222063
forecast_2146,2025-03-31 10:00:00,3648.0005220039134,3830.532502745539,3530.824528336514
forecast_2147,2025-03-31 11:00:00,3650.787385666883,3842.862724904877,3589.8709860381377
forecast_2148,2025-03-31 12:00:00,3804.575665804704,3947.874366204529,3777.994701508703
forecast_2149,2025-03-31 13:00:00,4145.729103529771,4079.040114927936,3609.63156186663
forecast_2150,2025-03-31 14:00:00,4602.396536066129,4174.1633223859735,3510.5779423758963
forecast_2151,2025-03-31 15:00:00,5143.607190028608,4661.236471002681,3871.250210680421
forecast_2152,2025-03-31 16:00:00,5036.6755355581245,4778.760161559851,3676.373270836824
forecast_2153,2025-03-31 17:00:00,5492.964554728495,5304.57234006731,3994.753617903493
forecast_2154,2025-03-31 18:00:00,6694.462684394534,6300.903406601003,5323.418308503765
forecast_2155,2025-03-31 19:00:00,8502.311340868406,8044.823203463615,6792.014483310052
forecast_2156,2025-03-31 20:00:00,10527.980787919654,9689.486417264025,8313.763879779766
forecast_2157,2025-03-31 21:00:00,11287.870904284597,11276.318877761883,8978.726323469862
forecast_2158,2025-03-31 22:00:00,12596.076746253351,12867.844474863025,9386.414265651478
forecast_2159,2025-03-31 23:00:00,12535.399488599733,12094.884132751542,9576.46279149308
forecast_2160,2025-04-01 00:00:00,12525.499233721446,11247.032742388965,8900.715265894505
forecast_2161,2025-04-01 01:00:00,9046.592401531285,8391.798575642933,6879.832406686522
forecast_2162,2025-04-01 02:00:00,8585.213421454639,8363.655705845296,6852.80840456488
forecast_2163,2025-04-01 03:00:00,7771.685490765141,8044.384331575578,6239.665124058229
forecast_2164,2025-04-01 04:00:00,6142.27609258788,6869.069230910351,5752.80400900844
forecast_2165,2025-04-01 05:00:00,5078.208315514015,5359.976720163238,4816.301981687173
forecast_2166,2025-04-01 06:00:00,4456.75447434012,4141.717265660937,3758.9451792744057
forecast_2167,2025-04-01 07:00:00,4131.847668113809,3991.3596976775902,3433.245314820128
forecast_2168,2025-04-01 08:00:00,3832.1817051463927,3772.8855101519102,3436.613157938282
forecast_2169,2025-04-01 09:00:00,3744.115451375109,3694.680203847041,3368.397480568342
forecast_2170,2025-04-01 10:00:00,3714.405670267914,3622.088771191331,3368.5385129462534
forecast_2171,2025-04-01 11:00:00,3706.146724941671,3621.939580814478,3363.3293013652574
forecast_2172,2025-04-01 12:00:00,3708.301318685526,3619.515906467479,3363.0887567815157
forecast_2173,2025-04-01 13:00:00,3705.605840338741,3622.3709225788034,3363.237501611991
forecast_2174,2025-04-01 14:00:00,3711.839545428777,3633.9323113671903,3367.404022892057
forecast_2175,2025-04-01 15:00:00,3717.638095713182,3646.5949197793816,3366.767874421438
forecast_2176,2025-04-01 16:00:00,3728.325572501322,3663.4158915045286,3399.045336708861
forecast_2177,2025-04-01 17:00:00,3730.233533736118,3667.998838297476,3417.0055760288847
forecast_2178,2025-04-01 18:00:00,3762.553280690381,3678.914555321984,3393.891002862872
forecast_2179,2025-04-01 19:00:00,3867.117505069295,3718.3713944948536,3441.2466887631663
forecast_2180,2025-04-01 20:00:00,3843.270236901616,3717.31792729138,3376.965463801196
forecast_2181,2025-04-01 21:00:00,3805.5447601975297,3719.770447939328,3382.9711824955625
forecast_2182,2025-04-01 22:00:00,3816.750507956512,3749.45856011536,3375.0053198423466
forecast_2183,2025-04-01 23:00:00,3799.012552594739,3782.760289988032,3370.2989844517065
forecast_2184,2025-04-02 00:00:00,3785.057873843363,3758.7126179652014,3367.4595140490947
forecast_2185,2025-04-02 01:00:00,3763.495505887812,3692.8615322619953,3362.914571755863
forecast_2186,2025-04-02 02:00:00,3747.969182239213,3689.11445731484,3361.80309317582
forecast_2187,2025-04-02 03:00:00,3730.42706279665,3664.1904118422513,3362.920468692058
forecast_2188,2025-04-02 04:00:00,3735.7293470436025,3668.6460851082047,3362.943239073437
forecast_2189,2025-04-02 05:00:00,3718.689121332964,3663.322696594678,3362.431025386787
forecast_2190,2025-04-02 06:00:00,3718.0272205998263,3662.121136394997,3362.0580072751877
forecast_2191,2025-04-02 07:00:00,3719.694326543573,3669.623153160417,3361.446540121003
forecast_2192,2025-04-02 08:00:00,3713.9872391087406,3646.6750767795393,3360.9876268839407
forecast_2193,2025-04-02 09:00:00,3711.1367497509623,3649.669791032418,3362.677121790679
forecast_2194,2025-04-02 10:00:00,3714.221528515711,3645.6186586287567,3362.79040260312
forecast_2195,2025-04-02 11:00:00,3738.131502497428,3668.014886536661,3382.218807474406
forecast_2196,2025-04-02 12:00:00,3728.086254506824,3667.189975332974,3374.2412822310757
forecast_2197,2025-04-02 13:00:00,3740.443596976263,3697.23149832472,3373.1605530580464
forecast_2198,2025-04-02 14:00:00,3755.527245972864,3744.174406797076,3431.6855453186645
forecast_2199,2025-04-02 15:00:00,3798.88346782924,3836.699536585486,3632.151782744746
forecast_2200,2025-04-02 16:00:00,3797.5667235641545,3797.158353485547,3474.0502633224087
forecast_2201,2025-04-02 17:00:00,3768.369510717391,3753.059890267769,3405.217197119433
forecast_2202,2025-04-02 18:00:00,3810.888118088561,3777.858056991277,3469.3075589586383
forecast_2203,2025-04-02 19:00:00,3747.5856159224713,3664.2118350589662,3368.5724073832657
forecast_2204,2025-04-02 20:00:00,3754.7506148280895,3652.54536913192,3376.3705942294164
forecast_2205,2025-04-02 21:00:00,3750.2964398158106,3646.907299501991,3371.2082842722334
forecast_2206,2025-04-02 22:00:00,3815.79735857559,3716.910344512241,3415.424945434226
forecast_2207,2025-04-02 23:00:00,3966.565651440343,3839.852525098759,3473.205832947438
forecast_2208,2025-04-03 00:00:00,3999.46369580862,3858.380748885786,3543.991415262913
forecast_2209,2025-04-03 01:00:00,3871.6048344603705,3833.211398615524,3403.678488706685
forecast_2210,2025-04-03 02:00:00,3860.029690032088,3884.492970964186,3456.1378447930683
forecast_2211,2025-04-03 03:00:00,3864.9316427188014,3854.740817198607,3477.2258637896384
forecast_2212,2025-04-03 04:00:00,3847.271093322902,3778.627748100252,3538.22340686437
forecast_2213,2025-04-03 05:00:00,3833.428307772284,3796.6280381446927,3463.5137144435894
forecast_2214,2025-04-03 06:00:00,3852.2552699332505,3810.690508246879,3502.162399036514
forecast_2215,2025-04-03 07:00:00,3852.423952916993,3851.906777564463,3429.9885334355245
forecast_2216,2025-04-03 08:00:00,3830.5575817561134,3832.749602738385,3424.0454390617783
forecast_2217,2025-04-03 09:00:00,3754.399342237079,3741.742919373752,3389.291708683391
forecast_2218,2025-04-03 10:00:00,3727.550295320976,3660.217618215461,3380.1582620393565
forecast_2219,2025-04-03 11:00:00,3715.142892661392,3648.061813246889,3382.032837128856
forecast_2220,2025-04-03 12:00:00,3710.351868908244,3637.5308454651154,3366.851407205096
forecast_2221,2025-04-03 13:00:00,3709.397423386626,3632.809658168875,3366.192435940737
forecast_2222,2025-04-03 14:00:00,3709.200945712512,3631.5365485129023,3366.8152322328906
forecast_2223,2025-04-03 15:00:00,3707.888967019068,3629.077435894635,3365.5592191939018
forecast_2224,2025-04-03 16:00:00,3705.9479130117857,3620.761959449436,3365.2436629919707
forecast_2225,2025-04-03 17:00:00,3707.730687021283,3623.5286180143935,3363.8325734842524
forecast_2226,2025-04-03 18:00:00,3710.271005546799,3620.7329378835143,3362.227278731403
forecast_2227,2025-04-03 19:00:00,3723.314477231074,3632.943881877169,3368.1285078942087
forecast_2228,2025-04-03 20:00:00,3834.8987830970095,3724.8462174940414,3445.608804701874
forecast_2229,2025-04-03 21:00:00,3830.470628084996,3795.327658973037,3448.60944972977
forecast_2230,2025-04-03 22:00:00,3897.072956686925,3925.225197245124,3412.2679226737405
forecast_2231,2025-04-03 23:00:00,4026.655103429218,4032.9536885015546,3505.522876317518
forecast_2232,2025-04-04 00:00:00,4143.121400874628,4597.329570513037,3660.8600295434144
forecast_2233,2025-04-04 01:00:00,5412.582316640611,5498.819063049838,4968.653338606973
forecast_2234,2025-04-04 02:00:00,6342.558530931589,6179.204523230264,4991.236747612321
forecast_2235,2025-04-04 03:00:00,6738.827369372209,6432.7736948718975,5491.923999703377
forecast_2236,2025-04-04 04:00:00,8339.477359799945,7766.3853068270655,6299.907734877921
forecast_2237,2025-04-04 05:00:00,9362.507455958554,9045.865376261614,7343.495485130665
forecast_2238,2025-04-04 06:00:00,9311.15681381719,9133.64639712385,7076.152253629783
forecast_2239,2025-04-04 07:00:00,7115.697957121569,7530.059701893437,5248.330505036422
forecast_2240,2025-04-04 08:00:00,5675.606709051898,6315.417951329075,4462.775962472088
forecast_2241,2025-04-04 09:00:00,4123.036517492076,4161.586312317065,3527.450233283134
forecast_2242,2025-04-04 10:00:00,3846.992057536008,3764.439230256415,3394.2094597772257
forecast_2243,2025-04-04 11:00:00,3782.65487039506,3699.4709361772175,3389.319805361793
forecast_2244,2025-04-04 12:00:00,3761.775124574915,3664.832371476933,3385.745569314985
forecast_2245,2025-04-04 13:00:00,3751.138023379425,3649.978898434271,3386.064683876097
forecast_2246,2025-04-04 14:00:00,3736.473632579119,3636.2787447507785,3367.9697687915323
forecast_2247,2025-04-04 15:00:00,3776.628191029407,3678.001032810361,3376.069749754341
forecast_2248,2025-04-04 16:00:00,3908.013698900184,3753.083859413073,3442.959987713831
forecast_2249,2025-04-04 17:00:00,3055.18654187838,3655.550684612748,3445.358859386713
forecast_2250,2025-04-04 18:00:00,4037.572247217683,3890.6016730800056,3444.4915190331794
forecast_2251,2025-04-04 19:00:00,3570.8666084630363,3836.78331572019,3461.911494172489
forecast_2252,2025-04-04 20:00:00,3895.037554273368,3949.2907898759354,3586.4568658088306
forecast_2253,2025-04-04 21:00:00,4092.531210735446,3993.064204974679,3607.466342612309
forecast_2254,2025-04-04 22:00:00,4109.987922990595,4339.275761093053,3569.8971151121227
forecast_2255,2025-04-04 23:00:00,5227.043815111718,5498.40072791006,4025.2173055506382
forecast_2256,2025-04-05 00:00:00,5362.148687237167,6020.523179172316,4441.816805933156
forecast_2257,2025-04-05 01:00:00,6747.558619694858,7795.308046715869,4593.126780572742
forecast_2258,2025-04-05 02:00:00,6594.021090870254,8072.040222026614,5323.84318925875
forecast_2259,2025-04-05 03:00:00,6540.860513220047,8128.10746914108,5498.723808493365
forecast_2260,2025-04-05 04:00:00,7501.575793574166,9410.70296567578,6048.240638144354
forecast_2261,2025-04-05 05:00:00,6037.470958711404,8085.523068804912,5791.524297709459
forecast_2262,2025-04-05 06:00:00,6479.110391424009,8208.4385430172,6109.996887852555
forecast_2263,2025-04-05 07:00:00,4879.665763207388,6710.813612927822,3644.9337315342113
forecast_2264,2025-04-05 08:00:00,4124.16572978693,4125.999938706112,3634.904150176036
forecast_2265,2025-04-05 09:00:00,3965.2024565664974,4101.266803251986,3569.543394750441
forecast_2266,2025-04-05 10:00:00,3893.123794803827,3876.0908667352633,3571.201033372968
forecast_2267,2025-04-05 11:00:00,4018.2220751235527,4001.440233239653,7114.35890493558
forecast_2268,2025-04-05 12:00:00,7889.684121264844,8049.084480471224,8774.593604737
forecast_2269,2025-04-05 13:00:00,10273.641101165193,10472.79884024406,13397.902211941651
forecast_2270,2025-04-05 14:00:00,11656.836696814247,12191.94110684074,15008.797277306
forecast_2271,2025-04-05 15:00:00,12274.344636955726,13138.2681161765,15230.557192541311
forecast_2272,2025-04-05 16:00:00,13106.223058081796,14376.091382342322,15380.375999109348
forecast_2273,2025-04-05 17:00:00,14246.81959890569,15332.41222936824,15573.21593452163
forecast_2274,2025-04-05 18:00:00,16257.394738873809,16654.663517398512,15822.16759478786
forecast_2275,2025-04-05 19:00:00,16375.364665624506,16271.25110458507,15289.34596358132
forecast_2276,2025-04-05 20:00:00,16104.568271808352,16128.402105200475,15081.65942673164
forecast_2277,2025-04-05 21:00:00,15939.663752131044,15799.611726201323,14570.738673450847
forecast_2278,2025-04-05 22:00:00,15617.772511524894,16183.15161063986,14374.331538422924
forecast_2279,2025-04-05 23:00:00,15494.160349901824,16402.251320940726,13897.8518537499
forecast_2280,2025-04-06 00:00:00,15703.46403282554,16723.94172558131,13719.60425140552
forecast_2281,2025-04-06 01:00:00,16311.693514945417,16697.84199816957,13337.50455295588
forecast_2282,2025-04-06 02:00:00,15933.688413177006,16505.82378771066,13482.378034323652
forecast_2283,2025-04-06 03:00:00,15934.26040645609,16241.262062150918,13721.986226785122
forecast_2284,2025-04-06 04:00:00,15201.082388691722,15627.471484761909,13394.754406722486
forecast_2285,2025-04-06 05:00:00,15625.417962366091,15679.617811711418,13197.774545257702
forecast_2286,2025-04-06 06:00:00,15073.998273385076,15433.537484089306,12702.94107792372
forecast_2287,2025-04-06 07:00:00,15894.833556124877,15704.722407681484,12510.07169107242
forecast_2288,2025-04-06 08:00:00,15894.580483421698,16066.436552860676,12475.306749588835
forecast_2289,2025-04-06 09:00:00,15032.716261565778,14983.393349626482,11715.11130117003
forecast_2290,2025-04-06 10:00:00,13802.862874166529,13629.71422563389,10947.653455599817
forecast_2291,2025-04-06 11:00:00,13880.772654227152,13200.664226750763,10005.167257963956
forecast_2292,2025-04-06 12:00:00,13464.739748869844,13046.810344981455,9937.65327603801
forecast_2293,2025-04-06 13:00:00,14000.441761651007,13389.329413244095,11215.024473870995
forecast_2294,2025-04-06 14:00:00,14066.748908597652,13488.95061326184,12171.819067268369
forecast_2295,2025-04-06 15:00:00,14299.247765270018,13513.641930816018,11134.450116432266
forecast_2296,2025-04-06 16:00:00,13927.913049880692,13282.33031446583,12035.793946529902
forecast_2297,2025-04-06 17:00:00,14093.466454413796,13484.142082217231,12274.53770263126
forecast_2298,2025-04-06 18:00:00,13801.78812948407,13339.810149895113,11236.960519907489
forecast_2299,2025-04-06 19:00:00,13873.083850284464,13018.542575600251,11897.445927525578
forecast_2300,2025-04-06 20:00:00,13981.338210641476,13036.259586534456,11379.699788425698
forecast_2301,2025-04-06 21:00:00,14430.262621238697,13486.520812192002,11635.060128333713
forecast_2302,2025-04-06 22:00:00,14999.07762552134,13948.96967177348,12030.111569315211
forecast_2303,2025-04-06 23:00:00,14917.19392762882,13935.16768625868,12078.124676851432
forecast_2304,2025-04-07 00:00:00,14535.05063559642,13643.2228030746,12342.852800449957
forecast_2305,2025-04-07 01:00:00,15487.154341641051,14824.001530382538,13098.897586396994
forecast_2306,2025-04-07 02:00:00,15207.944284021947,15032.132097043086,13338.08703648284
forecast_2307,2025-04-07 03:00:00,14998.34291800009,14965.483083409446,13370.829598552553
forecast_2308,2025-04-07 04:00:00,14766.945824732453,14850.133448887262,13663.628188238112
forecast_2309,2025-04-07 05:00:00,15108.218353105556,15621.41022953695,14023.404129379764
forecast_2310,2025-04-07 06:00:00,14522.804562049016,15091.855670103238,13823.5285805677
forecast_2311,2025-04-07 07:00:00,13590.29121659639,14395.96216340156,13309.625166925554
forecast_2312,2025-04-07 08:00:00,13277.673551366195,14229.91661552238,12935.391266740346
forecast_2313,2025-04-07 09:00:00,12896.273123443294,12867.365238145723,13104.890528968906
forecast_2314,2025-04-07 10:00:00,11646.058264420402,11739.106812784748,13405.23870883612
forecast_2315,2025-04-07 11:00:00,10827.07210082512,10349.78496900192,13986.179522749972
forecast_2316,2025-04-07 12:00:00,10687.153976601916,9744.886347042318,14273.853145333507
forecast_2317,2025-04-07 13:00:00,11514.637922571756,9941.601876352488,14323.475107416498
forecast_2318,2025-04-07 14:00:00,12191.531799137909,10962.610794933513,15182.218468222783
forecast_2319,2025-04-07 15:00:00,13145.355900158522,12456.232912964904,15922.377674061603
forecast_2320,2025-04-07 16:00:00,14701.98865075816,14461.996431852058,16688.191277480324
forecast_2321,2025-04-07 17:00:00,15955.370934539513,16112.16987361818,17188.865104227396
forecast_2322,2025-04-07 18:00:00,17015.22542958432,17551.21527117756,17591.252618009163
forecast_2323,2025-04-07 19:00:00,18367.3150693281,18711.307344433368,17872.843022285997
forecast_2324,2025-04-07 20:00:00,19226.702705237,19584.34030056603,18472.5556166689
forecast_2325,2025-04-07 21:00:00,19454.66489460352,19757.930175990885,18596.312570224414
forecast_2326,2025-04-07 22:00:00,19655.46687473575,20107.70446630189,18960.38440087556
forecast_2327,2025-04-07 23:00:00,19613.39467302298,19858.61300676728,18811.53429046964
forecast_2328,2025-04-08 00:00:00,19579.424656463023,19848.98656276156,18780.57054822871
forecast_2329,2025-04-08 01:00:00,19329.791005429302,19844.613993480256,18598.64088509181
forecast_2330,2025-04-08 02:00:00,19397.717672297626,19743.940938988588,18600.1744497691
forecast_2331,2025-04-08 03:00:00,19939.846034823782,19770.381005383068,18190.014759517817
forecast_2332,2025-04-08 04:00:00,20255.416304179387,20061.379889752512,18086.537084765
forecast_2333,2025-04-08 05:00:00,19990.35914223896,19776.38363197012,17245.28888034386
forecast_2334,2025-04-08 06:00:00,19444.970551564747,19272.06450079245,15980.94635479835
forecast_2335,2025-04-08 07:00:00,18804.34582878628,18141.03907694374,15006.896484584138
forecast_2336,2025-04-08 08:00:00,17927.802221138823,17062.91698653527,13446.92814802381
forecast_2337,2025-04-08 09:00:00,16524.445176191384,15416.197436544962,12329.781244352793
forecast_2338,2025-04-08 10:00:00,14638.597774514055,13831.809821654722,11665.257254775066
forecast_2339,2025-04-08 11:00:00,13294.462355850865,12342.27005342261,9921.883855298243
forecast_2340,2025-04-08 12:00:00,12706.195925224203,11732.65294590598,9470.249818460665
forecast_2341,2025-04-08 13:00:00,12238.196075012347,10813.538212429845,8912.460838061
forecast_2342,2025-04-08 14:00:00,11080.073134681852,9124.718361295512,7851.137808231492
forecast_2343,2025-04-08 15:00:00,8821.887885648403,6574.278869700017,7059.558613780832
forecast_2344,2025-04-08 16:00:00,4613.309781097085,4160.340838050903,4444.161314309382
forecast_2345,2025-04-08 17:00:00,3486.611281964273,3923.673510134354,3620.4618200326713
forecast_2346,2025-04-08 18:00:00,4055.608570193469,3883.499500487679,3421.360077999793
forecast_2347,2025-04-08 19:00:00,4029.217645557814,3774.999638837916,3415.9642832167733
forecast_2348,2025-04-08 20:00:00,3807.1419775823497,3669.8552302653175,3370.1099890373293
forecast_2349,2025-04-08 21:00:00,3824.146379262268,3723.176613994477,3371.114043618768
forecast_2350,2025-04-08 22:00:00,3836.604857796982,3819.101102708314,3378.790787952173
forecast_2351,2025-04-08 23:00:00,3823.518483390397,3762.162397814552,3375.4337842515124
forecast_2352,2025-04-09 00:00:00,3799.9145756277967,3748.983540493037,3378.6795684566923
forecast_2353,2025-04-09 01:00:00,3813.302602630093,3759.609946371004,3374.935775320432
forecast_2354,2025-04-09 02:00:00,3820.0519385449575,3732.182687202263,3372.3953205130774
forecast_2355,2025-04-09 03:00:00,3812.150579155201,3734.4792351625447,3372.6317871220986
forecast_2356,2025-04-09 04:00:00,3876.7388373755216,3724.422567039792,3380.141443207463
forecast_2357,2025-04-09 05:00:00,3881.7858596773535,3764.079106704489,3379.915065486024
forecast_2358,2025-04-09 06:00:00,3832.899277418844,3793.587275353245,3377.441728685547
forecast_2359,2025-04-09 07:00:00,3857.1307498454576,3833.757553376135,3399.333375080119
forecast_2360,2025-04-09 08:00:00,3866.3404990251,3861.523245717591,3407.4530005931674
forecast_2361,2025-04-09 09:00:00,3855.071058075173,3823.544577125639,3386.124177676317
forecast_2362,2025-04-09 10:00:00,3876.1792090681374,3852.543950093392,3398.3379176062326
forecast_2363,2025-04-09 11:00:00,3880.0657508007816,3846.4722909532406,3431.907499346837
forecast_2364,2025-04-09 12:00:00,4020.36067091454,4042.3800619388408,3688.414911144891
forecast_2365,2025-04-09 13:00:00,3983.748938471577,4020.8632231133774,4517.790996409198
forecast_2366,2025-04-09 14:00:00,4132.216955177323,4770.015570835459,5208.533640251563
forecast_2367,2025-04-09 15:00:00,4707.583624521957,5032.983097006126,5387.79220238956
forecast_2368,2025-04-09 16:00:00,5891.3646768179415,5822.397597283103,5816.053799994995
forecast_2369,2025-04-09 17:00:00,6522.611059790116,6334.645942503026,3769.659817835765
forecast_2370,2025-04-09 18:00:00,6358.127186130248,6363.625112785918,3654.1624789182206
forecast_2371,2025-04-09 19:00:00,5097.251975072407,5008.003351880926,3577.374097990203
forecast_2372,2025-04-09 20:00:00,5241.885034358681,5437.1706441193055,3509.333978236846
forecast_2373,2025-04-09 21:00:00,5679.158595499825,6661.029097788304,3536.877584971439
forecast_2374,2025-04-09 22:00:00,6652.242637884758,8299.51796591565,5738.533289561733
forecast_2375,2025-04-09 23:00:00,6374.44308210259,8031.328123920595,5760.001964727711
forecast_2376,2025-04-10 00:00:00,7334.327749122355,9121.596497454895,6187.116339357911
forecast_2377,2025-04-10 01:00:00,7388.424668246684,9163.405778734088,5967.297511139209
forecast_2378,2025-04-10 02:00:00,7897.601617345391,9121.630390570854,6658.841395067548
forecast_2379,2025-04-10 03:00:00,7550.526476319389,8368.525460076524,3740.654069847011
forecast_2380,2025-04-10 04:00:00,6771.397292333066,7015.706061503089,3727.4106470714514
forecast_2381,2025-04-10 05:00:00,6217.5561344749885,6205.392546181824,3770.388898587736
forecast_2382,2025-04-10 06:00:00,4781.054758746521,4258.291460981704,3756.079971330108
forecast_2383,2025-04-10 07:00:00,4106.607930647001,4008.314565791705,3700.7252432621194
forecast_2384,2025-04-10 08:00:00,4068.14298943591,3926.738391170776,3735.223527193646
forecast_2385,2025-04-10 09:00:00,3756.7342619564297,4020.863593338908,3609.991398294405
forecast_2386,2025-04-10 10:00:00,3846.122222598917,4088.9416420046,3734.870279985272
forecast_2387,2025-04-10 11:00:00,3505.3900085603555,3944.5394650562985,3725.73383943144
forecast_2388,2025-04-10 12:00:00,3451.047384013203,3949.995342681144,3571.252379128255
forecast_2389,2025-04-10 13:00:00,3525.000549904961,3879.203611515325,3575.538327658472
forecast_2390,2025-04-10 14:00:00,3888.700202719488,3840.226003061156,3436.2592363203103
forecast_2391,2025-04-10 15:00:00,3952.50238316725,3956.579267573405,3630.98720926068
forecast_2392,2025-04-10 16:00:00,3982.255843764374,4092.492183187486,3706.820198841795
forecast_2393,2025-04-10 17:00:00,3874.814598191458,3902.3834920808326,3405.205270673924
forecast_2394,2025-04-10 18:00:00,3785.067667366942,3782.5539056207526,3404.174469943437
forecast_2395,2025-04-10 19:00:00,3865.148412016348,3797.648447532842,3422.748881153168
forecast_2396,2025-04-10 20:00:00,3863.5864823150346,3810.892320735704,3531.108309780559
forecast_2397,2025-04-10 21:00:00,3922.712101629472,3847.2764306304334,3521.766269173553
forecast_2398,2025-04-10 22:00:00,4044.54586716393,3942.8480254320857,3484.204292034863
forecast_2399,2025-04-10 23:00:00,4025.357772320839,3940.046112266904,3474.7266225440794
forecast_2400,2025-04-11 00:00:00,4045.5623588916073,3912.929373207769,3487.5255023944874
forecast_2401,2025-04-11 01:00:00,3892.629834927533,3801.805537833157,3464.831754416629
forecast_2402,2025-04-11 02:00:00,3920.419643365504,3799.012310165128,3520.47709841916
forecast_2403,2025-04-11 03:00:00,4039.224056446159,3884.3426259782727,3498.3070105998336
forecast_2404,2025-04-11 04:00:00,3922.227621575781,3814.594473645197,3459.981367940685
forecast_2405,2025-04-11 05:00:00,3892.4104888873458,3796.596371918261,3394.8269917134858
forecast_2406,2025-04-11 06:00:00,3793.786001279526,3735.167076316327,3386.551795049509
forecast_2407,2025-04-11 07:00:00,3761.100061129367,3702.494479363877,3380.118427833539
forecast_2408,2025-04-11 08:00:00,3725.993805453704,3659.324013865717,3368.2150355665863
forecast_2409,2025-04-11 09:00:00,3709.126219083539,3636.01266588681,3368.3719797062663
forecast_2410,2025-04-11 10:00:00,3706.743824382032,3629.990946679741,3368.4078796312347
forecast_2411,2025-04-11 11:00:00,3709.380084207265,3635.640407673625,3365.365202941915
forecast_2412,2025-04-11 12:00:00,3710.6784498499865,3643.3173314096975,3363.0653664325787
forecast_2413,2025-04-11 13:00:00,3734.859556478832,3692.650939699088,3377.7390113624483
forecast_2414,2025-04-11 14:00:00,3751.193447769559,3720.3798769890377,3397.652327326577
forecast_2415,2025-04-11 15:00:00,3732.756044413014,3695.6999213131785,3388.225581763456
forecast_2416,2025-04-11 16:00:00,3726.575065738568,3689.992522385311,3411.209194801693
forecast_2417,2025-04-11 17:00:00,3722.052796111029,3659.132450273224,3382.153301159188
forecast_2418,2025-04-11 18:00:00,3793.267626651503,3725.897990893382,3379.37824070967
forecast_2419,2025-04-11 19:00:00,3920.899592722143,3845.586064668358,3382.136111362607
forecast_2420,2025-04-11 20:00:00,3915.458391887743,3892.9901998198,3483.3051299212784
forecast_2421,2025-04-11 21:00:00,3918.351787457109,3989.145730412862,3419.915004214441
forecast_2422,2025-04-11 22:00:00,4083.262894876941,3980.4267419338894,3455.421188572816
forecast_2423,2025-04-11 23:00:00,4119.714764277063,4080.463717836917,3469.12683628615
forecast_2424,2025-04-12 00:00:00,4063.39349452942,4035.4316822123033,3433.244387506747
forecast_2425,2025-04-12 01:00:00,3955.083940709058,3893.7061450829246,3433.977248222396
forecast_2426,2025-04-12 02:00:00,3638.147646996994,3949.060558034539,3496.810537199561
forecast_2427,2025-04-12 03:00:00,4095.400268945651,4020.2897224161247,3481.1041995223504
forecast_2428,2025-04-12 04:00:00,3992.462065790995,3994.724638104725,3589.644336928844
forecast_2429,2025-04-12 05:00:00,4062.617594043824,4084.8385456586193,3581.66034041436
forecast_2430,2025-04-12 06:00:00,4242.905903023892,4763.201377922004,3520.160588880036
forecast_2431,2025-04-12 07:00:00,4515.916588535255,5077.908138246149,3536.84279254321
forecast_2432,2025-04-12 08:00:00,6024.942787765718,6094.837520300977,3664.553897295485
forecast_2433,2025-04-12 09:00:00,6724.608217225998,6921.418726477193,7832.338545923503
forecast_2434,2025-04-12 10:00:00,8608.868053244943,9208.875813654127,9908.28022125049
forecast_2435,2025-04-12 11:00:00,9481.561584594432,10141.754486018855,10935.817872830272
forecast_2436,2025-04-12 12:00:00,10186.810474119126,11149.744404460002,10884.643233440987
forecast_2437,2025-04-12 13:00:00,10684.042177473964,11814.767238381664,11470.481644466116
forecast_2438,2025-04-12 14:00:00,11010.3728427902,11983.7728822759,11656.8161606131
forecast_2439,2025-04-12 15:00:00,10776.821015268126,11388.193210631904,11058.5514823982
forecast_2440,2025-04-12 16:00:00,11460.15344924854,11506.189690669396,11845.410746742113
forecast_2441,2025-04-12 17:00:00,12196.239585559058,12317.099818499286,12217.702482345974
forecast_2442,2025-04-12 18:00:00,14005.980898848038,13512.78055302385,11181.513391875566
forecast_2443,2025-04-12 19:00:00,13442.488637376837,13418.237712714834,11654.748592219195
forecast_2444,2025-04-12 20:00:00,14369.569286660026,14464.461447097472,12971.49046047639
forecast_2445,2025-04-12 21:00:00,14791.963219321946,14946.058108493677,15104.08351575062
forecast_2446,2025-04-12 22:00:00,15266.84189583477,15242.225267645244,16116.42156419797
forecast_2447,2025-04-12 23:00:00,15403.554916953924,15831.83892006455,16534.693968741823
forecast_2448,2025-04-13 00:00:00,15713.783441240634,16283.618828592736,16660.7397475561
forecast_2449,2025-04-13 01:00:00,15549.353592070333,16439.29467717134,16493.784112780966
forecast_2450,2025-04-13 02:00:00,15928.82642336309,16978.005353006545,15572.600512153394
forecast_2451,2025-04-13 03:00:00,17249.452703716357,17983.322804289717,16587.912800069713
forecast_2452,2025-04-13 04:00:00,17338.045266674133,17961.46264654985,17152.279393472265
forecast_2453,2025-04-13 05:00:00,17391.15192903109,17651.166279297533,16818.73619065818
forecast_2454,2025-04-13 06:00:00,17420.19960878669,17383.377457564646,17307.290286904234
forecast_2455,2025-04-13 07:00:00,17917.94818520938,17870.149828467132,17839.1668367428
forecast_2456,2025-04-13 08:00:00,18323.562719229107,18245.046535763995,18000.46609342901
forecast_2457,2025-04-13 09:00:00,18009.46436067476,18051.665534348234,17800.919122204527
forecast_2458,2025-04-13 10:00:00,17962.849603093062,17968.76871344942,17672.5662111434
forecast_2459,2025-04-13 11:00:00,18145.46709734216,18103.445136812858,17703.807293861435
forecast_2460,2025-04-13 12:00:00,17954.91947886397,17945.983622906613,17947.311022339472
forecast_2461,2025-04-13 13:00:00,17407.91533972305,17908.99990607017,18248.00706368224
forecast_2462,2025-04-13 14:00:00,17126.883199694974,17673.316011494215,18145.41489514557
forecast_2463,2025-04-13 15:00:00,18081.208724285018,17982.706767924945,18164.602648098396
forecast_2464,2025-04-13 16:00:00,18421.088694968505,18102.317061012585,18385.069899356888
forecast_2465,2025-04-13 17:00:00,18955.154752791743,18496.42626715387,18459.48189399941
forecast_2466,2025-04-13 18:00:00,18655.70210054387,18529.310733008835,18463.871544481528
forecast_2467,2025-04-13 19:00:00,17983.568097746764,18172.88590650613,18196.55568398721
forecast_2468,2025-04-13 20:00:00,18259.331599841196,18396.63523315084,17681.708007332272
forecast_2469,2025-04-13 21:00:00,18027.987678679947,18233.151388569837,17152.374610400166
forecast_2470,2025-04-13 22:00:00,17294.977504851006,18184.561902845184,16669.02329932768
forecast_2471,2025-04-13 23:00:00,15712.91088920036,17444.415622035576,15287.730920040438
forecast_2472,2025-04-14 00:00:00,14562.077605794271,16332.910024167935,13889.247510905
forecast_2473,2025-04-14 01:00:00,13256.333977134547,14876.669729533623,11090.592291199076
forecast_2474,2025-04-14 02:00:00,11297.814630959354,12735.664133371558,11717.165249348129
forecast_2475,2025-04-14 03:00:00,10294.519336450092,11538.151382302642,9551.808086412702
forecast_2476,2025-04-14 04:00:00,6198.388183680977,8268.71810275305,3743.79578365004
forecast_2477,2025-04-14 05:00:00,4489.721357199014,6452.086202346223,3762.551028803287
forecast_2478,2025-04-14 06:00:00,3584.4276025059053,3955.480107938192,3473.6358599209816
forecast_2479,2025-04-14 07:00:00,3433.519080499688,3946.28088643728,3508.279596930302
forecast_2480,2025-04-14 08:00:00,4044.20766486898,3989.082564289924,3435.546403202891
forecast_2481,2025-04-14 09:00:00,3812.799835718675,3907.447410932591,3424.0193120793083
forecast_2482,2025-04-14 10:00:00,3842.706626563504,3944.23120753571,3446.901792840563
forecast_2483,2025-04-14 11:00:00,3303.463036898491,3258.6820182075685,3548.414350688484
forecast_2484,2025-04-14 12:00:00,3413.765879373298,3978.43144766004,3651.78895833884
forecast_2485,2025-04-14 13:00:00,4097.654821045014,4084.996143091717,3490.061501809505
forecast_2486,2025-04-14 14:00:00,3939.0558997296794,3969.9463585652607,3432.383002477024
forecast_2487,2025-04-14 15:00:00,3801.374337490053,3733.8098751707344,3409.6786545684045
forecast_2488,2025-04-14 16:00:00,3742.427665328766,3671.377315535232,3415.494078972341
forecast_2489,2025-04-14 17:00:00,3875.026138033713,3816.898466094529,3502.970802859875
forecast_2490,2025-04-14 18:00:00,4007.492080211928,3896.519766732279,3634.3839088163945
forecast_2491,2025-04-14 19:00:00,3977.386749003255,3896.505263732032,3492.791006890204
forecast_2492,2025-04-14 20:00:00,3710.180771577304,3922.192059914977,3591.087210308221
forecast_2493,2025-04-14 21:00:00,3901.2420034369466,4007.78300437453,3307.2169354422363
forecast_2494,2025-04-14 22:00:00,4759.195222160468,3850.971430710575,4039.036970084679
forecast_2495,2025-04-14 23:00:00,5569.860909585938,4097.383144343038,4053.0716661982233
forecast_2496,2025-04-15 00:00:00,5621.814581217907,4642.267399725494,3940.7504506955
forecast_2497,2025-04-15 01:00:00,5373.232303015889,4695.580343151225,3665.98302178538
forecast_2498,2025-04-15 02:00:00,5307.399277626935,5237.732383153068,3724.400982242304
forecast_2499,2025-04-15 03:00:00,5178.494401227569,4923.443840178988,3728.549971897949
forecast_2500,2025-04-15 04:00:00,5129.214219922414,4736.154066110985,3725.7839637064217
forecast_2501,2025-04-15 05:00:00,5728.763491590968,5377.892922277033,4151.553348589363
forecast_2502,2025-04-15 06:00:00,5081.558987499684,5427.063350956587,4306.70257033116
forecast_2503,2025-04-15 07:00:00,5699.523984862444,6241.888404963678,5643.434356057057
forecast_2504,2025-04-15 08:00:00,6273.510446911395,6637.899240308874,4504.642623628221
forecast_2505,2025-04-15 09:00:00,6948.3724599518655,6726.942195648363,5073.085053095451
forecast_2506,2025-04-15 10:00:00,7470.960312523659,6742.865596395021,5494.445944550632
forecast_2507,2025-04-15 11:00:00,8127.44177829921,7348.645965055397,5983.185040403438
forecast_2508,2025-04-15 12:00:00,8770.063824387522,7608.114870395752,5450.119591218408
forecast_2509,2025-04-15 13:00:00,9801.1928816009,8348.206711435692,5839.081922232435
forecast_2510,2025-04-15 14:00:00,11413.203031627072,9948.874320672548,7155.477232564442
forecast_2511,2025-04-15 15:00:00,12158.775319436829,10796.511220324375,7646.37627221729
forecast_2512,2025-04-15 16:00:00,12594.539196356196,11427.239127662711,8478.313953904113
forecast_2513,2025-04-15 17:00:00,13101.53843992748,12149.856845517268,8889.141267142462
forecast_2514,2025-04-15 18:00:00,13841.522531865614,13016.986482744309,11809.51329379115
forecast_2515,2025-04-15 19:00:00,14963.942936008743,14206.89798052484,13378.870639442055
forecast_2516,2025-04-15 20:00:00,16871.638576264024,15907.317571472777,14492.52153264692
forecast_2517,2025-04-15 21:00:00,17153.668231781096,16227.57310580979,14915.891885192532
forecast_2518,2025-04-15 22:00:00,17622.183007702577,17184.792660489136,15689.756603838452
forecast_2519,2025-04-15 23:00:00,18315.43512031988,17466.45638007295,15807.121416896718
forecast_2520,2025-04-16 00:00:00,18234.726817264716,17226.861653345222,15884.668696688226
forecast_2521,2025-04-16 01:00:00,17744.318710234722,16753.163756235168,15483.49472505814
forecast_2522,2025-04-16 02:00:00,17336.31762912467,16726.16855249669,15514.690826741224
forecast_2523,2025-04-16 03:00:00,17308.84367315585,16486.486812853866,15477.59317455323
forecast_2524,2025-04-16 04:00:00,16667.642534669092,15424.733588782932,14940.329764335553
forecast_2525,2025-04-16 05:00:00,16314.122907536155,15490.603949505976,14336.939911542484
forecast_2526,2025-04-16 06:00:00,15469.44700122622,14982.747561141588,13445.011456501188
forecast_2527,2025-04-16 07:00:00,13985.674739748009,13325.807867729607,12650.174355540286
forecast_2528,2025-04-16 08:00:00,12283.305611484084,12320.381513599708,12475.84715924853
forecast_2529,2025-04-16 09:00:00,12516.23860948053,11697.90920075713,10248.967392587336
forecast_2530,2025-04-16 10:00:00,12122.40914718007,11135.597573037958,12559.641573717045
forecast_2531,2025-04-16 11:00:00,11991.59070914025,11369.308440526644,13345.759141345326
forecast_2532,2025-04-16 12:00:00,12977.39757681453,12416.284099453384,13643.22777550798
forecast_2533,2025-04-16 13:00:00,14118.276363035598,13851.78071043515,14125.597653580804
forecast_2534,2025-04-16 14:00:00,15250.55197860564,15425.95145026637,15415.053014353629
forecast_2535,2025-04-16 15:00:00,16635.750063557178,16390.21728199941,16085.22305266252
forecast_2536,2025-04-16 16:00:00,17468.096714399217,17242.33618559035,16618.72990466074
forecast_2537,2025-04-16 17:00:00,18172.997507287942,18135.5753954489,16801.188491942983
forecast_2538,2025-04-16 18:00:00,18627.064423105632,18558.612080802726,17221.882633885078
forecast_2539,2025-04-16 19:00:00,19070.075818564765,19033.16350136077,17921.896554340405
forecast_2540,2025-04-16 20:00:00,18864.44441764477,19272.603547900704,18014.48968120536
forecast_2541,2025-04-16 21:00:00,18674.072017893464,19234.827953735232,18247.76784687619
forecast_2542,2025-04-16 22:00:00,18739.142586171864,19498.75447028233,18246.37164572536
forecast_2543,2025-04-16 23:00:00,18963.15161206165,19280.375006722155,18194.09178081968
forecast_2544,2025-04-17 00:00:00,19170.05732079573,19060.51388601214,17561.79929896222
forecast_2545,2025-04-17 01:00:00,17780.489303098024,17902.230007999722,17182.46898734208
forecast_2546,2025-04-17 02:00:00,17305.114386066733,17579.025241202282,17351.178338465925
forecast_2547,2025-04-17 03:00:00,17514.315546150996,17574.224892612307,17231.162461285432
forecast_2548,2025-04-17 04:00:00,17017.063703586035,16819.705365521033,16648.683216459223
forecast_2549,2025-04-17 05:00:00,16908.389572947453,16765.090617677164,16283.30111590996
forecast_2550,2025-04-17 06:00:00,17043.97965511434,16710.289135572617,15919.137534576616
forecast_2551,2025-04-17 07:00:00,15803.843093777625,15938.943273571602,15653.065606285898
forecast_2552,2025-04-17 08:00:00,13967.51899328448,15192.4124844553,15288.838074775203
forecast_2553,2025-04-17 09:00:00,13411.770114997888,14734.79445172161,14908.16393022887
forecast_2554,2025-04-17 10:00:00,10770.294493447283,12748.090921071367,14525.255536640068
forecast_2555,2025-04-17 11:00:00,10522.672794408372,12133.653014151438,14266.820202602656
forecast_2556,2025-04-17 12:00:00,10693.784187601812,11800.795195928324,14268.52583931237
forecast_2557,2025-04-17 13:00:00,10925.830330767856,11307.744299982982,14170.215875310889
forecast_2558,2025-04-17 14:00:00,11560.927759638736,11425.296252701884,14120.03009441445
forecast_2559,2025-04-17 15:00:00,10719.28481914003,10841.293843073512,13990.296557914462
forecast_2560,2025-04-17 16:00:00,11226.984267177944,12209.913781862266,13937.819128912466
forecast_2561,2025-04-17 17:00:00,11937.993899445377,13122.065349934004,13581.434278951589
forecast_2562,2025-04-17 18:00:00,11923.837368376368,13508.40212295646,13471.970390220316
forecast_2563,2025-04-17 19:00:00,13881.988577543016,14652.847462896962,14807.188200156565
forecast_2564,2025-04-17 20:00:00,15465.19379345926,15496.372611729086,15140.096183633912
forecast_2565,2025-04-17 21:00:00,16136.5889310456,16034.08845132162,15663.81953391509
forecast_2566,2025-04-17 22:00:00,17226.52965263677,17519.711574862737,16235.52337718214
forecast_2567,2025-04-17 23:00:00,18058.373581438285,18034.649619593965,16711.02983748947
forecast_2568,2025-04-18 00:00:00,18903.80947379011,18772.15398021341,17229.01529416971
forecast_2569,2025-04-18 01:00:00,18042.74170632378,18528.83795788737,17002.87190287471
forecast_2570,2025-04-18 02:00:00,18987.4583467858,19090.39727138789,17499.12488316555
forecast_2571,2025-04-18 03:00:00,18969.423990220334,18884.510170513044,16822.82999755208
forecast_2572,2025-04-18 04:00:00,18604.29228811781,18277.190432460346,16685.781258842104
forecast_2573,2025-04-18 05:00:00,17911.21209848011,17598.465539971352,15951.039630628436
forecast_2574,2025-04-18 06:00:00,16379.334735146358,16050.478735209072,14575.19353242432
forecast_2575,2025-04-18 07:00:00,15212.156884717737,14569.66426535265,13432.910457032527
forecast_2576,2025-04-18 08:00:00,14211.698403515364,13215.359481464877,12480.28276692729
forecast_2577,2025-04-18 09:00:00,12187.78682509282,11849.755160618915,10896.256634644404
forecast_2578,2025-04-18 10:00:00,11616.358205832536,11041.968764138364,10558.15190851806
forecast_2579,2025-04-18 11:00:00,10234.705245122112,9889.883642464056,9954.763503073216
forecast_2580,2025-04-18 12:00:00,11055.907476452488,10168.448716840488,9810.886744223984
forecast_2581,2025-04-18 13:00:00,9166.574541299024,9125.5884434373,9276.710674802924
forecast_2582,2025-04-18 14:00:00,8915.114240522591,8837.377774581431,8623.495024440155
forecast_2583,2025-04-18 15:00:00,8100.550172055813,7738.43085158988,7681.706402826069
forecast_2584,2025-04-18 16:00:00,7888.212871623252,7467.535395552647,7616.580749492708
forecast_2585,2025-04-18 17:00:00,7217.983394965094,7384.708172989278,7516.699674204052
forecast_2586,2025-04-18 18:00:00,8402.757403935566,8478.860005967323,8216.990740754592
forecast_2587,2025-04-18 19:00:00,8489.120009359674,8695.733859627104,8131.052120927424
forecast_2588,2025-04-18 20:00:00,10184.383438023766,10180.220373592028,9073.72185072434
forecast_2589,2025-04-18 21:00:00,10086.71153685198,10559.924675785544,8333.732867947612
forecast_2590,2025-04-18 22:00:00,11016.265542505647,12294.46930881294,8776.9540579573
forecast_2591,2025-04-18 23:00:00,10278.174677935933,11941.225325130896,8371.040722863087
forecast_2592,2025-04-19 00:00:00,11778.84325339639,13007.062659794528,9101.795031501377
forecast_2593,2025-04-19 01:00:00,11773.044140746551,13542.121508112388,9866.96243515953
forecast_2594,2025-04-19 02:00:00,12453.260483691967,14160.580796640434,13169.497222923364
forecast_2595,2025-04-19 03:00:00,13974.847612834685,14776.47101121984,14043.652355749506
forecast_2596,2025-04-19 04:00:00,14129.874212205175,14671.721978124377,14335.86005816892
forecast_2597,2025-04-19 05:00:00,13670.858290066551,14375.626379976286,14581.172962547917
forecast_2598,2025-04-19 06:00:00,12901.312640821912,13747.050738809034,14458.56351678378
forecast_2599,2025-04-19 07:00:00,11899.895907386905,13101.729271626751,14865.284391093046
forecast_2600,2025-04-19 08:00:00,11653.975012447245,13062.2234694836,15637.112441680449
forecast_2601,2025-04-19 09:00:00,12623.22804973681,13107.02826931253,16249.967840319558
forecast_2602,2025-04-19 10:00:00,13839.476069684462,14344.345366553527,16959.642356699034
forecast_2603,2025-04-19 11:00:00,15638.114283404137,15397.443671511588,17337.657646021667
forecast_2604,2025-04-19 12:00:00,16852.427069875885,17103.147217590304,17719.642615924087
forecast_2605,2025-04-19 13:00:00,17405.29763149543,17844.154299349128,18137.838768061305
forecast_2606,2025-04-19 14:00:00,17871.889890518938,18367.91259369218,18274.77166364902
forecast_2607,2025-04-19 15:00:00,17775.217015575214,18263.783465383847,18342.96374296005
forecast_2608,2025-04-19 16:00:00,17835.761609002664,18518.873191813665,18258.31663406909
forecast_2609,2025-04-19 17:00:00,18496.251058607453,18800.37447599004,17971.598868819725
forecast_2610,2025-04-19 18:00:00,18643.59373714364,18750.962328590416,17461.88691664358
forecast_2611,2025-04-19 19:00:00,18650.826372933712,18337.55886623948,16736.100280227245
forecast_2612,2025-04-19 20:00:00,18001.20919968836,17691.56841764834,15837.717282640928
forecast_2613,2025-04-19 21:00:00,16129.26768185114,16627.3436928225,14027.4602597434
forecast_2614,2025-04-19 22:00:00,15079.587627230936,15018.806977323457,11377.844731790332
forecast_2615,2025-04-19 23:00:00,12978.54775441853,12673.339622371594,12541.713483554204
forecast_2616,2025-04-20 00:00:00,10943.11469109405,10938.621424588837,10808.61728629489
forecast_2617,2025-04-20 01:00:00,8564.014565634989,8684.603251830798,8224.186298296692
forecast_2618,2025-04-20 02:00:00,5782.949127355245,6121.646603005487,6668.409133903923
forecast_2619,2025-04-20 03:00:00,4129.689690816826,4031.347219565581,3626.9135737361953
forecast_2620,2025-04-20 04:00:00,3619.607135410745,3884.8127467449135,3482.799747870681
forecast_2621,2025-04-20 05:00:00,3984.672443213812,3950.1977327749128,3420.212930999501
forecast_2622,2025-04-20 06:00:00,3814.2618794998175,3813.1821597606886,3388.1445745703136
forecast_2623,2025-04-20 07:00:00,3785.040897519166,3752.724481492576,3370.2977643572403
forecast_2624,2025-04-20 08:00:00,3739.244690427276,3697.174144822775,3365.5981811876013
forecast_2625,2025-04-20 09:00:00,3720.004001552443,3662.615571608484,3362.6025904902026
forecast_2626,2025-04-20 10:00:00,3709.680279222039,3618.9351769733416,3362.482238105803
forecast_2627,2025-04-20 11:00:00,3709.214490769264,3616.548886542822,3361.68862874124
forecast_2628,2025-04-20 12:00:00,3705.331623084506,3617.9987834548606,3360.989248812531
forecast_2629,2025-04-20 13:00:00,3704.545533567952,3618.03135869884,3362.094219271686
forecast_2630,2025-04-20 14:00:00,3705.732186538106,3622.4664654861112,3363.471916312316
forecast_2631,2025-04-20 15:00:00,3704.287220472017,3623.547564150616,3361.794415767877
forecast_2632,2025-04-20 16:00:00,3708.699478463223,3625.3290788455306,3361.511807685722
forecast_2633,2025-04-20 17:00:00,3708.164719283565,3620.575743410497,3361.598323032291
forecast_2634,2025-04-20 18:00:00,3715.7172949659935,3622.7438903204993,3361.8170042535157
forecast_2635,2025-04-20 19:00:00,3720.163782942345,3626.8499073792286,3362.927265131624
forecast_2636,2025-04-20 20:00:00,3734.077598351475,3633.5930617188096,3368.8253921349697
forecast_2637,2025-04-20 21:00:00,3751.852075853273,3638.7542123453823,3375.052482626353
forecast_2638,2025-04-20 22:00:00,3744.50009710378,3679.590700952018,3367.937718334287
forecast_2639,2025-04-20 23:00:00,3752.223792455044,3685.579103524533,3368.074086358321
forecast_2640,2025-04-21 00:00:00,3774.713757040754,3677.614593889157,3366.1040827754223
forecast_2641,2025-04-21 01:00:00,3766.993395716445,3654.434768063521,3363.7600525890407
forecast_2642,2025-04-21 02:00:00,3819.142294224809,3690.0221193606967,3364.891467888025
forecast_2643,2025-04-21 03:00:00,3791.6935428679135,3726.264655068416,3364.1703369532534
forecast_2644,2025-04-21 04:00:00,3852.5640817744406,3793.970714126995,3368.221286246428
forecast_2645,2025-04-21 05:00:00,3881.7576243595263,3892.189847034376,3370.543478782116
forecast_2646,2025-04-21 06:00:00,3915.165640334895,3946.7368104381344,3369.3756574149747
forecast_2647,2025-04-21 07:00:00,3964.14480566866,3944.1119428211546,3416.218122690837
forecast_2648,2025-04-21 08:00:00,4048.156603178589,4002.311814057661,3450.5432572342324
forecast_2649,2025-04-21 09:00:00,3938.717891322584,3878.64196720201,3426.125728223957
forecast_2650,2025-04-21 10:00:00,3876.6487433498096,3721.2238428865794,3403.6614420959463
forecast_2651,2025-04-21 11:00:00,3785.708600538612,3697.310964427524,3424.330242888705
forecast_2652,2025-04-21 12:00:00,3778.6259795544224,3681.536994267633,3423.373318807
forecast_2653,2025-04-21 13:00:00,3769.837032772595,3684.607715434701,3436.190470954153
forecast_2654,2025-04-21 14:00:00,3770.512227513947,3702.8305408470233,3470.59194464128
forecast_2655,2025-04-21 15:00:00,3787.028713244165,3702.6542533620577,3434.6880447896274
forecast_2656,2025-04-21 16:00:00,3813.42300476697,3744.6542897227687,3423.6439480907243
forecast_2657,2025-04-21 17:00:00,3868.192606841152,3819.883416860013,3461.061191445438
forecast_2658,2025-04-21 18:00:00,4041.577281157072,3991.831706271935,3491.8946378298037
forecast_2659,2025-04-21 19:00:00,4711.741953987834,4965.27854565953,3720.7522012278378
forecast_2660,2025-04-21 20:00:00,6652.998706050905,6482.310759716877,5173.145157243793
forecast_2661,2025-04-21 21:00:00,6808.663826516159,7565.525816663914,3762.671338718296
forecast_2662,2025-04-21 22:00:00,8151.896905680346,9561.402605434958,6275.391890644146
forecast_2663,2025-04-21 23:00:00,9084.362513255934,10566.008370688876,6429.706437487553
forecast_2664,2025-04-22 00:00:00,8661.981575549002,9879.056041258227,6533.987718508271
forecast_2665,2025-04-22 01:00:00,8114.041112118083,9234.531488118491,6348.823924161914
forecast_2666,2025-04-22 02:00:00,8392.296975497366,9138.6832169879,6789.95262013848
forecast_2667,2025-04-22 03:00:00,7205.260042637745,7745.749663651125,5814.829439138405
forecast_2668,2025-04-22 04:00:00,6310.038598778163,7230.837172228385,3744.8618572522464
forecast_2669,2025-04-22 05:00:00,4777.361044839094,6014.257409680123,3621.6563607055614
forecast_2670,2025-04-22 06:00:00,3848.2288446080215,4897.606119717964,3479.2663275343093
forecast_2671,2025-04-22 07:00:00,4063.049606583993,4097.532982230643,3488.948718738842
forecast_2672,2025-04-22 08:00:00,4100.317010393885,4071.286934310505,3560.3635257210144
forecast_2673,2025-04-22 09:00:00,6062.735773511466,6485.194683496212,3716.969579020049
forecast_2674,2025-04-22 10:00:00,6327.411867894958,6219.405603464282,4959.585845586356
forecast_2675,2025-04-22 11:00:00,6973.074653996088,7189.284778195508,6442.464205047056
forecast_2676,2025-04-22 12:00:00,7288.577731992895,7407.108947371392,6551.541506554231
forecast_2677,2025-04-22 13:00:00,6242.553787646171,7034.825922343564,6848.588618609299
forecast_2678,2025-04-22 14:00:00,5203.045286089856,6042.407659458552,5606.425063110705
forecast_2679,2025-04-22 15:00:00,4078.472603423103,4045.136191280085,3732.42013129552
forecast_2680,2025-04-22 16:00:00,4061.809251502267,4033.074640948971,3677.965700388536
forecast_2681,2025-04-22 17:00:00,3865.023230431663,3842.993660269635,3440.4878145046805
forecast_2682,2025-04-22 18:00:00,3987.036579369792,3867.16815698883,3418.743299782201
forecast_2683,2025-04-22 19:00:00,3195.719824591478,3795.400620320815,3424.7704643649754
forecast_2684,2025-04-22 20:00:00,3787.256698930839,4000.839372209359,3476.397930832314
forecast_2685,2025-04-22 21:00:00,3862.191310945032,3938.672229535245,3468.6004305281126
forecast_2686,2025-04-22 22:00:00,4569.7260576934,4089.429081401987,3655.629430229996
forecast_2687,2025-04-22 23:00:00,4896.518843603159,4142.196651893005,3623.122632939678
forecast_2688,2025-04-23 00:00:00,4936.444961981215,4751.886412411354,3674.244861842764
forecast_2689,2025-04-23 01:00:00,6694.3730413033145,5646.256765389559,4947.133330612987
forecast_2690,2025-04-23 02:00:00,5834.72176094858,5199.775701827594,4540.284874411892
forecast_2691,2025-04-23 03:00:00,5418.501969007974,4797.543815052772,4004.922556187955
forecast_2692,2025-04-23 04:00:00,5702.727197247224,4864.3025880637615,4222.444004693532
forecast_2693,2025-04-23 05:00:00,4864.640082033225,4289.330921123896,3834.9028559095
forecast_2694,2025-04-23 06:00:00,4200.510820072719,3844.2162417803806,3660.1878637549376
forecast_2695,2025-04-23 07:00:00,3907.066365452189,4082.6699810540126,3496.591771451201
forecast_2696,2025-04-23 08:00:00,3962.227727789964,3912.90473887338,3400.803664021481
forecast_2697,2025-04-23 09:00:00,3862.5956214153016,3745.275608260871,3401.961815544325
forecast_2698,2025-04-23 10:00:00,3760.02623669827,3672.67831561992,3389.5761358339096
forecast_2699,2025-04-23 11:00:00,3725.8830650388654,3636.218998565557,3371.9533831350136
forecast_2700,2025-04-23 12:00:00,3719.947265010722,3641.341472819739,3369.093157135804
forecast_2701,2025-04-23 13:00:00,3715.790083642262,3628.132634162096,3363.876583453201
forecast_2702,2025-04-23 14:00:00,3728.7183715192073,3660.2981703229,3370.98886476046
forecast_2703,2025-04-23 15:00:00,3762.076314592289,3691.063691393736,3372.458285323388
forecast_2704,2025-04-23 16:00:00,3884.9522407548575,3761.315558793756,3375.972298137767
forecast_2705,2025-04-23 17:00:00,4051.658742522077,3943.201700816384,3395.5454716104423
forecast_2706,2025-04-23 18:00:00,3980.7647147205166,3998.3709250472457,3542.08511617153
forecast_2707,2025-04-23 19:00:00,4098.550265231969,3965.321966946316,3628.7423981402567
forecast_2708,2025-04-23 20:00:00,5919.233996439525,6103.869895984957,3983.3487252298087
forecast_2709,2025-04-23 21:00:00,9057.620951416851,8820.186811326592,5213.396718164375
forecast_2710,2025-04-23 22:00:00,13446.966664635542,13854.41710235293,9569.195645939655
forecast_2711,2025-04-23 23:00:00,15334.038814074202,15510.314648831758,11094.722589506824
forecast_2712,2025-04-24 00:00:00,17453.099898943557,16791.210335273587,11524.709870446302
forecast_2713,2025-04-24 01:00:00,18389.040361702293,17667.52694807655,13700.42220775732
forecast_2714,2025-04-24 02:00:00,19269.141259744727,18661.270053360084,15346.688590335443
forecast_2715,2025-04-24 03:00:00,19297.0455177814,18689.424860872798,15712.510847667869
forecast_2716,2025-04-24 04:00:00,19156.614279546186,18677.619302968757,16109.351532378554
forecast_2717,2025-04-24 05:00:00,18095.990207701678,18042.90912058239,15050.73280853362
forecast_2718,2025-04-24 06:00:00,17329.873293374894,17171.87049707699,14681.190076651004
forecast_2719,2025-04-24 07:00:00,15257.658994752504,16126.594853106746,13788.999295868362
forecast_2720,2025-04-24 08:00:00,14984.824834770085,15529.55435243613,13425.559275639587
forecast_2721,2025-04-24 09:00:00,12977.43531178408,13799.740889427769,13128.255744443051
forecast_2722,2025-04-24 10:00:00,11827.428600877454,11502.583445045431,13122.619332603274
forecast_2723,2025-04-24 11:00:00,12528.19104633252,11646.833305856944,13651.40631430362
forecast_2724,2025-04-24 12:00:00,12072.740820947967,11808.646756502714,14178.800493375924
forecast_2725,2025-04-24 13:00:00,13058.320580383826,13119.770980060268,14536.682601406004
forecast_2726,2025-04-24 14:00:00,14686.165286369807,14754.061365770593,14904.935839418791
forecast_2727,2025-04-24 15:00:00,16266.83066933649,16352.002172631011,15182.788740769836
forecast_2728,2025-04-24 16:00:00,17182.555396414333,17033.94541701049,15117.156464730737
forecast_2729,2025-04-24 17:00:00,17391.653832399843,17430.746503010392,14979.160639690432
forecast_2730,2025-04-24 18:00:00,17458.847954866524,17419.843125497853,14752.641335708868
forecast_2731,2025-04-24 19:00:00,17922.607744068817,17815.790494713427,14714.76483568275
forecast_2732,2025-04-24 20:00:00,17630.412012673845,17627.398368189886,14576.417636040753
forecast_2733,2025-04-24 21:00:00,17656.000703964313,17480.25161728354,14492.582466215728
forecast_2734,2025-04-24 22:00:00,16542.79869209034,16964.326959679845,13401.384479802668
forecast_2735,2025-04-24 23:00:00,15967.241901819853,16180.048293934977,12965.69902169612
forecast_2736,2025-04-25 00:00:00,15603.638256309328,15617.174439778786,12556.41767113047
forecast_2737,2025-04-25 01:00:00,15050.089324224387,15029.55888254787,10906.635383768393
forecast_2738,2025-04-25 02:00:00,14556.11259946164,13972.767781591236,10361.829862065826
forecast_2739,2025-04-25 03:00:00,14351.478685786664,13149.779805693872,10402.534673181295
forecast_2740,2025-04-25 04:00:00,14073.972218833278,12942.933042030958,9687.212581657985
forecast_2741,2025-04-25 05:00:00,13714.669093306353,12759.29599635078,9859.903984322707
forecast_2742,2025-04-25 06:00:00,13475.645038670804,12895.309066800206,9224.304593612076
forecast_2743,2025-04-25 07:00:00,13197.584306449828,12510.39175006986,8783.514709256762
forecast_2744,2025-04-25 08:00:00,12834.77412295553,12422.7529734869,8509.106289586016
forecast_2745,2025-04-25 09:00:00,12603.552519384477,12013.305108244182,8459.206336113684
forecast_2746,2025-04-25 10:00:00,12423.807477038885,11656.058956456922,8682.001426165287
forecast_2747,2025-04-25 11:00:00,12350.362827521329,11362.70388484317,8485.439926596915
forecast_2748,2025-04-25 12:00:00,12268.830456440097,11375.59853408144,8582.50498388207
forecast_2749,2025-04-25 13:00:00,12123.00476368775,11206.933822135506,8180.958606864332
forecast_2750,2025-04-25 14:00:00,11996.220668936192,11192.81507905469,8382.585693236266
forecast_2751,2025-04-25 15:00:00,12143.04944458252,11262.246630722875,8454.523240157814
forecast_2752,2025-04-25 16:00:00,12252.827168090183,11397.771439744592,8545.167741652347
forecast_2753,2025-04-25 17:00:00,12292.0885667433,11389.563931042554,8539.624386557014
forecast_2754,2025-04-25 18:00:00,12218.201321521488,11556.21667157482,8851.414820783206
forecast_2755,2025-04-25 19:00:00,12569.86126894656,11821.346715561343,9844.014214242055
forecast_2756,2025-04-25 20:00:00,13289.048138021131,12131.9084326567,10298.678122808828
forecast_2757,2025-04-25 21:00:00,13932.03505587738,12599.411534271414,10649.63852476152
forecast_2758,2025-04-25 22:00:00,14154.825120446969,13249.215693853615,10965.68286860126
forecast_2759,2025-04-25 23:00:00,12991.099107059794,12698.366100659296,9753.706111253705
forecast_2760,2025-04-26 00:00:00,12981.463762914083,13173.411090662234,10471.140486525455
forecast_2761,2025-04-26 01:00:00,13483.08337334949,14244.4117854476,10717.476301069157
forecast_2762,2025-04-26 02:00:00,14305.35985439998,15013.967996813297,11098.217742126188
forecast_2763,2025-04-26 03:00:00,14340.5107649396,14829.272240938328,12308.046692590116
forecast_2764,2025-04-26 04:00:00,13780.275495153845,14144.194870793528,12282.525221397687
forecast_2765,2025-04-26 05:00:00,14294.788415625577,14478.980996540342,12555.594108447556
forecast_2766,2025-04-26 06:00:00,14809.790860742449,14336.091260308696,12528.71056179497
forecast_2767,2025-04-26 07:00:00,14609.493053752529,14128.288247796376,12670.757946354735
forecast_2768,2025-04-26 08:00:00,15343.791509339815,14671.232466377587,13183.925477228457
forecast_2769,2025-04-26 09:00:00,13903.17997254582,13423.228231952096,13078.217438056334
forecast_2770,2025-04-26 10:00:00,13838.128306188051,13322.189884095224,13467.515561431708
forecast_2771,2025-04-26 11:00:00,13979.656109159578,13600.280067165204,13529.944219751023
forecast_2772,2025-04-26 12:00:00,14364.554975925072,14091.281821409202,14416.395593979092
forecast_2773,2025-04-26 13:00:00,14759.471250730056,14672.698601425229,15077.823607076423
forecast_2774,2025-04-26 14:00:00,15744.373609003444,15007.520118606144,15692.141319589184
forecast_2775,2025-04-26 15:00:00,16568.057456926894,16121.010673313927,16260.535320566823
forecast_2776,2025-04-26 16:00:00,16695.3259511257,16365.873604731338,16490.585624890846
forecast_2777,2025-04-26 17:00:00,17596.069599097027,17025.066096664294,16732.568505134066
forecast_2778,2025-04-26 18:00:00,18333.81416468965,18144.169331209167,16989.340468784932
forecast_2779,2025-04-26 19:00:00,18816.194121497287,18858.98558769717,17312.7593349968
forecast_2780,2025-04-26 20:00:00,19523.943903294065,19401.494175989174,17432.880079508417
forecast_2781,2025-04-26 21:00:00,19961.91909922292,19769.54465230979,17792.179489336737
forecast_2782,2025-04-26 22:00:00,20227.60888900122,20133.93679379777,18130.025433346196
forecast_2783,2025-04-26 23:00:00,20317.19856241753,20263.869499675016,18219.223998159967
forecast_2784,2025-04-27 00:00:00,20209.317895472726,20316.98520519509,18287.03751475094
forecast_2785,2025-04-27 01:00:00,20350.095388789738,20328.69628981687,17831.625193183525
forecast_2786,2025-04-27 02:00:00,20141.43261496581,20286.29066658324,17637.08090042642
forecast_2787,2025-04-27 03:00:00,19830.844404011445,20172.047780537683,17476.09062528643
forecast_2788,2025-04-27 04:00:00,19710.64269470075,19986.10524745128,17362.157564171473
forecast_2789,2025-04-27 05:00:00,19483.743423496267,19817.426313821263,17313.372990656062
forecast_2790,2025-04-27 06:00:00,19189.604047790184,19592.414829080924,17259.92950452099
forecast_2791,2025-04-27 07:00:00,18741.596873160564,19303.715353901996,17170.13198705094
forecast_2792,2025-04-27 08:00:00,18852.242076033966,19262.335484140483,17044.812021516704
forecast_2793,2025-04-27 09:00:00,18275.417381044776,18688.094041149583,16829.542848319874
forecast_2794,2025-04-27 10:00:00,17520.282553273497,17528.568956132734,16569.46599779655
forecast_2795,2025-04-27 11:00:00,17434.79941495205,17150.48097131964,16267.9701233401
forecast_2796,2025-04-27 12:00:00,17430.54976399452,16869.103917487773,16012.058664592376
forecast_2797,2025-04-27 13:00:00,17433.26111453907,17003.793612085818,16078.594623745385
forecast_2798,2025-04-27 14:00:00,17152.2653484597,16770.61246293164,15942.42392248382
forecast_2799,2025-04-27 15:00:00,16949.840627177346,16565.368171911075,15711.90189856297
forecast_2800,2025-04-27 16:00:00,16954.714128615058,16754.535495684606,15706.574971032993
forecast_2801,2025-04-27 17:00:00,16681.23276615596,16784.198705998777,15772.09110182677
forecast_2802,2025-04-27 18:00:00,16700.861031445504,16898.779771426525,15680.463187312142
forecast_2803,2025-04-27 19:00:00,16959.575929395334,17187.938555574594,15639.053135569073
forecast_2804,2025-04-27 20:00:00,17504.050608781792,18272.662036503654,15708.668945038116
forecast_2805,2025-04-27 21:00:00,17274.695265972212,18096.1349553177,15404.62836628036
forecast_2806,2025-04-27 22:00:00,18004.489357383416,18662.91791530899,15456.474325527392
forecast_2807,2025-04-27 23:00:00,18458.47366893379,18789.465272100337,15276.44848642203
forecast_2808,2025-04-28 00:00:00,17200.79037942007,17380.352771829934,14473.29746262546
forecast_2809,2025-04-28 01:00:00,16576.634409591377,17082.326369520393,14496.813353354668
forecast_2810,2025-04-28 02:00:00,16055.699859417244,16456.15133467663,13951.740440226778
forecast_2811,2025-04-28 03:00:00,14742.582553172846,15214.65654063184,12889.609268060503
forecast_2812,2025-04-28 04:00:00,12757.028684275783,14138.819427601702,11337.156611036797
forecast_2813,2025-04-28 05:00:00,11363.050920687523,13133.707572182891,10186.683957635669
forecast_2814,2025-04-28 06:00:00,10374.005131297436,11905.324694453344,8509.289298300442
forecast_2815,2025-04-28 07:00:00,8887.7600030533,10124.890539633108,7091.966927148453
forecast_2816,2025-04-28 08:00:00,7308.670893506382,7801.2158562145,4952.745631601092
forecast_2817,2025-04-28 09:00:00,6052.780167687314,5713.490821149599,4297.150493266597
forecast_2818,2025-04-28 10:00:00,6323.283843263991,5283.269622626265,4347.327950787886
forecast_2819,2025-04-28 11:00:00,7922.405905021837,6877.606540215816,5031.949591278969
forecast_2820,2025-04-28 12:00:00,10702.998430926837,9522.42969075887,8176.105847139232
forecast_2821,2025-04-28 13:00:00,11329.435938479106,9733.168449658842,6543.46719846173
forecast_2822,2025-04-28 14:00:00,10967.895416331594,9261.227566207011,6780.777941704662
forecast_2823,2025-04-28 15:00:00,10294.534440433135,8087.272095907312,6653.134338149689
forecast_2824,2025-04-28 16:00:00,7527.740997662784,5669.533406278755,5180.590014981504
forecast_2825,2025-04-28 17:00:00,5197.573879553934,4102.553423304121,4003.295564112737
forecast_2826,2025-04-28 18:00:00,4287.060348934087,4130.968983363423,3715.52556584733
forecast_2827,2025-04-28 19:00:00,4277.482127904488,4144.644795475013,3701.0245423584834
forecast_2828,2025-04-28 20:00:00,4587.706525021108,4163.741602696409,3707.262696883808
forecast_2829,2025-04-28 21:00:00,4529.332690029524,4205.171892589759,3621.993829053281
forecast_2830,2025-04-28 22:00:00,4973.8878741006665,5062.421173594665,3644.941353609762
forecast_2831,2025-04-28 23:00:00,4451.813388959729,4152.628795842502,3548.3041224748367
forecast_2832,2025-04-29 00:00:00,4404.33570550211,4122.156728185162,3652.4773740931887
forecast_2833,2025-04-29 01:00:00,4111.938630708123,4061.765535247405,3498.313254270278
forecast_2834,2025-04-29 02:00:00,3951.633284480943,3877.57565093219,3445.799347101889
forecast_2835,2025-04-29 03:00:00,3882.3387221938287,3880.843925376482,3406.640206503596
forecast_2836,2025-04-29 04:00:00,3847.020019603091,3770.095923145529,3419.806763368864
forecast_2837,2025-04-29 05:00:00,3885.560857019481,3847.211207101293,3420.589292866755
forecast_2838,2025-04-29 06:00:00,4005.658840904852,3874.099785014989,3418.3250709672006
forecast_2839,2025-04-29 07:00:00,4423.670613799163,4114.304444161385,3499.76976936502
forecast_2840,2025-04-29 08:00:00,4415.343537354169,4888.401989836214,3563.206641711884
forecast_2841,2025-04-29 09:00:00,4140.161449639507,4595.754377197443,3631.179934815161
forecast_2842,2025-04-29 10:00:00,5055.921684167111,5190.898208516649,4038.837247794779
forecast_2843,2025-04-29 11:00:00,5975.96910362396,5701.8317478320405,4207.4885449885805
forecast_2844,2025-04-29 12:00:00,6640.723299164217,6182.799850086898,4401.858553424334
forecast_2845,2025-04-29 13:00:00,7224.963990652659,6544.240724620615,5135.948798021487
forecast_2846,2025-04-29 14:00:00,7370.773239522383,6667.107037343225,5541.108760084744
forecast_2847,2025-04-29 15:00:00,7752.914828023589,6788.023607653484,6022.132565836464
forecast_2848,2025-04-29 16:00:00,8306.589582167207,7287.516057551287,6655.707658805455
forecast_2849,2025-04-29 17:00:00,8512.329160004161,7664.768059612496,6993.979772811957
forecast_2850,2025-04-29 18:00:00,9262.861788962424,9416.916806585596,12780.661848682326
forecast_2851,2025-04-29 19:00:00,12054.114350721433,12609.41891413538,14334.700894417903
forecast_2852,2025-04-29 20:00:00,14215.993326338126,14598.847480919036,15377.302659801631
forecast_2853,2025-04-29 21:00:00,16406.227474737723,15791.96296017374,16351.672736014403
forecast_2854,2025-04-29 22:00:00,17896.528670355627,17408.974080342156,16941.314503417547
forecast_2855,2025-04-29 23:00:00,19191.13537215421,18163.837089056957,17284.81013661266
forecast_2856,2025-04-30 00:00:00,19669.5148554574,18984.92822976279,17444.75819841863
forecast_2857,2025-04-30 01:00:00,19677.58754226559,18924.002112847716,17642.661702338533
forecast_2858,2025-04-30 02:00:00,20212.386399932013,19326.01029966359,17790.1990933468
forecast_2859,2025-04-30 03:00:00,20518.836581587075,19414.7840466452,17804.401798971492
forecast_2860,2025-04-30 04:00:00,20301.379969807105,19452.333606529613,17908.085841225096
forecast_2861,2025-04-30 05:00:00,19821.5909511396,19294.760871943177,17695.24485216586
forecast_2862,2025-04-30 06:00:00,19527.66794070905,19132.913876954164,17206.758350407006
forecast_2863,2025-04-30 07:00:00,18030.640859645835,18819.40684413808,16708.723340204207
forecast_2864,2025-04-30 08:00:00,17105.9855534053,18739.07758962972,16140.038817078592
forecast_2865,2025-04-30 09:00:00,15824.398237217749,17128.10480948895,15594.609805661985
forecast_2866,2025-04-30 10:00:00,14614.494618433257,15627.868800437778,15127.276126517329
forecast_2867,2025-04-30 11:00:00,13279.745954785134,13863.874107585774,14378.01792028876
forecast_2868,2025-04-30 12:00:00,12422.143877934372,12697.070481886953,13528.65433395123
forecast_2869,2025-04-30 13:00:00,11340.51566330276,11760.6110465557,12544.045463996672
forecast_2870,2025-04-30 14:00:00,10597.954616389185,11204.003325835498,11466.717650370649
forecast_2871,2025-04-30 15:00:00,10256.46860244263,10900.521428507593,11296.927429122255
forecast_2872,2025-04-30 16:00:00,9658.040345705776,10106.264322035207,10379.228460192948
forecast_2873,2025-04-30 17:00:00,8542.819729015786,8671.103268913233,8696.592592940131
forecast_2874,2025-04-30 18:00:00,8407.272263555815,8116.678145201698,7246.1588130229
forecast_2875,2025-04-30 19:00:00,8238.028887333103,8056.369370121713,7315.203777069014
forecast_2876,2025-04-30 20:00:00,8497.215641668243,9015.117323135646,7546.493956578632
forecast_2877,2025-04-30 21:00:00,9233.19812757126,10285.446581795226,7761.026551956752
forecast_2878,2025-04-30 22:00:00,10641.386754337056,12536.289677899164,8926.20413492249
forecast_2879,2025-04-30 23:00:00,12107.692139087514,14999.084488152994,14364.546265314557
forecast_2880,2025-05-01 00:00:00,12941.072488255866,15887.235626865891,14758.96965583238
forecast_2881,2025-05-01 01:00:00,13852.35856569834,16279.970698871311,15962.85068284907
forecast_2882,2025-05-01 02:00:00,15147.043888805438,17042.132935022782,16433.676976070958
forecast_2883,2025-05-01 03:00:00,15971.962413904845,17764.78922607356,16778.697723658624
forecast_2884,2025-05-01 04:00:00,17124.63713010031,18314.91664086274,17349.516198798145
forecast_2885,2025-05-01 05:00:00,17336.46773105063,18596.03837184637,17775.02713139062
forecast_2886,2025-05-01 06:00:00,17373.251003808466,18610.892093049457,17758.037651243823
forecast_2887,2025-05-01 07:00:00,17963.91642486121,18795.8738372754,17978.797023223546
forecast_2888,2025-05-01 08:00:00,17898.2700470092,18618.75754809401,17566.360487843307
forecast_2889,2025-05-01 09:00:00,18208.46764817486,18630.754129081382,17320.394758792467
forecast_2890,2025-05-01 10:00:00,18559.20276563559,18627.55845453038,17076.9384489967
forecast_2891,2025-05-01 11:00:00,18400.605461695977,18508.66378407536,17454.50219473863
forecast_2892,2025-05-01 12:00:00,18312.72767259221,18232.659681925867,17741.585296372326
forecast_2893,2025-05-01 13:00:00,17992.421933035665,17856.68501829039,17680.1091817272
forecast_2894,2025-05-01 14:00:00,17164.920777371703,17199.877176315134,17742.299046986347
forecast_2895,2025-05-01 15:00:00,16848.118361735567,16777.22798717769,17591.33936625717
forecast_2896,2025-05-01 16:00:00,17034.294283889612,16795.321230394104,17181.88184334436
forecast_2897,2025-05-01 17:00:00,16032.765016722968,16446.410884652018,16810.437989392034
forecast_2898,2025-05-01 18:00:00,14230.99906097422,15540.028788040145,16275.102011298572
forecast_2899,2025-05-01 19:00:00,14885.49433412634,15783.32563380251,16261.962824348277
forecast_2900,2025-05-01 20:00:00,14720.776654728928,15939.20067212043,16137.129192032064
forecast_2901,2025-05-01 21:00:00,14937.98166909889,15700.010995468052,15799.811966665464
forecast_2902,2025-05-01 22:00:00,16624.090845371542,16423.666031101773,16177.591536144006
forecast_2903,2025-05-01 23:00:00,17593.71279824215,17128.91708247382,16062.463722059116
forecast_2904,2025-05-02 00:00:00,18102.098027861437,17595.375744530364,16130.448074487853
forecast_2905,2025-05-02 01:00:00,18544.18716433275,18202.841440024607,16037.281894657544
forecast_2906,2025-05-02 02:00:00,18589.135822991477,18169.400243366967,15672.302969143757
forecast_2907,2025-05-02 03:00:00,18235.35324101125,17841.373083552688,15350.27597195533
forecast_2908,2025-05-02 04:00:00,18584.57853292783,17960.42763727307,15329.45135202364
forecast_2909,2025-05-02 05:00:00,18350.927402367182,17693.49127682617,15030.237888128988
forecast_2910,2025-05-02 06:00:00,17981.94331238595,17199.347875307238,14496.15020111678
forecast_2911,2025-05-02 07:00:00,17088.629225862685,16112.643087269793,13866.991291952025
forecast_2912,2025-05-02 08:00:00,15613.825584947976,14251.946152741277,12423.887454138505
forecast_2913,2025-05-02 09:00:00,14448.282114529096,12849.443603205327,10843.595779666555
forecast_2914,2025-05-02 10:00:00,12918.978047519193,11393.991799429728,9947.48534191368
forecast_2915,2025-05-02 11:00:00,11263.483735126592,9212.622622172828,8277.790990682339
forecast_2916,2025-05-02 12:00:00,10322.740778765958,7911.224074778735,6606.878489036792
forecast_2917,2025-05-02 13:00:00,9330.71070072414,6831.481203438711,6638.911949261155
forecast_2918,2025-05-02 14:00:00,9444.437300541498,7201.033031616445,6632.909663698509
forecast_2919,2025-05-02 15:00:00,9144.981102228228,7032.1643158246325,6142.946893382247
forecast_2920,2025-05-02 16:00:00,8725.201486330927,7011.19990590633,5840.081962313336
forecast_2921,2025-05-02 17:00:00,8575.005563882443,6721.47511430428,5355.783266984504
forecast_2922,2025-05-02 18:00:00,9805.689662250998,8085.61317633724,6230.614691284821
forecast_2923,2025-05-02 19:00:00,10197.723706443649,9156.275075162355,7311.006546559099
forecast_2924,2025-05-02 20:00:00,12245.23303870751,11338.209678703348,9257.486737259696
forecast_2925,2025-05-02 21:00:00,13038.3323289619,12558.663529234069,11579.166772989129
forecast_2926,2025-05-02 22:00:00,13132.542787741037,13206.870257761728,12272.486327600524
forecast_2927,2025-05-02 23:00:00,13104.667238468392,13358.867577190578,12476.129958328997
forecast_2928,2025-05-03 00:00:00,12934.09874178544,12918.1421854778,10772.158294532985
forecast_2929,2025-05-03 01:00:00,11989.075552282482,12714.630588220476,11030.756629038318
forecast_2930,2025-05-03 02:00:00,11288.345621416976,11685.299895747516,10034.533260550528
forecast_2931,2025-05-03 03:00:00,10008.736644139071,10749.163816012497,8830.54353645275
forecast_2932,2025-05-03 04:00:00,7968.496521847448,8732.878665248945,6301.069378855679
forecast_2933,2025-05-03 05:00:00,6720.32426850447,7135.258114057175,3612.469089964443
forecast_2934,2025-05-03 06:00:00,5746.143695794965,6182.287539881164,3580.717972603884
forecast_2935,2025-05-03 07:00:00,5096.804837677889,5406.779316284344,3633.994609582354
forecast_2936,2025-05-03 08:00:00,6033.8006797939925,6056.194077480426,3525.249334809435
forecast_2937,2025-05-03 09:00:00,6510.027593618731,6589.560516988008,3625.4518156304207
forecast_2938,2025-05-03 10:00:00,7716.89166939109,8495.149527853986,6076.247220017314
forecast_2939,2025-05-03 11:00:00,9687.047582225608,10644.680087446988,8707.720501395217
forecast_2940,2025-05-03 12:00:00,12715.158590793571,12264.021957812947,10887.64335842904
forecast_2941,2025-05-03 13:00:00,13793.451270259977,13421.503601507817,12074.294831038376
forecast_2942,2025-05-03 14:00:00,14384.875662159537,13694.978927555814,11790.885265018404
forecast_2943,2025-05-03 15:00:00,14844.631080963018,13897.955976099189,12768.75330303306
forecast_2944,2025-05-03 16:00:00,14070.438850524057,13376.24121401234,12767.87799037375
forecast_2945,2025-05-03 17:00:00,13961.300645833682,12971.2186846499,12672.021907257584
forecast_2946,2025-05-03 18:00:00,14296.780663330816,13193.780773659597,12662.158688516296
forecast_2947,2025-05-03 19:00:00,14870.287132892783,13651.662025900569,12538.245766151063
forecast_2948,2025-05-03 20:00:00,14711.613249536013,14057.249443452356,12835.574860649333
forecast_2949,2025-05-03 21:00:00,14259.08834089422,14317.012642950249,12212.869187513024
forecast_2950,2025-05-03 22:00:00,14318.575150003244,14385.279751775171,11990.097028399145
forecast_2951,2025-05-03 23:00:00,14489.260213840416,14543.474720761733,12246.305325944517
forecast_2952,2025-05-04 00:00:00,15646.160790539598,15331.555805191692,13031.681712214218
forecast_2953,2025-05-04 01:00:00,16151.614953845165,15992.475352883095,13353.42238053144
forecast_2954,2025-05-04 02:00:00,16320.504678278156,16160.12117289815,13278.511570378443
forecast_2955,2025-05-04 03:00:00,15985.707295726172,15688.616270380324,12661.72898542758
forecast_2956,2025-05-04 04:00:00,16184.794296840628,16096.545694381077,12334.874758769683
forecast_2957,2025-05-04 05:00:00,16203.50846342016,16184.00089359986,12062.816278765717
forecast_2958,2025-05-04 06:00:00,16039.395498286773,15934.10858602065,11953.08487061735
forecast_2959,2025-05-04 07:00:00,15709.213907410684,15787.31720378851,12157.282268933495
forecast_2960,2025-05-04 08:00:00,15514.759085350248,15714.582474552806,12539.276080931431
forecast_2961,2025-05-04 09:00:00,15107.11486589368,14896.427692600542,12869.744335021214
forecast_2962,2025-05-04 10:00:00,15136.301790334292,14765.191022595174,12910.890154245546
forecast_2963,2025-05-04 11:00:00,14483.07947475464,14258.56432978582,12893.20487239128
forecast_2964,2025-05-04 12:00:00,14962.058235789056,14568.298013663749,12928.167973191945
forecast_2965,2025-05-04 13:00:00,15493.693470348622,15434.071338983416,13722.703725286465
forecast_2966,2025-05-04 14:00:00,16957.08309511579,16493.71266248089,13878.986820218755
forecast_2967,2025-05-04 15:00:00,17162.05856272659,16658.54021454899,13482.188378294984
forecast_2968,2025-05-04 16:00:00,17026.135247476548,16439.095445825023,12760.889676646377
forecast_2969,2025-05-04 17:00:00,15764.746164413807,15289.60267042099,10752.104489459522
forecast_2970,2025-05-04 18:00:00,15258.005027529494,14727.086739477338,10672.442303933703
forecast_2971,2025-05-04 19:00:00,14049.286433465391,13269.16260716602,10252.335782464506
forecast_2972,2025-05-04 20:00:00,13059.111119061148,12158.55231154578,9842.719378890715
forecast_2973,2025-05-04 21:00:00,11883.341888809824,10745.679659099036,7866.293473588371
forecast_2974,2025-05-04 22:00:00,8999.750850889905,7632.829948087621,5941.315490021454
forecast_2975,2025-05-04 23:00:00,5312.613968748674,4331.4810040319535,3551.082501396074
forecast_2976,2025-05-05 00:00:00,3922.9318896184495,3877.0872075623142,3435.58686956963
forecast_2977,2025-05-05 01:00:00,4057.9739908065385,3992.776398754864,3424.054733121261
forecast_2978,2025-05-05 02:00:00,3937.742049228009,3871.422760795836,3456.9317959132054
forecast_2979,2025-05-05 03:00:00,3922.772352311918,3913.564262388219,3444.354376295131
forecast_2980,2025-05-05 04:00:00,3904.192625797097,3864.579246399269,3432.294820592991
forecast_2981,2025-05-05 05:00:00,3885.6652878506,3790.66620982749,3385.417343396698
forecast_2982,2025-05-05 06:00:00,3746.134416532705,3681.986675459384,3371.7548357633027
forecast_2983,2025-05-05 07:00:00,3793.921290695112,3707.4373971503496,3366.7971838814983
forecast_2984,2025-05-05 08:00:00,3728.648143741136,3667.854235229112,3367.3747992009726
forecast_2985,2025-05-05 09:00:00,3721.223168329168,3640.586122345867,3368.0926165328874
forecast_2986,2025-05-05 10:00:00,3717.267411551428,3625.482887305577,3367.9384869284595
forecast_2987,2025-05-05 11:00:00,3710.9121100906,3626.493667797268,3363.600575686338
forecast_2988,2025-05-05 12:00:00,3707.869914281935,3620.976171856049,3363.740876875195
forecast_2989,2025-05-05 13:00:00,3710.0272149221473,3622.230660515703,3368.6330198626583
forecast_2990,2025-05-05 14:00:00,3714.605387821665,3638.0261965309433,3368.2285129519223
forecast_2991,2025-05-05 15:00:00,3716.36996669198,3625.49721527566,3368.2203087271505
forecast_2992,2025-05-05 16:00:00,3733.3508657498815,3629.7899708688815,3364.581154817792
forecast_2993,2025-05-05 17:00:00,3746.027754724146,3651.213677256832,3369.277235125296
forecast_2994,2025-05-05 18:00:00,3845.580257339481,3715.2412590621298,3382.7702129564427
forecast_2995,2025-05-05 19:00:00,4061.555886978804,3942.290188985357,3477.166577255284
forecast_2996,2025-05-05 20:00:00,4091.0217486951738,3996.6723297367794,3491.776625008551
forecast_2997,2025-05-05 21:00:00,3729.135063079185,3969.379786706153,3464.2480539002604
forecast_2998,2025-05-05 22:00:00,4149.497582536767,4133.203043278337,3754.152073556853
forecast_2999,2025-05-05 23:00:00,3998.096380784505,3942.363014132079,3471.100105405772
forecast_3000,2025-05-06 00:00:00,3437.198645643693,3879.9230278212303,3440.766952817757
forecast_3001,2025-05-06 01:00:00,3881.688439075625,3832.919966916759,3374.6405145050594
forecast_3002,2025-05-06 02:00:00,3851.408107817525,3774.315417197218,3379.109880306568
forecast_3003,2025-05-06 03:00:00,3863.6386159983062,3792.7710217737376,3373.074816755696
forecast_3004,2025-05-06 04:00:00,3784.8011686346217,3754.60243664899,3374.1567863144546
forecast_3005,2025-05-06 05:00:00,3829.4087567851434,3781.3274138927327,3385.063245954156
forecast_3006,2025-05-06 06:00:00,3921.368637460193,3869.1403175156256,3408.614992955387
forecast_3007,2025-05-06 07:00:00,3910.523435976932,3833.42187174559,3383.672051263297
forecast_3008,2025-05-06 08:00:00,3839.495865813461,3815.473737953182,3408.872920542413
forecast_3009,2025-05-06 09:00:00,3784.463625226652,3752.03142210837,3404.5890874484585
forecast_3010,2025-05-06 10:00:00,3734.311016474668,3703.373868652265,3368.172743550022
forecast_3011,2025-05-06 11:00:00,3728.754027882017,3670.028649322626,3364.4785365978773
forecast_3012,2025-05-06 12:00:00,3730.453838483632,3660.5402591008433,3366.667080082761
forecast_3013,2025-05-06 13:00:00,3736.46498325592,3677.7223974703256,3387.462178678481
forecast_3014,2025-05-06 14:00:00,3731.0042571997737,3656.2636761256,3375.948637064665
forecast_3015,2025-05-06 15:00:00,3737.50174741434,3657.358500452992,3374.042759290932
forecast_3016,2025-05-06 16:00:00,3718.779825563289,3652.549590123394,3365.5845032969573
forecast_3017,2025-05-06 17:00:00,3723.54975466386,3654.576064182183,3377.4308538541995
forecast_3018,2025-05-06 18:00:00,3759.3966845758177,3683.812523283664,3374.048686688196
forecast_3019,2025-05-06 19:00:00,3750.118270569779,3660.142532048068,3380.1374290771537
forecast_3020,2025-05-06 20:00:00,3777.377798793121,3730.249481945808,3389.6061902729466
forecast_3021,2025-05-06 21:00:00,3887.3715576051695,3771.2947471617754,3406.7009212689336
forecast_3022,2025-05-06 22:00:00,3938.636122857768,3828.221217734144,3389.047546824652
forecast_3023,2025-05-06 23:00:00,3891.388940429019,3805.9160358222575,3418.5982784105377
forecast_3024,2025-05-07 00:00:00,3922.409179157567,3926.568840667201,3418.5041025160717
forecast_3025,2025-05-07 01:00:00,3622.362895786712,3833.6951160290087,3506.051825486281
forecast_3026,2025-05-07 02:00:00,3983.114971628208,3933.89912156562,3590.324327224898
forecast_3027,2025-05-07 03:00:00,4032.7365242072183,3897.2579735098825,3528.950113487452
forecast_3028,2025-05-07 04:00:00,3551.656254011123,3851.314982965373,3557.637955862703
forecast_3029,2025-05-07 05:00:00,4103.653975707792,3951.390450309247,3624.3102212885688
forecast_3030,2025-05-07 06:00:00,4079.96073407043,3999.39844651206,3664.434614760644
forecast_3031,2025-05-07 07:00:00,4040.057209539223,4036.516516472246,3510.196416470968
forecast_3032,2025-05-07 08:00:00,3841.848804791276,4013.0865667945886,3465.918876810336
forecast_3033,2025-05-07 09:00:00,3971.738795056882,3865.889658037379,3425.1765282253423
forecast_3034,2025-05-07 10:00:00,3936.544304878759,3830.211856526465,3417.694289382212
forecast_3035,2025-05-07 11:00:00,3998.7761210704734,3848.978510841312,3426.347290345185
forecast_3036,2025-05-07 12:00:00,3979.1146407385377,3821.796028851692,3397.4211177394004
forecast_3037,2025-05-07 13:00:00,3905.779026086012,3750.975932417325,3401.3151176023
forecast_3038,2025-05-07 14:00:00,3878.97381150253,3760.715285011951,3405.2261143169576
forecast_3039,2025-05-07 15:00:00,3859.619426978931,3741.963902636516,3387.749355846012
forecast_3040,2025-05-07 16:00:00,3834.3966998183,3737.498253766357,3372.639779712405
forecast_3041,2025-05-07 17:00:00,3778.202955608056,3652.452766897486,3363.386826571304
forecast_3042,2025-05-07 18:00:00,3801.2400720957176,3676.811301445905,3368.0044179661704
forecast_3043,2025-05-07 19:00:00,3949.303597371257,3845.600507655983,3393.262494492062
forecast_3044,2025-05-07 20:00:00,3699.728826156314,3994.956587026021,3459.696529421728
forecast_3045,2025-05-07 21:00:00,5274.866079466146,4566.901380145992,3667.124598996464
forecast_3046,2025-05-07 22:00:00,6239.297593264585,5312.972047891867,4111.894474832999
forecast_3047,2025-05-07 23:00:00,7155.424153800532,6312.471399848572,4811.415475772081
forecast_3048,2025-05-08 00:00:00,7039.63461921775,6281.529627776111,4527.689505715699
forecast_3049,2025-05-08 01:00:00,6422.313604689249,6429.985823185992,4490.9783096545925
forecast_3050,2025-05-08 02:00:00,6787.57997446927,6930.444631378035,5595.534262553132
forecast_3051,2025-05-08 03:00:00,7685.688982026452,7826.670470342121,6910.399503510692
forecast_3052,2025-05-08 04:00:00,8463.793633923757,8356.592831622227,6901.865727616905
forecast_3053,2025-05-08 05:00:00,7092.525908001235,7102.480946644241,6248.570354146903
forecast_3054,2025-05-08 06:00:00,5327.5096304209765,5592.588685032048,5040.111518370375
forecast_3055,2025-05-08 07:00:00,4224.302138557349,3906.365067689389,3602.515203509337
forecast_3056,2025-05-08 08:00:00,3960.279428683739,3944.5800801689775,3420.925326330539
forecast_3057,2025-05-08 09:00:00,3767.030797386004,3690.3422022069976,3382.855317029871
forecast_3058,2025-05-08 10:00:00,3750.522166900633,3672.732181332432,3385.9999080861967
forecast_3059,2025-05-08 11:00:00,3769.283377411584,3680.862655959291,3389.7346017085683
forecast_3060,2025-05-08 12:00:00,3768.280103267055,3666.943994293729,3379.4480879312564
forecast_3061,2025-05-08 13:00:00,3759.21388497158,3678.445269638281,3383.607792127562
forecast_3062,2025-05-08 14:00:00,3804.453567858698,3815.408379773288,3472.649506255455
forecast_3063,2025-05-08 15:00:00,3809.487903516219,3755.8602033074376,3601.473405544677
forecast_3064,2025-05-08 16:00:00,3843.624267789242,3845.6220873520447,3560.37078787005
forecast_3065,2025-05-08 17:00:00,3894.836701622472,3904.954697971615,3612.255545762534
forecast_3066,2025-05-08 18:00:00,4066.1124742728944,3991.23208911976,3591.437576587271
forecast_3067,2025-05-08 19:00:00,4365.402585772644,4070.8559689574654,3634.043112456357
forecast_3068,2025-05-08 20:00:00,4063.620701213036,3886.137729181313,3429.15201180776
forecast_3069,2025-05-08 21:00:00,3461.978860071222,3799.340538023611,3470.5798194351
forecast_3070,2025-05-08 22:00:00,4037.619456268435,4487.312511442892,3565.8497756693573
forecast_3071,2025-05-08 23:00:00,4981.167577158435,5192.395626749642,3542.7017184816104
forecast_3072,2025-05-09 00:00:00,5124.786758589927,5158.799132937905,3545.964809918808
forecast_3073,2025-05-09 01:00:00,5851.385347617074,5953.778195249509,3735.4943292653857
forecast_3074,2025-05-09 02:00:00,5479.181362606115,5795.142706493591,4936.757173483135
forecast_3075,2025-05-09 03:00:00,4744.680178346033,5005.037794491597,3654.165879356117
forecast_3076,2025-05-09 04:00:00,4388.8752122224005,4791.255981223291,3640.4613859637534
forecast_3077,2025-05-09 05:00:00,3978.288739366639,4084.9057315744185,3475.6157951387704
forecast_3078,2025-05-09 06:00:00,3829.5213102553935,4035.7824293093513,3486.0083080969603
forecast_3079,2025-05-09 07:00:00,3531.2788697311657,3911.758717788658,3433.1463714184715
forecast_3080,2025-05-09 08:00:00,4076.06504846026,3986.08121783248,3414.449686066333
forecast_3081,2025-05-09 09:00:00,3514.2484909011787,3878.396175929184,3517.399288817193
forecast_3082,2025-05-09 10:00:00,3986.334032904103,4417.07182305432,3598.6907787497985
forecast_3083,2025-05-09 11:00:00,5068.981386348168,5136.432512851354,3647.306816148322
forecast_3084,2025-05-09 12:00:00,7232.284071769011,8104.963152653086,4847.286051999043
forecast_3085,2025-05-09 13:00:00,8283.619741924864,9371.038612327233,5574.55843712839
forecast_3086,2025-05-09 14:00:00,9605.950352249336,10463.745527168334,7452.305515883182
forecast_3087,2025-05-09 15:00:00,10062.992281350393,10492.677501692157,8329.95516274793
forecast_3088,2025-05-09 16:00:00,10199.595013235828,10102.494010154502,8793.241426258943
forecast_3089,2025-05-09 17:00:00,9779.574338224067,9527.279366781057,8765.70410925928
forecast_3090,2025-05-09 18:00:00,8702.245249000007,8625.764947547417,7413.713955086374
forecast_3091,2025-05-09 19:00:00,6936.7377445903885,7630.545040927886,6557.7367344337845
forecast_3092,2025-05-09 20:00:00,6357.227648630881,6597.802852761934,5454.741115632474
forecast_3093,2025-05-09 21:00:00,6196.744946440031,6831.2197992073725,3588.85227353506
forecast_3094,2025-05-09 22:00:00,6727.859524150514,7867.914094266731,3529.37254152226
forecast_3095,2025-05-09 23:00:00,7529.810901767073,8961.44225975988,3656.809205525417
forecast_3096,2025-05-10 00:00:00,10010.952081313702,12098.256717953933,8362.45233616166
forecast_3097,2025-05-10 01:00:00,12701.23529292906,13931.999596797792,11426.618009706082
forecast_3098,2025-05-10 02:00:00,13888.165634104836,15264.566385146323,13035.581487747851
forecast_3099,2025-05-10 03:00:00,14678.017567607914,15918.404420723082,14319.931020617762
forecast_3100,2025-05-10 04:00:00,15697.71499589386,16392.635517448518,15476.305819804798
forecast_3101,2025-05-10 05:00:00,16537.884537887927,17065.810153488907,16908.20028299666
forecast_3102,2025-05-10 06:00:00,18304.632496485592,18306.438787030955,17916.813004234587
forecast_3103,2025-05-10 07:00:00,19434.819440853506,19380.061433516425,18409.770742554803
forecast_3104,2025-05-10 08:00:00,19455.850269578696,19503.99916992775,18334.806080465365
forecast_3105,2025-05-10 09:00:00,19369.074835794418,19516.28567861377,18349.87588225657
forecast_3106,2025-05-10 10:00:00,19190.03646837888,19325.55954142804,18232.09647202638
forecast_3107,2025-05-10 11:00:00,19248.228238736647,19219.858239507623,17737.85762914528
forecast_3108,2025-05-10 12:00:00,19334.512766206684,19058.335715545774,17747.28164676823
forecast_3109,2025-05-10 13:00:00,18963.320888441853,18684.36149096292,17033.555131631078
forecast_3110,2025-05-10 14:00:00,18945.292048365434,18539.305179155643,16739.113745750754
forecast_3111,2025-05-10 15:00:00,18705.86467434629,17990.2950614277,15926.996838389785
forecast_3112,2025-05-10 16:00:00,17173.463839822856,16831.177825606646,14424.029259952476
forecast_3113,2025-05-10 17:00:00,15882.75193344088,14903.939538047169,13313.875621101544
forecast_3114,2025-05-10 18:00:00,14756.599188476332,13565.855646355592,11651.170311343556
forecast_3115,2025-05-10 19:00:00,13321.144373048925,11653.777136987212,10758.13268191447
forecast_3116,2025-05-10 20:00:00,11285.436857671695,10607.149190249029,10069.336402026309
forecast_3117,2025-05-10 21:00:00,9987.35067093234,10009.514608396974,9402.29030724474
forecast_3118,2025-05-10 22:00:00,9240.01166758986,9606.074395755564,8663.153734555412
forecast_3119,2025-05-10 23:00:00,8737.98284587532,10038.069086407058,7159.650564471924
forecast_3120,2025-05-11 00:00:00,8109.979165921656,9004.820169121454,6964.286123895083
forecast_3121,2025-05-11 01:00:00,8365.490108103006,9691.01654084126,7263.079631854689
forecast_3122,2025-05-11 02:00:00,8365.717159319747,9678.012142917034,7277.968483568372
forecast_3123,2025-05-11 03:00:00,7178.242188930909,8648.246735630533,6655.206521529407
forecast_3124,2025-05-11 04:00:00,6615.5268947834165,8158.088434433209,6210.239239809304
forecast_3125,2025-05-11 05:00:00,6585.358420745208,7940.366353344691,5739.276411265495
forecast_3126,2025-05-11 06:00:00,5543.53256225651,6396.371768444324,4544.346795047384
forecast_3127,2025-05-11 07:00:00,5079.274273263837,5418.269500888033,3660.2475252236586
forecast_3128,2025-05-11 08:00:00,4117.550516093663,4071.167917679292,3562.045498470296
forecast_3129,2025-05-11 09:00:00,4010.8703337318334,3941.861852787105,3410.239086023232
forecast_3130,2025-05-11 10:00:00,3877.4493935106943,3758.540685371758,3384.9492562188
forecast_3131,2025-05-11 11:00:00,3859.534983208757,3790.85258311011,3400.1650280477124
forecast_3132,2025-05-11 12:00:00,3817.199985360211,3734.377888294164,3391.257397636265
forecast_3133,2025-05-11 13:00:00,3857.592350394967,3755.546383950428,3408.815703272875
forecast_3134,2025-05-11 14:00:00,3989.30515997335,3854.963259712701,3431.4527684053555
forecast_3135,2025-05-11 15:00:00,3980.4754533899018,3902.329737110852,3532.4033838970827
forecast_3136,2025-05-11 16:00:00,4102.145095927234,4032.002873899968,3509.069805110549
forecast_3137,2025-05-11 17:00:00,4096.13474740645,4110.4439502999485,3666.2541207463296
forecast_3138,2025-05-11 18:00:00,4399.1259897437485,3898.680772170585,3148.2585711585803
forecast_3139,2025-05-11 19:00:00,5923.302426267192,5742.308088171112,4118.961038264669
forecast_3140,2025-05-11 20:00:00,7859.448154114256,8302.898865675976,5313.123555154662
forecast_3141,2025-05-11 21:00:00,10721.011681149572,11359.965245770194,7292.256439486436
forecast_3142,2025-05-11 22:00:00,12971.57446231787,14009.094508052593,10206.030926220968
forecast_3143,2025-05-11 23:00:00,14093.1834655331,14645.663201156529,11336.623386474825
forecast_3144,2025-05-12 00:00:00,14588.237211941336,15211.389066100355,11486.844886888384
forecast_3145,2025-05-12 01:00:00,14405.20978077992,15079.746881167588,12093.406091341742
forecast_3146,2025-05-12 02:00:00,15946.68150323331,15787.670145754284,12375.273722822638
forecast_3147,2025-05-12 03:00:00,16114.267528464685,15776.795505107868,12314.099579067031
forecast_3148,2025-05-12 04:00:00,15302.350705235483,15148.248405528208,11888.054329977118
forecast_3149,2025-05-12 05:00:00,16064.545143828347,15289.078929378678,11300.940523881987
forecast_3150,2025-05-12 06:00:00,15142.273103380452,14488.00177232148,11344.924269604444
forecast_3151,2025-05-12 07:00:00,14317.306337918177,13522.202931573374,11116.34949315033
forecast_3152,2025-05-12 08:00:00,13533.38453185119,12150.072937289857,10127.98360411022
forecast_3153,2025-05-12 09:00:00,12748.65153225794,11106.527485482016,8551.647564677221
forecast_3154,2025-05-12 10:00:00,11311.301438435912,9802.047917801166,7296.323161176512
forecast_3155,2025-05-12 11:00:00,9081.7832266928,7802.07581013799,6180.451325888945
forecast_3156,2025-05-12 12:00:00,9005.646871915367,7507.154513630601,5762.086710153542
forecast_3157,2025-05-12 13:00:00,9511.027238819805,7682.508562974019,7455.468523160375
forecast_3158,2025-05-12 14:00:00,8958.338814383336,7165.519206946657,6615.552610792608
forecast_3159,2025-05-12 15:00:00,8848.19196012805,7151.092811194232,6520.269556054096
forecast_3160,2025-05-12 16:00:00,8729.509891640488,7465.121781841755,6608.621778759189
forecast_3161,2025-05-12 17:00:00,9170.899782155224,8121.44869043788,7234.561691301365
forecast_3162,2025-05-12 18:00:00,10758.801539685386,9833.21731041715,8805.107724094561
forecast_3163,2025-05-12 19:00:00,12898.96635277834,13075.232311697486,11678.053220491576
forecast_3164,2025-05-12 20:00:00,15798.312357673414,15126.064970163336,13317.777021785909
forecast_3165,2025-05-12 21:00:00,18334.23330181128,17272.561624688005,15309.816717587632
forecast_3166,2025-05-12 22:00:00,19333.085649715944,18174.06564511209,16856.756486737246
forecast_3167,2025-05-12 23:00:00,19779.401222560675,18650.42841960422,17276.428084008734
forecast_3168,2025-05-13 00:00:00,20061.689013260788,18904.830391009076,17675.97543344123
forecast_3169,2025-05-13 01:00:00,20501.08273366908,19529.871861581167,18113.916545637927
forecast_3170,2025-05-13 02:00:00,20505.787251393274,19588.35300142333,18396.06116110924
forecast_3171,2025-05-13 03:00:00,20212.568622042843,19482.06118459628,18470.02026281016
forecast_3172,2025-05-13 04:00:00,19952.403707180078,19432.12690239562,18100.11365819007
forecast_3173,2025-05-13 05:00:00,19924.89249259133,19469.348545379296,18332.88040501572
forecast_3174,2025-05-13 06:00:00,19678.68935751377,19195.88594786098,17735.001385724623
forecast_3175,2025-05-13 07:00:00,18932.44875245869,18669.637716905778,17124.597829790004
forecast_3176,2025-05-13 08:00:00,17785.29664174413,18383.02285800878,16622.88392200222
forecast_3177,2025-05-13 09:00:00,16902.07479915671,17384.897279404184,16262.484115195806
forecast_3178,2025-05-13 10:00:00,16809.90130919588,16872.811151984613,15865.311422086565
forecast_3179,2025-05-13 11:00:00,15300.033194676553,15700.48829218216,15648.367660056498
forecast_3180,2025-05-13 12:00:00,14593.735162398854,14624.459651758858,15472.641138891522
forecast_3181,2025-05-13 13:00:00,14292.930020356527,14120.175177015177,15211.70761479962
forecast_3182,2025-05-13 14:00:00,13994.910744174564,13733.613907505154,14936.521472736284
forecast_3183,2025-05-13 15:00:00,13831.22202401194,13611.497331144385,14843.450806486668
forecast_3184,2025-05-13 16:00:00,14080.95110417815,13694.92372543336,14957.045600698944
forecast_3185,2025-05-13 17:00:00,14395.420717764628,14179.539100871452,15170.202245779545
forecast_3186,2025-05-13 18:00:00,15087.098742287588,15020.566726826664,15450.860566291098
forecast_3187,2025-05-13 19:00:00,17716.053806019707,16650.36283150687,16183.86934969038
forecast_3188,2025-05-13 20:00:00,19068.07899011254,17446.631588841352,16703.08826148406
forecast_3189,2025-05-13 21:00:00,19596.195182169748,18485.946474920416,17106.54885109348
forecast_3190,2025-05-13 22:00:00,19849.136820829164,19249.456401218933,17355.60440915373
forecast_3191,2025-05-13 23:00:00,19895.99954088028,19492.344586943684,17561.98808064784
forecast_3192,2025-05-14 00:00:00,20020.71528709071,19502.530958649862,17361.10558914106
forecast_3193,2025-05-14 01:00:00,19554.162610571257,19603.39082374004,17717.667776785078
forecast_3194,2025-05-14 02:00:00,20221.144420572044,19757.590215112585,17719.365149182184
forecast_3195,2025-05-14 03:00:00,20453.096336093076,19712.284277347888,17401.196982836398
forecast_3196,2025-05-14 04:00:00,19735.42547802292,19346.90671138212,16471.18068015039
forecast_3197,2025-05-14 05:00:00,19887.746517752606,18873.393897527934,15928.953219978712
forecast_3198,2025-05-14 06:00:00,18946.059098964677,17809.404203209473,13921.649427898488
forecast_3199,2025-05-14 07:00:00,16066.079508967305,14881.920480330444,12166.645394151734
forecast_3200,2025-05-14 08:00:00,13329.415170589233,11461.479720887894,11104.21249843092
forecast_3201,2025-05-14 09:00:00,10919.752804235592,8240.656834459458,9038.094083768894
forecast_3202,2025-05-14 10:00:00,7583.382535138401,6064.070825699552,7588.271475983943
forecast_3203,2025-05-14 11:00:00,4946.80177984453,4383.3676789680085,6212.434575596232
forecast_3204,2025-05-14 12:00:00,4148.162396653718,4145.32957676824,5006.074094961338
forecast_3205,2025-05-14 13:00:00,4068.951084805161,4177.211333462527,5056.467306048981
forecast_3206,2025-05-14 14:00:00,4147.09601772262,4170.820518378054,5345.73431717353
forecast_3207,2025-05-14 15:00:00,4140.133374871638,3855.166148352297,5452.65095843681
forecast_3208,2025-05-14 16:00:00,4432.865449007336,4224.257435947201,4981.536788916379
forecast_3209,2025-05-14 17:00:00,5233.333891551287,4824.586633859035,4912.650326732209
forecast_3210,2025-05-14 18:00:00,5779.065070471575,5790.774794130631,4648.996421127656
forecast_3211,2025-05-14 19:00:00,7007.596815036959,7047.880086507802,5107.936851373851
forecast_3212,2025-05-14 20:00:00,7060.85656429568,7629.251158785431,5248.205820278083
forecast_3213,2025-05-14 21:00:00,7231.357216998292,8046.554262226595,5314.400459113703
forecast_3214,2025-05-14 22:00:00,8355.869809104817,10102.7492063277,6643.400169542728
forecast_3215,2025-05-14 23:00:00,8663.948289324213,10923.453017011328,6929.679560805024
forecast_3216,2025-05-15 00:00:00,9892.449123366556,11978.517216397931,8120.34624427968
forecast_3217,2025-05-15 01:00:00,11710.59763852197,12945.052128421255,9289.771596644272
forecast_3218,2025-05-15 02:00:00,12550.654525880844,13908.013019720733,10173.41920013272
forecast_3219,2025-05-15 03:00:00,12612.241377011089,14060.827931781918,10643.72431397139
forecast_3220,2025-05-15 04:00:00,13180.44550941165,14702.9289675023,14008.38013680401
forecast_3221,2025-05-15 05:00:00,13753.055421611822,15029.857341406425,14994.191456208086
forecast_3222,2025-05-15 06:00:00,14482.316211694597,15542.854307493531,15679.817136982709
forecast_3223,2025-05-15 07:00:00,15990.40516437594,16645.71867094177,16198.37713125654
forecast_3224,2025-05-15 08:00:00,17545.103915254735,17552.47305737892,16780.34296443298
forecast_3225,2025-05-15 09:00:00,17324.418184311795,17322.929544194492,16959.97952462996
forecast_3226,2025-05-15 10:00:00,17230.454896767827,17179.52013207666,17037.744786836476
forecast_3227,2025-05-15 11:00:00,16714.478776369186,16601.36851972762,16844.425419523246
forecast_3228,2025-05-15 12:00:00,15933.484928475827,16356.276890705423,16710.556283649614
forecast_3229,2025-05-15 13:00:00,17157.977123603618,17095.052137285707,17020.284506211174
forecast_3230,2025-05-15 14:00:00,17126.04445737904,17209.31415913859,17287.664429711243
forecast_3231,2025-05-15 15:00:00,16581.332722556162,16757.34948343,17103.527349825137
forecast_3232,2025-05-15 16:00:00,15894.46645257316,16149.301820131945,16915.361822153296
forecast_3233,2025-05-15 17:00:00,15973.276373874862,16090.799922860811,16905.695682390044
forecast_3234,2025-05-15 18:00:00,16718.85478934972,16771.67545432012,16978.071643431555
forecast_3235,2025-05-15 19:00:00,17516.82080206153,17134.965335912726,17095.19918868455
forecast_3236,2025-05-15 20:00:00,17900.85239178263,17276.571888675924,17081.259535767054
forecast_3237,2025-05-15 21:00:00,18029.84133838666,17687.09788752526,17455.174921293416
forecast_3238,2025-05-15 22:00:00,18579.94587009798,18351.41003673622,17643.529901489565
forecast_3239,2025-05-15 23:00:00,18471.013393211542,18287.6406162222,17205.948071237694
forecast_3240,2025-05-16 00:00:00,18451.470308401917,18365.41169033777,17051.96498205681
forecast_3241,2025-05-16 01:00:00,17963.38648423134,18238.14205181463,17414.855655743402
forecast_3242,2025-05-16 02:00:00,18085.25063548124,18173.84822445445,17399.32662789193
forecast_3243,2025-05-16 03:00:00,17844.89774995111,17952.585773398645,16796.109980365774
forecast_3244,2025-05-16 04:00:00,17478.68475656643,17636.347775702587,16910.366046937696
forecast_3245,2025-05-16 05:00:00,16365.007235767109,16963.91637994269,16091.134896587766
forecast_3246,2025-05-16 06:00:00,16075.195922088578,16118.711146998474,15229.514004629304
forecast_3247,2025-05-16 07:00:00,14848.91235800416,15462.12796802021,14419.331454028164
forecast_3248,2025-05-16 08:00:00,15251.989635762431,15126.50717356964,13554.296355337156
forecast_3249,2025-05-16 09:00:00,14056.16472268316,13799.61569650128,12233.3607735138
forecast_3250,2025-05-16 10:00:00,12607.989214868909,12408.587935671088,12460.624789621495
forecast_3251,2025-05-16 11:00:00,11374.900838522746,10696.13578217775,11125.390934572306
forecast_3252,2025-05-16 12:00:00,10403.580258745193,9197.84723758322,9911.395700956153
forecast_3253,2025-05-16 13:00:00,9571.997556784783,7784.735617398114,7960.460865268083
forecast_3254,2025-05-16 14:00:00,8149.663089008968,6759.613101199778,7427.9818301245405
forecast_3255,2025-05-16 15:00:00,6415.986414784973,5640.921061674378,6296.731365003346
forecast_3256,2025-05-16 16:00:00,5653.8902159375,5507.634852895965,3741.5589613980537
forecast_3257,2025-05-16 17:00:00,4936.061989144883,4259.5902232301605,3573.970281888229
forecast_3258,2025-05-16 18:00:00,4714.0871461768165,5040.460223663028,3638.8784171945326
forecast_3259,2025-05-16 19:00:00,4136.759181730569,4508.421345086763,3572.150484740744
forecast_3260,2025-05-16 20:00:00,4075.926359458757,4086.0140404756967,3585.069367049079
forecast_3261,2025-05-16 21:00:00,3591.5147120694824,3923.9225925210712,3522.354695127563
forecast_3262,2025-05-16 22:00:00,4040.0362648724754,4012.059884727517,3483.572202017528
forecast_3263,2025-05-16 23:00:00,3649.130182169432,3973.082478230031,3629.901385840873
forecast_3264,2025-05-17 00:00:00,4026.167763081055,3992.902302006023,3503.719069364151
forecast_3265,2025-05-17 01:00:00,3884.5642939004033,4080.542256801928,3517.1025826329
forecast_3266,2025-05-17 02:00:00,4008.915510773392,4000.759497809621,3508.103484508561
forecast_3267,2025-05-17 03:00:00,3956.056137501205,3937.820691230521,3614.303678845098
forecast_3268,2025-05-17 04:00:00,4083.878706539777,3996.849080744306,3663.235478477712
forecast_3269,2025-05-17 05:00:00,3904.5486583732295,3846.791768963159,3458.796125481705
forecast_3270,2025-05-17 06:00:00,3854.776080782849,3776.555887890595,3400.7713361762776
forecast_3271,2025-05-17 07:00:00,3789.651772154978,3749.8364425593895,3378.6236608792888
forecast_3272,2025-05-17 08:00:00,3930.846353187768,3833.852942312305,3414.9367790659403
forecast_3273,2025-05-17 09:00:00,4193.731386787303,4063.7548124620007,3655.3499057511535
forecast_3274,2025-05-17 10:00:00,4566.001311323535,4214.934782297539,3530.088901860995
forecast_3275,2025-05-17 11:00:00,5392.951707181479,4567.801686241493,3486.7336615193326
forecast_3276,2025-05-17 12:00:00,6866.987387399488,6419.875338663592,6007.043195359861
forecast_3277,2025-05-17 13:00:00,9118.938615820389,8384.320983210027,8479.178231937742
forecast_3278,2025-05-17 14:00:00,11104.817619215317,11010.172376083192,12319.148898164118
forecast_3279,2025-05-17 15:00:00,13619.53926685452,13538.942015974071,13268.572442443368
forecast_3280,2025-05-17 16:00:00,15496.55477797799,15129.871726236912,15839.628287763737
forecast_3281,2025-05-17 17:00:00,17217.704074866797,17061.669258315367,17609.126230172467
forecast_3282,2025-05-17 18:00:00,18242.59288197148,18405.17933067341,18448.454916850114
forecast_3283,2025-05-17 19:00:00,18454.89480688614,18870.348232497254,18571.995644769635
forecast_3284,2025-05-17 20:00:00,18834.066951681743,18999.82970020177,18635.11522824455
forecast_3285,2025-05-17 21:00:00,19027.707354908496,19109.468837800512,18635.8781269744
forecast_3286,2025-05-17 22:00:00,19417.97581620316,19386.402971059524,18392.355996012466
forecast_3287,2025-05-17 23:00:00,19661.906201036905,19317.662435838607,18059.198726662493
forecast_3288,2025-05-18 00:00:00,19136.27457267925,18525.490328075317,17209.194765486554
forecast_3289,2025-05-18 01:00:00,18535.842312636705,17878.755697454166,16429.908186563494
forecast_3290,2025-05-18 02:00:00,16772.651011186706,16892.003361140036,14417.761442622348
forecast_3291,2025-05-18 03:00:00,14428.340082752731,14037.94502681655,11414.704496377008
forecast_3292,2025-05-18 04:00:00,11446.74473369803,11284.76731813636,9160.512408989343
forecast_3293,2025-05-18 05:00:00,11179.795180036906,10053.798373090174,10026.16297310538
forecast_3294,2025-05-18 06:00:00,5695.055762908518,6422.664970197082,6650.641458795721
forecast_3295,2025-05-18 07:00:00,3802.226091942023,3992.301622163759,3503.405649432071
forecast_3296,2025-05-18 08:00:00,3929.258898345491,3781.895315575513,3427.6208739566223
forecast_3297,2025-05-18 09:00:00,3818.365403968348,3681.2129991731936,3419.3495444449127
forecast_3298,2025-05-18 10:00:00,3783.902081728048,3667.063415519476,3394.5450220152056
forecast_3299,2025-05-18 11:00:00,3801.29275473724,3738.255375384507,3417.792419119497
forecast_3300,2025-05-18 12:00:00,3891.778430241294,3836.836753244812,3436.061694925241
forecast_3301,2025-05-18 13:00:00,3664.700275147533,3993.218923635126,3460.2734734537025
forecast_3302,2025-05-18 14:00:00,4218.675580529472,3971.658701204532,3529.2271495983023
forecast_3303,2025-05-18 15:00:00,5313.857702275433,4666.932391493952,3625.5336252400775
forecast_3304,2025-05-18 16:00:00,6188.390431529264,5342.732603470718,3576.754476485676
forecast_3305,2025-05-18 17:00:00,7540.167070666969,6264.662875487378,4694.583213619705
forecast_3306,2025-05-18 18:00:00,8177.752634573922,6893.978912365358,5561.079739480616
forecast_3307,2025-05-18 19:00:00,9927.658516495603,8451.022267958777,7778.342873257743
forecast_3308,2025-05-18 20:00:00,11734.819146078444,10833.23382955296,10584.966363705778
forecast_3309,2025-05-18 21:00:00,12360.075126750198,12295.101569694469,13294.82836387613
forecast_3310,2025-05-18 22:00:00,12363.689788990268,13645.929092455986,13763.147505221325
forecast_3311,2025-05-18 23:00:00,11466.905837666318,12580.636585525524,13248.47545329268
forecast_3312,2025-05-19 00:00:00,11050.652675003304,12093.186010359825,12298.263542845352
forecast_3313,2025-05-19 01:00:00,9778.800482947505,10877.804442393848,9746.57402643425
forecast_3314,2025-05-19 02:00:00,8833.869372093008,9738.753255690815,8496.149714860834
forecast_3315,2025-05-19 03:00:00,7760.516344086137,8667.74839792126,7271.37412957888
forecast_3316,2025-05-19 04:00:00,7553.270864583205,8875.81111620333,7346.460601329441
forecast_3317,2025-05-19 05:00:00,7217.94835816568,8928.41225078878,7554.270036288717
forecast_3318,2025-05-19 06:00:00,8970.79712426032,10795.11709500708,7854.982520075005
forecast_3319,2025-05-19 07:00:00,10465.592553098531,12296.957117238857,9016.389212185906
forecast_3320,2025-05-19 08:00:00,12634.232863911217,14460.705197444193,14330.41784440298
forecast_3321,2025-05-19 09:00:00,12583.20793616486,14654.473164447449,15650.97910522461
forecast_3322,2025-05-19 10:00:00,14233.276211402912,15513.420643094069,16494.448758230286
forecast_3323,2025-05-19 11:00:00,15263.62963405858,16160.500487393216,17155.357443347315
forecast_3324,2025-05-19 12:00:00,16378.102014450513,16598.209194243922,17768.50089001557
forecast_3325,2025-05-19 13:00:00,17483.177882448454,17649.03267881818,18042.234032156262
forecast_3326,2025-05-19 14:00:00,17561.0998233692,18146.099557124347,18021.802763086504
forecast_3327,2025-05-19 15:00:00,17907.442522869413,18550.77744687857,18088.58732990037
forecast_3328,2025-05-19 16:00:00,18093.16219962017,18783.969366981557,18189.781448754395
forecast_3329,2025-05-19 17:00:00,18199.439728918536,18862.108456704176,18100.347495033715
forecast_3330,2025-05-19 18:00:00,18192.12147142028,18796.84042382737,18013.11449502493
forecast_3331,2025-05-19 19:00:00,18696.27550285455,19108.479636899905,18054.285808735214
forecast_3332,2025-05-19 20:00:00,18803.500446526243,19088.081351438464,17955.66509439905
forecast_3333,2025-05-19 21:00:00,18889.875704470243,19265.628543813826,17977.733960834856
forecast_3334,2025-05-19 22:00:00,19025.54004004273,19292.24601287077,18149.69870408866
forecast_3335,2025-05-19 23:00:00,18933.506980230417,19228.504122695376,18329.85378428358
forecast_3336,2025-05-20 00:00:00,18845.07699397737,19159.40693839465,18286.33489775757
forecast_3337,2025-05-20 01:00:00,18747.360124261108,19126.40705457913,18312.23293782563
forecast_3338,2025-05-20 02:00:00,18904.612358033384,19238.61189978569,18383.28178143845
forecast_3339,2025-05-20 03:00:00,18984.22757466612,19128.549215581937,18107.44133498196
forecast_3340,2025-05-20 04:00:00,19227.011938901232,19266.916019903005,18023.333337298423
forecast_3341,2025-05-20 05:00:00,19341.24009754472,19130.1048111017,17819.387170871814
forecast_3342,2025-05-20 06:00:00,18997.766521937992,18652.58268136102,17006.007896473595
forecast_3343,2025-05-20 07:00:00,18492.28644913428,18042.45795314174,16772.716228326444
forecast_3344,2025-05-20 08:00:00,17791.38412126171,17437.905651013658,16546.530732936448
forecast_3345,2025-05-20 09:00:00,16715.027472577425,16562.41320221188,16273.921275548058
forecast_3346,2025-05-20 10:00:00,15506.874631423305,15101.864298726565,15932.39689908961
forecast_3347,2025-05-20 11:00:00,14191.21951254642,13997.174666900955,15731.81196847618
forecast_3348,2025-05-20 12:00:00,13525.216787560836,13658.097686399882,15557.978837154726
forecast_3349,2025-05-20 13:00:00,13557.988243666096,13536.05990771068,15586.548776004553
forecast_3350,2025-05-20 14:00:00,13822.465536019366,13958.34870975722,15826.24472270952
forecast_3351,2025-05-20 15:00:00,14726.394240193187,14317.917903143065,15981.594232182008
forecast_3352,2025-05-20 16:00:00,15194.418008289089,14548.522591752944,16311.586350990929
forecast_3353,2025-05-20 17:00:00,15434.017003338322,14850.88904016994,16660.528599675537
forecast_3354,2025-05-20 18:00:00,15912.752193683187,15152.888106253196,16792.906337366592
forecast_3355,2025-05-20 19:00:00,16710.474129165363,16053.456101283531,16954.495154111566
forecast_3356,2025-05-20 20:00:00,16961.40259534759,16850.05086003159,17154.627176898342
forecast_3357,2025-05-20 21:00:00,17305.82367134302,17818.61563138567,17613.167673072145
forecast_3358,2025-05-20 22:00:00,17766.862870391815,18334.23351300419,17429.772161445824
forecast_3359,2025-05-20 23:00:00,17959.971327617797,18178.61751090713,17184.694542970366
forecast_3360,2025-05-21 00:00:00,17750.18468165261,17877.485706127824,16992.21216512
forecast_3361,2025-05-21 01:00:00,17371.209611869555,17205.961830430566,16141.010002017016
forecast_3362,2025-05-21 02:00:00,16859.72633205647,16719.054597242044,14704.688480813118
forecast_3363,2025-05-21 03:00:00,16505.237712194452,15656.769670185056,12634.038403601617
forecast_3364,2025-05-21 04:00:00,14042.471332184108,13661.46650572222,10286.45460554666
forecast_3365,2025-05-21 05:00:00,12354.562244353652,11484.31567130058,14875.827505118928
forecast_3366,2025-05-21 06:00:00,9532.600821091995,8203.297321225866,11734.692587231077
forecast_3367,2025-05-21 07:00:00,4983.484560102227,4486.777887424418,7945.327778260743
forecast_3368,2025-05-21 08:00:00,4070.90040132804,3983.645709765004,3578.243414340426
forecast_3369,2025-05-21 09:00:00,3773.483011211781,3673.690776863375,3444.9124659937693
forecast_3370,2025-05-21 10:00:00,3768.4557733889615,3692.901661192479,3401.805306260244
forecast_3371,2025-05-21 11:00:00,3747.162104235362,3684.578874776942,3394.454611066428
forecast_3372,2025-05-21 12:00:00,3738.5354764803537,3693.140756534665,3408.0167682226406
forecast_3373,2025-05-21 13:00:00,3738.215491173617,3674.1476866158714,3406.621274657645
forecast_3374,2025-05-21 14:00:00,3735.161483508312,3672.61561555659,3409.591337465763
forecast_3375,2025-05-21 15:00:00,3731.609861475365,3668.830205669177,3406.101272087345
forecast_3376,2025-05-21 16:00:00,3717.874575495901,3657.983560971424,3378.1502476511773
forecast_3377,2025-05-21 17:00:00,3713.744803808698,3646.553567063165,3368.146888761233
forecast_3378,2025-05-21 18:00:00,3727.3853716198582,3646.6046727539,3368.4594041571545
forecast_3379,2025-05-21 19:00:00,3734.080361946445,3653.991088952696,3363.496933294198
forecast_3380,2025-05-21 20:00:00,3754.565690175221,3701.245217291261,3364.5572593206084
forecast_3381,2025-05-21 21:00:00,3765.516445983928,3687.84203480618,3362.7354463120914
forecast_3382,2025-05-21 22:00:00,3757.074058350284,3730.170283276759,3362.252108537606
forecast_3383,2025-05-21 23:00:00,3743.6256809837455,3648.747334385064,3362.286435004824
forecast_3384,2025-05-22 00:00:00,3756.303328564704,3639.346096565027,3362.764913431017
forecast_3385,2025-05-22 01:00:00,3738.50366624705,3676.098148565956,3365.0600842385843
forecast_3386,2025-05-22 02:00:00,3734.3380599325646,3668.7576991762976,3364.0392313486445
forecast_3387,2025-05-22 03:00:00,3847.765270867345,3750.717792107346,3373.1625493418046
forecast_3388,2025-05-22 04:00:00,3884.7793925139854,3782.852047949232,3375.343922732902
forecast_3389,2025-05-22 05:00:00,3878.954025634936,3777.611627378673,3395.096488734906
forecast_3390,2025-05-22 06:00:00,3771.2819010146886,3767.86923795154,3393.982750623677
forecast_3391,2025-05-22 07:00:00,3750.158510145222,3727.270482004742,3377.091711166583
forecast_3392,2025-05-22 08:00:00,3766.898857924892,3739.456681987174,3369.9553648615965
forecast_3393,2025-05-22 09:00:00,3855.8703371076704,3917.687895029334,3396.9827317428103
forecast_3394,2025-05-22 10:00:00,3384.904574265043,3553.38772531189,3439.412126937445
forecast_3395,2025-05-22 11:00:00,3371.6894682792463,3539.4134762428107,3572.542306523305
forecast_3396,2025-05-22 12:00:00,3278.7314872939533,3372.593763634179,3473.962573050064
forecast_3397,2025-05-22 13:00:00,3279.455829156978,3949.83960264128,3427.6092621458624
forecast_3398,2025-05-22 14:00:00,3063.5568618111192,3779.415154328624,3408.681299088201
forecast_3399,2025-05-22 15:00:00,3937.131944237555,3877.719973762082,3407.052212739035
forecast_3400,2025-05-22 16:00:00,3819.507309376247,3758.219030014861,3381.555798916344
forecast_3401,2025-05-22 17:00:00,3756.0233202735976,3690.839941861524,3369.8349916593147
forecast_3402,2025-05-22 18:00:00,3749.340267768404,3713.1647450977816,3367.764468111579
forecast_3403,2025-05-22 19:00:00,3780.0383083733527,3690.1422043072894,3373.8118904517555
forecast_3404,2025-05-22 20:00:00,3882.7176128297424,3755.950511351809,3375.2996525587428
forecast_3405,2025-05-22 21:00:00,3925.919310474968,3786.160146058851,3375.4877757769414
forecast_3406,2025-05-22 22:00:00,4022.822076101412,3967.99542659862,3378.1797161924133
forecast_3407,2025-05-22 23:00:00,4075.9068477166975,4011.023072569649,3384.1395783339026
forecast_3408,2025-05-23 00:00:00,4075.538275950417,4087.162830233699,3409.876822514173
forecast_3409,2025-05-23 01:00:00,3524.0463705477973,3997.666902981664,3394.9549948404715
forecast_3410,2025-05-23 02:00:00,3657.987961368071,3937.718889184872,3381.772356598012
forecast_3411,2025-05-23 03:00:00,3677.137739341145,3916.175733510147,3385.9462030321038
forecast_3412,2025-05-23 04:00:00,3666.039657483315,3979.6108294093137,3395.596812959498
forecast_3413,2025-05-23 05:00:00,3547.390378185346,4015.408727018207,3387.696012357193
forecast_3414,2025-05-23 06:00:00,3430.4823271111886,3980.029161292572,3386.980642432909
forecast_3415,2025-05-23 07:00:00,3489.2504765885265,4071.008027435732,3420.816124275941
forecast_3416,2025-05-23 08:00:00,3393.4233980322515,3730.8482911613687,3433.1552797675317
forecast_3417,2025-05-23 09:00:00,3958.8581383843057,3565.3040323615346,3418.7435602306277
forecast_3418,2025-05-23 10:00:00,3316.033644701168,3799.268395357382,3399.455182375341
forecast_3419,2025-05-23 11:00:00,3132.6051217278164,3802.8723941508993,3402.032192427295
forecast_3420,2025-05-23 12:00:00,4039.406673738103,3835.506722584986,3393.613304302753
forecast_3421,2025-05-23 13:00:00,4017.076354453617,3844.278063392174,3399.8509326626363
forecast_3422,2025-05-23 14:00:00,3995.909788855424,3823.76728741736,3402.988504541478
forecast_3423,2025-05-23 15:00:00,3932.2932185874142,3792.5967239738206,3395.5169415283613
forecast_3424,2025-05-23 16:00:00,3915.9621848299616,3866.135549597748,3390.4133560696173
forecast_3425,2025-05-23 17:00:00,4001.243212314695,3943.830956146134,3400.157459600709
forecast_3426,2025-05-23 18:00:00,3316.432613331143,3893.5720394592754,3430.883267481223
forecast_3427,2025-05-23 19:00:00,3475.6128371230448,3348.7403507248264,3424.27118415288
forecast_3428,2025-05-23 20:00:00,3705.7666343068886,3589.2339526512874,3523.970159030784
forecast_3429,2025-05-23 21:00:00,4244.438060069043,4374.827005228119,3650.6957507487264
forecast_3430,2025-05-23 22:00:00,4701.45565538107,4828.10392548355,3666.549834290824
forecast_3431,2025-05-23 23:00:00,4585.924112738792,4779.58946004048,3489.8474481830312
forecast_3432,2025-05-24 00:00:00,4676.593775575912,4762.070381910969,3445.209533276797
forecast_3433,2025-05-24 01:00:00,5417.738135223272,5720.927420031896,3668.21258939948
forecast_3434,2025-05-24 02:00:00,5122.284434383513,5039.212027154591,3562.1268741154363
forecast_3435,2025-05-24 03:00:00,4790.673967928726,4947.8533814777775,3444.3685943453474
forecast_3436,2025-05-24 04:00:00,5104.917169669289,5008.33068981422,3526.345894526054
forecast_3437,2025-05-24 05:00:00,5416.396615745176,5313.690066712183,3611.598650441986
forecast_3438,2025-05-24 06:00:00,5250.915940250403,5428.604076491805,3632.6737117276734
forecast_3439,2025-05-24 07:00:00,4984.787330508786,5542.223890750109,3704.414795924942
forecast_3440,2025-05-24 08:00:00,4835.624368457597,5692.2432289311,3637.713376763405
forecast_3441,2025-05-24 09:00:00,4797.003496332904,5428.339014337193,3515.694685198299
forecast_3442,2025-05-24 10:00:00,4460.520432211976,4914.073394433994,3755.7375851719694
forecast_3443,2025-05-24 11:00:00,4053.994608165435,4373.104076735733,3635.936155538724
forecast_3444,2025-05-24 12:00:00,4214.592779572323,4623.595234032925,3952.4614839327583
forecast_3445,2025-05-24 13:00:00,4592.648518460773,4919.036955989259,4026.590143133392
forecast_3446,2025-05-24 14:00:00,4950.886012131042,5057.578217829713,4193.587764979513
forecast_3447,2025-05-24 15:00:00,5440.594876057593,5596.464822166946,4388.077060727786
forecast_3448,2025-05-24 16:00:00,6117.5982446047055,6398.71125052991,4751.478378622522
forecast_3449,2025-05-24 17:00:00,6296.743796669884,6902.379307332411,5071.199206201002
forecast_3450,2025-05-24 18:00:00,6525.031033169474,7318.413825103262,5584.920806120343
forecast_3451,2025-05-24 19:00:00,6453.054842843424,7265.121831006355,5365.781610958094
forecast_3452,2025-05-24 20:00:00,6322.530367837153,7027.489593338111,4959.479101520095
forecast_3453,2025-05-24 21:00:00,6427.203286086588,6715.643416877637,4899.413784820464
forecast_3454,2025-05-24 22:00:00,6280.121481812668,6338.163895647553,4901.900048880313
forecast_3455,2025-05-24 23:00:00,5915.402071790788,5736.497480938329,4615.645424203297
forecast_3456,2025-05-25 00:00:00,5592.323891488163,5244.395402829691,4313.638913040505
forecast_3457,2025-05-25 01:00:00,5109.726353669115,4447.766195939786,4100.928662984243
forecast_3458,2025-05-25 02:00:00,4021.142145559305,4041.3806869722594,3694.279790087489
forecast_3459,2025-05-25 03:00:00,3551.895555113177,3852.6249112533046,3532.0506738316467
forecast_3460,2025-05-25 04:00:00,3564.810795722216,3875.600397082718,3496.351586237872
forecast_3461,2025-05-25 05:00:00,3631.830441613427,3967.908926822961,3504.9545218508965
forecast_3462,2025-05-25 06:00:00,3499.4082946357485,3966.024181275395,3496.710537473369
forecast_3463,2025-05-25 07:00:00,3371.3192992458303,3840.655418332112,3432.6510528490094
forecast_3464,2025-05-25 08:00:00,4016.8516412082095,3860.48311579837,3423.943192157304
forecast_3465,2025-05-25 09:00:00,3876.7336059310696,3720.951970164927,3417.930728180461
forecast_3466,2025-05-25 10:00:00,3819.324932877124,3678.998657369401,3384.7704138551285
forecast_3467,2025-05-25 11:00:00,3843.969720148501,3686.364983921068,3377.423728861768
forecast_3468,2025-05-25 12:00:00,3973.680120376061,3759.711387062704,3391.691826936935
forecast_3469,2025-05-25 13:00:00,3993.446517014568,3856.2837893961855,3488.786264344208
forecast_3470,2025-05-25 14:00:00,3912.026784392073,3793.6865730565455,3395.708213177188
forecast_3471,2025-05-25 15:00:00,3882.9466889669698,3747.76478827194,3426.195374633725
forecast_3472,2025-05-25 16:00:00,3930.303573311633,3783.032838298472,3384.375600881931
forecast_3473,2025-05-25 17:00:00,3943.148672022273,3891.689839338948,3411.1060164485048
forecast_3474,2025-05-25 18:00:00,4011.66216967761,3870.586682248002,3503.6505515298563
forecast_3475,2025-05-25 19:00:00,3887.196747445,4056.116460527774,3627.289257720823
forecast_3476,2025-05-25 20:00:00,5675.459508664415,5263.48356965188,4296.36541634324
forecast_3477,2025-05-25 21:00:00,6738.753658392065,6118.515542126989,5167.2022131987615
forecast_3478,2025-05-25 22:00:00,8275.54734898457,7614.704004611621,7201.959923770338
forecast_3479,2025-05-25 23:00:00,9329.527980352846,8389.375951936418,8226.814779495295
forecast_3480,2025-05-26 00:00:00,8897.313626326377,8428.723326832604,7724.775518945051
forecast_3481,2025-05-26 01:00:00,9787.923884532574,9089.421590313832,8514.408486222816
forecast_3482,2025-05-26 02:00:00,9289.668994613168,8587.382033850685,6794.828874312353
forecast_3483,2025-05-26 03:00:00,7911.701665333859,7427.954168035413,5607.320416117297
forecast_3484,2025-05-26 04:00:00,5849.01064929782,5393.402528110221,4446.394936653731
forecast_3485,2025-05-26 05:00:00,4425.19562970904,4170.299680536121,3739.380104012062
forecast_3486,2025-05-26 06:00:00,3543.5796836181034,2945.3667954575185,3484.170011298512
forecast_3487,2025-05-26 07:00:00,2994.9113823366283,3629.20612885152,3387.923938626528
forecast_3488,2025-05-26 08:00:00,3896.600153350538,3725.813093260258,3369.3067094335474
forecast_3489,2025-05-26 09:00:00,3732.633414803444,3655.173989406963,3366.618175364543
forecast_3490,2025-05-26 10:00:00,3713.9343412559656,3643.085551217169,3364.5326359076143
forecast_3491,2025-05-26 11:00:00,3706.183557776115,3624.765846889156,3362.8938116964264
forecast_3492,2025-05-26 12:00:00,3704.616541262439,3621.00964438414,3361.259674840532
forecast_3493,2025-05-26 13:00:00,3707.636665360756,3624.107017707897,3361.593682272751
forecast_3494,2025-05-26 14:00:00,3727.0385767549888,3646.920283365122,3363.411407389416
forecast_3495,2025-05-26 15:00:00,3750.327509168476,3665.7721149569606,3363.928091501365
forecast_3496,2025-05-26 16:00:00,3716.9448945823688,3631.901991779216,3362.695230759677
forecast_3497,2025-05-26 17:00:00,3727.9575711222287,3633.231383077728,3370.1570229534345
forecast_3498,2025-05-26 18:00:00,3767.104183349012,3666.798537647149,3380.9854328449283
forecast_3499,2025-05-26 19:00:00,3883.208376008811,3727.718801276293,3400.979628529611
forecast_3500,2025-05-26 20:00:00,3891.563355335629,3785.533575483644,3416.282812289608
forecast_3501,2025-05-26 21:00:00,3982.6480149671456,3930.513310128259,3424.4927011539808
forecast_3502,2025-05-26 22:00:00,4307.379259573933,3839.7418974027255,3479.80656575846
forecast_3503,2025-05-26 23:00:00,4682.651679535967,4328.881402415619,3609.817373844858
forecast_3504,2025-05-27 00:00:00,5463.272842147802,4916.610003627345,3755.6910099428874
forecast_3505,2025-05-27 01:00:00,5610.87146280604,5124.599349659913,3755.1325862893314
forecast_3506,2025-05-27 02:00:00,5896.971469454359,5525.599738307628,3770.432335899171
forecast_3507,2025-05-27 03:00:00,5255.733001669494,5301.210331418078,4889.751160875987
forecast_3508,2025-05-27 04:00:00,4776.495653413018,4873.168109556684,4479.351003549082
forecast_3509,2025-05-27 05:00:00,4155.109849476632,4146.77431432025,3841.092010126854
forecast_3510,2025-05-27 06:00:00,3355.833847835083,3958.514018016379,3586.232362586656
forecast_3511,2025-05-27 07:00:00,3922.444412774238,3989.279897382801,3395.368658686444
forecast_3512,2025-05-27 08:00:00,3746.9587950697646,3668.8615936172014,3365.876573353945
forecast_3513,2025-05-27 09:00:00,3714.9005845503625,3624.559573425827,3362.8981268130315
forecast_3514,2025-05-27 10:00:00,3704.896275588954,3615.500431820693,3361.691939296729
forecast_3515,2025-05-27 11:00:00,3701.93124835701,3615.8431890152574,3360.6960659175666
forecast_3516,2025-05-27 12:00:00,3703.210158408004,3615.409888488568,3361.187011925498
forecast_3517,2025-05-27 13:00:00,3702.644373778544,3614.5804239178906,3361.263186314813
forecast_3518,2025-05-27 14:00:00,3704.018365559949,3615.777711375975,3362.1033379733435
forecast_3519,2025-05-27 15:00:00,3705.0219527128943,3615.9061411601456,3361.2369829920112
forecast_3520,2025-05-27 16:00:00,3712.115852303532,3617.686419536808,3360.899349343152
forecast_3521,2025-05-27 17:00:00,3709.7773704445135,3616.886725523707,3360.959972737532
forecast_3522,2025-05-27 18:00:00,3710.108065377057,3622.407027586549,3361.059943698446
forecast_3523,2025-05-27 19:00:00,3720.872138680763,3627.570214035643,3361.288708206556
forecast_3524,2025-05-27 20:00:00,3730.8121573613416,3631.918262437589,3364.58217125642
forecast_3525,2025-05-27 21:00:00,3759.3954904438665,3656.48848351931,3366.357543725081
forecast_3526,2025-05-27 22:00:00,3807.662083250552,3713.5945197997694,3367.4904982791304
forecast_3527,2025-05-27 23:00:00,3965.891691930203,3763.6163242573,3408.154404383083
forecast_3528,2025-05-28 00:00:00,4030.372273411233,3824.318674394172,3478.714108438038
forecast_3529,2025-05-28 01:00:00,4421.5547569696455,4003.108008948423,3886.9821989744137
forecast_3530,2025-05-28 02:00:00,4731.136608363027,4369.0503640212255,4289.410757703673
forecast_3531,2025-05-28 03:00:00,4838.733591227187,4767.932025102576,4487.646847472182
forecast_3532,2025-05-28 04:00:00,4667.007511736979,4507.724258484425,4211.128540283371
forecast_3533,2025-05-28 05:00:00,4354.253378369118,4106.988867064322,3717.739150988929
forecast_3534,2025-05-28 06:00:00,3024.997105432245,2735.774808017306,3421.013139914272
forecast_3535,2025-05-28 07:00:00,3940.906452418928,3788.8438007041855,3371.63126384888
forecast_3536,2025-05-28 08:00:00,3734.783652051826,3653.184463606379,3364.5017283967754
forecast_3537,2025-05-28 09:00:00,3716.186395107744,3626.0549379451018,3361.836078362512
forecast_3538,2025-05-28 10:00:00,3704.631372883381,3622.672801829079,3361.994747793311
forecast_3539,2025-05-28 11:00:00,3706.5664899321528,3625.1470863904246,3362.944712044684
forecast_3540,2025-05-28 12:00:00,3710.817921685128,3623.621755939096,3361.040250951514
forecast_3541,2025-05-28 13:00:00,3706.7591427205066,3617.347677932477,3360.681947709384
forecast_3542,2025-05-28 14:00:00,3720.691236904665,3632.351560006282,3362.032051140197
forecast_3543,2025-05-28 15:00:00,3721.7755935234536,3635.934201630193,3365.6560835610208
forecast_3544,2025-05-28 16:00:00,3799.615313697488,3664.58529525886,3404.9999110872504
forecast_3545,2025-05-28 17:00:00,3781.8672675276152,3669.210824990387,3388.1824943904194
forecast_3546,2025-05-28 18:00:00,3799.679797146168,3666.9005666823673,3373.775324346145
forecast_3547,2025-05-28 19:00:00,3841.6606722012434,3728.3795717961566,3380.876116310216
forecast_3548,2025-05-28 20:00:00,3934.597155500967,3745.357222931868,3368.424365798928
forecast_3549,2025-05-28 21:00:00,4028.116090319516,3872.053398874695,3380.538418534652
forecast_3550,2025-05-28 22:00:00,3954.512091502849,3861.334323553155,3386.863146875831
forecast_3551,2025-05-28 23:00:00,4073.5874474180446,3945.405624680683,3563.7210362618634
forecast_3552,2025-05-29 00:00:00,4013.528537760904,3925.7370537582574,3516.37308330268
forecast_3553,2025-05-29 01:00:00,3878.543341053845,3798.463347212271,3421.218978087758
forecast_3554,2025-05-29 02:00:00,4015.0981745677545,3836.022286360981,3416.8510075550453
forecast_3555,2025-05-29 03:00:00,2890.0790957048503,3641.860628433704,3384.234720566351
forecast_3556,2025-05-29 04:00:00,3970.3850571364105,3780.0031999380953,3387.5725481337254
forecast_3557,2025-05-29 05:00:00,3780.600568822698,3697.6450197471063,3372.26064781409
forecast_3558,2025-05-29 06:00:00,3803.4742224733486,3695.868362547573,3370.1149346641905
forecast_3559,2025-05-29 07:00:00,3732.192942426509,3657.670723711644,3371.0393787947783
forecast_3560,2025-05-29 08:00:00,3717.69537452605,3636.569599735621,3366.429460443042
forecast_3561,2025-05-29 09:00:00,3713.039321370739,3629.8950960815873,3365.998236696442
forecast_3562,2025-05-29 10:00:00,3706.4737671745816,3629.290718218672,3362.651872552296
forecast_3563,2025-05-29 11:00:00,3705.422606235056,3629.734266963119,3362.001543547733
forecast_3564,2025-05-29 12:00:00,3707.635861581393,3630.545696431388,3363.583425359304
forecast_3565,2025-05-29 13:00:00,3710.767831193517,3639.473249271357,3366.038057829934
forecast_3566,2025-05-29 14:00:00,3709.943436548558,3638.789763508269,3368.1975740946345
forecast_3567,2025-05-29 15:00:00,3714.181995041036,3644.617125140984,3366.177927876117
forecast_3568,2025-05-29 16:00:00,3746.063807648073,3689.5082933778426,3390.580022902572
forecast_3569,2025-05-29 17:00:00,3755.224726676512,3734.8191592371386,3379.95098855018
forecast_3570,2025-05-29 18:00:00,3766.216006064495,3701.601912988916,3374.298085277887
forecast_3571,2025-05-29 19:00:00,3823.777217890789,3763.4584862051393,3370.393948316602
forecast_3572,2025-05-29 20:00:00,3855.9477561553226,3863.19260894333,3367.215737690793
forecast_3573,2025-05-29 21:00:00,3897.007274579478,3813.034030664861,3381.062465354729
forecast_3574,2025-05-29 22:00:00,3887.092948441945,3867.705904362,3382.089547846379
forecast_3575,2025-05-29 23:00:00,3866.0686437850823,3838.577368175521,3384.8142297824884
forecast_3576,2025-05-30 00:00:00,3888.55742146569,3851.330004577098,3375.502195162454
forecast_3577,2025-05-30 01:00:00,3808.0484575171913,3745.213863891754,3372.4488717698555
forecast_3578,2025-05-30 02:00:00,3808.839669905835,3777.345419991305,3374.9222224256227
forecast_3579,2025-05-30 03:00:00,3856.3511515655136,3839.703059174073,3387.678019517459
forecast_3580,2025-05-30 04:00:00,3993.10617322888,3983.7208726839535,3449.860861841671
forecast_3581,2025-05-30 05:00:00,3947.4446374555328,3965.9936297874287,3422.1556605217047
forecast_3582,2025-05-30 06:00:00,3978.067970511965,4002.127468807034,3424.7069040885426
forecast_3583,2025-05-30 07:00:00,4021.818906175137,4013.185827338279,3396.3444794928464
forecast_3584,2025-05-30 08:00:00,3933.254975096875,3940.5225406735954,3379.951785969625
forecast_3585,2025-05-30 09:00:00,3912.131115049803,3903.4603838420894,3372.2947223881984
forecast_3586,2025-05-30 10:00:00,3860.974970713634,3896.310097180788,3385.1665785167056
forecast_3587,2025-05-30 11:00:00,3790.724046183364,3787.071215352545,3381.6761419471413
forecast_3588,2025-05-30 12:00:00,3756.182395088523,3716.49361684543,3392.1905969577647
forecast_3589,2025-05-30 13:00:00,3753.820187610452,3698.80366919325,3380.194150168075
forecast_3590,2025-05-30 14:00:00,3719.7393499737655,3650.459448903388,3366.3229218488896
forecast_3591,2025-05-30 15:00:00,3715.323843986428,3640.6426170013233,3364.154164654519
forecast_3592,2025-05-30 16:00:00,3718.049074990044,3649.114333047257,3373.013205834891
forecast_3593,2025-05-30 17:00:00,3729.934222692417,3681.637869451405,3370.765849473734
forecast_3594,2025-05-30 18:00:00,3743.9355198413855,3687.443477167254,3374.45948662566
forecast_3595,2025-05-30 19:00:00,3797.8519941055024,3782.7094669066,3371.6007237637823
forecast_3596,2025-05-30 20:00:00,3819.743983932936,3771.198452325119,3373.012504627565
forecast_3597,2025-05-30 21:00:00,3905.377511197341,3828.837670292764,3378.490187042503
forecast_3598,2025-05-30 22:00:00,3821.321499551124,3772.005484726489,3369.477965678649
forecast_3599,2025-05-30 23:00:00,3851.472764038112,3754.024027078629,3368.8857863750945
forecast_3600,2025-05-31 00:00:00,3860.6119311575735,3745.756805556302,3374.9873655425417
forecast_3601,2025-05-31 01:00:00,3735.582663437877,3646.4470762853416,3365.8241565159105
forecast_3602,2025-05-31 02:00:00,3798.192909553959,3681.7929173635034,3378.447068745732
forecast_3603,2025-05-31 03:00:00,3785.8114972310177,3721.2309281643256,3374.2628716569216
forecast_3604,2025-05-31 04:00:00,3879.052467616606,3746.51272370122,3379.2291753542536
forecast_3605,2025-05-31 05:00:00,3879.2423802409294,3754.715269942423,3366.119099520085
forecast_3606,2025-05-31 06:00:00,3798.2592999525054,3760.900516299858,3371.2512278749336
forecast_3607,2025-05-31 07:00:00,3790.9677581683072,3714.198663562223,3370.608804506116
forecast_3608,2025-05-31 08:00:00,3905.0725391736023,3793.2065877281407,3394.8355533373165
forecast_3609,2025-05-31 09:00:00,3773.343733591754,3675.5250830981104,3396.207033746175
forecast_3610,2025-05-31 10:00:00,3783.757928712461,3665.717778770677,3387.191389449365
forecast_3611,2025-05-31 11:00:00,3771.1755458793455,3681.5188808993153,3388.04025145899
forecast_3612,2025-05-31 12:00:00,3775.0095550342994,3717.54134174973,3383.4894133231023
forecast_3613,2025-05-31 13:00:00,3790.797429744996,3706.2662345923336,3375.503935946782
forecast_3614,2025-05-31 14:00:00,3854.07156328188,3803.691882782689,3378.904594109848
forecast_3615,2025-05-31 15:00:00,3809.09547416304,3747.128917308612,3370.467314236476
forecast_3616,2025-05-31 16:00:00,3797.093021273927,3743.157220772319,3370.460106383403
forecast_3617,2025-05-31 17:00:00,3748.3977168732895,3688.646217276153,3367.944966838895
forecast_3618,2025-05-31 18:00:00,3824.1035582054033,3738.1695098865857,3370.2928101909947
forecast_3619,2025-05-31 19:00:00,3927.002633606892,3861.9556958925314,3397.985079562764
forecast_3620,2025-05-31 20:00:00,3847.6867583678895,3780.560794515931,3427.0933333375497
forecast_3621,2025-05-31 21:00:00,3841.943373450997,3787.917440573316,3391.8851457079163
forecast_3622,2025-05-31 22:00:00,3903.028970137888,3828.4536951460655,3386.947624283376
forecast_3623,2025-05-31 23:00:00,3948.532478704137,3911.417907385462,3403.4357053118306
forecast_3624,2025-06-01 00:00:00,3801.338080045373,3739.213059713074,3373.974179994999
forecast_3625,2025-06-01 01:00:00,3833.366684717102,3766.593556401251,3387.141688782484
forecast_3626,2025-06-01 02:00:00,3867.149238851987,3791.459652378168,3407.171678508861
forecast_3627,2025-06-01 03:00:00,4072.561790053969,3894.145710836996,3418.952016016413
forecast_3628,2025-06-01 04:00:00,3999.2709910186018,3884.555692876832,3446.3027020443533
forecast_3629,2025-06-01 05:00:00,3923.840198611433,3766.5160858923546,3386.858094142956
forecast_3630,2025-06-01 06:00:00,3767.987610886248,3721.817166834137,3369.707398493221
forecast_3631,2025-06-01 07:00:00,3741.181059283588,3683.72946926514,3363.475296332008
forecast_3632,2025-06-01 08:00:00,3714.099207886651,3625.18363332617,3361.813518537476
forecast_3633,2025-06-01 09:00:00,3710.94807570168,3616.7815812847416,3360.855381086857
forecast_3634,2025-06-01 10:00:00,3708.878959838503,3615.1788357245337,3361.56764866595
forecast_3635,2025-06-01 11:00:00,3705.5817499948166,3620.7727674383655,3361.728151390476
forecast_3636,2025-06-01 12:00:00,3703.977269299589,3620.1858799130346,3362.127560261348
forecast_3637,2025-06-01 13:00:00,3705.861233394444,3627.4137643771305,3361.860582070014
forecast_3638,2025-06-01 14:00:00,3706.159394900621,3626.843645551239,3362.0232001724216
forecast_3639,2025-06-01 15:00:00,3705.1710744152106,3622.440894940548,3361.3585693327886
forecast_3640,2025-06-01 16:00:00,3708.870496929744,3614.211811574945,3360.8242735172
forecast_3641,2025-06-01 17:00:00,3710.420328678321,3615.71492482254,3361.280119591306
forecast_3642,2025-06-01 18:00:00,3799.0864204218665,3695.671600101151,3374.081710183032
forecast_3643,2025-06-01 19:00:00,3960.246729772112,3825.7294744896894,3590.3712407863704
forecast_3644,2025-06-01 20:00:00,3921.8979493266265,3820.757966283146,3655.6744750713274
forecast_3645,2025-06-01 21:00:00,4363.070670441983,3674.273721586925,3810.424313772575
forecast_3646,2025-06-01 22:00:00,6088.703387338315,4973.959960715427,4324.945321630638
forecast_3647,2025-06-01 23:00:00,5381.977973580943,4394.365451252384,4009.300438048356
forecast_3648,2025-06-02 00:00:00,5922.872101439928,5120.576022751709,4597.507755855175
forecast_3649,2025-06-02 01:00:00,4913.722776668697,4691.703059136965,4345.516504374647
forecast_3650,2025-06-02 02:00:00,3828.6962589407394,3993.451206649545,4027.1824276431767
forecast_3651,2025-06-02 03:00:00,4332.638734494015,4135.168120890314,4098.199872037032
forecast_3652,2025-06-02 04:00:00,3397.199980118308,3747.8616447802906,3473.2177752560733
forecast_3653,2025-06-02 05:00:00,3690.31070769344,3873.021431273652,3446.257734992095
forecast_3654,2025-06-02 06:00:00,4051.0954725726274,3923.0521073622936,3394.545674467255
forecast_3655,2025-06-02 07:00:00,3774.1168583890726,3711.4773773684046,3374.2756088457377
forecast_3656,2025-06-02 08:00:00,3790.243446347468,3678.0536542582986,3368.9658736398897
forecast_3657,2025-06-02 09:00:00,3734.3556320851553,3658.908492181479,3368.7998436568755
forecast_3658,2025-06-02 10:00:00,3763.411896394751,3664.03762282351,3366.7248085379765
forecast_3659,2025-06-02 11:00:00,3776.05991545195,3650.2476401445,3364.806666458307
forecast_3660,2025-06-02 12:00:00,3757.675338025276,3655.406719974596,3370.9069617703585
forecast_3661,2025-06-02 13:00:00,3748.173486553741,3657.537585157773,3362.7841270005647
forecast_3662,2025-06-02 14:00:00,3741.599206855333,3649.649927685575,3364.4235516365843
forecast_3663,2025-06-02 15:00:00,3794.575026242364,3677.4375298678697,3370.684899861779
forecast_3664,2025-06-02 16:00:00,3905.828003344504,3769.4192940054336,3377.860594393952
forecast_3665,2025-06-02 17:00:00,3963.4909441133823,3871.612623279587,3374.976085378304
forecast_3666,2025-06-02 18:00:00,4004.44844116232,3930.292626624252,3396.5897412882027
forecast_3667,2025-06-02 19:00:00,3457.7172109053304,3903.689577478903,3404.611221969895
forecast_3668,2025-06-02 20:00:00,3965.897575197526,3906.661251444167,3382.048868415028
forecast_3669,2025-06-02 21:00:00,3878.68620725436,3814.220165700529,3377.8612564109426
forecast_3670,2025-06-02 22:00:00,3880.365777045823,3829.424717655572,3384.420568571217
forecast_3671,2025-06-02 23:00:00,3817.655743318096,3749.297385041063,3369.1100425767468
forecast_3672,2025-06-03 00:00:00,3851.574401220276,3811.865920330648,3373.5254129772543
forecast_3673,2025-06-03 01:00:00,3859.421502044647,3794.587602683346,3376.7261550366293
forecast_3674,2025-06-03 02:00:00,3917.215694259904,3802.796236152862,3370.9877995367365
forecast_3675,2025-06-03 03:00:00,3963.609468487056,3880.129992014438,3369.174985953661
forecast_3676,2025-06-03 04:00:00,3985.414568279842,3839.687277665359,3367.977294184182
forecast_3677,2025-06-03 05:00:00,4033.0849116628383,3873.339845731828,3370.9952468314746
forecast_3678,2025-06-03 06:00:00,3994.2747468064217,3850.8490525164375,3383.1403949219844
forecast_3679,2025-06-03 07:00:00,3950.8333278156274,3841.1677431373096,3440.5870379626303
forecast_3680,2025-06-03 08:00:00,3881.7747613231577,3741.804253672575,3425.9196227480734
forecast_3681,2025-06-03 09:00:00,3804.603754094892,3724.9350780972154,3415.068659612255
forecast_3682,2025-06-03 10:00:00,3989.64956756934,3882.393401240454,3480.091626836989
forecast_3683,2025-06-03 11:00:00,4173.887683573325,3629.8393918058023,3696.708542867605
forecast_3684,2025-06-03 12:00:00,5899.71693211534,5106.259133169895,3489.4307818147377
forecast_3685,2025-06-03 13:00:00,7893.289298766062,7029.545655407704,4884.850871667523
forecast_3686,2025-06-03 14:00:00,9912.24165278878,8393.95434846634,5637.546605007763
forecast_3687,2025-06-03 15:00:00,11600.552664421552,9819.322760431196,8048.169407782175
forecast_3688,2025-06-03 16:00:00,12114.981279804611,10785.747820538854,8831.833654412847
forecast_3689,2025-06-03 17:00:00,12388.847602610973,11305.042451398442,9319.4750194785
forecast_3690,2025-06-03 18:00:00,13029.517642359486,12203.442755755856,10595.213468418297
forecast_3691,2025-06-03 19:00:00,13244.558004367966,12306.20400866858,11362.701709583618
forecast_3692,2025-06-03 20:00:00,14632.71861758899,13652.67396983133,12019.959925276116
forecast_3693,2025-06-03 21:00:00,15801.683633925915,15452.545277906796,12970.290163095651
forecast_3694,2025-06-03 22:00:00,16282.981701671131,15934.221535185636,13249.959016608782
forecast_3695,2025-06-03 23:00:00,15892.204295916688,15553.313548482029,13114.347135165212
forecast_3696,2025-06-04 00:00:00,15987.602042950555,15868.42126638233,13467.323139337164
forecast_3697,2025-06-04 01:00:00,15641.194587035276,15745.238428139328,14147.387600256616
forecast_3698,2025-06-04 02:00:00,16594.90386064033,16748.231839592652,15048.568487902488
forecast_3699,2025-06-04 03:00:00,17809.65098530083,17701.39788582772,15805.811960548152
forecast_3700,2025-06-04 04:00:00,18412.65337664451,18238.224658420502,16170.58153122128
forecast_3701,2025-06-04 05:00:00,18472.2491646392,18457.560149262103,16318.746186051088
forecast_3702,2025-06-04 06:00:00,18241.7474646682,18480.79508867888,16242.451280509384
forecast_3703,2025-06-04 07:00:00,18314.41569995849,18296.40443742732,16329.748843319125
forecast_3704,2025-06-04 08:00:00,18382.13256441663,18107.712043315903,16311.061287746514
forecast_3705,2025-06-04 09:00:00,18404.69830828789,17976.507133260257,16121.86230822781
forecast_3706,2025-06-04 10:00:00,18388.286504909185,17802.08183736612,15919.340764616516
forecast_3707,2025-06-04 11:00:00,18116.716200704985,17633.32977791116,15824.863401040033
forecast_3708,2025-06-04 12:00:00,17425.393139878,16950.61627849575,14959.95845461054
forecast_3709,2025-06-04 13:00:00,16366.308386782584,16190.601258421146,14274.932337037868
forecast_3710,2025-06-04 14:00:00,15775.343776628632,15272.75545530501,12808.430792557578
forecast_3711,2025-06-04 15:00:00,14642.297125821246,13271.508983742298,10608.776666618953
forecast_3712,2025-06-04 16:00:00,13777.158391715117,12460.21657403391,10271.849789541951
forecast_3713,2025-06-04 17:00:00,13588.341144367674,12048.150941094043,10420.170251581902
forecast_3714,2025-06-04 18:00:00,12765.122898988231,11405.183942547936,9363.508864431114
forecast_3715,2025-06-04 19:00:00,12736.856596129031,11230.20549263117,9342.58745783118
forecast_3716,2025-06-04 20:00:00,13232.097101569369,11081.342116754147,9529.256687597464
forecast_3717,2025-06-04 21:00:00,13385.115562285871,10998.903459019268,9718.9721088399
forecast_3718,2025-06-04 22:00:00,12010.03074534799,10448.059384875716,9453.098789269265
forecast_3719,2025-06-04 23:00:00,13613.649255772005,12225.016433118475,11786.899021885944
forecast_3720,2025-06-05 00:00:00,14071.495947554413,12702.59550158718,11483.85765182978
forecast_3721,2025-06-05 01:00:00,13084.585092016016,11811.680696216728,10485.933571192683
forecast_3722,2025-06-05 02:00:00,15438.935418309757,13590.053071767676,12119.177158076864
forecast_3723,2025-06-05 03:00:00,15229.541356246476,14083.905777264805,11617.339200962324
forecast_3724,2025-06-05 04:00:00,15115.921851776216,14050.485142343408,12093.117260457211
forecast_3725,2025-06-05 05:00:00,14477.62753605526,13698.943548150666,12194.423436520316
forecast_3726,2025-06-05 06:00:00,12533.22878134728,12418.414805712826,9978.62002058136
forecast_3727,2025-06-05 07:00:00,12045.582598031306,11990.83729523391,10166.47076369131
forecast_3728,2025-06-05 08:00:00,9557.070119456086,10243.060563594958,8291.153654156053
forecast_3729,2025-06-05 09:00:00,8123.959062711507,8489.289991600821,7326.916684026707
forecast_3730,2025-06-05 10:00:00,7412.83590214326,6437.908889695674,6142.396394304175
forecast_3731,2025-06-05 11:00:00,7131.064677056635,5751.231832235074,5601.147475050175
forecast_3732,2025-06-05 12:00:00,7078.664551275482,5919.1579075639065,5207.220638621233
forecast_3733,2025-06-05 13:00:00,7155.700893618906,5931.238604283132,5634.216703792544
forecast_3734,2025-06-05 14:00:00,8183.026431324862,6168.917637415997,5722.437413920249
forecast_3735,2025-06-05 15:00:00,9002.032691719496,6726.163100930676,6000.6774131657385
forecast_3736,2025-06-05 16:00:00,10212.826923441076,7262.01185280952,7258.872797390817
forecast_3737,2025-06-05 17:00:00,11488.987088033042,8667.932417679085,10045.08164704233
forecast_3738,2025-06-05 18:00:00,13139.9742475461,10802.888468143856,13122.845056608749
forecast_3739,2025-06-05 19:00:00,15659.028417996957,13357.08522601682,14073.573416887875
forecast_3740,2025-06-05 20:00:00,17440.936032839872,16095.4317635315,14767.450309335749
forecast_3741,2025-06-05 21:00:00,18796.953903419788,17593.12569797909,15762.261032200207
forecast_3742,2025-06-05 22:00:00,19965.824368504964,18699.96412110969,16884.606698827003
forecast_3743,2025-06-05 23:00:00,20224.841333898687,18772.011208666085,17127.952738135555
forecast_3744,2025-06-06 00:00:00,20204.04210336318,18979.54516293044,17411.29510517798
forecast_3745,2025-06-06 01:00:00,19692.905272469037,18776.441908583645,17238.302077751552
forecast_3746,2025-06-06 02:00:00,19685.534079634912,18725.06725325454,17328.239563806397
forecast_3747,2025-06-06 03:00:00,20068.3207361312,19073.51597043106,17260.40405662149
forecast_3748,2025-06-06 04:00:00,19889.531926298678,18768.50035888217,17142.86860628701
forecast_3749,2025-06-06 05:00:00,19682.65435969477,18695.99716642032,16944.966409144694
forecast_3750,2025-06-06 06:00:00,19422.49402413716,18276.34004854276,16349.32029241971
forecast_3751,2025-06-06 07:00:00,17778.61004190101,17775.47681544835,15574.41219724719
forecast_3752,2025-06-06 08:00:00,17303.58850832645,17367.377236985853,15347.52059378197
forecast_3753,2025-06-06 09:00:00,16417.6256700434,16606.143312950135,15056.80086668722
forecast_3754,2025-06-06 10:00:00,15307.96651355144,15535.35087641553,14786.11294343595
forecast_3755,2025-06-06 11:00:00,14396.283614503194,14851.864391674748,14406.48146846502
forecast_3756,2025-06-06 12:00:00,13573.798580634711,14373.938586930846,14319.912201080992
forecast_3757,2025-06-06 13:00:00,13497.552907200676,14335.981132662417,14295.554815872048
forecast_3758,2025-06-06 14:00:00,13435.994694001774,14284.442719677803,14674.321865405416
forecast_3759,2025-06-06 15:00:00,14139.750868110556,14569.790577101814,14954.10370994166
forecast_3760,2025-06-06 16:00:00,14510.415613525089,14638.696275752454,15160.66877031281
forecast_3761,2025-06-06 17:00:00,15258.59582340838,15193.298309774824,15517.30778265644
forecast_3762,2025-06-06 18:00:00,16376.78320313435,16180.517866457089,16385.84646841322
forecast_3763,2025-06-06 19:00:00,17234.364073830842,17217.592336067915,16839.267884386045
forecast_3764,2025-06-06 20:00:00,17734.037126911855,17656.27624822396,17029.579587045493
forecast_3765,2025-06-06 21:00:00,18648.39280710497,18465.580378051574,17256.501940478855
forecast_3766,2025-06-06 22:00:00,19333.700483536268,18827.86265194508,17432.94579236257
forecast_3767,2025-06-06 23:00:00,19500.722152827937,18879.08512148049,17420.730066688426
forecast_3768,2025-06-07 00:00:00,19360.58548814491,18837.046501217395,17582.08313837444
forecast_3769,2025-06-07 01:00:00,19446.13421912457,18627.797281179508,17550.51719503104
forecast_3770,2025-06-07 02:00:00,19410.18081860988,18565.613085340745,17062.49303240555
forecast_3771,2025-06-07 03:00:00,19570.79641319126,18656.254705058465,17543.779120528794
forecast_3772,2025-06-07 04:00:00,19693.614005684984,18571.851779790064,16920.00270698904
forecast_3773,2025-06-07 05:00:00,19863.57774285093,18715.022789431696,16486.04545541056
forecast_3774,2025-06-07 06:00:00,19520.05567160626,18406.335609955782,15604.702929342417
forecast_3775,2025-06-07 07:00:00,17482.608203102944,16869.857768234917,14227.548340059777
forecast_3776,2025-06-07 08:00:00,16655.717442170793,16033.192317841222,12895.13766222599
forecast_3777,2025-06-07 09:00:00,14170.6997296807,13173.444128940086,11110.274736874992
forecast_3778,2025-06-07 10:00:00,11337.315125758088,9481.005817400664,11096.6692319643
forecast_3779,2025-06-07 11:00:00,8595.658477453379,6960.466394143624,8166.60383387749
forecast_3780,2025-06-07 12:00:00,7654.572947803422,5935.394407004893,5910.922636007596
forecast_3781,2025-06-07 13:00:00,6890.1912549659255,5677.778435025226,5884.08514546634
forecast_3782,2025-06-07 14:00:00,6664.888090228653,5620.195883046154,5450.602007365
forecast_3783,2025-06-07 15:00:00,6377.021077671184,5753.092012082115,5181.277234018996
forecast_3784,2025-06-07 16:00:00,6241.289774788835,6175.207193028408,5271.006298675179
forecast_3785,2025-06-07 17:00:00,6613.784347163025,6789.683979323621,5680.3826478604105
forecast_3786,2025-06-07 18:00:00,7791.429338122964,8245.013673674051,6595.139313972525
forecast_3787,2025-06-07 19:00:00,9704.532744532777,10079.967222206198,8693.599352920166
forecast_3788,2025-06-07 20:00:00,11132.773156027855,11718.573576965951,9730.439478034925
forecast_3789,2025-06-07 21:00:00,12605.688746668962,13067.134583048515,12502.144928837364
forecast_3790,2025-06-07 22:00:00,13702.707613625273,14013.505302675114,12922.922552209942
forecast_3791,2025-06-07 23:00:00,14244.102084724704,14203.066150432507,12554.62000585238
forecast_3792,2025-06-08 00:00:00,14881.92290971384,14372.46833753655,12449.213645880543
forecast_3793,2025-06-08 01:00:00,13389.853222802898,13623.098541546744,10755.669496901615
forecast_3794,2025-06-08 02:00:00,12570.095817319658,13386.24816839552,9939.387314310514
forecast_3795,2025-06-08 03:00:00,11623.97714825697,12652.853055680218,9051.031255514465
forecast_3796,2025-06-08 04:00:00,9797.388987867796,10994.545227007378,8657.223143502928
forecast_3797,2025-06-08 05:00:00,8855.346784443433,9147.155504135397,7007.566576827158
forecast_3798,2025-06-08 06:00:00,4913.50357620828,5437.077099035319,3691.455717978883
forecast_3799,2025-06-08 07:00:00,3678.987246506754,3982.274383766456,3451.79311849373
forecast_3800,2025-06-08 08:00:00,3782.114054983125,3691.499162326945,3371.4568901195016
forecast_3801,2025-06-08 09:00:00,3719.987998500465,3639.068809827732,3362.7325979065004
forecast_3802,2025-06-08 10:00:00,3714.751175011645,3635.2242475859503,3362.2098447405924
forecast_3803,2025-06-08 11:00:00,3709.70380285145,3624.867593190801,3361.227045149806
forecast_3804,2025-06-08 12:00:00,3703.8622205422353,3617.081606819643,3361.3189644794584
forecast_3805,2025-06-08 13:00:00,3702.747531736777,3614.8921098184633,3360.701869570661
forecast_3806,2025-06-08 14:00:00,3702.887447029866,3614.050608806792,3360.552255658316
forecast_3807,2025-06-08 15:00:00,3705.735825198197,3615.1009350596314,3360.4734301423687
forecast_3808,2025-06-08 16:00:00,3711.3158700864574,3616.236455359493,3360.640792510747
forecast_3809,2025-06-08 17:00:00,3711.440901489716,3620.689013925056,3360.896673259373
forecast_3810,2025-06-08 18:00:00,3782.786296674905,3676.8665021371335,3367.883250082152
forecast_3811,2025-06-08 19:00:00,3962.843692611255,3796.102782849295,3380.9243001106584
forecast_3812,2025-06-08 20:00:00,3702.2393343396097,3895.430878706315,3457.767390246339
forecast_3813,2025-06-08 21:00:00,4053.735581042758,3466.5768437997717,3564.139248176497
forecast_3814,2025-06-08 22:00:00,5554.024759654441,4725.7338631635,3670.506376519492
forecast_3815,2025-06-08 23:00:00,7493.629478049535,6434.895946884141,4740.894622162518
forecast_3816,2025-06-09 00:00:00,9985.22786936166,8832.149143976758,7154.558440968992
forecast_3817,2025-06-09 01:00:00,8771.30938650791,9213.718713185935,7060.646783572862
forecast_3818,2025-06-09 02:00:00,8892.815290680388,9364.583790611725,7201.681239854303
forecast_3819,2025-06-09 03:00:00,7724.506736390496,8306.012825057438,6283.065523648154
forecast_3820,2025-06-09 04:00:00,6812.69068663934,7113.266860343024,5598.3725205595465
forecast_3821,2025-06-09 05:00:00,6138.365415508774,6000.015737728328,3743.204041755896
forecast_3822,2025-06-09 06:00:00,4943.857470513078,4573.609838633393,3502.07112856626
forecast_3823,2025-06-09 07:00:00,3663.8354188487615,3836.44118565156,3389.4816432743337
forecast_3824,2025-06-09 08:00:00,3974.9619718397057,3850.06996654422,3368.7927523650555
forecast_3825,2025-06-09 09:00:00,3771.863303006364,3723.523925798778,3369.9465326754894
forecast_3826,2025-06-09 10:00:00,3755.771857840928,3672.3844678836895,3377.667422212092
forecast_3827,2025-06-09 11:00:00,3739.818783602251,3664.790991829924,3370.6445533281258
forecast_3828,2025-06-09 12:00:00,3723.058878934301,3646.5704543606894,3367.7043259267807
forecast_3829,2025-06-09 13:00:00,3725.746437378335,3649.7493861635166,3379.414692161908
forecast_3830,2025-06-09 14:00:00,3728.505663136231,3656.62090541921,3404.6923510239703
forecast_3831,2025-06-09 15:00:00,3745.0975818406023,3679.941976696121,3407.705723466811
forecast_3832,2025-06-09 16:00:00,3779.776402474075,3725.728054276471,3499.714720413596
forecast_3833,2025-06-09 17:00:00,3867.406605312439,3809.093755862087,3502.201154567449
forecast_3834,2025-06-09 18:00:00,3932.70592964107,3866.6404354601054,3598.5643077733016
forecast_3835,2025-06-09 19:00:00,4775.448117138666,4098.914326138988,3596.252230658306
forecast_3836,2025-06-09 20:00:00,5852.508705053287,5626.919874353935,3656.613828786136
forecast_3837,2025-06-09 21:00:00,7357.622581224896,7667.673138895707,6368.704248344253
forecast_3838,2025-06-09 22:00:00,11392.200370233157,12027.80911439759,9554.988739949898
forecast_3839,2025-06-09 23:00:00,11815.130692153376,12950.880722002366,11324.384717548388
forecast_3840,2025-06-10 00:00:00,12751.84886407694,14024.382392390668,12100.24887971389
forecast_3841,2025-06-10 01:00:00,15651.217046409382,15779.729883956865,13855.64904757834
forecast_3842,2025-06-10 02:00:00,15379.132183150045,15606.792595494282,15046.462077982147
forecast_3843,2025-06-10 03:00:00,16218.506473680618,15963.015667168109,15675.573283152273
forecast_3844,2025-06-10 04:00:00,16208.70350287428,15986.380254913369,15370.457341640324
forecast_3845,2025-06-10 05:00:00,16159.315785071713,15513.746691580523,14835.573898032706
forecast_3846,2025-06-10 06:00:00,14567.87522537853,13573.762750431832,12974.205454517116
forecast_3847,2025-06-10 07:00:00,12346.463159186083,11639.525835675717,10545.537645590402
forecast_3848,2025-06-10 08:00:00,11153.757108912649,10183.509445556463,8530.165341880587
forecast_3849,2025-06-10 09:00:00,7685.601443916916,7501.529625546204,6896.604340919082
forecast_3850,2025-06-10 10:00:00,6367.745972661975,5691.639966548841,4819.9126403170985
forecast_3851,2025-06-10 11:00:00,5829.660991100837,5302.691181804764,5290.225601107942
forecast_3852,2025-06-10 12:00:00,5544.126602229732,5401.0383178161865,5184.523483994952
forecast_3853,2025-06-10 13:00:00,6321.840885538549,6262.098063172568,5381.251678712055
forecast_3854,2025-06-10 14:00:00,7197.078796299695,7212.625802811123,5959.039124202927
forecast_3855,2025-06-10 15:00:00,7798.026065590016,7838.3579341807135,7345.639445729151
forecast_3856,2025-06-10 16:00:00,8480.666079889494,8460.083207460602,7311.627908688299
forecast_3857,2025-06-10 17:00:00,10386.079158266795,9993.067298891703,9012.087636832128
forecast_3858,2025-06-10 18:00:00,11010.898485756949,10690.5433771074,9847.308813741658
forecast_3859,2025-06-10 19:00:00,11787.30200511015,11697.776547429208,10518.998721318882
forecast_3860,2025-06-10 20:00:00,12792.443935809042,12818.592022298126,11924.496467902363
forecast_3861,2025-06-10 21:00:00,13596.865622777654,13736.347906872646,12551.298417978567
forecast_3862,2025-06-10 22:00:00,14161.852236830671,14396.90016227006,13168.356658911573
forecast_3863,2025-06-10 23:00:00,15277.541151386313,14976.88493376132,13943.132962766766
forecast_3864,2025-06-11 00:00:00,14710.712835082248,14573.464866944898,14290.792139188885
forecast_3865,2025-06-11 01:00:00,13977.393777553025,14429.126873887675,14469.725250039752
forecast_3866,2025-06-11 02:00:00,13956.84644575685,13633.953875007335,14100.788589762493
forecast_3867,2025-06-11 03:00:00,12671.217639847157,12829.148394528956,13551.398494138595
forecast_3868,2025-06-11 04:00:00,12641.1609394157,12725.002886810382,12139.705138605485
forecast_3869,2025-06-11 05:00:00,12129.153721326107,12033.962756491786,10209.82143151535
forecast_3870,2025-06-11 06:00:00,10452.524421468624,10973.213039717864,7753.158170544428
forecast_3871,2025-06-11 07:00:00,9664.96742196086,10313.855434665606,8008.198722012448
forecast_3872,2025-06-11 08:00:00,8112.827415740535,8233.392980437742,5888.403270520441
forecast_3873,2025-06-11 09:00:00,7001.870602581682,6580.246869096158,4963.933636722925
forecast_3874,2025-06-11 10:00:00,7153.689073694947,6346.895127230201,5092.1688698440985
forecast_3875,2025-06-11 11:00:00,7822.417890629445,6283.791459012161,5163.5376841284215
forecast_3876,2025-06-11 12:00:00,7156.085296104499,5793.06687369148,4674.797560452679
forecast_3877,2025-06-11 13:00:00,6552.302920590395,5302.741615418126,4487.498570460206
forecast_3878,2025-06-11 14:00:00,6629.958867614467,5284.406419821782,4257.07514176767
forecast_3879,2025-06-11 15:00:00,5944.524698323432,4915.481953555473,4291.590158089743
forecast_3880,2025-06-11 16:00:00,4795.750267746783,3843.672122533984,3883.805314329824
forecast_3881,2025-06-11 17:00:00,4159.466166802586,3979.524149354759,4088.3090353780462
forecast_3882,2025-06-11 18:00:00,3936.729116753117,3942.515762103732,3637.984329596805
forecast_3883,2025-06-11 19:00:00,3884.923464821032,4039.307152677624,3712.670010848452
forecast_3884,2025-06-11 20:00:00,4297.73578440026,4259.9254339652425,4032.4693732266246
forecast_3885,2025-06-11 21:00:00,5028.501230093805,4817.013643724791,3842.304531911648
forecast_3886,2025-06-11 22:00:00,6722.80412348851,6443.191722414701,4951.071244870661
forecast_3887,2025-06-11 23:00:00,6846.578352870295,6444.318144571493,5305.786096789231
forecast_3888,2025-06-12 00:00:00,6089.845010018896,5567.804258152715,5160.56963585089
forecast_3889,2025-06-12 01:00:00,4682.193326273449,4359.289641314538,4084.038511801918
forecast_3890,2025-06-12 02:00:00,4398.491072593518,4181.1958264183095,3741.048833824797
forecast_3891,2025-06-12 03:00:00,3558.777354128876,3790.882553926106,3468.569761295416
forecast_3892,2025-06-12 04:00:00,4016.5524590951673,3797.290087643248,3424.675314978032
forecast_3893,2025-06-12 05:00:00,3948.289137884084,3808.3109011638576,3377.892099115603
forecast_3894,2025-06-12 06:00:00,3785.625234231399,3705.154658899941,3368.115944911129
forecast_3895,2025-06-12 07:00:00,3727.655183242504,3662.8254887922935,3362.2657395277915
forecast_3896,2025-06-12 08:00:00,3715.896944458961,3645.557123184317,3361.7779087237363
forecast_3897,2025-06-12 09:00:00,3706.9080639151257,3617.0435117358206,3361.201094179167
forecast_3898,2025-06-12 10:00:00,3703.4075311623865,3614.6721087037727,3360.7347367646585
forecast_3899,2025-06-12 11:00:00,3700.5548255437634,3611.3423508375786,3360.630964632029
forecast_3900,2025-06-12 12:00:00,3700.326830766259,3611.315435978755,3360.54774404472
forecast_3901,2025-06-12 13:00:00,3700.268655956425,3611.207746229075,3360.6111695914897
forecast_3902,2025-06-12 14:00:00,3701.351963045452,3611.673171246688,3360.537911664172
forecast_3903,2025-06-12 15:00:00,3700.678647151569,3612.2471430446913,3360.595986337272
forecast_3904,2025-06-12 16:00:00,3703.563456882621,3616.860710856836,3362.076552563674
forecast_3905,2025-06-12 17:00:00,3709.7538863001137,3621.4979165478335,3363.1499113198824
forecast_3906,2025-06-12 18:00:00,3734.198855274204,3642.058433484836,3364.624345333245
forecast_3907,2025-06-12 19:00:00,3806.1948456379214,3692.031967404521,3378.817215640144
forecast_3908,2025-06-12 20:00:00,3823.930242914948,3672.348197104777,3391.1678251469216
forecast_3909,2025-06-12 21:00:00,3834.994839780069,3676.622664511842,3402.563213466756
forecast_3910,2025-06-12 22:00:00,3971.123380306036,3829.1263008792566,3419.722549058553
forecast_3911,2025-06-12 23:00:00,4058.893022893236,3860.310820248559,3451.924021413753
forecast_3912,2025-06-13 00:00:00,3703.73580980184,3931.300595481205,3455.466653874414
forecast_3913,2025-06-13 01:00:00,4490.187911861104,4119.447617042474,3567.1719781398037
forecast_3914,2025-06-13 02:00:00,4743.799130681688,4649.467703030329,3587.5075107840216
forecast_3915,2025-06-13 03:00:00,4903.037550229704,4270.052796055566,3658.8534290438174
forecast_3916,2025-06-13 04:00:00,4078.679669107239,4060.0217592529007,3643.08615788139
forecast_3917,2025-06-13 05:00:00,3347.1372861812047,3234.437563910695,3456.0403168220246
forecast_3918,2025-06-13 06:00:00,4094.763161113703,4045.326915279347,3390.6551563371177
forecast_3919,2025-06-13 07:00:00,3822.130629323745,3739.36170744011,3366.0739001353286
forecast_3920,2025-06-13 08:00:00,3733.804664841088,3663.146157274885,3364.247770670627
forecast_3921,2025-06-13 09:00:00,3714.7062576988,3639.381945190132,3362.197530088139
forecast_3922,2025-06-13 10:00:00,3722.553560602438,3633.5236120059344,3361.840288556916
forecast_3923,2025-06-13 11:00:00,3717.917265079178,3629.861603609359,3361.4576585037144
forecast_3924,2025-06-13 12:00:00,3716.7106799999215,3640.0777217578975,3363.5959519706016
forecast_3925,2025-06-13 13:00:00,3721.785855833748,3638.350785794511,3365.0695215822943
forecast_3926,2025-06-13 14:00:00,3738.640404489165,3653.6600569997495,3379.624095959869
forecast_3927,2025-06-13 15:00:00,3767.5655985478616,3683.44135919592,3371.1296842040074
forecast_3928,2025-06-13 16:00:00,3772.5784743177383,3688.29925888033,3373.409578235421
forecast_3929,2025-06-13 17:00:00,3780.703803382058,3699.638752915327,3382.445795102224
forecast_3930,2025-06-13 18:00:00,3873.338944450653,3744.566568484859,3382.210398355267
forecast_3931,2025-06-13 19:00:00,3973.700153936062,3777.2542119576287,3389.4747036983667
forecast_3932,2025-06-13 20:00:00,4000.900910928666,3839.105357890073,3420.5869574742605
forecast_3933,2025-06-13 21:00:00,3765.9559376353263,3846.712547556196,3394.437265820567
forecast_3934,2025-06-13 22:00:00,3557.635186739639,3519.991965474391,3474.0618028389003
forecast_3935,2025-06-13 23:00:00,4656.229065623003,4169.45032173501,3589.9885127643643
forecast_3936,2025-06-14 00:00:00,4786.629569315375,4705.411913863633,3539.324256612429
forecast_3937,2025-06-14 01:00:00,6721.138893658729,7690.925688664133,3740.119037951041
forecast_3938,2025-06-14 02:00:00,6767.165075212021,7442.996040288984,3772.072288858438
forecast_3939,2025-06-14 03:00:00,6002.678645771579,6681.008567066776,3687.301753539459
forecast_3940,2025-06-14 04:00:00,5003.561178143189,5674.949369086118,4650.694829687065
forecast_3941,2025-06-14 05:00:00,4260.916900359529,4106.950969976736,3442.26976983983
forecast_3942,2025-06-14 06:00:00,3983.155571801125,3881.81450935309,3374.408589289676
forecast_3943,2025-06-14 07:00:00,3753.8266155619135,3662.888824082688,3362.697174013193
forecast_3944,2025-06-14 08:00:00,3763.104288101176,3657.077155292232,3365.4723918893005
forecast_3945,2025-06-14 09:00:00,3732.562811537882,3633.970847552995,3362.8914792918595
forecast_3946,2025-06-14 10:00:00,3778.178494484511,3696.487025355093,3377.8819782407904
forecast_3947,2025-06-14 11:00:00,3746.426925209854,3669.404806416983,3366.456126482659
forecast_3948,2025-06-14 12:00:00,3734.065555543008,3679.1525702264,3370.9094807377664
forecast_3949,2025-06-14 13:00:00,3722.2237245192528,3650.598576278236,3370.17202834714
forecast_3950,2025-06-14 14:00:00,3724.869359850469,3658.924376892288,3367.002216878246
forecast_3951,2025-06-14 15:00:00,3718.396821892245,3646.469599144913,3363.9718686497445
forecast_3952,2025-06-14 16:00:00,3709.59884374431,3625.3952227287705,3362.401109171008
forecast_3953,2025-06-14 17:00:00,3714.99450523419,3636.284547230664,3365.7044184471147
forecast_3954,2025-06-14 18:00:00,3714.290998909573,3635.825689751805,3366.265144728393
forecast_3955,2025-06-14 19:00:00,3782.873731184737,3695.13281873638,3374.829448066894
forecast_3956,2025-06-14 20:00:00,3801.812605946451,3711.6519056872894,3394.3471634477514
forecast_3957,2025-06-14 21:00:00,3897.557588151397,3720.2608692112262,3405.3202357700543
forecast_3958,2025-06-14 22:00:00,3917.0456940215736,3827.603932631655,3418.976496317769
forecast_3959,2025-06-14 23:00:00,4080.686948792984,3876.487464660723,3508.92750471659
forecast_3960,2025-06-15 00:00:00,4089.243050670296,3942.573934464072,3500.879683798208
forecast_3961,2025-06-15 01:00:00,6103.143505314252,5044.509291153951,4655.984520856897
forecast_3962,2025-06-15 02:00:00,6673.425969812255,5698.957717738277,4676.144293177722
forecast_3963,2025-06-15 03:00:00,6558.597182006504,6127.302510036412,4368.9017084864345
forecast_3964,2025-06-15 04:00:00,6331.825614855646,6096.749835709265,3687.016444806429
forecast_3965,2025-06-15 05:00:00,5985.097509530027,5874.048474888681,5101.788397258747
forecast_3966,2025-06-15 06:00:00,6184.922349487893,6175.132636625364,4330.850189770048
forecast_3967,2025-06-15 07:00:00,4560.611788359452,4670.022147548608,3642.889043363923
forecast_3968,2025-06-15 08:00:00,4016.626459806538,3575.6303359996355,3457.4914308405787
forecast_3969,2025-06-15 09:00:00,3951.542918193627,3966.98252012336,3441.041185898445
forecast_3970,2025-06-15 10:00:00,3903.609932780239,3861.884578364927,3402.007919154829
forecast_3971,2025-06-15 11:00:00,3817.122355521557,3819.748993687358,3378.4584472505003
forecast_3972,2025-06-15 12:00:00,3822.4649929140855,3827.662860039224,3413.0784697094587
forecast_3973,2025-06-15 13:00:00,3839.694549174969,3824.850436175059,3533.6352393613474
forecast_3974,2025-06-15 14:00:00,3817.41040075743,3811.7500945587262,3512.961785894983
forecast_3975,2025-06-15 15:00:00,3905.673936016416,3904.112664970165,3515.688045197025
forecast_3976,2025-06-15 16:00:00,4017.158070929571,4109.71207672574,3716.0352300257914
forecast_3977,2025-06-15 17:00:00,4152.133020920907,4386.600082464034,3704.333216138472
forecast_3978,2025-06-15 18:00:00,4865.401613785563,5434.396204588443,4599.283982628935
forecast_3979,2025-06-15 19:00:00,6139.500639776152,6657.808794212204,5420.914661299431
forecast_3980,2025-06-15 20:00:00,7045.504603633856,7050.408079913657,6040.517705310881
forecast_3981,2025-06-15 21:00:00,7598.707746674085,7856.066287751174,6307.656957269197
forecast_3982,2025-06-15 22:00:00,8757.465064574093,9616.075030192547,7627.976556713694
forecast_3983,2025-06-15 23:00:00,8789.22582369708,9965.04122683403,8178.949828127923
forecast_3984,2025-06-16 00:00:00,9588.621734891029,10104.269344815604,8325.524385820408
forecast_3985,2025-06-16 01:00:00,9566.80647921217,10300.053263095506,8266.26432196265
forecast_3986,2025-06-16 02:00:00,9816.03689340175,10546.37628667926,8036.899608760698
forecast_3987,2025-06-16 03:00:00,9172.715418184453,10110.76007355008,6930.927457477124
forecast_3988,2025-06-16 04:00:00,7090.032472560916,9030.19500058674,6047.893126991825
forecast_3989,2025-06-16 05:00:00,6189.845545470492,7790.0770197179645,5210.18811590691
forecast_3990,2025-06-16 06:00:00,5836.690976179075,7561.404933895837,4517.519920375278
forecast_3991,2025-06-16 07:00:00,6573.712025175443,8041.382282140947,4274.07752524117
forecast_3992,2025-06-16 08:00:00,7421.185582391452,8782.456662866094,5944.970826093661
forecast_3993,2025-06-16 09:00:00,7333.183683142024,8468.420799569809,3770.1681234116136
forecast_3994,2025-06-16 10:00:00,6942.1879440110815,7858.973289969267,5766.4352826535405
forecast_3995,2025-06-16 11:00:00,7181.041518176542,7969.363713175111,5752.667692564319
forecast_3996,2025-06-16 12:00:00,6556.732373361223,6866.675117471223,5744.8719034057485
forecast_3997,2025-06-16 13:00:00,7305.993351984446,7579.909999674205,7109.049276164029
forecast_3998,2025-06-16 14:00:00,7706.560016713885,8009.219714939321,7624.866623774177
forecast_3999,2025-06-16 15:00:00,9366.526813260196,9088.419658524866,8906.413512462992
forecast_4000,2025-06-16 16:00:00,10789.738236436133,10070.681423950917,9571.163741756209
forecast_4001,2025-06-16 17:00:00,12339.872367672337,11050.720023169835,10810.46188240484
forecast_4002,2025-06-16 18:00:00,12644.202774134848,11718.129093754003,11151.07656569864
forecast_4003,2025-06-16 19:00:00,13323.898635374844,12802.541425832118,13878.682976977942
forecast_4004,2025-06-16 20:00:00,13822.850321260554,13441.839829300048,14577.915282588689
forecast_4005,2025-06-16 21:00:00,13995.715450947208,14378.507857544031,15143.108301713724
forecast_4006,2025-06-16 22:00:00,15201.078648327946,15828.14830401806,15860.006913544952
forecast_4007,2025-06-16 23:00:00,16370.935666182548,17120.455529829043,16124.662624651335
forecast_4008,2025-06-17 00:00:00,17102.76999600643,17867.398122707877,16474.73410451089
forecast_4009,2025-06-17 01:00:00,17646.540675818076,18033.495226749463,16753.521242361574
forecast_4010,2025-06-17 02:00:00,17747.61499100173,18039.92773616829,17058.0427455719
forecast_4011,2025-06-17 03:00:00,17886.21089754441,18099.16321450601,17287.015637322915
forecast_4012,2025-06-17 04:00:00,17769.501095873315,17843.497824539118,17339.244683121105
forecast_4013,2025-06-17 05:00:00,17091.363006563868,17334.302266015377,17033.27230133985
forecast_4014,2025-06-17 06:00:00,15940.3030113525,16351.553479809298,16125.131895544211
forecast_4015,2025-06-17 07:00:00,14208.789364845088,15312.250409437973,15494.34713507624
forecast_4016,2025-06-17 08:00:00,13822.900512081947,14652.670408865764,14945.908786694788
forecast_4017,2025-06-17 09:00:00,13147.844034904285,13850.825727384774,14454.047971033957
forecast_4018,2025-06-17 10:00:00,11287.848631047902,12320.811786009352,13560.187772280204
forecast_4019,2025-06-17 11:00:00,11070.556804911595,11959.164772292452,12577.54728587674
forecast_4020,2025-06-17 12:00:00,10847.977735622328,11404.610598699168,11357.471652575125
forecast_4021,2025-06-17 13:00:00,10615.011765284362,10869.079382306752,11339.091466626322
forecast_4022,2025-06-17 14:00:00,10306.112172681076,10409.532754049487,10688.969003739305
forecast_4023,2025-06-17 15:00:00,9413.127676708284,9425.05691378458,10151.365196632274
forecast_4024,2025-06-17 16:00:00,9499.195567503086,9051.940558641165,8951.313956465554
forecast_4025,2025-06-17 17:00:00,8708.7616571381,7933.745658159931,8346.710393876388
forecast_4026,2025-06-17 18:00:00,7837.667213690313,7191.239585153289,7311.4648023881
forecast_4027,2025-06-17 19:00:00,6240.155418189032,5941.4075167101055,5817.714409960639
forecast_4028,2025-06-17 20:00:00,5790.771449729567,6234.840519886147,5454.9852077877895
forecast_4029,2025-06-17 21:00:00,5893.007794198122,6817.197869584215,4868.575252577309
forecast_4030,2025-06-17 22:00:00,6008.437812820198,7231.571552410792,4861.123706020993
forecast_4031,2025-06-17 23:00:00,6541.877896223966,7880.919035605343,5100.765636896027
forecast_4032,2025-06-18 00:00:00,7377.427028451736,8816.466520419168,5471.398052335649
forecast_4033,2025-06-18 01:00:00,7354.325676383394,8953.683763072026,5917.353339725932
forecast_4034,2025-06-18 02:00:00,7680.750822630464,9551.348165645988,6457.854994658618
forecast_4035,2025-06-18 03:00:00,8465.988277611685,10209.019101329746,7374.13130051641
forecast_4036,2025-06-18 04:00:00,9110.344977469636,10423.601176642354,7981.525597208922
forecast_4037,2025-06-18 05:00:00,9543.91006235706,10711.107513816063,8611.334696412046
forecast_4038,2025-06-18 06:00:00,9052.135697253078,10613.538507897993,8341.195138682675
forecast_4039,2025-06-18 07:00:00,7978.793292713109,9643.552964552136,6445.812294005399
forecast_4040,2025-06-18 08:00:00,6010.966891155276,7686.274740221499,4386.705709507749
forecast_4041,2025-06-18 09:00:00,5321.450562270918,6019.935061276317,3492.8612357334937
forecast_4042,2025-06-18 10:00:00,4543.429026251774,4456.407345721086,3691.24205305478
forecast_4043,2025-06-18 11:00:00,4204.688636223858,4030.8588881897126,3777.982829314836
forecast_4044,2025-06-18 12:00:00,4043.618386997177,3700.6224994488566,3150.874502202356
forecast_4045,2025-06-18 13:00:00,4261.599103816318,3859.097727828716,3095.518432710193
forecast_4046,2025-06-18 14:00:00,4388.629424600681,4180.4015867494345,3068.80146835779
forecast_4047,2025-06-18 15:00:00,4421.051543241634,4035.0680080226416,3158.974201949404
forecast_4048,2025-06-18 16:00:00,4700.502888455972,4312.081436307081,3276.995662250142
forecast_4049,2025-06-18 17:00:00,4765.862629114746,4483.290858639876,3336.086311427025
forecast_4050,2025-06-18 18:00:00,4726.870786289148,4674.966724140459,3486.4071642274776
forecast_4051,2025-06-18 19:00:00,5645.272144827191,5575.020739637325,4423.350986729978
forecast_4052,2025-06-18 20:00:00,6907.515752056968,7182.989211062353,6529.772115137558
forecast_4053,2025-06-18 21:00:00,8419.357179909663,8835.439021629316,8587.936419900236
forecast_4054,2025-06-18 22:00:00,9575.166292737416,11002.47116246259,9840.895527120842
forecast_4055,2025-06-18 23:00:00,10976.487147889506,12123.978343393952,10607.187483977865
forecast_4056,2025-06-19 00:00:00,11659.176955271554,12645.658392653424,10833.929100673462
forecast_4057,2025-06-19 01:00:00,12714.408901705923,13209.29935723825,11454.544513064053
forecast_4058,2025-06-19 02:00:00,12673.698823783718,13120.503144181075,11890.7923373994
forecast_4059,2025-06-19 03:00:00,12425.746086481682,13239.209125294969,11202.142086057636
forecast_4060,2025-06-19 04:00:00,11764.538517186837,12432.92630136854,9850.837747198246
forecast_4061,2025-06-19 05:00:00,10332.26037138846,11234.089330459556,8820.291712149661
forecast_4062,2025-06-19 06:00:00,8740.853351889898,9188.998973662816,6186.507981802654
forecast_4063,2025-06-19 07:00:00,6553.700784701412,6140.5499318081565,4302.565471791023
forecast_4064,2025-06-19 08:00:00,4126.6603064946685,3708.619297158411,3528.041495562914
forecast_4065,2025-06-19 09:00:00,3932.3130374428806,3989.079968295816,3418.236341192917
forecast_4066,2025-06-19 10:00:00,3777.627768399266,3716.818624238485,3413.883697861729
forecast_4067,2025-06-19 11:00:00,3734.1535866695535,3685.4155736654593,3372.186585312901
forecast_4068,2025-06-19 12:00:00,3719.5827532584985,3660.950360478402,3369.250276281028
forecast_4069,2025-06-19 13:00:00,3707.274686837807,3632.58178729222,3368.3131574520035
forecast_4070,2025-06-19 14:00:00,3714.552431124405,3639.277803969564,3365.872804460188
forecast_4071,2025-06-19 15:00:00,3721.415999186452,3653.411571361097,3377.522539690623
forecast_4072,2025-06-19 16:00:00,3730.834268324147,3668.037900614348,3378.5474360714798
forecast_4073,2025-06-19 17:00:00,3760.334539920358,3710.2158807211945,3407.472188531078
forecast_4074,2025-06-19 18:00:00,3822.641268716302,3814.630150024778,3408.1541946971256
forecast_4075,2025-06-19 19:00:00,3931.872900927097,3987.689617417801,3440.421871932782
forecast_4076,2025-06-19 20:00:00,3958.779704188675,4063.023635902356,3586.586170264241
forecast_4077,2025-06-19 21:00:00,4185.338496878948,4597.676153891879,3717.306880481419
forecast_4078,2025-06-19 22:00:00,6872.390502896529,7049.598610567165,4830.515119873929
forecast_4079,2025-06-19 23:00:00,7339.573616331612,8239.266915454707,4984.356972855147
forecast_4080,2025-06-20 00:00:00,8153.874683873222,9512.200022020668,5541.260085670458
forecast_4081,2025-06-20 01:00:00,9890.84640256584,11245.106157242775,7149.4003598151785
forecast_4082,2025-06-20 02:00:00,10653.65993653823,11836.508981972467,7697.172322928651
forecast_4083,2025-06-20 03:00:00,11155.073818732191,12248.76554827093,8438.687975366129
forecast_4084,2025-06-20 04:00:00,11431.988653213684,12274.7214896585,9085.10415838281
forecast_4085,2025-06-20 05:00:00,11585.537017082472,12561.618459744512,9289.175897531197
forecast_4086,2025-06-20 06:00:00,10773.06784447596,12044.882270118773,8413.402051814339
forecast_4087,2025-06-20 07:00:00,9361.470365759422,11435.050038060248,8809.33946856089
forecast_4088,2025-06-20 08:00:00,8898.475958958683,11038.257702286886,8516.553434762707
forecast_4089,2025-06-20 09:00:00,9635.01759181202,11365.753011571684,13028.154206323832
forecast_4090,2025-06-20 10:00:00,9607.546906602724,11700.055170575442,13682.71024967137
forecast_4091,2025-06-20 11:00:00,12194.820228061615,13826.414708048873,14840.055718210697
forecast_4092,2025-06-20 12:00:00,13648.703234004734,14943.26731552819,15832.922666792512
forecast_4093,2025-06-20 13:00:00,14140.90422869564,15416.628968421332,16644.575411110687
forecast_4094,2025-06-20 14:00:00,15402.544650403675,16277.374105051233,17132.695544446782
forecast_4095,2025-06-20 15:00:00,16556.85879535227,17206.212134342153,17675.619140456074
forecast_4096,2025-06-20 16:00:00,18238.38345983099,18279.788313934678,18029.905586509078
forecast_4097,2025-06-20 17:00:00,18256.7874467824,18180.841125949344,18489.337561581742
forecast_4098,2025-06-20 18:00:00,18236.23693493645,18307.91804037256,18707.84385861845
forecast_4099,2025-06-20 19:00:00,18057.927667978605,18363.80152262061,18740.77090506997
forecast_4100,2025-06-20 20:00:00,17980.66342334354,18071.705266479752,18666.568095605657
forecast_4101,2025-06-20 21:00:00,18430.31328615836,18382.19207913936,18836.55389810277
forecast_4102,2025-06-20 22:00:00,18437.669678052192,18566.043293718223,18532.58713404393
forecast_4103,2025-06-20 23:00:00,18378.49069025276,18590.52315779903,18672.248173406537
forecast_4104,2025-06-21 00:00:00,18197.97472182175,18581.973847114477,18683.42585860492
forecast_4105,2025-06-21 01:00:00,18772.667584815048,18686.207784404563,18005.794301258622
forecast_4106,2025-06-21 02:00:00,18140.301757270387,18067.160140550608,17819.23681742254
forecast_4107,2025-06-21 03:00:00,17167.380695465592,17545.17500122255,17186.028361121054
forecast_4108,2025-06-21 04:00:00,16042.687519529887,16657.32572166428,16101.082287194373
forecast_4109,2025-06-21 05:00:00,14113.451821082532,15674.736481513237,15079.217157997658
forecast_4110,2025-06-21 06:00:00,12927.082113185108,14507.85414953761,13554.54148976361
forecast_4111,2025-06-21 07:00:00,12627.22702346981,13903.447968100729,12068.904761251297
forecast_4112,2025-06-21 08:00:00,12867.037385730348,13085.390299299384,12752.416518536698
forecast_4113,2025-06-21 09:00:00,11811.865002128869,11508.37737923513,10600.024049628557
forecast_4114,2025-06-21 10:00:00,9879.782788251166,9894.85350257348,9280.180884509464
forecast_4115,2025-06-21 11:00:00,8361.494506867763,9098.913615026171,9210.239987402912
forecast_4116,2025-06-21 12:00:00,7731.523338971758,8337.980514608995,8558.516858616584
forecast_4117,2025-06-21 13:00:00,7267.744429542206,7954.992740195792,7579.903926004151
forecast_4118,2025-06-21 14:00:00,7719.7399420798,8353.83401736222,7463.871920016229
forecast_4119,2025-06-21 15:00:00,8575.274079166295,9417.728936370751,7967.641823585557
forecast_4120,2025-06-21 16:00:00,9754.223481595212,10561.486935737616,8682.142537808855
forecast_4121,2025-06-21 17:00:00,11095.427217961267,11207.497679990223,9408.686855994343
forecast_4122,2025-06-21 18:00:00,11579.941686695722,11944.994826019294,10034.331526360833
forecast_4123,2025-06-21 19:00:00,12460.393098491995,12503.251099062085,9934.68861208809
forecast_4124,2025-06-21 20:00:00,12973.520134747094,12727.054556193498,10548.400361693224
forecast_4125,2025-06-21 21:00:00,13619.310037935376,13563.19500793446,12447.26041498656
forecast_4126,2025-06-21 22:00:00,13888.531489223107,14299.557483979976,13633.847848878811
forecast_4127,2025-06-21 23:00:00,12961.638875115816,13924.00013595315,13831.56017885979
forecast_4128,2025-06-22 00:00:00,14218.572074481512,14135.371851107586,13800.441097917595
forecast_4129,2025-06-22 01:00:00,14624.64207814084,13958.147607492772,12863.175689084695
forecast_4130,2025-06-22 02:00:00,14404.65712633239,13288.449736572242,11574.287364032372
forecast_4131,2025-06-22 03:00:00,12860.40615125902,11950.652380908248,9545.834470617632
forecast_4132,2025-06-22 04:00:00,12376.35216738225,11425.86515444218,8044.058257982405
forecast_4133,2025-06-22 05:00:00,11760.115148257131,11149.238169531896,8486.333271907524
forecast_4134,2025-06-22 06:00:00,9575.384745723682,9861.91278083441,6701.154186097294
forecast_4135,2025-06-22 07:00:00,8531.826879969642,8820.18296308542,5707.879382110841
forecast_4136,2025-06-22 08:00:00,7692.725158555853,7552.03377652554,3776.402278177146
forecast_4137,2025-06-22 09:00:00,6162.660417886501,6345.365937566256,3700.169457666149
forecast_4138,2025-06-22 10:00:00,5064.372119505053,4687.663284305831,3719.363091553005
forecast_4139,2025-06-22 11:00:00,5045.347974146962,4607.798739668375,3656.580914116979
forecast_4140,2025-06-22 12:00:00,4884.489449039838,4198.012253801127,3733.460301130456
forecast_4141,2025-06-22 13:00:00,5421.3953612842015,4522.832758261273,3593.8664574235927
forecast_4142,2025-06-22 14:00:00,5069.749772524866,3770.9743833786456,3765.2379416814074
forecast_4143,2025-06-22 15:00:00,4856.238958853013,4146.908313910638,3693.022059486792
forecast_4144,2025-06-22 16:00:00,4806.304661056757,4129.863405335309,3698.104810647554
forecast_4145,2025-06-22 17:00:00,4352.488108363362,3618.66040618276,3215.096674585038
forecast_4146,2025-06-22 18:00:00,4734.1859707436415,4163.966782805002,3508.975539655157
forecast_4147,2025-06-22 19:00:00,4779.153953546001,4199.428692103758,3498.0067378383437
forecast_4148,2025-06-22 20:00:00,4887.415479923634,4517.904844811513,4031.858210371734
forecast_4149,2025-06-22 21:00:00,5367.410835332627,4922.590698316065,4718.164139046148
forecast_4150,2025-06-22 22:00:00,6604.996732304591,5941.26872258603,5661.794052250702
forecast_4151,2025-06-22 23:00:00,5820.90282488354,5458.29509976795,4760.134109527096
forecast_4152,2025-06-23 00:00:00,4651.966534990964,4448.658734338703,4383.401363195145
forecast_4153,2025-06-23 01:00:00,4220.435952421754,3864.223639578667,4055.817402684352
forecast_4154,2025-06-23 02:00:00,4116.038418510294,4112.703629760671,4065.6672616712017
forecast_4155,2025-06-23 03:00:00,3978.939453182975,4046.484082580739,3534.606828286496
forecast_4156,2025-06-23 04:00:00,3644.695027293196,3930.860021270392,3450.5070915315864
forecast_4157,2025-06-23 05:00:00,4062.337961348536,3888.749321489768,3400.4038258455785
forecast_4158,2025-06-23 06:00:00,3914.9381186521177,3789.638950369943,3378.879797978077
forecast_4159,2025-06-23 07:00:00,3811.230783740335,3689.484890473343,3365.720535689152
forecast_4160,2025-06-23 08:00:00,3715.905380856602,3638.660853367227,3363.694698615434
forecast_4161,2025-06-23 09:00:00,3707.014246885525,3630.859521383527,3363.1233248655767
forecast_4162,2025-06-23 10:00:00,3707.1467871951104,3631.769668651264,3363.848214193109
forecast_4163,2025-06-23 11:00:00,3710.710380224886,3641.236507496364,3367.029544894374
forecast_4164,2025-06-23 12:00:00,3714.5525826031167,3651.745474394679,3368.021377266465
forecast_4165,2025-06-23 13:00:00,3721.662093020223,3668.5771424683007,3370.1394121808794
forecast_4166,2025-06-23 14:00:00,3720.4522618382543,3663.22038107696,3371.9099736479766
forecast_4167,2025-06-23 15:00:00,3726.527446487654,3680.259771049418,3375.700463491664
forecast_4168,2025-06-23 16:00:00,3709.503003360884,3633.1644710591295,3365.37715496888
forecast_4169,2025-06-23 17:00:00,3703.687345351427,3625.1759998312905,3361.7293534404985
forecast_4170,2025-06-23 18:00:00,3703.3905165113583,3618.931502677582,3361.881776589581
forecast_4171,2025-06-23 19:00:00,3704.545296769572,3617.5912897100498,3362.0279747822706
forecast_4172,2025-06-23 20:00:00,3713.6434609640487,3623.6232691226337,3362.9693224421226
forecast_4173,2025-06-23 21:00:00,3712.372468639896,3619.7549599521767,3362.980971579438
forecast_4174,2025-06-23 22:00:00,3706.8637391498064,3620.2587721809873,3361.593698431239
forecast_4175,2025-06-23 23:00:00,3716.1040645732814,3620.285922938056,3361.4615890456084
forecast_4176,2025-06-24 00:00:00,3715.301552432964,3622.148532225596,3361.6805024837618
forecast_4177,2025-06-24 01:00:00,3707.25036029332,3624.08322460758,3361.6988707443447
forecast_4178,2025-06-24 02:00:00,3715.153098837741,3637.76909516547,3361.652530793313
forecast_4179,2025-06-24 03:00:00,3721.839036599322,3638.174447945785,3361.642935684327
forecast_4180,2025-06-24 04:00:00,3752.176397302057,3659.47505139663,3362.3976919769057
forecast_4181,2025-06-24 05:00:00,3783.7551822256414,3674.080620160183,3363.254488509572
forecast_4182,2025-06-24 06:00:00,3769.0921959378816,3716.642802590032,3362.420618430102
forecast_4183,2025-06-24 07:00:00,3890.647079237624,3805.098678189351,3368.215080206112
forecast_4184,2025-06-24 08:00:00,3839.86007491,3844.955195876874,3376.289244191536
forecast_4185,2025-06-24 09:00:00,3831.476353970007,3827.004566995445,3373.879275853884
forecast_4186,2025-06-24 10:00:00,3856.338302401596,3781.167912511135,3371.1230293864583
forecast_4187,2025-06-24 11:00:00,3812.013959290631,3741.322990820097,3373.7950952497054
forecast_4188,2025-06-24 12:00:00,3843.417637979649,3756.71396764891,3371.6015290069518
forecast_4189,2025-06-24 13:00:00,3854.209627732562,3769.429177049132,3376.366927013298
forecast_4190,2025-06-24 14:00:00,3876.52829521492,3819.9327941531687,3371.577415478413
forecast_4191,2025-06-24 15:00:00,3865.033351936542,3871.047980003357,3379.344184221693
forecast_4192,2025-06-24 16:00:00,3991.5454088572906,4006.363326540363,3376.9755432845686
forecast_4193,2025-06-24 17:00:00,3751.445346641121,4046.552021726891,3391.147923088553
forecast_4194,2025-06-24 18:00:00,3436.9589651327874,3728.055762354903,3402.282817192932
forecast_4195,2025-06-24 19:00:00,4497.3423710737225,5007.089599142422,3438.2679941099705
forecast_4196,2025-06-24 20:00:00,5702.199451484058,6147.260911508706,3461.436420269504
forecast_4197,2025-06-24 21:00:00,5358.014472977638,5852.315455201344,3533.944582534831
forecast_4198,2025-06-24 22:00:00,6613.481206734774,6684.0743838703165,3548.294388818635
forecast_4199,2025-06-24 23:00:00,6559.011700798974,6380.831552931652,3504.9780471043136
forecast_4200,2025-06-25 00:00:00,7076.891601641409,6282.429476112688,3564.8339778504896
forecast_4201,2025-06-25 01:00:00,5820.8229750895,5798.7126197867465,3525.34035771949
forecast_4202,2025-06-25 02:00:00,5001.451841565872,5144.837381763734,3536.680387327948
forecast_4203,2025-06-25 03:00:00,4225.611983685682,4303.961913235433,3420.66088436617
forecast_4204,2025-06-25 04:00:00,3460.945125672812,3542.158599343596,3385.398108909209
forecast_4205,2025-06-25 05:00:00,4056.5977288549984,4025.862909977848,3383.642378368772
forecast_4206,2025-06-25 06:00:00,3335.832411795933,3937.3503471259633,3381.9019220839823
forecast_4207,2025-06-25 07:00:00,3085.1403980509604,3899.548513126912,3374.671767482861
forecast_4208,2025-06-25 08:00:00,3103.06639410111,3821.180692865117,3374.259766929486
forecast_4209,2025-06-25 09:00:00,4002.3964884409575,3901.601182553241,3376.153184144929
forecast_4210,2025-06-25 10:00:00,3915.578270633644,3816.801662812707,3371.355297458537
forecast_4211,2025-06-25 11:00:00,3857.547685723775,3788.292609093337,3370.270460488611
forecast_4212,2025-06-25 12:00:00,3836.650691819014,3761.120676135846,3371.9913987486766
forecast_4213,2025-06-25 13:00:00,3788.6025360345575,3736.7021730212687,3369.9016253891614
forecast_4214,2025-06-25 14:00:00,3746.505267145194,3724.927441501248,3363.9993818875223
forecast_4215,2025-06-25 15:00:00,3745.646664699444,3697.48824359852,3361.1961486300584
forecast_4216,2025-06-25 16:00:00,3738.6976411813457,3694.267211934141,3362.0155619303496
forecast_4217,2025-06-25 17:00:00,3740.307037273905,3702.061920293972,3361.9270046273223
forecast_4218,2025-06-25 18:00:00,3720.946555751172,3681.0574559618494,3363.331806897959
forecast_4219,2025-06-25 19:00:00,3766.4236041334007,3694.944644017345,3366.9873037029315
forecast_4220,2025-06-25 20:00:00,3849.748110936941,3790.055436597229,3373.193866523518
forecast_4221,2025-06-25 21:00:00,3997.2409056887177,3962.1378146904703,3413.077927222008
forecast_4222,2025-06-25 22:00:00,5253.449454694268,5018.40195868188,3487.74995938809
forecast_4223,2025-06-25 23:00:00,6495.013007295901,6532.628530363989,3686.8327402222194
forecast_4224,2025-06-26 00:00:00,9032.174367009196,8766.771102973957,4431.720525812008
forecast_4225,2025-06-26 01:00:00,10455.704301900045,11235.487095098211,6355.594097258835
forecast_4226,2025-06-26 02:00:00,12256.110278847143,12376.996248481815,8048.339217837632
forecast_4227,2025-06-26 03:00:00,13760.97746549279,13639.266563615229,9725.552192292724
forecast_4228,2025-06-26 04:00:00,14001.237062174863,13452.91067636348,9711.468745216518
forecast_4229,2025-06-26 05:00:00,13565.131288106732,13032.111882626534,9614.1228262609
forecast_4230,2025-06-26 06:00:00,12769.203718589715,12585.94124884535,9646.528729379894
forecast_4231,2025-06-26 07:00:00,12206.143529711822,11934.251768052747,8951.933053255594
forecast_4232,2025-06-26 08:00:00,11365.079606803976,11408.141554195428,7596.186609959003
forecast_4233,2025-06-26 09:00:00,10135.09637241067,10392.522109134215,7837.1327975647955
forecast_4234,2025-06-26 10:00:00,7866.268520178281,8018.600602031981,5697.912352948494
forecast_4235,2025-06-26 11:00:00,6324.760254873556,6343.41354782582,5192.811041751444
forecast_4236,2025-06-26 12:00:00,5203.240564250903,5596.489880101677,5657.179731899239
forecast_4237,2025-06-26 13:00:00,4398.36836670489,5003.336011035355,4898.407499170944
forecast_4238,2025-06-26 14:00:00,4025.396879683926,4443.666922784062,4568.68105364553
forecast_4239,2025-06-26 15:00:00,4794.088620997159,5079.167797481643,4809.93749100766
forecast_4240,2025-06-26 16:00:00,5057.961731485179,5283.555465918552,5561.007701226101
forecast_4241,2025-06-26 17:00:00,4876.903504333083,5044.40277454133,5005.635571196496
forecast_4242,2025-06-26 18:00:00,4806.988932410122,5206.943446816559,4886.581260312781
forecast_4243,2025-06-26 19:00:00,5206.243627417197,5072.041435550244,4996.94257480232
forecast_4244,2025-06-26 20:00:00,5814.128153956101,5367.371350019484,5144.358424044968
forecast_4245,2025-06-26 21:00:00,6264.9795437611,5522.5119337192855,4884.641587758235
forecast_4246,2025-06-26 22:00:00,6084.639504445677,5770.804364147502,5141.405769714454
forecast_4247,2025-06-26 23:00:00,5484.176107411081,4955.546531236079,5137.201053500628
forecast_4248,2025-06-27 00:00:00,5169.893148503829,4806.167018793026,4948.774694705793
forecast_4249,2025-06-27 01:00:00,4806.071315774234,4130.154461329097,4459.50229853978
forecast_4250,2025-06-27 02:00:00,4419.723384150886,4018.665127545145,3699.908593538088
forecast_4251,2025-06-27 03:00:00,4629.098214076495,4079.360687446459,5197.313638529889
forecast_4252,2025-06-27 04:00:00,4617.093194657347,4132.819185685533,5312.94231706214
forecast_4253,2025-06-27 05:00:00,4033.950426092713,3958.72420096822,3661.060226649841
forecast_4254,2025-06-27 06:00:00,4084.183750826317,3896.768081266187,3396.8768994616157
forecast_4255,2025-06-27 07:00:00,3980.293524024298,3798.821922192223,3373.8731416514515
forecast_4256,2025-06-27 08:00:00,3779.4176529510178,3663.909044976821,3368.661753624358
forecast_4257,2025-06-27 09:00:00,3728.2061995848585,3633.607989523781,3362.74022104087
forecast_4258,2025-06-27 10:00:00,3718.0234072455655,3633.3804664521017,3362.461488664811
forecast_4259,2025-06-27 11:00:00,3712.542440241617,3621.790212149816,3361.276650246141
forecast_4260,2025-06-27 12:00:00,3712.105510591343,3631.915108672194,3361.0195542321817
forecast_4261,2025-06-27 13:00:00,3736.532120460691,3695.660123445489,3363.529406687436
forecast_4262,2025-06-27 14:00:00,3740.144932782216,3650.4844648351054,3363.0749636692312
forecast_4263,2025-06-27 15:00:00,3779.604650459327,3694.878406136207,3363.6985944905573
forecast_4264,2025-06-27 16:00:00,3768.0054540110727,3719.986232934722,3362.043151632706
forecast_4265,2025-06-27 17:00:00,3762.2706036325794,3742.4727712150666,3362.344178550832
forecast_4266,2025-06-27 18:00:00,3896.148709160335,3730.1256516234857,3362.161183012965
forecast_4267,2025-06-27 19:00:00,3884.8492307113015,3809.410189923437,3364.6233880411764
forecast_4268,2025-06-27 20:00:00,3831.5576092782335,3801.962029915584,3372.6816661652533
forecast_4269,2025-06-27 21:00:00,4110.539357637204,4014.8006806851063,3448.462186514342
forecast_4270,2025-06-27 22:00:00,5388.74523913274,5180.370215785208,3669.725463559999
forecast_4271,2025-06-27 23:00:00,6506.626601815691,6352.916467428911,4368.3844925324165
forecast_4272,2025-06-28 00:00:00,6992.208306498358,7313.262896942131,4924.859744806243
forecast_4273,2025-06-28 01:00:00,8343.523862609327,9009.547612282287,5686.0393009174495
forecast_4274,2025-06-28 02:00:00,10259.881262514104,10478.258303732522,7041.560257571035
forecast_4275,2025-06-28 03:00:00,10797.385429969936,10606.111715813702,7301.27006178841
forecast_4276,2025-06-28 04:00:00,11631.499950644506,11279.646793646853,7722.217302841677
forecast_4277,2025-06-28 05:00:00,11266.734559676366,10862.89947782426,7579.603051258346
forecast_4278,2025-06-28 06:00:00,9123.36360647171,9697.40431687551,5579.627599829799
forecast_4279,2025-06-28 07:00:00,8858.05687231869,9173.515167185322,5664.903319021507
forecast_4280,2025-06-28 08:00:00,6831.535311172255,6948.2262010820505,3773.951636151608
forecast_4281,2025-06-28 09:00:00,5004.000434841495,5099.955475101715,3655.486102680126
forecast_4282,2025-06-28 10:00:00,4161.331184943726,4100.614077072783,3495.489545646191
forecast_4283,2025-06-28 11:00:00,3462.799766849237,3817.395689373312,3425.5832013910326
forecast_4284,2025-06-28 12:00:00,3881.7246170457256,3752.0353105681006,3374.115903975281
forecast_4285,2025-06-28 13:00:00,3767.752666514733,3700.336060459069,3369.523746988968
forecast_4286,2025-06-28 14:00:00,3832.911879366328,3776.886551886423,3392.591841488378
forecast_4287,2025-06-28 15:00:00,3804.417603518338,3785.586353477124,3400.634882596474
forecast_4288,2025-06-28 16:00:00,3841.28480417721,3776.829855595256,3451.4216878815155
forecast_4289,2025-06-28 17:00:00,4022.481777636064,3924.215211976023,3514.97701264869
forecast_4290,2025-06-28 18:00:00,4106.7725044814815,4111.576478293682,3511.1171989427608
forecast_4291,2025-06-28 19:00:00,4523.246353180829,4099.393824078767,3541.255278375509
forecast_4292,2025-06-28 20:00:00,5620.567424302068,5599.268513278427,4439.983174839429
forecast_4293,2025-06-28 21:00:00,6990.054987738099,7205.383637570607,5394.445549858054
forecast_4294,2025-06-28 22:00:00,7729.742190940639,8973.240271608001,6002.8042604585
forecast_4295,2025-06-28 23:00:00,8124.504808067978,9745.931515761387,5746.015253525156
forecast_4296,2025-06-29 00:00:00,8879.377045160283,10328.319714007304,6096.60903072
forecast_4297,2025-06-29 01:00:00,9123.280628464152,11261.182405755835,7368.939997651234
forecast_4298,2025-06-29 02:00:00,10194.464623950931,12028.317524337805,8789.913266970294
forecast_4299,2025-06-29 03:00:00,11626.143342214338,12849.539399733798,10705.564730582037
forecast_4300,2025-06-29 04:00:00,12345.779196925185,13297.856296153735,11319.142499915832
forecast_4301,2025-06-29 05:00:00,12763.811817291367,13272.687737621984,11426.248640875214
forecast_4302,2025-06-29 06:00:00,11841.973160158,12322.551680234174,9662.594242507765
forecast_4303,2025-06-29 07:00:00,11094.51190730946,11499.797209581502,8115.460620982339
forecast_4304,2025-06-29 08:00:00,9168.249143292262,9989.076521220484,6876.711292839552
forecast_4305,2025-06-29 09:00:00,7670.86343959828,8069.598661373635,5211.091285160302
forecast_4306,2025-06-29 10:00:00,5971.03102321288,5620.85988512311,4571.071178492748
forecast_4307,2025-06-29 11:00:00,4610.854894658532,4465.119288669582,3710.565279900043
forecast_4308,2025-06-29 12:00:00,3812.1623531771984,4051.654489429268,3717.374183473512
forecast_4309,2025-06-29 13:00:00,3701.814085114763,3621.938491299267,3685.6670172984327
forecast_4310,2025-06-29 14:00:00,3782.7371756030207,3861.5921840916512,3663.714865384268
forecast_4311,2025-06-29 15:00:00,3582.70273948444,3976.44282648395,3596.262660614265
forecast_4312,2025-06-29 16:00:00,3848.175573585,4071.663478638833,3712.7237148881713
forecast_4313,2025-06-29 17:00:00,3919.1476386498166,4065.1902585066136,3675.0738452634487
forecast_4314,2025-06-29 18:00:00,4567.872895772188,4869.232578102803,3599.2619343664032
forecast_4315,2025-06-29 19:00:00,6140.37781958227,6034.39666431493,4483.597926100416
forecast_4316,2025-06-29 20:00:00,7547.216633131436,7402.162043172421,5116.234963751487
forecast_4317,2025-06-29 21:00:00,7932.510411077356,8516.625981826344,6025.522394803919
forecast_4318,2025-06-29 22:00:00,8808.166073135222,9947.381005230674,7608.618444636571
forecast_4319,2025-06-29 23:00:00,9477.621842863502,10450.328074202947,8786.048500404975
forecast_4320,2025-06-30 00:00:00,9640.41559047712,10746.328246383142,8971.972888385204
forecast_4321,2025-06-30 01:00:00,8872.229258537842,10005.062736408134,7377.365447445273
forecast_4322,2025-06-30 02:00:00,9031.670871496062,10466.38069884225,7724.825053166695
forecast_4323,2025-06-30 03:00:00,9261.00146528571,10532.48584592048,6908.544332387232
forecast_4324,2025-06-30 04:00:00,9363.864491581648,10468.744109411802,6651.345608923747
forecast_4325,2025-06-30 05:00:00,9230.866983913513,10366.487107111989,6588.085888319914
forecast_4326,2025-06-30 06:00:00,9074.778083349369,10106.734775539066,6143.304514537564
forecast_4327,2025-06-30 07:00:00,8214.218274117511,9023.11103348804,5129.818396928838
forecast_4328,2025-06-30 08:00:00,7315.410893690332,8182.806657832651,4692.3557560389045
forecast_4329,2025-06-30 09:00:00,5798.035768435102,6608.342218367844,4209.52905135509
forecast_4330,2025-06-30 10:00:00,5157.294271487855,5019.994372633312,3739.316909395028
forecast_4331,2025-06-30 11:00:00,4275.268776065856,4058.921248793271,3583.695699643876
forecast_4332,2025-06-30 12:00:00,3738.14945123921,3904.676163953417,3569.7569584042644
forecast_4333,2025-06-30 13:00:00,3956.561724271974,3650.358043311133,3883.1548077290017
forecast_4334,2025-06-30 14:00:00,4352.68548016313,3967.095199576738,3764.884139104252
forecast_4335,2025-06-30 15:00:00,5279.926844457969,4723.71978145022,4593.342864029795
forecast_4336,2025-06-30 16:00:00,6160.708168477414,5390.176476473585,5218.806733126415
forecast_4337,2025-06-30 17:00:00,6037.246814823773,5582.9288308051255,5530.839614519361
forecast_4338,2025-06-30 18:00:00,7514.165448210117,6989.371724156023,7123.305758241482
forecast_4339,2025-06-30 19:00:00,9080.128518482772,8468.241742766617,8447.2526305523
forecast_4340,2025-06-30 20:00:00,10647.530150528948,10278.736776355769,9180.537628702905
forecast_4341,2025-06-30 21:00:00,11908.42056459615,11342.993510173785,9755.111454159474
forecast_4342,2025-06-30 22:00:00,12731.485683894942,12514.915229736283,9964.951679352562
forecast_4343,2025-06-30 23:00:00,12735.698014882975,12615.381883737442,10038.108087956318
forecast_4344,2025-07-01 00:00:00,12304.157275907504,12499.765872102656,9684.756297547405
forecast_4345,2025-07-01 01:00:00,12677.92431227593,12711.494310109838,9377.64287302582
forecast_4346,2025-07-01 02:00:00,11949.83143708426,12637.78570162515,9489.952513694254
forecast_4347,2025-07-01 03:00:00,12071.790838200335,12620.036303337729,9407.457481393823
forecast_4348,2025-07-01 04:00:00,12185.061117437495,12500.316214236023,9566.663646862313
forecast_4349,2025-07-01 05:00:00,12133.621848310417,12325.559979808446,9589.149492933788
forecast_4350,2025-07-01 06:00:00,11631.23843591631,11404.915550967557,7818.784287522709
forecast_4351,2025-07-01 07:00:00,10276.266955836458,10454.974469960982,6905.540854820127
forecast_4352,2025-07-01 08:00:00,8772.306117291204,9060.297809199368,6457.826382426228
forecast_4353,2025-07-01 09:00:00,7781.92947829042,7641.226174325753,5944.1369075902885
forecast_4354,2025-07-01 10:00:00,7261.566376449508,6241.239485525793,6153.413042112355
forecast_4355,2025-07-01 11:00:00,6733.621193079393,5701.60029185136,6017.543955770454
forecast_4356,2025-07-01 12:00:00,6929.900213026178,5576.609524558831,6163.184314374452
forecast_4357,2025-07-01 13:00:00,6513.434625601092,5305.413844477888,5951.69880427834
forecast_4358,2025-07-01 14:00:00,6222.198668060556,5125.045135218131,5828.032334448437
forecast_4359,2025-07-01 15:00:00,5873.862293333071,5154.643669740707,5654.88042930576
forecast_4360,2025-07-01 16:00:00,6040.859818418103,5342.053840419471,5451.284611261624
forecast_4361,2025-07-01 17:00:00,5981.683721317709,5566.190532867795,5292.819446873821
forecast_4362,2025-07-01 18:00:00,6040.840255736744,6076.070125740592,6520.772056114416
forecast_4363,2025-07-01 19:00:00,7504.138237411662,7820.283906910815,7766.815625133182
forecast_4364,2025-07-01 20:00:00,8263.74758395332,8960.185550585005,8712.483254594244
forecast_4365,2025-07-01 21:00:00,10172.583824895082,10598.05666551185,9577.525024682878
forecast_4366,2025-07-01 22:00:00,11626.30590452486,12622.17904485817,10223.650364478315
forecast_4367,2025-07-01 23:00:00,13199.27157851939,13868.50360079677,11660.96604192344
forecast_4368,2025-07-02 00:00:00,13451.552950592251,14110.417561904653,12330.218218803344
forecast_4369,2025-07-02 01:00:00,15309.934759474803,14968.275864947262,13402.291290354337
forecast_4370,2025-07-02 02:00:00,15796.276411089972,15657.190561404142,14052.503334542584
forecast_4371,2025-07-02 03:00:00,16144.944997979032,15814.539382186364,14506.922838063094
forecast_4372,2025-07-02 04:00:00,16113.298201484336,15691.22874945515,14450.830203488147
forecast_4373,2025-07-02 05:00:00,15970.481814566378,15872.805559654586,14458.638633500446
forecast_4374,2025-07-02 06:00:00,16073.474695827012,15581.29862161893,12980.59276899318
forecast_4375,2025-07-02 07:00:00,15618.459253454555,15047.66755310148,11403.510192197356
forecast_4376,2025-07-02 08:00:00,14815.085700285736,14060.346090701372,11528.77647334192
forecast_4377,2025-07-02 09:00:00,12818.555452739953,11765.327616101396,9597.216641481324
forecast_4378,2025-07-02 10:00:00,10346.436013514818,9548.39410160453,7916.613191491974
forecast_4379,2025-07-02 11:00:00,7979.836675415475,7358.358973540193,6088.480151925295
forecast_4380,2025-07-02 12:00:00,6808.92414740633,6107.468622614828,6015.388518370019
forecast_4381,2025-07-02 13:00:00,6816.387781470195,5619.621488070055,5983.058483420361
forecast_4382,2025-07-02 14:00:00,6463.198299347538,5310.755978481488,5337.021593224924
forecast_4383,2025-07-02 15:00:00,5299.473228443987,4923.49644585593,4063.3323742136927
forecast_4384,2025-07-02 16:00:00,4487.450644750443,4362.206793967551,3626.93748557898
forecast_4385,2025-07-02 17:00:00,4131.676858867431,4122.671243811066,3705.119123426565
forecast_4386,2025-07-02 18:00:00,4592.752582420911,4339.516139493602,3825.140347672257
forecast_4387,2025-07-02 19:00:00,4893.760316366547,4853.744223487122,3980.458351757924
forecast_4388,2025-07-02 20:00:00,6441.919044299461,6384.436062575491,4501.356064711044
forecast_4389,2025-07-02 21:00:00,7765.082241710824,7884.176937674435,5261.149843403797
forecast_4390,2025-07-02 22:00:00,8215.18012353283,9636.572771496589,6210.096488053399
forecast_4391,2025-07-02 23:00:00,9171.692249880747,10727.850294626076,6832.1049638190025
forecast_4392,2025-07-03 00:00:00,10023.340644426557,11399.48022629409,7764.163102139053
forecast_4393,2025-07-03 01:00:00,11269.61674970124,12570.790084710845,8459.19545594211
forecast_4394,2025-07-03 02:00:00,12328.630495605954,13388.820305229956,9480.541219201628
forecast_4395,2025-07-03 03:00:00,13314.876169974596,13900.783329199678,10263.817480779086
forecast_4396,2025-07-03 04:00:00,14705.31613898855,14547.747202036251,11014.557136033589
forecast_4397,2025-07-03 05:00:00,15163.707829621811,14851.672576775256,12409.0227516534
forecast_4398,2025-07-03 06:00:00,14651.026997458235,14219.602149799626,12319.677331539291
forecast_4399,2025-07-03 07:00:00,13043.229694472078,13057.67204800011,9639.500464976927
forecast_4400,2025-07-03 08:00:00,12439.150846224828,12564.65510924111,9577.607740052576
forecast_4401,2025-07-03 09:00:00,11992.334549236475,11797.045006207583,10495.068400103024
forecast_4402,2025-07-03 10:00:00,9971.676996548724,9467.597335394114,9606.18810156309
forecast_4403,2025-07-03 11:00:00,9642.704166666792,8451.489526421992,9431.889278557072
forecast_4404,2025-07-03 12:00:00,8560.059637301129,7236.706570864235,8173.021740306021
forecast_4405,2025-07-03 13:00:00,8435.45607679586,6708.56346664278,8485.838979098919
forecast_4406,2025-07-03 14:00:00,9192.316685947117,7064.208154561352,9469.350179637013
forecast_4407,2025-07-03 15:00:00,9579.28154166566,7451.218643531633,9834.724968235025
forecast_4408,2025-07-03 16:00:00,9904.381925741138,7781.524966560997,10197.970307181731
forecast_4409,2025-07-03 17:00:00,9886.008020606005,8555.602280993646,10448.545938383422
forecast_4410,2025-07-03 18:00:00,10911.000274890815,9772.440406469585,11520.738537334046
forecast_4411,2025-07-03 19:00:00,11331.400202975094,10834.208535965588,11528.368098372945
forecast_4412,2025-07-03 20:00:00,11931.8739466592,12211.995330527228,11749.619158872469
forecast_4413,2025-07-03 21:00:00,12747.564155727474,13466.67398018006,11960.573971524473
forecast_4414,2025-07-03 22:00:00,13597.67257595245,14722.922537142364,12442.685973002315
forecast_4415,2025-07-03 23:00:00,14521.2075879877,15405.210795890556,13428.121551453944
forecast_4416,2025-07-04 00:00:00,16213.501515131877,16391.194514730054,14645.910957115268
forecast_4417,2025-07-04 01:00:00,16380.709280794365,16312.275243900138,15966.884400504076
forecast_4418,2025-07-04 02:00:00,17115.263449575676,16707.47191197798,17073.508794054665
forecast_4419,2025-07-04 03:00:00,17296.777932459157,17034.760903701066,17669.978688807118
forecast_4420,2025-07-04 04:00:00,17383.93303909784,17012.32458767022,18250.03461899869
forecast_4421,2025-07-04 05:00:00,17241.6344771356,16989.382747970303,18432.2538553548
forecast_4422,2025-07-04 06:00:00,17181.787342966283,16860.525511003492,18002.120975076945
forecast_4423,2025-07-04 07:00:00,16424.712869169525,16692.43656734591,17995.29826885756
forecast_4424,2025-07-04 08:00:00,16761.67055806215,16701.334395245452,17958.017337807723
forecast_4425,2025-07-04 09:00:00,16559.82835506622,16147.411702054633,17908.19598543809
forecast_4426,2025-07-04 10:00:00,15679.5633923954,15630.96624331912,17416.845570768164
forecast_4427,2025-07-04 11:00:00,15622.60735387472,15417.062225246043,17646.390724418667
forecast_4428,2025-07-04 12:00:00,15583.446727446446,15288.036797101044,17498.94612233796
forecast_4429,2025-07-04 13:00:00,15395.08377059236,15263.631626600898,17379.737653129934
forecast_4430,2025-07-04 14:00:00,15573.50753021694,15269.46069804373,17466.42165336686
forecast_4431,2025-07-04 15:00:00,15375.215661009446,15308.637492363569,17346.883595543808
forecast_4432,2025-07-04 16:00:00,15441.910872131002,15526.515851326703,17816.123770137034
forecast_4433,2025-07-04 17:00:00,15409.47117441706,15542.7135378191,17835.256066391798
forecast_4434,2025-07-04 18:00:00,15381.455649135389,15482.939330110765,17723.297021153227
forecast_4435,2025-07-04 19:00:00,15440.913170893968,15689.103144128818,17880.735637303063
forecast_4436,2025-07-04 20:00:00,15537.805293190911,15785.935377151953,17789.98758727041
forecast_4437,2025-07-04 21:00:00,15955.621478714957,16226.77127335915,17993.76857863247
forecast_4438,2025-07-04 22:00:00,16597.516398569947,16798.134455900636,17776.05153339458
forecast_4439,2025-07-04 23:00:00,17061.19202518361,17110.510838329137,17578.08168574835
forecast_4440,2025-07-05 00:00:00,17028.68434428175,17107.75577056254,17447.253034027548
forecast_4441,2025-07-05 01:00:00,16225.984565230685,16639.183979709895,16641.429168971863
forecast_4442,2025-07-05 02:00:00,16310.423986362392,16722.988546067838,16321.280519346445
forecast_4443,2025-07-05 03:00:00,16098.950375487317,16665.94478264056,16293.814047078871
forecast_4444,2025-07-05 04:00:00,16106.362979122496,16581.947002458397,16318.974159648016
forecast_4445,2025-07-05 05:00:00,16376.700023886962,16587.803062292965,15891.776148286795
forecast_4446,2025-07-05 06:00:00,16139.534903830012,16179.346786232829,15032.30343469391
forecast_4447,2025-07-05 07:00:00,15904.23864650372,15919.920019103609,14222.190639638668
forecast_4448,2025-07-05 08:00:00,15305.62158827245,15403.391016126156,13560.88538373737
forecast_4449,2025-07-05 09:00:00,14404.949261872918,14395.560465085637,12780.072296565895
forecast_4450,2025-07-05 10:00:00,13269.70269246812,12467.219731772824,12206.844107996496
forecast_4451,2025-07-05 11:00:00,12358.081664861416,11101.65937053798,9753.287637814825
forecast_4452,2025-07-05 12:00:00,11698.552509426294,10031.999607063355,9052.686703477886
forecast_4453,2025-07-05 13:00:00,11226.80740283722,9403.443830123726,9314.068638167391
forecast_4454,2025-07-05 14:00:00,11903.556853001452,9462.94315454019,11229.349284512566
forecast_4455,2025-07-05 15:00:00,11526.584699596944,9222.05109762838,11681.635879009338
forecast_4456,2025-07-05 16:00:00,11922.617238276844,9850.280556944525,12127.65274803731
forecast_4457,2025-07-05 17:00:00,12506.620333516472,10475.624893670303,12800.761309185636
forecast_4458,2025-07-05 18:00:00,12556.56164562627,11305.884000132828,13121.667304408673
forecast_4459,2025-07-05 19:00:00,13804.506997838524,13088.144043915456,14240.43112994031
forecast_4460,2025-07-05 20:00:00,15731.983149621568,15159.335459965145,15179.977666482384
forecast_4461,2025-07-05 21:00:00,16754.317494054685,15952.65955434067,16209.27771569982
forecast_4462,2025-07-05 22:00:00,17010.48486545439,16646.216155597172,16425.278374207217
forecast_4463,2025-07-05 23:00:00,17334.534205282045,16957.67195919815,16637.176273263944
forecast_4464,2025-07-06 00:00:00,17951.318615299868,17194.323838633092,16634.811906282557
forecast_4465,2025-07-06 01:00:00,18242.786299629213,17187.470199707168,16811.191974760393
forecast_4466,2025-07-06 02:00:00,18745.59153765325,17356.733904609955,16845.223739473793
forecast_4467,2025-07-06 03:00:00,18819.70175373346,17354.095050654872,17125.93435298786
forecast_4468,2025-07-06 04:00:00,18792.811915860424,17288.60611844541,17236.692208969467
forecast_4469,2025-07-06 05:00:00,18582.721315463965,17360.20246606418,16929.62141104123
forecast_4470,2025-07-06 06:00:00,18075.360521711387,16829.58051402832,16993.718614990084
forecast_4471,2025-07-06 07:00:00,16490.634205004404,16279.661952256767,16078.106419858275
forecast_4472,2025-07-06 08:00:00,15192.246719825309,14670.651606461795,13906.518858597923
forecast_4473,2025-07-06 09:00:00,13377.266946162868,12479.473448091763,12439.91626782811
forecast_4474,2025-07-06 10:00:00,10300.47967482916,9018.148575025429,9350.36154192656
forecast_4475,2025-07-06 11:00:00,8068.331628550132,6718.411404835675,6784.391362299283
forecast_4476,2025-07-06 12:00:00,6877.809612445652,5206.335584837998,5456.445398197711
forecast_4477,2025-07-06 13:00:00,5213.583405418865,4646.901141052538,4602.196233082262
forecast_4478,2025-07-06 14:00:00,4235.665878229311,4174.157244578943,4049.174355080309
forecast_4479,2025-07-06 15:00:00,3661.316147350889,4073.652029926204,4156.631789295528
forecast_4480,2025-07-06 16:00:00,3743.525414348092,4168.779591213239,4522.479229913828
forecast_4481,2025-07-06 17:00:00,4589.232543876076,4659.990818094545,4831.599772976683
forecast_4482,2025-07-06 18:00:00,5574.7519096162605,5460.944921554951,5601.117423976522
forecast_4483,2025-07-06 19:00:00,6529.770820166427,6408.522722399021,6475.939599087894
forecast_4484,2025-07-06 20:00:00,8237.742741429729,7862.5661388893,7561.247696752784
forecast_4485,2025-07-06 21:00:00,10259.9414200814,9248.095314643331,8351.260945125212
forecast_4486,2025-07-06 22:00:00,11606.848386411872,10923.10557331856,8817.422249775393
forecast_4487,2025-07-06 23:00:00,12063.906661228268,11048.247861590078,8862.994202120155
forecast_4488,2025-07-07 00:00:00,12260.495071189596,10940.837990580823,9332.999226486589
forecast_4489,2025-07-07 01:00:00,10726.651171683705,10156.600462474771,8503.355522458709
forecast_4490,2025-07-07 02:00:00,10127.363890852694,9577.199694728102,8155.926298775786
forecast_4491,2025-07-07 03:00:00,8968.215986953566,8423.760061820432,7239.010857480876
forecast_4492,2025-07-07 04:00:00,6867.103953608244,6365.43065736183,5403.847111403826
forecast_4493,2025-07-07 05:00:00,4664.18312147719,4394.884627526177,3640.2617359588567
forecast_4494,2025-07-07 06:00:00,3988.912997146595,3875.6975622028754,3390.4937455439767
forecast_4495,2025-07-07 07:00:00,3880.434425575042,3755.928954706794,3374.4289832432078
forecast_4496,2025-07-07 08:00:00,3792.376601907199,3712.562269192674,3368.506735346437
forecast_4497,2025-07-07 09:00:00,3720.172756428434,3632.5018999253066,3364.0871618981428
forecast_4498,2025-07-07 10:00:00,3703.17288386665,3621.16928982104,3361.616250510864
forecast_4499,2025-07-07 11:00:00,3702.23989543899,3618.042299722758,3361.1721987443857
forecast_4500,2025-07-07 12:00:00,3703.033612074617,3620.216333754315,3361.8038491977886
forecast_4501,2025-07-07 13:00:00,3703.7002606727738,3622.595626708373,3362.258600730629
forecast_4502,2025-07-07 14:00:00,3703.927372863165,3622.04633882727,3361.8528944038494
forecast_4503,2025-07-07 15:00:00,3703.685955793737,3622.800014014519,3362.026811090678
forecast_4504,2025-07-07 16:00:00,3704.108244445585,3624.1389226330034,3362.5647703726486
forecast_4505,2025-07-07 17:00:00,3703.872015234226,3628.721471532128,3361.056623322747
forecast_4506,2025-07-07 18:00:00,3703.9064109850033,3629.964683074629,3360.9367117892125
forecast_4507,2025-07-07 19:00:00,3707.001445896438,3631.721200945056,3361.779986429713
forecast_4508,2025-07-07 20:00:00,3715.6094245488607,3638.415411204452,3361.998938529065
forecast_4509,2025-07-07 21:00:00,3719.1747642168175,3644.909161287938,3361.7492895049586
forecast_4510,2025-07-07 22:00:00,3717.189667186962,3649.4899855847143,3361.0188036736827
forecast_4511,2025-07-07 23:00:00,3719.178902547772,3648.9757854811874,3361.310774259556
forecast_4512,2025-07-08 00:00:00,3713.532078273377,3641.982275228429,3361.1248655228114
forecast_4513,2025-07-08 01:00:00,3717.940885011605,3630.409927864468,3361.482034923432
forecast_4514,2025-07-08 02:00:00,3719.230793054188,3627.735505612763,3361.762727185034
forecast_4515,2025-07-08 03:00:00,3707.930118168108,3628.011200756844,3361.8810109524184
forecast_4516,2025-07-08 04:00:00,3708.784120936638,3635.10771428265,3361.986645488809
forecast_4517,2025-07-08 05:00:00,3708.475054969736,3635.2247242269527,3362.662520739632
forecast_4518,2025-07-08 06:00:00,3705.883600919898,3626.8696365855135,3361.731285408749
forecast_4519,2025-07-08 07:00:00,3711.219277947893,3624.976999902652,3360.769601792556
forecast_4520,2025-07-08 08:00:00,3709.2030741224025,3626.053398240876,3360.646109199743
forecast_4521,2025-07-08 09:00:00,3705.472255890971,3618.1876045726713,3360.451446472567
forecast_4522,2025-07-08 10:00:00,3709.0916683828896,3625.317077684459,3360.713982518289
forecast_4523,2025-07-08 11:00:00,3712.743540982076,3630.151256950675,3360.8635118627426
forecast_4524,2025-07-08 12:00:00,3707.30973764853,3622.270187940982,3360.631460270384
forecast_4525,2025-07-08 13:00:00,3706.725663355116,3628.6165921699594,3361.118450566677
forecast_4526,2025-07-08 14:00:00,3705.115776040194,3626.234004008137,3361.101829917953
forecast_4527,2025-07-08 15:00:00,3706.066225754413,3627.312467885537,3361.129347708917
forecast_4528,2025-07-08 16:00:00,3706.6554443963214,3633.2339213459354,3360.868951246567
forecast_4529,2025-07-08 17:00:00,3708.1301894297153,3637.245708912364,3360.944682762706
forecast_4530,2025-07-08 18:00:00,3712.0527988176623,3634.81659884582,3360.866317138185
forecast_4531,2025-07-08 19:00:00,3727.4449993230314,3648.5677501573614,3363.863245371051
forecast_4532,2025-07-08 20:00:00,3794.4670076149287,3670.576773629467,3363.956372507777
forecast_4533,2025-07-08 21:00:00,3853.694306196865,3686.610683444557,3363.91620572434
forecast_4534,2025-07-08 22:00:00,3926.0346633904815,3761.168532074287,3362.9782627953773
forecast_4535,2025-07-08 23:00:00,3928.944670534849,3757.8259410100936,3363.0637196100724
forecast_4536,2025-07-09 00:00:00,3943.70916483258,3768.0029597041375,3363.051240924384
forecast_4537,2025-07-09 01:00:00,3860.804389162168,3794.764456992724,3361.6742824738203
forecast_4538,2025-07-09 02:00:00,3927.892327941816,3810.739536364058,3361.3847130321915
forecast_4539,2025-07-09 03:00:00,3933.826175337913,3849.144366286163,3361.199058900961
forecast_4540,2025-07-09 04:00:00,3842.152098432741,3833.979044313967,3362.1537069178507
forecast_4541,2025-07-09 05:00:00,3917.857459321752,3881.145376078352,3363.2014037435747
forecast_4542,2025-07-09 06:00:00,3873.7209169362654,3871.155098740661,3364.6733428534158
forecast_4543,2025-07-09 07:00:00,3866.397081202196,3946.591487957762,3367.128962029064
forecast_4544,2025-07-09 08:00:00,3784.310751199229,3764.8884665620335,3368.066368982814
forecast_4545,2025-07-09 09:00:00,3760.354415686671,3721.9276846678817,3366.6752597824134
forecast_4546,2025-07-09 10:00:00,3733.514179785968,3677.339642727405,3367.0239254429675
forecast_4547,2025-07-09 11:00:00,3740.231473580301,3697.0726521692254,3370.276417613406
forecast_4548,2025-07-09 12:00:00,3738.042099815777,3707.943736860769,3373.3115803046267
forecast_4549,2025-07-09 13:00:00,3735.203070421039,3697.1932707901296,3371.1624753584115
forecast_4550,2025-07-09 14:00:00,3740.243433998841,3714.997204621249,3378.0187077285805
forecast_4551,2025-07-09 15:00:00,3738.3026431961375,3696.8751526165793,3373.465420920937
forecast_4552,2025-07-09 16:00:00,3732.7103718029407,3685.118779746784,3369.498189067259
forecast_4553,2025-07-09 17:00:00,3747.1403380325737,3694.432130104199,3364.5218678707847
forecast_4554,2025-07-09 18:00:00,3779.390828162992,3746.563665669631,3367.5265072987318
forecast_4555,2025-07-09 19:00:00,3915.723736181837,3847.687160356415,3370.272703387952
forecast_4556,2025-07-09 20:00:00,3225.3970375479857,3905.0006849504502,3369.4492867820413
forecast_4557,2025-07-09 21:00:00,3281.0443267701166,3366.1668650743013,3371.028840773222
forecast_4558,2025-07-09 22:00:00,3637.165655465021,3992.6844126352858,3371.935622657293
forecast_4559,2025-07-09 23:00:00,3932.581095426485,4422.642670967894,3376.348824435436
forecast_4560,2025-07-10 00:00:00,4013.306338910201,4504.406249725172,3374.8329438473834
forecast_4561,2025-07-10 01:00:00,4002.220363854314,4462.991015129391,3370.790861694797
forecast_4562,2025-07-10 02:00:00,4209.931267305056,4531.653839215005,3377.40142434116
forecast_4563,2025-07-10 03:00:00,4617.388496601863,4852.813867640944,3371.842515463849
forecast_4564,2025-07-10 04:00:00,4690.663535288944,5220.540071615204,3393.264776393254
forecast_4565,2025-07-10 05:00:00,5136.710639616313,5804.883141962038,3468.5026253480505
forecast_4566,2025-07-10 06:00:00,5020.75702294327,5912.309241777556,3433.8482459738707
forecast_4567,2025-07-10 07:00:00,5177.284695821398,5871.444747793742,3488.0178937009146
forecast_4568,2025-07-10 08:00:00,5334.115425700127,5652.784275229623,3551.740646451369
forecast_4569,2025-07-10 09:00:00,5229.462941335321,5120.473601985608,3696.234265731569
forecast_4570,2025-07-10 10:00:00,4741.130974517295,4180.3364318369295,4063.2584866198536
forecast_4571,2025-07-10 11:00:00,4414.632660102016,4166.215978555326,4162.713616709807
forecast_4572,2025-07-10 12:00:00,4273.454892548907,4133.086050562675,4367.769721306999
forecast_4573,2025-07-10 13:00:00,4222.564305914865,4076.314287779297,4312.68145954412
forecast_4574,2025-07-10 14:00:00,4177.296967154491,4055.074556938485,4244.348565702038
forecast_4575,2025-07-10 15:00:00,4157.66551389144,4022.358474060778,4223.050718287024
forecast_4576,2025-07-10 16:00:00,4118.837625388453,4027.979841338018,4096.096778710492
forecast_4577,2025-07-10 17:00:00,4582.030981964739,4127.619900028803,3745.44486093814
forecast_4578,2025-07-10 18:00:00,5263.219266135382,5470.020483764608,3768.854668444606
forecast_4579,2025-07-10 19:00:00,5752.10336501687,6283.136098734792,4334.554678522359
forecast_4580,2025-07-10 20:00:00,6403.399987764341,6517.627646481481,4172.918855312919
forecast_4581,2025-07-10 21:00:00,7006.528290285805,7011.549380790119,4298.973600560177
forecast_4582,2025-07-10 22:00:00,7494.293627728448,7995.534857041498,4425.344649226717
forecast_4583,2025-07-10 23:00:00,7522.146328748928,8172.971247524851,4331.469189010991
forecast_4584,2025-07-11 00:00:00,7606.712321931943,8310.703715410356,4718.379394452716
forecast_4585,2025-07-11 01:00:00,8135.353632250055,8542.308501539223,4412.379022721417
forecast_4586,2025-07-11 02:00:00,7936.574127734322,8706.79460446041,4341.734674627113
forecast_4587,2025-07-11 03:00:00,8142.597655458132,8952.804855235721,4657.888312677001
forecast_4588,2025-07-11 04:00:00,8127.634536868325,9078.404442511495,4954.712114101416
forecast_4589,2025-07-11 05:00:00,8631.724359739588,9499.93020192262,5300.649580661846
forecast_4590,2025-07-11 06:00:00,7848.28439100766,8933.362675159971,5219.27850185073
forecast_4591,2025-07-11 07:00:00,8123.611747321369,8980.329118951593,5594.194720985618
forecast_4592,2025-07-11 08:00:00,7663.237426283629,8611.458563608614,5569.012402323328
forecast_4593,2025-07-11 09:00:00,6712.616683994778,7679.766297217519,5135.854123456777
forecast_4594,2025-07-11 10:00:00,6016.001277634032,6340.295049563208,4975.359508440688
forecast_4595,2025-07-11 11:00:00,5660.867068034402,5664.540992716943,5263.750675163617
forecast_4596,2025-07-11 12:00:00,5344.429539246819,5474.226880902787,5064.536084863362
forecast_4597,2025-07-11 13:00:00,4762.167922893522,4392.013168463933,5116.133373502188
forecast_4598,2025-07-11 14:00:00,4451.927515920361,4306.82137478897,4937.764910205712
forecast_4599,2025-07-11 15:00:00,4410.786151086588,4170.356972763468,4428.142385669086
forecast_4600,2025-07-11 16:00:00,4458.425476040388,4124.176281629359,3774.976079033544
forecast_4601,2025-07-11 17:00:00,4804.244773005823,4186.339625708301,3734.3401041432303
forecast_4602,2025-07-11 18:00:00,5517.573646642185,5697.745652644314,3725.195428535871
forecast_4603,2025-07-11 19:00:00,5685.0194033952,5706.493883723636,3772.609677629287
forecast_4604,2025-07-11 20:00:00,6242.664231727897,6245.759633423631,3925.8629782195967
forecast_4605,2025-07-11 21:00:00,6792.145352324021,6500.49761172182,3867.1129515510006
forecast_4606,2025-07-11 22:00:00,6768.796736118472,6968.984350362303,3389.92674539857
forecast_4607,2025-07-11 23:00:00,6823.513786383939,6854.188781677716,3716.945981246269
forecast_4608,2025-07-12 00:00:00,6772.861636772858,6697.204646558364,3708.379705785304
forecast_4609,2025-07-12 01:00:00,6387.390882749045,6227.422956023723,3587.8597312630022
forecast_4610,2025-07-12 02:00:00,5659.207284350862,5752.732643244089,3510.2614478370706
forecast_4611,2025-07-12 03:00:00,5224.184147895382,5161.185237821484,3527.029145446147
forecast_4612,2025-07-12 04:00:00,4860.759635767837,4683.801674563243,3519.1967360452877
forecast_4613,2025-07-12 05:00:00,4327.672758865141,4405.777043987056,3508.5583505428444
forecast_4614,2025-07-12 06:00:00,3720.279717674966,4091.559246866109,3437.479361915416
forecast_4615,2025-07-12 07:00:00,3326.3795255683585,3660.405201583067,3384.7387962859098
forecast_4616,2025-07-12 08:00:00,4082.311990994132,4003.160130455798,3380.987394003564
forecast_4617,2025-07-12 09:00:00,3887.152965917395,3859.5087746382087,3379.5712736010096
forecast_4618,2025-07-12 10:00:00,3765.743640995811,3681.477789840349,3370.582054437457
forecast_4619,2025-07-12 11:00:00,3733.2557560214673,3640.91192658826,3366.0259704685727
forecast_4620,2025-07-12 12:00:00,3709.7588089056303,3622.7830597912007,3362.1031407443347
forecast_4621,2025-07-12 13:00:00,3707.015375456439,3623.079040694671,3362.5605795625947
forecast_4622,2025-07-12 14:00:00,3705.349245286786,3627.972808139751,3363.064936886716
forecast_4623,2025-07-12 15:00:00,3703.731460868597,3620.345655286906,3361.112261591239
forecast_4624,2025-07-12 16:00:00,3703.1888393345935,3619.491188436047,3361.4755298281543
forecast_4625,2025-07-12 17:00:00,3702.476227059037,3617.985122769149,3361.3422122287548
forecast_4626,2025-07-12 18:00:00,3705.647129945495,3617.12765371501,3361.735049751989
forecast_4627,2025-07-12 19:00:00,3713.759010195178,3623.544887631418,3362.0974465313498
forecast_4628,2025-07-12 20:00:00,3740.410485938825,3632.514281749753,3364.7405768518097
forecast_4629,2025-07-12 21:00:00,3738.458171266405,3658.389073931824,3369.3612042588643
forecast_4630,2025-07-12 22:00:00,3786.2503485037496,3744.676414759958,3368.7490304494286
forecast_4631,2025-07-12 23:00:00,3826.431311036652,3775.3899913879136,3402.7870059175543
forecast_4632,2025-07-13 00:00:00,4076.7394982994047,3917.416182871984,3452.9420177850902
forecast_4633,2025-07-13 01:00:00,4008.7331198902216,3977.790873446441,3499.0659521608263
forecast_4634,2025-07-13 02:00:00,4086.197103473524,3998.30627408326,3535.189977508216
forecast_4635,2025-07-13 03:00:00,4066.377837641458,3973.025005326644,3469.7282795706337
forecast_4636,2025-07-13 04:00:00,4014.695341635395,3811.92251507552,3408.332154403392
forecast_4637,2025-07-13 05:00:00,3773.963774062503,3700.8071730466354,3381.5750546002982
forecast_4638,2025-07-13 06:00:00,3741.1060264746334,3663.5460695236047,3365.262478032756
forecast_4639,2025-07-13 07:00:00,3722.5762547091326,3653.621442106496,3363.1687420679395
forecast_4640,2025-07-13 08:00:00,3705.73839321226,3622.400121976825,3362.7035859108105
forecast_4641,2025-07-13 09:00:00,3707.168026654619,3625.0707031330207,3362.997068997696
forecast_4642,2025-07-13 10:00:00,3708.22730882094,3620.106426734942,3363.7654959476763
forecast_4643,2025-07-13 11:00:00,3710.056281937741,3630.654837513273,3365.347846146344
forecast_4644,2025-07-13 12:00:00,3709.4275841763874,3634.034257901159,3364.85314186153
forecast_4645,2025-07-13 13:00:00,3718.4693588240502,3648.80524732815,3365.401858656335
forecast_4646,2025-07-13 14:00:00,3716.973324331242,3651.413579315613,3365.5996593434547
forecast_4647,2025-07-13 15:00:00,3716.7878669043794,3656.948212160609,3374.860998385306
forecast_4648,2025-07-13 16:00:00,3736.347037288977,3721.977787393748,3393.842747330304
forecast_4649,2025-07-13 17:00:00,3799.215235451932,3778.389168002716,3408.250906035719
forecast_4650,2025-07-13 18:00:00,3900.729372082916,3809.546238147505,3412.976133283118
forecast_4651,2025-07-13 19:00:00,3979.491776782602,3842.6047497241416,3436.9523782370275
forecast_4652,2025-07-13 20:00:00,3855.5256640263447,3863.9677844147454,3395.139892157485
forecast_4653,2025-07-13 21:00:00,3890.505274364887,3867.452073138807,3418.0098932664378
forecast_4654,2025-07-13 22:00:00,3944.489707319393,3950.2242305237874,3586.604480479396
forecast_4655,2025-07-13 23:00:00,3933.64963388094,3840.225709244515,3467.443760765426
forecast_4656,2025-07-14 00:00:00,4062.8154780052673,3935.658330225256,3521.0139942789087
forecast_4657,2025-07-14 01:00:00,3897.5325025709767,3944.962770409004,3576.184012782335
forecast_4658,2025-07-14 02:00:00,3615.383756601264,3541.6545560422182,3473.393814309205
forecast_4659,2025-07-14 03:00:00,4962.021241892176,4598.467784931852,4050.596019403218
forecast_4660,2025-07-14 04:00:00,4406.932803966068,4210.888088194451,3599.553500028001
forecast_4661,2025-07-14 05:00:00,4481.717212428654,4555.125505851292,3737.445093417625
forecast_4662,2025-07-14 06:00:00,4664.754132114584,4945.197612707151,3710.7904915927897
forecast_4663,2025-07-14 07:00:00,4720.695977184232,5037.818544502691,3636.781876102056
forecast_4664,2025-07-14 08:00:00,4610.018037168702,5022.157947600232,3607.809069038116
forecast_4665,2025-07-14 09:00:00,4358.960204573117,5029.715374824769,3680.772301813932
forecast_4666,2025-07-14 10:00:00,3920.0306740026526,4586.7171402908125,3663.243772181303
forecast_4667,2025-07-14 11:00:00,4259.297737821005,4716.848255387455,3726.531254470757
forecast_4668,2025-07-14 12:00:00,3983.6206343541553,4404.662757910535,3663.734351618104
forecast_4669,2025-07-14 13:00:00,4080.6546252760495,4678.341325028625,3718.844227306372
forecast_4670,2025-07-14 14:00:00,4055.154266434464,4612.938812711027,3695.313105047968
forecast_4671,2025-07-14 15:00:00,4217.206842095796,4648.0999641057015,3695.557518218687
forecast_4672,2025-07-14 16:00:00,4411.716090623811,4771.134941862796,5021.060095212646
forecast_4673,2025-07-14 17:00:00,4320.390497467697,4762.591456487886,4739.274935980117
forecast_4674,2025-07-14 18:00:00,4368.656328611257,4829.657722444359,4899.613601398614
forecast_4675,2025-07-14 19:00:00,4752.727588608895,5424.404530962704,3746.758921399752
forecast_4676,2025-07-14 20:00:00,5501.206864576159,6313.93847649002,3770.3903783885567
forecast_4677,2025-07-14 21:00:00,6494.752337929233,7275.70932471417,3728.163907495589
forecast_4678,2025-07-14 22:00:00,7378.892876762412,8212.426761686846,5328.004326138347
forecast_4679,2025-07-14 23:00:00,7451.564786668499,8478.170474778146,3726.786646469031
forecast_4680,2025-07-15 00:00:00,8297.711091516576,8793.846887601108,3737.597704569462
forecast_4681,2025-07-15 01:00:00,10317.160615784216,10334.12572928928,8460.618226860179
forecast_4682,2025-07-15 02:00:00,10921.52621922555,10515.48367747692,8676.569471084413
forecast_4683,2025-07-15 03:00:00,10498.80980434616,9696.469422994764,9153.248469453882
forecast_4684,2025-07-15 04:00:00,10558.723706571258,9469.249087314893,8883.941352681728
forecast_4685,2025-07-15 05:00:00,11631.646596323966,9318.920445611444,8636.152761353485
forecast_4686,2025-07-15 06:00:00,10969.87657559842,8715.249627166948,7873.572013445765
forecast_4687,2025-07-15 07:00:00,9228.70625963285,7325.689255024433,6877.352881304694
forecast_4688,2025-07-15 08:00:00,7930.084262250177,6286.644849710916,6342.995463425924
forecast_4689,2025-07-15 09:00:00,6188.002435606979,5277.774712162577,6837.672824578121
forecast_4690,2025-07-15 10:00:00,4259.398031230524,4157.764537832537,5780.464151307695
forecast_4691,2025-07-15 11:00:00,4121.683318298848,4119.8012802690255,3779.5049815536954
forecast_4692,2025-07-15 12:00:00,4023.737475901359,4062.549692191012,3762.3787419044806
forecast_4693,2025-07-15 13:00:00,4006.0133011638154,3959.4376086556927,3659.648122415269
forecast_4694,2025-07-15 14:00:00,4053.9857177694776,4021.4904320881033,3699.8129501534168
forecast_4695,2025-07-15 15:00:00,4063.415773691957,4042.435663711896,4092.142461185911
forecast_4696,2025-07-15 16:00:00,3831.2184990782,3511.0159157620974,3705.08753325969
forecast_4697,2025-07-15 17:00:00,4051.852778859968,4091.8173761747344,3644.44861661217
forecast_4698,2025-07-15 18:00:00,3733.043126637326,3589.840685618812,3888.298563775671
forecast_4699,2025-07-15 19:00:00,3970.5524804676897,4102.861266467516,3544.8925164312072
forecast_4700,2025-07-15 20:00:00,4631.4044458425415,4536.900277721502,3644.6245879274297
forecast_4701,2025-07-15 21:00:00,5330.333138719589,5736.178095917558,3709.025278824549
forecast_4702,2025-07-15 22:00:00,6969.697855298997,8088.389636570299,3770.897648813192
forecast_4703,2025-07-15 23:00:00,8216.390395110124,9535.37003498308,5308.0784783450345
forecast_4704,2025-07-16 00:00:00,10321.012899558064,11830.206991846562,6480.206759219911
forecast_4705,2025-07-16 01:00:00,12108.463898380862,13670.656579363878,8947.984615186442
forecast_4706,2025-07-16 02:00:00,14278.562527559672,15011.869494875542,11256.193101500106
forecast_4707,2025-07-16 03:00:00,14801.586507768012,15038.40981670874,10736.323690198102
forecast_4708,2025-07-16 04:00:00,14378.219553514416,14613.10785117294,11359.848287224488
forecast_4709,2025-07-16 05:00:00,13594.372706955137,13769.0046142119,11204.019733159426
forecast_4710,2025-07-16 06:00:00,12316.32029250351,12475.127228797624,13449.836610537166
forecast_4711,2025-07-16 07:00:00,10850.01181114747,11091.8140387844,11194.144514721716
forecast_4712,2025-07-16 08:00:00,10403.42828967997,9954.423563250131,10149.795319525729
forecast_4713,2025-07-16 09:00:00,8377.896335055535,7215.076995813041,8665.763452097588
forecast_4714,2025-07-16 10:00:00,6480.127801264791,5764.215031077177,7306.179308939635
forecast_4715,2025-07-16 11:00:00,5066.605570374075,4420.739586663163,6627.71513001377
forecast_4716,2025-07-16 12:00:00,4514.630040378805,4133.340181625239,5647.53224723821
forecast_4717,2025-07-16 13:00:00,4130.90918066798,3994.519335184588,5134.093770050559
forecast_4718,2025-07-16 14:00:00,3903.9083058308775,3994.019233764244,4315.510837320832
forecast_4719,2025-07-16 15:00:00,4085.426557901702,3977.08331055537,3547.142043862059
forecast_4720,2025-07-16 16:00:00,4016.7265451845774,4099.661520987972,3524.8429185476853
forecast_4721,2025-07-16 17:00:00,3871.573134044884,4082.716489379418,3564.528399275473
forecast_4722,2025-07-16 18:00:00,4128.71395089312,4131.7446017040975,3618.4177906069376
forecast_4723,2025-07-16 19:00:00,6180.70550078966,6542.6471761116345,3737.9151464758033
forecast_4724,2025-07-16 20:00:00,6431.024442603864,6713.597414501669,3709.8365846215897
forecast_4725,2025-07-16 21:00:00,7391.191885871226,8095.693495968332,3679.455983777327
forecast_4726,2025-07-16 22:00:00,8467.725678547658,9487.241307541624,6692.49953667546
forecast_4727,2025-07-16 23:00:00,10088.263208355836,11284.1430812204,8188.009524239822
forecast_4728,2025-07-17 00:00:00,10730.778930026758,12024.21903934515,10407.70911855785
forecast_4729,2025-07-17 01:00:00,11623.241763059945,12937.748896237536,11532.068239106811
forecast_4730,2025-07-17 02:00:00,12782.440317986822,13707.33476156584,12757.439128703634
forecast_4731,2025-07-17 03:00:00,13168.97544389966,13783.002085004307,13888.941803083895
forecast_4732,2025-07-17 04:00:00,12970.630619843128,13762.25571985667,14038.370723005197
forecast_4733,2025-07-17 05:00:00,12659.901470048397,13983.449478985658,14339.067136193218
forecast_4734,2025-07-17 06:00:00,11629.97043733886,13695.766701247869,14058.8582428419
forecast_4735,2025-07-17 07:00:00,12249.688725248372,13741.51950180915,13882.510561398758
forecast_4736,2025-07-17 08:00:00,12031.060124242444,13339.867960174355,13693.678920064904
forecast_4737,2025-07-17 09:00:00,11520.508905026649,13150.043150343408,13498.792974477565
forecast_4738,2025-07-17 10:00:00,11556.97581125799,12990.96412059632,13486.900545089837
forecast_4739,2025-07-17 11:00:00,11246.243299886228,12740.20296748602,12856.479776978236
forecast_4740,2025-07-17 12:00:00,10909.29582596134,12148.933886163144,11974.584956399109
forecast_4741,2025-07-17 13:00:00,10729.944291228332,12074.54455877827,10944.39741692987
forecast_4742,2025-07-17 14:00:00,10387.828239573946,11396.076600550698,10207.261526575056
forecast_4743,2025-07-17 15:00:00,9978.99409084003,10675.425976167437,9187.063648215246
forecast_4744,2025-07-17 16:00:00,9168.807974260802,9802.991560793324,8439.981538698543
forecast_4745,2025-07-17 17:00:00,8721.99185326526,9246.001588091196,7867.217744235133
forecast_4746,2025-07-17 18:00:00,8231.94084635401,9150.098192583691,7321.750940693346
forecast_4747,2025-07-17 19:00:00,7724.257203207282,9001.211937335795,7259.077261347056
forecast_4748,2025-07-17 20:00:00,7974.941960442738,9208.288844446792,7477.232322568756
forecast_4749,2025-07-17 21:00:00,8843.328753137142,9841.626019838366,7383.093968895021
forecast_4750,2025-07-17 22:00:00,8754.999484140642,9448.862441644776,7333.382696549005
forecast_4751,2025-07-17 23:00:00,10139.463281398874,10598.973309924,7889.490712051718
forecast_4752,2025-07-18 00:00:00,10011.771469751964,10941.25061667099,8737.564727038201
forecast_4753,2025-07-18 01:00:00,10820.730046152692,11812.1626116422,10198.00604950636
forecast_4754,2025-07-18 02:00:00,10241.74293682686,11348.50744291894,9389.362652038157
forecast_4755,2025-07-18 03:00:00,10456.320442250491,11743.963175162866,10245.799839930414
forecast_4756,2025-07-18 04:00:00,10176.485250010352,11483.316950345758,9647.022249777669
forecast_4757,2025-07-18 05:00:00,10139.068824012167,11263.133682615413,9457.477152648657
forecast_4758,2025-07-18 06:00:00,9088.274599089054,10651.059330335049,8644.953817875288
forecast_4759,2025-07-18 07:00:00,9144.57959631435,10388.59144950969,8422.380722809468
forecast_4760,2025-07-18 08:00:00,8770.920797547069,9486.177923171192,7990.93840933469
forecast_4761,2025-07-18 09:00:00,8210.460933840082,8686.677132495957,7782.352205327008
forecast_4762,2025-07-18 10:00:00,6451.772281432816,6543.368485809999,6723.300171767011
forecast_4763,2025-07-18 11:00:00,4247.932414671908,4059.192373509593,5013.455509509015
forecast_4764,2025-07-18 12:00:00,3915.0712165324585,4016.4781587655934,3426.205310830449
forecast_4765,2025-07-18 13:00:00,3843.324494907716,3885.243265178388,3419.6392982878524
forecast_4766,2025-07-18 14:00:00,3916.3998186676367,3981.4176905806353,3477.6459157159475
forecast_4767,2025-07-18 15:00:00,3996.491770655689,4027.39581836003,3506.413364162763
forecast_4768,2025-07-18 16:00:00,4058.394086584784,4121.471919931688,3476.182526788008
forecast_4769,2025-07-18 17:00:00,4070.489167174647,4071.8945638750574,3526.7283142471883
forecast_4770,2025-07-18 18:00:00,4689.803908324152,5721.294555035232,3528.487780364184
forecast_4771,2025-07-18 19:00:00,6265.367172421972,6628.223121830836,3638.6859442904006
forecast_4772,2025-07-18 20:00:00,6681.152632867756,7081.94486358422,5556.23687474786
forecast_4773,2025-07-18 21:00:00,7239.207936539924,8158.300555776492,5535.588533285188
forecast_4774,2025-07-18 22:00:00,8158.919290192654,8710.042776262942,7003.243710281105
forecast_4775,2025-07-18 23:00:00,7913.992654894368,8789.307175160837,6985.496321846896
forecast_4776,2025-07-19 00:00:00,7896.379564376652,8729.723767628278,6944.625488927907
forecast_4777,2025-07-19 01:00:00,7398.857495584226,8238.338905896633,6349.201084419395
forecast_4778,2025-07-19 02:00:00,6061.537873232027,7114.26703242538,5307.77170530093
forecast_4779,2025-07-19 03:00:00,5272.196153834371,6235.488295282781,5119.02600075317
forecast_4780,2025-07-19 04:00:00,5384.426440093263,6253.2197882263445,4484.089532101422
forecast_4781,2025-07-19 05:00:00,5488.782804902976,6352.802622957308,5061.884438862574
forecast_4782,2025-07-19 06:00:00,5362.277243013149,6308.780276574388,3706.3423731773582
forecast_4783,2025-07-19 07:00:00,5331.973062863132,6414.962238281057,3644.670288579618
forecast_4784,2025-07-19 08:00:00,5807.7297044518045,6783.477781123512,3713.793495814866
forecast_4785,2025-07-19 09:00:00,4395.409796644925,6191.812645628609,3679.863227704056
forecast_4786,2025-07-19 10:00:00,6993.697438530871,7688.860380906345,5186.546358055747
forecast_4787,2025-07-19 11:00:00,7927.7046597541985,8880.124679685117,6318.538691115144
forecast_4788,2025-07-19 12:00:00,8732.512587486397,9755.117522411883,7259.015065769824
forecast_4789,2025-07-19 13:00:00,8951.675904411724,9879.58687619423,7609.125851873719
forecast_4790,2025-07-19 14:00:00,9347.841887374983,10511.036146990891,8739.561864010944
forecast_4791,2025-07-19 15:00:00,10221.396875835508,10902.526023507824,9532.25114183885
forecast_4792,2025-07-19 16:00:00,10139.361960815986,10827.453116182944,10187.216862929245
forecast_4793,2025-07-19 17:00:00,10400.396419593397,11040.217840385409,10725.226255415691
forecast_4794,2025-07-19 18:00:00,11277.333432332,11686.93927716758,10481.244674853406
forecast_4795,2025-07-19 19:00:00,11511.966516076798,11736.0968302058,9685.972901677816
forecast_4796,2025-07-19 20:00:00,12002.068131458627,12305.810923660343,9497.247617700988
forecast_4797,2025-07-19 21:00:00,11716.286538710452,12547.875424161091,9273.363118794294
forecast_4798,2025-07-19 22:00:00,12289.751848454707,12785.550466869245,10387.396175374466
forecast_4799,2025-07-19 23:00:00,11509.128786457084,12378.957888112467,10612.593961849863
forecast_4800,2025-07-20 00:00:00,11288.061010332176,12589.021387002056,10475.603852023884
forecast_4801,2025-07-20 01:00:00,11903.19868657532,13129.945459911409,11822.775472992078
forecast_4802,2025-07-20 02:00:00,12404.695428083643,13872.290851289488,11114.56253576866
forecast_4803,2025-07-20 03:00:00,12345.658687936264,13777.491475067112,11514.943644559162
forecast_4804,2025-07-20 04:00:00,12639.500020763591,13513.757069211922,11626.189007540945
forecast_4805,2025-07-20 05:00:00,11618.07479343226,12737.62153026316,11455.608150442617
forecast_4806,2025-07-20 06:00:00,10966.38080430187,11826.831302431769,9978.261634232527
forecast_4807,2025-07-20 07:00:00,10701.430588076097,11385.211755611655,9288.535920429347
forecast_4808,2025-07-20 08:00:00,9715.011888337967,10796.665471430322,8952.968057034486
forecast_4809,2025-07-20 09:00:00,8964.41135460188,9638.1203244771,7874.564117719167
forecast_4810,2025-07-20 10:00:00,8073.824137379763,7488.451693454015,6457.658816365912
forecast_4811,2025-07-20 11:00:00,7166.4468938258815,6192.032838791418,6218.697786803456
forecast_4812,2025-07-20 12:00:00,5815.040579548483,5322.277123740852,5337.153373833276
forecast_4813,2025-07-20 13:00:00,5018.842923592223,4825.714529142937,3766.311305640892
forecast_4814,2025-07-20 14:00:00,4660.144071936104,4624.087836490557,3746.114775516936
forecast_4815,2025-07-20 15:00:00,4359.731279571959,4311.428156424264,3704.199994574809
forecast_4816,2025-07-20 16:00:00,4470.354348594,4204.163834445456,3716.8087178615656
forecast_4817,2025-07-20 17:00:00,4757.461069856505,4819.651398168951,3730.0132194843454
forecast_4818,2025-07-20 18:00:00,5876.0005368769125,5513.5416799200375,3677.2481992954954
forecast_4819,2025-07-20 19:00:00,7014.510851419465,6681.4391011319785,5675.874968924616
forecast_4820,2025-07-20 20:00:00,9390.128244132216,8500.874226194725,6813.22674155051
forecast_4821,2025-07-20 21:00:00,10215.310673565564,9902.556406879485,7820.322643759651
forecast_4822,2025-07-20 22:00:00,11267.52866124784,11363.656718217291,8700.792932780676
forecast_4823,2025-07-20 23:00:00,11377.353098767451,11951.523087774793,8879.301733910517
forecast_4824,2025-07-21 00:00:00,11570.4782742658,12213.07184847591,9382.292345755772
forecast_4825,2025-07-21 01:00:00,12000.504286493817,12641.4210076891,9263.501650129876
forecast_4826,2025-07-21 02:00:00,12602.193574786726,13090.13390611372,9940.545511665092
forecast_4827,2025-07-21 03:00:00,12287.506357122878,12875.512783479558,9975.709083443751
forecast_4828,2025-07-21 04:00:00,11488.611140211447,12036.160361808044,8247.393885882966
forecast_4829,2025-07-21 05:00:00,11802.856606500136,11748.66232319726,8573.708375901442
forecast_4830,2025-07-21 06:00:00,11245.04161317927,11234.998813901817,8313.760434776423
forecast_4831,2025-07-21 07:00:00,11120.064477147149,11065.599336341298,7762.501627133978
forecast_4832,2025-07-21 08:00:00,10356.24384613463,10682.17802953819,6087.93809284881
forecast_4833,2025-07-21 09:00:00,10026.762680656771,9979.92146498358,5729.733804090343
forecast_4834,2025-07-21 10:00:00,9144.07708468661,8293.314147090212,5920.951201331472
forecast_4835,2025-07-21 11:00:00,8835.988616691577,7683.994846897142,6314.804195317559
forecast_4836,2025-07-21 12:00:00,7528.64427990995,6500.749364272435,5733.170987129236
forecast_4837,2025-07-21 13:00:00,6683.128000299968,5911.685577588652,5467.572926862759
forecast_4838,2025-07-21 14:00:00,6181.057994358594,5203.474569970291,5167.043339471596
forecast_4839,2025-07-21 15:00:00,5547.524174398421,5054.577833456908,4742.194879373759
forecast_4840,2025-07-21 16:00:00,5323.259037930541,5007.711407033518,4796.579668366015
forecast_4841,2025-07-21 17:00:00,5569.9956726141845,5054.631556923133,4628.685554584481
forecast_4842,2025-07-21 18:00:00,7204.531035746978,6541.01702053731,5394.350288257262
forecast_4843,2025-07-21 19:00:00,9587.498123702664,8560.778588133717,6835.429731715461
forecast_4844,2025-07-21 20:00:00,11890.37538455594,11007.287744882318,8413.607657848479
forecast_4845,2025-07-21 21:00:00,13032.001348649628,12493.76508899929,9901.181927963553
forecast_4846,2025-07-21 22:00:00,13833.664026694922,13711.841964810164,11684.035068625826
forecast_4847,2025-07-21 23:00:00,14774.847125932958,14391.526008916477,11708.376096767268
forecast_4848,2025-07-22 00:00:00,15078.643104452263,14800.716770161678,11208.731824824315
forecast_4849,2025-07-22 01:00:00,14488.671833720737,14416.067956315956,12118.96496119504
forecast_4850,2025-07-22 02:00:00,15107.651449854022,14748.479296841011,12676.90976920579
forecast_4851,2025-07-22 03:00:00,15143.047073532967,14732.367659554637,12883.793286951925
forecast_4852,2025-07-22 04:00:00,14828.823868056532,14387.09649859241,12722.30083440923
forecast_4853,2025-07-22 05:00:00,13951.601501797615,13923.734582696325,12010.925723580882
forecast_4854,2025-07-22 06:00:00,13307.138030000226,13091.907029041437,10131.189585234102
forecast_4855,2025-07-22 07:00:00,12719.518500421857,12195.051113332984,8790.169427701929
forecast_4856,2025-07-22 08:00:00,11464.154487699676,11221.48276777552,8027.62489764254
forecast_4857,2025-07-22 09:00:00,8141.043583444562,8585.392686423149,5326.245636257598
forecast_4858,2025-07-22 10:00:00,5920.466225645724,5479.411807447509,4088.701887637466
forecast_4859,2025-07-22 11:00:00,4313.58047039518,3939.59067993668,3652.308408533318
forecast_4860,2025-07-22 12:00:00,3496.463929485912,3841.335214099419,3638.070290659342
forecast_4861,2025-07-22 13:00:00,3144.06010386068,3749.400045913309,3490.0464929278032
forecast_4862,2025-07-22 14:00:00,4037.509647768709,3978.5190150552985,3599.0231504751523
forecast_4863,2025-07-22 15:00:00,3957.675674968181,3892.048887392983,3463.050655252639
forecast_4864,2025-07-22 16:00:00,3943.069468391959,3942.853530392375,3563.417160999803
forecast_4865,2025-07-22 17:00:00,3929.810785018232,3984.626602106803,3642.291579215363
forecast_4866,2025-07-22 18:00:00,3967.1951684174737,3953.971489621951,3503.6188596462107
forecast_4867,2025-07-22 19:00:00,4081.3234591621576,3999.316217656301,3542.738736425833
forecast_4868,2025-07-22 20:00:00,4774.344151465784,4253.42753456978,3696.625198556519
forecast_4869,2025-07-22 21:00:00,5374.260349000211,4743.651358057962,4384.837417172518
forecast_4870,2025-07-22 22:00:00,6654.2733188732245,6536.304499071235,4960.3856745084895
forecast_4871,2025-07-22 23:00:00,7535.454720119934,7295.306851704879,4989.570482522745
forecast_4872,2025-07-23 00:00:00,8498.795085958334,8245.163250673666,5710.676112943309
forecast_4873,2025-07-23 01:00:00,8755.78738672427,8501.935498770114,6283.7135450681935
forecast_4874,2025-07-23 02:00:00,9870.366862988943,9589.09951088253,7149.290707348275
forecast_4875,2025-07-23 03:00:00,10002.946314749575,9546.79902910833,7075.2591328166
forecast_4876,2025-07-23 04:00:00,9258.697913041897,9079.66003711514,6427.577518869272
forecast_4877,2025-07-23 05:00:00,8330.766491335324,7907.953573530983,5326.525093063279
forecast_4878,2025-07-23 06:00:00,6956.03054290829,6002.0231238312745,4201.221697644909
forecast_4879,2025-07-23 07:00:00,4968.593232399348,4252.903954594181,3506.613726828654
forecast_4880,2025-07-23 08:00:00,3823.238177763189,3974.57237846231,3557.8904893064305
forecast_4881,2025-07-23 09:00:00,3883.372754695512,3725.393313956992,3443.565509493558
forecast_4882,2025-07-23 10:00:00,3730.0548883571096,3642.36160183716,3381.247638685259
forecast_4883,2025-07-23 11:00:00,3714.544386685001,3628.938114725293,3385.949408595567
forecast_4884,2025-07-23 12:00:00,3710.155217646056,3627.458559923032,3373.93408826468
forecast_4885,2025-07-23 13:00:00,3703.968025929737,3622.024680570421,3363.0848377654534
forecast_4886,2025-07-23 14:00:00,3702.9685532736585,3623.561635210596,3363.699379603312
forecast_4887,2025-07-23 15:00:00,3711.246478197026,3644.4874584037793,3372.5699263214915
forecast_4888,2025-07-23 16:00:00,3720.854119038455,3661.7750114916394,3382.516720481304
forecast_4889,2025-07-23 17:00:00,3733.516007598164,3658.005053653345,3398.2936336112816
forecast_4890,2025-07-23 18:00:00,3784.579617204076,3678.539925668245,3377.5100090310225
forecast_4891,2025-07-23 19:00:00,3809.9329530499226,3776.666748221344,3391.476074800162
forecast_4892,2025-07-23 20:00:00,3941.6499864012894,3760.502149374961,3399.3015505761064
forecast_4893,2025-07-23 21:00:00,4075.801010015431,3888.139464555575,3462.4690401972266
forecast_4894,2025-07-23 22:00:00,4255.584325325232,3975.813721383729,3634.591281554452
forecast_4895,2025-07-23 23:00:00,5082.308831599783,4551.071852565151,4275.692711234562
forecast_4896,2025-07-24 00:00:00,5750.077527450562,5321.195012489164,3756.701088080949
forecast_4897,2025-07-24 01:00:00,6009.92376213035,5667.878855583859,4578.675560100536
forecast_4898,2025-07-24 02:00:00,7346.565317835976,6762.820515238083,4845.447004614782
forecast_4899,2025-07-24 03:00:00,7729.94009749228,7266.783747984467,5088.582280563592
forecast_4900,2025-07-24 04:00:00,7786.142647077091,6991.156304194077,5226.661193691161
forecast_4901,2025-07-24 05:00:00,7397.3814459670275,6336.318243796196,4898.416722887645
forecast_4902,2025-07-24 06:00:00,5949.074190567705,5107.995147692413,4024.1532638560566
forecast_4903,2025-07-24 07:00:00,4037.489989353071,3933.740543540133,3723.0768864123934
forecast_4904,2025-07-24 08:00:00,2942.4283385638514,3754.212827026056,3477.1284294984525
forecast_4905,2025-07-24 09:00:00,3748.8733863904986,3675.604024722813,3370.134213879989
forecast_4906,2025-07-24 10:00:00,3712.3958797941177,3628.057035604231,3364.0398475831225
forecast_4907,2025-07-24 11:00:00,3703.7328693163263,3614.24326666952,3361.3283125470653
forecast_4908,2025-07-24 12:00:00,3701.815989349929,3612.7422762678048,3360.6329027237766
forecast_4909,2025-07-24 13:00:00,3702.0879999614126,3612.369736492794,3360.409424928423
forecast_4910,2025-07-24 14:00:00,3702.570024912549,3614.178733712277,3360.404773244521
forecast_4911,2025-07-24 15:00:00,3701.0366863871054,3612.409792861876,3360.504260250606
forecast_4912,2025-07-24 16:00:00,3703.831846529585,3613.638711848372,3360.856923866688
forecast_4913,2025-07-24 17:00:00,3707.038172857875,3616.797856228841,3361.048591292984
forecast_4914,2025-07-24 18:00:00,3713.497153354669,3622.192184153746,3361.679581243856
forecast_4915,2025-07-24 19:00:00,3734.086115138784,3644.575667155956,3366.7036680396795
forecast_4916,2025-07-24 20:00:00,3749.827000699784,3656.6631191130873,3362.445612160049
forecast_4917,2025-07-24 21:00:00,3760.26189485874,3667.7261497244895,3363.40700373711
forecast_4918,2025-07-24 22:00:00,3787.776548969879,3726.305046555603,3382.0111691593324
forecast_4919,2025-07-24 23:00:00,3927.7592971951567,3798.005041432033,3387.396477797
forecast_4920,2025-07-25 00:00:00,3932.593180634549,3816.494158611023,3436.0719461610693
forecast_4921,2025-07-25 01:00:00,3722.9879887693046,3882.182870200886,3479.183826253427
forecast_4922,2025-07-25 02:00:00,4000.858028118423,4052.7665090162286,3542.471849774668
forecast_4923,2025-07-25 03:00:00,4076.979023105173,4082.3784059251743,3533.4457450642963
forecast_4924,2025-07-25 04:00:00,3926.5352335833554,4023.72515250822,3484.486106656422
forecast_4925,2025-07-25 05:00:00,3803.441464872149,3981.259472411528,3576.538943920653
forecast_4926,2025-07-25 06:00:00,4053.40811024379,3934.2103596525744,3426.8601877866527
forecast_4927,2025-07-25 07:00:00,3901.166602762392,3850.495850931067,3376.040847963149
forecast_4928,2025-07-25 08:00:00,3827.540392615239,3755.345730161396,3370.550816219694
forecast_4929,2025-07-25 09:00:00,3739.809441007163,3651.1551518838696,3365.04051598145
forecast_4930,2025-07-25 10:00:00,3719.08612989785,3638.299935728173,3365.766243781576
forecast_4931,2025-07-25 11:00:00,3705.640570553041,3622.523949897919,3362.8729624507514
forecast_4932,2025-07-25 12:00:00,3703.363833451441,3618.3940296181454,3361.594883540198
forecast_4933,2025-07-25 13:00:00,3702.452337742868,3619.1870242028,3360.4336229973424
forecast_4934,2025-07-25 14:00:00,3705.041024474525,3624.6346632043656,3361.422703425088
forecast_4935,2025-07-25 15:00:00,3706.791370422025,3624.991664202444,3362.862055505841
forecast_4936,2025-07-25 16:00:00,3712.78907163936,3629.663109013272,3364.420672653215
forecast_4937,2025-07-25 17:00:00,3715.912486044761,3636.035859589492,3366.293115559022
forecast_4938,2025-07-25 18:00:00,3739.2677030137297,3674.63159866209,3368.9609883119497
forecast_4939,2025-07-25 19:00:00,3811.790187461165,3704.026740174325,3373.7007079929344
forecast_4940,2025-07-25 20:00:00,3895.314879916949,3771.713167227943,3398.4432592372063
forecast_4941,2025-07-25 21:00:00,4024.231575473344,3834.509421539155,3406.8641529899983
forecast_4942,2025-07-25 22:00:00,3930.1324296823145,4074.6258155970913,3461.3551163080924
forecast_4943,2025-07-25 23:00:00,4451.149137697493,4646.356875677866,3575.667318680974
forecast_4944,2025-07-26 00:00:00,5085.376214784841,5051.093548179226,3684.387219943479
forecast_4945,2025-07-26 01:00:00,5842.03057499548,5752.828714952252,3756.787879314474
forecast_4946,2025-07-26 02:00:00,5568.070663562682,5545.050447714885,4915.980576823632
forecast_4947,2025-07-26 03:00:00,5088.069102976851,5182.934460473655,3754.553876011392
forecast_4948,2025-07-26 04:00:00,4324.841498460009,4105.960064109569,3558.439438421712
forecast_4949,2025-07-26 05:00:00,3778.184399112164,3973.587038744373,3596.343604019363
forecast_4950,2025-07-26 06:00:00,4045.639567411296,3900.934038466198,3455.845255553168
forecast_4951,2025-07-26 07:00:00,3887.7889744267854,3818.8886985112495,3419.333974130676
forecast_4952,2025-07-26 08:00:00,3768.825420937736,3721.721363080487,3372.875556655973
forecast_4953,2025-07-26 09:00:00,3749.994432320688,3669.627613679819,3365.458137229109
forecast_4954,2025-07-26 10:00:00,3714.355053738097,3639.8147157840976,3364.9928145533777
forecast_4955,2025-07-26 11:00:00,3708.6653672370944,3632.502822533944,3362.905056901378
forecast_4956,2025-07-26 12:00:00,3704.215789660954,3621.5726104630703,3362.011421988041
forecast_4957,2025-07-26 13:00:00,3702.870249959529,3616.280404458656,3361.019649884008
forecast_4958,2025-07-26 14:00:00,3705.996107008506,3618.834516879365,3362.507210839276
forecast_4959,2025-07-26 15:00:00,3704.951822093933,3622.685036696897,3361.3075868918686
forecast_4960,2025-07-26 16:00:00,3706.4801817309976,3625.033242426212,3363.5585727009147
forecast_4961,2025-07-26 17:00:00,3704.0828656883314,3619.943117023635,3363.7362112662554
forecast_4962,2025-07-26 18:00:00,3714.945538778748,3642.218454313191,3366.9325005662986
forecast_4963,2025-07-26 19:00:00,3734.593798593376,3652.878919750376,3382.1312219235497
forecast_4964,2025-07-26 20:00:00,3784.9184816108136,3688.134963992901,3380.9875720015484
forecast_4965,2025-07-26 21:00:00,3793.2383868780194,3748.318968415464,3399.5492320797844
forecast_4966,2025-07-26 22:00:00,3888.0034871805246,3940.8843107596153,3468.912275636864
forecast_4967,2025-07-26 23:00:00,4216.559628064067,4461.788342023544,3659.910629765647
forecast_4968,2025-07-27 00:00:00,4977.076823552681,5605.653830899336,3733.509218469768
forecast_4969,2025-07-27 01:00:00,7168.494807370507,7388.534908127756,5707.924007880439
forecast_4970,2025-07-27 02:00:00,7459.155919104312,7702.91424970869,5903.710634409021
forecast_4971,2025-07-27 03:00:00,7904.206764248361,7798.128526108375,5720.05680424874
forecast_4972,2025-07-27 04:00:00,7480.992853730825,7587.092322448517,5212.616358964155
forecast_4973,2025-07-27 05:00:00,6623.778329715269,6885.208579088096,4840.98932412298
forecast_4974,2025-07-27 06:00:00,5813.852912528159,6357.916878120844,4548.290882566293
forecast_4975,2025-07-27 07:00:00,4665.581711907291,5046.1510852681695,3761.298511348444
forecast_4976,2025-07-27 08:00:00,3844.5069708867713,4058.195196370221,3488.418741873859
forecast_4977,2025-07-27 09:00:00,3869.336761649592,3803.637606770416,3424.8137387526176
forecast_4978,2025-07-27 10:00:00,3767.677104706763,3701.8712638889674,3394.617684293486
forecast_4979,2025-07-27 11:00:00,3752.3321176830655,3686.5047372138615,3409.6648575673757
forecast_4980,2025-07-27 12:00:00,3743.011997500658,3671.637871466343,3398.7989574913017
forecast_4981,2025-07-27 13:00:00,3738.595234060644,3672.089393514264,3380.001554383225
forecast_4982,2025-07-27 14:00:00,3745.958637496134,3687.400680607137,3395.245074697485
forecast_4983,2025-07-27 15:00:00,3774.301253193097,3752.171803988262,3411.9688851517813
forecast_4984,2025-07-27 16:00:00,3767.174348219389,3729.844383164794,3480.235846517338
forecast_4985,2025-07-27 17:00:00,3777.222649046573,3762.279158941604,3531.89107125204
forecast_4986,2025-07-27 18:00:00,3810.4059611983407,3779.582165786487,3385.94310853845
forecast_4987,2025-07-27 19:00:00,3999.409424136397,3919.474081096564,3431.239822669599
forecast_4988,2025-07-27 20:00:00,4127.917843629538,4038.069911880889,3491.7230333728007
forecast_4989,2025-07-27 21:00:00,4626.930802554145,4555.965983065703,3499.052361527411
forecast_4990,2025-07-27 22:00:00,6355.914231720332,6003.437758000683,5002.493215533568
forecast_4991,2025-07-27 23:00:00,7189.108808667731,7022.557555635961,5357.9971259705
forecast_4992,2025-07-28 00:00:00,8168.990248417191,7939.436054625015,6123.2854495322
forecast_4993,2025-07-28 01:00:00,9237.10281054993,9188.7622120968,7432.749343652889
forecast_4994,2025-07-28 02:00:00,9963.208753487572,9600.59574776094,7790.078598358027
forecast_4995,2025-07-28 03:00:00,10156.805214398522,9757.295598871033,7883.759524922975
forecast_4996,2025-07-28 04:00:00,10287.293807462009,9634.554800230377,7397.692759604205
forecast_4997,2025-07-28 05:00:00,8869.692139001056,8141.150838675086,5987.897377319163
forecast_4998,2025-07-28 06:00:00,7065.043306256529,6262.327113589115,4802.891496814164
forecast_4999,2025-07-28 07:00:00,5160.0768978709375,4443.086936332229,3800.846264904772
forecast_5000,2025-07-28 08:00:00,3715.251991482428,3885.9687243376434,3464.5509595922517
forecast_5001,2025-07-28 09:00:00,3911.055414466569,3810.887244363467,3381.7304509884084
forecast_5002,2025-07-28 10:00:00,3755.392578057428,3662.076884894214,3373.46785927585
forecast_5003,2025-07-28 11:00:00,3714.6486279869127,3635.916593013928,3364.842050923585
forecast_5004,2025-07-28 12:00:00,3716.7586507620153,3634.858768238,3363.910767835707
forecast_5005,2025-07-28 13:00:00,3706.025253020829,3626.701570925703,3361.232908086483
forecast_5006,2025-07-28 14:00:00,3705.066671921429,3630.4473327021255,3361.313263741084
forecast_5007,2025-07-28 15:00:00,3702.0385405988577,3615.519966823047,3360.679201571924
forecast_5008,2025-07-28 16:00:00,3704.50593185091,3617.894304588972,3364.2472227615726
forecast_5009,2025-07-28 17:00:00,3713.5550999330326,3627.27814773289,3367.2210242316883
forecast_5010,2025-07-28 18:00:00,3720.9873190319313,3632.4676845185754,3365.7489269713315
forecast_5011,2025-07-28 19:00:00,3732.5655472639046,3644.659470892777,3363.9936924649096
forecast_5012,2025-07-28 20:00:00,3764.7235652856657,3672.9045425151994,3364.3691588285737
forecast_5013,2025-07-28 21:00:00,3742.2564098675743,3681.123685829823,3364.3123823413
forecast_5014,2025-07-28 22:00:00,3795.074167092124,3707.474353377549,3371.3767687450622
forecast_5015,2025-07-28 23:00:00,3807.070975040109,3724.173382577237,3374.3677003348485
forecast_5016,2025-07-29 00:00:00,3863.1358551045128,3732.378156902248,3373.1622400681395
forecast_5017,2025-07-29 01:00:00,3919.274379678051,3829.530483737714,3408.5801723866384
forecast_5018,2025-07-29 02:00:00,3993.723159245536,3884.4799429493073,3433.025716274812
forecast_5019,2025-07-29 03:00:00,3971.892355056302,3883.56286735039,3453.31532843628
forecast_5020,2025-07-29 04:00:00,3948.3680855700727,3854.3228488811455,3394.460889747343
forecast_5021,2025-07-29 05:00:00,3949.688835841661,3789.3147096440593,3366.925925874005
forecast_5022,2025-07-29 06:00:00,3775.327991846048,3689.5534969502255,3365.1436952805398
forecast_5023,2025-07-29 07:00:00,3710.1552781347887,3638.313655237527,3365.241566698519
forecast_5024,2025-07-29 08:00:00,3704.989126201985,3631.335107909301,3363.164885199993
forecast_5025,2025-07-29 09:00:00,3702.546512647876,3618.254037429696,3361.096627083736
forecast_5026,2025-07-29 10:00:00,3702.071173125124,3613.9559405845534,3360.7234358526675
forecast_5027,2025-07-29 11:00:00,3702.322224082928,3613.3311186083615,3360.5572489536144
forecast_5028,2025-07-29 12:00:00,3702.153657565131,3612.254886727658,3360.44790462074
forecast_5029,2025-07-29 13:00:00,3702.1203378672185,3615.798983485251,3360.597570621429
forecast_5030,2025-07-29 14:00:00,3700.882529043506,3613.880525212799,3360.6223716254563
forecast_5031,2025-07-29 15:00:00,3701.376197424559,3614.2574455350937,3360.742893033925
forecast_5032,2025-07-29 16:00:00,3702.4349241736254,3613.170633869672,3361.578296344396
forecast_5033,2025-07-29 17:00:00,3704.597279804701,3614.314937447038,3362.024045902922
forecast_5034,2025-07-29 18:00:00,3716.494978925531,3626.529437004975,3362.343835424247
forecast_5035,2025-07-29 19:00:00,3754.1131022566906,3663.010139333708,3372.2140850571536
forecast_5036,2025-07-29 20:00:00,3733.999572254228,3654.21620385161,3370.798660481031
forecast_5037,2025-07-29 21:00:00,3726.276267711363,3664.6679719178487,3368.478986451983
forecast_5038,2025-07-29 22:00:00,3747.2799887144433,3710.548026334421,3366.071229636664
forecast_5039,2025-07-29 23:00:00,3784.265847614277,3724.298280735955,3371.8009916790525
forecast_5040,2025-07-30 00:00:00,3813.544845393223,3760.702417654064,3385.828843789091
forecast_5041,2025-07-30 01:00:00,3807.440064970084,3745.089479567448,3368.8761952527047
forecast_5042,2025-07-30 02:00:00,3849.437945757,3769.176170835065,3393.1896506305206
forecast_5043,2025-07-30 03:00:00,3878.8561375126233,3761.762162539503,3393.1231743666403
forecast_5044,2025-07-30 04:00:00,3853.155282876164,3700.629128604367,3371.324358451997
forecast_5045,2025-07-30 05:00:00,3732.864698267349,3649.295868850885,3367.5202608822447
forecast_5046,2025-07-30 06:00:00,3729.368339513114,3645.325150135972,3363.816589169833
forecast_5047,2025-07-30 07:00:00,3710.714915606021,3622.5007554557824,3361.5052612894524
forecast_5048,2025-07-30 08:00:00,3706.933923768992,3617.860912975188,3361.176998830447
forecast_5049,2025-07-30 09:00:00,3701.9727079053782,3614.752887284517,3360.981190163255
forecast_5050,2025-07-30 10:00:00,3701.102166535282,3612.7736752849314,3360.667805011009
forecast_5051,2025-07-30 11:00:00,3702.0070409648415,3616.106169443185,3360.444859513999
forecast_5052,2025-07-30 12:00:00,3704.1994388743065,3621.9726320096593,3361.0949195155267
forecast_5053,2025-07-30 13:00:00,3708.268725427665,3632.699177057615,3361.721099591908
forecast_5054,2025-07-30 14:00:00,3710.5054572271806,3635.290710694149,3362.5041485435586
forecast_5055,2025-07-30 15:00:00,3709.42384782034,3635.652998893287,3362.555623698942
forecast_5056,2025-07-30 16:00:00,3704.641676301145,3622.2600002499407,3362.504824104451
forecast_5057,2025-07-30 17:00:00,3702.470798307712,3618.571687439626,3361.1012946411656
forecast_5058,2025-07-30 18:00:00,3706.224097100942,3620.284828128728,3360.7812144063087
forecast_5059,2025-07-30 19:00:00,3718.7775317322903,3629.8918256428888,3361.7803785594606
forecast_5060,2025-07-30 20:00:00,3787.497337165843,3659.400863050701,3364.7121758761423
forecast_5061,2025-07-30 21:00:00,3769.403894958588,3676.502159666671,3368.8895320787005
forecast_5062,2025-07-30 22:00:00,3841.121304053528,3758.926969012719,3382.859967970395
forecast_5063,2025-07-30 23:00:00,3870.775199674594,3787.365105517623,3388.000093890459
forecast_5064,2025-07-31 00:00:00,3782.671161862484,3741.8390681974574,3380.540647347192
forecast_5065,2025-07-31 01:00:00,3815.330954112969,3783.1980156981062,3394.519012102822
forecast_5066,2025-07-31 02:00:00,3820.597059663562,3802.966674054433,3417.3091846956777
forecast_5067,2025-07-31 03:00:00,3845.365130950722,3786.904868401228,3468.2313802535887
forecast_5068,2025-07-31 04:00:00,3889.9896223252576,3808.2536841076617,3458.7394108280064
forecast_5069,2025-07-31 05:00:00,4009.5690275847496,3919.29908457335,3398.093845910741
forecast_5070,2025-07-31 06:00:00,4037.8658555490097,3833.25247985158,3373.489495264644
forecast_5071,2025-07-31 07:00:00,3807.434361546804,3741.463227824395,3373.416948154444
forecast_5072,2025-07-31 08:00:00,3855.116316424424,3747.901785128599,3381.6918340449997
forecast_5073,2025-07-31 09:00:00,3742.9544947042286,3662.5238715829937,3375.7061143177225
forecast_5074,2025-07-31 10:00:00,3734.567343259923,3660.735449173637,3369.871094954962
forecast_5075,2025-07-31 11:00:00,3726.07748173357,3653.588295896738,3372.845436823972
forecast_5076,2025-07-31 12:00:00,3726.078837766661,3647.3510877325,3373.568312800803
forecast_5077,2025-07-31 13:00:00,3721.002494818349,3642.315071998613,3383.1973957242776
forecast_5078,2025-07-31 14:00:00,3720.5423383123216,3641.550213004708,3373.987648000387
forecast_5079,2025-07-31 15:00:00,3732.6110927369114,3646.58848278535,3376.659669781156
forecast_5080,2025-07-31 16:00:00,3712.915345365271,3639.2404993918353,3379.836961098809
forecast_5081,2025-07-31 17:00:00,3720.442670646844,3655.866794357288,3371.081083992564
forecast_5082,2025-07-31 18:00:00,3712.449039877021,3621.981109923054,3362.1376436108053
forecast_5083,2025-07-31 19:00:00,3704.582989291665,3616.3966731981222,3361.0147798535004
forecast_5084,2025-07-31 20:00:00,3710.230153257737,3624.246084143957,3365.00029021232
forecast_5085,2025-07-31 21:00:00,3708.365789763657,3625.112897219547,3364.068505628017
forecast_5086,2025-07-31 22:00:00,3724.695636997648,3648.8082243741615,3367.742940896848
forecast_5087,2025-07-31 23:00:00,3737.103753638828,3663.265485420932,3367.4787496524086
forecast_5088,2025-08-01 00:00:00,3737.67845709444,3680.009142685854,3367.273698008175
forecast_5089,2025-08-01 01:00:00,3751.6182661895887,3666.349130241781,3363.7984850071844
forecast_5090,2025-08-01 02:00:00,3750.1190877084096,3656.969927149904,3364.7590785766924
forecast_5091,2025-08-01 03:00:00,3760.546010549434,3665.0726190544574,3366.071502386921
forecast_5092,2025-08-01 04:00:00,3722.698095570988,3641.0960244027056,3364.167944164644
forecast_5093,2025-08-01 05:00:00,3721.5114306929536,3647.792261121268,3364.420689871192
forecast_5094,2025-08-01 06:00:00,3706.768082785367,3623.350391614656,3362.32830316569
forecast_5095,2025-08-01 07:00:00,3707.033931938296,3623.028586270418,3362.1235301127385
forecast_5096,2025-08-01 08:00:00,3704.728711523844,3623.344487663394,3361.281551087626
forecast_5097,2025-08-01 09:00:00,3702.1026166721113,3616.2065242697327,3360.827658778631
forecast_5098,2025-08-01 10:00:00,3700.372555011677,3612.3153036618032,3360.832468775541
forecast_5099,2025-08-01 11:00:00,3701.126892444619,3612.04932231952,3360.666135869366
forecast_5100,2025-08-01 12:00:00,3700.560214145084,3612.804873413752,3360.927009751439
forecast_5101,2025-08-01 13:00:00,3701.8330904017375,3617.757930493875,3361.4826177929976
forecast_5102,2025-08-01 14:00:00,3701.9380786132633,3616.3520711967,3360.7844377737592
forecast_5103,2025-08-01 15:00:00,3701.385159317696,3614.210937031393,3360.701168299831
forecast_5104,2025-08-01 16:00:00,3700.942479345071,3613.479753734056,3360.6604937458665
forecast_5105,2025-08-01 17:00:00,3700.622597885781,3613.171137610107,3360.9219397450074
forecast_5106,2025-08-01 18:00:00,3702.032486671456,3614.9756126956304,3361.6805516479462
forecast_5107,2025-08-01 19:00:00,3710.447966489133,3633.262307097847,3363.6464815460176
forecast_5108,2025-08-01 20:00:00,3723.054059689494,3657.556226698191,3364.7290670054663
forecast_5109,2025-08-01 21:00:00,3736.900661906243,3671.1932817295033,3366.1596072823063
forecast_5110,2025-08-01 22:00:00,3776.0683224971176,3717.5037861838414,3372.0034026556177
forecast_5111,2025-08-01 23:00:00,3764.975150872845,3690.106754590252,3369.3613585236585
forecast_5112,2025-08-02 00:00:00,3855.35572407766,3762.84202414031,3388.7307128183857
forecast_5113,2025-08-02 01:00:00,3913.552697457417,4085.920103100081,3690.273056349482
forecast_5114,2025-08-02 02:00:00,5290.568023288066,4799.68265492839,3706.108991734669
forecast_5115,2025-08-02 03:00:00,7342.422340193663,6318.016867980069,4465.744778052997
forecast_5116,2025-08-02 04:00:00,7882.991249110846,7009.457166608215,5683.869938227236
forecast_5117,2025-08-02 05:00:00,8155.745601905656,7883.623882148601,6054.217247562482
forecast_5118,2025-08-02 06:00:00,8380.2189739051,7946.731948801734,5524.00827483617
forecast_5119,2025-08-02 07:00:00,7549.894264051454,7403.043244300207,4996.985833485997
forecast_5120,2025-08-02 08:00:00,6184.936340802589,6056.718126748205,3796.408576885403
forecast_5121,2025-08-02 09:00:00,3890.6621606533154,4041.970196056295,3641.1237006737138
forecast_5122,2025-08-02 10:00:00,4017.40043707243,3992.634739379238,3524.3517394734363
forecast_5123,2025-08-02 11:00:00,3858.8623295697007,3818.646104075136,3580.1481120246053
forecast_5124,2025-08-02 12:00:00,3858.535292878312,3854.589007059275,3484.971234578122
forecast_5125,2025-08-02 13:00:00,3838.259525407209,3761.9044636023054,3404.8100081995813
forecast_5126,2025-08-02 14:00:00,3745.442103262444,3683.2253247743074,3396.0842630915927
forecast_5127,2025-08-02 15:00:00,3738.522593790538,3668.070075175722,3371.342301566963
forecast_5128,2025-08-02 16:00:00,3741.6497414621385,3649.176640455564,3363.86977106813
forecast_5129,2025-08-02 17:00:00,3734.7981364752623,3635.560739000192,3365.2177440642754
forecast_5130,2025-08-02 18:00:00,3744.999032107069,3671.943177134156,3362.6608163324045
forecast_5131,2025-08-02 19:00:00,3775.725540263256,3723.165078546998,3367.3092937975507
forecast_5132,2025-08-02 20:00:00,3852.0732144388567,3762.639671541867,3379.3136720927773
forecast_5133,2025-08-02 21:00:00,3854.3712934916407,3852.096012608358,3381.289666309573
forecast_5134,2025-08-02 22:00:00,4059.166362966259,3900.5096701643433,3406.3085741323857
forecast_5135,2025-08-02 23:00:00,4035.962845629337,3895.614165282763,3428.462510368212
forecast_5136,2025-08-03 00:00:00,4069.0146776278,3979.152919222193,3487.6397510437514
forecast_5137,2025-08-03 01:00:00,3902.963932678877,4071.4560025147935,3729.104244294672
forecast_5138,2025-08-03 02:00:00,4337.505922710725,4292.42120358403,3731.2992941311554
forecast_5139,2025-08-03 03:00:00,4041.026185312875,4007.373615906768,3511.8394793554567
forecast_5140,2025-08-03 04:00:00,3561.138777943507,4011.003255870068,3649.943986633548
forecast_5141,2025-08-03 05:00:00,3943.3529528175072,3888.545566433396,3473.893472592973
forecast_5142,2025-08-03 06:00:00,3926.351929436416,3861.101771031246,3403.4501274328118
forecast_5143,2025-08-03 07:00:00,3765.136847575746,3674.2549075431766,3369.464636531196
forecast_5144,2025-08-03 08:00:00,3715.1441286673935,3636.266266971182,3365.910651012675
forecast_5145,2025-08-03 09:00:00,3707.385926484065,3632.277612206076,3368.1112719492626
forecast_5146,2025-08-03 10:00:00,3702.903143112897,3616.7763059723447,3362.753637562566
forecast_5147,2025-08-03 11:00:00,3705.11986025957,3621.575311794383,3361.126520910805
forecast_5148,2025-08-03 12:00:00,3707.8137426447815,3622.844883690533,3361.443011142682
forecast_5149,2025-08-03 13:00:00,3709.22260547287,3631.968249830957,3363.99433567365
forecast_5150,2025-08-03 14:00:00,3725.019413064035,3637.6052815824073,3364.303302839656
forecast_5151,2025-08-03 15:00:00,3729.731435602501,3670.806919904915,3380.623037173773
forecast_5152,2025-08-03 16:00:00,3740.7069589911976,3690.657872661032,3377.865523679806
forecast_5153,2025-08-03 17:00:00,3760.3286779248265,3778.23626094196,3390.064711689497
forecast_5154,2025-08-03 18:00:00,3795.006024588652,3802.100372260255,3393.6436225820903
forecast_5155,2025-08-03 19:00:00,3869.2708939323097,3936.7100833659247,3478.1014675355445
forecast_5156,2025-08-03 20:00:00,3971.4813558596265,4086.3218354297687,3641.144190409733
forecast_5157,2025-08-03 21:00:00,3836.185109691896,3932.847829378187,3512.545599677479
forecast_5158,2025-08-03 22:00:00,3813.7547894552313,3915.996932607208,3528.8504067973104
forecast_5159,2025-08-03 23:00:00,3898.778399945898,4062.366832747925,3724.3238751194126
forecast_5160,2025-08-04 00:00:00,4006.1987372827166,4528.198607152409,3774.100081483541
forecast_5161,2025-08-04 01:00:00,4314.281877460451,4724.189275654082,5098.3814092010825
forecast_5162,2025-08-04 02:00:00,4922.064818520587,6068.580924714665,4912.607770916437
forecast_5163,2025-08-04 03:00:00,5320.985826602686,6792.637367134328,3726.6244238705226
forecast_5164,2025-08-04 04:00:00,6894.277367929271,7909.020243210374,5143.178419245775
forecast_5165,2025-08-04 05:00:00,7062.551147735091,8215.671152540139,5424.702692913298
forecast_5166,2025-08-04 06:00:00,6305.411106380507,8145.417564440555,5419.837170465491
forecast_5167,2025-08-04 07:00:00,5899.598987414967,7511.987528850587,4151.016635811623
forecast_5168,2025-08-04 08:00:00,5490.58004182813,7172.311516202677,4525.944688615233
forecast_5169,2025-08-04 09:00:00,5150.286561307277,6423.3423392395525,4568.385562809153
forecast_5170,2025-08-04 10:00:00,4955.550374203137,6051.074254160417,4633.581966545789
forecast_5171,2025-08-04 11:00:00,5095.073826327134,6153.640902446114,5259.33566146322
forecast_5172,2025-08-04 12:00:00,4558.556505317793,4288.979500636745,5329.684832710535
forecast_5173,2025-08-04 13:00:00,4383.510914990582,4096.621825752696,3716.8482561453097
forecast_5174,2025-08-04 14:00:00,4004.179016423996,3962.9756445339735,3671.96060222685
forecast_5175,2025-08-04 15:00:00,3867.93819449702,3843.440086592036,3545.1791369405364
forecast_5176,2025-08-04 16:00:00,3891.817493749484,3884.85447010526,3560.4916808584367
forecast_5177,2025-08-04 17:00:00,3883.393833494061,3872.746115679442,3550.6896734975203
forecast_5178,2025-08-04 18:00:00,4026.556194552879,3898.6593988395584,3500.621801774955
forecast_5179,2025-08-04 19:00:00,3999.337774014373,4034.76502160886,3597.2724268978027
forecast_5180,2025-08-04 20:00:00,4161.663988868521,4137.819086438988,3682.4063938614336
forecast_5181,2025-08-04 21:00:00,7667.049885833948,8016.878164235055,3737.441723313302
forecast_5182,2025-08-04 22:00:00,8228.861806310802,8022.997302090517,3756.228829996214
forecast_5183,2025-08-04 23:00:00,8127.24819556962,7503.536776769488,3682.729552648374
forecast_5184,2025-08-05 00:00:00,7318.068453857859,7005.488429621237,7381.511316032128
forecast_5185,2025-08-05 01:00:00,6581.844007305884,6196.931207833478,5857.7394945186525
forecast_5186,2025-08-05 02:00:00,5464.190642418699,5533.156606435197,3771.4092655967897
forecast_5187,2025-08-05 03:00:00,4532.065517536383,4168.073708752293,3765.8122325286568
forecast_5188,2025-08-05 04:00:00,4201.318976811932,4127.450848198204,3600.561124931316
forecast_5189,2025-08-05 05:00:00,3888.4721067263126,4072.276807864269,3662.626264883618
forecast_5190,2025-08-05 06:00:00,3486.5725167113865,3853.506604054648,3477.025583976723
forecast_5191,2025-08-05 07:00:00,3594.115163980436,4001.5128712274127,3511.644998627482
forecast_5192,2025-08-05 08:00:00,3394.9377519112386,3889.741194387732,3479.3249271593368
forecast_5193,2025-08-05 09:00:00,4069.4271383944233,3957.1257717529393,3474.8689710246394
forecast_5194,2025-08-05 10:00:00,4067.635837618756,3986.265400435291,3521.1950132053757
forecast_5195,2025-08-05 11:00:00,4119.215855169678,4063.515907892216,3669.6808483698856
forecast_5196,2025-08-05 12:00:00,4064.395706823319,3948.08812612952,3514.5017669795066
forecast_5197,2025-08-05 13:00:00,4656.301784894353,4409.112483940028,4313.242916868009
forecast_5198,2025-08-05 14:00:00,5780.398208482525,5648.401371400937,4544.353473664057
forecast_5199,2025-08-05 15:00:00,7094.436244126384,6577.719606264252,5582.50876327169
forecast_5200,2025-08-05 16:00:00,7565.191427245904,6769.518972378684,5578.708214605432
forecast_5201,2025-08-05 17:00:00,7341.830130510472,7075.534224764423,5848.549751116932
forecast_5202,2025-08-05 18:00:00,7568.38346313123,7307.919790534869,6332.735983854534
forecast_5203,2025-08-05 19:00:00,7418.029445560238,7711.684802833878,7179.445864513576
forecast_5204,2025-08-05 20:00:00,7726.731779819326,8680.155794779685,7268.71738562729
forecast_5205,2025-08-05 21:00:00,8461.455746767524,10007.025801110212,7201.989918356032
forecast_5206,2025-08-05 22:00:00,9542.74520300867,11648.14994715908,8836.83816747789
forecast_5207,2025-08-05 23:00:00,9644.556217760502,12443.474295522516,9048.476553964789
forecast_5208,2025-08-06 00:00:00,9864.698914536792,12956.312824392784,9221.962416086575
forecast_5209,2025-08-06 01:00:00,12565.865490837845,15065.098853846364,12539.658586155332
forecast_5210,2025-08-06 02:00:00,12981.735618664885,15136.963251647212,10603.85496184057
forecast_5211,2025-08-06 03:00:00,13074.318460938392,14800.169463333408,10907.392355532009
forecast_5212,2025-08-06 04:00:00,12566.903724598718,14436.24733248786,11198.2977995722
forecast_5213,2025-08-06 05:00:00,13178.196943336816,14985.7706374822,11968.844589262048
forecast_5214,2025-08-06 06:00:00,13352.61441863998,15139.097190382246,12587.792249219565
forecast_5215,2025-08-06 07:00:00,13224.634213437974,15317.06252949823,13012.943943255408
forecast_5216,2025-08-06 08:00:00,12656.105613621876,14486.709917168091,12688.100358179056
forecast_5217,2025-08-06 09:00:00,12672.492967075714,14561.097866491871,12981.227793198092
forecast_5218,2025-08-06 10:00:00,12792.616138730737,14717.116926358813,13105.213858590982
forecast_5219,2025-08-06 11:00:00,12897.54022412517,14797.72887983882,13320.558107183397
forecast_5220,2025-08-06 12:00:00,12947.262567879963,15032.244383861746,13571.350080273818
forecast_5221,2025-08-06 13:00:00,13513.01094448115,15738.127005647655,13924.614527552496
forecast_5222,2025-08-06 14:00:00,13889.52090588107,15838.506492365292,14409.93913940168
forecast_5223,2025-08-06 15:00:00,14448.701394179108,16160.20090727408,15016.325301229954
forecast_5224,2025-08-06 16:00:00,13882.849701085956,15525.79062695166,15426.482327395972
forecast_5225,2025-08-06 17:00:00,14876.53571358364,16152.59026228608,15880.753762527644
forecast_5226,2025-08-06 18:00:00,15106.025169941013,16252.59809011014,16146.371482882358
forecast_5227,2025-08-06 19:00:00,15329.007874008174,16326.118834811155,16025.376881182554
forecast_5228,2025-08-06 20:00:00,15007.222514814352,15890.124069790269,15947.420110581246
forecast_5229,2025-08-06 21:00:00,14811.155153806863,16123.018368640862,15785.141890950532
forecast_5230,2025-08-06 22:00:00,15392.296066350294,16790.766427505856,15857.5030061062
forecast_5231,2025-08-06 23:00:00,15330.829822735051,16687.260202971498,15814.851879933063
forecast_5232,2025-08-07 00:00:00,15629.916925441928,16724.226730638213,15273.283989135029
forecast_5233,2025-08-07 01:00:00,15160.688656568374,15591.41061845883,14220.966811508575
forecast_5234,2025-08-07 02:00:00,16141.529319045889,16287.769876813563,14332.394331989646
forecast_5235,2025-08-07 03:00:00,15839.521679553984,16209.763644655248,13827.592473195751
forecast_5236,2025-08-07 04:00:00,15530.232457355192,16057.227969416546,13057.601034283744
forecast_5237,2025-08-07 05:00:00,15246.319430842568,15676.189461151977,12486.623605319564
forecast_5238,2025-08-07 06:00:00,14003.489205090702,14371.499063705023,12940.395067770956
forecast_5239,2025-08-07 07:00:00,12840.637741747949,12855.513142595735,10997.857141112408
forecast_5240,2025-08-07 08:00:00,10945.239754164755,10648.62233837127,9770.262105549133
forecast_5241,2025-08-07 09:00:00,7185.417936779327,6606.475907923709,5303.984296263336
forecast_5242,2025-08-07 10:00:00,4881.250367722307,4261.73787800094,3999.7805932247543
forecast_5243,2025-08-07 11:00:00,4034.730280330301,3955.3790446587705,3515.352380204108
forecast_5244,2025-08-07 12:00:00,3994.2525424088985,3950.876038895297,3494.273965392813
forecast_5245,2025-08-07 13:00:00,3847.7365275868174,3753.872283969436,3422.381359451064
forecast_5246,2025-08-07 14:00:00,3786.2509180716193,3699.8968862903216,3419.748071748645
forecast_5247,2025-08-07 15:00:00,3733.338854514465,3633.3381198093502,3369.782952200718
forecast_5248,2025-08-07 16:00:00,3716.7870469321047,3640.6649444551113,3366.194399111865
forecast_5249,2025-08-07 17:00:00,3721.085083553056,3648.4644579877977,3363.791184049235
forecast_5250,2025-08-07 18:00:00,3736.6655276807546,3649.1542245057167,3367.4816163892665
forecast_5251,2025-08-07 19:00:00,3818.755055023597,3732.0792178562847,3383.9875993605588
forecast_5252,2025-08-07 20:00:00,3919.279306452216,3847.033961606113,3413.629917725182
forecast_5253,2025-08-07 21:00:00,4104.564194891382,3982.579998637891,3494.034617837276
forecast_5254,2025-08-07 22:00:00,4601.557305903223,4231.722318007056,3627.0181371614217
forecast_5255,2025-08-07 23:00:00,5442.312367458117,4893.55074316474,4160.142089056789
forecast_5256,2025-08-08 00:00:00,6517.563313998491,5922.012187331042,5092.504452909052
forecast_5257,2025-08-08 01:00:00,6282.847588995423,5969.347007450188,3769.7487162442576
forecast_5258,2025-08-08 02:00:00,6780.892189482038,6369.295411064415,5629.8510730363705
forecast_5259,2025-08-08 03:00:00,5895.165433815312,5828.720450608,4976.221613724986
forecast_5260,2025-08-08 04:00:00,4262.400949521863,4094.189148264288,3712.096868302313
forecast_5261,2025-08-08 05:00:00,4004.72962887258,3833.385371332683,3506.673615384897
forecast_5262,2025-08-08 06:00:00,3001.482298581703,3623.632266758344,3384.702976332625
forecast_5263,2025-08-08 07:00:00,3826.7150264035904,3732.019028744572,3371.514210517551
forecast_5264,2025-08-08 08:00:00,3734.405547903465,3662.272033461688,3370.261556465716
forecast_5265,2025-08-08 09:00:00,3713.622511018136,3626.6281715939713,3363.0920572078376
forecast_5266,2025-08-08 10:00:00,3704.147976909772,3614.194404380436,3361.329200418118
forecast_5267,2025-08-08 11:00:00,3700.371393022261,3611.719393151539,3360.461714206162
forecast_5268,2025-08-08 12:00:00,3700.6626659569306,3611.847055445664,3360.6841614048235
forecast_5269,2025-08-08 13:00:00,3701.0861188395816,3611.4818655570425,3360.536185564636
forecast_5270,2025-08-08 14:00:00,3702.5595317624784,3618.143319381826,3360.668974853888
forecast_5271,2025-08-08 15:00:00,3706.9978310741335,3614.606000140315,3361.313302467354
forecast_5272,2025-08-08 16:00:00,3704.899052838624,3617.51968267776,3362.1598639464246
forecast_5273,2025-08-08 17:00:00,3728.502643173884,3628.337060994914,3364.548588131257
forecast_5274,2025-08-08 18:00:00,3708.9988846035712,3616.974643894788,3360.9410314711954
forecast_5275,2025-08-08 19:00:00,3722.331621645831,3621.947554298272,3360.9903972077204
forecast_5276,2025-08-08 20:00:00,3742.311414222764,3626.239219123317,3361.904192051384
forecast_5277,2025-08-08 21:00:00,3763.5786951098303,3673.670674413718,3363.10303590993
forecast_5278,2025-08-08 22:00:00,3815.998275812741,3701.14021237676,3365.433639203507
forecast_5279,2025-08-08 23:00:00,3872.4051887883497,3804.7422899363314,3366.261828488398
forecast_5280,2025-08-09 00:00:00,3993.763521890549,3869.538829911829,3390.5908779650404
forecast_5281,2025-08-09 01:00:00,3875.7191895062288,3847.476619164806,3384.9078750336503
forecast_5282,2025-08-09 02:00:00,4068.9451574559184,4014.391945043976,3436.848019347855
forecast_5283,2025-08-09 03:00:00,4099.61210753833,4017.9083685882206,3438.2077103620672
forecast_5284,2025-08-09 04:00:00,4463.169176784188,4128.755884712843,3496.168604925491
forecast_5285,2025-08-09 05:00:00,4656.565838756736,4201.886005860753,3599.599855158768
forecast_5286,2025-08-09 06:00:00,4052.565095783829,4084.635724022316,3494.276525538759
forecast_5287,2025-08-09 07:00:00,4075.996084382707,3953.792895642294,3430.090527427357
forecast_5288,2025-08-09 08:00:00,3751.713905258985,3861.303006380882,3441.4676552359565
forecast_5289,2025-08-09 09:00:00,3968.145845109652,3901.855914334679,3430.5985807058178
forecast_5290,2025-08-09 10:00:00,3865.200127578987,3846.277830169605,3467.4901360046188
forecast_5291,2025-08-09 11:00:00,3946.751239237235,3879.242509845629,3507.465503741741
forecast_5292,2025-08-09 12:00:00,3812.410430758438,3789.380849903115,3505.8171920381683
forecast_5293,2025-08-09 13:00:00,3748.926117709808,3726.030171469082,3386.32982207839
forecast_5294,2025-08-09 14:00:00,3726.405995322185,3670.451111691532,3378.120175621236
forecast_5295,2025-08-09 15:00:00,3716.160688154426,3629.916616377606,3363.213936380123
forecast_5296,2025-08-09 16:00:00,3717.857762141204,3631.870525829567,3364.6747676999958
forecast_5297,2025-08-09 17:00:00,3739.783174298952,3646.723342470213,3368.9871748887635
forecast_5298,2025-08-09 18:00:00,3835.910379786266,3661.825416158889,3372.1704399933524
forecast_5299,2025-08-09 19:00:00,3836.28498075728,3682.2804523857512,3384.508531136544
forecast_5300,2025-08-09 20:00:00,3833.136047588973,3694.249876420042,3377.370537712221
forecast_5301,2025-08-09 21:00:00,3902.515337048673,3716.2816317292654,3385.2352940625315
forecast_5302,2025-08-09 22:00:00,3956.274988454714,3836.569469090591,3385.717027556874
forecast_5303,2025-08-09 23:00:00,3946.961804964822,3866.44831624013,3374.7303108237725
forecast_5304,2025-08-10 00:00:00,3938.3498622480593,3773.000232803722,3365.1120363691984
forecast_5305,2025-08-10 01:00:00,3773.30810761868,3687.837942227182,3366.812565168856
forecast_5306,2025-08-10 02:00:00,3785.889890100252,3719.031914383771,3369.132135038685
forecast_5307,2025-08-10 03:00:00,3800.074888156968,3730.844733043544,3368.6535277992
forecast_5308,2025-08-10 04:00:00,3816.253084374916,3720.2206699735166,3365.583655859112
forecast_5309,2025-08-10 05:00:00,3838.917749090196,3763.05493887802,3371.4733420616767
forecast_5310,2025-08-10 06:00:00,3886.223213894844,3816.0186847312575,3366.730140928569
forecast_5311,2025-08-10 07:00:00,3864.612601373128,3871.8096886383937,3365.888963782276
forecast_5312,2025-08-10 08:00:00,3768.1671649873374,3739.683285791439,3362.222458796965
forecast_5313,2025-08-10 09:00:00,3732.8367163424177,3707.363136806709,3361.696715181941
forecast_5314,2025-08-10 10:00:00,3710.680632929619,3646.2347665005705,3362.73102044365
forecast_5315,2025-08-10 11:00:00,3708.186173899231,3635.829075818897,3364.049229523509
forecast_5316,2025-08-10 12:00:00,3705.6587742110905,3627.279594227473,3362.3227494081584
forecast_5317,2025-08-10 13:00:00,3705.857233054741,3623.947702435698,3363.2525373019653
forecast_5318,2025-08-10 14:00:00,3705.542648885677,3624.238794567775,3362.971044213117
forecast_5319,2025-08-10 15:00:00,3706.271541742224,3627.3712056341183,3363.198924806308
forecast_5320,2025-08-10 16:00:00,3702.968522103495,3619.10865048228,3363.246082320328
forecast_5321,2025-08-10 17:00:00,3700.7690291042168,3614.6089431081537,3361.3949713014977
forecast_5322,2025-08-10 18:00:00,3701.064577716853,3612.915515438234,3360.645541181757
forecast_5323,2025-08-10 19:00:00,3704.11935885661,3613.465337252327,3360.9470547925785
forecast_5324,2025-08-10 20:00:00,3705.88981634118,3615.429990221367,3360.8264584908884
forecast_5325,2025-08-10 21:00:00,3706.3383362255295,3616.478489930548,3360.801053012098
forecast_5326,2025-08-10 22:00:00,3706.8072940315474,3618.2815273316783,3360.9696611819995
forecast_5327,2025-08-10 23:00:00,3711.414652817296,3623.43139107661,3360.8270147631706
forecast_5328,2025-08-11 00:00:00,3714.681969286989,3620.422596171011,3361.379782020341
forecast_5329,2025-08-11 01:00:00,3717.813793218225,3625.165846600824,3361.190730531445
forecast_5330,2025-08-11 02:00:00,3731.086273577389,3637.1143081867194,3361.2323460823127
forecast_5331,2025-08-11 03:00:00,3722.587763478788,3624.5388960709297,3361.6933625847514
forecast_5332,2025-08-11 04:00:00,3731.9277159637513,3648.316270798373,3361.7376503389587
forecast_5333,2025-08-11 05:00:00,3717.43403001532,3638.163025999032,3361.117279674042
forecast_5334,2025-08-11 06:00:00,3709.038138989777,3620.475788631886,3360.79326133876
forecast_5335,2025-08-11 07:00:00,3706.007142141436,3613.726994167071,3360.6879372960325
forecast_5336,2025-08-11 08:00:00,3702.240981158706,3614.312230424767,3360.352418894792
forecast_5337,2025-08-11 09:00:00,3702.766933679724,3615.5397054359114,3360.502844563885
forecast_5338,2025-08-11 10:00:00,3700.488908706676,3611.6821779447855,3360.355107132013
forecast_5339,2025-08-11 11:00:00,3702.048826741176,3612.03442513656,3360.318241812363
forecast_5340,2025-08-11 12:00:00,3701.3230390986655,3613.571135123835,3360.4847960702286
forecast_5341,2025-08-11 13:00:00,3700.953866670131,3613.141910069057,3360.4924465368263
forecast_5342,2025-08-11 14:00:00,3703.574365581704,3613.119116825281,3360.84682733892
forecast_5343,2025-08-11 15:00:00,3703.07726273871,3614.7907490039615,3360.8207253093005
forecast_5344,2025-08-11 16:00:00,3700.728585407972,3611.9317372883343,3360.711846745479
forecast_5345,2025-08-11 17:00:00,3702.232377227013,3614.182642309177,3360.9271424128237
forecast_5346,2025-08-11 18:00:00,3702.191043388617,3613.708683967885,3361.477930289794
forecast_5347,2025-08-11 19:00:00,3706.523586046456,3620.8165061310137,3361.664011036155
forecast_5348,2025-08-11 20:00:00,3704.54005668332,3615.1880024809866,3361.6470202681085
forecast_5349,2025-08-11 21:00:00,3704.82496840762,3618.12595305471,3363.247265235039
forecast_5350,2025-08-11 22:00:00,3714.396465572349,3635.437616457647,3361.832582132424
forecast_5351,2025-08-11 23:00:00,3736.410048544767,3641.183743390117,3361.582841888164
forecast_5352,2025-08-12 00:00:00,3748.0604427984726,3640.8749564957207,3362.3820464628698
forecast_5353,2025-08-12 01:00:00,3746.124933020748,3670.417299160069,3365.7071518652565
forecast_5354,2025-08-12 02:00:00,3831.957050735784,3735.510846268578,3378.0287665241976
forecast_5355,2025-08-12 03:00:00,3850.5544982041706,3816.311371501004,3390.777081431972
forecast_5356,2025-08-12 04:00:00,3808.10671502325,3727.7427481323416,3380.1853285243155
forecast_5357,2025-08-12 05:00:00,3810.247162332264,3734.752757673577,3366.570360937209
forecast_5358,2025-08-12 06:00:00,3810.1772910030263,3710.342428620804,3365.8939483617823
forecast_5359,2025-08-12 07:00:00,3752.4203143202985,3680.36846831772,3361.8195541527875
forecast_5360,2025-08-12 08:00:00,3730.113335502717,3645.734616609802,3362.1989246399357
forecast_5361,2025-08-12 09:00:00,3721.6458480125775,3628.064462975402,3362.009115496352
forecast_5362,2025-08-12 10:00:00,3707.9454420773664,3621.664768901435,3361.018810006144
forecast_5363,2025-08-12 11:00:00,3705.1274947387074,3619.591461381571,3361.247217043071
forecast_5364,2025-08-12 12:00:00,3704.399557156566,3618.822764848914,3362.1468107370706
forecast_5365,2025-08-12 13:00:00,3703.1733422099455,3618.444730668364,3361.688211436988
forecast_5366,2025-08-12 14:00:00,3703.096525201655,3616.078189302484,3362.7830524007304
forecast_5367,2025-08-12 15:00:00,3705.3227734545726,3621.3874338385294,3363.562107340403
forecast_5368,2025-08-12 16:00:00,3706.2944675837534,3628.98222706209,3364.592373590362
forecast_5369,2025-08-12 17:00:00,3714.609293095373,3631.54699311126,3366.611733131078
forecast_5370,2025-08-12 18:00:00,3737.453388270426,3664.938223461852,3367.362132111052
forecast_5371,2025-08-12 19:00:00,3768.611652631109,3723.4223632165726,3387.627891237506
forecast_5372,2025-08-12 20:00:00,3829.981913314589,3759.234071437767,3373.243690128966
forecast_5373,2025-08-12 21:00:00,3928.701641848609,3816.7406975713616,3373.468062916861
forecast_5374,2025-08-12 22:00:00,4065.7731755070704,3913.336688046626,3414.3382744888413
forecast_5375,2025-08-12 23:00:00,4026.151322132037,4001.722814799952,3414.228597345099
forecast_5376,2025-08-13 00:00:00,4495.818960488555,4129.232565434046,3513.9662166156904
forecast_5377,2025-08-13 01:00:00,3792.0569364101257,3831.2270718652862,3581.5663420496467
forecast_5378,2025-08-13 02:00:00,4154.950093847718,4088.32648569728,3649.651810450465
forecast_5379,2025-08-13 03:00:00,4499.087517212564,4368.5933446007375,3699.435035055426
forecast_5380,2025-08-13 04:00:00,5193.590256698621,4474.559179719528,3724.435104406941
forecast_5381,2025-08-13 05:00:00,5166.854303722259,4454.033420897905,3473.175237138454
forecast_5382,2025-08-13 06:00:00,5720.8868945508775,5413.740293695319,3561.6489847603034
forecast_5383,2025-08-13 07:00:00,6160.99420887866,5961.533039761362,3778.0166321184543
forecast_5384,2025-08-13 08:00:00,6418.085074057766,6863.379890960634,4161.227206301006
forecast_5385,2025-08-13 09:00:00,6778.381109437203,7726.517681688312,5009.34821629706
forecast_5386,2025-08-13 10:00:00,7660.251684344895,8406.041526192586,5535.378274613797
forecast_5387,2025-08-13 11:00:00,7008.035246678392,7778.941151222726,5341.545894904406
forecast_5388,2025-08-13 12:00:00,6058.778667470472,7120.2550065207,5101.991980227019
forecast_5389,2025-08-13 13:00:00,6006.993998232222,7056.93326774965,4800.660811252981
forecast_5390,2025-08-13 14:00:00,6432.624894871664,7224.279973905312,5767.263776394051
forecast_5391,2025-08-13 15:00:00,7264.650313004248,8141.112166452151,6959.873557534027
forecast_5392,2025-08-13 16:00:00,8064.29154352871,9555.888095756383,8498.57292166407
forecast_5393,2025-08-13 17:00:00,8706.344182703768,10753.272679505297,10393.449548547618
forecast_5394,2025-08-13 18:00:00,9735.104797103926,12332.84108399454,12381.54981293919
forecast_5395,2025-08-13 19:00:00,11770.448850538613,14185.23950562135,13487.58727157315
forecast_5396,2025-08-13 20:00:00,13283.367947538409,15293.887225990671,15517.363145355865
forecast_5397,2025-08-13 21:00:00,14550.037120091183,16425.396701495392,17256.401679570947
forecast_5398,2025-08-13 22:00:00,15748.421712509096,17536.37786557846,17960.24183823201
forecast_5399,2025-08-13 23:00:00,16494.900163333168,17798.585688822655,18427.0323867917
forecast_5400,2025-08-14 00:00:00,16581.837589266197,17908.49655458284,18581.59844390742
forecast_5401,2025-08-14 01:00:00,17087.735087705958,18204.092241302573,18533.14745386996
forecast_5402,2025-08-14 02:00:00,17086.42927013021,18176.21161040773,18612.320905773897
forecast_5403,2025-08-14 03:00:00,16531.522768108025,18011.054510191636,18467.63052185179
forecast_5404,2025-08-14 04:00:00,16383.88196592921,17668.707279959082,17903.713333150125
forecast_5405,2025-08-14 05:00:00,15970.219868511169,17191.006940901996,17097.522642467728
forecast_5406,2025-08-14 06:00:00,15156.684469609172,16845.158082137845,16604.577664707747
forecast_5407,2025-08-14 07:00:00,13234.57077736347,15641.205670148873,15230.771408860675
forecast_5408,2025-08-14 08:00:00,12942.82512251137,15370.911830774874,15075.931082401274
forecast_5409,2025-08-14 09:00:00,13960.91702388838,14907.60025462658,14467.277745472778
forecast_5410,2025-08-14 10:00:00,12835.421559890226,13044.738278413011,13626.280348080922
forecast_5411,2025-08-14 11:00:00,10536.961023428155,11074.887898915307,12774.819694874155
forecast_5412,2025-08-14 12:00:00,9824.370363557044,9810.625502106242,11876.1764950346
forecast_5413,2025-08-14 13:00:00,10159.579598338376,10186.731733064627,11088.286869666052
forecast_5414,2025-08-14 14:00:00,10716.034833162348,10861.188401844933,11713.53437951308
forecast_5415,2025-08-14 15:00:00,10278.161918385287,10376.922496230238,10897.93092909955
forecast_5416,2025-08-14 16:00:00,10518.18977186644,11516.855534757944,10619.423471051192
forecast_5417,2025-08-14 17:00:00,10811.096242780914,11677.418360209544,11021.442228170466
forecast_5418,2025-08-14 18:00:00,10894.220198366336,12042.248073949318,11232.947786449558
forecast_5419,2025-08-14 19:00:00,11172.731330172526,12884.948662430788,11362.09285843421
forecast_5420,2025-08-14 20:00:00,12277.260124055196,13706.427679408058,11809.193029469305
forecast_5421,2025-08-14 21:00:00,12934.706952960654,14216.42468321908,11940.916462354073
forecast_5422,2025-08-14 22:00:00,13924.175169124584,14828.322341291108,11480.37917738341
forecast_5423,2025-08-14 23:00:00,14283.466659650288,14474.355629352833,11113.534284500403
forecast_5424,2025-08-15 00:00:00,14045.26906938425,14108.010339051509,12239.894450497864
forecast_5425,2025-08-15 01:00:00,13447.746381785306,12893.913669334055,9982.431376986917
forecast_5426,2025-08-15 02:00:00,12127.030302372006,11681.613533454862,9517.788911777012
forecast_5427,2025-08-15 03:00:00,11502.993362754623,10607.574015151882,9300.627979178984
forecast_5428,2025-08-15 04:00:00,10682.034844184103,9705.62954860922,8548.51646792713
forecast_5429,2025-08-15 05:00:00,8560.049098060581,7725.955768812979,7482.607440505184
forecast_5430,2025-08-15 06:00:00,7088.738985352755,6123.434869087091,5960.8271063416605
forecast_5431,2025-08-15 07:00:00,4708.570970412723,4219.373048940369,3605.5809302126727
forecast_5432,2025-08-15 08:00:00,4014.5896846493215,4005.933085150468,3510.412874153209
forecast_5433,2025-08-15 09:00:00,3894.632148487999,3777.9716575019497,3385.161723381961
forecast_5434,2025-08-15 10:00:00,3798.255574024116,3679.7084664474896,3374.125974701394
forecast_5435,2025-08-15 11:00:00,3763.444023591321,3648.141886110098,3370.5050434530062
forecast_5436,2025-08-15 12:00:00,3752.679199197533,3649.004623145689,3370.674350416352
forecast_5437,2025-08-15 13:00:00,3767.792447775989,3656.61446682323,3374.945124120655
forecast_5438,2025-08-15 14:00:00,3752.6872738204047,3647.975505099933,3369.0599725397205
forecast_5439,2025-08-15 15:00:00,3770.81365899258,3706.4849246714994,3366.6562170048705
forecast_5440,2025-08-15 16:00:00,3828.9428701156494,3713.833887498458,3394.6794356586065
forecast_5441,2025-08-15 17:00:00,3839.4770095549934,3701.4675184704897,3379.401291195408
forecast_5442,2025-08-15 18:00:00,3845.054595608376,3723.334042962669,3373.4476001535363
forecast_5443,2025-08-15 19:00:00,3984.37592247505,3821.96694815608,3396.5236746383457
forecast_5444,2025-08-15 20:00:00,3746.953263072353,3301.705488103287,3585.8485836529217
forecast_5445,2025-08-15 21:00:00,4790.123663436923,4270.222040339078,3728.163422051975
forecast_5446,2025-08-15 22:00:00,6566.577035935879,6168.559900900202,4334.538344870621
forecast_5447,2025-08-15 23:00:00,7404.568609370262,7499.963206952322,4948.183912030255
forecast_5448,2025-08-16 00:00:00,8505.354766215412,9103.636422744858,6546.45857536408
forecast_5449,2025-08-16 01:00:00,10031.112647719376,10082.444660120462,7680.004986255679
forecast_5450,2025-08-16 02:00:00,10827.159406498566,11285.167232154938,8796.967017315448
forecast_5451,2025-08-16 03:00:00,11005.668031267294,11537.769074003265,9024.627252115915
forecast_5452,2025-08-16 04:00:00,10581.48441213107,11307.019004808591,8950.85230451949
forecast_5453,2025-08-16 05:00:00,10389.20007059789,11102.974616093536,8763.304860754346
forecast_5454,2025-08-16 06:00:00,9616.093375948967,10243.161023734105,6641.122568333605
forecast_5455,2025-08-16 07:00:00,8550.307204230694,9379.207396687963,5665.852261903705
forecast_5456,2025-08-16 08:00:00,8356.071031640311,8471.704366269074,5257.581045898041
forecast_5457,2025-08-16 09:00:00,7836.109200116155,7554.005640427682,5075.962005736809
forecast_5458,2025-08-16 10:00:00,7071.430226169797,6027.8170310134055,4641.177258991091
forecast_5459,2025-08-16 11:00:00,6437.573761915537,5637.219628952483,4430.385525331958
forecast_5460,2025-08-16 12:00:00,6337.179098354844,5579.204625157549,4525.534463934405
forecast_5461,2025-08-16 13:00:00,6766.308647066254,6067.034606703872,4643.793686259215
forecast_5462,2025-08-16 14:00:00,8215.960182592113,7300.838653410923,5809.08438590848
forecast_5463,2025-08-16 15:00:00,9649.614705681752,8327.30340927976,8234.050755012171
forecast_5464,2025-08-16 16:00:00,9839.52207262726,8605.387503162448,8950.78284276179
forecast_5465,2025-08-16 17:00:00,10750.343227182742,10126.16066118198,10530.401876798109
forecast_5466,2025-08-16 18:00:00,11734.605753045606,11461.67471034804,11967.880117610312
forecast_5467,2025-08-16 19:00:00,14041.49934558357,13480.635775686747,12951.746872502234
forecast_5468,2025-08-16 20:00:00,14706.191038049796,14792.246206589418,13875.352657622334
forecast_5469,2025-08-16 21:00:00,15583.374177478898,15861.492617720573,14694.386317420904
forecast_5470,2025-08-16 22:00:00,16683.133121554336,16767.73678691263,15752.941347993225
forecast_5471,2025-08-16 23:00:00,17443.241533797813,17115.744759226585,15998.95213594113
forecast_5472,2025-08-17 00:00:00,17787.868311732556,17390.59682979217,16135.080451353691
forecast_5473,2025-08-17 01:00:00,17473.20866152049,17437.48945911085,16878.544471030997
forecast_5474,2025-08-17 02:00:00,17882.74031307684,17452.632210224245,16816.145658844554
forecast_5475,2025-08-17 03:00:00,17613.896939638355,17077.86120681102,16391.90508663177
forecast_5476,2025-08-17 04:00:00,17629.196292305827,16492.46963861636,16308.037379658152
forecast_5477,2025-08-17 05:00:00,17786.6698847268,16255.56957584531,15738.263218836522
forecast_5478,2025-08-17 06:00:00,16908.64276813991,15125.979398514142,14662.276295468651
forecast_5479,2025-08-17 07:00:00,15562.84415803622,13965.255549137208,13057.612398745014
forecast_5480,2025-08-17 08:00:00,14680.4820872057,12797.32995566301,10558.651792355053
forecast_5481,2025-08-17 09:00:00,11305.202715528614,10674.913438566067,8586.323844721843
forecast_5482,2025-08-17 10:00:00,8559.375829987564,7477.959745295691,6236.441660924736
forecast_5483,2025-08-17 11:00:00,6214.508541561694,5598.750421409869,5050.537097545383
forecast_5484,2025-08-17 12:00:00,5033.082378035088,4217.590176769334,3545.467130670509
forecast_5485,2025-08-17 13:00:00,4871.772209391936,4192.537493898638,3668.094521787158
forecast_5486,2025-08-17 14:00:00,4224.86090655814,4061.426215924893,3754.2744293120863
forecast_5487,2025-08-17 15:00:00,4077.055664592597,4118.353205055706,3772.753163903847
forecast_5488,2025-08-17 16:00:00,4183.298495503872,3996.0769179466974,3464.899821207722
forecast_5489,2025-08-17 17:00:00,4180.64865639797,4123.034603317947,3746.349939859491
forecast_5490,2025-08-17 18:00:00,4364.260378398189,4037.6561942327858,2906.451914774887
forecast_5491,2025-08-17 19:00:00,5854.793394666634,4939.232304876295,4063.5893480994414
forecast_5492,2025-08-17 20:00:00,6947.888135927196,5809.236738474531,4502.013872225271
forecast_5493,2025-08-17 21:00:00,7453.762743081042,6563.985213725509,4650.342188126978
forecast_5494,2025-08-17 22:00:00,7529.952152983441,7450.709621539873,4861.524354287487
forecast_5495,2025-08-17 23:00:00,6644.345212805667,7127.553600606793,5098.518298754187
forecast_5496,2025-08-18 00:00:00,7506.462068544051,8224.288209368471,5517.8930241715925
forecast_5497,2025-08-18 01:00:00,8933.244112024666,8948.802676035417,6571.511143123181
forecast_5498,2025-08-18 02:00:00,9003.127845164543,8809.025705582024,5656.507880712208
forecast_5499,2025-08-18 03:00:00,10346.09692707072,10193.195675983898,7090.679513125884
forecast_5500,2025-08-18 04:00:00,9625.546028161558,9216.201705639854,5883.62069445295
forecast_5501,2025-08-18 05:00:00,10750.51253491033,10333.1205435498,7220.906223168281
forecast_5502,2025-08-18 06:00:00,9851.314600306348,9906.283494932512,6478.617091371224
forecast_5503,2025-08-18 07:00:00,9082.55782373982,9104.32365638938,6144.814411060092
forecast_5504,2025-08-18 08:00:00,8525.720872607815,8928.022301711846,5607.516899735811
forecast_5505,2025-08-18 09:00:00,7086.308541291338,7832.029736431876,4798.141017610179
forecast_5506,2025-08-18 10:00:00,6068.848820041826,6331.679121026792,5839.006390789403
forecast_5507,2025-08-18 11:00:00,6026.67070437419,6597.514852575106,5897.101325351056
forecast_5508,2025-08-18 12:00:00,5170.4341480632975,5275.317396352469,5681.515594755015
forecast_5509,2025-08-18 13:00:00,4526.236763212416,4367.576326877202,4712.284980626676
forecast_5510,2025-08-18 14:00:00,4944.922519864972,4619.281987385876,4805.18657741455
forecast_5511,2025-08-18 15:00:00,5816.031052036487,5503.712795928933,7006.305053473958
forecast_5512,2025-08-18 16:00:00,7026.995002248968,6952.412788661702,8289.945500814438
forecast_5513,2025-08-18 17:00:00,8798.586726630936,8744.749764001786,9172.317753901263
forecast_5514,2025-08-18 18:00:00,8903.953773351832,9173.861306139272,8187.675695701293
forecast_5515,2025-08-18 19:00:00,10306.0225467814,10697.497663363463,9440.147203309349
forecast_5516,2025-08-18 20:00:00,11715.821336551106,11926.955737103815,11442.656961387667
forecast_5517,2025-08-18 21:00:00,11909.861362193553,13048.38718963665,11758.292448123362
forecast_5518,2025-08-18 22:00:00,14350.015089168628,15301.123735362682,12071.593385032114
forecast_5519,2025-08-18 23:00:00,14520.093568601302,15560.58054411706,11654.218193593526
forecast_5520,2025-08-19 00:00:00,15436.246434951683,16344.757786358628,13110.883648620927
forecast_5521,2025-08-19 01:00:00,14796.510711117891,16055.00716790202,14251.514098693444
forecast_5522,2025-08-19 02:00:00,14813.41683832631,16162.698820243466,14670.904650062455
forecast_5523,2025-08-19 03:00:00,14453.928444852996,15942.916605829709,14805.05907919649
forecast_5524,2025-08-19 04:00:00,14653.446943344125,16204.42559334605,14981.202334406064
forecast_5525,2025-08-19 05:00:00,15121.5286080616,16453.360099951682,15038.786095136422
forecast_5526,2025-08-19 06:00:00,15318.291033362975,16332.886972089567,14605.822133226313
forecast_5527,2025-08-19 07:00:00,14508.83996393584,15879.334479575182,13975.85363130217
forecast_5528,2025-08-19 08:00:00,14697.193109041204,15874.904559026225,13433.66999643298
forecast_5529,2025-08-19 09:00:00,14405.495765699896,15452.641061680552,12851.465925974617
forecast_5530,2025-08-19 10:00:00,12835.11140144142,14090.036358954963,11859.222233781142
forecast_5531,2025-08-19 11:00:00,12257.721721603548,13353.244645640882,11433.048011904724
forecast_5532,2025-08-19 12:00:00,11082.86095758632,11736.212847862982,10900.230256942346
forecast_5533,2025-08-19 13:00:00,10642.018429079564,11213.129406450194,10015.416450751716
forecast_5534,2025-08-19 14:00:00,10371.170364071835,10736.174423872531,9729.009726190194
forecast_5535,2025-08-19 15:00:00,10847.543194211756,10808.465501970091,10040.540144606455
forecast_5536,2025-08-19 16:00:00,10885.471190475491,10908.682019636688,10573.427050666374
forecast_5537,2025-08-19 17:00:00,11221.759301454596,11237.732741324517,12089.49615669453
forecast_5538,2025-08-19 18:00:00,12239.930251464686,13033.762810584802,12324.718629800327
forecast_5539,2025-08-19 19:00:00,13365.37506337817,14432.54591946036,12495.918557823112
forecast_5540,2025-08-19 20:00:00,14711.589631116112,15731.672682543329,13821.008175507985
forecast_5541,2025-08-19 21:00:00,15480.302511503009,16204.02430349834,14674.106745272868
forecast_5542,2025-08-19 22:00:00,16545.859024389873,16894.506884963663,15950.078776523476
forecast_5543,2025-08-19 23:00:00,16135.408764728516,16781.065637939184,15664.346986106277
forecast_5544,2025-08-20 00:00:00,16787.975102849516,17088.767855401584,17310.497273443347
forecast_5545,2025-08-20 01:00:00,17182.544846476707,17600.898968025434,17588.171211029457
forecast_5546,2025-08-20 02:00:00,16997.432740163287,17606.418316596744,17771.907932485097
forecast_5547,2025-08-20 03:00:00,17002.666594840335,17509.697177736416,17465.649395153006
forecast_5548,2025-08-20 04:00:00,16775.188983344295,17312.651574330277,17253.3547640613
forecast_5549,2025-08-20 05:00:00,16279.805830053168,17018.194864876765,16713.77533856456
forecast_5550,2025-08-20 06:00:00,16582.059069029456,16573.81294998194,15234.021203145834
forecast_5551,2025-08-20 07:00:00,14872.856917804833,15005.928674500652,14130.392477829517
forecast_5552,2025-08-20 08:00:00,14301.129667851616,14164.420816949854,12713.680290295291
forecast_5553,2025-08-20 09:00:00,11480.703931729073,11959.494187995548,10950.701001980911
forecast_5554,2025-08-20 10:00:00,9751.54069472141,9385.989850010516,7873.434572551542
forecast_5555,2025-08-20 11:00:00,7844.223833548831,7046.294385455944,5910.321926748107
forecast_5556,2025-08-20 12:00:00,6313.627268727605,5956.669981607254,5738.752868165004
forecast_5557,2025-08-20 13:00:00,5309.415747681253,5173.328813597965,4988.0663969713705
forecast_5558,2025-08-20 14:00:00,4785.03116806371,4798.689526420454,5108.462073467489
forecast_5559,2025-08-20 15:00:00,4728.60523224061,4347.5500383878025,3743.478164080605
forecast_5560,2025-08-20 16:00:00,4639.809652538662,4155.2981118961225,4238.292923569467
forecast_5561,2025-08-20 17:00:00,4472.645190974567,4247.801329925725,5417.005397850502
forecast_5562,2025-08-20 18:00:00,4489.398945872099,4158.822926321639,3776.970165134293
forecast_5563,2025-08-20 19:00:00,5263.441317186654,5069.8523164519165,3745.9529938536407
forecast_5564,2025-08-20 20:00:00,6470.052440165333,6394.531436940785,5323.473062056429
forecast_5565,2025-08-20 21:00:00,7239.155288679354,7582.622392356855,4733.260691885732
forecast_5566,2025-08-20 22:00:00,8782.188439799067,9592.927533999671,6142.81132063351
forecast_5567,2025-08-20 23:00:00,10336.422137985524,10880.06757428228,7374.555736362623
forecast_5568,2025-08-21 00:00:00,11187.724671175229,11825.153932530471,9183.47605426003
forecast_5569,2025-08-21 01:00:00,12072.509729824258,12557.2242823762,9421.492793099906
forecast_5570,2025-08-21 02:00:00,13196.243120994774,13273.158485265818,11391.43598771718
forecast_5571,2025-08-21 03:00:00,13360.637472939094,12982.163324567337,12263.419159542227
forecast_5572,2025-08-21 04:00:00,13198.733193070151,12433.586732775244,11261.84849778145
forecast_5573,2025-08-21 05:00:00,13335.15451651272,11871.287140583669,10332.98165455897
forecast_5574,2025-08-21 06:00:00,9724.05704714936,8801.232773964668,6693.453444552035
forecast_5575,2025-08-21 07:00:00,7491.450753156126,6018.847852963879,5365.191179234719
forecast_5576,2025-08-21 08:00:00,3888.7131107893183,4078.9804130989655,3719.470872236925
forecast_5577,2025-08-21 09:00:00,3929.9276197493086,3800.424810855904,3408.909426378114
forecast_5578,2025-08-21 10:00:00,3803.498443911255,3671.08380102718,3383.2670522262274
forecast_5579,2025-08-21 11:00:00,3746.152729870891,3653.906458053916,3371.0944354674457
forecast_5580,2025-08-21 12:00:00,3724.5675279318298,3632.911775338162,3374.389614581067
forecast_5581,2025-08-21 13:00:00,3722.946955901188,3632.1131473268592,3368.029038402009
forecast_5582,2025-08-21 14:00:00,3712.0512306061446,3624.576688486125,3365.2587753791854
forecast_5583,2025-08-21 15:00:00,3703.5288037695495,3616.906266705957,3364.8737261934552
forecast_5584,2025-08-21 16:00:00,3707.422106163088,3619.699706631821,3363.136777473649
forecast_5585,2025-08-21 17:00:00,3715.055178830488,3627.570099931864,3362.321240798948
forecast_5586,2025-08-21 18:00:00,3735.485930276105,3643.297767016032,3369.856606994892
forecast_5587,2025-08-21 19:00:00,3946.569394171508,3703.9056810384063,3408.4006252288827
forecast_5588,2025-08-21 20:00:00,3792.2725526315694,3666.3868867748097,3414.0176630572887
forecast_5589,2025-08-21 21:00:00,3825.8068650646583,3708.8890428188342,3397.523351336503
forecast_5590,2025-08-21 22:00:00,3912.7737123231673,3763.4027216202985,3422.4902327436093
forecast_5591,2025-08-21 23:00:00,3549.522478168693,3760.881801149287,3475.1055871588483
forecast_5592,2025-08-22 00:00:00,4071.816475940309,3994.088732689616,3550.542930173506
forecast_5593,2025-08-22 01:00:00,4090.908260016686,4265.455865160474,3750.5407389160696
forecast_5594,2025-08-22 02:00:00,5349.754977105157,5364.644427765581,3982.660199060856
forecast_5595,2025-08-22 03:00:00,6493.624066611766,6209.07328732501,4266.2498795772735
forecast_5596,2025-08-22 04:00:00,7886.42727894152,7193.041355902289,4733.513963761276
forecast_5597,2025-08-22 05:00:00,9027.98361786163,8211.169743498607,5607.560416446175
forecast_5598,2025-08-22 06:00:00,10100.571623779588,9304.727054055647,5767.85408734557
forecast_5599,2025-08-22 07:00:00,9718.869652512774,8981.81141510766,5380.4784256279445
forecast_5600,2025-08-22 08:00:00,9078.878052494309,8133.046653072848,5047.275411199427
forecast_5601,2025-08-22 09:00:00,7179.596521824017,6402.062548184267,3760.065090000276
forecast_5602,2025-08-22 10:00:00,4841.429168291646,4034.028454472313,3559.6217205470643
forecast_5603,2025-08-22 11:00:00,3535.232754315051,3226.470202281267,3297.3865161591198
forecast_5604,2025-08-22 12:00:00,4023.7995798448246,3916.424910637852,3594.6488763438324
forecast_5605,2025-08-22 13:00:00,4011.772891722989,3959.640734764597,3530.519094081729
forecast_5606,2025-08-22 14:00:00,3483.243485955655,3979.81664154592,3659.2859998631848
forecast_5607,2025-08-22 15:00:00,3342.5600668553807,3380.8266952085955,3715.732318235309
forecast_5608,2025-08-22 16:00:00,3863.138569946832,4027.2533939972295,4099.481676055485
forecast_5609,2025-08-22 17:00:00,4673.352244488985,5202.677454511525,4466.524951252685
forecast_5610,2025-08-22 18:00:00,5682.679281927762,6063.598840032973,4307.41849363063
forecast_5611,2025-08-22 19:00:00,7995.883818200682,7862.280115228573,5353.821533714049
forecast_5612,2025-08-22 20:00:00,9676.026975644165,9211.65364993718,6718.219387044524
forecast_5613,2025-08-22 21:00:00,11095.233583792697,11044.525867144004,7854.411180020208
forecast_5614,2025-08-22 22:00:00,13172.476957982975,13212.99573204457,10030.7471642897
forecast_5615,2025-08-22 23:00:00,14268.471140641568,14034.457600980695,10333.412597607665
forecast_5616,2025-08-23 00:00:00,14741.499715237558,14359.78938474498,11450.571353613468
forecast_5617,2025-08-23 01:00:00,14868.35306173676,14250.588642645997,11257.677551980716
forecast_5618,2025-08-23 02:00:00,14626.617692345,13763.202736863745,11201.523676492803
forecast_5619,2025-08-23 03:00:00,13994.14170748436,12868.304507628434,9804.9642305298
forecast_5620,2025-08-23 04:00:00,12625.649152852277,11351.36658418706,9000.799044615298
forecast_5621,2025-08-23 05:00:00,11118.68319189908,9372.897174256,8204.468016419913
forecast_5622,2025-08-23 06:00:00,8182.067687124622,6572.374643304857,5606.76287261523
forecast_5623,2025-08-23 07:00:00,5378.085916077739,4552.08723294179,4333.965496126516
forecast_5624,2025-08-23 08:00:00,3932.377132925442,4050.4446638832874,3580.1439579863168
forecast_5625,2025-08-23 09:00:00,3895.727791738442,3767.081275445228,3392.63767547945
forecast_5626,2025-08-23 10:00:00,3761.97693714565,3668.951274683128,3375.161643642239
forecast_5627,2025-08-23 11:00:00,3713.88612798408,3636.2253856806246,3366.462614140031
forecast_5628,2025-08-23 12:00:00,3704.5226597645096,3615.366603190528,3361.693349547972
forecast_5629,2025-08-23 13:00:00,3703.475352715874,3620.0997576690856,3361.5938231398945
forecast_5630,2025-08-23 14:00:00,3704.471684921224,3618.770406739424,3361.2091489439545
forecast_5631,2025-08-23 15:00:00,3703.3713774674047,3616.432995035972,3361.3735895875443
forecast_5632,2025-08-23 16:00:00,3708.7644373525095,3628.926457811089,3361.2612588259285
forecast_5633,2025-08-23 17:00:00,3708.129683500349,3620.4797062727534,3361.7980820546777
forecast_5634,2025-08-23 18:00:00,3729.151984608886,3659.317138050467,3365.889920361014
forecast_5635,2025-08-23 19:00:00,3775.3133547291914,3695.505094649517,3365.684588094641
forecast_5636,2025-08-23 20:00:00,3814.840055769545,3769.265039201509,3365.796742524935
forecast_5637,2025-08-23 21:00:00,3976.2371083428898,3905.8357896609054,3366.963321546435
forecast_5638,2025-08-23 22:00:00,3444.4726178386736,3959.398249236935,3385.7946600812443
forecast_5639,2025-08-23 23:00:00,3612.783975190648,3984.086775027472,3442.267177655169
forecast_5640,2025-08-24 00:00:00,3550.569101919053,3950.414653525912,3477.7044636009828
forecast_5641,2025-08-24 01:00:00,4096.08202874254,4052.5234837384505,3399.8816478418967
forecast_5642,2025-08-24 02:00:00,4010.5743453996,3949.520641872336,3397.682260289387
forecast_5643,2025-08-24 03:00:00,3903.737582115378,3881.765519825223,3388.761238912207
forecast_5644,2025-08-24 04:00:00,3940.913448125967,3903.945403137231,3385.144712965357
forecast_5645,2025-08-24 05:00:00,3828.90795065658,3846.24550749846,3364.632954476191
forecast_5646,2025-08-24 06:00:00,3774.399334718887,3735.9689763425968,3364.5154187199973
forecast_5647,2025-08-24 07:00:00,3723.113187974249,3675.761460024157,3366.522817261216
forecast_5648,2025-08-24 08:00:00,3737.4476183254737,3686.817513845901,3366.4947075462824
forecast_5649,2025-08-24 09:00:00,3722.985735080321,3628.976546474137,3367.084462635668
forecast_5650,2025-08-24 10:00:00,3709.8262388616927,3624.70745894012,3364.633195151874
forecast_5651,2025-08-24 11:00:00,3707.929197016441,3621.456096385517,3362.606355461553
forecast_5652,2025-08-24 12:00:00,3706.925016950269,3619.218921554285,3361.352426355884
forecast_5653,2025-08-24 13:00:00,3721.1627210459674,3634.039695457704,3363.886292681384
forecast_5654,2025-08-24 14:00:00,3748.9025219091022,3664.195489230138,3367.131184456161
forecast_5655,2025-08-24 15:00:00,3822.380114309397,3725.304936868468,3372.5690214569768
forecast_5656,2025-08-24 16:00:00,3861.711818929884,3857.931467204995,3469.3041283688985
forecast_5657,2025-08-24 17:00:00,3823.830610452067,3888.475711673309,3449.115895945936
forecast_5658,2025-08-24 18:00:00,4003.2924879354855,3997.409693504344,3489.997841347272
forecast_5659,2025-08-24 19:00:00,4098.282559580724,4016.7509394159374,3593.8826588622837
forecast_5660,2025-08-24 20:00:00,3950.015402525325,3917.9647679094064,3412.571228185137
forecast_5661,2025-08-24 21:00:00,4002.6526985580554,3959.105320246685,3468.788569880336
forecast_5662,2025-08-24 22:00:00,3985.5143900864814,3841.873515437034,3436.471561002158
forecast_5663,2025-08-24 23:00:00,4047.937644293414,3893.834896522368,3485.585516466232
forecast_5664,2025-08-25 00:00:00,3446.1743873755545,3812.144874176287,3517.8060598918923
forecast_5665,2025-08-25 01:00:00,4068.164338233387,3898.5694122032296,3534.769750962581
forecast_5666,2025-08-25 02:00:00,3781.729747556308,3936.530268180706,3581.476727455634
forecast_5667,2025-08-25 03:00:00,4024.6020520243287,3727.3779080205823,3622.121865408265
forecast_5668,2025-08-25 04:00:00,4030.0556216372006,3888.547477843627,3635.965389880764
forecast_5669,2025-08-25 05:00:00,3843.746348139888,3688.445427221444,3682.387914602008
forecast_5670,2025-08-25 06:00:00,3927.896367027319,3724.6323216749256,3413.155737918954
forecast_5671,2025-08-25 07:00:00,3893.688273230716,3656.132401602997,3592.806709331816
forecast_5672,2025-08-25 08:00:00,4103.625312717823,4051.759133173554,3436.2455732588205
forecast_5673,2025-08-25 09:00:00,3914.0583785236,3881.564860744501,3373.578816803556
forecast_5674,2025-08-25 10:00:00,3746.904974408108,3700.472016196488,3364.6069266870727
forecast_5675,2025-08-25 11:00:00,3748.306860339544,3706.120899695892,3368.7657076341875
forecast_5676,2025-08-25 12:00:00,3778.4009432347416,3744.402866737048,3389.84205479456
forecast_5677,2025-08-25 13:00:00,3753.574939157797,3687.043740019883,3384.231391300988
forecast_5678,2025-08-25 14:00:00,3816.1619087782087,3743.891380580468,3414.840199428709
forecast_5679,2025-08-25 15:00:00,3921.5130201396328,3869.982799270544,3436.1229736687974
forecast_5680,2025-08-25 16:00:00,3824.681283559517,3183.039534671856,3582.07644186767
forecast_5681,2025-08-25 17:00:00,3912.180305851935,3673.4202336669846,3528.732713736509
forecast_5682,2025-08-25 18:00:00,5270.846646208956,5554.527129899142,4009.3593266402554
forecast_5683,2025-08-25 19:00:00,7327.905759109749,7806.675400818082,4434.5695377457
forecast_5684,2025-08-25 20:00:00,9365.241845590415,10146.952891674528,6221.5372798703975
forecast_5685,2025-08-25 21:00:00,10568.082563380683,11692.691169985892,7977.697428363136
forecast_5686,2025-08-25 22:00:00,12635.634843617692,13861.73877212677,10227.808831743554
forecast_5687,2025-08-25 23:00:00,13250.017628710051,14843.227541626007,11313.561510660702
forecast_5688,2025-08-26 00:00:00,13401.579565231708,15428.578940775007,13466.611142361024
forecast_5689,2025-08-26 01:00:00,14334.954410862842,15933.970814687638,15087.310964355993
forecast_5690,2025-08-26 02:00:00,14474.24205513014,16144.90338470252,15691.961498955134
forecast_5691,2025-08-26 03:00:00,14264.6031760616,16162.50036046139,15912.761519122096
forecast_5692,2025-08-26 04:00:00,14490.071134850266,16173.436047829578,16125.13868889802
forecast_5693,2025-08-26 05:00:00,14499.090789648735,16123.341201710911,16073.443508217875
forecast_5694,2025-08-26 06:00:00,14135.222513186633,16097.62558602785,15776.93695967724
forecast_5695,2025-08-26 07:00:00,13730.611647940012,15777.359881960663,15647.971542120937
forecast_5696,2025-08-26 08:00:00,12312.464139487589,15332.15261311114,15301.962285095373
forecast_5697,2025-08-26 09:00:00,11997.15741874816,14942.25045874075,15137.36484557628
forecast_5698,2025-08-26 10:00:00,11434.316760579071,14214.881705982869,14621.04343797494
forecast_5699,2025-08-26 11:00:00,11801.775566305389,14070.685550891483,14134.709527222009
forecast_5700,2025-08-26 12:00:00,11777.80198910816,13714.737283879049,13572.735320384389
forecast_5701,2025-08-26 13:00:00,11564.712770983448,12986.18164465865,12990.596907487246
forecast_5702,2025-08-26 14:00:00,11942.876942815366,12610.193810310644,12105.366901576304
forecast_5703,2025-08-26 15:00:00,12239.38387005639,12535.123739190509,11081.580851952624
forecast_5704,2025-08-26 16:00:00,11894.285355143023,11864.318173039272,13304.96713022586
forecast_5705,2025-08-26 17:00:00,11455.487284129387,11159.326764614758,12457.309816849764
forecast_5706,2025-08-26 18:00:00,10541.5287331767,10429.28396135734,11333.77688384571
forecast_5707,2025-08-26 19:00:00,9737.007712946212,9739.193235898932,9980.967912002734
forecast_5708,2025-08-26 20:00:00,8987.666599628896,9147.340322206212,8953.051422555587
forecast_5709,2025-08-26 21:00:00,9579.755550121758,9678.661781404848,8629.06020373679
forecast_5710,2025-08-26 22:00:00,10481.413149680926,10634.19475215776,9494.22925660428
forecast_5711,2025-08-26 23:00:00,10177.567610951057,10254.76130911055,8362.488606160114
forecast_5712,2025-08-27 00:00:00,9382.562908340482,9066.6791940512,7354.143796700418
forecast_5713,2025-08-27 01:00:00,7475.689301776012,7938.241410835106,6969.6053450309455
forecast_5714,2025-08-27 02:00:00,6499.125565543347,5927.6113717275775,5784.141043869104
forecast_5715,2025-08-27 03:00:00,4821.390641447616,4183.722851989349,3695.941773836968
forecast_5716,2025-08-27 04:00:00,3979.287406189202,3988.835013948918,3500.360620364957
forecast_5717,2025-08-27 05:00:00,3185.62964639703,3741.123096452235,3471.392380631934
forecast_5718,2025-08-27 06:00:00,3961.669025889504,3767.3602353990927,3392.356807568506
forecast_5719,2025-08-27 07:00:00,3749.87214700173,3678.38690496898,3365.3742311380965
forecast_5720,2025-08-27 08:00:00,3720.0133539070766,3646.7653404273615,3364.0158368081047
forecast_5721,2025-08-27 09:00:00,3707.5248438440576,3627.3217884315086,3361.22482730089
forecast_5722,2025-08-27 10:00:00,3710.4767636000192,3621.771366376079,3361.163322734932
forecast_5723,2025-08-27 11:00:00,3707.637081424864,3616.5709812782447,3360.9473940479224
forecast_5724,2025-08-27 12:00:00,3706.754498988889,3618.391986906682,3361.683000932084
forecast_5725,2025-08-27 13:00:00,3713.4069445182417,3635.518724636449,3365.384707299061
forecast_5726,2025-08-27 14:00:00,3718.42081499889,3653.136481361483,3365.8118353898853
forecast_5727,2025-08-27 15:00:00,3716.767070725961,3645.755638197111,3364.747538467282
forecast_5728,2025-08-27 16:00:00,3710.822413543475,3632.69729640988,3369.694810201429
forecast_5729,2025-08-27 17:00:00,3711.07910957186,3626.9459222517353,3367.40970641018
forecast_5730,2025-08-27 18:00:00,3711.924031783493,3625.981660212598,3368.393850393108
forecast_5731,2025-08-27 19:00:00,3716.257481337093,3628.290735282309,3367.7305023005742
forecast_5732,2025-08-27 20:00:00,3718.300699196841,3637.403769763389,3371.3929024381846
forecast_5733,2025-08-27 21:00:00,3715.581017634989,3636.147624149375,3368.7334190742527
forecast_5734,2025-08-27 22:00:00,3734.705662107247,3646.83732624826,3368.896438661763
forecast_5735,2025-08-27 23:00:00,3767.2822931096384,3687.8284320522303,3367.039950700296
forecast_5736,2025-08-28 00:00:00,3771.7989591340975,3684.808143463021,3369.1770163048955
forecast_5737,2025-08-28 01:00:00,3872.2478699736175,3763.0579392055097,3389.1435707469186
forecast_5738,2025-08-28 02:00:00,4061.228084133256,3831.4939127393336,3426.903309633357
forecast_5739,2025-08-28 03:00:00,3527.4205737685443,3810.810339545522,3454.813594351737
forecast_5740,2025-08-28 04:00:00,4096.918755533948,3964.203069470424,3434.840881545863
forecast_5741,2025-08-28 05:00:00,3753.438049428296,4006.130222702672,3512.846013619888
forecast_5742,2025-08-28 06:00:00,3731.809730994257,3924.932256498732,3434.710395264483
forecast_5743,2025-08-28 07:00:00,3761.760272245673,4191.478102344654,3402.9472267799506
forecast_5744,2025-08-28 08:00:00,4038.698296370272,3998.475956883749,3407.0662115184755
forecast_5745,2025-08-28 09:00:00,3982.843315170379,4064.575173069012,3406.280808533348
forecast_5746,2025-08-28 10:00:00,3820.464947556447,3899.09775857924,3438.2812276309137
forecast_5747,2025-08-28 11:00:00,3801.119189530422,3776.3649415172185,3423.2832679681137
forecast_5748,2025-08-28 12:00:00,3921.2661996394095,3811.707876989244,3418.686758359167
forecast_5749,2025-08-28 13:00:00,3891.0129423905946,3851.642832030772,3447.806908060796
forecast_5750,2025-08-28 14:00:00,3947.545750963776,3895.8395514041263,3576.0648294993
forecast_5751,2025-08-28 15:00:00,4020.702713788106,3896.9806122603313,3708.9683849155326
forecast_5752,2025-08-28 16:00:00,3925.04972818692,4017.9830770682497,3466.584314546798
forecast_5753,2025-08-28 17:00:00,4786.652874959049,4960.583585700391,3428.673302483769
forecast_5754,2025-08-28 18:00:00,5867.053813201529,6395.549891869607,4453.241131632373
forecast_5755,2025-08-28 19:00:00,7294.137291322709,8245.517241681844,5463.756338419268
forecast_5756,2025-08-28 20:00:00,9069.36369494047,10227.974405560512,6541.481804320262
forecast_5757,2025-08-28 21:00:00,10230.118346692265,11867.483713112812,8548.51699632841
forecast_5758,2025-08-28 22:00:00,11809.97872043862,13770.252255430374,11190.49043319601
forecast_5759,2025-08-28 23:00:00,13933.143869851709,15638.522634644833,13710.23829949056
forecast_5760,2025-08-29 00:00:00,14838.512763431034,16701.282637150252,15220.460625270953
forecast_5761,2025-08-29 01:00:00,15709.501152886043,17087.131135091982,16281.684721013266
forecast_5762,2025-08-29 02:00:00,16331.287192311223,17378.226870142815,16830.362320268094
forecast_5763,2025-08-29 03:00:00,15734.365802326549,17417.93402703731,16971.359951217335
forecast_5764,2025-08-29 04:00:00,15924.600128337572,17423.333168574052,17083.441118608174
forecast_5765,2025-08-29 05:00:00,16247.394686296378,17592.70663899853,16902.81209191307
forecast_5766,2025-08-29 06:00:00,16425.908063990573,17576.370265809543,16432.838398286778
forecast_5767,2025-08-29 07:00:00,16012.938331952251,17282.96396617846,15901.614706671107
forecast_5768,2025-08-29 08:00:00,16010.24131922354,17377.505989192217,15129.646374801474
forecast_5769,2025-08-29 09:00:00,15781.171013700668,17176.705467226864,14304.805640175582
forecast_5770,2025-08-29 10:00:00,14998.134484796936,16051.594664627177,13242.100574350969
forecast_5771,2025-08-29 11:00:00,14304.258681911157,14715.845305165629,12407.597859053763
forecast_5772,2025-08-29 12:00:00,13091.64232187414,13178.971824145816,11514.252726037788
forecast_5773,2025-08-29 13:00:00,11780.536352706726,11757.658590287296,10964.153997877713
forecast_5774,2025-08-29 14:00:00,11536.359392668688,11107.74668881686,11008.418929582254
forecast_5775,2025-08-29 15:00:00,11028.38497507348,10818.503685036672,10833.542394495344
forecast_5776,2025-08-29 16:00:00,10999.153848754942,10528.833980881176,10424.43277000271
forecast_5777,2025-08-29 17:00:00,11490.52090109225,10841.858763041326,10665.221497412647
forecast_5778,2025-08-29 18:00:00,11884.560643841134,11255.573999778546,10271.946567878971
forecast_5779,2025-08-29 19:00:00,13249.357760250548,12179.439978202956,11546.46191481064
forecast_5780,2025-08-29 20:00:00,13633.18268207226,13258.131737557767,11783.240985435024
forecast_5781,2025-08-29 21:00:00,14192.609154694446,13306.263893518835,11278.65859446789
forecast_5782,2025-08-29 22:00:00,14369.39294033755,14006.393543748807,12090.822542893304
forecast_5783,2025-08-29 23:00:00,13835.570472855044,13794.531846162154,12340.187517892184
forecast_5784,2025-08-30 00:00:00,13784.298655371473,13774.590334397206,11499.743246707249
forecast_5785,2025-08-30 01:00:00,14508.741845065706,13970.454876795358,11639.480849140557
forecast_5786,2025-08-30 02:00:00,14109.551363729495,13464.557867369727,11117.530433567386
forecast_5787,2025-08-30 03:00:00,13530.82786251721,12688.5071389598,10611.18492832896
forecast_5788,2025-08-30 04:00:00,12929.740395481052,12137.234442542212,9458.436481327672
forecast_5789,2025-08-30 05:00:00,12084.427219433852,11212.434627791092,8134.361945367168
forecast_5790,2025-08-30 06:00:00,10962.34264854397,9943.385637999168,7159.017667163204
forecast_5791,2025-08-30 07:00:00,9009.468552655171,8440.79536428636,6260.890101464717
forecast_5792,2025-08-30 08:00:00,7456.541098230121,6876.389464013137,5175.330415123901
forecast_5793,2025-08-30 09:00:00,4507.588618558239,4638.436962191465,3946.684348683838
forecast_5794,2025-08-30 10:00:00,3609.298595533424,3984.329383410685,3590.9813680895763
forecast_5795,2025-08-30 11:00:00,4040.207422864704,3950.811220963647,3447.880159436473
forecast_5796,2025-08-30 12:00:00,3964.509894719694,3843.130636401968,3503.3608399835016
forecast_5797,2025-08-30 13:00:00,4034.091074954072,3897.955591302101,3481.611187592037
forecast_5798,2025-08-30 14:00:00,3891.7580500938434,3838.6084312565167,3453.646179080742
forecast_5799,2025-08-30 15:00:00,3876.4002178373753,3877.251459349872,3488.8563987514217
forecast_5800,2025-08-30 16:00:00,4001.138515670696,3970.220021677253,3662.001930261773
forecast_5801,2025-08-30 17:00:00,3974.43823161684,3845.582261339166,3497.6576198935013
forecast_5802,2025-08-30 18:00:00,3941.554243906607,3901.993698462101,3483.293121289086
forecast_5803,2025-08-30 19:00:00,3739.265885278001,3884.9063307196175,3536.680976937749
forecast_5804,2025-08-30 20:00:00,4150.445206531964,4093.843772409854,3509.857055337536
forecast_5805,2025-08-30 21:00:00,4201.525181895938,3634.78587727455,3641.6829092408825
forecast_5806,2025-08-30 22:00:00,4861.506415622192,4392.704000222534,3770.02779779616
forecast_5807,2025-08-30 23:00:00,5283.939341110915,4427.8955944172885,3700.405209430033
forecast_5808,2025-08-31 00:00:00,5831.779512785167,4607.574199861474,3760.864647136728
forecast_5809,2025-08-31 01:00:00,5990.460998859082,5555.372444030014,4038.951614333218
forecast_5810,2025-08-31 02:00:00,6225.704555442751,5754.538769826993,4138.697894803601
forecast_5811,2025-08-31 03:00:00,6070.766248899217,5737.030084044483,4149.140294159011
forecast_5812,2025-08-31 04:00:00,5051.786493600071,4804.796627505632,3769.733923790338
forecast_5813,2025-08-31 05:00:00,4371.976302515039,4012.710122555596,3503.610112307352
forecast_5814,2025-08-31 06:00:00,3567.284649058619,3915.912548610709,3388.507868545442
forecast_5815,2025-08-31 07:00:00,3868.755840408578,3825.585012082731,3388.3404149135035
forecast_5816,2025-08-31 08:00:00,3877.496213766807,3828.5968928086577,3372.250456387998
forecast_5817,2025-08-31 09:00:00,3829.5636933895657,3738.900189174103,3370.765860358958
forecast_5818,2025-08-31 10:00:00,3786.467018698142,3708.90160319576,3370.860080015891
forecast_5819,2025-08-31 11:00:00,3799.089318422503,3731.813993317983,3379.0308439147984
forecast_5820,2025-08-31 12:00:00,3747.353329184021,3716.558299839115,3399.885902408348
forecast_5821,2025-08-31 13:00:00,3759.248698420244,3750.714994679774,3456.2525001291683
forecast_5822,2025-08-31 14:00:00,3799.8644482986538,3849.9435261722606,3475.4362858834984
forecast_5823,2025-08-31 15:00:00,3927.8409794135514,3986.899198325012,3631.997779318487
forecast_5824,2025-08-31 16:00:00,4118.440385008662,4156.962920305386,3733.8553839285046
forecast_5825,2025-08-31 17:00:00,4245.323863281068,4156.352698671381,4068.047854856625
forecast_5826,2025-08-31 18:00:00,5362.064919848857,5539.00015824022,4455.887901104133
forecast_5827,2025-08-31 19:00:00,6791.425557373291,7529.216676555536,5619.178157380607
forecast_5828,2025-08-31 20:00:00,7995.383020385533,8992.653947849107,6757.169638599865
forecast_5829,2025-08-31 21:00:00,8179.369895242838,9358.839385571277,7029.443123911451
forecast_5830,2025-08-31 22:00:00,10086.602622792108,11048.56279010725,7533.190439305794
forecast_5831,2025-08-31 23:00:00,10286.559700520143,11570.320999344043,8121.75121295134
forecast_5832,2025-09-01 00:00:00,10369.11516204098,11838.063665865691,8835.040132467499
forecast_5833,2025-09-01 01:00:00,11445.450029246464,12972.75465535251,9773.237627285656
forecast_5834,2025-09-01 02:00:00,11071.459774643128,12620.635628125592,9563.914262949242
forecast_5835,2025-09-01 03:00:00,12218.983818593766,13110.54748233942,10430.437191914025
forecast_5836,2025-09-01 04:00:00,12883.63035150087,13347.107956778294,11497.250600217109
forecast_5837,2025-09-01 05:00:00,13004.8411217111,13236.538786265068,12062.632808991098
forecast_5838,2025-09-01 06:00:00,12165.927436151102,12493.635766415558,11328.584131069752
forecast_5839,2025-09-01 07:00:00,9864.914230588824,11308.792074323292,9720.4715037291
forecast_5840,2025-09-01 08:00:00,8849.732623285112,10141.784223398869,8820.490471092016
forecast_5841,2025-09-01 09:00:00,8162.18338149417,9738.706292846568,8864.24973986814
forecast_5842,2025-09-01 10:00:00,7201.124708248948,8565.200688936937,8118.591695815062
forecast_5843,2025-09-01 11:00:00,6480.702341551494,7549.592748002955,7906.944933722003
forecast_5844,2025-09-01 12:00:00,6535.3888931881365,7986.729089836801,7960.746630422774
forecast_5845,2025-09-01 13:00:00,6527.350347161572,7880.166267112354,7949.244660433035
forecast_5846,2025-09-01 14:00:00,6808.900905845215,7889.563195080851,8433.02913654793
forecast_5847,2025-09-01 15:00:00,7031.087044778896,8282.804450224538,7692.86436635276
forecast_5848,2025-09-01 16:00:00,7221.294000863069,8475.203518506309,8096.622718541269
forecast_5849,2025-09-01 17:00:00,7352.392260740996,8352.708395539252,8002.674893077056
forecast_5850,2025-09-01 18:00:00,7438.184635386158,8310.260633593902,7792.534953396114
forecast_5851,2025-09-01 19:00:00,7349.663828186824,8232.15967881518,7429.559441790365
forecast_5852,2025-09-01 20:00:00,7628.894334598175,7939.935979590174,3694.816110706707
forecast_5853,2025-09-01 21:00:00,7626.205251272263,8237.882504635028,3663.7793007816986
forecast_5854,2025-09-01 22:00:00,8729.77173288822,9637.509023461806,3707.615270489345
forecast_5855,2025-09-01 23:00:00,9995.301673601629,10396.934953828562,6898.931003947376
forecast_5856,2025-09-02 00:00:00,10095.924676008985,10587.628125739328,7699.329288635167
forecast_5857,2025-09-02 01:00:00,11600.239145353577,11792.362589443308,8913.645750247735
forecast_5858,2025-09-02 02:00:00,11161.04114739218,11501.44874196253,8697.768489296615
forecast_5859,2025-09-02 03:00:00,10384.73312451216,10939.121900565968,9010.897603114425
forecast_5860,2025-09-02 04:00:00,9506.47096224759,10114.566467235913,7913.495199666149
forecast_5861,2025-09-02 05:00:00,8455.958450891314,8943.195963858676,7383.008399318143
forecast_5862,2025-09-02 06:00:00,7618.735512214666,8078.0252429651,6512.595341071688
forecast_5863,2025-09-02 07:00:00,5713.178725516743,6480.391468470835,5195.396238987833
forecast_5864,2025-09-02 08:00:00,4683.6079015016685,5098.841243504604,4001.361886925536
forecast_5865,2025-09-02 09:00:00,3974.025988011496,4138.21100079818,3703.5064999741694
forecast_5866,2025-09-02 10:00:00,4105.271417804314,4112.422092927959,3657.006927615389
forecast_5867,2025-09-02 11:00:00,3938.999971622719,3868.403478998656,3521.868796629979
forecast_5868,2025-09-02 12:00:00,3806.915167042513,3732.511845432901,3467.17033593524
forecast_5869,2025-09-02 13:00:00,3799.103127212662,3707.2762233236936,3400.3685176309914
forecast_5870,2025-09-02 14:00:00,3720.008092722712,3648.1931165349215,3370.6611194656284
forecast_5871,2025-09-02 15:00:00,3708.830134250457,3625.231717946447,3362.5476936148207
forecast_5872,2025-09-02 16:00:00,3710.1356915446654,3625.516843599259,3363.255071667892
forecast_5873,2025-09-02 17:00:00,3706.153847893335,3624.486040417896,3361.196972304523
forecast_5874,2025-09-02 18:00:00,3702.473977381522,3615.270633952224,3360.590970155702
forecast_5875,2025-09-02 19:00:00,3703.176805725552,3615.748296419968,3360.468668672319
forecast_5876,2025-09-02 20:00:00,3702.4144733971393,3613.692553930839,3360.9041957263653
forecast_5877,2025-09-02 21:00:00,3704.527412556187,3616.786126162207,3361.439553182186
forecast_5878,2025-09-02 22:00:00,3714.794046877829,3626.2187870437606,3361.7158589663054
forecast_5879,2025-09-02 23:00:00,3733.55604696624,3639.174922012045,3362.0088007355225
forecast_5880,2025-09-03 00:00:00,3741.624390865501,3633.483218933622,3361.3043623762733
forecast_5881,2025-09-03 01:00:00,3759.310547214283,3644.1852095474455,3361.576659691431
forecast_5882,2025-09-03 02:00:00,3746.2728198611367,3634.310799474781,3361.444362737754
forecast_5883,2025-09-03 03:00:00,3722.410380125044,3626.645114202636,3361.3994490466443
forecast_5884,2025-09-03 04:00:00,3732.268767840005,3646.5909870621,3361.93131328902
forecast_5885,2025-09-03 05:00:00,3722.529052886052,3637.51509881897,3362.8120161460706
forecast_5886,2025-09-03 06:00:00,3723.188336892496,3632.5997176369497,3362.682485676969
forecast_5887,2025-09-03 07:00:00,3722.706948813651,3642.5831640991273,3361.4787579488952
forecast_5888,2025-09-03 08:00:00,3711.3504027733375,3634.531492481157,3360.9542634741115
forecast_5889,2025-09-03 09:00:00,3708.5818478956016,3620.148327715669,3360.390397371299
forecast_5890,2025-09-03 10:00:00,3703.119212328506,3614.0110799936406,3360.591626377496
forecast_5891,2025-09-03 11:00:00,3702.746812991716,3613.629099518057,3361.081265716006
forecast_5892,2025-09-03 12:00:00,3703.6871477868144,3617.981786757941,3361.2681358814734
forecast_5893,2025-09-03 13:00:00,3705.9290669135994,3623.70219372052,3363.0100935499427
forecast_5894,2025-09-03 14:00:00,3705.6655700365495,3622.7364372142742,3363.1942342030425
forecast_5895,2025-09-03 15:00:00,3705.40120153562,3623.7292861200094,3363.671952805832
forecast_5896,2025-09-03 16:00:00,3705.954351878104,3624.346172344549,3363.1113203972304
forecast_5897,2025-09-03 17:00:00,3703.3832130117135,3618.841392965776,3363.0441604660787
forecast_5898,2025-09-03 18:00:00,3704.435780871109,3615.586060851555,3363.061132614648
forecast_5899,2025-09-03 19:00:00,3709.8077277653465,3619.351693111152,3363.582417565593
forecast_5900,2025-09-03 20:00:00,3717.7413868227104,3624.1465064414,3362.397576275652
forecast_5901,2025-09-03 21:00:00,3738.285142946624,3629.699030271664,3364.117997090305
forecast_5902,2025-09-03 22:00:00,3747.7321694890697,3642.033130053344,3361.7963712196843
forecast_5903,2025-09-03 23:00:00,3776.396599432481,3662.558734830975,3361.970451514262
forecast_5904,2025-09-04 00:00:00,3778.615682275927,3673.402878345657,3362.349321481941
forecast_5905,2025-09-04 01:00:00,3806.2183956881663,3712.4538614181592,3362.415126329756
forecast_5906,2025-09-04 02:00:00,3834.4922277118953,3754.588413928429,3361.536517671125
forecast_5907,2025-09-04 03:00:00,3793.238552502221,3729.386301789519,3361.6543792933444
forecast_5908,2025-09-04 04:00:00,3804.783843887182,3750.3389771217617,3361.712648996844
forecast_5909,2025-09-04 05:00:00,3799.545027525,3796.42307966766,3361.81503708203
forecast_5910,2025-09-04 06:00:00,3830.999435398405,3855.236505352951,3364.630805946552
forecast_5911,2025-09-04 07:00:00,3964.303809838017,3844.460672774899,3364.2914171529933
forecast_5912,2025-09-04 08:00:00,3809.9749007827313,3780.23934871785,3363.3997691384243
forecast_5913,2025-09-04 09:00:00,3800.856617990655,3749.9309520538154,3366.113977929452
forecast_5914,2025-09-04 10:00:00,3787.4686941639034,3704.352007525776,3367.7987737067674
forecast_5915,2025-09-04 11:00:00,3762.554558288343,3691.781423612286,3373.330553850388
forecast_5916,2025-09-04 12:00:00,3764.5236173903054,3708.4573443561226,3396.378588004029
forecast_5917,2025-09-04 13:00:00,3798.011689666864,3761.634826268789,3393.4451717790103
forecast_5918,2025-09-04 14:00:00,3794.157737634983,3751.137381966679,3386.8952773718866
forecast_5919,2025-09-04 15:00:00,3892.285548399245,3817.958288224935,3442.070940360953
forecast_5920,2025-09-04 16:00:00,3950.19271928609,3921.201656126938,3487.991726635426
forecast_5921,2025-09-04 17:00:00,3980.68054034986,3942.889180566733,3451.318483170557
forecast_5922,2025-09-04 18:00:00,4035.026545700941,3966.596298724296,3428.286509012295
forecast_5923,2025-09-04 19:00:00,3977.848856432912,3963.0534927508447,3423.856642846103
forecast_5924,2025-09-04 20:00:00,3823.865552935949,3053.964094572963,3433.6690957488445
forecast_5925,2025-09-04 21:00:00,3045.97134674706,3112.831563719097,3432.631564807244
forecast_5926,2025-09-04 22:00:00,3939.4431691880673,3102.623237938116,3432.940468002728
forecast_5927,2025-09-04 23:00:00,3882.720367376727,3080.659069208706,3411.4560197321725
forecast_5928,2025-09-05 00:00:00,3903.1458164236233,3889.3549559637727,3399.312023614532
forecast_5929,2025-09-05 01:00:00,3925.425819857274,3915.157337099275,3368.84861083043
forecast_5930,2025-09-05 02:00:00,3902.9353619050858,3974.510082882293,3376.6052126846635
forecast_5931,2025-09-05 03:00:00,3920.152128745341,3944.0705703614494,3373.6757710208835
forecast_5932,2025-09-05 04:00:00,3827.420298937387,3036.503850558639,3386.6500770967973
forecast_5933,2025-09-05 05:00:00,3881.114349766194,3157.4139161759413,3493.9103755910096
forecast_5934,2025-09-05 06:00:00,3989.6750561574345,4010.0421044417008,3409.063047083761
forecast_5935,2025-09-05 07:00:00,3893.146413166581,3956.475994012415,3373.469632447553
forecast_5936,2025-09-05 08:00:00,3823.9819813858217,3814.149808775313,3376.7115391635302
forecast_5937,2025-09-05 09:00:00,3720.420251117855,3661.591575702592,3369.338096902863
forecast_5938,2025-09-05 10:00:00,3708.751798382697,3623.078266444301,3363.039653659948
forecast_5939,2025-09-05 11:00:00,3706.471421634219,3618.292322907285,3362.604752750711
forecast_5940,2025-09-05 12:00:00,3702.8030818535694,3614.153514131755,3363.3641326922266
forecast_5941,2025-09-05 13:00:00,3702.850714591348,3612.739649067797,3361.0705567825307
forecast_5942,2025-09-05 14:00:00,3701.851236406744,3613.484425959005,3360.979561413807
forecast_5943,2025-09-05 15:00:00,3700.95924569396,3612.61062412123,3360.806421093004
forecast_5944,2025-09-05 16:00:00,3703.0964362412974,3615.769786776224,3360.8290882997817
forecast_5945,2025-09-05 17:00:00,3704.7137640008455,3621.457954087653,3360.956831286466
forecast_5946,2025-09-05 18:00:00,3725.52779908012,3638.570325162436,3361.677284276003
forecast_5947,2025-09-05 19:00:00,3725.4248907273777,3651.511152758848,3366.546115142465
forecast_5948,2025-09-05 20:00:00,3843.939136578321,3718.0446834089807,3378.434561154781
forecast_5949,2025-09-05 21:00:00,3944.225971536436,3782.158965648372,3430.499345219381
forecast_5950,2025-09-05 22:00:00,4106.499405332146,4000.851623761827,3551.8378809255687
forecast_5951,2025-09-05 23:00:00,5622.909149979135,4985.396179309909,3635.484456660947
forecast_5952,2025-09-06 00:00:00,7388.579400107848,7510.26716150876,4113.513869674261
forecast_5953,2025-09-06 01:00:00,9264.555334654104,10543.53264181742,5306.108147160525
forecast_5954,2025-09-06 02:00:00,10884.174966436907,12622.026074874284,7151.828299055378
forecast_5955,2025-09-06 03:00:00,12137.658083573717,13677.414231424622,8868.068873659791
forecast_5956,2025-09-06 04:00:00,13304.680551659376,14413.92992039331,10488.83192288102
forecast_5957,2025-09-06 05:00:00,14340.029154069229,14685.0599912598,11352.910427474508
forecast_5958,2025-09-06 06:00:00,14467.970060129708,15215.38075072224,12306.330352556985
forecast_5959,2025-09-06 07:00:00,13506.357655922451,15043.145707981112,12989.430167990336
forecast_5960,2025-09-06 08:00:00,12832.726661501772,14855.39438045672,13389.597311468777
forecast_5961,2025-09-06 09:00:00,13360.897993024264,15247.175943443995,14137.985365203798
forecast_5962,2025-09-06 10:00:00,13545.54169737571,14810.611627684924,14820.360622362914
forecast_5963,2025-09-06 11:00:00,13136.770045537229,14549.94004050896,15138.687755501074
forecast_5964,2025-09-06 12:00:00,12841.904674023368,14775.52705690784,15405.417878059869
forecast_5965,2025-09-06 13:00:00,13059.521005710529,15026.718021410044,15593.483548287266
forecast_5966,2025-09-06 14:00:00,13218.85345809368,14920.551609866836,15628.254530030084
forecast_5967,2025-09-06 15:00:00,13882.548614733849,15025.285399296346,15943.821844586237
forecast_5968,2025-09-06 16:00:00,14813.30692193382,15821.9506141429,16090.13947055488
forecast_5969,2025-09-06 17:00:00,14855.249541094186,15919.56413291155,16293.666496241854
forecast_5970,2025-09-06 18:00:00,15002.267765145729,16388.953853186267,16688.618776638024
forecast_5971,2025-09-06 19:00:00,15017.187805157037,16517.119134707253,17074.77022019557
forecast_5972,2025-09-06 20:00:00,14852.446494077129,16558.276239254934,17040.38995587139
forecast_5973,2025-09-06 21:00:00,15076.453854955853,16663.95846972224,17179.623208485562
forecast_5974,2025-09-06 22:00:00,15296.558755078348,16991.10498555109,17312.73428319962
forecast_5975,2025-09-06 23:00:00,15424.147300116809,17115.08593724239,17179.636730152775
forecast_5976,2025-09-07 00:00:00,16043.109178326458,17422.674994730554,17003.40168126444
forecast_5977,2025-09-07 01:00:00,15938.709915838046,17425.22476426995,17132.107192099822
forecast_5978,2025-09-07 02:00:00,15938.517663480696,17363.983086556702,16293.011940241837
forecast_5979,2025-09-07 03:00:00,15620.0715597378,17193.546151704482,15568.490537973506
forecast_5980,2025-09-07 04:00:00,15292.648673400394,16757.10715388374,14566.564148768157
forecast_5981,2025-09-07 05:00:00,14617.084216790916,16411.334259706236,13609.638843565805
forecast_5982,2025-09-07 06:00:00,13461.252827418424,15152.80038335314,12176.889498612436
forecast_5983,2025-09-07 07:00:00,13172.75167078878,13895.717644660515,12516.96806859976
forecast_5984,2025-09-07 08:00:00,12905.105535370638,12845.434127860855,11308.22632352844
forecast_5985,2025-09-07 09:00:00,10785.664229664622,10862.860657591433,9283.74510493793
forecast_5986,2025-09-07 10:00:00,8978.615259041562,8614.150208073672,7777.6275653671155
forecast_5987,2025-09-07 11:00:00,7266.4966851612835,7449.542552428339,7581.750095377228
forecast_5988,2025-09-07 12:00:00,4657.834874403188,4937.589224918593,4268.0235833485885
forecast_5989,2025-09-07 13:00:00,4122.218313556832,4081.425627257647,5181.3094882854375
forecast_5990,2025-09-07 14:00:00,4051.8345566655817,4063.0530167529687,3743.0807906508567
forecast_5991,2025-09-07 15:00:00,4343.259359981826,4331.814967274317,5031.518492798597
forecast_5992,2025-09-07 16:00:00,4041.9729573573695,4088.048782373678,3824.3481270971856
forecast_5993,2025-09-07 17:00:00,4246.839273679379,5086.813285481896,3993.5578276939145
forecast_5994,2025-09-07 18:00:00,6010.418761526044,6313.322246483396,4952.388874311563
forecast_5995,2025-09-07 19:00:00,7546.5719406632625,8030.448182514743,6053.072915036758
forecast_5996,2025-09-07 20:00:00,9166.73391782847,9684.60382299571,7315.36850855301
forecast_5997,2025-09-07 21:00:00,9528.679398009444,10337.477998839908,7180.919838443972
forecast_5998,2025-09-07 22:00:00,10620.856631252598,11459.039447813138,8404.653155769505
forecast_5999,2025-09-07 23:00:00,10063.051087633356,11228.967279411883,8141.475390365877
forecast_6000,2025-09-08 00:00:00,9693.356201487386,11124.06841050737,8404.361602098925
forecast_6001,2025-09-08 01:00:00,8229.90587466416,9059.86419468758,6627.905234521973
forecast_6002,2025-09-08 02:00:00,7431.675239244649,8241.975931468145,6531.214087513129
forecast_6003,2025-09-08 03:00:00,6218.111693443063,5590.828521042857,3671.760479068468
forecast_6004,2025-09-08 04:00:00,4579.094816119194,4092.112673863559,3501.714245408048
forecast_6005,2025-09-08 05:00:00,4031.817956920407,3874.8235749372416,3457.8851597300195
forecast_6006,2025-09-08 06:00:00,3967.4911735125024,3853.092573436767,3378.855581109048
forecast_6007,2025-09-08 07:00:00,3779.487031219685,3721.4437463475406,3364.8168752448178
forecast_6008,2025-09-08 08:00:00,3717.487542047418,3654.5023334142784,3363.865691354624
forecast_6009,2025-09-08 09:00:00,3708.751870695896,3631.9459260694016,3363.622515019839
forecast_6010,2025-09-08 10:00:00,3703.7284257986416,3615.291380902789,3361.491117882657
forecast_6011,2025-09-08 11:00:00,3710.61670466838,3615.451228327991,3362.22852109014
forecast_6012,2025-09-08 12:00:00,3710.9680747640273,3620.0571333075823,3362.787297231338
forecast_6013,2025-09-08 13:00:00,3712.576368675018,3626.136105106576,3369.0063097818247
forecast_6014,2025-09-08 14:00:00,3712.497004929556,3633.062376779377,3365.1384698485967
forecast_6015,2025-09-08 15:00:00,3740.909797610293,3629.407428324752,3365.754107367598
forecast_6016,2025-09-08 16:00:00,3871.2209555067,3763.5872168442106,3382.1052908128827
forecast_6017,2025-09-08 17:00:00,3955.240643514979,3904.8680218802538,3426.906478562292
forecast_6018,2025-09-08 18:00:00,3947.463985956342,3918.303999563181,3516.760600287443
forecast_6019,2025-09-08 19:00:00,3912.4487260011056,3791.107769982433,3423.9018369241685
forecast_6020,2025-09-08 20:00:00,4018.5169870338345,3801.163489550894,3415.645838949686
forecast_6021,2025-09-08 21:00:00,4081.970016900405,3840.995242766106,3464.478409899497
forecast_6022,2025-09-08 22:00:00,4055.412420241279,3920.851439953488,3514.6349513371774
forecast_6023,2025-09-08 23:00:00,3978.6418045105816,3828.446768753725,3507.333639470332
forecast_6024,2025-09-09 00:00:00,3897.5556832727466,3848.359957185819,3466.647420943538
forecast_6025,2025-09-09 01:00:00,4013.0633000123457,3897.283342032749,3479.261883325158
forecast_6026,2025-09-09 02:00:00,4032.077735413037,3900.7005542139777,3596.031662952108
forecast_6027,2025-09-09 03:00:00,3881.1423941786834,3814.5949089382825,3419.8121707411988
forecast_6028,2025-09-09 04:00:00,3888.48521784478,3789.3290910465967,3434.9293805004104
forecast_6029,2025-09-09 05:00:00,3813.906111256216,3761.22019719783,3393.488070816246
forecast_6030,2025-09-09 06:00:00,3915.777305718083,3778.7245680977967,3391.3097513945936
forecast_6031,2025-09-09 07:00:00,3856.1540228570343,3746.449404256631,3383.647774270056
forecast_6032,2025-09-09 08:00:00,3765.6430338875866,3671.513065286532,3364.794330075129
forecast_6033,2025-09-09 09:00:00,3770.315355052677,3686.0800833592416,3364.328825228612
forecast_6034,2025-09-09 10:00:00,3789.234728024309,3691.4176617146272,3364.5499401116867
forecast_6035,2025-09-09 11:00:00,3792.9187025632473,3701.265358574673,3368.585039828626
forecast_6036,2025-09-09 12:00:00,3869.6231749183808,3777.596358585336,3371.1082846862573
forecast_6037,2025-09-09 13:00:00,3784.035795689418,3725.6856921469794,3364.869641381508
forecast_6038,2025-09-09 14:00:00,3761.058848402632,3691.634794931156,3368.276890395752
forecast_6039,2025-09-09 15:00:00,3803.33019130068,3708.945520752962,3365.012851484704
forecast_6040,2025-09-09 16:00:00,3777.492235900664,3684.670141896552,3365.1918836031664
forecast_6041,2025-09-09 17:00:00,3761.475646194308,3675.310512858759,3363.313823310003
forecast_6042,2025-09-09 18:00:00,3761.779889437117,3686.889014718438,3366.753702692712
forecast_6043,2025-09-09 19:00:00,3775.0880268573073,3734.575806267657,3364.7272383109744
forecast_6044,2025-09-09 20:00:00,3736.4280296555,3679.601662180018,3361.7996611535395
forecast_6045,2025-09-09 21:00:00,3748.331145852116,3680.911658120783,3362.158058622936
forecast_6046,2025-09-09 22:00:00,3733.6032457014926,3687.526502056567,3361.689376546165
forecast_6047,2025-09-09 23:00:00,3744.1345186820895,3713.4261471774903,3363.0558609331592
forecast_6048,2025-09-10 00:00:00,3767.811645054376,3724.415612170541,3363.638149665583
forecast_6049,2025-09-10 01:00:00,3754.9198213021,3722.0297247092617,3364.0337821743465
forecast_6050,2025-09-10 02:00:00,3756.229707196716,3701.895296027984,3364.620552803998
forecast_6051,2025-09-10 03:00:00,3798.8795682917776,3761.781458846288,3365.515052568758
forecast_6052,2025-09-10 04:00:00,3815.0629234708326,3763.152056005256,3363.66572915596
forecast_6053,2025-09-10 05:00:00,3875.080858542448,3856.805869908071,3364.332915189345
forecast_6054,2025-09-10 06:00:00,3942.624496034584,3936.564297982168,3364.569986739976
forecast_6055,2025-09-10 07:00:00,3904.377921572166,3902.158692935867,3370.3469944122794
forecast_6056,2025-09-10 08:00:00,3880.520981783848,3814.3844185689336,3368.7757644722037
forecast_6057,2025-09-10 09:00:00,3787.42711145955,3777.578877145878,3369.761377755548
forecast_6058,2025-09-10 10:00:00,3734.089985585935,3662.628829884988,3371.696626232548
forecast_6059,2025-09-10 11:00:00,3747.359457913589,3676.078195781902,3369.5847556393646
forecast_6060,2025-09-10 12:00:00,3745.6931295129584,3673.268434172521,3378.1841445996806
forecast_6061,2025-09-10 13:00:00,3761.099154977962,3671.892398377119,3380.153785285795
forecast_6062,2025-09-10 14:00:00,3746.867849545693,3674.980184131399,3379.235799820034
forecast_6063,2025-09-10 15:00:00,3733.732700375579,3672.03624981406,3380.010829885503
forecast_6064,2025-09-10 16:00:00,3735.2537917172926,3664.2141397413343,3375.1648217068105
forecast_6065,2025-09-10 17:00:00,3720.285827285172,3653.396843610371,3366.698247531581
forecast_6066,2025-09-10 18:00:00,3757.699044303938,3684.5414032047834,3372.619600020398
forecast_6067,2025-09-10 19:00:00,3839.400013869852,3748.9263220595535,3373.25161893962
forecast_6068,2025-09-10 20:00:00,3879.6963185720233,3858.695849326965,3374.5015977553653
forecast_6069,2025-09-10 21:00:00,3941.581422980458,3891.022275776848,3367.4949299931595
forecast_6070,2025-09-10 22:00:00,3968.848863989236,3935.434710006417,3367.307616271223
forecast_6071,2025-09-10 23:00:00,4023.928644333059,3986.7322150111454,3369.57093300504
forecast_6072,2025-09-11 00:00:00,4055.950451211995,4000.976731457378,3371.513146908356
forecast_6073,2025-09-11 01:00:00,4029.922519612617,4063.388076348848,3367.2837434942758
forecast_6074,2025-09-11 02:00:00,3901.609221302173,3500.371761466352,3375.9017591883216
forecast_6075,2025-09-11 03:00:00,3963.503329943644,3805.76352695954,3381.235418693585
forecast_6076,2025-09-11 04:00:00,3552.784879401904,4141.770694887013,3376.62013811958
forecast_6077,2025-09-11 05:00:00,4481.231825869751,4899.40843220451,3391.387890551816
forecast_6078,2025-09-11 06:00:00,4707.282865205801,5159.432877014986,3447.4227767192638
forecast_6079,2025-09-11 07:00:00,4387.890513823365,4950.420520417924,3579.7758610037654
forecast_6080,2025-09-11 08:00:00,4087.51820871797,4737.636732244862,3774.193104067461
forecast_6081,2025-09-11 09:00:00,3380.916174197393,3934.421955022886,3688.7697209375447
forecast_6082,2025-09-11 10:00:00,4005.332606746785,4039.9949243804217,3558.990929193631
forecast_6083,2025-09-11 11:00:00,3972.589547940703,4005.1440832612034,3623.4588494563327
forecast_6084,2025-09-11 12:00:00,3825.2838367417366,3880.340105633407,3745.094323635218
forecast_6085,2025-09-11 13:00:00,3827.112623612773,3934.8035373291914,3778.148792999724
forecast_6086,2025-09-11 14:00:00,3844.984629707855,3973.329265613708,3675.703741085489
forecast_6087,2025-09-11 15:00:00,3964.234109279943,4063.765311870926,3670.855872535835
forecast_6088,2025-09-11 16:00:00,4068.410335625926,4121.22924831823,3688.681092198422
forecast_6089,2025-09-11 17:00:00,3423.2373204236687,3838.847781695866,3708.871890820628
forecast_6090,2025-09-11 18:00:00,3957.370532679617,4249.600886892413,3711.4537154441846
forecast_6091,2025-09-11 19:00:00,4637.986282721791,5340.900622820543,3661.9418016952873
forecast_6092,2025-09-11 20:00:00,5248.378308208248,5596.420129960872,3457.6867859626327
forecast_6093,2025-09-11 21:00:00,5223.086185589878,5830.35284137673,3709.9463686179897
forecast_6094,2025-09-11 22:00:00,5909.371621663143,6717.578939746098,3448.846235096514
forecast_6095,2025-09-11 23:00:00,6278.472975888704,6730.097437110432,3503.9437769392503
forecast_6096,2025-09-12 00:00:00,5323.948317475642,6028.91870961359,3102.7665028112137
forecast_6097,2025-09-12 01:00:00,5431.329757808984,5980.4428088151,3341.7602185392857
forecast_6098,2025-09-12 02:00:00,5177.809396659713,5849.774425323525,3332.588882348225
forecast_6099,2025-09-12 03:00:00,4208.946246089647,4777.438943107821,3775.8658470615615
forecast_6100,2025-09-12 04:00:00,4018.053900783861,4585.852806204837,3126.1632570998363
forecast_6101,2025-09-12 05:00:00,3878.414145705388,4424.214789316623,3074.3138233669865
forecast_6102,2025-09-12 06:00:00,3802.5583033572334,4343.530715290509,3065.2774233207474
forecast_6103,2025-09-12 07:00:00,3462.642933992272,4121.218915752443,3715.693980032633
forecast_6104,2025-09-12 08:00:00,3376.656421227638,4075.2048082498272,3643.879856482866
forecast_6105,2025-09-12 09:00:00,3309.869059606351,4061.179016577655,3667.125303859697
forecast_6106,2025-09-12 10:00:00,3057.569383928155,3880.746868520318,3424.5684772997424
forecast_6107,2025-09-12 11:00:00,4041.887334254732,3995.88497723782,3588.19727105742
forecast_6108,2025-09-12 12:00:00,4049.9864018999033,3997.573424352026,3469.488425068284
forecast_6109,2025-09-12 13:00:00,4088.037446980192,3991.410521028168,3446.1539358661803
forecast_6110,2025-09-12 14:00:00,3025.664756450518,3772.427378976202,3434.19334328696
forecast_6111,2025-09-12 15:00:00,3151.884121585642,3804.740069569944,3467.9478755294663
forecast_6112,2025-09-12 16:00:00,3007.435666457677,3220.8893480281763,3498.232113167422
forecast_6113,2025-09-12 17:00:00,3245.573574431404,3498.712213587349,3535.6303559731878
forecast_6114,2025-09-12 18:00:00,3121.144739825798,3922.171844559261,3545.270635862489
forecast_6115,2025-09-12 19:00:00,3072.7328948169043,3769.556863943636,3535.876307802672
forecast_6116,2025-09-12 20:00:00,3761.313250544254,3896.326752784505,3537.689302861833
forecast_6117,2025-09-12 21:00:00,3881.0158994700873,3986.994051127275,3684.368608574629
forecast_6118,2025-09-12 22:00:00,4107.588047275569,4148.527106392047,3761.236174688804
forecast_6119,2025-09-12 23:00:00,4079.385137512577,4096.146337549958,3643.774447369112
forecast_6120,2025-09-13 00:00:00,4641.30282356218,4648.349713771118,3641.101741974569
forecast_6121,2025-09-13 01:00:00,4809.490466403054,4765.1073073879215,3631.8565227620975
forecast_6122,2025-09-13 02:00:00,5320.774558526791,5803.2020210250375,3586.9663925447985
forecast_6123,2025-09-13 03:00:00,6151.572456246068,7003.431112153937,3742.626684677816
forecast_6124,2025-09-13 04:00:00,7294.7196687209425,8781.38785821895,5350.156722769606
forecast_6125,2025-09-13 05:00:00,8124.478932476698,9763.771175648411,5903.338364242298
forecast_6126,2025-09-13 06:00:00,9782.34328121434,10868.031864356632,7414.684156438546
forecast_6127,2025-09-13 07:00:00,9466.693105309623,11507.253971962382,7949.6608330863955
forecast_6128,2025-09-13 08:00:00,10285.571862588538,11637.458606598437,9036.519527140334
forecast_6129,2025-09-13 09:00:00,10035.634519594336,10811.412999682616,8368.631598199261
forecast_6130,2025-09-13 10:00:00,9735.161726398615,10008.383312522594,9000.005874738265
forecast_6131,2025-09-13 11:00:00,8124.820951310929,7852.524298494709,6542.80446954812
forecast_6132,2025-09-13 12:00:00,5622.099821217704,6237.2208923645085,5609.290859063739
forecast_6133,2025-09-13 13:00:00,4215.776369458585,4090.4930170885855,3770.456191870183
forecast_6134,2025-09-13 14:00:00,3321.458177113414,3890.8897544512633,3564.857369830981
forecast_6135,2025-09-13 15:00:00,3775.649432680109,3757.236476270153,3398.4278196634737
forecast_6136,2025-09-13 16:00:00,3844.569095730818,3832.252570116563,3397.879787178322
forecast_6137,2025-09-13 17:00:00,3890.2961409623063,3834.68506451667,3404.542508192028
forecast_6138,2025-09-13 18:00:00,3907.552515504941,3881.274398580816,3461.274814829316
forecast_6139,2025-09-13 19:00:00,3859.612167712718,3839.939254750816,3403.579703373528
forecast_6140,2025-09-13 20:00:00,3759.4978611815486,3707.024035853157,3401.374549694943
forecast_6141,2025-09-13 21:00:00,3735.693433457109,3673.107254313415,3380.1015423545487
forecast_6142,2025-09-13 22:00:00,3716.9242104670966,3636.246368294427,3362.59362154628
forecast_6143,2025-09-13 23:00:00,3736.69789681623,3670.889895001456,3361.612827491052
forecast_6144,2025-09-14 00:00:00,3744.466902491055,3679.890310073889,3362.5224274785146
forecast_6145,2025-09-14 01:00:00,3843.4079848284505,3722.018370247411,3364.623041405101
forecast_6146,2025-09-14 02:00:00,3862.945206392576,3730.0568700912872,3364.618917306374
forecast_6147,2025-09-14 03:00:00,3763.586577583988,3672.522082384529,3363.921559041421
forecast_6148,2025-09-14 04:00:00,3756.6237559945534,3677.3106263864056,3363.3050101881263
forecast_6149,2025-09-14 05:00:00,3814.613862464551,3711.871862866996,3363.6870129390218
forecast_6150,2025-09-14 06:00:00,3835.5687127491087,3756.068269369036,3367.3226685263503
forecast_6151,2025-09-14 07:00:00,3821.68496256528,3759.304291989381,3366.186178062138
forecast_6152,2025-09-14 08:00:00,3935.856280437705,3833.38823359637,3369.0961386980907
forecast_6153,2025-09-14 09:00:00,3926.334437380884,3815.3979530604593,3405.0279436795367
forecast_6154,2025-09-14 10:00:00,3895.881087444754,3805.944421320312,3408.600317824203
forecast_6155,2025-09-14 11:00:00,3883.718541644482,3788.841155474749,3414.3587582691216
forecast_6156,2025-09-14 12:00:00,3817.831175142412,3757.850117645491,3430.9667987730104
forecast_6157,2025-09-14 13:00:00,3802.247282848449,3738.95150809576,3404.1207042537367
forecast_6158,2025-09-14 14:00:00,3806.454047501924,3751.874344327792,3428.965990123904
forecast_6159,2025-09-14 15:00:00,3859.35824282336,3820.399610075201,3492.0428471801056
forecast_6160,2025-09-14 16:00:00,3947.894027581565,4001.6301511686897,3553.0954148319875
forecast_6161,2025-09-14 17:00:00,5140.466138308732,4314.347226103952,3690.234920852775
forecast_6162,2025-09-14 18:00:00,7461.770416545131,7400.872070252308,4481.779451374166
forecast_6163,2025-09-14 19:00:00,10425.74135281327,9765.754189027904,7098.534183239815
forecast_6164,2025-09-14 20:00:00,12016.73892516338,12080.03061581456,8413.350363173828
forecast_6165,2025-09-14 21:00:00,12921.54933046136,13200.541770664564,9640.01597926272
forecast_6166,2025-09-14 22:00:00,15048.151295863385,15020.46753688926,12009.071068322131
forecast_6167,2025-09-14 23:00:00,15568.328499648456,15345.380843521943,11385.258035967636
forecast_6168,2025-09-15 00:00:00,15236.643028765786,14831.9848489325,12221.00901612486
forecast_6169,2025-09-15 01:00:00,14280.959656678551,13903.87285309143,11810.054916471225
forecast_6170,2025-09-15 02:00:00,13573.995836405758,12765.438891998245,10663.80009989229
forecast_6171,2025-09-15 03:00:00,12457.130647500037,11076.298681916844,9160.448294133224
forecast_6172,2025-09-15 04:00:00,11047.3240642828,9591.381797082526,8002.924339834404
forecast_6173,2025-09-15 05:00:00,8628.49357105782,7814.418204704239,6371.556642732859
forecast_6174,2025-09-15 06:00:00,6699.371240048873,5779.7757972593645,4892.308255800588
forecast_6175,2025-09-15 07:00:00,4683.477184405647,4086.2762531192816,3772.589100014392
forecast_6176,2025-09-15 08:00:00,3511.30889764428,3928.5132997606174,3542.1840319460343
forecast_6177,2025-09-15 09:00:00,3893.339464081039,3745.668133801498,3381.890676715668
forecast_6178,2025-09-15 10:00:00,3739.474088167548,3641.0374216690966,3371.6184979812347
forecast_6179,2025-09-15 11:00:00,3724.1868475197098,3644.752576652473,3368.0329576004638
forecast_6180,2025-09-15 12:00:00,3714.0099733280713,3631.158677885283,3363.7566147821726
forecast_6181,2025-09-15 13:00:00,3713.1199690352814,3620.743681757039,3362.182885864981
forecast_6182,2025-09-15 14:00:00,3736.653637162897,3649.15569432944,3364.585545500255
forecast_6183,2025-09-15 15:00:00,3727.930656374372,3660.7106920991055,3371.7139243461747
forecast_6184,2025-09-15 16:00:00,3778.698439325928,3753.677477819327,3386.9357683738517
forecast_6185,2025-09-15 17:00:00,3909.906651619053,3988.504278912441,3481.764211842346
forecast_6186,2025-09-15 18:00:00,4126.184872486409,4139.614688959728,3708.1789353441904
forecast_6187,2025-09-15 19:00:00,4102.187151413888,3827.772784904628,3693.771042084541
forecast_6188,2025-09-15 20:00:00,4610.140253546319,3818.962992618764,4379.238954438597
forecast_6189,2025-09-15 21:00:00,5300.795445267807,4259.383804094927,4262.345594994105
forecast_6190,2025-09-15 22:00:00,5623.002159978991,4640.505611764091,4115.8320394000975
forecast_6191,2025-09-15 23:00:00,5561.656838519909,5019.187535325901,3960.671586311063
forecast_6192,2025-09-16 00:00:00,6552.363937237332,5840.954652104151,4105.458417453615
forecast_6193,2025-09-16 01:00:00,8662.652192360381,7878.107291181055,5097.308113253989
forecast_6194,2025-09-16 02:00:00,10328.204347972389,9204.63238324869,5897.541254169369
forecast_6195,2025-09-16 03:00:00,10726.177042855485,10241.631156966409,6091.704181624411
forecast_6196,2025-09-16 04:00:00,11020.898335636157,10965.056837986043,6395.114631592203
forecast_6197,2025-09-16 05:00:00,11317.923201567231,11212.504038519555,7253.696709684187
forecast_6198,2025-09-16 06:00:00,12445.801349067946,11982.34309626493,7680.394059254711
forecast_6199,2025-09-16 07:00:00,11380.71481088785,11472.209455927688,6180.843029445361
forecast_6200,2025-09-16 08:00:00,10416.078430136256,10200.276727971348,5362.302873131516
forecast_6201,2025-09-16 09:00:00,8525.444833150728,9222.630468835068,4574.152148801299
forecast_6202,2025-09-16 10:00:00,7204.218743787811,7485.990785947102,5352.900676358127
forecast_6203,2025-09-16 11:00:00,6741.539666068971,6790.377205690268,5634.763905204702
forecast_6204,2025-09-16 12:00:00,7051.573424194488,6951.338249864753,5714.541494005946
forecast_6205,2025-09-16 13:00:00,7808.895065035294,7399.741749217844,6790.74869708364
forecast_6206,2025-09-16 14:00:00,8021.432911454118,7168.38832344387,6736.627836794207
forecast_6207,2025-09-16 15:00:00,8147.180529482258,7305.441612939855,6645.195961843378
forecast_6208,2025-09-16 16:00:00,7688.637019151022,7040.577969173124,6871.23329917515
forecast_6209,2025-09-16 17:00:00,7706.875057722029,7246.04131687225,6474.916334003508
forecast_6210,2025-09-16 18:00:00,7974.815987325194,7734.311212730754,6558.072173419834
forecast_6211,2025-09-16 19:00:00,8193.044438363884,9135.169813652476,7282.311829839712
forecast_6212,2025-09-16 20:00:00,8402.801566866263,10217.4463718697,7115.795011418847
forecast_6213,2025-09-16 21:00:00,9050.61075462632,10848.10464010885,7473.810664986057
forecast_6214,2025-09-16 22:00:00,10090.936173837372,12089.403683551072,9067.219433272196
forecast_6215,2025-09-16 23:00:00,11811.82406841146,13757.80010970323,10281.81751522016
forecast_6216,2025-09-17 00:00:00,14446.487929500065,15023.61920592407,12146.593472903716
forecast_6217,2025-09-17 01:00:00,14502.892512246955,15892.789650412602,14178.599499366088
forecast_6218,2025-09-17 02:00:00,14934.756693841931,16687.13893803234,15580.0353258948
forecast_6219,2025-09-17 03:00:00,15760.35941558655,17067.076674384487,16440.036728271043
forecast_6220,2025-09-17 04:00:00,16245.047350156898,17088.020539227913,16497.561044343634
forecast_6221,2025-09-17 05:00:00,15722.3135819317,16527.298761417274,14946.867438098308
forecast_6222,2025-09-17 06:00:00,14426.688630377885,14569.217759310104,13032.366682190292
forecast_6223,2025-09-17 07:00:00,12693.74129552806,12568.878298956246,12576.690306791244
forecast_6224,2025-09-17 08:00:00,10120.2997854698,9553.78022391254,7806.811830794711
forecast_6225,2025-09-17 09:00:00,6022.847943358916,6748.179412905467,5692.6637234425925
forecast_6226,2025-09-17 10:00:00,4160.50199092913,4134.618634009841,3860.854631295341
forecast_6227,2025-09-17 11:00:00,3554.1938628020494,3927.403964883376,3539.979456131728
forecast_6228,2025-09-17 12:00:00,3184.447072256004,3744.4797505683614,3542.8498997738493
forecast_6229,2025-09-17 13:00:00,3039.0270000963583,3761.649654802516,3444.701292406492
forecast_6230,2025-09-17 14:00:00,3894.3159726417375,3950.385900644031,3529.006280086999
forecast_6231,2025-09-17 15:00:00,4436.418306924882,4158.387647687913,3483.1003103893454
forecast_6232,2025-09-17 16:00:00,3967.8605729262576,3970.943799680141,3424.790722984957
forecast_6233,2025-09-17 17:00:00,3931.7443752402,3891.766745668604,3369.9623637655486
forecast_6234,2025-09-17 18:00:00,3922.918725352434,3824.200356688748,3382.3556716776206
forecast_6235,2025-09-17 19:00:00,3794.07386237081,3694.3078707490354,3376.454399416888
forecast_6236,2025-09-17 20:00:00,3773.302511544134,3720.68557278236,3367.546729167628
forecast_6237,2025-09-17 21:00:00,3865.173747585543,3839.225327938693,3402.24327757595
forecast_6238,2025-09-17 22:00:00,3819.2179151692153,3777.8065471884943,3373.9449266258816
forecast_6239,2025-09-17 23:00:00,3798.454767699758,3755.4136210501288,3368.256727920768
forecast_6240,2025-09-18 00:00:00,3771.450422346079,3684.8352084003145,3375.63817239066
forecast_6241,2025-09-18 01:00:00,3815.49059200919,3742.7141082751623,3370.1136419947857
forecast_6242,2025-09-18 02:00:00,3857.985478849069,3796.639706390406,3380.5388135389176
forecast_6243,2025-09-18 03:00:00,3912.978765075606,3879.750900444836,3389.7508620379467
forecast_6244,2025-09-18 04:00:00,3921.2854073089375,3959.5847375606754,3385.8277463923528
forecast_6245,2025-09-18 05:00:00,3204.451456393113,3520.7021862341408,3427.210824173332
forecast_6246,2025-09-18 06:00:00,3422.076271115675,3789.52534434352,3518.346655117928
forecast_6247,2025-09-18 07:00:00,3397.9943366564585,3985.936572867403,3044.438621484825
forecast_6248,2025-09-18 08:00:00,3536.5672077874456,4237.226974536029,3741.900535559603
forecast_6249,2025-09-18 09:00:00,3370.3876600712592,4125.835126592415,3778.516025714746
forecast_6250,2025-09-18 10:00:00,3301.70579796692,3846.924099150575,3756.448633572076
forecast_6251,2025-09-18 11:00:00,3436.8790087492744,3855.1662874628105,3766.0394511699383
forecast_6252,2025-09-18 12:00:00,3285.4771404009725,3627.398877694897,3600.166558427198
forecast_6253,2025-09-18 13:00:00,3286.154579636866,3598.99087666815,3646.8302927755617
forecast_6254,2025-09-18 14:00:00,3284.809827608556,4001.54417503948,3598.838730875728
forecast_6255,2025-09-18 15:00:00,3132.470458750685,3360.6638764199884,3609.954026145443
forecast_6256,2025-09-18 16:00:00,4005.4670172368296,3383.6769168777914,3569.6255869671486
forecast_6257,2025-09-18 17:00:00,3140.987014773224,3349.7437798005844,3578.087102073352
forecast_6258,2025-09-18 18:00:00,3240.8617460706782,3417.78396741517,3552.779768026391
forecast_6259,2025-09-18 19:00:00,3320.188439732733,3540.180365818346,3496.757771496178
forecast_6260,2025-09-18 20:00:00,4039.284205394775,3639.42177315724,3548.7840838655848
forecast_6261,2025-09-18 21:00:00,4042.056593790825,3710.487338288896,3483.951651302073
forecast_6262,2025-09-18 22:00:00,3496.6441652086373,3761.129096371701,3547.091963769884
forecast_6263,2025-09-18 23:00:00,3421.306720821125,3717.3616625732216,3498.791910566953
forecast_6264,2025-09-19 00:00:00,3380.196858592849,3621.2319411554686,3511.5040315341143
forecast_6265,2025-09-19 01:00:00,3373.139333602715,3705.902465403521,3474.16663441189
forecast_6266,2025-09-19 02:00:00,3268.252888543976,3532.5363162183144,3458.90372580974
forecast_6267,2025-09-19 03:00:00,3244.7664075143653,3621.732858864013,3522.941636518531
forecast_6268,2025-09-19 04:00:00,3220.1443886255056,3524.462074150364,3530.83211164016
forecast_6269,2025-09-19 05:00:00,3075.396079466346,3287.6177622283976,3439.161795226445
forecast_6270,2025-09-19 06:00:00,4078.560456052446,4019.978489617704,3384.959975530687
forecast_6271,2025-09-19 07:00:00,4062.17277934158,4030.9781708810624,3399.332557913048
forecast_6272,2025-09-19 08:00:00,3872.62578698928,3815.9369784188966,3381.1448966893145
forecast_6273,2025-09-19 09:00:00,3810.6385196336,3760.83293148233,3368.0782513420622
forecast_6274,2025-09-19 10:00:00,3747.740623687873,3633.350456402831,3362.16262537338
forecast_6275,2025-09-19 11:00:00,3722.9432093111855,3629.827992534232,3364.2077178434583
forecast_6276,2025-09-19 12:00:00,3758.282925037896,3638.319804817177,3364.550301619149
forecast_6277,2025-09-19 13:00:00,3758.0019488493135,3645.501322216,3366.8422285560537
forecast_6278,2025-09-19 14:00:00,3844.908752333744,3668.561293521543,3366.764844944621
forecast_6279,2025-09-19 15:00:00,3733.94247760983,3639.6100832581446,3364.255970947512
forecast_6280,2025-09-19 16:00:00,3751.9242437938287,3670.512941842257,3370.6900914052662
forecast_6281,2025-09-19 17:00:00,3771.7307819385833,3697.0779108369966,3367.9813686185025
forecast_6282,2025-09-19 18:00:00,3884.9065698758704,3867.933657500049,3416.5568370628216
forecast_6283,2025-09-19 19:00:00,3953.914505533398,3888.4290926210897,3445.174454809269
forecast_6284,2025-09-19 20:00:00,4092.5575330006654,4014.701242001306,3429.810020412552
forecast_6285,2025-09-19 21:00:00,3470.454441494098,3953.176699684958,3438.790769718894
forecast_6286,2025-09-19 22:00:00,4079.649318833714,4291.048064159126,3483.190468961932
forecast_6287,2025-09-19 23:00:00,4920.155141283436,5033.738933144237,3664.629495219024
forecast_6288,2025-09-20 00:00:00,5486.001328199253,5785.491907782333,3701.428181494034
forecast_6289,2025-09-20 01:00:00,6115.684923670749,6233.675192305134,3619.10825258881
forecast_6290,2025-09-20 02:00:00,6926.53612374951,7069.272842870451,4316.273245934319
forecast_6291,2025-09-20 03:00:00,5757.193874150933,6158.061099678755,3401.2779762322425
forecast_6292,2025-09-20 04:00:00,4973.437635106338,4286.854820191113,3685.665809378209
forecast_6293,2025-09-20 05:00:00,5376.176083692788,5083.704963990034,3098.081946178183
forecast_6294,2025-09-20 06:00:00,5261.855766295012,5186.17093346695,3681.739083879404
forecast_6295,2025-09-20 07:00:00,3854.420353116385,3675.851502470426,3544.59309040388
forecast_6296,2025-09-20 08:00:00,3394.758609524924,3268.611912949492,3505.8590212033187
forecast_6297,2025-09-20 09:00:00,3802.93497605485,3731.10319770544,3425.604344556519
forecast_6298,2025-09-20 10:00:00,3819.2799627987074,3730.913301224112,3379.918081197842
forecast_6299,2025-09-20 11:00:00,3841.640330995715,3793.124069210323,3416.429135820182
forecast_6300,2025-09-20 12:00:00,3811.080286576037,3764.132397536024,3404.357513001677
forecast_6301,2025-09-20 13:00:00,3943.346904049756,3912.325893078713,3502.8209002596423
forecast_6302,2025-09-20 14:00:00,3973.111343998793,3895.335895298128,3463.2924544059506
forecast_6303,2025-09-20 15:00:00,4033.31225232295,3842.883850523362,3443.378045000372
forecast_6304,2025-09-20 16:00:00,4009.0639317767223,3832.405592532297,3423.96905962101
forecast_6305,2025-09-20 17:00:00,3964.5450543521592,3746.946910103609,3422.342059394524
forecast_6306,2025-09-20 18:00:00,3929.228045751344,3791.5199064837216,3420.676245598525
forecast_6307,2025-09-20 19:00:00,3887.3955240255423,3846.1565095971982,3426.3918704548514
forecast_6308,2025-09-20 20:00:00,4074.4659528739953,3928.817764940313,3430.433074294001
forecast_6309,2025-09-20 21:00:00,3385.094021605054,3908.974486925182,3470.364264445619
forecast_6310,2025-09-20 22:00:00,3532.0420119504674,3771.944177178555,3549.1297617521013
forecast_6311,2025-09-20 23:00:00,3940.040184338847,4212.32135349443,3646.497984743289
forecast_6312,2025-09-21 00:00:00,4164.684961099648,4489.465020029027,3219.678154887384
forecast_6313,2025-09-21 01:00:00,4417.428123035569,4671.47196414247,3487.591302386118
forecast_6314,2025-09-21 02:00:00,4026.843422311383,4390.238060594227,3446.773802266497
forecast_6315,2025-09-21 03:00:00,3796.498536439156,4242.531974380999,3493.4196631034542
forecast_6316,2025-09-21 04:00:00,3769.9085181414775,4229.709572659458,3561.390848390596
forecast_6317,2025-09-21 05:00:00,3704.793883965069,4152.281736519077,3733.3297423674935
forecast_6318,2025-09-21 06:00:00,4199.336597565595,4587.473661688276,3382.26928908562
forecast_6319,2025-09-21 07:00:00,3977.597121030136,4503.111599130072,3286.445902019217
forecast_6320,2025-09-21 08:00:00,3780.213059534902,4154.979738793981,3660.079728049701
forecast_6321,2025-09-21 09:00:00,3345.736633944417,3704.500602920266,3600.9542990220343
forecast_6322,2025-09-21 10:00:00,3210.8330386876232,3869.798666557095,3560.254210582495
forecast_6323,2025-09-21 11:00:00,4065.563182093374,3877.9794962463566,3504.879453117848
forecast_6324,2025-09-21 12:00:00,3928.864503062172,3788.729534931498,3456.80180136905
forecast_6325,2025-09-21 13:00:00,3952.2637543074857,3778.123456553252,3490.1399751018325
forecast_6326,2025-09-21 14:00:00,3879.4196192456175,3753.077797516647,3479.943582812021
forecast_6327,2025-09-21 15:00:00,3981.875844301097,3828.9650121253726,3436.177224942859
forecast_6328,2025-09-21 16:00:00,4031.812389816504,3898.990215822508,3440.011771347317
forecast_6329,2025-09-21 17:00:00,4056.667167080031,3970.743667974076,3469.6612502730027
forecast_6330,2025-09-21 18:00:00,3322.177902664866,3446.9448462915952,3523.949069555176
forecast_6331,2025-09-21 19:00:00,3492.1778225679845,3957.91912795346,3564.6298087785945
forecast_6332,2025-09-21 20:00:00,3609.3147270979607,4239.594964669523,3603.07366703602
forecast_6333,2025-09-21 21:00:00,3986.385096677108,4722.888953805387,3610.9352586339264
forecast_6334,2025-09-21 22:00:00,4360.389516854495,5061.6500282124825,3608.511340095207
forecast_6335,2025-09-21 23:00:00,4620.074205299566,5379.42367433596,3712.213827796608
forecast_6336,2025-09-22 00:00:00,5398.095180270511,5840.483388773752,3484.935864116612
forecast_6337,2025-09-22 01:00:00,5595.34068741094,6074.856046643364,3690.917206408938
forecast_6338,2025-09-22 02:00:00,5829.043247434571,6062.73727730427,3778.504528497659
forecast_6339,2025-09-22 03:00:00,6123.2891287788125,6641.440117027811,3664.1987917129686
forecast_6340,2025-09-22 04:00:00,6025.704903179069,6484.474322036738,3756.009074189781
forecast_6341,2025-09-22 05:00:00,5987.519939832923,6620.3159607697335,3436.511075486643
forecast_6342,2025-09-22 06:00:00,5978.507596790296,6661.448117377435,3499.2413462886075
forecast_6343,2025-09-22 07:00:00,5703.60370893684,6584.103156693992,3396.986715160387
forecast_6344,2025-09-22 08:00:00,5820.38502310019,6722.946334670622,3402.7623781377097
forecast_6345,2025-09-22 09:00:00,5190.875539725041,6369.065098198,3470.5834717600374
forecast_6346,2025-09-22 10:00:00,4873.724952334918,5891.977059031459,3758.009798637084
forecast_6347,2025-09-22 11:00:00,4290.208869478086,4704.015755519083,3932.543140106556
forecast_6348,2025-09-22 12:00:00,3802.2275867058975,3967.7732891592855,3909.8371420318167
forecast_6349,2025-09-22 13:00:00,3608.1326157030535,3882.744737900989,3982.296790523724
forecast_6350,2025-09-22 14:00:00,3411.4119990757044,3817.663260468896,3765.206011026056
forecast_6351,2025-09-22 15:00:00,4157.259382926743,4098.1633121280975,3584.44581712542
forecast_6352,2025-09-22 16:00:00,3244.079484969348,3553.844016009505,3262.268898166548
forecast_6353,2025-09-22 17:00:00,3336.790641760241,3534.3752238737407,3749.4959387636086
forecast_6354,2025-09-22 18:00:00,3340.483688555218,3606.168500891071,3624.221944724607
forecast_6355,2025-09-22 19:00:00,3370.5337204596926,3664.762060537873,3598.613103546176
forecast_6356,2025-09-22 20:00:00,3546.1714461147967,3662.6365232839817,3611.110863577724
forecast_6357,2025-09-22 21:00:00,3577.354617031597,3773.156654843196,3517.517084272692
forecast_6358,2025-09-22 22:00:00,3570.452658834058,3634.7120925388094,3549.9702239365265
forecast_6359,2025-09-22 23:00:00,3356.81156992354,3621.9111111508905,3486.4168807667547
forecast_6360,2025-09-23 00:00:00,3370.311233497146,3401.992562417259,3418.9317324969297
forecast_6361,2025-09-23 01:00:00,3890.403956685249,3950.96981342888,3375.9172365824943
forecast_6362,2025-09-23 02:00:00,3904.234659241678,3906.4806426088894,3373.900553222441
forecast_6363,2025-09-23 03:00:00,3924.470780501633,3972.678306856095,3372.330735294596
forecast_6364,2025-09-23 04:00:00,4010.1630100043326,4060.4789044389368,3409.079595351581
forecast_6365,2025-09-23 05:00:00,3113.3556620249965,3639.458967440421,3407.540266291021
forecast_6366,2025-09-23 06:00:00,4076.988990892166,3866.401667601677,3399.8513336786154
forecast_6367,2025-09-23 07:00:00,3180.655052579448,3713.0302258885577,3405.766523783805
forecast_6368,2025-09-23 08:00:00,3216.232826721588,3624.986037393319,3394.5265174392725
forecast_6369,2025-09-23 09:00:00,3045.061368628145,3413.813104472704,3400.368758189712
forecast_6370,2025-09-23 10:00:00,3950.151542496245,3911.0258292605663,3389.549017781254
forecast_6371,2025-09-23 11:00:00,3884.925350262927,3865.509406800632,3388.414570031447
forecast_6372,2025-09-23 12:00:00,3798.418405476672,3729.146938391547,3376.0338954993817
forecast_6373,2025-09-23 13:00:00,3796.5709741526016,3741.546112922839,3377.1748930593844
forecast_6374,2025-09-23 14:00:00,3763.355236996281,3721.659833744825,3374.4540681233752
forecast_6375,2025-09-23 15:00:00,3809.313628351192,3731.527841818396,3382.709895892092
forecast_6376,2025-09-23 16:00:00,3793.004304231481,3720.65741962414,3378.560599723559
forecast_6377,2025-09-23 17:00:00,3833.6435476381416,3756.587334659731,3394.650471000953
forecast_6378,2025-09-23 18:00:00,3100.353041538589,3809.353464805607,3473.7525605970245
forecast_6379,2025-09-23 19:00:00,3283.0644767645726,3844.145446223356,3423.745890623577
forecast_6380,2025-09-23 20:00:00,3236.0550459045203,2906.985351242506,3436.460332212848
forecast_6381,2025-09-23 21:00:00,3195.1604390560565,2938.328360680881,3383.0342762688697
forecast_6382,2025-09-23 22:00:00,3320.662129451622,3153.3645176502355,3401.852955666672
forecast_6383,2025-09-23 23:00:00,4085.891532063138,4054.54481329845,3385.3192545034703
forecast_6384,2025-09-24 00:00:00,4085.118625521776,4004.043069801903,3410.042397662452
forecast_6385,2025-09-24 01:00:00,3664.757172737972,3961.602421329697,3400.3296813280194
forecast_6386,2025-09-24 02:00:00,4094.742212893383,4072.467964871436,3412.090272447605
forecast_6387,2025-09-24 03:00:00,4734.875759164267,4208.263083806426,3452.768563938272
forecast_6388,2025-09-24 04:00:00,5180.1531294608885,4754.364672715988,3699.562493036157
forecast_6389,2025-09-24 05:00:00,5808.989709666099,5347.697444219317,3847.63047307733
forecast_6390,2025-09-24 06:00:00,6038.721243124002,5778.343631757383,4063.799944981368
forecast_6391,2025-09-24 07:00:00,5362.2209662975565,5489.3046233536525,3556.615580606898
forecast_6392,2025-09-24 08:00:00,5431.943287918528,6043.920176372776,3665.0260069558967
forecast_6393,2025-09-24 09:00:00,5892.080001076911,7095.932089325963,3672.1179468738624
forecast_6394,2025-09-24 10:00:00,6792.391689599275,7754.424726236993,4954.874476875562
forecast_6395,2025-09-24 11:00:00,7833.23556458642,9630.04060328878,6125.899863408495
forecast_6396,2025-09-24 12:00:00,8709.83537796468,10182.7633573186,7744.3848018086355
forecast_6397,2025-09-24 13:00:00,9551.698344087425,11080.733985689076,8711.603997745457
forecast_6398,2025-09-24 14:00:00,10386.76350627044,10886.252896876009,9422.970896227813
forecast_6399,2025-09-24 15:00:00,10703.3948697524,10795.131535273556,9542.485634503031
forecast_6400,2025-09-24 16:00:00,10390.789233818216,10722.93313655907,9375.929838535065
forecast_6401,2025-09-24 17:00:00,9926.408491961827,10878.779567614843,8847.806432373138
forecast_6402,2025-09-24 18:00:00,9802.974292613968,11548.08343296482,8809.173103939449
forecast_6403,2025-09-24 19:00:00,10392.91405085234,12462.525247387302,9364.502365025386
forecast_6404,2025-09-24 20:00:00,12778.13754780306,13682.944392994168,13746.780908836878
forecast_6405,2025-09-24 21:00:00,14831.523184451487,15479.86215937695,14528.42641025076
forecast_6406,2025-09-24 22:00:00,15233.328862461398,16983.452273555315,15526.996097341676
forecast_6407,2025-09-24 23:00:00,15570.2124646684,17405.026531582214,16486.6723204138
forecast_6408,2025-09-25 00:00:00,15714.345173819353,17341.635821375625,16747.44028191061
forecast_6409,2025-09-25 01:00:00,16889.86599481662,17702.764639238932,17111.25180783294
forecast_6410,2025-09-25 02:00:00,17088.94887967063,18004.014330699312,17021.0056281595
forecast_6411,2025-09-25 03:00:00,17656.030513068938,18124.70985969145,17308.242407832793
forecast_6412,2025-09-25 04:00:00,17591.122987627106,18358.46577346973,17640.34764980091
forecast_6413,2025-09-25 05:00:00,16524.256395382523,17920.19562882134,16972.250285382575
forecast_6414,2025-09-25 06:00:00,16679.587413774523,17973.57541237375,16874.104983447054
forecast_6415,2025-09-25 07:00:00,15098.533495125044,16874.155186427004,16391.142120880606
forecast_6416,2025-09-25 08:00:00,14545.649474477885,16335.458827133149,15999.73008657222
forecast_6417,2025-09-25 09:00:00,14612.041657218017,16287.521492368998,15839.357900384042
forecast_6418,2025-09-25 10:00:00,14872.299471737291,16168.060497593237,15632.000789931775
forecast_6419,2025-09-25 11:00:00,14648.111158842014,15738.612522742304,15253.7517417568
forecast_6420,2025-09-25 12:00:00,14490.839486079549,15064.837115485634,14474.52856885006
forecast_6421,2025-09-25 13:00:00,13741.466527977136,14333.241501513114,13654.379643252249
forecast_6422,2025-09-25 14:00:00,13338.880408111216,13546.558661537654,13225.550862887523
forecast_6423,2025-09-25 15:00:00,13490.325362505477,13524.422356863375,13333.28342027174
forecast_6424,2025-09-25 16:00:00,14291.751582053264,14241.76608539771,13496.415071081416
forecast_6425,2025-09-25 17:00:00,13968.26200856796,14035.628852831576,12727.656546583512
forecast_6426,2025-09-25 18:00:00,15156.888222290749,14562.052585063346,12742.541197913066
forecast_6427,2025-09-25 19:00:00,14603.170335407342,14235.7023037134,11778.759017698489
forecast_6428,2025-09-25 20:00:00,13876.44731922066,13406.087275268465,11449.046593200575
forecast_6429,2025-09-25 21:00:00,15288.563154396055,13929.354911107806,10750.202835177246
forecast_6430,2025-09-25 22:00:00,14961.430654053343,14030.8677368368,10553.927525864616
forecast_6431,2025-09-25 23:00:00,14082.052585570564,13134.438827590197,11179.71007787434
forecast_6432,2025-09-26 00:00:00,12888.201611305132,12493.418231340676,11466.76084318734
forecast_6433,2025-09-26 01:00:00,9831.78622056824,9870.695462347045,7724.847559589974
forecast_6434,2025-09-26 02:00:00,8737.20606310126,8443.108091577698,6908.083603058653
forecast_6435,2025-09-26 03:00:00,6568.811896012238,6122.611275197134,5604.899344971462
forecast_6436,2025-09-26 04:00:00,4520.817368901142,4143.276018264394,3700.319973446564
forecast_6437,2025-09-26 05:00:00,3616.302268969752,3896.571462675058,3441.1856928685897
forecast_6438,2025-09-26 06:00:00,3963.8599347098966,3788.098511177832,3384.3440589670327
forecast_6439,2025-09-26 07:00:00,3788.044003960466,3731.770862682588,3366.2904937601143
forecast_6440,2025-09-26 08:00:00,3741.485549647166,3675.8339885208834,3363.613150066148
forecast_6441,2025-09-26 09:00:00,3711.673318470688,3628.40093127956,3360.9950973090545
forecast_6442,2025-09-26 10:00:00,3706.241016969225,3622.16586194748,3360.6872067335075
forecast_6443,2025-09-26 11:00:00,3703.221346651744,3616.0161036562954,3360.7246903910464
forecast_6444,2025-09-26 12:00:00,3703.4205991312942,3614.232018839392,3360.6570970708003
forecast_6445,2025-09-26 13:00:00,3701.913338353649,3613.562620535283,3360.5852947303206
forecast_6446,2025-09-26 14:00:00,3701.295695260888,3611.589969501227,3360.5910339342363
forecast_6447,2025-09-26 15:00:00,3700.939815642689,3612.042800253597,3360.543672723488
forecast_6448,2025-09-26 16:00:00,3700.985198813136,3613.039404201468,3360.711289017648
forecast_6449,2025-09-26 17:00:00,3703.584053000797,3614.6277724727834,3360.963839044813
forecast_6450,2025-09-26 18:00:00,3705.250700563856,3613.943127251873,3361.488023187266
forecast_6451,2025-09-26 19:00:00,3706.637874866869,3614.2835157017744,3361.4869414289706
forecast_6452,2025-09-26 20:00:00,3710.8281647551153,3615.332659542164,3361.4363784307434
forecast_6453,2025-09-26 21:00:00,3740.802000911898,3624.798296755784,3361.8020729332416
forecast_6454,2025-09-26 22:00:00,3719.436497126314,3621.537384859223,3361.924822866732
forecast_6455,2025-09-26 23:00:00,3725.813234331243,3623.3912243236864,3362.0887888469283
forecast_6456,2025-09-27 00:00:00,3723.334136588254,3627.010890686649,3361.92116715571
forecast_6457,2025-09-27 01:00:00,3846.6046799910914,3696.306698933781,3361.8689367671227
forecast_6458,2025-09-27 02:00:00,3929.352903313597,3698.809181739232,3361.475894788876
forecast_6459,2025-09-27 03:00:00,3883.555990485545,3717.325726340645,3362.5170088028785
forecast_6460,2025-09-27 04:00:00,3965.844461416556,3839.515088053849,3365.3241347966878
forecast_6461,2025-09-27 05:00:00,4021.781104336139,3862.640986636825,3365.9186858082685
forecast_6462,2025-09-27 06:00:00,3981.814228333739,3843.483133886397,3364.4887821736065
forecast_6463,2025-09-27 07:00:00,3879.73165968461,3753.480798953659,3363.126383804813
forecast_6464,2025-09-27 08:00:00,3903.831091676269,3737.582262837888,3365.7746588463683
forecast_6465,2025-09-27 09:00:00,3720.505722822613,3648.616358208611,3361.735449119535
forecast_6466,2025-09-27 10:00:00,3716.385874598761,3617.376006189431,3362.5737055262607
forecast_6467,2025-09-27 11:00:00,3707.266257544447,3616.918177750798,3364.2530010091327
forecast_6468,2025-09-27 12:00:00,3706.397204335459,3615.343442386186,3362.234898283192
forecast_6469,2025-09-27 13:00:00,3703.435880768407,3614.0893776045873,3362.114804844696
forecast_6470,2025-09-27 14:00:00,3702.121589299976,3614.2651509845823,3362.112219653072
forecast_6471,2025-09-27 15:00:00,3704.910600326971,3616.179273012696,3362.36770699911
forecast_6472,2025-09-27 16:00:00,3705.409032341285,3614.5054712172514,3361.883413819612
forecast_6473,2025-09-27 17:00:00,3716.747739917642,3634.801022041658,3368.7994619128517
forecast_6474,2025-09-27 18:00:00,3736.649880201572,3647.3549103151,3384.3392659646074
forecast_6475,2025-09-27 19:00:00,3851.557459787137,3710.686170264261,3395.194252629969
forecast_6476,2025-09-27 20:00:00,3864.429182781756,3711.11436734872,3379.4670612141726
forecast_6477,2025-09-27 21:00:00,3890.49616988748,3808.303737152225,3376.633505867685
forecast_6478,2025-09-27 22:00:00,4044.280000047948,3945.8848017921937,3423.120619341334
forecast_6479,2025-09-27 23:00:00,4423.173893643667,3918.292602129695,3541.1056538568496
forecast_6480,2025-09-28 00:00:00,5059.7881858071605,4482.640408455355,3539.989036573404
forecast_6481,2025-09-28 01:00:00,5723.963240401111,5483.902247574316,3765.154663439484
forecast_6482,2025-09-28 02:00:00,6249.877480877403,6197.267157158639,4208.619540425633
forecast_6483,2025-09-28 03:00:00,6464.266602815324,6474.31844723643,4340.977062864727
forecast_6484,2025-09-28 04:00:00,6490.448931882355,6514.195531950711,4578.085902591961
forecast_6485,2025-09-28 05:00:00,6530.959195843976,6618.146247814394,4877.350354935614
forecast_6486,2025-09-28 06:00:00,5361.357944675078,5454.3907815351695,3563.329616772133
forecast_6487,2025-09-28 07:00:00,4451.6275090455565,4503.624496872274,3423.567764687814
forecast_6488,2025-09-28 08:00:00,4129.35519745405,4508.204364610344,3482.5855910901623
forecast_6489,2025-09-28 09:00:00,3960.406329866967,4060.374853618873,3474.6138686022064
forecast_6490,2025-09-28 10:00:00,4099.744355313797,4096.891279856664,3673.727049793887
forecast_6491,2025-09-28 11:00:00,3678.223934404799,4048.316304566198,3532.2246272709144
forecast_6492,2025-09-28 12:00:00,3938.9314317437447,3624.01638460999,3510.331689399262
forecast_6493,2025-09-28 13:00:00,3966.0066404882814,4064.061274963829,3429.6948483183887
forecast_6494,2025-09-28 14:00:00,4072.666626284634,4056.12502641572,3552.793892847176
forecast_6495,2025-09-28 15:00:00,3755.462137834849,4040.220515327228,3474.428779211352
forecast_6496,2025-09-28 16:00:00,3902.484980577221,4039.595867672748,3673.913293132811
forecast_6497,2025-09-28 17:00:00,3918.068268131936,4024.6697519321847,3634.082375833952
forecast_6498,2025-09-28 18:00:00,3867.407277832712,3820.663869754628,3648.089276950735
forecast_6499,2025-09-28 19:00:00,4307.794775965048,4284.426180067127,3778.855612328022
forecast_6500,2025-09-28 20:00:00,4547.463420516351,4267.175078482932,3730.108577068917
forecast_6501,2025-09-28 21:00:00,4764.060282220773,4454.989694633953,3821.963605105695
forecast_6502,2025-09-28 22:00:00,4386.145167157083,4006.517749437879,3584.9448786376925
forecast_6503,2025-09-28 23:00:00,4203.772873712483,3761.4488120809615,3506.3403513393646
forecast_6504,2025-09-29 00:00:00,4083.717800880466,4033.8730942929233,3519.070182002817
forecast_6505,2025-09-29 01:00:00,4053.953778184036,3981.9879083518695,3571.210779944127
forecast_6506,2025-09-29 02:00:00,4077.4819521923255,4017.080144992157,3506.488165472444
forecast_6507,2025-09-29 03:00:00,4011.6223029146254,3968.86479602913,3441.6916958639854
forecast_6508,2025-09-29 04:00:00,4022.421762419022,3925.038490012853,3438.024524929768
forecast_6509,2025-09-29 05:00:00,3912.752779014813,3825.075962025896,3437.9334823405525
forecast_6510,2025-09-29 06:00:00,3799.604551573865,3694.281951022812,3378.113980888446
forecast_6511,2025-09-29 07:00:00,3747.858121103644,3655.7327489326617,3369.478648943788
forecast_6512,2025-09-29 08:00:00,3772.0280020520895,3644.585483826652,3371.6122624037835
forecast_6513,2025-09-29 09:00:00,3729.107306906496,3633.141163954488,3364.4805015667807
forecast_6514,2025-09-29 10:00:00,3706.231220374847,3618.3313922860257,3366.380079273553
forecast_6515,2025-09-29 11:00:00,3704.309619219704,3617.9328555778247,3368.339831700839
forecast_6516,2025-09-29 12:00:00,3707.586429622016,3618.917140728765,3362.300925754042
forecast_6517,2025-09-29 13:00:00,3707.363026560234,3615.484473318261,3362.488722292022
forecast_6518,2025-09-29 14:00:00,3708.893000697944,3620.091823417814,3362.725685222982
forecast_6519,2025-09-29 15:00:00,3708.0720302555833,3619.091791893833,3362.707879892986
forecast_6520,2025-09-29 16:00:00,3710.1935697554313,3625.039175689885,3363.992255615102
forecast_6521,2025-09-29 17:00:00,3708.1507487590457,3623.634425148867,3362.818424934579
forecast_6522,2025-09-29 18:00:00,3710.2950186139087,3620.678370607248,3362.173622311803
forecast_6523,2025-09-29 19:00:00,3711.7683068319006,3627.739400001871,3363.904121530636
forecast_6524,2025-09-29 20:00:00,3708.941054514669,3625.901025079967,3363.0477601688426
forecast_6525,2025-09-29 21:00:00,3713.847618237025,3625.511552862767,3365.1483095457343
forecast_6526,2025-09-29 22:00:00,3743.690057252435,3668.050441584855,3373.805546102993
forecast_6527,2025-09-29 23:00:00,3787.963008539912,3687.783359969052,3391.971906824544
forecast_6528,2025-09-30 00:00:00,3814.231372363744,3719.108228935794,3370.059408586168
forecast_6529,2025-09-30 01:00:00,3881.435241239792,3812.7439002106335,3381.333844762152
forecast_6530,2025-09-30 02:00:00,3986.4922631945246,3849.53784909371,3375.31065159744
forecast_6531,2025-09-30 03:00:00,3932.768366057009,3758.484029634288,3382.994447790571
forecast_6532,2025-09-30 04:00:00,4067.982001806392,3888.258460974292,3436.466801978889
forecast_6533,2025-09-30 05:00:00,2957.531735901181,3615.3559101288474,3403.8219349634933
forecast_6534,2025-09-30 06:00:00,3951.9180904041327,3805.227253759813,3377.710988944139
forecast_6535,2025-09-30 07:00:00,3935.546908286921,3754.200229843838,3368.792518113107
forecast_6536,2025-09-30 08:00:00,3813.517200848296,3716.703238666164,3367.144261567538
forecast_6537,2025-09-30 09:00:00,3756.410432105216,3675.894888628172,3365.116914387958
forecast_6538,2025-09-30 10:00:00,3743.32052373184,3645.739609475491,3365.1964169805965
forecast_6539,2025-09-30 11:00:00,3728.4669817306863,3637.565516875785,3364.840915020726
forecast_6540,2025-09-30 12:00:00,3747.17923608734,3662.106146071768,3375.159236623623
forecast_6541,2025-09-30 13:00:00,3738.62952785641,3634.506147027916,3364.9952564531995
forecast_6542,2025-09-30 14:00:00,3735.42990260378,3644.159776758691,3365.049530919956
forecast_6543,2025-09-30 15:00:00,3781.4095703952553,3702.021404302916,3375.6680712178045
forecast_6544,2025-09-30 16:00:00,3845.0323138424014,3760.657614734368,3379.6882252537885
forecast_6545,2025-09-30 17:00:00,3913.4218167719296,3804.1599558982025,3388.0504036147604
forecast_6546,2025-09-30 18:00:00,4023.7460819627113,3891.641429681401,3464.227672883228
forecast_6547,2025-09-30 19:00:00,4107.919478021648,4044.2529424901504,3589.451653392865
forecast_6548,2025-09-30 20:00:00,4783.185169830504,4230.628689051498,3603.731931040054
forecast_6549,2025-09-30 21:00:00,5567.175831102103,5184.431266863558,3622.707329841096
forecast_6550,2025-09-30 22:00:00,6278.956250083464,6060.403892022386,3698.20509077672
forecast_6551,2025-09-30 23:00:00,6747.860166173132,6623.739550353338,3722.787479162016
forecast_6552,2025-10-01 00:00:00,7096.295323594787,7251.715335010683,5009.102786556632
forecast_6553,2025-10-01 01:00:00,8131.40817860364,8361.86657012361,5946.657170926816
forecast_6554,2025-10-01 02:00:00,8193.617658937143,8541.579829872751,6030.57065926413
forecast_6555,2025-10-01 03:00:00,8483.897555294541,8669.239327016545,5875.435244534736
forecast_6556,2025-10-01 04:00:00,8327.784283422598,8065.095808891476,5406.195827417208
forecast_6557,2025-10-01 05:00:00,7627.886148987282,7071.130066999443,4964.119814064725
forecast_6558,2025-10-01 06:00:00,6207.533064979455,5606.498525863181,4667.632071086161
forecast_6559,2025-10-01 07:00:00,4516.757024150959,4207.897980084209,3635.2371969744727
forecast_6560,2025-10-01 08:00:00,3577.069711638368,3913.107794745588,3417.121209605427
forecast_6561,2025-10-01 09:00:00,3987.3403343456566,3892.1864478871994,3402.6820279212666
forecast_6562,2025-10-01 10:00:00,3858.612060094263,3691.5001488111066,3387.896689119742
forecast_6563,2025-10-01 11:00:00,3794.441577628976,3680.836209721128,3372.27753706741
forecast_6564,2025-10-01 12:00:00,3765.2766337340863,3691.9914260378578,3392.4378184217508
forecast_6565,2025-10-01 13:00:00,3771.728565837463,3707.5138875084426,3408.379454171168
forecast_6566,2025-10-01 14:00:00,3791.2949635277146,3729.383413613392,3393.3718803224074
forecast_6567,2025-10-01 15:00:00,3833.51769829418,3792.815944397013,3410.643058857274
forecast_6568,2025-10-01 16:00:00,3841.755607664141,3754.787449428435,3440.0964995922773
forecast_6569,2025-10-01 17:00:00,4063.22411067894,3899.5362524955976,3472.100885212879
forecast_6570,2025-10-01 18:00:00,4054.058737100535,4023.827817891076,3661.769591248869
forecast_6571,2025-10-01 19:00:00,5235.9642555213295,4508.233267535905,3726.3593555422144
forecast_6572,2025-10-01 20:00:00,5462.110425895431,4683.195203759463,4650.893573018025
forecast_6573,2025-10-01 21:00:00,5158.4579329346925,4055.0368248657096,4076.460113253759
forecast_6574,2025-10-01 22:00:00,5150.399265223621,4305.576377537915,4082.827859259233
forecast_6575,2025-10-01 23:00:00,4639.523325088376,4201.127451687414,3707.14142688333
forecast_6576,2025-10-02 00:00:00,5169.5657961067,4237.196242339509,4116.390798693166
forecast_6577,2025-10-02 01:00:00,5385.523688689381,5227.750383623604,4422.8229063158615
forecast_6578,2025-10-02 02:00:00,4697.189978146585,4540.9224370253805,3743.237764273037
forecast_6579,2025-10-02 03:00:00,4396.338610933241,4064.020235796646,3645.769466685096
forecast_6580,2025-10-02 04:00:00,3622.996871441672,3893.922130261873,3697.960600374688
forecast_6581,2025-10-02 05:00:00,4088.0694349997466,3895.3897741628334,3511.673420270969
forecast_6582,2025-10-02 06:00:00,3813.258191338513,3695.440573791309,3388.2795035087547
forecast_6583,2025-10-02 07:00:00,3791.1372944857135,3678.598817120472,3367.610696954399
forecast_6584,2025-10-02 08:00:00,3727.549288705911,3640.708106012286,3368.532919255332
forecast_6585,2025-10-02 09:00:00,3705.6490553840554,3616.707280772073,3362.078626665342
forecast_6586,2025-10-02 10:00:00,3703.666599452483,3612.5966124626902,3361.6808217612765
forecast_6587,2025-10-02 11:00:00,3702.193233212953,3611.893281423456,3361.1142317277304
forecast_6588,2025-10-02 12:00:00,3701.327484898362,3611.8097371724393,3360.8121369481346
forecast_6589,2025-10-02 13:00:00,3701.22796376169,3615.952761331179,3360.7781763666326
forecast_6590,2025-10-02 14:00:00,3702.0639498172422,3615.52132887395,3361.0040768618305
forecast_6591,2025-10-02 15:00:00,3701.550427423372,3613.5668404970297,3360.891313491478
forecast_6592,2025-10-02 16:00:00,3703.033629104051,3617.415857531027,3360.9031942685406
forecast_6593,2025-10-02 17:00:00,3707.4803498687775,3616.865336932694,3361.2935895746778
forecast_6594,2025-10-02 18:00:00,3720.618093746332,3623.2459867772295,3361.5310673742424
forecast_6595,2025-10-02 19:00:00,3716.183373817911,3620.598739204035,3361.5309232792333
forecast_6596,2025-10-02 20:00:00,3717.0103721361306,3616.331629473442,3361.587537515189
forecast_6597,2025-10-02 21:00:00,3725.19966271327,3624.872727742932,3362.292531192041
forecast_6598,2025-10-02 22:00:00,3726.36813970295,3631.1403096871713,3361.631540035312
forecast_6599,2025-10-02 23:00:00,3733.0908908198808,3627.947144269369,3361.1504003486084
forecast_6600,2025-10-03 00:00:00,3737.884811931314,3644.195549794944,3362.025666114434
forecast_6601,2025-10-03 01:00:00,3832.7802620936927,3781.3236644597673,3364.475151852876
forecast_6602,2025-10-03 02:00:00,3932.8885189421303,3827.863975721069,3372.2725060295948
forecast_6603,2025-10-03 03:00:00,3205.9658737882983,3843.5075540492894,3384.883569908185
forecast_6604,2025-10-03 04:00:00,4038.857311778446,3933.6063794337424,3427.085963975712
forecast_6605,2025-10-03 05:00:00,3384.281637227709,3909.5397673647294,3461.041979985121
forecast_6606,2025-10-03 06:00:00,3423.6706888953045,3868.3266896963937,3506.8742546047606
forecast_6607,2025-10-03 07:00:00,3521.766573416675,4080.016706781527,3514.9874592318806
forecast_6608,2025-10-03 08:00:00,3953.629025659266,4535.583282346574,3594.3320887422774
forecast_6609,2025-10-03 09:00:00,3917.070385078502,4550.026838600132,3741.661737590268
forecast_6610,2025-10-03 10:00:00,3751.775464383818,3904.2363987987897,3718.259473375784
forecast_6611,2025-10-03 11:00:00,3493.1001959860373,4002.541870305544,3699.7323270766447
forecast_6612,2025-10-03 12:00:00,3501.106843648957,3711.9946167241774,3741.0730236805994
forecast_6613,2025-10-03 13:00:00,3513.5042167800907,3970.735288178987,3681.961489932731
forecast_6614,2025-10-03 14:00:00,3289.157240656942,3940.4209795069896,3623.125414261198
forecast_6615,2025-10-03 15:00:00,3410.416821722961,3978.729647885314,3718.9054790489377
forecast_6616,2025-10-03 16:00:00,3760.386368976392,4125.854043666463,3313.932736813337
forecast_6617,2025-10-03 17:00:00,4098.465354834221,4558.364651984035,3733.8153347403536
forecast_6618,2025-10-03 18:00:00,4387.135951381099,4841.318688452116,3327.1956807006004
forecast_6619,2025-10-03 19:00:00,5072.432477541267,5593.746452651683,4254.802053612667
forecast_6620,2025-10-03 20:00:00,5308.306370247637,5192.585155347194,3752.1721479443872
forecast_6621,2025-10-03 21:00:00,5598.562349133126,5680.770949346765,3667.6616433770873
forecast_6622,2025-10-03 22:00:00,4947.088169780765,5033.857406868592,3029.6426800892223
forecast_6623,2025-10-03 23:00:00,4645.638559158145,4556.68535359643,3762.607953632413
forecast_6624,2025-10-04 00:00:00,4006.61948877281,4132.809073158759,3625.1620514705146
forecast_6625,2025-10-04 01:00:00,3542.122572418379,3809.836241592287,3649.1092700313793
forecast_6626,2025-10-04 02:00:00,3393.510760627767,3747.0424967919785,3472.1235978026834
forecast_6627,2025-10-04 03:00:00,3439.6736909868155,3739.5700622850914,3458.8782292822084
forecast_6628,2025-10-04 04:00:00,3322.9202454829297,3540.477417485145,3446.77797895032
forecast_6629,2025-10-04 05:00:00,3140.661930226257,3313.2721584890373,3420.97493463832
forecast_6630,2025-10-04 06:00:00,3221.918327714788,3939.068729978966,3425.707581820772
forecast_6631,2025-10-04 07:00:00,4082.369958776557,4055.954758478041,3408.853941518493
forecast_6632,2025-10-04 08:00:00,4066.720940805239,4002.146233190343,3413.3929676495354
forecast_6633,2025-10-04 09:00:00,4007.59502548924,3993.404851115922,3407.650109695842
forecast_6634,2025-10-04 10:00:00,3892.253343067149,3877.450085569292,3385.1648562094138
forecast_6635,2025-10-04 11:00:00,3792.894213958376,3807.62022637568,3391.944867173489
forecast_6636,2025-10-04 12:00:00,3751.6416095029176,3715.167452975088,3375.238774297028
forecast_6637,2025-10-04 13:00:00,3766.12444658362,3734.8394598975024,3385.339744665156
forecast_6638,2025-10-04 14:00:00,3793.707683312487,3768.848202459868,3392.2554790267664
forecast_6639,2025-10-04 15:00:00,3769.9739809616954,3739.137510794863,3380.1081241275274
forecast_6640,2025-10-04 16:00:00,3770.243875728688,3735.722600408708,3389.301612023759
forecast_6641,2025-10-04 17:00:00,3785.333479184012,3763.727591617269,3393.577858418528
forecast_6642,2025-10-04 18:00:00,3771.51048266843,3732.38304973639,3390.438423324511
forecast_6643,2025-10-04 19:00:00,3769.1754822074495,3725.565378897413,3402.6337990169427
forecast_6644,2025-10-04 20:00:00,3755.8066895958864,3684.30984003471,3395.1808372579253
forecast_6645,2025-10-04 21:00:00,3722.875797211792,3649.502172715708,3373.5763205940834
forecast_6646,2025-10-04 22:00:00,3715.744555750565,3638.666048089767,3370.674731928628
forecast_6647,2025-10-04 23:00:00,3713.419459380296,3634.491843337267,3367.390220687384
forecast_6648,2025-10-05 00:00:00,3725.1135360931694,3640.123851027021,3363.794334950901
forecast_6649,2025-10-05 01:00:00,3740.300298565947,3655.717760365724,3372.142706982384
forecast_6650,2025-10-05 02:00:00,3718.26634238458,3634.203243730629,3368.6131286517475
forecast_6651,2025-10-05 03:00:00,3718.086592923309,3642.418782261442,3362.255981265666
forecast_6652,2025-10-05 04:00:00,3705.107873751557,3618.3083858835103,3361.960743018493
forecast_6653,2025-10-05 05:00:00,3706.402049816553,3621.330864500281,3361.20539594445
forecast_6654,2025-10-05 06:00:00,3703.111765597345,3615.554706590974,3361.6107582524924
forecast_6655,2025-10-05 07:00:00,3701.54838689399,3613.0026816732056,3361.466094452259
forecast_6656,2025-10-05 08:00:00,3702.915356430897,3615.078803452872,3360.990027741077
forecast_6657,2025-10-05 09:00:00,3701.904177928466,3613.592485339455,3361.616617487515
forecast_6658,2025-10-05 10:00:00,3703.133758685645,3613.0542654147416,3361.1294134364152
forecast_6659,2025-10-05 11:00:00,3705.3053656175975,3615.367082917264,3361.326160636581
forecast_6660,2025-10-05 12:00:00,3702.3060535759496,3615.0706758191855,3360.789703852341
forecast_6661,2025-10-05 13:00:00,3701.864255645591,3613.404537060443,3360.994856219658
forecast_6662,2025-10-05 14:00:00,3705.156029135284,3613.314893508855,3360.8669075524726
forecast_6663,2025-10-05 15:00:00,3705.650984124859,3613.4860704391913,3361.1269943489337
forecast_6664,2025-10-05 16:00:00,3709.064610418165,3618.94619625116,3361.950996749424
forecast_6665,2025-10-05 17:00:00,3714.2663955194585,3619.671138748729,3361.2139332103206
forecast_6666,2025-10-05 18:00:00,3716.723931793033,3624.854556744879,3363.3088292491348
forecast_6667,2025-10-05 19:00:00,3731.855247118721,3654.711968241246,3365.2359360191454
forecast_6668,2025-10-05 20:00:00,3748.683143440196,3688.9110006286655,3369.2969445566005
forecast_6669,2025-10-05 21:00:00,3733.033359352848,3665.887043622403,3369.059859463091
forecast_6670,2025-10-05 22:00:00,3738.7835272485295,3676.575741816625,3365.656771382876
forecast_6671,2025-10-05 23:00:00,3798.546413448055,3744.2597958252873,3369.354739626909
forecast_6672,2025-10-06 00:00:00,3979.5154327074106,3851.710309071009,3378.087146428012
forecast_6673,2025-10-06 01:00:00,3994.679806299332,4078.29341964452,3484.487834019786
forecast_6674,2025-10-06 02:00:00,3611.8486433715393,4082.392802544025,3530.3232094654168
forecast_6675,2025-10-06 03:00:00,4350.283500171691,4557.28147267609,3585.486985145832
forecast_6676,2025-10-06 04:00:00,4746.873078806411,5029.056148306504,3602.676348644753
forecast_6677,2025-10-06 05:00:00,5153.535856682843,5693.626987504574,3773.444850030631
forecast_6678,2025-10-06 06:00:00,6053.911892515275,6933.462778049963,4791.194988517732
forecast_6679,2025-10-06 07:00:00,6853.622330704771,8044.728353282677,5149.83728625932
forecast_6680,2025-10-06 08:00:00,7457.964744599833,8563.377099693704,6085.846047948724
forecast_6681,2025-10-06 09:00:00,8187.513892217199,8981.409622157506,6448.347924221124
forecast_6682,2025-10-06 10:00:00,7871.775519900665,8350.821327069663,6078.025939929756
forecast_6683,2025-10-06 11:00:00,6368.218288171024,7315.39304522414,5637.249160825491
forecast_6684,2025-10-06 12:00:00,5599.007667858562,6672.968928981335,5205.078775303867
forecast_6685,2025-10-06 13:00:00,5146.476089666916,6192.569568340989,4790.819357621509
forecast_6686,2025-10-06 14:00:00,4931.356541519891,6123.787736657461,3712.482245898054
forecast_6687,2025-10-06 15:00:00,5368.705745797107,6598.824818367455,3746.553628809797
forecast_6688,2025-10-06 16:00:00,6196.480661959256,7400.702947896101,3662.6255144735046
forecast_6689,2025-10-06 17:00:00,6599.08614774278,7936.062921270051,5326.784341190732
forecast_6690,2025-10-06 18:00:00,7643.109558125076,8696.124796851875,6540.707970079853
forecast_6691,2025-10-06 19:00:00,8972.053778699425,10021.236127520891,7318.95413610634
forecast_6692,2025-10-06 20:00:00,10840.397636192987,11525.88795060046,8350.04956462344
forecast_6693,2025-10-06 21:00:00,12167.146465043132,12883.04059120562,9342.772653350665
forecast_6694,2025-10-06 22:00:00,13163.104548475492,13242.884299502355,9943.906049721025
forecast_6695,2025-10-06 23:00:00,12734.983915336104,13233.71739330348,9166.28303041496
forecast_6696,2025-10-07 00:00:00,13340.8568220359,13940.173099996857,10979.1692169416
forecast_6697,2025-10-07 01:00:00,12000.97571466983,12999.189051386178,10374.006858556895
forecast_6698,2025-10-07 02:00:00,10035.602547529124,11129.13183028162,8581.759832866677
forecast_6699,2025-10-07 03:00:00,9055.824038741652,9995.661608106511,7840.124743480513
forecast_6700,2025-10-07 04:00:00,8622.321249477776,9444.116643631363,7499.366314979963
forecast_6701,2025-10-07 05:00:00,8777.424465510237,9142.804843259615,6463.195678560302
forecast_6702,2025-10-07 06:00:00,8522.28384803601,8543.386458864228,6513.367175997374
forecast_6703,2025-10-07 07:00:00,6927.158396855666,7171.599840628113,4821.16729306962
forecast_6704,2025-10-07 08:00:00,6281.925284126567,6526.685808684635,3763.223619786799
forecast_6705,2025-10-07 09:00:00,5119.902868553966,5745.66444303121,3734.241297803162
forecast_6706,2025-10-07 10:00:00,4048.919046605582,4650.866647844164,3640.2488435153614
forecast_6707,2025-10-07 11:00:00,3887.821378619812,4232.962581540028,3593.6825280612466
forecast_6708,2025-10-07 12:00:00,3391.42878170242,3923.13999450441,3462.4907779975138
forecast_6709,2025-10-07 13:00:00,3298.5419778298883,3778.557456232923,3457.4792685152056
forecast_6710,2025-10-07 14:00:00,3103.0531410813696,3786.098672090445,3411.081451251333
forecast_6711,2025-10-07 15:00:00,2952.87075828998,3695.3488337447006,3404.708392048597
forecast_6712,2025-10-07 16:00:00,2898.493949756715,3647.609866689677,3382.8489915010787
forecast_6713,2025-10-07 17:00:00,3975.3468304016415,3751.914868003601,3374.811862766296
forecast_6714,2025-10-07 18:00:00,3865.009170960973,3725.825424601584,3388.4489943948497
forecast_6715,2025-10-07 19:00:00,3853.695443692932,3735.954017771727,3379.227625270384
forecast_6716,2025-10-07 20:00:00,3751.0092952114055,3668.4974375717375,3363.517246155631
forecast_6717,2025-10-07 21:00:00,3736.1646382337176,3634.3531373092974,3362.567898307197
forecast_6718,2025-10-07 22:00:00,3716.910535594964,3622.355441429679,3361.7694941229893
forecast_6719,2025-10-07 23:00:00,3745.422220606415,3630.741080521892,3362.1758973973133
forecast_6720,2025-10-08 00:00:00,3772.29881275609,3641.135412463695,3360.877440838812
forecast_6721,2025-10-08 01:00:00,3733.214035201657,3626.852158035919,3361.3379958252067
forecast_6722,2025-10-08 02:00:00,3741.857127431204,3639.1969449296175,3361.1487833595
forecast_6723,2025-10-08 03:00:00,3729.6985541876497,3633.976698984063,3360.763809283364
forecast_6724,2025-10-08 04:00:00,3739.858623522763,3637.085396047863,3361.043223002925
forecast_6725,2025-10-08 05:00:00,3730.157570920565,3647.692053894245,3360.9225380551247
forecast_6726,2025-10-08 06:00:00,3737.854828419533,3628.010214136683,3362.166391676428
forecast_6727,2025-10-08 07:00:00,3747.6495684336096,3657.63119651072,3362.8898069179468
forecast_6728,2025-10-08 08:00:00,3747.0048934308006,3650.65021073291,3362.76543754988
forecast_6729,2025-10-08 09:00:00,3767.425098717205,3674.771084242723,3365.462269519842
forecast_6730,2025-10-08 10:00:00,3760.1580264311897,3683.597427578086,3368.811534306103
forecast_6731,2025-10-08 11:00:00,3738.233233940053,3656.677181017421,3365.4657005832887
forecast_6732,2025-10-08 12:00:00,3727.756021203644,3647.017399363483,3363.263726479182
forecast_6733,2025-10-08 13:00:00,3727.545700763165,3654.62078804288,3363.386810648105
forecast_6734,2025-10-08 14:00:00,3731.190164599189,3687.552789980649,3366.111938866254
forecast_6735,2025-10-08 15:00:00,3775.526482624649,3718.6816819659466,3375.09222602185
forecast_6736,2025-10-08 16:00:00,3797.61541146957,3792.391741622937,3410.17386791253
forecast_6737,2025-10-08 17:00:00,3880.899743113724,3938.335205920322,3427.2444155292224
forecast_6738,2025-10-08 18:00:00,3853.7162200505695,3444.430149383801,3458.1844063625504
forecast_6739,2025-10-08 19:00:00,3341.6882640662407,3945.483124602165,3563.415196001709
forecast_6740,2025-10-08 20:00:00,3717.9626589748855,4519.788375982308,3536.951394103989
forecast_6741,2025-10-08 21:00:00,4418.041763584309,5205.717224358705,3676.1971332884746
forecast_6742,2025-10-08 22:00:00,4998.045309267433,5798.939062251726,3983.981642192371
forecast_6743,2025-10-08 23:00:00,5411.318373263941,6146.518683478734,4260.6845018921285
forecast_6744,2025-10-09 00:00:00,6082.792338736447,7042.728206223562,4644.81213691596
forecast_6745,2025-10-09 01:00:00,6447.384619867929,7338.974673283916,5250.61692792296
forecast_6746,2025-10-09 02:00:00,6656.146397906487,7551.926330501088,5155.40962743053
forecast_6747,2025-10-09 03:00:00,6550.834365120743,7297.802234089926,4751.5817672288285
forecast_6748,2025-10-09 04:00:00,5994.2503877317085,6479.261918906961,4302.884955958489
forecast_6749,2025-10-09 05:00:00,5865.182662415167,6636.796176937952,4571.88039258248
forecast_6750,2025-10-09 06:00:00,6328.465399823542,7108.594216449451,4777.747747869882
forecast_6751,2025-10-09 07:00:00,5415.0674983152885,6410.853097516478,3992.6245488027776
forecast_6752,2025-10-09 08:00:00,5156.539321882419,6141.523309630236,3959.011777180473
forecast_6753,2025-10-09 09:00:00,4562.570677522091,5629.362289085505,3699.136768295242
forecast_6754,2025-10-09 10:00:00,4128.0337115534585,5013.7288819692185,3480.976387114419
forecast_6755,2025-10-09 11:00:00,3595.560482060465,4436.752154019076,3624.2608370340536
forecast_6756,2025-10-09 12:00:00,3472.7531378405997,4183.119918294069,3679.4317532573873
forecast_6757,2025-10-09 13:00:00,3277.8528020114286,3897.8044718614233,3564.8168856452285
forecast_6758,2025-10-09 14:00:00,3235.282706899458,3775.121325965181,3602.0655375478905
forecast_6759,2025-10-09 15:00:00,3137.098859399906,3510.394020576142,3577.679415603669
forecast_6760,2025-10-09 16:00:00,4022.5792982194303,3561.657735603961,3534.8047988641465
forecast_6761,2025-10-09 17:00:00,4108.092273708444,4101.040858998531,3496.707051873527
forecast_6762,2025-10-09 18:00:00,4068.932708514863,4020.569138325541,3435.769378682552
forecast_6763,2025-10-09 19:00:00,3157.89836416363,3793.790740865604,3431.077801815189
forecast_6764,2025-10-09 20:00:00,3931.914227855597,3839.7394276604023,3381.678432572008
forecast_6765,2025-10-09 21:00:00,3905.920627955844,3763.9601705018063,3379.9815513077365
forecast_6766,2025-10-09 22:00:00,3817.7528902494846,3742.895689851468,3369.793437701755
forecast_6767,2025-10-09 23:00:00,3839.2782585169502,3742.8776217734335,3373.767041701794
forecast_6768,2025-10-10 00:00:00,3809.762446343216,3743.844088711539,3370.3522249103107
forecast_6769,2025-10-10 01:00:00,3852.7965223500937,3791.1245635115,3383.383874145099
forecast_6770,2025-10-10 02:00:00,3878.226801165792,3823.823108964433,3389.722266573041
forecast_6771,2025-10-10 03:00:00,3991.928020527521,3912.6939793676647,3384.699892903783
forecast_6772,2025-10-10 04:00:00,3993.571366590224,3911.839489040838,3382.0857032574118
forecast_6773,2025-10-10 05:00:00,3989.554931855048,3875.206347780348,3389.44006412862
forecast_6774,2025-10-10 06:00:00,3989.110037874044,3911.2328144590697,3380.114786103408
forecast_6775,2025-10-10 07:00:00,3892.585460878786,3860.013276836856,3371.56520017131
forecast_6776,2025-10-10 08:00:00,3933.678037676388,3884.6894756250126,3369.9932156934315
forecast_6777,2025-10-10 09:00:00,3941.770097776794,3814.993972336865,3372.938306746839
forecast_6778,2025-10-10 10:00:00,3930.581131854894,3798.198638208215,3369.468849181688
forecast_6779,2025-10-10 11:00:00,3876.0170144612457,3744.5922554650256,3374.672637489106
forecast_6780,2025-10-10 12:00:00,3847.896216773816,3771.067740978422,3377.552689891082
forecast_6781,2025-10-10 13:00:00,3891.433309061634,3756.943824675525,3377.982899263213
forecast_6782,2025-10-10 14:00:00,3922.179023731992,3797.052191385292,3369.9182646484983
forecast_6783,2025-10-10 15:00:00,3861.058230281963,3816.255924188517,3371.9044694480644
forecast_6784,2025-10-10 16:00:00,3859.3383148746266,3831.403668291725,3371.0454564141296
forecast_6785,2025-10-10 17:00:00,3815.2822576236376,3785.831962378178,3375.014849338762
forecast_6786,2025-10-10 18:00:00,3816.164215481312,3798.874682785201,3372.827699242927
forecast_6787,2025-10-10 19:00:00,3859.726090165165,3836.848282427944,3379.1734467115843
forecast_6788,2025-10-10 20:00:00,3884.431883828306,3878.550790568191,3389.7918590371773
forecast_6789,2025-10-10 21:00:00,3943.2211487132095,3955.01498391277,3398.350877733031
forecast_6790,2025-10-10 22:00:00,4037.726433537423,4096.716949762976,3439.90475006334
forecast_6791,2025-10-10 23:00:00,4060.294071107855,4036.322990967913,3452.6312037317807
forecast_6792,2025-10-11 00:00:00,4970.144110998944,4267.240328448967,3450.065493289116
forecast_6793,2025-10-11 01:00:00,5567.735500648177,5099.724036642381,3457.9738966113478
forecast_6794,2025-10-11 02:00:00,5740.025579021013,6096.951479375243,3532.4146230155675
forecast_6795,2025-10-11 03:00:00,6406.329885248907,7035.387400227718,3779.6658573924383
forecast_6796,2025-10-11 04:00:00,7443.341422707298,8542.847337708143,4470.497341052426
forecast_6797,2025-10-11 05:00:00,8392.70660132569,10059.83072408319,5593.11353728496
forecast_6798,2025-10-11 06:00:00,8305.851702482692,10116.385161564562,5573.375856862564
forecast_6799,2025-10-11 07:00:00,8114.2453136626,9951.123821648129,5529.159361740359
forecast_6800,2025-10-11 08:00:00,8237.873127875198,9871.005095348992,5609.359830547355
forecast_6801,2025-10-11 09:00:00,8605.509010346821,9899.924209163384,5963.363710444348
forecast_6802,2025-10-11 10:00:00,9052.45152034259,9865.165026899984,6389.738665345038
forecast_6803,2025-10-11 11:00:00,9311.570621713916,9793.58811324144,6680.843715169205
forecast_6804,2025-10-11 12:00:00,9720.9442968757,9973.341785191456,6980.283138733603
forecast_6805,2025-10-11 13:00:00,10081.667146265276,10342.607969360628,7419.032804893474
forecast_6806,2025-10-11 14:00:00,9905.379835530282,10180.01500625635,7379.500181423404
forecast_6807,2025-10-11 15:00:00,10494.320244118191,10151.01897544768,8294.639873366932
forecast_6808,2025-10-11 16:00:00,11704.88700089454,11439.32599708784,9896.871544221334
forecast_6809,2025-10-11 17:00:00,11829.797491499188,12043.087662530725,9251.689602044024
forecast_6810,2025-10-11 18:00:00,12621.604767336556,12701.620424255194,11775.18423165761
forecast_6811,2025-10-11 19:00:00,12921.648426545498,13095.818448777132,13174.49633930038
forecast_6812,2025-10-11 20:00:00,12890.286084331829,13162.919992040628,10740.158562051294
forecast_6813,2025-10-11 21:00:00,12992.308543968,13070.34937793978,12828.82720177465
forecast_6814,2025-10-11 22:00:00,12959.922057561284,12817.58312733051,12696.416189077156
forecast_6815,2025-10-11 23:00:00,12284.367945771264,12298.921695494082,12361.335195527958
forecast_6816,2025-10-12 00:00:00,11795.853744012784,11307.525446640551,11166.834354955314
forecast_6817,2025-10-12 01:00:00,11359.730165423663,10200.96416112273,10900.639552320768
forecast_6818,2025-10-12 02:00:00,8715.567011355735,7960.294806404108,3715.730421728228
forecast_6819,2025-10-12 03:00:00,6490.484717161876,6108.515535035563,3712.189998269684
forecast_6820,2025-10-12 04:00:00,5249.353354780588,4201.7095791408265,3493.1803677076764
forecast_6821,2025-10-12 05:00:00,4043.611445081413,3912.468717668691,3509.676695173161
forecast_6822,2025-10-12 06:00:00,3905.447755504591,3785.321583639009,3420.817896492462
forecast_6823,2025-10-12 07:00:00,3870.023444640358,3827.1751446305047,3437.839375531415
forecast_6824,2025-10-12 08:00:00,3963.526161896164,3956.976212904829,3433.9972634677347
forecast_6825,2025-10-12 09:00:00,3675.6806603830473,4073.7891414676455,3259.0319529846206
forecast_6826,2025-10-12 10:00:00,3797.204209191575,4591.519451868505,3555.9208862214778
forecast_6827,2025-10-12 11:00:00,4136.93497098555,4855.023345000152,3773.286392187141
forecast_6828,2025-10-12 12:00:00,4071.965093996281,4856.154858819703,3509.163990401345
forecast_6829,2025-10-12 13:00:00,3930.9477406835313,4698.641084756807,3608.630014209588
forecast_6830,2025-10-12 14:00:00,4216.969819745764,5333.595661815918,3990.6550153221488
forecast_6831,2025-10-12 15:00:00,4289.014101860057,5501.697855374322,4310.755466595695
forecast_6832,2025-10-12 16:00:00,4610.416583696357,5864.102840955572,4309.945587300337
forecast_6833,2025-10-12 17:00:00,5005.222997438391,5992.85197516084,4319.27819528656
forecast_6834,2025-10-12 18:00:00,5221.93211432524,6339.003012483757,4487.740129385895
forecast_6835,2025-10-12 19:00:00,5614.549598983305,6395.903006776873,4711.029285079389
forecast_6836,2025-10-12 20:00:00,5659.766023347968,6326.5592552191465,4850.063084549769
forecast_6837,2025-10-12 21:00:00,5196.457569049564,5636.026510432172,4636.384685541329
forecast_6838,2025-10-12 22:00:00,4461.202986037002,4801.991972744876,4013.6305393930406
forecast_6839,2025-10-12 23:00:00,4011.564413833715,4357.02290047716,3570.063634515001
forecast_6840,2025-10-13 00:00:00,3601.268899974781,4132.535326244369,3726.3377057863104
forecast_6841,2025-10-13 01:00:00,4033.491221142053,3695.362481390973,3460.61942137528
forecast_6842,2025-10-13 02:00:00,4009.311320287849,4033.167801127054,3420.407645889483
forecast_6843,2025-10-13 03:00:00,3856.997961804341,3879.359711244136,3407.9347999070324
forecast_6844,2025-10-13 04:00:00,3912.60136244952,3901.037686765248,3385.058674375121
forecast_6845,2025-10-13 05:00:00,3924.6709845482255,3950.957666071599,3385.8657900183657
forecast_6846,2025-10-13 06:00:00,3385.66720291781,3741.304554826047,3422.852973265288
forecast_6847,2025-10-13 07:00:00,3612.532553770194,4117.690951953608,3547.794979441723
forecast_6848,2025-10-13 08:00:00,3841.0781241654295,4512.852640670363,3604.147617915731
forecast_6849,2025-10-13 09:00:00,3571.4628007772203,4253.174105146829,3569.601406836924
forecast_6850,2025-10-13 10:00:00,3746.192343143783,4601.013632220157,3689.2462230050814
forecast_6851,2025-10-13 11:00:00,3678.962963348594,4398.269296246558,3733.960838504995
forecast_6852,2025-10-13 12:00:00,3579.23462020715,4540.469865398318,3677.9943391791294
forecast_6853,2025-10-13 13:00:00,3785.015279924801,4763.93756629114,3505.385750712584
forecast_6854,2025-10-13 14:00:00,3836.751587790352,4705.424252828355,3607.981652761343
forecast_6855,2025-10-13 15:00:00,3964.84094832176,4991.0710980830245,3597.7893834227384
forecast_6856,2025-10-13 16:00:00,4470.805903033726,5307.934991011031,4141.819233498132
forecast_6857,2025-10-13 17:00:00,4455.408772749579,5243.598552782289,4009.118815986845
forecast_6858,2025-10-13 18:00:00,5099.980243690526,5837.9118366055445,3984.9106168599938
forecast_6859,2025-10-13 19:00:00,5425.178555538122,6071.735659142772,4206.448196624212
forecast_6860,2025-10-13 20:00:00,5885.762908593367,6331.152990845525,4268.968421670242
forecast_6861,2025-10-13 21:00:00,6148.129050774841,6598.293433469156,4553.315249224626
forecast_6862,2025-10-13 22:00:00,6385.993522263564,6985.8158904112015,4779.553986229254
forecast_6863,2025-10-13 23:00:00,6162.2329763120615,6882.541471475391,3711.030777511099
forecast_6864,2025-10-14 00:00:00,5953.757483900399,6680.800575094212,4157.824407642466
forecast_6865,2025-10-14 01:00:00,7126.938684949971,7098.520740732291,3701.358936303583
forecast_6866,2025-10-14 02:00:00,7875.166950562346,7593.593277114156,4563.047961391253
forecast_6867,2025-10-14 03:00:00,5869.0233222867855,6454.49540856065,3717.265007534856
forecast_6868,2025-10-14 04:00:00,5633.819952107629,6132.6627016857365,3653.995829298208
forecast_6869,2025-10-14 05:00:00,5653.44880975134,6039.548247376632,3760.1130627863686
forecast_6870,2025-10-14 06:00:00,5908.448247449457,6330.225370495095,3706.591433753201
forecast_6871,2025-10-14 07:00:00,4993.394477863872,5654.81973129724,3772.380207560609
forecast_6872,2025-10-14 08:00:00,5183.027168561741,5787.951611264832,3926.474359791716
forecast_6873,2025-10-14 09:00:00,4884.656212601225,5812.344380463883,3743.007539794918
forecast_6874,2025-10-14 10:00:00,4550.394705834903,5568.8545663684445,3753.824925147397
forecast_6875,2025-10-14 11:00:00,4280.300334092813,5397.988245543563,3639.3334133753856
forecast_6876,2025-10-14 12:00:00,4236.601065917346,5072.320449623278,3682.7657872375794
forecast_6877,2025-10-14 13:00:00,4090.796273169865,4825.623237441532,3721.180167484075
forecast_6878,2025-10-14 14:00:00,4035.448977316858,4954.416167864254,3752.7317481857
forecast_6879,2025-10-14 15:00:00,3749.5117736816055,4701.468662888862,3892.0319489094286
forecast_6880,2025-10-14 16:00:00,3569.477736192764,4643.161672370431,3733.891270204592
forecast_6881,2025-10-14 17:00:00,3606.11801026782,4615.028396615075,3870.250862218536
forecast_6882,2025-10-14 18:00:00,3702.950602388183,4597.422185204299,3672.522695207045
forecast_6883,2025-10-14 19:00:00,3890.19033049342,4602.090502860109,3652.237566884312
forecast_6884,2025-10-14 20:00:00,3882.058128631288,4599.476002647468,3466.908247131043
forecast_6885,2025-10-14 21:00:00,3817.585548966676,4566.5889875446655,3323.938080073497
forecast_6886,2025-10-14 22:00:00,4052.2519054273066,4637.613707929357,3755.1661705039664
forecast_6887,2025-10-14 23:00:00,4099.555238353541,4552.36479694002,3083.066215042708
forecast_6888,2025-10-15 00:00:00,4005.1685404644886,4582.000783633926,3551.332030157274
forecast_6889,2025-10-15 01:00:00,3928.996827143445,4594.292936425782,3751.000100698368
forecast_6890,2025-10-15 02:00:00,3838.095317848783,4491.504417996965,3676.799691814688
forecast_6891,2025-10-15 03:00:00,3730.8560096529945,4347.196963596442,3614.531577310466
forecast_6892,2025-10-15 04:00:00,3741.625445652716,4292.768328654457,3675.336422254265
forecast_6893,2025-10-15 05:00:00,3559.260365441478,4097.63589961723,3532.5930688990893
forecast_6894,2025-10-15 06:00:00,3615.5430382303534,4173.042981128273,3655.236381613082
forecast_6895,2025-10-15 07:00:00,3270.04096768143,3996.488106632584,3482.0925625913706
forecast_6896,2025-10-15 08:00:00,3270.532988502079,3963.860349356459,3559.752481463265
forecast_6897,2025-10-15 09:00:00,3311.7382161767364,3934.2300396678697,3544.307998297942
forecast_6898,2025-10-15 10:00:00,3265.9855848516645,3936.9953590779655,3540.0432377412467
forecast_6899,2025-10-15 11:00:00,3144.87092318979,3846.259449986032,3456.72524191818
forecast_6900,2025-10-15 12:00:00,4029.7519455433976,3876.280630810076,3429.793467123282
forecast_6901,2025-10-15 13:00:00,3931.493915063917,3733.618943816506,3394.399872601044
forecast_6902,2025-10-15 14:00:00,3916.953057498096,3715.265320248936,3378.417517499301
forecast_6903,2025-10-15 15:00:00,4009.6564826311646,3724.498433588414,3380.943866310014
forecast_6904,2025-10-15 16:00:00,3831.1616810744704,3680.507403150847,3386.988650875736
forecast_6905,2025-10-15 17:00:00,4020.762393518128,3800.356714311104,3398.187936243362
forecast_6906,2025-10-15 18:00:00,4017.154162923485,3927.212017896591,3402.0079442532265
forecast_6907,2025-10-15 19:00:00,3253.3165561972573,3805.045980330707,3454.984029960302
forecast_6908,2025-10-15 20:00:00,3502.499276598069,3962.0439341687434,3451.278084538271
forecast_6909,2025-10-15 21:00:00,3422.499410554525,3891.459273248895,3409.382751205449
forecast_6910,2025-10-15 22:00:00,4036.066596328597,4123.255497863498,3620.228060926502
forecast_6911,2025-10-15 23:00:00,4307.129130677668,4124.374137727599,3628.299199515349
forecast_6912,2025-10-16 00:00:00,4062.776086098552,3936.339289964711,3551.742949504752
forecast_6913,2025-10-16 01:00:00,3520.5797990800565,3754.300043434914,3419.475220300212
forecast_6914,2025-10-16 02:00:00,4025.6831379396,3782.9486691698894,3410.874279045781
forecast_6915,2025-10-16 03:00:00,4017.553121733267,3868.8652560066585,3458.968800625016
forecast_6916,2025-10-16 04:00:00,3276.1438502891897,3732.89185070352,3388.9810460532835
forecast_6917,2025-10-16 05:00:00,3653.233602224731,3956.780025755848,3486.138050321883
forecast_6918,2025-10-16 06:00:00,3631.991480456715,4006.3874551443873,3450.571045897712
forecast_6919,2025-10-16 07:00:00,4213.426516415968,4545.014562684099,3322.787751563664
forecast_6920,2025-10-16 08:00:00,4075.602279460638,4645.248797317996,3764.0569731277305
forecast_6921,2025-10-16 09:00:00,4007.171631871304,4520.306629294296,3768.594500677014
forecast_6922,2025-10-16 10:00:00,4154.909728715784,4541.353626638588,3688.58075897432
forecast_6923,2025-10-16 11:00:00,3856.29479356316,4356.380442156993,3551.987797247268
forecast_6924,2025-10-16 12:00:00,3961.073866794284,4375.774456696212,3767.261934877927
forecast_6925,2025-10-16 13:00:00,4083.2295750888247,4682.011511970396,4114.011096664241
forecast_6926,2025-10-16 14:00:00,3872.278428383701,4323.27674443097,3856.1791717638944
forecast_6927,2025-10-16 15:00:00,3549.30763746562,3895.8069390914206,3730.968256698975
forecast_6928,2025-10-16 16:00:00,3511.194243427614,3884.550706477825,3612.1900270557294
forecast_6929,2025-10-16 17:00:00,3579.716377512398,4282.999461433353,3607.9629772334793
forecast_6930,2025-10-16 18:00:00,3739.665612846507,4362.352307374004,3563.513667687333
forecast_6931,2025-10-16 19:00:00,3809.6420708468,4431.897908686756,3564.410184158072
forecast_6932,2025-10-16 20:00:00,4056.933731874112,4715.463180985508,3709.249836859254
forecast_6933,2025-10-16 21:00:00,4153.147964940216,4742.542490116066,3772.301514855924
forecast_6934,2025-10-16 22:00:00,4255.998761709095,4829.170688480239,3767.226059860942
forecast_6935,2025-10-16 23:00:00,3955.731036045763,4552.629847128174,3546.646864056755
forecast_6936,2025-10-17 00:00:00,3782.851692642816,4409.879116033593,3483.030679209513
forecast_6937,2025-10-17 01:00:00,3992.092266400051,4615.62275769714,3727.6416640569423
forecast_6938,2025-10-17 02:00:00,3808.924845252431,4365.616892055775,3638.1884334851934
forecast_6939,2025-10-17 03:00:00,3541.035087496984,3989.161694859655,3610.959813694172
forecast_6940,2025-10-17 04:00:00,3493.6573455299485,3850.948910994173,3593.1183568253578
forecast_6941,2025-10-17 05:00:00,3379.2769431376173,3682.646089697703,3525.416134221475
forecast_6942,2025-10-17 06:00:00,3383.006416188997,3670.388078799745,3447.470727218048
forecast_6943,2025-10-17 07:00:00,3237.5083891140403,3533.4712676307427,3404.637664980776
forecast_6944,2025-10-17 08:00:00,4109.909064916741,4080.462155903564,3397.7911321932424
forecast_6945,2025-10-17 09:00:00,3268.275122310953,3804.5917134501865,3377.882879499305
forecast_6946,2025-10-17 10:00:00,3897.266877389053,3726.807173515078,3365.516600682356
forecast_6947,2025-10-17 11:00:00,3791.350563726001,3661.215856830535,3366.323170582775
forecast_6948,2025-10-17 12:00:00,3778.816347938505,3653.722121306395,3366.812153838024
forecast_6949,2025-10-17 13:00:00,3780.406337495696,3646.490243262008,3368.244516022873
forecast_6950,2025-10-17 14:00:00,3776.9927926410455,3656.798736032288,3367.428513384544
forecast_6951,2025-10-17 15:00:00,3767.9424231105463,3666.852635722506,3367.731953800176
forecast_6952,2025-10-17 16:00:00,3786.46513360507,3703.555512585365,3385.098487918044
forecast_6953,2025-10-17 17:00:00,3813.591484277341,3838.881863882726,3402.2040307955035
forecast_6954,2025-10-17 18:00:00,3799.3597228771982,3294.56521084931,3380.9965154324177
forecast_6955,2025-10-17 19:00:00,3941.240985519569,4053.2614005319288,3392.3915254669078
forecast_6956,2025-10-17 20:00:00,3996.465764832688,3907.09384670604,3410.943676946676
forecast_6957,2025-10-17 21:00:00,4254.274010500214,4293.486941550428,3429.244279583203
forecast_6958,2025-10-17 22:00:00,4424.749302113535,4154.691166164345,3492.193407371846
forecast_6959,2025-10-17 23:00:00,4268.165704986328,4101.177539304926,3545.0181128024537
forecast_6960,2025-10-18 00:00:00,4291.577062541073,4396.0947168746125,3563.634949689635
forecast_6961,2025-10-18 01:00:00,4039.5259644156754,4102.704796297931,3530.656791117395
forecast_6962,2025-10-18 02:00:00,4390.281975399837,4642.128628953334,3580.5186161508727
forecast_6963,2025-10-18 03:00:00,4051.090837339337,4153.888693895812,3498.575839571698
forecast_6964,2025-10-18 04:00:00,4070.885761920543,4244.531959968628,3605.808190274618
forecast_6965,2025-10-18 05:00:00,4112.3637796565845,4042.618707592482,3508.313474250074
forecast_6966,2025-10-18 06:00:00,3875.526845015586,3736.652879247536,3407.4900268834413
forecast_6967,2025-10-18 07:00:00,3873.9684975351374,3752.37015508876,3408.828368511858
forecast_6968,2025-10-18 08:00:00,3881.2735814700536,3748.825827725831,3405.174568852384
forecast_6969,2025-10-18 09:00:00,3995.836814479004,3811.554844367,3392.7470717595734
forecast_6970,2025-10-18 10:00:00,3907.7780037163498,3805.5415988760697,3385.72856186517
forecast_6971,2025-10-18 11:00:00,3928.97466689835,3804.665112845122,3390.947281649442
forecast_6972,2025-10-18 12:00:00,4019.483323955108,3900.98044897439,3401.900379638184
forecast_6973,2025-10-18 13:00:00,4022.0518484654326,4036.5148925016942,3426.2669652717705
forecast_6974,2025-10-18 14:00:00,4063.41355967486,4026.92305221811,3382.959464835903
forecast_6975,2025-10-18 15:00:00,4026.1297800967423,3553.860574430631,3508.3236769548885
forecast_6976,2025-10-18 16:00:00,3403.319628756897,3815.891811386462,3578.718717791223
forecast_6977,2025-10-18 17:00:00,3190.2485270783927,3564.7502353089185,3481.2785348748475
forecast_6978,2025-10-18 18:00:00,3959.655586111153,4063.329988779904,3439.725717848542
forecast_6979,2025-10-18 19:00:00,3923.126701822043,3980.243955115664,3395.017732748769
forecast_6980,2025-10-18 20:00:00,3912.879090054789,3916.129620102029,3394.049148732396
forecast_6981,2025-10-18 21:00:00,3874.051769757584,3848.756492064514,3388.916067483165
forecast_6982,2025-10-18 22:00:00,3853.404512683531,3824.9138470762623,3376.225396806185
forecast_6983,2025-10-18 23:00:00,3835.345473263704,3803.192607786579,3378.514608178625
forecast_6984,2025-10-19 00:00:00,3814.389069259676,3777.119649910079,3378.85584127055
forecast_6985,2025-10-19 01:00:00,3775.5049362262366,3722.208857591392,3367.508319805012
forecast_6986,2025-10-19 02:00:00,3762.49654478362,3693.30602582792,3372.0338567269705
forecast_6987,2025-10-19 03:00:00,3742.4977550187946,3676.7432773215423,3363.068872216055
forecast_6988,2025-10-19 04:00:00,3744.615337980972,3669.528294850131,3362.658600738864
forecast_6989,2025-10-19 05:00:00,3749.967138730253,3665.102932534709,3361.9467864788758
forecast_6990,2025-10-19 06:00:00,3739.27934016082,3673.057184566313,3362.2386109138297
forecast_6991,2025-10-19 07:00:00,3748.495309847505,3689.314114849909,3361.8545994426227
forecast_6992,2025-10-19 08:00:00,3795.4525012548793,3728.2631443474943,3363.382769200751
forecast_6993,2025-10-19 09:00:00,3817.5528913340486,3747.597023245428,3367.4311039661684
forecast_6994,2025-10-19 10:00:00,3805.4405293433338,3716.0585786256697,3367.313800109259
forecast_6995,2025-10-19 11:00:00,3845.675193118236,3748.843469783067,3371.756825425221
forecast_6996,2025-10-19 12:00:00,3986.9703815833686,3857.507626609969,3392.546044934504
forecast_6997,2025-10-19 13:00:00,3809.5848299410222,4009.239419384491,3593.902020746071
forecast_6998,2025-10-19 14:00:00,4620.50476327066,4102.741998957596,3630.5968949470207
forecast_6999,2025-10-19 15:00:00,5065.627280991564,4793.453444782825,3675.099262415851
forecast_7000,2025-10-19 16:00:00,5668.50701759195,5589.331973682876,4543.039644850038
forecast_7001,2025-10-19 17:00:00,6285.427007968176,5990.46092761179,4923.0651649090205
forecast_7002,2025-10-19 18:00:00,5900.879147784164,6375.430764929525,3755.3394689345
forecast_7003,2025-10-19 19:00:00,6009.51407872243,6941.815828116022,5560.601618772729
forecast_7004,2025-10-19 20:00:00,5785.0710286452095,6559.512099485352,5486.304738739094
forecast_7005,2025-10-19 21:00:00,4587.40507240964,5397.693395895988,3618.8011667763976
forecast_7006,2025-10-19 22:00:00,4487.417612668284,5071.374888912818,3598.2327719995965
forecast_7007,2025-10-19 23:00:00,4082.968579724091,4001.026990968108,3558.465643404189
forecast_7008,2025-10-20 00:00:00,3949.283933080609,3868.191805476264,3489.815538929038
forecast_7009,2025-10-20 01:00:00,3802.37816143638,3687.502059502567,3372.010565416328
forecast_7010,2025-10-20 02:00:00,3770.088364015888,3673.1405633121126,3369.183004395538
forecast_7011,2025-10-20 03:00:00,3788.169321459924,3706.83715551796,3401.9840084371835
forecast_7012,2025-10-20 04:00:00,3790.106072470173,3716.839940456293,3393.008662866921
forecast_7013,2025-10-20 05:00:00,3820.045918214788,3734.839150506442,3408.3649842303003
forecast_7014,2025-10-20 06:00:00,3845.023579057956,3807.182314153032,3487.818792680793
forecast_7015,2025-10-20 07:00:00,3885.8268361275623,3806.885715444682,3460.646344332998
forecast_7016,2025-10-20 08:00:00,3948.182671844136,3923.92112154722,3576.49064165478
forecast_7017,2025-10-20 09:00:00,3383.60534073601,3480.8019316645723,3518.123137331509
forecast_7018,2025-10-20 10:00:00,3330.992919624616,3514.124010357993,3459.798973360052
forecast_7019,2025-10-20 11:00:00,4048.265195574396,3503.495675337176,3761.627163637363
forecast_7020,2025-10-20 12:00:00,3284.3745716000203,3344.7810331496285,3734.4405446806377
forecast_7021,2025-10-20 13:00:00,3081.1103535427587,3140.415769396716,3576.974455566202
forecast_7022,2025-10-20 14:00:00,4041.233944713158,3974.5090066623206,3425.5886780180667
forecast_7023,2025-10-20 15:00:00,3842.927255670744,3821.164556744871,3373.887340593381
forecast_7024,2025-10-20 16:00:00,3770.761834430892,3726.752336574988,3367.515959325665
forecast_7025,2025-10-20 17:00:00,3731.912019830808,3674.795539739916,3363.7021712139203
forecast_7026,2025-10-20 18:00:00,3719.254848583696,3652.696559343436,3362.0400323697613
forecast_7027,2025-10-20 19:00:00,3716.0248252141578,3634.055278037813,3362.0766228595985
forecast_7028,2025-10-20 20:00:00,3715.0398394701047,3626.219171931248,3361.596371461755
forecast_7029,2025-10-20 21:00:00,3722.734308763092,3628.0465756491594,3361.920788666569
forecast_7030,2025-10-20 22:00:00,3722.982643110279,3621.58916064345,3364.135319887037
forecast_7031,2025-10-20 23:00:00,3731.978355855498,3634.74963295692,3366.14220647482
forecast_7032,2025-10-21 00:00:00,3750.100165185881,3662.8035672370206,3365.601128891379
forecast_7033,2025-10-21 01:00:00,3810.277742511392,3749.952151109902,3395.1339768478147
forecast_7034,2025-10-21 02:00:00,3806.7931165515142,3748.835483192682,3393.9564201649337
forecast_7035,2025-10-21 03:00:00,3846.538564080063,3784.6017771908273,3386.8915041777573
forecast_7036,2025-10-21 04:00:00,3869.6892575547777,3857.210117902564,3387.0307343951013
forecast_7037,2025-10-21 05:00:00,3807.0615432484215,3744.479325163969,3395.7188966697327
forecast_7038,2025-10-21 06:00:00,3791.43869833682,3672.328048782396,3368.0303482213785
forecast_7039,2025-10-21 07:00:00,3748.601425913953,3644.891909966566,3364.50612458694
forecast_7040,2025-10-21 08:00:00,3759.189039729568,3642.924789650137,3365.4892929038906
forecast_7041,2025-10-21 09:00:00,3731.3094598245193,3633.109123264972,3363.082339506577
forecast_7042,2025-10-21 10:00:00,3710.72099307372,3614.928070311218,3362.1697964648874
forecast_7043,2025-10-21 11:00:00,3708.435244367773,3614.642257425917,3361.995302361596
forecast_7044,2025-10-21 12:00:00,3705.641578832241,3613.706742310516,3363.661585524623
forecast_7045,2025-10-21 13:00:00,3707.5323016760094,3613.53826160274,3364.0692447140773
forecast_7046,2025-10-21 14:00:00,3709.880368545455,3617.375800595456,3363.7970321543257
forecast_7047,2025-10-21 15:00:00,3710.8759030267206,3616.161525661776,3364.4099621180862
forecast_7048,2025-10-21 16:00:00,3711.784904936894,3618.9377295536992,3364.3087603736626
forecast_7049,2025-10-21 17:00:00,3710.036371473303,3615.8865835998567,3361.753959058927
forecast_7050,2025-10-21 18:00:00,3740.630347855957,3622.226633339401,3362.991326599572
forecast_7051,2025-10-21 19:00:00,3766.730202032903,3633.340241791068,3368.397161576453
forecast_7052,2025-10-21 20:00:00,3798.3257108689777,3641.4023875003,3373.5775726418883
forecast_7053,2025-10-21 21:00:00,3786.3406003373184,3653.375295109612,3370.154430935152
forecast_7054,2025-10-21 22:00:00,3816.9787091974295,3652.7319061280473,3363.7346853048866
forecast_7055,2025-10-21 23:00:00,3815.7446983204286,3651.1661103942624,3363.554639109916
forecast_7056,2025-10-22 00:00:00,3800.15953994912,3660.316356062446,3361.989695675526
forecast_7057,2025-10-22 01:00:00,3761.411718404568,3644.148023103669,3364.694091196721
forecast_7058,2025-10-22 02:00:00,3760.610014322282,3647.2624091376447,3368.623320057187
forecast_7059,2025-10-22 03:00:00,3786.468795657154,3685.3225356339904,3370.154659210016
forecast_7060,2025-10-22 04:00:00,3810.7348722871952,3704.300074354052,3373.055260706498
forecast_7061,2025-10-22 05:00:00,3799.432341537415,3720.163616737264,3373.4544886767503
forecast_7062,2025-10-22 06:00:00,3800.0640034221656,3730.0223910216687,3379.566466188532
forecast_7063,2025-10-22 07:00:00,3952.20191920594,3875.178957331677,3394.497780448635
forecast_7064,2025-10-22 08:00:00,3936.628901993856,3229.693980389402,3403.0743297188733
forecast_7065,2025-10-22 09:00:00,3421.567690153236,3431.649598714816,3516.220429826175
forecast_7066,2025-10-22 10:00:00,4070.84017483484,3963.149322737173,3430.7593001751943
forecast_7067,2025-10-22 11:00:00,4041.372356342258,3939.736942979479,3430.560087850381
forecast_7068,2025-10-22 12:00:00,3140.2288342354746,3721.53352771696,3438.2258777501456
forecast_7069,2025-10-22 13:00:00,3846.241238756808,3717.5961220581225,3371.889752031615
forecast_7070,2025-10-22 14:00:00,3818.751580753473,3694.43227404343,3365.496593994262
forecast_7071,2025-10-22 15:00:00,3829.487176364245,3691.36281759116,3365.658869482638
forecast_7072,2025-10-22 16:00:00,3873.5963965298815,3728.250194834666,3364.3567891912376
forecast_7073,2025-10-22 17:00:00,3850.6922348679823,3708.902493075752,3364.721879964044
forecast_7074,2025-10-22 18:00:00,3810.6180890006544,3685.3141477518902,3364.501022077209
forecast_7075,2025-10-22 19:00:00,3866.269547435944,3717.681832123706,3364.2072713592784
forecast_7076,2025-10-22 20:00:00,3898.129483261178,3755.120556461731,3363.8614355443046
forecast_7077,2025-10-22 21:00:00,3946.536835140429,3755.750144566346,3363.1120027727347
forecast_7078,2025-10-22 22:00:00,3990.638654616813,3782.7670367336464,3365.2746830165
forecast_7079,2025-10-22 23:00:00,3953.4670808715673,3719.416828107357,3364.2090936274785
forecast_7080,2025-10-23 00:00:00,3833.859527788175,3691.05167439064,3363.907289106081
forecast_7081,2025-10-23 01:00:00,3795.9975235775287,3656.329269346461,3362.190127867597
forecast_7082,2025-10-23 02:00:00,3753.851632488468,3648.5593111102735,3363.519907703592
forecast_7083,2025-10-23 03:00:00,3758.0242133247903,3650.350132731359,3367.1017833760634
forecast_7084,2025-10-23 04:00:00,3754.481083466733,3639.5106851119376,3364.2581798174
forecast_7085,2025-10-23 05:00:00,3743.77680330018,3628.201426229008,3364.9717905239536
forecast_7086,2025-10-23 06:00:00,3712.466656626322,3618.055819334335,3363.31341674086
forecast_7087,2025-10-23 07:00:00,3715.7392339273456,3619.2503168434487,3363.4704781283167
forecast_7088,2025-10-23 08:00:00,3717.334669575482,3622.1624986717857,3362.2165749981014
forecast_7089,2025-10-23 09:00:00,3706.409588043227,3615.121140527629,3361.1735659135998
forecast_7090,2025-10-23 10:00:00,3704.8397287564944,3612.2010663440806,3360.692831340089
forecast_7091,2025-10-23 11:00:00,3705.4866424809225,3612.2132764730486,3361.250657993171
forecast_7092,2025-10-23 12:00:00,3703.84254194328,3611.814654186837,3360.991520078383
forecast_7093,2025-10-23 13:00:00,3705.8882913872926,3614.39530631079,3361.626886227534
forecast_7094,2025-10-23 14:00:00,3717.4699927297575,3618.307428517295,3363.1939405393896
forecast_7095,2025-10-23 15:00:00,3723.2113723220345,3617.4467943136247,3363.825207327487
forecast_7096,2025-10-23 16:00:00,3729.818859811784,3618.428607357802,3363.5562345946937
forecast_7097,2025-10-23 17:00:00,3722.234101345856,3616.73012253294,3362.909864135157
forecast_7098,2025-10-23 18:00:00,3720.4324120195806,3620.489834896241,3362.768029199981
forecast_7099,2025-10-23 19:00:00,3719.272473857254,3619.826462348881,3362.3627109113563
forecast_7100,2025-10-23 20:00:00,3792.5258800895754,3631.594421617253,3362.317340947446
forecast_7101,2025-10-23 21:00:00,3784.736011510219,3632.462892472939,3362.718031610457
forecast_7102,2025-10-23 22:00:00,3827.6429315311625,3641.641470804245,3368.7599416364883
forecast_7103,2025-10-23 23:00:00,3776.6477068524696,3633.097082308973,3371.1017149676386
forecast_7104,2025-10-24 00:00:00,3778.0267201548113,3653.721760068466,3375.242371597919
forecast_7105,2025-10-24 01:00:00,3790.40835494468,3677.5010236997146,3380.179635352923
forecast_7106,2025-10-24 02:00:00,3816.256785184625,3674.3148020903727,3378.833008479101
forecast_7107,2025-10-24 03:00:00,3843.450981132843,3707.476510383928,3418.4121287783223
forecast_7108,2025-10-24 04:00:00,3988.232740332324,3753.9905209402746,3387.6703071771085
forecast_7109,2025-10-24 05:00:00,3897.484790387707,3722.6319437551183,3429.5779804197705
forecast_7110,2025-10-24 06:00:00,4053.1585534416768,3861.5947714249855,3541.226538143995
forecast_7111,2025-10-24 07:00:00,4000.014611396552,3848.2485396591032,3433.3249089572478
forecast_7112,2025-10-24 08:00:00,3971.876924133751,3861.660112756563,3453.7955433460093
forecast_7113,2025-10-24 09:00:00,3896.673491758663,3806.8984881126767,3379.1513247284765
forecast_7114,2025-10-24 10:00:00,3861.0576838030206,3769.688539779171,3421.008630745843
forecast_7115,2025-10-24 11:00:00,3900.491711809928,3769.8264458715817,3393.7494317241312
forecast_7116,2025-10-24 12:00:00,3963.81055287338,3759.7764647788313,3386.329373994373
forecast_7117,2025-10-24 13:00:00,3946.6188483870815,3762.9702854101542,3417.257444401265
forecast_7118,2025-10-24 14:00:00,3951.352851665705,3755.897116756764,3388.562632457292
forecast_7119,2025-10-24 15:00:00,3390.4218345446625,3673.645676288706,3475.920102771523
forecast_7120,2025-10-24 16:00:00,3464.203640165144,3750.899423034237,3403.428128880989
forecast_7121,2025-10-24 17:00:00,3543.413359324973,3775.6505394153737,3414.80424109472
forecast_7122,2025-10-24 18:00:00,3619.839778860215,3771.3589885274273,3422.871339649764
forecast_7123,2025-10-24 19:00:00,3560.0502225830114,3743.1184989234303,3385.2905971142777
forecast_7124,2025-10-24 20:00:00,3713.732525407878,3785.250973675692,3384.708549450842
forecast_7125,2025-10-24 21:00:00,3785.91495443288,3836.010732002548,3409.0019491570747
forecast_7126,2025-10-24 22:00:00,3961.089948326015,3884.943840782616,3401.93688796266
forecast_7127,2025-10-24 23:00:00,3448.810223002259,3761.205767730467,3388.321589630994
forecast_7128,2025-10-25 00:00:00,3991.498238591613,3875.925230953331,3375.004571432969
forecast_7129,2025-10-25 01:00:00,4075.057980881456,3957.506314225466,3379.6361110461544
forecast_7130,2025-10-25 02:00:00,3765.299650701442,3923.585734879516,3377.526722928684
forecast_7131,2025-10-25 03:00:00,3570.1540709347587,3909.282406318549,3386.4075744224983
forecast_7132,2025-10-25 04:00:00,3445.2018493034734,3885.0000730500497,3387.931591440599
forecast_7133,2025-10-25 05:00:00,4057.330023820656,3960.02601128644,3409.07544787038
forecast_7134,2025-10-25 06:00:00,3981.270266167228,3943.4468069676295,3413.21117859498
forecast_7135,2025-10-25 07:00:00,3964.573206794236,3894.8411114687274,3396.6329507149
forecast_7136,2025-10-25 08:00:00,3991.6003148426616,3875.015563598085,3388.9141550577465
forecast_7137,2025-10-25 09:00:00,3978.235141072517,3855.7800424964817,3377.542208219464
forecast_7138,2025-10-25 10:00:00,3824.888734771508,3708.350057932506,3387.0139079967053
forecast_7139,2025-10-25 11:00:00,3769.6492091922064,3674.7014140185593,3379.317537977585
forecast_7140,2025-10-25 12:00:00,3812.9334020750143,3672.866933078386,3370.784086978278
forecast_7141,2025-10-25 13:00:00,3821.8531656313567,3669.78248832461,3369.3488530746827
forecast_7142,2025-10-25 14:00:00,3781.17843685048,3642.292881997512,3368.1939272797254
forecast_7143,2025-10-25 15:00:00,3751.3424115970574,3630.866854826254,3366.285863196442
forecast_7144,2025-10-25 16:00:00,3746.947117891864,3640.061239399289,3369.9305723650104
forecast_7145,2025-10-25 17:00:00,3755.085482546351,3650.6633484454896,3374.944155374304
forecast_7146,2025-10-25 18:00:00,3762.9425625822455,3661.7214063401,3375.9097498703363
forecast_7147,2025-10-25 19:00:00,3884.26233387069,3686.943503010845,3391.1666645113323
forecast_7148,2025-10-25 20:00:00,3898.5164545614575,3699.6876787911274,3392.687709147941
forecast_7149,2025-10-25 21:00:00,3943.656408760693,3691.455100635022,3381.605828873237
forecast_7150,2025-10-25 22:00:00,3962.010175877514,3729.953109474625,3429.914133701397
forecast_7151,2025-10-25 23:00:00,3924.2223118442953,3791.722138123788,3451.437392706664
forecast_7152,2025-10-26 00:00:00,4015.408916992873,3860.0813795511344,3531.8470763709565
forecast_7153,2025-10-26 01:00:00,4014.598951400352,3739.693608513469,3397.5213787087296
forecast_7154,2025-10-26 02:00:00,3854.30435404352,3730.167394256842,3407.0550515759114
forecast_7155,2025-10-26 03:00:00,3890.219348256536,3740.869608176537,3386.746737439799
forecast_7156,2025-10-26 04:00:00,4017.635348183968,3794.114670969263,3388.0711660265124
forecast_7157,2025-10-26 05:00:00,4046.064391134265,3808.258226644444,3415.821994960466
forecast_7158,2025-10-26 06:00:00,3998.7771705834098,3781.074763690378,3429.644178410032
forecast_7159,2025-10-26 07:00:00,4025.163483263938,3825.600866598364,3416.1517188716275
forecast_7160,2025-10-26 08:00:00,3757.049926911191,3861.040368622073,3520.778148762968
forecast_7161,2025-10-26 09:00:00,4044.507465686462,3978.6557027219073,3493.2497042336554
forecast_7162,2025-10-26 10:00:00,4016.59283805187,3793.1143156080543,3459.49943120728
forecast_7163,2025-10-26 11:00:00,3856.317355505666,3752.9668977768647,3407.709211339416
forecast_7164,2025-10-26 12:00:00,3849.574752920757,3770.729283544786,3440.014810460836
forecast_7165,2025-10-26 13:00:00,3998.097053107121,3888.860094772696,3432.6092373688257
forecast_7166,2025-10-26 14:00:00,4344.506426570704,4023.3634715263433,3506.9051260827287
forecast_7167,2025-10-26 15:00:00,4936.364835265964,4037.0586347429535,3586.5937187077548
forecast_7168,2025-10-26 16:00:00,5479.282362281647,4563.148247528806,3723.5193421427607
forecast_7169,2025-10-26 17:00:00,5564.460942755574,5112.644807817831,3764.110959105012
forecast_7170,2025-10-26 18:00:00,6385.183487025301,6342.173355814053,5443.939182533111
forecast_7171,2025-10-26 19:00:00,7093.409974868541,7596.788151780084,6527.791705280009
forecast_7172,2025-10-26 20:00:00,9208.377368999452,9765.933874044184,8691.895694522538
forecast_7173,2025-10-26 21:00:00,10623.09292955511,11381.832472485989,9855.203249156191
forecast_7174,2025-10-26 22:00:00,11958.158459268398,12540.666728576149,11842.122301978125
forecast_7175,2025-10-26 23:00:00,13155.050467337893,13342.053786409362,11941.971641166669
forecast_7176,2025-10-27 00:00:00,14366.781219114837,14246.604594553588,13389.519076845154
forecast_7177,2025-10-27 01:00:00,16360.705029453176,16094.609191527985,14521.285756032605
forecast_7178,2025-10-27 02:00:00,16860.840393324477,16395.460648067583,14740.286685134732
forecast_7179,2025-10-27 03:00:00,17847.00284385909,17697.38924941253,15138.317898462345
forecast_7180,2025-10-27 04:00:00,17691.46394597697,17796.989444259856,14921.776321598294
forecast_7181,2025-10-27 05:00:00,16910.463535424333,17380.722749392713,14099.82608800558
forecast_7182,2025-10-27 06:00:00,15572.310750257988,15854.216247557892,13074.868238787438
forecast_7183,2025-10-27 07:00:00,15156.372186138797,14720.226055763878,12292.595586666628
forecast_7184,2025-10-27 08:00:00,14586.579248101085,14247.696633915515,11211.593965501686
forecast_7185,2025-10-27 09:00:00,13606.98408299022,13195.03386179751,9773.95861793704
forecast_7186,2025-10-27 10:00:00,12599.663761245249,12349.85924727334,9371.96496956684
forecast_7187,2025-10-27 11:00:00,12138.729946456308,12102.74007088378,9398.0497500326
forecast_7188,2025-10-27 12:00:00,12582.384660416305,12389.19975445342,9758.789961045884
forecast_7189,2025-10-27 13:00:00,12945.913460287697,12756.682826120032,9687.32355664665
forecast_7190,2025-10-27 14:00:00,13585.428598967475,13274.735241903263,9691.629172254456
forecast_7191,2025-10-27 15:00:00,13719.255104872624,13458.75451534498,9881.836045605562
forecast_7192,2025-10-27 16:00:00,13648.997268305751,13224.193507652975,9835.741803391782
forecast_7193,2025-10-27 17:00:00,14234.00838519298,13585.749188811214,11541.693201904836
forecast_7194,2025-10-27 18:00:00,13656.8619918422,13055.5942650392,10159.044725915825
forecast_7195,2025-10-27 19:00:00,13428.583520557862,12823.310502278502,10211.910068138306
forecast_7196,2025-10-27 20:00:00,13414.458246770078,12906.921974803903,9598.275097977204
forecast_7197,2025-10-27 21:00:00,13300.338203975303,12806.148153767132,9643.404336534197
forecast_7198,2025-10-27 22:00:00,13041.649936659098,12737.209891306413,9837.46409580323
forecast_7199,2025-10-27 23:00:00,12497.25416317936,12898.220125038384,10390.357671508606
forecast_7200,2025-10-28 00:00:00,11054.913080696764,12313.226306109664,9077.220383586246
forecast_7201,2025-10-28 01:00:00,11898.098208259453,13587.725017381736,10755.927312805212
forecast_7202,2025-10-28 02:00:00,11655.40201064048,13738.43640294376,11152.04566956011
forecast_7203,2025-10-28 03:00:00,12044.326912738254,14019.541141099628,10025.598185233064
forecast_7204,2025-10-28 04:00:00,11949.31536126406,14139.627735413838,9750.270122032056
forecast_7205,2025-10-28 05:00:00,11251.32166042165,13901.347913295414,9406.525564500987
forecast_7206,2025-10-28 06:00:00,10669.253464391311,12873.609478177395,8435.56114870245
forecast_7207,2025-10-28 07:00:00,9784.307253251873,11411.14021486759,6185.293002278607
forecast_7208,2025-10-28 08:00:00,8528.41006828954,9648.813805694535,5750.428335979269
forecast_7209,2025-10-28 09:00:00,7066.582177018855,7584.08782913829,3678.823182341874
forecast_7210,2025-10-28 10:00:00,5344.384899739535,4544.84265225099,3694.4323506281385
forecast_7211,2025-10-28 11:00:00,4558.109154979215,4049.2410514353114,3553.717276262499
forecast_7212,2025-10-28 12:00:00,4185.588812387212,4072.2627487628265,3614.8921373788926
forecast_7213,2025-10-28 13:00:00,4220.97833197622,4119.345663485764,3755.681349917689
forecast_7214,2025-10-28 14:00:00,4124.235382471652,4022.8425259445,2877.4894406704984
forecast_7215,2025-10-28 15:00:00,4098.191420527298,3915.2163808749087,2972.101068128598
forecast_7216,2025-10-28 16:00:00,4369.624782862217,4008.310853595581,3763.412097381763
forecast_7217,2025-10-28 17:00:00,5011.280683423228,4153.130997468174,3647.976853305464
forecast_7218,2025-10-28 18:00:00,6247.712572111751,5433.500810752535,5366.189802938095
forecast_7219,2025-10-28 19:00:00,6939.076451350908,6844.139989606948,5661.792940757901
forecast_7220,2025-10-28 20:00:00,7643.443504069154,8294.036211661058,5699.655971836941
forecast_7221,2025-10-28 21:00:00,7766.217493895684,8332.234767497974,5729.7738678228025
forecast_7222,2025-10-28 22:00:00,7874.954432591409,7964.266091045889,5818.944530051111
forecast_7223,2025-10-28 23:00:00,7629.884166281567,6914.619993551982,5502.6707460174375
forecast_7224,2025-10-29 00:00:00,7016.022534244156,5988.908348097653,5158.24379761419
forecast_7225,2025-10-29 01:00:00,5443.072264950997,4752.620767801798,4038.592166303152
forecast_7226,2025-10-29 02:00:00,4415.335583137236,4110.472580290896,3666.647609077804
forecast_7227,2025-10-29 03:00:00,4231.936652912753,4072.322371490548,3646.922470855707
forecast_7228,2025-10-29 04:00:00,4018.896014211301,4047.620104332276,3608.751617229673
forecast_7229,2025-10-29 05:00:00,3753.795136362322,3888.78163041965,3656.19826329085
forecast_7230,2025-10-29 06:00:00,4067.6714044229225,3849.618899902812,3632.2377949182896
forecast_7231,2025-10-29 07:00:00,3918.31895965587,3788.502077471536,3442.8043558408795
forecast_7232,2025-10-29 08:00:00,3849.257787098064,3740.264648988424,3390.505162629223
forecast_7233,2025-10-29 09:00:00,3816.9632107958537,3706.074679265517,3376.1595461421684
forecast_7234,2025-10-29 10:00:00,3712.60761311183,3616.801049441124,3364.18734121366
forecast_7235,2025-10-29 11:00:00,3711.235926381617,3619.800928107005,3363.8813926392
forecast_7236,2025-10-29 12:00:00,3709.583400217758,3620.937270745196,3362.964812513127
forecast_7237,2025-10-29 13:00:00,3703.3482994835294,3612.706901423684,3361.9014797431264
forecast_7238,2025-10-29 14:00:00,3705.5734255432985,3613.146149496156,3361.165486522928
forecast_7239,2025-10-29 15:00:00,3705.429672122613,3612.323600397972,3360.832008446123
forecast_7240,2025-10-29 16:00:00,3710.4968265380194,3614.668049316123,3360.7742797796795
forecast_7241,2025-10-29 17:00:00,3750.872839716432,3648.02546103404,3363.031007167453
forecast_7242,2025-10-29 18:00:00,3793.0571938891817,3738.409101038434,3366.863661752533
forecast_7243,2025-10-29 19:00:00,3939.029975998044,3931.4273207912415,3370.557382011077
forecast_7244,2025-10-29 20:00:00,4073.732554959881,3948.8533844894623,3393.935573408058
forecast_7245,2025-10-29 21:00:00,4988.2891593161485,4462.8997616128,3502.6012428839545
forecast_7246,2025-10-29 22:00:00,5973.9132556612285,5652.246896249615,3655.5714798491554
forecast_7247,2025-10-29 23:00:00,6434.165662479401,6272.547111566958,3712.747720254354
forecast_7248,2025-10-30 00:00:00,8499.486936941887,8356.535979634422,5264.404793510489
forecast_7249,2025-10-30 01:00:00,8810.365771353216,9481.88741134294,5389.550084059953
forecast_7250,2025-10-30 02:00:00,10233.335699588766,11231.065603153918,6350.779396907134
forecast_7251,2025-10-30 03:00:00,12854.546022472272,12991.833630779942,7556.848723777494
forecast_7252,2025-10-30 04:00:00,13347.955261001023,13319.655971409866,7835.811908252074
forecast_7253,2025-10-30 05:00:00,13268.302388802553,13321.470811535684,8176.742943554469
forecast_7254,2025-10-30 06:00:00,12993.870144512795,12354.772248476917,8799.866383250916
forecast_7255,2025-10-30 07:00:00,9953.414964358972,9963.233991956684,6441.22890801565
forecast_7256,2025-10-30 08:00:00,7773.974751178997,8093.920712885938,5336.919435392879
forecast_7257,2025-10-30 09:00:00,5509.983895421419,5901.85628200734,3667.549646539252
forecast_7258,2025-10-30 10:00:00,4031.285367264255,3885.673590272436,3525.7302062706003
forecast_7259,2025-10-30 11:00:00,4004.922698989904,3817.863361829139,3460.735904436394
forecast_7260,2025-10-30 12:00:00,3844.924943451929,3683.9180974311193,3401.334887073561
forecast_7261,2025-10-30 13:00:00,3816.9480504521775,3663.284317871666,3382.5632039182387
forecast_7262,2025-10-30 14:00:00,3835.527195164266,3681.036506411324,3398.613193502296
forecast_7263,2025-10-30 15:00:00,3835.027205752013,3666.951836849501,3394.514630027963
forecast_7264,2025-10-30 16:00:00,4008.361390146815,3726.19935137437,3400.006368327261
forecast_7265,2025-10-30 17:00:00,3988.14765170298,3828.1217079220182,3430.4219096802763
forecast_7266,2025-10-30 18:00:00,3677.9880719713865,3885.819205172433,3475.2715124201723
forecast_7267,2025-10-30 19:00:00,3816.710558009429,3990.35968726101,3683.2799658037097
forecast_7268,2025-10-30 20:00:00,3655.581653733681,3869.039626060021,3570.4146371390148
forecast_7269,2025-10-30 21:00:00,3417.435496204721,3810.1998187924246,3654.5908732011135
forecast_7270,2025-10-30 22:00:00,3855.3621193337694,3707.7996618328734,3439.319372285951
forecast_7271,2025-10-30 23:00:00,3814.183076197426,3682.177527122564,3438.334651194996
forecast_7272,2025-10-31 00:00:00,3896.902513426373,3701.103500985637,3387.1216180419297
forecast_7273,2025-10-31 01:00:00,3809.176434591008,3665.608376032467,3369.265179757766
forecast_7274,2025-10-31 02:00:00,3743.962128086614,3640.782238703072,3366.3589818610885
forecast_7275,2025-10-31 03:00:00,3721.594841675864,3627.416218234755,3367.20575538709
forecast_7276,2025-10-31 04:00:00,3748.231416208217,3629.362523766746,3366.860483167083
forecast_7277,2025-10-31 05:00:00,3723.44669066069,3630.0957724333216,3362.565683618485
forecast_7278,2025-10-31 06:00:00,3717.829064725362,3631.389647117692,3364.657570732932
forecast_7279,2025-10-31 07:00:00,3712.268419974881,3632.285866651366,3362.1936146672274
forecast_7280,2025-10-31 08:00:00,3713.693054027298,3626.164709705068,3362.8724162882013
forecast_7281,2025-10-31 09:00:00,3727.212722425552,3644.034796290176,3363.3363169919376
forecast_7282,2025-10-31 10:00:00,3711.487139940738,3624.582065303567,3365.2120363393174
forecast_7283,2025-10-31 11:00:00,3709.497077246283,3621.8383659370975,3362.216386013512
forecast_7284,2025-10-31 12:00:00,3709.46514831289,3622.929652675788,3361.2937515206145
forecast_7285,2025-10-31 13:00:00,3705.1537904488778,3614.8827142010505,3360.5070331196507
forecast_7286,2025-10-31 14:00:00,3704.4856748374864,3614.200556732837,3360.875872963539
forecast_7287,2025-10-31 15:00:00,3708.0601445939287,3618.999138642655,3361.399842995407
forecast_7288,2025-10-31 16:00:00,3729.7394713179096,3627.080192430642,3363.943942179088
forecast_7289,2025-10-31 17:00:00,3755.4479719664128,3679.685361539894,3368.307593752608
forecast_7290,2025-10-31 18:00:00,3963.3451629517126,3864.439497023398,3416.6867647320823
forecast_7291,2025-10-31 19:00:00,4478.300579401678,4182.107747980712,3582.183694151322
forecast_7292,2025-10-31 20:00:00,6140.433859608282,5955.452451984422,3750.672696263392
forecast_7293,2025-10-31 21:00:00,9083.83438220795,8365.58664751763,4520.773966051386
forecast_7294,2025-10-31 22:00:00,10534.436548898972,10519.217663421425,5701.513941606345
forecast_7295,2025-10-31 23:00:00,11510.540312720826,12526.873266895778,6256.909139091548
forecast_7296,2025-11-01 00:00:00,12340.327275507998,13657.654414908277,6744.152205255714
forecast_7297,2025-11-01 01:00:00,12265.372090694467,13574.60025015813,7596.551783581823
forecast_7298,2025-11-01 02:00:00,11867.83131849255,12952.442756261617,8024.313815394363
forecast_7299,2025-11-01 03:00:00,11358.555216539136,13021.035920870994,8837.854397978754
forecast_7300,2025-11-01 04:00:00,12370.295215566104,13910.86768270692,10291.926346806506
forecast_7301,2025-11-01 05:00:00,12709.562218567178,14070.690678799983,10156.086667070767
forecast_7302,2025-11-01 06:00:00,13521.36592793396,13857.019804510586,11343.703377927748
forecast_7303,2025-11-01 07:00:00,13489.02091620714,13692.507465968549,10631.228694857138
forecast_7304,2025-11-01 08:00:00,13848.494303001396,13659.772414973348,10694.573775029385
forecast_7305,2025-11-01 09:00:00,13680.895621340233,13655.34464081805,10828.725007250889
forecast_7306,2025-11-01 10:00:00,13421.355731090298,13011.340793307618,10055.279384434987
forecast_7307,2025-11-01 11:00:00,13668.757365791553,12936.45578045031,9488.730101944802
forecast_7308,2025-11-01 12:00:00,13551.533121809003,12795.62696297204,9360.858070525255
forecast_7309,2025-11-01 13:00:00,13472.65331544152,12766.600115011874,9367.75126690387
forecast_7310,2025-11-01 14:00:00,13404.496682467909,12833.686193200769,9286.95627888864
forecast_7311,2025-11-01 15:00:00,13355.01220186961,12862.676197321596,9301.716604501507
forecast_7312,2025-11-01 16:00:00,13080.460022717762,12992.086168558082,9300.32574577099
forecast_7313,2025-11-01 17:00:00,13542.964463732917,13405.97364173075,10730.933463774176
forecast_7314,2025-11-01 18:00:00,13933.201584779516,13485.550625420974,12057.501359763708
forecast_7315,2025-11-01 19:00:00,14382.528555023053,13722.078640018315,12761.27166174734
forecast_7316,2025-11-01 20:00:00,15146.884917449644,14352.841565377736,13519.791864036257
forecast_7317,2025-11-01 21:00:00,15458.330845236513,14944.43057375794,13597.54733186977
forecast_7318,2025-11-01 22:00:00,16078.108675054616,15859.067754126578,13832.888783751696
forecast_7319,2025-11-01 23:00:00,17899.14657969197,17186.872508714998,14339.963368778024
forecast_7320,2025-11-02 00:00:00,17687.247563803332,17444.359366756984,14130.44236236794
forecast_7321,2025-11-02 01:00:00,17812.209946573683,17905.38850057159,14343.583181888944
forecast_7322,2025-11-02 02:00:00,17696.73534016974,17787.537688012788,14438.56635710929
forecast_7323,2025-11-02 03:00:00,17105.33449456593,17095.39394247725,14485.395927014024
forecast_7324,2025-11-02 04:00:00,17049.816706412817,17312.521988220615,14690.236104763037
forecast_7325,2025-11-02 05:00:00,17154.99810451454,17359.132690756345,14827.00347980874
forecast_7326,2025-11-02 06:00:00,17274.344634538666,17997.968447083564,15237.18300623899
forecast_7327,2025-11-02 07:00:00,17248.93838334097,17874.568012199547,14587.315629907273
forecast_7328,2025-11-02 08:00:00,18263.64581123373,18315.84970101325,14082.367673967065
forecast_7329,2025-11-02 09:00:00,18321.211201365117,18306.095705269014,13600.718448020518
forecast_7330,2025-11-02 10:00:00,16876.018611157004,17290.236514414155,12628.44649600827
forecast_7331,2025-11-02 11:00:00,16569.757764929396,16636.072269032014,12046.314185434176
forecast_7332,2025-11-02 12:00:00,15821.560477750718,15554.081440434957,11606.077592321835
forecast_7333,2025-11-02 13:00:00,15198.153060799475,15017.222112688096,10804.954073865903
forecast_7334,2025-11-02 14:00:00,14730.17828009198,14463.377222740632,10472.861140178496
forecast_7335,2025-11-02 15:00:00,14291.57773870797,13991.956773537751,10256.343669329766
forecast_7336,2025-11-02 16:00:00,13780.78718655471,13451.055133933414,9779.236202540029
forecast_7337,2025-11-02 17:00:00,13452.35646372617,12974.427206587548,9154.230826525423
forecast_7338,2025-11-02 18:00:00,13119.699168968938,12492.167474030271,8947.78511668629
forecast_7339,2025-11-02 19:00:00,12633.647704937286,11880.301395988105,9082.6475889599
forecast_7340,2025-11-02 20:00:00,11718.30750688738,11234.967538556451,8424.991344036907
forecast_7341,2025-11-02 21:00:00,9221.507355481825,9335.08960376095,5882.77928481326
forecast_7342,2025-11-02 22:00:00,9234.708347377604,10351.076229494302,3764.010173618043
forecast_7343,2025-11-02 23:00:00,8806.291223285576,9758.14802199273,5862.111690362481
forecast_7344,2025-11-03 00:00:00,7191.541679920048,4635.7896277054415,3544.8711114135726
forecast_7345,2025-11-03 01:00:00,6939.171087124757,4581.9663866454775,3545.130104382306
forecast_7346,2025-11-03 02:00:00,5786.294070046479,4386.965077006239,3505.7131660865234
forecast_7347,2025-11-03 03:00:00,4938.703789851512,4183.488846733295,3666.09235884664
forecast_7348,2025-11-03 04:00:00,4450.474679473112,4031.3328228945,3690.962254157122
forecast_7349,2025-11-03 05:00:00,4276.917820310027,4049.9247742264088,3622.5947097453286
forecast_7350,2025-11-03 06:00:00,3546.893026806479,3813.85471730598,3683.085924848808
forecast_7351,2025-11-03 07:00:00,3308.1875588385906,3758.76356670626,3545.2800114567326
forecast_7352,2025-11-03 08:00:00,3214.3785281665496,3735.4394862135287,3688.761602272633
forecast_7353,2025-11-03 09:00:00,4006.465648373342,3845.641194110512,3620.487915396118
forecast_7354,2025-11-03 10:00:00,3810.5444808350794,3715.7668314008592,3471.544731555224
forecast_7355,2025-11-03 11:00:00,3727.130353945868,3658.996490586522,3377.857097134432
forecast_7356,2025-11-03 12:00:00,3711.633224693,3640.0288714290273,3366.426986577957
forecast_7357,2025-11-03 13:00:00,3707.6906002015503,3627.929582142831,3362.3028327853817
forecast_7358,2025-11-03 14:00:00,3704.939118874733,3619.99040858181,3361.4210911392697
forecast_7359,2025-11-03 15:00:00,3704.7818935522023,3618.256400843924,3360.829114906536
forecast_7360,2025-11-03 16:00:00,3710.744519512202,3620.682041817444,3362.5452760941957
forecast_7361,2025-11-03 17:00:00,3727.102033837416,3626.806195113632,3366.330934708943
forecast_7362,2025-11-03 18:00:00,3765.272584585438,3656.8421034871385,3368.761640620752
forecast_7363,2025-11-03 19:00:00,3859.4689647363534,3726.2401407772295,3375.0531682783694
forecast_7364,2025-11-03 20:00:00,3915.106573178824,3804.881837851081,3368.8190757395005
forecast_7365,2025-11-03 21:00:00,4004.0812685641577,3957.666924453933,3372.3539077644964
forecast_7366,2025-11-03 22:00:00,4711.780786226902,4589.020422203511,3405.93979870049
forecast_7367,2025-11-03 23:00:00,6321.006787633424,6180.991165574524,3615.1585407963744
forecast_7368,2025-11-04 00:00:00,7139.891502281109,7737.261934351556,5242.754248817261
forecast_7369,2025-11-04 01:00:00,7315.966542294472,8707.577958492513,4748.178590966843
forecast_7370,2025-11-04 02:00:00,8849.954320304365,11004.417381587242,5557.388391892241
forecast_7371,2025-11-04 03:00:00,9178.25532970884,11744.14251819451,5197.692772206668
forecast_7372,2025-11-04 04:00:00,10048.352074631272,12885.803208812093,5855.29093104363
forecast_7373,2025-11-04 05:00:00,10744.544352743884,13384.337088107231,6041.772552412202
forecast_7374,2025-11-04 06:00:00,12057.22680889359,14145.19769388211,7025.95550587114
forecast_7375,2025-11-04 07:00:00,12806.29961655882,14931.157307126468,7582.767181950634
forecast_7376,2025-11-04 08:00:00,13176.470411281944,15445.74097310101,3777.355951145822
forecast_7377,2025-11-04 09:00:00,13696.90913995634,16007.68906619188,8645.835455377888
forecast_7378,2025-11-04 10:00:00,13717.748103189588,15016.857281404436,10447.12013172415
forecast_7379,2025-11-04 11:00:00,13066.906994291016,14237.145174475005,9101.220203399997
forecast_7380,2025-11-04 12:00:00,12100.342186681435,12719.26923943438,8884.318499380981
forecast_7381,2025-11-04 13:00:00,10674.742285514423,10954.396919885514,8916.748674831293
forecast_7382,2025-11-04 14:00:00,9683.827814616525,9505.928572317896,7334.051624888514
forecast_7383,2025-11-04 15:00:00,8741.644375864262,8755.27463726761,7302.637786650914
forecast_7384,2025-11-04 16:00:00,8012.247668345922,8780.939825178319,7183.616627106434
forecast_7385,2025-11-04 17:00:00,9056.922893719006,9654.729664079008,7140.0967858457625
forecast_7386,2025-11-04 18:00:00,9202.605704981866,9929.956850788172,7022.7841802957655
forecast_7387,2025-11-04 19:00:00,9243.221563879642,9659.165097638552,6124.4128700932615
forecast_7388,2025-11-04 20:00:00,9189.931756634924,9561.18846928083,5675.270233252052
forecast_7389,2025-11-04 21:00:00,9199.242899925905,8919.370663190834,5481.478635532093
forecast_7390,2025-11-04 22:00:00,8788.400181059536,8297.902348093789,5756.402833796134
forecast_7391,2025-11-04 23:00:00,7345.428914929385,7111.840902363144,5516.710480027958
forecast_7392,2025-11-05 00:00:00,6492.8169267201865,5852.928142610152,3721.6481631461183
forecast_7393,2025-11-05 01:00:00,5844.8091732852245,5295.699238218506,3647.506858641998
forecast_7394,2025-11-05 02:00:00,4335.721704861366,4112.092039136978,3549.4236527756607
forecast_7395,2025-11-05 03:00:00,3510.144364098172,3786.52056239836,3392.2266969992825
forecast_7396,2025-11-05 04:00:00,3901.9381637829206,3718.491831294003,3371.181226088311
forecast_7397,2025-11-05 05:00:00,3737.0677011960265,3647.671899397668,3368.2054882005577
forecast_7398,2025-11-05 06:00:00,3713.064274652585,3630.312953718902,3361.95099903889
forecast_7399,2025-11-05 07:00:00,3709.655236700901,3623.6646872615006,3361.110492578653
forecast_7400,2025-11-05 08:00:00,3709.0233025226826,3621.8070447299647,3360.916567545449
forecast_7401,2025-11-05 09:00:00,3705.911649392037,3615.337562781777,3360.7972991065285
forecast_7402,2025-11-05 10:00:00,3704.737911904686,3612.890251242204,3361.072644852331
forecast_7403,2025-11-05 11:00:00,3706.190173127017,3613.7234583455424,3360.677824268572
forecast_7404,2025-11-05 12:00:00,3704.2367693904935,3613.877262419984,3360.313317542841
forecast_7405,2025-11-05 13:00:00,3705.436323793572,3614.4082069646015,3360.390907028726
forecast_7406,2025-11-05 14:00:00,3707.676130067976,3615.7810160520726,3360.3134573559914
forecast_7407,2025-11-05 15:00:00,3704.3050406146926,3613.346449088605,3360.353180027666
forecast_7408,2025-11-05 16:00:00,3705.712553673919,3613.709483090195,3360.837231182566
forecast_7409,2025-11-05 17:00:00,3705.825442296288,3614.273861049842,3360.611270344916
forecast_7410,2025-11-05 18:00:00,3722.063711287386,3620.534644932376,3360.506635584169
forecast_7411,2025-11-05 19:00:00,3726.6479747552394,3621.487968705933,3361.433942492703
forecast_7412,2025-11-05 20:00:00,3720.775130973384,3625.042123078328,3362.7893949328645
forecast_7413,2025-11-05 21:00:00,3724.500591385688,3625.855841471906,3364.127945845408
forecast_7414,2025-11-05 22:00:00,3744.168902883856,3650.8567425100136,3366.089762414718
forecast_7415,2025-11-05 23:00:00,3787.219148179832,3682.600909867046,3373.3091362472564
forecast_7416,2025-11-06 00:00:00,3886.542314571456,3751.756755024039,3385.3105955056435
forecast_7417,2025-11-06 01:00:00,3974.273041182801,3779.5210371299927,3435.451084931221
forecast_7418,2025-11-06 02:00:00,3644.429558901268,3846.0620364109855,3708.766691830759
forecast_7419,2025-11-06 03:00:00,3897.137050577308,4003.048173830633,3819.7207373600095
forecast_7420,2025-11-06 04:00:00,4098.125085583412,4003.438316823592,3955.603283223521
forecast_7421,2025-11-06 05:00:00,4372.519155174778,4270.054231809443,4066.954442212872
forecast_7422,2025-11-06 06:00:00,4410.178082017781,4039.336820666481,3766.9314979873375
forecast_7423,2025-11-06 07:00:00,3821.5599361011614,3950.337987080344,3490.8862949592285
forecast_7424,2025-11-06 08:00:00,3952.354134451151,3874.9157411198457,3416.109503650071
forecast_7425,2025-11-06 09:00:00,3855.453812962409,3742.7208591949143,3387.543727130784
forecast_7426,2025-11-06 10:00:00,3746.784254664356,3629.599110487685,3370.9845736965544
forecast_7427,2025-11-06 11:00:00,3729.810511696673,3620.5677406498776,3366.1269923497475
forecast_7428,2025-11-06 12:00:00,3715.150285640355,3619.5271394199017,3366.943159344918
forecast_7429,2025-11-06 13:00:00,3708.993444422715,3615.111129187141,3361.9761209322764
forecast_7430,2025-11-06 14:00:00,3709.894339374389,3614.437267530433,3364.3562296697733
forecast_7431,2025-11-06 15:00:00,3708.887229399777,3616.144723428808,3361.638790030999
forecast_7432,2025-11-06 16:00:00,3712.7174836289073,3633.784634845512,3361.1930466592867
forecast_7433,2025-11-06 17:00:00,3720.235710209218,3638.308120040384,3362.7400169061366
forecast_7434,2025-11-06 18:00:00,3748.766584446266,3714.0272352311295,3363.8163073412948
forecast_7435,2025-11-06 19:00:00,3784.631692816768,3731.72171633424,3364.0839529957907
forecast_7436,2025-11-06 20:00:00,3734.660650811222,3668.1485188211295,3361.937841612269
forecast_7437,2025-11-06 21:00:00,3758.231635908345,3654.932077496032,3362.5266890467965
forecast_7438,2025-11-06 22:00:00,3741.6220711221936,3638.201603882831,3364.7055026589724
forecast_7439,2025-11-06 23:00:00,3737.580895335244,3630.5201435417057,3365.44962906242
forecast_7440,2025-11-07 00:00:00,3750.000233272078,3645.857782719792,3366.286579028605
forecast_7441,2025-11-07 01:00:00,3814.7789678630975,3669.7650404432175,3369.5276685920853
forecast_7442,2025-11-07 02:00:00,3889.1650112198777,3735.845007631768,3375.220054641341
forecast_7443,2025-11-07 03:00:00,3958.640716154111,3812.730993246029,3469.750316279888
forecast_7444,2025-11-07 04:00:00,3463.622194606107,3779.171636996698,3446.0682981696264
forecast_7445,2025-11-07 05:00:00,3605.631654764061,3940.330069520669,3543.9939276121663
forecast_7446,2025-11-07 06:00:00,3377.9556572900665,3758.440336405071,3534.471200204468
forecast_7447,2025-11-07 07:00:00,3860.270925158088,3751.441344588751,3397.477551020605
forecast_7448,2025-11-07 08:00:00,3765.930319179889,3660.363743463213,3369.1941505400487
forecast_7449,2025-11-07 09:00:00,3754.569682924533,3648.251988456912,3365.213284167567
forecast_7450,2025-11-07 10:00:00,3718.50587074406,3619.0530078913775,3362.7044669425345
forecast_7451,2025-11-07 11:00:00,3716.40046266416,3627.420924204656,3362.072499833865
forecast_7452,2025-11-07 12:00:00,3715.231284417863,3626.57054597581,3361.107914895708
forecast_7453,2025-11-07 13:00:00,3713.2661086574262,3632.898401070865,3361.1986953366613
forecast_7454,2025-11-07 14:00:00,3716.0562507314144,3641.117107325528,3361.959426918299
forecast_7455,2025-11-07 15:00:00,3727.7059630960266,3668.977091527953,3369.139472786577
forecast_7456,2025-11-07 16:00:00,3787.815132526685,3751.926695123865,3374.755425693893
forecast_7457,2025-11-07 17:00:00,4007.164359851583,3932.882266075148,3440.8133852575606
forecast_7458,2025-11-07 18:00:00,4106.186013742549,4026.122944407925,3446.0909976560188
forecast_7459,2025-11-07 19:00:00,3483.2936903595287,3911.453914562605,3410.9344403301143
forecast_7460,2025-11-07 20:00:00,3505.8467869134865,3917.2873346612937,3412.686781322211
forecast_7461,2025-11-07 21:00:00,3611.574961288772,3941.8705013347576,3437.977577620093
forecast_7462,2025-11-07 22:00:00,3582.605685287208,3900.599572357165,3416.750362073221
forecast_7463,2025-11-07 23:00:00,3692.5750235516753,3870.9005315467,3444.160544673172
forecast_7464,2025-11-08 00:00:00,3643.329538389488,3867.838347148064,3396.3101191746955
forecast_7465,2025-11-08 01:00:00,3606.506991730401,3832.780922035795,3379.078975479212
forecast_7466,2025-11-08 02:00:00,3529.934915609352,3787.689649064428,3373.071654618446
forecast_7467,2025-11-08 03:00:00,4054.614604812981,3917.133070549575,3384.658538590805
forecast_7468,2025-11-08 04:00:00,3951.8055090412095,3905.0496524769865,3403.3272568426314
forecast_7469,2025-11-08 05:00:00,4027.944811097943,3908.906282955797,3432.3878729500866
forecast_7470,2025-11-08 06:00:00,4024.105813854684,3821.7491171218944,3411.282541824549
forecast_7471,2025-11-08 07:00:00,3290.163699396613,3709.744345710794,3422.619122722125
forecast_7472,2025-11-08 08:00:00,3968.646829457961,3787.152658548495,3386.572577384569
forecast_7473,2025-11-08 09:00:00,3902.404646191527,3718.977592468005,3382.225161321365
forecast_7474,2025-11-08 10:00:00,3867.925037364954,3724.646914839396,3375.2569152803494
forecast_7475,2025-11-08 11:00:00,3895.213673281524,3723.668582524741,3366.4203124920514
forecast_7476,2025-11-08 12:00:00,3833.469862901369,3699.6869504982506,3371.2360334702107
forecast_7477,2025-11-08 13:00:00,3867.38009674389,3818.9220441149614,3368.581116973061
forecast_7478,2025-11-08 14:00:00,3811.443769744256,3776.539944136981,3371.738628235935
forecast_7479,2025-11-08 15:00:00,3855.34699998738,3899.207307279842,3375.030878206141
forecast_7480,2025-11-08 16:00:00,3905.88321135414,3949.589450236165,3386.0018007257318
forecast_7481,2025-11-08 17:00:00,3945.638029080151,4026.440688915529,3387.713760724007
forecast_7482,2025-11-08 18:00:00,4379.89054630792,4700.129373975125,3404.371577516585
forecast_7483,2025-11-08 19:00:00,5015.995538250852,5589.236106353052,3459.056535326976
forecast_7484,2025-11-08 20:00:00,5560.756551511254,6580.7662011140665,3427.038053899289
forecast_7485,2025-11-08 21:00:00,5772.91209327236,6990.607947333757,3503.5742959592144
forecast_7486,2025-11-08 22:00:00,6364.64709010018,7523.047153059805,3639.252561695785
forecast_7487,2025-11-08 23:00:00,7806.746160805965,8699.755447690823,5748.998298491133
forecast_7488,2025-11-09 00:00:00,7826.556268778861,9018.403638575814,6128.545027989141
forecast_7489,2025-11-09 01:00:00,7920.834672960354,8937.775297373402,3561.597558259352
forecast_7490,2025-11-09 02:00:00,9342.84521336014,9348.946709917294,3666.500303931598
forecast_7491,2025-11-09 03:00:00,10711.601167961977,10938.175551789776,3728.946235478631
forecast_7492,2025-11-09 04:00:00,12369.133237361028,12225.32343596678,8923.50878461073
forecast_7493,2025-11-09 05:00:00,12740.194238116035,13106.264459694628,10137.699480477886
forecast_7494,2025-11-09 06:00:00,13872.047080341616,13996.501178978528,11321.029990359551
forecast_7495,2025-11-09 07:00:00,13818.8586586797,13798.066938516791,11281.513066456288
forecast_7496,2025-11-09 08:00:00,11910.765427188442,13105.445010607373,11673.293852756393
forecast_7497,2025-11-09 09:00:00,12084.00241210999,13107.175262630208,10672.5735171222
forecast_7498,2025-11-09 10:00:00,11352.52952826491,11712.83555376191,10118.547167958606
forecast_7499,2025-11-09 11:00:00,11535.347315772082,11406.123407947694,10117.102238874924
forecast_7500,2025-11-09 12:00:00,11413.906335764572,11347.554779489632,9608.51168324037
forecast_7501,2025-11-09 13:00:00,12600.492603721905,12394.892048422384,12219.372090299175
forecast_7502,2025-11-09 14:00:00,12878.904307275056,12791.223949259804,12480.643988286622
forecast_7503,2025-11-09 15:00:00,13365.518845943336,13318.50801946152,12607.567311721095
forecast_7504,2025-11-09 16:00:00,14012.88162777478,13824.738469469276,12619.680106568105
forecast_7505,2025-11-09 17:00:00,14365.373712690409,13949.96432894077,12473.388929744448
forecast_7506,2025-11-09 18:00:00,14915.125597290264,14736.59688444898,12762.56816924826
forecast_7507,2025-11-09 19:00:00,15723.879233507352,15636.904418193708,13429.427571038248
forecast_7508,2025-11-09 20:00:00,16670.32811130111,16516.046840831703,13450.638150298832
forecast_7509,2025-11-09 21:00:00,15885.629084073307,16345.65674628712,12633.37977004407
forecast_7510,2025-11-09 22:00:00,15657.9324970375,15901.33297649548,11891.888172440347
forecast_7511,2025-11-09 23:00:00,14964.727023764412,15184.034693740496,11383.885274821048
forecast_7512,2025-11-10 00:00:00,14521.043789048192,14543.812709428674,11478.964611890951
forecast_7513,2025-11-10 01:00:00,14335.64781381894,14106.276698478048,11337.572407129956
forecast_7514,2025-11-10 02:00:00,13864.612063936976,13085.620638874288,10184.102283607375
forecast_7515,2025-11-10 03:00:00,13837.67556572632,12707.8698060582,9723.21074086038
forecast_7516,2025-11-10 04:00:00,14064.91773299728,12728.472121228064,9570.15766462104
forecast_7517,2025-11-10 05:00:00,14922.729525196044,13601.315435143955,10055.03632409861
forecast_7518,2025-11-10 06:00:00,15344.900923763367,14361.768960521991,10546.760677326478
forecast_7519,2025-11-10 07:00:00,15457.305708364926,15080.240005595975,11599.017022290713
forecast_7520,2025-11-10 08:00:00,15338.461481752234,15228.260616837186,11478.042030255054
forecast_7521,2025-11-10 09:00:00,14518.986771941982,14118.868667234112,11147.990782935874
forecast_7522,2025-11-10 10:00:00,12415.680342427935,11963.432380821354,9243.195807758268
forecast_7523,2025-11-10 11:00:00,10832.76951002544,9937.620773845114,8212.458145398472
forecast_7524,2025-11-10 12:00:00,8947.400130362284,8248.725068893658,7476.922470243038
forecast_7525,2025-11-10 13:00:00,7817.335395887377,6713.808859601892,7043.621655865729
forecast_7526,2025-11-10 14:00:00,7621.233823553922,6747.690449313457,6422.765096109726
forecast_7527,2025-11-10 15:00:00,7627.755927854509,6760.832482264023,6641.091574903778
forecast_7528,2025-11-10 16:00:00,7463.727405434526,7167.216787749513,6499.81951896626
forecast_7529,2025-11-10 17:00:00,9582.11344212308,8098.532617851057,6600.005016429239
forecast_7530,2025-11-10 18:00:00,13470.433925649431,11414.94197174852,9444.303033246755
forecast_7531,2025-11-10 19:00:00,16790.372445954577,14172.930977498629,11974.275042560736
forecast_7532,2025-11-10 20:00:00,18487.910680463632,16412.65259247173,10837.953058353363
forecast_7533,2025-11-10 21:00:00,19183.239612906105,16991.24619226706,12244.638088724012
forecast_7534,2025-11-10 22:00:00,20178.768238696477,18194.860749289517,13763.928890684556
forecast_7535,2025-11-10 23:00:00,19147.307540899685,18010.288615129346,14094.319264199468
forecast_7536,2025-11-11 00:00:00,18397.240011352365,17867.316747246517,14078.4527696164
forecast_7537,2025-11-11 01:00:00,20169.53356520384,18764.782952295383,14360.881240080702
forecast_7538,2025-11-11 02:00:00,19491.00884230044,17697.046990654286,12754.16967494164
forecast_7539,2025-11-11 03:00:00,17395.47327874303,16573.6190746404,11061.452431791333
forecast_7540,2025-11-11 04:00:00,14510.690020944285,14637.654187147748,8962.692610566273
forecast_7541,2025-11-11 05:00:00,11454.530479145433,10856.958611011009,6964.195701230837
forecast_7542,2025-11-11 06:00:00,7667.912315309043,7628.968708192628,3494.478883497868
forecast_7543,2025-11-11 07:00:00,6562.550388165442,4449.760720810581,3515.900572607478
forecast_7544,2025-11-11 08:00:00,4538.4920410842215,4065.3307504311474,3454.3962141549923
forecast_7545,2025-11-11 09:00:00,4173.642410881269,4075.8524674970586,3442.066852476297
forecast_7546,2025-11-11 10:00:00,4057.3560946586736,3791.187638587793,3411.9141870201597
forecast_7547,2025-11-11 11:00:00,3922.6810648232113,3739.79278713012,3385.7698020926337
forecast_7548,2025-11-11 12:00:00,3870.093679212174,3723.177889062419,3391.808460734161
forecast_7549,2025-11-11 13:00:00,3820.2210763741286,3706.566801761797,3383.470000694893
forecast_7550,2025-11-11 14:00:00,3806.0013795472255,3697.211337325302,3383.338838459681
forecast_7551,2025-11-11 15:00:00,3806.321592981975,3692.961370710738,3385.398203658238
forecast_7552,2025-11-11 16:00:00,3773.384585800396,3657.39551936376,3367.4240232875754
forecast_7553,2025-11-11 17:00:00,3750.414402681692,3643.307748850191,3366.732737777368
forecast_7554,2025-11-11 18:00:00,3767.116918012516,3658.138290651463,3364.476026835492
forecast_7555,2025-11-11 19:00:00,3759.806756876234,3653.8332615663417,3365.0899191156627
forecast_7556,2025-11-11 20:00:00,3721.980925125586,3635.846439121609,3363.257582419487
forecast_7557,2025-11-11 21:00:00,3738.924790019181,3662.590044799866,3364.328729297352
forecast_7558,2025-11-11 22:00:00,3725.479951482249,3664.993233603098,3363.719511477433
forecast_7559,2025-11-11 23:00:00,3734.750516517431,3655.5191688351415,3362.413085009699
forecast_7560,2025-11-12 00:00:00,3757.499614135984,3659.35233126698,3361.9671382653823
forecast_7561,2025-11-12 01:00:00,3747.610254828564,3659.034240221788,3363.1715424181466
forecast_7562,2025-11-12 02:00:00,3754.870485020379,3663.356809690791,3364.5311040345528
forecast_7563,2025-11-12 03:00:00,3797.46776518825,3703.27918575696,3365.554093714265
forecast_7564,2025-11-12 04:00:00,3802.844555625827,3712.062930161545,3369.397593907964
forecast_7565,2025-11-12 05:00:00,3843.364890714464,3738.184754635527,3371.8051695640665
forecast_7566,2025-11-12 06:00:00,3901.627637160165,3773.03434279535,3377.680695658185
forecast_7567,2025-11-12 07:00:00,4027.053079445603,3877.6460980428674,3429.827499804809
forecast_7568,2025-11-12 08:00:00,4058.454656608301,3988.938287486906,3410.1554502519275
forecast_7569,2025-11-12 09:00:00,4133.5131724675775,4214.707845186455,3450.326836920127
forecast_7570,2025-11-12 10:00:00,4121.423639459815,4092.2996577552262,3575.223384382069
forecast_7571,2025-11-12 11:00:00,4090.931134082434,4072.284512315207,3556.8037869285536
forecast_7572,2025-11-12 12:00:00,4066.43808475756,4320.328525540102,3705.401225868606
forecast_7573,2025-11-12 13:00:00,4633.737799307591,4769.7546462285645,3689.3196956011466
forecast_7574,2025-11-12 14:00:00,5026.0197896691725,4948.679804715075,4489.460891605378
forecast_7575,2025-11-12 15:00:00,6032.478376332954,6447.372064024919,5215.588172033147
forecast_7576,2025-11-12 16:00:00,7383.927246689853,7393.2880281770895,3738.572829007336
forecast_7577,2025-11-12 17:00:00,10200.37693335922,9978.214012530914,7538.693536264972
forecast_7578,2025-11-12 18:00:00,11793.65097267788,11988.14807290404,9625.740943290928
forecast_7579,2025-11-12 19:00:00,14604.81399471971,14667.61031254649,11611.988716517102
forecast_7580,2025-11-12 20:00:00,15575.072059639544,16215.915500587616,12819.86168667264
forecast_7581,2025-11-12 21:00:00,17488.673679113108,17133.390093302678,14297.973507322746
forecast_7582,2025-11-12 22:00:00,18697.89248220536,18215.437668094037,15598.910619209752
forecast_7583,2025-11-12 23:00:00,19363.64713418609,19004.976575839057,16570.25196453101
forecast_7584,2025-11-13 00:00:00,20497.50676337132,19452.433504632383,17466.15127040354
forecast_7585,2025-11-13 01:00:00,20036.071130025488,19224.670715703214,16721.048570734085
forecast_7586,2025-11-13 02:00:00,19962.077408888435,18932.93746506812,17078.31120393895
forecast_7587,2025-11-13 03:00:00,18815.88504529859,18080.727662747857,16954.704732810573
forecast_7588,2025-11-13 04:00:00,18355.1099971662,17370.641029140566,16387.63780560956
forecast_7589,2025-11-13 05:00:00,16768.352212962636,16353.924854825504,15978.65669456209
forecast_7590,2025-11-13 06:00:00,15769.36094162072,16009.691985552116,15264.147485467476
forecast_7591,2025-11-13 07:00:00,14172.570557242692,14585.783515839805,14125.173294069797
forecast_7592,2025-11-13 08:00:00,12409.765357024628,13217.399455420324,12947.1509279171
forecast_7593,2025-11-13 09:00:00,10524.643924768376,11740.511964087618,9319.630399416506
forecast_7594,2025-11-13 10:00:00,9555.16708054136,9966.403979215678,7613.902831873932
forecast_7595,2025-11-13 11:00:00,8573.436006086104,8419.589611396592,6615.336890553683
forecast_7596,2025-11-13 12:00:00,5422.864052595841,5280.482525350592,4186.245055670625
forecast_7597,2025-11-13 13:00:00,4264.616192469637,4048.061386210476,3635.956016649277
forecast_7598,2025-11-13 14:00:00,4029.7186734039,3851.109731333545,3498.6294319536314
forecast_7599,2025-11-13 15:00:00,3915.028229766912,3775.23497236801,3451.3934968123385
forecast_7600,2025-11-13 16:00:00,3947.020931509623,3843.156064988056,3415.0154061064577
forecast_7601,2025-11-13 17:00:00,3976.334510107194,3946.7808513129776,3491.346888530784
forecast_7602,2025-11-13 18:00:00,4124.611631995762,4079.8315753615534,3503.6209275759707
forecast_7603,2025-11-13 19:00:00,5332.280459580888,4296.442909490635,3661.592726500545
forecast_7604,2025-11-13 20:00:00,5174.538751100491,4294.219434536339,3548.503835608958
forecast_7605,2025-11-13 21:00:00,6016.419517393571,5647.3408554671705,4337.961334073983
forecast_7606,2025-11-13 22:00:00,5784.834933580601,5289.634129392673,3773.6260118927
forecast_7607,2025-11-13 23:00:00,5187.452222845457,4313.273274310805,4297.195432476499
forecast_7608,2025-11-14 00:00:00,4646.906927567699,4213.096303300169,3627.153217179124
forecast_7609,2025-11-14 01:00:00,4058.0280102724655,3874.0609609105854,3465.446446158056
forecast_7610,2025-11-14 02:00:00,4059.664779091232,3892.687625803862,3471.8036172638613
forecast_7611,2025-11-14 03:00:00,4029.716238336881,3917.7822794796703,3474.2618204088108
forecast_7612,2025-11-14 04:00:00,4050.320294180715,3931.771588870195,3441.075410821978
forecast_7613,2025-11-14 05:00:00,4057.352188723926,3928.747729630164,3442.6859366545946
forecast_7614,2025-11-14 06:00:00,3776.712092767044,3932.697089189935,3512.6708574910954
forecast_7615,2025-11-14 07:00:00,3762.720658301691,3909.2016014324313,3444.6221258960827
forecast_7616,2025-11-14 08:00:00,3811.957638043303,3969.704401831749,3485.3230376162637
forecast_7617,2025-11-14 09:00:00,3843.290354503141,4007.961665022705,3462.6195400382653
forecast_7618,2025-11-14 10:00:00,4086.176276213395,3918.1024992311504,3483.832462680434
forecast_7619,2025-11-14 11:00:00,4074.0069308332536,3976.6762878337904,3488.6097699999186
forecast_7620,2025-11-14 12:00:00,3948.197864793076,3852.4864542229566,3496.4583325456965
forecast_7621,2025-11-14 13:00:00,4017.901235317326,3899.323199910968,3489.0469794992173
forecast_7622,2025-11-14 14:00:00,4275.771168987343,4024.490850761661,3531.9277736557747
forecast_7623,2025-11-14 15:00:00,4755.006152876801,4216.24597793733,3519.227436802
forecast_7624,2025-11-14 16:00:00,4870.447471840204,4192.600728614587,3761.526832783264
forecast_7625,2025-11-14 17:00:00,6537.07992781231,5273.094930322655,3775.31132997492
forecast_7626,2025-11-14 18:00:00,7283.8245554209725,6787.587659451366,6453.0900967134485
forecast_7627,2025-11-14 19:00:00,8589.17989791642,8732.10945953408,6911.848027774329
forecast_7628,2025-11-14 20:00:00,9714.804619111075,9925.259483210424,7538.706406757513
forecast_7629,2025-11-14 21:00:00,9198.385832436774,9472.610736146818,6250.773693346772
forecast_7630,2025-11-14 22:00:00,9238.515759736516,9074.220359535264,6484.842331103341
forecast_7631,2025-11-14 23:00:00,8293.473633163316,7985.822453234333,6101.3029156619305
forecast_7632,2025-11-15 00:00:00,7559.978646213443,6889.397070235605,3755.760921102253
forecast_7633,2025-11-15 01:00:00,6518.525077876412,5940.521831086303,4918.63050182508
forecast_7634,2025-11-15 02:00:00,6082.043057853377,5234.217358526825,3670.978096545429
forecast_7635,2025-11-15 03:00:00,5560.508031872302,4742.4917832215215,3564.6806414516504
forecast_7636,2025-11-15 04:00:00,5742.12913071094,4870.645795840888,3695.480992332331
forecast_7637,2025-11-15 05:00:00,4778.832848203306,4236.366249696111,3584.9710076344227
forecast_7638,2025-11-15 06:00:00,4350.610356080913,4082.579928944801,3571.154329791077
forecast_7639,2025-11-15 07:00:00,4281.3491241618185,4076.4009929890535,3458.5233946120934
forecast_7640,2025-11-15 08:00:00,3610.126370977883,3899.6619860235865,3409.6453380534986
forecast_7641,2025-11-15 09:00:00,4005.640639085194,3834.009266279473,3420.999010935682
forecast_7642,2025-11-15 10:00:00,3850.7277944447583,3679.49886521382,3386.9914026740366
forecast_7643,2025-11-15 11:00:00,3807.172516609768,3666.0006070861486,3387.364156454406
forecast_7644,2025-11-15 12:00:00,3755.6008215880297,3651.0979342629153,3378.489812524208
forecast_7645,2025-11-15 13:00:00,3764.741506257621,3638.874209140862,3366.5806205199
forecast_7646,2025-11-15 14:00:00,3764.385991116133,3642.492453350208,3373.388825400663
forecast_7647,2025-11-15 15:00:00,3812.704877345146,3670.037251313613,3413.147941896688
forecast_7648,2025-11-15 16:00:00,3950.783837194015,3750.549844783985,3413.5737483788066
forecast_7649,2025-11-15 17:00:00,4289.751219536192,4125.33000596995,3567.163412010492
forecast_7650,2025-11-15 18:00:00,5625.273643899812,4734.422717001822,4107.816106929807
forecast_7651,2025-11-15 19:00:00,7039.679617622335,6599.877060798643,5117.0881953545095
forecast_7652,2025-11-15 20:00:00,8030.892151970232,7903.318716613149,5709.809153577058
forecast_7653,2025-11-15 21:00:00,8634.080356747825,8393.885832600938,5944.106916295533
forecast_7654,2025-11-15 22:00:00,9627.80467949539,9207.595072581147,6841.299536485386
forecast_7655,2025-11-15 23:00:00,9613.35312067916,9383.194818561637,6626.170687395481
forecast_7656,2025-11-16 00:00:00,9884.991966647927,9651.608408844697,6722.119421325463
forecast_7657,2025-11-16 01:00:00,10208.99948968956,9968.959498020284,6981.430408621801
forecast_7658,2025-11-16 02:00:00,9520.145791276507,9438.61033689583,6069.115810868534
forecast_7659,2025-11-16 03:00:00,10764.525882680582,10237.431326857411,6604.60889730091
forecast_7660,2025-11-16 04:00:00,10537.368848831124,10507.484440205104,3772.262321181335
forecast_7661,2025-11-16 05:00:00,11269.927080579724,11620.460200003185,7381.280855952822
forecast_7662,2025-11-16 06:00:00,11471.314299534428,12255.228761580767,7323.1623398274
forecast_7663,2025-11-16 07:00:00,11640.755496821725,13180.878841747914,7714.334057867835
forecast_7664,2025-11-16 08:00:00,10949.909145143954,13356.254314588452,7320.853394678992
forecast_7665,2025-11-16 09:00:00,10638.447093246035,13366.412460367454,7937.739024393641
forecast_7666,2025-11-16 10:00:00,10513.97575132831,12876.230872348942,8596.740976096087
forecast_7667,2025-11-16 11:00:00,11281.143613496111,13545.865818844735,9996.553199237784
forecast_7668,2025-11-16 12:00:00,11758.12508478224,13596.04735231499,12235.05111785912
forecast_7669,2025-11-16 13:00:00,13336.020535639816,14150.104434043054,13790.956305973808
forecast_7670,2025-11-16 14:00:00,13943.644204701255,14470.119767815271,15093.136898176062
forecast_7671,2025-11-16 15:00:00,15703.898994386496,16121.958987593036,16181.198423670608
forecast_7672,2025-11-16 16:00:00,17456.13888615838,17778.152336400046,16985.489314630795
forecast_7673,2025-11-16 17:00:00,19314.00267786737,19145.438504869857,17602.861809867387
forecast_7674,2025-11-16 18:00:00,20185.602458663263,19914.02708380735,17982.67271502734
forecast_7675,2025-11-16 19:00:00,20201.29752435184,20098.03895053836,18408.17001432674
forecast_7676,2025-11-16 20:00:00,20396.317526781088,20266.47833000676,18668.355424493475
forecast_7677,2025-11-16 21:00:00,20405.363333104677,20333.72150707801,18892.186680444735
forecast_7678,2025-11-16 22:00:00,20579.836836440103,20401.94424923808,19017.1406441553
forecast_7679,2025-11-16 23:00:00,20537.98603520088,20314.634367487757,19091.239931639037
forecast_7680,2025-11-17 00:00:00,20543.354459079703,20089.98466082716,18930.702389713744
forecast_7681,2025-11-17 01:00:00,20469.46785051477,20207.97292103148,19017.237981296912
forecast_7682,2025-11-17 02:00:00,20495.58377517679,20105.38123181393,18920.152297543456
forecast_7683,2025-11-17 03:00:00,20106.38293669248,19930.4867492997,18759.73197957525
forecast_7684,2025-11-17 04:00:00,19991.47560157043,19849.13448573924,18733.00374267711
forecast_7685,2025-11-17 05:00:00,19929.787544270614,19668.35514848309,18545.98408578821
forecast_7686,2025-11-17 06:00:00,19738.93893215073,19264.398864207786,18414.922300035705
forecast_7687,2025-11-17 07:00:00,19478.510416192978,18798.906442162872,18104.112242442567
forecast_7688,2025-11-17 08:00:00,18605.585309110746,17886.45233552198,16716.653195529354
forecast_7689,2025-11-17 09:00:00,17248.866860509228,17000.133146367723,15859.479580183628
forecast_7690,2025-11-17 10:00:00,16343.104493891607,15569.723162883409,15189.635351425495
forecast_7691,2025-11-17 11:00:00,15682.970432003922,14788.868616974254,14841.730581761873
forecast_7692,2025-11-17 12:00:00,14432.080692330468,13954.070518611876,14262.418263557118
forecast_7693,2025-11-17 13:00:00,13848.00541244859,13464.438069116028,13642.51537479572
forecast_7694,2025-11-17 14:00:00,13486.005435575376,13228.569925436062,13406.359284080709
forecast_7695,2025-11-17 15:00:00,13582.828463230038,13174.9974320393,13381.302160254212
forecast_7696,2025-11-17 16:00:00,13864.750378785246,13361.929714122714,13658.357286533348
forecast_7697,2025-11-17 17:00:00,14282.257789001951,13824.194340721831,14021.786527900687
forecast_7698,2025-11-17 18:00:00,14753.250233054036,14230.525197711864,14292.059322285922
forecast_7699,2025-11-17 19:00:00,15145.63220520982,14741.973998472413,14229.53023932357
forecast_7700,2025-11-17 20:00:00,15293.83537237709,15030.261250291132,14579.977743343155
forecast_7701,2025-11-17 21:00:00,15656.079204512773,15513.438678002798,15086.744008234084
forecast_7702,2025-11-17 22:00:00,15969.901802087938,16278.610776084186,15213.253208149245
forecast_7703,2025-11-17 23:00:00,17623.299743935393,17616.589524415722,15707.076647915736
forecast_7704,2025-11-18 00:00:00,17936.756171628964,18083.693627290984,15720.221019324885
forecast_7705,2025-11-18 01:00:00,17967.63179954024,18113.397874055987,15426.555893277258
forecast_7706,2025-11-18 02:00:00,18160.03835163642,18285.236495582987,15573.372508814222
forecast_7707,2025-11-18 03:00:00,18170.594422454466,18190.116934291585,15609.090441018408
forecast_7708,2025-11-18 04:00:00,17929.53267060833,17872.28213853761,15519.72148535717
forecast_7709,2025-11-18 05:00:00,17442.78715307966,17988.625155449143,15064.233958213152
forecast_7710,2025-11-18 06:00:00,17235.35612558879,17787.104199287343,15436.509604570869
forecast_7711,2025-11-18 07:00:00,17776.623575549074,17904.58059315664,14306.361938847152
forecast_7712,2025-11-18 08:00:00,16963.453128582707,16887.401417406258,12360.599272986105
forecast_7713,2025-11-18 09:00:00,16106.20608682237,16140.13408846769,10983.395785774304
forecast_7714,2025-11-18 10:00:00,14557.573991503354,14614.909759175103,11125.916048325184
forecast_7715,2025-11-18 11:00:00,14013.803593320948,13652.47877699772,10352.337001890146
forecast_7716,2025-11-18 12:00:00,13288.177818291928,12677.33800729283,9602.43880122958
forecast_7717,2025-11-18 13:00:00,12683.307864146627,12012.610641024632,8902.433011608291
forecast_7718,2025-11-18 14:00:00,12122.189821579415,11339.202046844184,8314.334774940555
forecast_7719,2025-11-18 15:00:00,11159.6291925615,10288.43076927962,7036.650210205785
forecast_7720,2025-11-18 16:00:00,9058.389168365456,8459.777265303743,5292.571204523048
forecast_7721,2025-11-18 17:00:00,7520.385106599089,6953.067390451245,4385.808891495385
forecast_7722,2025-11-18 18:00:00,6110.205314452209,4575.47742971678,3763.1340540606034
forecast_7723,2025-11-18 19:00:00,6649.083285378414,6983.655680200021,4886.038640690593
forecast_7724,2025-11-18 20:00:00,6848.0556201565,7190.627670395658,5375.778119824492
forecast_7725,2025-11-18 21:00:00,7855.48509985596,7700.33334701819,5382.856768366085
forecast_7726,2025-11-18 22:00:00,8392.08954973563,7955.257477908959,6342.614244320707
forecast_7727,2025-11-18 23:00:00,9216.720765712826,8406.62171382563,6767.536144691779
forecast_7728,2025-11-19 00:00:00,9488.075799628785,9022.88142712876,6633.574069215226
forecast_7729,2025-11-19 01:00:00,9869.83259925943,9951.140369270755,7768.302500744324
forecast_7730,2025-11-19 02:00:00,9160.72506263877,9371.993335654495,6239.256120130161
forecast_7731,2025-11-19 03:00:00,8478.83078712315,8442.764725875757,5540.438195933353
forecast_7732,2025-11-19 04:00:00,7452.688894156446,6949.443575761434,5195.968701580641
forecast_7733,2025-11-19 05:00:00,5391.316208538895,5310.513649695355,4584.455238590953
forecast_7734,2025-11-19 06:00:00,4237.502813372218,3618.036201400175,3670.202879426894
forecast_7735,2025-11-19 07:00:00,4038.727795736318,4019.248870315956,3652.78320663275
forecast_7736,2025-11-19 08:00:00,3880.533318441909,3851.0153679993095,3415.4452841022226
forecast_7737,2025-11-19 09:00:00,3841.3197234973263,3805.630911733048,3385.560877942725
forecast_7738,2025-11-19 10:00:00,3760.5038023828256,3683.8973363177247,3375.765286963794
forecast_7739,2025-11-19 11:00:00,3745.642318645895,3659.500411030446,3366.857512816764
forecast_7740,2025-11-19 12:00:00,3734.9792744018378,3658.173458033236,3367.660864291437
forecast_7741,2025-11-19 13:00:00,3746.7949862293926,3677.2367416860143,3368.972762441884
forecast_7742,2025-11-19 14:00:00,3794.687900128143,3726.928850616855,3371.318493325073
forecast_7743,2025-11-19 15:00:00,3881.897952122764,3841.331944809102,3385.9277976560397
forecast_7744,2025-11-19 16:00:00,3963.8255818317216,3932.467973485385,3418.590499595459
forecast_7745,2025-11-19 17:00:00,6648.734082406583,5100.175177923134,3746.369218590084
forecast_7746,2025-11-19 18:00:00,10139.401537193304,8285.618437826333,6440.876706531459
forecast_7747,2025-11-19 19:00:00,12741.179881864626,11123.804356791976,10096.5846937608
forecast_7748,2025-11-19 20:00:00,15888.928283925494,14069.864728581597,11084.051454127455
forecast_7749,2025-11-19 21:00:00,18015.60115859507,16496.26812101623,12733.116529441935
forecast_7750,2025-11-19 22:00:00,19993.244775155705,18468.065492551945,10901.188682181166
forecast_7751,2025-11-19 23:00:00,20859.884346229333,19508.448107927103,13098.262681337384
forecast_7752,2025-11-20 00:00:00,21101.32329723022,19763.04038952642,14590.80855245455
forecast_7753,2025-11-20 01:00:00,20259.57454318778,19551.37016285848,15521.92858505174
forecast_7754,2025-11-20 02:00:00,20495.949034000863,19967.170081360047,16064.04844545584
forecast_7755,2025-11-20 03:00:00,20295.46584435351,20065.2827805774,16288.318559542628
forecast_7756,2025-11-20 04:00:00,20009.693158476883,19611.6775870277,16400.331953259756
forecast_7757,2025-11-20 05:00:00,19914.77212471621,19611.957107773,16724.61452598638
forecast_7758,2025-11-20 06:00:00,19710.04145644668,19338.983575533483,17062.99286720954
forecast_7759,2025-11-20 07:00:00,19428.006865895088,19335.05954430203,17165.75993380149
forecast_7760,2025-11-20 08:00:00,19489.99412430586,19237.56596652719,17202.67806059055
forecast_7761,2025-11-20 09:00:00,19790.4698924728,19318.245503540427,17149.23075987554
forecast_7762,2025-11-20 10:00:00,19721.412129487388,19179.384076556144,17509.13689513786
forecast_7763,2025-11-20 11:00:00,19169.41672512509,18855.778227789317,17523.013931659032
forecast_7764,2025-11-20 12:00:00,19143.776321873123,18589.432680477155,17771.350506578405
forecast_7765,2025-11-20 13:00:00,19281.02943976951,18592.618857105183,18057.410894553155
forecast_7766,2025-11-20 14:00:00,19978.95696078236,19051.41581718213,18191.08086208602
forecast_7767,2025-11-20 15:00:00,20269.92905466451,19643.73204017381,18287.08531402393
forecast_7768,2025-11-20 16:00:00,20409.96391607985,19754.666269876638,18392.101123007185
forecast_7769,2025-11-20 17:00:00,20451.014098786185,19789.50149406873,18496.62140690068
forecast_7770,2025-11-20 18:00:00,20358.183707527325,19879.859340618663,18749.88985806959
forecast_7771,2025-11-20 19:00:00,20370.20351255863,19852.02157731541,18390.23411679819
forecast_7772,2025-11-20 20:00:00,20380.354786333824,19774.96356417784,18535.94831827651
forecast_7773,2025-11-20 21:00:00,19934.97058254534,19507.814243436595,18024.316946727777
forecast_7774,2025-11-20 22:00:00,19739.42375765387,19455.303158779807,17840.28485628284
forecast_7775,2025-11-20 23:00:00,19380.93681072084,19407.06654642438,18057.020564410373
forecast_7776,2025-11-21 00:00:00,19080.41159547168,19080.03713607827,17663.2836690676
forecast_7777,2025-11-21 01:00:00,18349.105946955147,18631.35612511675,17086.258445782092
forecast_7778,2025-11-21 02:00:00,18178.628337838312,18347.35579469128,16970.448447380688
forecast_7779,2025-11-21 03:00:00,17988.591896448655,18114.27015718019,16989.49607893612
forecast_7780,2025-11-21 04:00:00,18088.82689903877,18330.28199772632,16858.491893114464
forecast_7781,2025-11-21 05:00:00,19259.76249933676,18751.03538609157,16866.938585552147
forecast_7782,2025-11-21 06:00:00,19535.13517898685,18901.259657940256,17052.604859785795
forecast_7783,2025-11-21 07:00:00,19522.56581971905,18488.41343222748,16610.631128970814
forecast_7784,2025-11-21 08:00:00,19152.0967418002,17928.918793108383,15863.57382519582
forecast_7785,2025-11-21 09:00:00,17600.652459432255,17421.933891949295,15317.482340567893
forecast_7786,2025-11-21 10:00:00,16859.79631950069,16687.577677885638,14534.88887931018
forecast_7787,2025-11-21 11:00:00,16244.741632699725,16433.466069441147,14118.907446388008
forecast_7788,2025-11-21 12:00:00,15599.103387735282,15968.377824018426,14049.516061881664
forecast_7789,2025-11-21 13:00:00,15235.774520249208,15684.037716959874,13542.991013423853
forecast_7790,2025-11-21 14:00:00,15190.359457412404,15703.40943682951,13236.575293658225
forecast_7791,2025-11-21 15:00:00,15591.38806958712,16016.127018763576,13811.313261776728
forecast_7792,2025-11-21 16:00:00,16188.551981445147,16539.851336812353,13852.432442101906
forecast_7793,2025-11-21 17:00:00,16327.355511751768,16616.399227790003,13982.957552083297
forecast_7794,2025-11-21 18:00:00,16916.630799893668,17376.231864388395,14550.422515554888
forecast_7795,2025-11-21 19:00:00,16916.133859993635,17308.468427403004,14709.897240313196
forecast_7796,2025-11-21 20:00:00,16952.763578736874,17165.35671406259,14909.564297878023
forecast_7797,2025-11-21 21:00:00,17535.58534185928,17482.678897043963,15323.514712457469
forecast_7798,2025-11-21 22:00:00,18087.38095417166,17578.107657055145,15456.231937962964
forecast_7799,2025-11-21 23:00:00,17986.867628189044,17504.656917348337,15543.919408138589
forecast_7800,2025-11-22 00:00:00,18058.090078291083,17777.054485395794,15563.6342481282
forecast_7801,2025-11-22 01:00:00,18173.888075128278,18000.18871561641,15392.373558136933
forecast_7802,2025-11-22 02:00:00,18330.49227385893,18225.283150994343,15361.282256144224
forecast_7803,2025-11-22 03:00:00,18842.517539149805,18314.406531783072,15336.404472779126
forecast_7804,2025-11-22 04:00:00,18946.71659348453,18497.7178105486,15265.354221983913
forecast_7805,2025-11-22 05:00:00,19103.745048790257,18679.18173637754,14999.520933696764
forecast_7806,2025-11-22 06:00:00,19225.10145862237,18811.32363030645,14806.312763887854
forecast_7807,2025-11-22 07:00:00,19381.072812951592,18743.34369496544,14490.010837908298
forecast_7808,2025-11-22 08:00:00,18434.4258271425,17463.021589057007,13701.78528396443
forecast_7809,2025-11-22 09:00:00,17302.85212651876,16647.629387251458,13281.761821804565
forecast_7810,2025-11-22 10:00:00,14516.665370507411,15370.54836211103,12862.631180673698
forecast_7811,2025-11-22 11:00:00,13613.521560440491,14363.036562622465,10336.762126224708
forecast_7812,2025-11-22 12:00:00,13455.169574289084,13810.266541061304,9760.728442594274
forecast_7813,2025-11-22 13:00:00,13387.76057060743,13900.949429076802,9756.284763931688
forecast_7814,2025-11-22 14:00:00,13619.994972169128,14065.29654721846,9181.96592263316
forecast_7815,2025-11-22 15:00:00,14745.34274983723,14839.458152626745,10009.885664418072
forecast_7816,2025-11-22 16:00:00,16298.17700807385,16279.029582606468,13207.940573512671
forecast_7817,2025-11-22 17:00:00,18190.92012913704,17542.636480420264,13908.03301878876
forecast_7818,2025-11-22 18:00:00,19060.67830425527,18394.087992698973,14788.90872131044
forecast_7819,2025-11-22 19:00:00,19721.188078903644,19107.79082045569,15158.956159620591
forecast_7820,2025-11-22 20:00:00,20225.10459770822,19420.773560041536,15385.035885620233
forecast_7821,2025-11-22 21:00:00,20447.340482207,19679.283720118376,15658.610542317683
forecast_7822,2025-11-22 22:00:00,20796.232811801467,19821.84744926727,16264.74062898137
forecast_7823,2025-11-22 23:00:00,21001.7872172454,19831.491210382712,16617.82744441665
forecast_7824,2025-11-23 00:00:00,20892.637429869807,19979.86084473221,16398.012758097077
forecast_7825,2025-11-23 01:00:00,21202.751147640152,20359.71589764124,16804.977812044173
forecast_7826,2025-11-23 02:00:00,21312.2365052398,20396.619813086403,16843.94577466199
forecast_7827,2025-11-23 03:00:00,21301.270166231687,20476.69538342337,16936.14474445253
forecast_7828,2025-11-23 04:00:00,21269.637735279863,20488.40664404739,16873.929330544925
forecast_7829,2025-11-23 05:00:00,20951.27723957992,20311.52530846084,16759.21884496673
forecast_7830,2025-11-23 06:00:00,20841.139324375443,20260.50670983207,16691.593724435515
forecast_7831,2025-11-23 07:00:00,20860.76865085381,20086.89219919674,16808.00346244411
forecast_7832,2025-11-23 08:00:00,19746.122162930507,18847.996844862424,16402.824818147812
forecast_7833,2025-11-23 09:00:00,18404.08543399923,17762.062357322488,16043.326901927778
forecast_7834,2025-11-23 10:00:00,18162.63226104073,17427.217038796887,15822.882930329906
forecast_7835,2025-11-23 11:00:00,16638.451306657214,16900.67201045391,15131.321293415078
forecast_7836,2025-11-23 12:00:00,16556.113468922053,16870.806246851662,15337.55182301607
forecast_7837,2025-11-23 13:00:00,15730.00031307679,16214.55727431495,14986.268055559956
forecast_7838,2025-11-23 14:00:00,15379.138389065502,15592.8709866695,14850.235926511255
forecast_7839,2025-11-23 15:00:00,15594.051898960535,15856.84534098375,14742.498492846184
forecast_7840,2025-11-23 16:00:00,16824.76694826949,16326.332763716817,15027.401896934076
forecast_7841,2025-11-23 17:00:00,17709.931132306538,16650.49366018585,15159.27635744239
forecast_7842,2025-11-23 18:00:00,18616.27716215694,17271.86633804308,15550.689252154174
forecast_7843,2025-11-23 19:00:00,18974.65517611118,17611.757643361434,15848.216605405883
forecast_7844,2025-11-23 20:00:00,19101.4085433308,17878.274333142406,15879.482737890336
forecast_7845,2025-11-23 21:00:00,18827.803327457368,17775.762408192597,15746.142554926775
forecast_7846,2025-11-23 22:00:00,18624.29752702437,17598.188905276314,15554.544383432803
forecast_7847,2025-11-23 23:00:00,18203.591094087835,17159.780366701256,15377.272514025488
forecast_7848,2025-11-24 00:00:00,16949.478103372345,16522.730430005173,14798.483940093452
forecast_7849,2025-11-24 01:00:00,15339.752852269075,15428.428624515269,13809.176421138627
forecast_7850,2025-11-24 02:00:00,15026.805199434262,15092.409984438493,13013.320281134957
forecast_7851,2025-11-24 03:00:00,14287.30515715675,14271.202062082528,12605.366473847458
forecast_7852,2025-11-24 04:00:00,12966.135542678208,13641.992562145806,10586.808623121336
forecast_7853,2025-11-24 05:00:00,12101.05473825832,13219.362482624305,10098.862815489085
forecast_7854,2025-11-24 06:00:00,12525.29774517238,13533.258450402089,9829.02181899004
forecast_7855,2025-11-24 07:00:00,12416.983094040595,13410.034677461164,9459.03613744118
forecast_7856,2025-11-24 08:00:00,12210.80830933165,13021.71246747775,9432.791913162717
forecast_7857,2025-11-24 09:00:00,11605.935818867658,12908.652084890417,10115.269799832224
forecast_7858,2025-11-24 10:00:00,10749.343289767932,12045.545103343626,10154.221327947824
forecast_7859,2025-11-24 11:00:00,11851.413222190207,12342.532453364354,11051.33100346236
forecast_7860,2025-11-24 12:00:00,12100.642374775976,12313.959125874542,11618.12444803799
forecast_7861,2025-11-24 13:00:00,12169.930455257336,13144.753739017737,11387.5681509888
forecast_7862,2025-11-24 14:00:00,12875.535731456976,13597.148453012254,11825.4538576907
forecast_7863,2025-11-24 15:00:00,12771.106276751994,13233.026002804872,12104.67379447569
forecast_7864,2025-11-24 16:00:00,13346.741078564208,13196.705073552996,12073.082338579365
forecast_7865,2025-11-24 17:00:00,13861.674360968342,13434.28872521586,12222.81328938835
forecast_7866,2025-11-24 18:00:00,13239.940656012044,13221.852202887225,12415.964350765773
forecast_7867,2025-11-24 19:00:00,12328.485835376074,12961.41354668999,12191.417920940652
forecast_7868,2025-11-24 20:00:00,12853.452908050263,13805.23689264516,12286.29799055002
forecast_7869,2025-11-24 21:00:00,12823.49506408827,14186.009172659446,12232.631599939765
forecast_7870,2025-11-24 22:00:00,13124.893337942054,14310.69063444772,12574.42709798532
forecast_7871,2025-11-24 23:00:00,13137.161422562322,14397.952055130225,12873.598117562107
forecast_7872,2025-11-25 00:00:00,13764.464274787257,15184.900795046146,13168.601723492606
forecast_7873,2025-11-25 01:00:00,12668.736029510406,15089.3849343292,13249.485088003978
forecast_7874,2025-11-25 02:00:00,14007.026255013612,15843.869125649057,13479.841705228044
forecast_7875,2025-11-25 03:00:00,13560.138625905489,15353.172593489642,13298.784882149605
forecast_7876,2025-11-25 04:00:00,13227.857839271956,15328.792761475952,12771.55568286456
forecast_7877,2025-11-25 05:00:00,12780.74786240636,15181.69747714143,12391.623453883893
forecast_7878,2025-11-25 06:00:00,12389.821420184851,14743.07456568318,10646.207953155255
forecast_7879,2025-11-25 07:00:00,12294.615997822577,14230.353067255355,10908.14871061658
forecast_7880,2025-11-25 08:00:00,11422.958941267145,12286.618091558144,9773.776859170654
forecast_7881,2025-11-25 09:00:00,8454.335951193203,10113.114191669054,7466.924079113426
forecast_7882,2025-11-25 10:00:00,7952.65456941014,9761.257307631638,7679.833518415991
forecast_7883,2025-11-25 11:00:00,6888.480480065572,8616.590942081932,7666.950816312486
forecast_7884,2025-11-25 12:00:00,7149.766752763452,8650.176855140486,7358.836094680445
forecast_7885,2025-11-25 13:00:00,9105.286420029504,10346.636029054203,8889.61386656169
forecast_7886,2025-11-25 14:00:00,9073.35991756044,9482.503694808958,7760.17875986194
forecast_7887,2025-11-25 15:00:00,9832.87742760997,10615.002384604226,8351.657932044598
forecast_7888,2025-11-25 16:00:00,10310.870955434408,10338.696351715213,8062.6590438794465
forecast_7889,2025-11-25 17:00:00,11750.080148647672,11272.624519308189,8772.076973118455
forecast_7890,2025-11-25 18:00:00,11768.959263530647,11260.79362982577,8720.135019101079
forecast_7891,2025-11-25 19:00:00,10128.59860157172,10052.73619114052,7366.351402254616
forecast_7892,2025-11-25 20:00:00,9186.948122481726,9271.224927769445,6525.891061776707
forecast_7893,2025-11-25 21:00:00,8092.425256882867,7603.799625025568,5443.593450870625
forecast_7894,2025-11-25 22:00:00,7117.2569977947815,6646.03478629943,5186.616406517758
forecast_7895,2025-11-25 23:00:00,5959.010045825451,5406.20619999596,4817.266438503536
forecast_7896,2025-11-26 00:00:00,4470.568123319248,4092.983993688041,3856.93986595671
forecast_7897,2025-11-26 01:00:00,4167.670607131046,4035.830774436467,3538.3822420799647
forecast_7898,2025-11-26 02:00:00,3523.9293952954326,3842.298510821255,3467.8775015463234
forecast_7899,2025-11-26 03:00:00,3262.9531401958607,3711.502325867993,3473.1499314602543
forecast_7900,2025-11-26 04:00:00,3941.191048439216,3754.801019588098,3405.1996239329933
forecast_7901,2025-11-26 05:00:00,3955.431776969783,3729.27500662291,3423.0220605054333
forecast_7902,2025-11-26 06:00:00,3931.4998120129694,3796.92409053648,3424.4219534502777
forecast_7903,2025-11-26 07:00:00,4067.102764361012,3886.0891693934336,3565.1568487207937
forecast_7904,2025-11-26 08:00:00,4072.609531646352,3909.435685333176,3484.664101751305
forecast_7905,2025-11-26 09:00:00,4080.405748756101,3982.1422987516953,3415.082178550045
forecast_7906,2025-11-26 10:00:00,4103.600810014636,3899.2503969596105,3453.67259315586
forecast_7907,2025-11-26 11:00:00,3858.6228427077554,3903.793030905011,3503.311633614652
forecast_7908,2025-11-26 12:00:00,3984.815807051924,3917.454551852046,3492.241066204039
forecast_7909,2025-11-26 13:00:00,4057.4794862511553,3972.7328714865343,3494.632681389367
forecast_7910,2025-11-26 14:00:00,4017.690730892236,4110.305795194317,3504.1831231014967
forecast_7911,2025-11-26 15:00:00,4910.918081153568,4472.313378648925,3627.381705705
forecast_7912,2025-11-26 16:00:00,5854.087996932612,5329.705738704078,3678.259361413176
forecast_7913,2025-11-26 17:00:00,7922.497494836777,7422.564700944897,5684.788158882248
forecast_7914,2025-11-26 18:00:00,10321.428430491806,10160.062223043202,7135.82117818789
forecast_7915,2025-11-26 19:00:00,11935.202954913828,12242.186952301814,7966.224423037085
forecast_7916,2025-11-26 20:00:00,13346.31152623586,13684.812735591348,8548.74918517222
forecast_7917,2025-11-26 21:00:00,14432.0689700989,14949.381449646402,9405.331960021264
forecast_7918,2025-11-26 22:00:00,16474.670007791763,16505.466804585907,10811.125914593937
forecast_7919,2025-11-26 23:00:00,17254.176356256274,17394.198940017664,12239.916319984744
forecast_7920,2025-11-27 00:00:00,19116.941967901985,18998.859176616515,11604.965543251925
forecast_7921,2025-11-27 01:00:00,18090.12466387972,18775.279474234383,12698.880234497212
forecast_7922,2025-11-27 02:00:00,18788.67586319941,19060.69197881172,13543.997515785131
forecast_7923,2025-11-27 03:00:00,19167.39740951276,18734.269910834977,14139.147360713689
forecast_7924,2025-11-27 04:00:00,18347.052861826385,18586.51304074641,14750.92503991826
forecast_7925,2025-11-27 05:00:00,16737.33530715743,16778.171323337614,14987.2032886444
forecast_7926,2025-11-27 06:00:00,18845.747850437845,17671.65184783283,15203.940063501315
forecast_7927,2025-11-27 07:00:00,15703.959124792931,15875.3048668921,15396.992086218945
forecast_7928,2025-11-27 08:00:00,16892.256491488224,16947.50217617644,16473.72164312486
forecast_7929,2025-11-27 09:00:00,16723.140320059072,17362.064809885458,17332.3690133013
forecast_7930,2025-11-27 10:00:00,16916.94876453566,17939.075412709386,17703.725385556714
forecast_7931,2025-11-27 11:00:00,16889.08370194794,17922.974452898907,17738.240831977968
forecast_7932,2025-11-27 12:00:00,16991.51401609355,18128.3427878794,17845.14497504861
forecast_7933,2025-11-27 13:00:00,17333.541321761713,18265.4989223742,18037.657729055307
forecast_7934,2025-11-27 14:00:00,17895.40317902276,18452.20925714918,18119.39978019072
forecast_7935,2025-11-27 15:00:00,17338.03655854645,18117.869555188045,17957.562506623584
forecast_7936,2025-11-27 16:00:00,18104.650958347807,18713.207346298652,17668.87990829081
forecast_7937,2025-11-27 17:00:00,18416.52726067158,18512.987194705816,17242.18967950802
forecast_7938,2025-11-27 18:00:00,18543.131213299945,18644.64136667241,17205.350588467365
forecast_7939,2025-11-27 19:00:00,17840.847934045636,18274.33586741088,17081.605917835255
forecast_7940,2025-11-27 20:00:00,17700.6925548586,18039.142498797053,15873.307829022173
forecast_7941,2025-11-27 21:00:00,17485.31277692228,17953.549824861424,15886.435346770468
forecast_7942,2025-11-27 22:00:00,17795.957608562345,18008.259959193645,16513.428638036294
forecast_7943,2025-11-27 23:00:00,18157.136394149024,18404.31072852555,16923.660158285104
forecast_7944,2025-11-28 00:00:00,18500.53531281221,18693.75608790887,17221.457971178355
forecast_7945,2025-11-28 01:00:00,19239.193810922392,19093.955198599648,17326.292936457292
forecast_7946,2025-11-28 02:00:00,18603.92267773989,18691.23605292495,16706.647928657418
forecast_7947,2025-11-28 03:00:00,18520.316454664586,18376.892316026428,16051.41390131341
forecast_7948,2025-11-28 04:00:00,18394.76968882584,18057.093234811717,15177.507466133413
forecast_7949,2025-11-28 05:00:00,17007.30679184804,17377.84749811657,14046.088834312812
forecast_7950,2025-11-28 06:00:00,17153.895452711546,16820.59072959014,12749.884206524364
forecast_7951,2025-11-28 07:00:00,14817.139474861237,15533.275139713412,11409.187716539443
forecast_7952,2025-11-28 08:00:00,13486.054639925567,14017.99044691567,9751.91106835243
forecast_7953,2025-11-28 09:00:00,12638.768308627774,12532.492675027224,9273.98136080683
forecast_7954,2025-11-28 10:00:00,10751.944595220764,10588.550679453236,8021.539320494461
forecast_7955,2025-11-28 11:00:00,8175.728210489342,9035.665701094367,7079.126877320111
forecast_7956,2025-11-28 12:00:00,6862.808992206943,7419.329465006006,5638.203963873574
forecast_7957,2025-11-28 13:00:00,5786.738031064165,6487.403966095394,5016.32911216088
forecast_7958,2025-11-28 14:00:00,5637.432966261331,5910.736885066586,4888.699015938053
forecast_7959,2025-11-28 15:00:00,5740.706366680399,5905.031699582942,4866.519917016703
forecast_7960,2025-11-28 16:00:00,6200.083509745701,6396.4275324506825,3740.494512101448
forecast_7961,2025-11-28 17:00:00,6980.7526362499,7119.0757312198575,5976.014784565551
forecast_7962,2025-11-28 18:00:00,7088.002549234824,7413.793471642274,5822.747025008014
forecast_7963,2025-11-28 19:00:00,6779.86128629873,6869.294352744836,5350.055817760105
forecast_7964,2025-11-28 20:00:00,6730.490721450095,6524.480249989634,5134.3289532863255
forecast_7965,2025-11-28 21:00:00,6370.768033882522,5891.848020513875,3752.922202407087
forecast_7966,2025-11-28 22:00:00,6446.510936494359,5759.702951474376,3676.487046670181
forecast_7967,2025-11-28 23:00:00,6807.120838518987,6342.967748427377,3636.511410483482
forecast_7968,2025-11-29 00:00:00,7337.283317381441,6907.975876085918,3772.764964952765
forecast_7969,2025-11-29 01:00:00,6456.92475210568,4622.366226697874,4391.324798018066
forecast_7970,2025-11-29 02:00:00,9244.526795021997,9232.775830846447,4900.73447641737
forecast_7971,2025-11-29 03:00:00,10093.81645642237,10726.165403959149,6252.894314123787
forecast_7972,2025-11-29 04:00:00,11546.65545850668,12403.755927310913,8383.371631713717
forecast_7973,2025-11-29 05:00:00,12095.09468012222,13518.32785699908,9492.203819836704
forecast_7974,2025-11-29 06:00:00,12587.27872296889,14309.409231045594,10015.633755796993
forecast_7975,2025-11-29 07:00:00,12462.743844141003,14482.069644411102,10001.725818403644
forecast_7976,2025-11-29 08:00:00,11442.597633486626,14334.083980559022,8664.025793523973
forecast_7977,2025-11-29 09:00:00,10825.433313267236,13404.78151792006,7944.471186915862
forecast_7978,2025-11-29 10:00:00,10623.203927809083,12558.295143145946,8007.430670611433
forecast_7979,2025-11-29 11:00:00,10799.819983200025,12602.934863784283,9118.717807457137
forecast_7980,2025-11-29 12:00:00,12405.976491711686,13685.191146052864,12860.085819850625
forecast_7981,2025-11-29 13:00:00,14009.406006578873,14908.49992568638,14635.87016055535
forecast_7982,2025-11-29 14:00:00,16701.99503505289,16264.654130538283,15918.621886029425
forecast_7983,2025-11-29 15:00:00,17796.444722453925,16954.782858104543,16869.622442621887
forecast_7984,2025-11-29 16:00:00,19076.741865717016,18364.01009681944,17654.594122523267
forecast_7985,2025-11-29 17:00:00,20365.28538411909,19562.53997038424,18426.50378750468
forecast_7986,2025-11-29 18:00:00,20606.88955176328,20113.758869808174,19213.252239711597
forecast_7987,2025-11-29 19:00:00,20612.81683416578,20218.27106517637,19180.98716928405
forecast_7988,2025-11-29 20:00:00,20643.16519350834,20272.243481752943,19252.683718128606
forecast_7989,2025-11-29 21:00:00,20650.46972996592,20296.89263143252,19198.059650884377
forecast_7990,2025-11-29 22:00:00,20705.66345973226,20361.40276479941,19183.299978056235
forecast_7991,2025-11-29 23:00:00,20718.30363044681,20300.142745666064,19254.887980343832
forecast_7992,2025-11-30 00:00:00,20738.98122028215,20308.301850925134,18953.807902062486
forecast_7993,2025-11-30 01:00:00,20623.7718667558,20098.06645729104,18911.140576361136
forecast_7994,2025-11-30 02:00:00,20468.42000711204,19787.68287066054,18679.62437219601
forecast_7995,2025-11-30 03:00:00,20452.835490933296,19741.04019914641,18370.73468063376
forecast_7996,2025-11-30 04:00:00,20036.39724660153,19446.314465731648,18038.520197098416
forecast_7997,2025-11-30 05:00:00,19225.976083883,18941.02873704045,17301.891377312884
forecast_7998,2025-11-30 06:00:00,18382.86020878936,18347.625567475006,16681.222600355923
forecast_7999,2025-11-30 07:00:00,17244.267495037115,17347.031368461532,16173.335976106251
forecast_8000,2025-11-30 08:00:00,15631.628119927202,16262.16077240426,15409.21983319756
forecast_8001,2025-11-30 09:00:00,14496.802710676668,15441.962216250084,14881.253314680022
forecast_8002,2025-11-30 10:00:00,15108.548136036212,14766.287227938588,14344.368737766035
forecast_8003,2025-11-30 11:00:00,14328.010457952396,13987.078858757728,13833.26590083695
forecast_8004,2025-11-30 12:00:00,13800.351822370354,13502.879659362878,13420.825593347645
forecast_8005,2025-11-30 13:00:00,13676.461588561084,13306.388528562851,13522.935721887883
forecast_8006,2025-11-30 14:00:00,13846.172987887016,13701.193096153853,13720.015944658371
forecast_8007,2025-11-30 15:00:00,14297.09294552104,13997.55441660572,14444.79402851606
forecast_8008,2025-11-30 16:00:00,15444.864225017564,15223.23081971986,15232.68086646677
forecast_8009,2025-11-30 17:00:00,16899.587264638638,16388.022710422243,15900.06121317176
forecast_8010,2025-11-30 18:00:00,18281.00097492713,18226.93309980179,16939.707647631636
forecast_8011,2025-11-30 19:00:00,19124.342293488717,19363.66454720963,17750.80279123829
forecast_8012,2025-11-30 20:00:00,19753.847821579504,19860.240413684307,18175.358264066752
forecast_8013,2025-11-30 21:00:00,19882.990146190084,20022.974965482503,18253.74895169858
forecast_8014,2025-11-30 22:00:00,20233.358429149703,20269.316200982183,18516.22551369584
forecast_8015,2025-11-30 23:00:00,20469.169411727096,20307.29923082182,18655.28080051338
forecast_8016,2025-12-01 00:00:00,20454.68174275689,20246.398910787324,18479.2344718247
forecast_8017,2025-12-01 01:00:00,20511.41204073344,20254.50988221892,18537.521513348856
forecast_8018,2025-12-01 02:00:00,20618.47507052556,20241.760653133384,18599.06875245611
forecast_8019,2025-12-01 03:00:00,20538.664894778056,20192.524943862198,18317.86263306904
forecast_8020,2025-12-01 04:00:00,20284.775937640723,20082.17234126088,18005.164038914867
forecast_8021,2025-12-01 05:00:00,20015.60021607611,19880.63597369207,17656.17811914365
forecast_8022,2025-12-01 06:00:00,19774.53041584214,19574.42655150317,17223.96921721593
forecast_8023,2025-12-01 07:00:00,19505.265373640104,18941.193789577854,16603.689267953523
forecast_8024,2025-12-01 08:00:00,18498.48698844357,17975.32679680384,15515.652612333752
forecast_8025,2025-12-01 09:00:00,15504.639836458658,15699.185149221032,13619.192060791933
forecast_8026,2025-12-01 10:00:00,13277.252024816848,12862.571920473809,11034.865269447844
forecast_8027,2025-12-01 11:00:00,9523.20633185673,9356.686165259487,7682.908162096676
forecast_8028,2025-12-01 12:00:00,6369.38315149422,6608.075971267431,5644.927360812413
forecast_8029,2025-12-01 13:00:00,5161.352376898818,5365.340043238185,4766.319721210906
forecast_8030,2025-12-01 14:00:00,4668.24150822059,4809.058699537881,3748.719988255801
forecast_8031,2025-12-01 15:00:00,4661.026636689039,4658.307254244535,3688.8268120413977
forecast_8032,2025-12-01 16:00:00,4353.934740934475,4412.555070631108,3563.2603464560107
forecast_8033,2025-12-01 17:00:00,4959.229651622242,4285.478140608595,3515.4816747135565
forecast_8034,2025-12-01 18:00:00,5607.201896617708,5413.012584154901,3569.2230281181246
forecast_8035,2025-12-01 19:00:00,5890.933845609749,5943.711667133398,3500.178949640626
forecast_8036,2025-12-01 20:00:00,6869.403598061449,6981.615538707804,3664.363682046018
forecast_8037,2025-12-01 21:00:00,7690.859421265038,7941.223085133663,6585.80306120512
forecast_8038,2025-12-01 22:00:00,9865.425139892252,10088.285796777423,7638.767690673684
forecast_8039,2025-12-01 23:00:00,11411.557376564597,11828.874354102118,9017.918624181211
forecast_8040,2025-12-02 00:00:00,12173.147004015556,13317.91495258879,10082.348108584509
forecast_8041,2025-12-02 01:00:00,14204.653887591696,15123.130122839686,12367.719378391052
forecast_8042,2025-12-02 02:00:00,16614.66241478075,16189.966239122492,13666.967623826153
forecast_8043,2025-12-02 03:00:00,17817.365101145297,16729.54528761994,14843.195459469483
forecast_8044,2025-12-02 04:00:00,17309.24132699082,16480.937658185667,14726.48470531113
forecast_8045,2025-12-02 05:00:00,15629.394870172937,15454.566219968465,13994.012876525176
forecast_8046,2025-12-02 06:00:00,15221.967001778385,14703.194483226109,13226.720461591953
forecast_8047,2025-12-02 07:00:00,13070.72627921491,13127.737165080507,10602.91935016443
forecast_8048,2025-12-02 08:00:00,9770.07827397947,11241.43455443287,8545.947824345722
forecast_8049,2025-12-02 09:00:00,9036.655246428183,10476.468970350052,6872.658932871223
forecast_8050,2025-12-02 10:00:00,8249.37570419807,9476.745602778885,6990.626513435101
forecast_8051,2025-12-02 11:00:00,8364.299013165455,9529.343244314776,7214.427678120933
forecast_8052,2025-12-02 12:00:00,9319.64609693744,9741.438497108526,7447.505194925805
forecast_8053,2025-12-02 13:00:00,11020.942816459956,10849.534703606436,9409.835328971314
forecast_8054,2025-12-02 14:00:00,12474.052221853904,12589.729246076624,9790.101396543603
forecast_8055,2025-12-02 15:00:00,13281.388005125566,13346.624004691146,10292.37835292625
forecast_8056,2025-12-02 16:00:00,14028.438404942946,14346.246624475623,12967.27874056486
forecast_8057,2025-12-02 17:00:00,14884.671426399476,15329.377157194163,14045.14981689811
forecast_8058,2025-12-02 18:00:00,15645.276067184524,16043.91674449444,15054.475781247456
forecast_8059,2025-12-02 19:00:00,16416.04852608716,16690.19076779495,15795.66046671278
forecast_8060,2025-12-02 20:00:00,16623.772875765888,17204.846122341856,16296.156094540513
forecast_8061,2025-12-02 21:00:00,16506.045011695893,17215.20191704631,16542.118501058365
forecast_8062,2025-12-02 22:00:00,16474.45900792214,17204.988111327682,16721.121619970425
forecast_8063,2025-12-02 23:00:00,16332.74289087081,17302.87735001522,16780.471138113313
forecast_8064,2025-12-03 00:00:00,16051.781992273736,17161.528289320202,16511.252480844614
forecast_8065,2025-12-03 01:00:00,16465.891575900125,18015.773608005584,16447.21930369042
forecast_8066,2025-12-03 02:00:00,16715.676524253584,18057.926560808373,16332.080867322218
forecast_8067,2025-12-03 03:00:00,16574.795202248377,17497.64568423528,16181.900742532236
forecast_8068,2025-12-03 04:00:00,16420.806418151034,17343.692652266265,16200.537267130276
forecast_8069,2025-12-03 05:00:00,15495.280819566491,16531.46495662106,15450.078659276302
forecast_8070,2025-12-03 06:00:00,14935.209244742227,15998.806691145302,15107.134942813664
forecast_8071,2025-12-03 07:00:00,14602.731789122045,15784.184356854095,14849.42311820876
forecast_8072,2025-12-03 08:00:00,14248.02847160598,15499.355409028343,14390.741824983976
forecast_8073,2025-12-03 09:00:00,14721.605449918276,15903.94283804306,14320.644212846191
forecast_8074,2025-12-03 10:00:00,15242.209799396183,16408.95582221097,14247.865177444586
forecast_8075,2025-12-03 11:00:00,15318.795361696006,16215.096167266314,14057.730431729322
forecast_8076,2025-12-03 12:00:00,15503.69513555639,16532.424690153683,14117.531880666096
forecast_8077,2025-12-03 13:00:00,15454.701954384886,16431.993808290066,14024.516960714753
forecast_8078,2025-12-03 14:00:00,15688.38501424114,16497.077392543484,13993.86918754691
forecast_8079,2025-12-03 15:00:00,15579.237114845932,16442.487045756803,14014.84838070432
forecast_8080,2025-12-03 16:00:00,15404.85600122174,16383.593766997225,13880.67415914582
forecast_8081,2025-12-03 17:00:00,15043.792827260566,16069.401891971303,13518.010825341054
forecast_8082,2025-12-03 18:00:00,14734.549800748391,15742.02788619527,13299.421540161256
forecast_8083,2025-12-03 19:00:00,14292.555060895522,15580.167169787874,13237.504477694005
forecast_8084,2025-12-03 20:00:00,14275.414130791602,15673.845725598663,13249.291308515634
forecast_8085,2025-12-03 21:00:00,14437.165474674492,15386.644836426343,13178.275659380131
forecast_8086,2025-12-03 22:00:00,14641.090418258704,15499.305768462122,12854.053619431112
forecast_8087,2025-12-03 23:00:00,14395.1836699702,15746.939141088158,12923.36403742953
forecast_8088,2025-12-04 00:00:00,14744.987401676402,16547.908440042364,13483.42107976136
forecast_8089,2025-12-04 01:00:00,15953.332114426665,16884.300691254102,14201.297903042969
forecast_8090,2025-12-04 02:00:00,16535.17216285516,17305.498033972006,15042.655578760448
forecast_8091,2025-12-04 03:00:00,16854.14782766382,17591.478046334272,15712.731965265084
forecast_8092,2025-12-04 04:00:00,17014.896885801198,17694.89148262983,16242.262824142575
forecast_8093,2025-12-04 05:00:00,17420.37929892975,17672.398362308377,16554.9087808388
forecast_8094,2025-12-04 06:00:00,17381.510267631184,17698.531213042326,16358.100165309845
forecast_8095,2025-12-04 07:00:00,17157.892868630603,17846.73749573591,16112.05650266216
forecast_8096,2025-12-04 08:00:00,17304.89734206593,17715.047113763907,15548.23055870557
forecast_8097,2025-12-04 09:00:00,16039.048227356125,17430.34472628832,14948.642925261964
forecast_8098,2025-12-04 10:00:00,15693.955066325569,16887.453023464102,14545.6794179687
forecast_8099,2025-12-04 11:00:00,15202.108400626968,15856.088660777568,13987.53089336966
forecast_8100,2025-12-04 12:00:00,14085.544489157644,14580.175273838347,13725.910988890188
forecast_8101,2025-12-04 13:00:00,13441.150594456469,14092.687530067837,14148.919178981934
forecast_8102,2025-12-04 14:00:00,12984.119765812133,13844.575790234872,14374.842200339088
forecast_8103,2025-12-04 15:00:00,13750.186848770943,14435.140814512186,14891.514137070266
forecast_8104,2025-12-04 16:00:00,15157.923525722968,15189.667684666569,15342.587677329988
forecast_8105,2025-12-04 17:00:00,14536.124802415094,15871.563103713066,14790.293389047743
forecast_8106,2025-12-04 18:00:00,15573.644924555983,16985.18023893503,14915.608426296349
forecast_8107,2025-12-04 19:00:00,15733.73355790065,17355.482646378274,15115.965950852142
forecast_8108,2025-12-04 20:00:00,16157.661302517125,17718.450591157583,14950.452602939942
forecast_8109,2025-12-04 21:00:00,16203.22425030322,17597.688271819377,14902.545428971203
forecast_8110,2025-12-04 22:00:00,16420.59405638323,17819.661857778687,14783.897660748207
forecast_8111,2025-12-04 23:00:00,16368.428506756462,17278.48630655205,14977.296153685658
forecast_8112,2025-12-05 00:00:00,16474.258508538613,17157.18572747723,14965.704285945903
forecast_8113,2025-12-05 01:00:00,15917.470461291032,16909.246627493347,14562.751210555642
forecast_8114,2025-12-05 02:00:00,15977.483909286591,16721.981888712056,14245.425298869175
forecast_8115,2025-12-05 03:00:00,15836.667325860566,16294.22473790112,13728.480955194034
forecast_8116,2025-12-05 04:00:00,16488.76924566456,16575.320663247447,13400.100262901473
forecast_8117,2025-12-05 05:00:00,16193.36330295386,16546.088464970842,13048.435208200724
forecast_8118,2025-12-05 06:00:00,16433.31712886545,16935.89300949893,13178.227202838863
forecast_8119,2025-12-05 07:00:00,17941.37725372831,17924.99966969161,13110.072110794885
forecast_8120,2025-12-05 08:00:00,18584.093192802364,18005.443664181996,12879.40770971903
forecast_8121,2025-12-05 09:00:00,18687.22755528505,17852.364857438,12809.127522970268
forecast_8122,2025-12-05 10:00:00,17945.77119930209,16858.30069733291,12752.106630585107
forecast_8123,2025-12-05 11:00:00,16583.493979537023,16486.122063235893,12962.683507956774
forecast_8124,2025-12-05 12:00:00,16023.130298309585,15899.275192499346,13046.84851543321
forecast_8125,2025-12-05 13:00:00,15264.486556627411,15291.963499769194,12950.588284690051
forecast_8126,2025-12-05 14:00:00,16128.010416508414,15506.069273225165,13176.694132982948
forecast_8127,2025-12-05 15:00:00,16949.244517081584,16203.506272464052,13466.00304208756
forecast_8128,2025-12-05 16:00:00,17529.3591994517,16890.667827755315,13762.917984169397
forecast_8129,2025-12-05 17:00:00,18290.575493867047,17348.135428988528,13939.513079777931
forecast_8130,2025-12-05 18:00:00,18659.808871746056,17740.50954489526,14194.2948082347
forecast_8131,2025-12-05 19:00:00,18680.19512703017,18007.192042290342,14316.750818041111
forecast_8132,2025-12-05 20:00:00,18857.099583259023,18284.319734242843,14441.562019945102
forecast_8133,2025-12-05 21:00:00,19208.43069974856,18717.2291281525,14839.228662075317
forecast_8134,2025-12-05 22:00:00,20079.6175195982,19384.761601329126,15546.046839245291
forecast_8135,2025-12-05 23:00:00,20739.55877689353,19764.21293093265,15981.807088459156
forecast_8136,2025-12-06 00:00:00,21131.387383109144,20208.67442806721,16465.680705249757
forecast_8137,2025-12-06 01:00:00,20458.45058543393,19893.48138825261,16347.728889520942
forecast_8138,2025-12-06 02:00:00,21101.724166357115,20273.506975638287,16831.126258018037
forecast_8139,2025-12-06 03:00:00,21064.665015453887,20220.525294659623,16711.227852007476
forecast_8140,2025-12-06 04:00:00,20713.60594843297,19832.7662736608,16434.807965195254
forecast_8141,2025-12-06 05:00:00,20862.648485036567,19902.15762873116,16459.72286319057
forecast_8142,2025-12-06 06:00:00,20565.88256493556,19838.64323446509,16539.6609425499
forecast_8143,2025-12-06 07:00:00,20088.642295705075,19475.534127861283,16679.3740994038
forecast_8144,2025-12-06 08:00:00,19507.30884623853,18644.02468365994,16300.527656815442
forecast_8145,2025-12-06 09:00:00,18935.249259527787,18144.609725264672,16140.26456484342
forecast_8146,2025-12-06 10:00:00,17700.55395010908,17667.76013060908,16133.397249376005
forecast_8147,2025-12-06 11:00:00,17008.400507822636,16906.784675772295,16155.424344653567
forecast_8148,2025-12-06 12:00:00,17129.923733504267,17051.282958891672,16548.596305836934
forecast_8149,2025-12-06 13:00:00,17199.587795306343,17262.970689681435,16889.673908199322
forecast_8150,2025-12-06 14:00:00,17395.966878214855,17368.876616167756,17287.06347152601
forecast_8151,2025-12-06 15:00:00,18246.41564435981,18292.49741736459,17711.24675589779
forecast_8152,2025-12-06 16:00:00,18995.231208701152,19098.475283032585,17986.435591541387
forecast_8153,2025-12-06 17:00:00,19446.04870398516,19424.57536193985,18173.46257666568
forecast_8154,2025-12-06 18:00:00,19790.42194086919,19798.151408545076,18288.69701814144
forecast_8155,2025-12-06 19:00:00,19893.19377978742,19830.713794545554,18451.948200756506
forecast_8156,2025-12-06 20:00:00,20008.94089051068,19967.50279869493,18139.093868398963
forecast_8157,2025-12-06 21:00:00,20065.481846330797,19958.41102498787,18107.336863479035
forecast_8158,2025-12-06 22:00:00,20274.049979209376,20180.71591210744,18303.43840888322
forecast_8159,2025-12-06 23:00:00,20444.995358391225,20245.499438923067,18473.85415361395
forecast_8160,2025-12-07 00:00:00,20583.55420562045,20323.49807453584,18574.350700944484
forecast_8161,2025-12-07 01:00:00,20464.81043080069,20201.172042474947,18513.468636503178
forecast_8162,2025-12-07 02:00:00,20476.39731805432,20145.7402561009,18471.488386278
forecast_8163,2025-12-07 03:00:00,20146.395299410568,20006.25922322181,18390.68043133882
forecast_8164,2025-12-07 04:00:00,20368.930966961707,19950.458897243712,18327.493783026766
forecast_8165,2025-12-07 05:00:00,20256.9831310743,19607.68239387903,18093.02523943017
forecast_8166,2025-12-07 06:00:00,20310.639623242943,19630.15171236444,18256.410090681733
forecast_8167,2025-12-07 07:00:00,20424.086117199317,19736.87599663736,18285.088539677872
forecast_8168,2025-12-07 08:00:00,20191.98826572088,19468.064082882054,18144.595152511287
forecast_8169,2025-12-07 09:00:00,19834.184792444168,19238.747251973968,18114.914856620453
forecast_8170,2025-12-07 10:00:00,19511.472044568287,18675.929831054586,17944.505111891896
forecast_8171,2025-12-07 11:00:00,19513.91633267441,18577.164584662063,17686.791902633606
forecast_8172,2025-12-07 12:00:00,19371.552845621514,18508.80270540422,17510.909440177085
forecast_8173,2025-12-07 13:00:00,18957.73815279574,18550.75906203218,17408.360282349313
forecast_8174,2025-12-07 14:00:00,19293.363459687276,18964.51251735671,17456.86852021634
forecast_8175,2025-12-07 15:00:00,19293.081306358818,19049.561423583447,17389.409992091227
forecast_8176,2025-12-07 16:00:00,19400.80110452215,19085.231270106466,17299.202066198377
forecast_8177,2025-12-07 17:00:00,19425.99545959989,19161.96116432974,17250.124444930916
forecast_8178,2025-12-07 18:00:00,19593.344288500342,19524.27075779033,17200.0147279785
forecast_8179,2025-12-07 19:00:00,19666.651886513504,19674.965426273244,17175.114422820356
forecast_8180,2025-12-07 20:00:00,19656.102342513197,19762.03623551699,16947.362828391422
forecast_8181,2025-12-07 21:00:00,19718.19266658589,19703.659880434778,16873.977413173565
forecast_8182,2025-12-07 22:00:00,19890.71650089259,19789.424686945906,16811.645832255923
forecast_8183,2025-12-07 23:00:00,19810.939154085077,19748.52548036618,16405.391168141174
forecast_8184,2025-12-08 00:00:00,19018.916862957278,19350.04775714077,15886.452977125184
forecast_8185,2025-12-08 01:00:00,19228.201821393155,19194.940444699143,15622.3899800893
forecast_8186,2025-12-08 02:00:00,18426.38642035509,18798.25315870224,15386.63624724596
forecast_8187,2025-12-08 03:00:00,16801.365759972818,17833.57072222897,14511.636878614088
forecast_8188,2025-12-08 04:00:00,16906.77884754962,17458.01134833851,13814.932915701596
forecast_8189,2025-12-08 05:00:00,15612.75061553346,16562.83239179426,12887.395258666282
forecast_8190,2025-12-08 06:00:00,14172.979433376384,15291.319857396626,11584.490665918784
forecast_8191,2025-12-08 07:00:00,13354.12167425679,13935.499321310444,10714.582114069606
forecast_8192,2025-12-08 08:00:00,11753.048575205536,12504.470358587045,9427.885045275923
forecast_8193,2025-12-08 09:00:00,9900.79187424925,11018.405784517892,7796.225214044456
forecast_8194,2025-12-08 10:00:00,8482.816647567603,9015.958003468397,6536.96381936087
forecast_8195,2025-12-08 11:00:00,6218.744796370356,6962.190249924512,4685.521544344023
forecast_8196,2025-12-08 12:00:00,5804.444375121455,6217.256585641127,4426.201276368896
forecast_8197,2025-12-08 13:00:00,5544.121837732873,5408.525302782307,4090.0405859987777
forecast_8198,2025-12-08 14:00:00,5319.269385239224,5119.377679412101,3892.170867495114
forecast_8199,2025-12-08 15:00:00,5502.888238944192,5170.60923897798,3776.479553065615
forecast_8200,2025-12-08 16:00:00,5930.62964536351,6177.406904942944,4773.682118544298
forecast_8201,2025-12-08 17:00:00,7633.421674172191,8477.497291214611,6105.787708915723
forecast_8202,2025-12-08 18:00:00,9628.191450686363,11461.560292689956,8179.7254038183455
forecast_8203,2025-12-08 19:00:00,10882.246392710018,13242.165144019536,9428.8783064886
forecast_8204,2025-12-08 20:00:00,12339.549415480444,14850.939598760217,10325.397755467427
forecast_8205,2025-12-08 21:00:00,13302.035717350202,15510.601180874984,10878.593959319976
forecast_8206,2025-12-08 22:00:00,14634.49150802266,16325.848551683175,11435.309430299138
forecast_8207,2025-12-08 23:00:00,15333.473000385691,16803.22133201298,11556.532681406425
forecast_8208,2025-12-09 00:00:00,15840.386725959292,17140.84724317819,11701.53871152018
forecast_8209,2025-12-09 01:00:00,16563.650922702564,17437.634740336118,11772.987258415656
forecast_8210,2025-12-09 02:00:00,17415.991307639335,18192.088666379062,12105.081780010556
forecast_8211,2025-12-09 03:00:00,18289.563284955635,18709.43870071697,12388.72018178879
forecast_8212,2025-12-09 04:00:00,18439.826912521163,18718.745544117563,12970.663054781
forecast_8213,2025-12-09 05:00:00,18358.08718231801,18819.73839043676,13663.941960778053
forecast_8214,2025-12-09 06:00:00,18458.97802511245,18794.073929521102,14270.088329530836
forecast_8215,2025-12-09 07:00:00,18663.76807180264,18974.909453488814,14684.793682816133
forecast_8216,2025-12-09 08:00:00,19197.98074070564,18999.623096818123,14679.870129045676
forecast_8217,2025-12-09 09:00:00,18621.772117145058,18353.3470465076,14213.609254774785
forecast_8218,2025-12-09 10:00:00,16836.09657748138,17229.727754199226,13458.449662324729
forecast_8219,2025-12-09 11:00:00,15933.024403782074,16357.216641556271,12801.892992952318
forecast_8220,2025-12-09 12:00:00,14482.95254495652,14841.581573600912,11893.026107127824
forecast_8221,2025-12-09 13:00:00,13982.817327965256,13839.10051716187,11205.429951751796
forecast_8222,2025-12-09 14:00:00,13652.670173632569,13218.655222399062,10846.016419550297
forecast_8223,2025-12-09 15:00:00,13413.167504735506,12941.564981882782,11328.76131775985
forecast_8224,2025-12-09 16:00:00,12741.27482478086,12713.705794491154,10759.33476716767
forecast_8225,2025-12-09 17:00:00,12435.618640389232,12905.667316094416,10102.975200613908
forecast_8226,2025-12-09 18:00:00,13035.323598947778,13865.566913937952,10204.07940037234
forecast_8227,2025-12-09 19:00:00,13889.67694796024,14588.522693620633,9761.56231246317
forecast_8228,2025-12-09 20:00:00,12927.123883851442,14680.500862284383,9270.686653367244
forecast_8229,2025-12-09 21:00:00,12401.381656136466,14401.863665372572,8671.504416572148
forecast_8230,2025-12-09 22:00:00,12607.878208294873,15131.678488179745,9866.762953558107
forecast_8231,2025-12-09 23:00:00,12898.198833722783,14982.540554747802,9598.664075567554
forecast_8232,2025-12-10 00:00:00,13097.768152780936,15369.112611082744,9548.565651313516
forecast_8233,2025-12-10 01:00:00,13457.615621669442,15608.912535119052,9388.176011428504
forecast_8234,2025-12-10 02:00:00,14039.200341071488,15697.319408596612,10226.226685137795
forecast_8235,2025-12-10 03:00:00,14741.09911158524,16049.15036778418,11230.196895312713
forecast_8236,2025-12-10 04:00:00,14912.362320105289,16076.564082793157,12334.509539441458
forecast_8237,2025-12-10 05:00:00,15190.033984302469,16182.846025911633,12894.987875075993
forecast_8238,2025-12-10 06:00:00,15900.818076069068,16185.987682840829,13405.283881519688
forecast_8239,2025-12-10 07:00:00,16057.064714675207,16071.51713620278,13537.610449168733
forecast_8240,2025-12-10 08:00:00,14932.25025281233,15057.374272477118,13181.962543769549
forecast_8241,2025-12-10 09:00:00,12942.329617728406,13733.696646156595,12679.048840077829
forecast_8242,2025-12-10 10:00:00,12207.874138821968,12309.55329160569,10458.015065829097
forecast_8243,2025-12-10 11:00:00,10926.369181835586,11051.593404516992,9261.005448736774
forecast_8244,2025-12-10 12:00:00,9008.764157628431,9923.008306078324,7658.358292600115
forecast_8245,2025-12-10 13:00:00,8620.437782322166,9131.813021850105,7079.730379462674
forecast_8246,2025-12-10 14:00:00,6946.98702281557,7479.826498882589,6607.167867578929
forecast_8247,2025-12-10 15:00:00,6585.899833326041,6782.040984915864,3776.414448593462
forecast_8248,2025-12-10 16:00:00,5645.005339460753,4404.135665676606,3488.37261312456
forecast_8249,2025-12-10 17:00:00,6077.000965665059,6685.697981544318,3477.470590923807
forecast_8250,2025-12-10 18:00:00,5484.727158737805,4382.624181758113,3581.106415914843
forecast_8251,2025-12-10 19:00:00,6709.508073619241,7905.6225460074675,3582.380192727274
forecast_8252,2025-12-10 20:00:00,7497.139275744918,9415.977605080365,3770.0768723005576
forecast_8253,2025-12-10 21:00:00,9449.414633594562,11522.194453551356,3754.96322378381
forecast_8254,2025-12-10 22:00:00,12270.240701711144,14152.431320279416,9843.640506043228
forecast_8255,2025-12-10 23:00:00,14821.79745098255,16397.323701221736,13630.630240365314
forecast_8256,2025-12-11 00:00:00,15350.827090076553,17170.876769316536,15424.003898551931
forecast_8257,2025-12-11 01:00:00,16821.80303103479,18062.837700251817,16593.801459830403
forecast_8258,2025-12-11 02:00:00,17592.997351441936,18633.15434643716,16951.22251013605
forecast_8259,2025-12-11 03:00:00,19289.15961020296,19611.263014951022,17328.528429267437
forecast_8260,2025-12-11 04:00:00,19890.22901796379,19922.42081988957,17391.55251036983
forecast_8261,2025-12-11 05:00:00,19911.95310804504,20090.23710240231,17490.005504677276
forecast_8262,2025-12-11 06:00:00,19468.8148457056,19665.364214097477,17454.835658557782
forecast_8263,2025-12-11 07:00:00,19472.72851356452,19454.394631862167,17382.049353253682
forecast_8264,2025-12-11 08:00:00,18709.890583966157,18349.187835910696,16075.56131131317
forecast_8265,2025-12-11 09:00:00,17693.461216973385,17550.409628739162,15042.113059484896
forecast_8266,2025-12-11 10:00:00,17614.854439976985,17719.55490950847,14334.359727087374
forecast_8267,2025-12-11 11:00:00,15706.100892124578,16140.47910964303,12766.225981617205
forecast_8268,2025-12-11 12:00:00,14964.60601288254,15198.009602264949,11939.903299486088
forecast_8269,2025-12-11 13:00:00,13351.478250457802,13732.265698087427,9868.206785499146
forecast_8270,2025-12-11 14:00:00,13001.83042520768,13053.66692241158,9255.81556536784
forecast_8271,2025-12-11 15:00:00,12684.125470050596,12671.299524113045,9116.764841858358
forecast_8272,2025-12-11 16:00:00,12715.601555523155,12536.012437039257,9293.48237884526
forecast_8273,2025-12-11 17:00:00,12547.96335233519,12283.898332538514,9009.576096947509
forecast_8274,2025-12-11 18:00:00,12141.093918002916,11713.634738315104,8823.427303659104
forecast_8275,2025-12-11 19:00:00,10634.331554785504,10087.218341852742,7445.186585181294
forecast_8276,2025-12-11 20:00:00,7042.775399035093,7173.736141527885,3774.4714640142543
forecast_8277,2025-12-11 21:00:00,4017.6360591069897,4083.978034116562,3511.586907174752
forecast_8278,2025-12-11 22:00:00,4000.080226492028,4007.210536462817,3416.4337002975226
forecast_8279,2025-12-11 23:00:00,3851.755706650476,3754.589053796005,3442.6646405578026
forecast_8280,2025-12-12 00:00:00,3817.545465326864,3785.201656156759,3543.278980308698
forecast_8281,2025-12-12 01:00:00,3795.184486412341,3801.7726571392345,3432.9550779704878
forecast_8282,2025-12-12 02:00:00,3782.7536076493648,3775.977098266976,3483.327078223707
forecast_8283,2025-12-12 03:00:00,3757.853942974501,3742.487914535808,3431.033094306593
forecast_8284,2025-12-12 04:00:00,3752.9325812016896,3723.741635682768,3419.874578019092
forecast_8285,2025-12-12 05:00:00,3759.588369158749,3736.094467322314,3423.8240833856867
forecast_8286,2025-12-12 06:00:00,3763.4602182851354,3760.173158434485,3422.033516316568
forecast_8287,2025-12-12 07:00:00,3746.8289294088863,3746.470189853721,3404.810612522552
forecast_8288,2025-12-12 08:00:00,3758.8743862893702,3734.115250380975,3420.0911176641443
forecast_8289,2025-12-12 09:00:00,3757.5800773317,3709.573105859927,3416.2293891649715
forecast_8290,2025-12-12 10:00:00,3732.7666413000406,3650.4881320420022,3385.5760306660345
forecast_8291,2025-12-12 11:00:00,3724.300498051547,3635.5563323643646,3370.428461885507
forecast_8292,2025-12-12 12:00:00,3712.096428051439,3629.2918895769294,3364.270143828737
forecast_8293,2025-12-12 13:00:00,3707.791557888854,3617.990608978058,3362.830972810129
forecast_8294,2025-12-12 14:00:00,3706.7759764559655,3613.676314642388,3361.726996986784
forecast_8295,2025-12-12 15:00:00,3705.5188204902206,3613.637875948797,3361.641239582591
forecast_8296,2025-12-12 16:00:00,3705.778080135905,3618.113494178652,3363.184236664332
forecast_8297,2025-12-12 17:00:00,3712.565910800377,3623.52107740098,3363.7609270727576
forecast_8298,2025-12-12 18:00:00,3726.7478197445407,3647.2651477788686,3364.7822660621755
forecast_8299,2025-12-12 19:00:00,3763.0294148472,3668.62157048591,3376.5730052563868
forecast_8300,2025-12-12 20:00:00,3741.3187528548224,3670.2106180049495,3367.077777771612
forecast_8301,2025-12-12 21:00:00,3801.753923280601,3696.1579244861,3368.8068386671425
forecast_8302,2025-12-12 22:00:00,3807.958316741831,3699.0512184735926,3373.2797554811714
forecast_8303,2025-12-12 23:00:00,3866.070361661125,3738.160982774817,3377.116278813159
forecast_8304,2025-12-13 00:00:00,3801.844142093815,3733.471603764412,3381.505028278423
forecast_8305,2025-12-13 01:00:00,3802.5395406799807,3798.7826409937534,3397.870410101796
forecast_8306,2025-12-13 02:00:00,3897.9447919671898,3938.402565754288,3417.265278131838
forecast_8307,2025-12-13 03:00:00,3886.656076929016,3882.440405399007,3403.417471161736
forecast_8308,2025-12-13 04:00:00,4047.1883589582303,4038.962334954265,3484.4763985463173
forecast_8309,2025-12-13 05:00:00,3980.891855267257,4066.502529110448,3418.5238119989644
forecast_8310,2025-12-13 06:00:00,4052.675058498807,4321.000152160598,3469.82984585576
forecast_8311,2025-12-13 07:00:00,4117.3617569732105,4376.095071927054,3457.243857182456
forecast_8312,2025-12-13 08:00:00,4058.744599250222,4091.921048107453,3617.677776689176
forecast_8313,2025-12-13 09:00:00,4017.50103707364,4053.1115594994326,3497.7911001405428
forecast_8314,2025-12-13 10:00:00,3902.744980704543,3967.462559681599,3428.949961680044
forecast_8315,2025-12-13 11:00:00,3879.8002661308974,3727.670233861737,3394.106142110267
forecast_8316,2025-12-13 12:00:00,3818.9178340887465,3795.5380264982778,3416.513617221104
forecast_8317,2025-12-13 13:00:00,3741.8182496703394,3657.0570762248008,3369.118542897912
forecast_8318,2025-12-13 14:00:00,3791.302610125593,3725.8738502427423,3390.01081969652
forecast_8319,2025-12-13 15:00:00,3787.628913421839,3690.3743840890384,3380.2661411605973
forecast_8320,2025-12-13 16:00:00,3939.892584277373,3864.384125710837,3415.5304633759315
forecast_8321,2025-12-13 17:00:00,4046.332254366313,3937.484243049871,3401.0363477519977
forecast_8322,2025-12-13 18:00:00,4036.40666960266,3956.047646375872,3430.7668966862084
forecast_8323,2025-12-13 19:00:00,4083.0467463029263,4001.585851425024,3434.57701910028
forecast_8324,2025-12-13 20:00:00,4004.0751529325066,4065.146267449318,3444.72948632166
forecast_8325,2025-12-13 21:00:00,4709.164345026981,4192.118913547723,3611.5506803246153
forecast_8326,2025-12-13 22:00:00,6044.487766532768,4567.20636783155,3702.54491082515
forecast_8327,2025-12-13 23:00:00,7359.591449838731,8393.934338342244,6725.255499376471
forecast_8328,2025-12-14 00:00:00,9610.676919389573,10929.172278042564,8693.814887392624
forecast_8329,2025-12-14 01:00:00,14475.624347839092,13863.600654206302,11092.068013166194
forecast_8330,2025-12-14 02:00:00,14905.71206156385,14427.134658771083,11320.62023689919
forecast_8331,2025-12-14 03:00:00,15291.93292318408,15119.530603830934,11447.864654255907
forecast_8332,2025-12-14 04:00:00,15489.99446492524,15642.536157584023,12967.450852409782
forecast_8333,2025-12-14 05:00:00,16538.90302027508,16666.779840463314,13750.187073038456
forecast_8334,2025-12-14 06:00:00,16809.425524540162,16549.53622044712,13627.498596360088
forecast_8335,2025-12-14 07:00:00,16428.280319950336,16437.101380686625,13554.788682435572
forecast_8336,2025-12-14 08:00:00,16326.762427903566,16489.7812447904,12932.19538674487
forecast_8337,2025-12-14 09:00:00,16008.751787716626,16092.451673698422,12416.70820160334
forecast_8338,2025-12-14 10:00:00,15263.265755166727,15403.04373053218,11841.925533238877
forecast_8339,2025-12-14 11:00:00,14451.5627421367,14460.729929364905,11711.025503859308
forecast_8340,2025-12-14 12:00:00,13879.685426493072,13565.23438077433,11788.495940802972
forecast_8341,2025-12-14 13:00:00,13407.20116263952,13327.170724768092,11667.233339285309
forecast_8342,2025-12-14 14:00:00,12762.090091319911,12969.097161225049,11359.826274813371
forecast_8343,2025-12-14 15:00:00,13617.46092410919,13607.352449788195,11479.497680094048
forecast_8344,2025-12-14 16:00:00,14058.543070387095,14416.858195933855,11487.138176649163
forecast_8345,2025-12-14 17:00:00,14807.285235650712,14866.913050719071,12022.131560259404
forecast_8346,2025-12-14 18:00:00,15512.515402537952,15683.234086930992,12804.171422270678
forecast_8347,2025-12-14 19:00:00,16257.067586547228,16434.8699762275,13591.23950863277
forecast_8348,2025-12-14 20:00:00,16718.06726583405,17057.19835226347,14273.505893326588
forecast_8349,2025-12-14 21:00:00,16857.53340507559,17206.470326957107,14747.47566799724
forecast_8350,2025-12-14 22:00:00,17453.71494129673,17729.554690209174,15251.205340831804
forecast_8351,2025-12-14 23:00:00,17619.061789308194,18144.417340723947,15414.727728438324
forecast_8352,2025-12-15 00:00:00,18104.781416719816,18690.28791028393,15558.674281541267
forecast_8353,2025-12-15 01:00:00,18088.687331164285,18788.076917783907,15546.569612963807
forecast_8354,2025-12-15 02:00:00,18188.56311951576,18998.22232348781,15447.533894342589
forecast_8355,2025-12-15 03:00:00,19019.86621282589,19182.28899618628,15392.758219880225
forecast_8356,2025-12-15 04:00:00,19355.461491383056,19195.04138223172,15236.708013679834
forecast_8357,2025-12-15 05:00:00,19053.46978896212,19106.833746088712,14949.736393775163
forecast_8358,2025-12-15 06:00:00,19078.853041942784,19162.0100616097,14686.76674527125
forecast_8359,2025-12-15 07:00:00,18534.50766789943,18853.052207383746,14084.852227558851
forecast_8360,2025-12-15 08:00:00,18590.1187026092,18201.859953347728,13379.802608225124
forecast_8361,2025-12-15 09:00:00,18354.23447299181,17653.819321582425,12768.820309425337
forecast_8362,2025-12-15 10:00:00,16661.513621625276,16141.965942444109,12159.0407047464
forecast_8363,2025-12-15 11:00:00,16144.938349831891,15302.53741990543,11536.213134216454
forecast_8364,2025-12-15 12:00:00,14311.700305030658,14308.827553317302,10471.853521956138
forecast_8365,2025-12-15 13:00:00,13760.305714150029,13434.674859868666,9952.585108284962
forecast_8366,2025-12-15 14:00:00,14710.672345480494,14073.47376395258,12204.206936102826
forecast_8367,2025-12-15 15:00:00,16535.68127130252,15146.163405590229,13293.547910611696
forecast_8368,2025-12-15 16:00:00,17625.700731207056,16467.618246376587,14196.36964729339
forecast_8369,2025-12-15 17:00:00,18918.95890673336,17210.905369663593,15012.38961456652
forecast_8370,2025-12-15 18:00:00,19490.84830965259,18100.92581269136,15590.489283807488
forecast_8371,2025-12-15 19:00:00,19812.659525540963,18595.444751646548,15770.493377699357
forecast_8372,2025-12-15 20:00:00,20006.09647533805,18745.29897776793,15731.361278658587
forecast_8373,2025-12-15 21:00:00,19532.85437630794,18479.3868087496,15604.723424279606
forecast_8374,2025-12-15 22:00:00,19578.455472695805,18355.280344899587,15283.552250174444
forecast_8375,2025-12-15 23:00:00,18245.963924532847,17460.064058355834,14330.285564282747
forecast_8376,2025-12-16 00:00:00,15991.806082461228,16216.57118241971,13520.617020907112
forecast_8377,2025-12-16 01:00:00,14910.029193166183,15231.036458044304,12849.993321257218
forecast_8378,2025-12-16 02:00:00,14004.1628397164,14525.842349006143,11861.76708486823
forecast_8379,2025-12-16 03:00:00,13424.068506781348,14383.950905210357,10343.579290916125
forecast_8380,2025-12-16 04:00:00,11929.38528991581,13472.867354491853,9523.274824824077
forecast_8381,2025-12-16 05:00:00,11313.817610790878,13435.401034420764,9129.263532839605
forecast_8382,2025-12-16 06:00:00,10838.454939012749,13128.683363096758,8216.42418992565
forecast_8383,2025-12-16 07:00:00,11116.40538763042,12923.115162677384,8679.887564132048
forecast_8384,2025-12-16 08:00:00,11088.005145321238,12410.148338904926,8422.630832244919
forecast_8385,2025-12-16 09:00:00,11375.38132531583,12284.182107941828,8539.439460766118
forecast_8386,2025-12-16 10:00:00,11602.89561928254,12393.402368028188,8703.742575400693
forecast_8387,2025-12-16 11:00:00,12487.112084240853,12625.725869269663,9916.800879088498
forecast_8388,2025-12-16 12:00:00,11970.967201116397,12337.527049514903,10095.167441658665
forecast_8389,2025-12-16 13:00:00,11645.134757246597,11863.719957989864,9615.782182835204
forecast_8390,2025-12-16 14:00:00,11657.782052922885,11524.378382894303,9679.638988427883
forecast_8391,2025-12-16 15:00:00,10886.97341193316,10937.759412556465,8421.699762859069
forecast_8392,2025-12-16 16:00:00,10194.582369542011,10893.75766888914,8277.871531451106
forecast_8393,2025-12-16 17:00:00,9208.066474488374,10367.537854541068,7806.394668228113
forecast_8394,2025-12-16 18:00:00,8408.635778588541,10072.8353493693,7371.599068387301
forecast_8395,2025-12-16 19:00:00,8078.428040142894,9681.813178752156,6624.06803442229
forecast_8396,2025-12-16 20:00:00,7780.763189592202,9559.392835786794,6675.306500096443
forecast_8397,2025-12-16 21:00:00,7844.43369980469,9617.208980437565,7136.006882518758
forecast_8398,2025-12-16 22:00:00,7842.411039394692,9592.898344848883,6570.053263090961
forecast_8399,2025-12-16 23:00:00,6869.352706220808,9279.018003045088,5627.241740753339
forecast_8400,2025-12-17 00:00:00,7974.458214634784,10216.727072241376,6013.055944591601
forecast_8401,2025-12-17 01:00:00,8657.029469162819,10673.368500195298,7442.421587663507
forecast_8402,2025-12-17 02:00:00,8901.607041016165,10725.753417208982,7671.544827542721
forecast_8403,2025-12-17 03:00:00,8866.687686051333,10505.7450044138,8217.143170101986
forecast_8404,2025-12-17 04:00:00,7526.333791182613,9631.997179264048,6321.349407438836
forecast_8405,2025-12-17 05:00:00,6795.285950991815,8806.466016269764,5824.828460785868
forecast_8406,2025-12-17 06:00:00,7071.065916106511,8733.447330042332,6178.85179906632
forecast_8407,2025-12-17 07:00:00,6817.405919471711,8021.604140523668,6952.383327709732
forecast_8408,2025-12-17 08:00:00,5084.182944565754,6374.074571591275,3599.03457651994
forecast_8409,2025-12-17 09:00:00,4062.0712242220857,4094.253572538375,3533.202537384965
forecast_8410,2025-12-17 10:00:00,4036.6104688024097,4058.439959014008,3539.012669349031
forecast_8411,2025-12-17 11:00:00,4163.151802360827,4127.407929914338,3620.501503989202
forecast_8412,2025-12-17 12:00:00,4104.202131672942,4121.04399706284,3508.7147317957565
forecast_8413,2025-12-17 13:00:00,4141.136717639797,4100.394134282107,3574.303694903922
forecast_8414,2025-12-17 14:00:00,4140.229023966467,4114.927067984091,3566.5005151944542
forecast_8415,2025-12-17 15:00:00,4007.132808602816,3998.802907905995,3510.483050081778
forecast_8416,2025-12-17 16:00:00,3974.396908406232,3960.964703143484,3468.61259851982
forecast_8417,2025-12-17 17:00:00,4045.4433204643874,4054.651867427885,3446.001319284588
forecast_8418,2025-12-17 18:00:00,4422.881101933666,4203.708342711723,3667.800000840775
forecast_8419,2025-12-17 19:00:00,4617.6744376684655,4219.618184525868,4119.708658750978
forecast_8420,2025-12-17 20:00:00,4745.081856240156,4198.410672410864,4325.906536802189
forecast_8421,2025-12-17 21:00:00,6132.590595384165,6625.191955230438,4836.903040147027
forecast_8422,2025-12-17 22:00:00,7674.53972925023,8557.010816964123,5369.2337698676565
forecast_8423,2025-12-17 23:00:00,9050.359392721351,10096.305113686636,6039.867340676511
forecast_8424,2025-12-18 00:00:00,10513.29921547638,11431.608928322634,7061.334228304442
forecast_8425,2025-12-18 01:00:00,12145.159238213078,13222.912364328871,8812.92735290901
forecast_8426,2025-12-18 02:00:00,12922.832233509744,14076.234539599698,9118.293800994685
forecast_8427,2025-12-18 03:00:00,13375.34938933873,14514.718010592584,9092.82322698702
forecast_8428,2025-12-18 04:00:00,13438.080814554956,14497.901792472276,8947.308400049695
forecast_8429,2025-12-18 05:00:00,13150.505797775912,14037.438967490154,8885.810574513407
forecast_8430,2025-12-18 06:00:00,11927.869701120506,12893.677060151038,8657.247778626952
forecast_8431,2025-12-18 07:00:00,11003.406442665517,11825.208235789629,8327.01950611236
forecast_8432,2025-12-18 08:00:00,9465.879117368491,9896.18678408814,6831.480271543127
forecast_8433,2025-12-18 09:00:00,8307.718816295157,8379.886765037816,6005.092828361971
forecast_8434,2025-12-18 10:00:00,6691.988926821633,5831.439795053226,5196.628597384146
forecast_8435,2025-12-18 11:00:00,5140.411714343594,4661.901597293761,4480.162498418146
forecast_8436,2025-12-18 12:00:00,4893.1674106649,4404.6606547924775,3766.590528466127
forecast_8437,2025-12-18 13:00:00,4727.628243878376,4240.502279615845,3667.292253271589
forecast_8438,2025-12-18 14:00:00,4353.219122522412,3758.4921896753217,3540.698342031299
forecast_8439,2025-12-18 15:00:00,4292.986634813771,3755.731052480573,3544.4087586922333
forecast_8440,2025-12-18 16:00:00,4512.6515146005,4214.857803623573,3514.407177810841
forecast_8441,2025-12-18 17:00:00,4888.692116257106,4675.254504668659,3582.347377375733
forecast_8442,2025-12-18 18:00:00,4881.947527639647,5055.965158390729,3593.4045737423407
forecast_8443,2025-12-18 19:00:00,5271.470823039907,5798.82838949525,3568.923448918797
forecast_8444,2025-12-18 20:00:00,6520.754572892649,7337.987082998435,3769.908597879226
forecast_8445,2025-12-18 21:00:00,7286.983963394474,9063.525360385329,5328.028127374591
forecast_8446,2025-12-18 22:00:00,10363.344128742476,12037.128818856148,6972.937607453898
forecast_8447,2025-12-18 23:00:00,12080.431558458931,14292.413701858286,8521.193212080645
forecast_8448,2025-12-19 00:00:00,14492.9040427791,15751.379285115065,9972.003103563524
forecast_8449,2025-12-19 01:00:00,16666.460663817506,17515.619037420995,11908.520765523388
forecast_8450,2025-12-19 02:00:00,17463.524389593716,17971.316664455597,12981.462218099934
forecast_8451,2025-12-19 03:00:00,17508.783798049044,18084.21117854088,13738.061246300991
forecast_8452,2025-12-19 04:00:00,17840.040647984886,18350.96911947005,14246.736314534955
forecast_8453,2025-12-19 05:00:00,17707.965964841882,18220.314965354828,14569.338663471488
forecast_8454,2025-12-19 06:00:00,18521.700876532737,18804.56034405452,15293.389654123495
forecast_8455,2025-12-19 07:00:00,18841.632828918973,19161.857368041343,15984.189740351889
forecast_8456,2025-12-19 08:00:00,18712.03675914509,19025.908029933245,16377.690977456348
forecast_8457,2025-12-19 09:00:00,18626.6812413948,19273.905214921888,16645.879098621812
forecast_8458,2025-12-19 10:00:00,18615.081905524305,19130.82403676304,16753.5766862135
forecast_8459,2025-12-19 11:00:00,18437.74487627511,19156.062412202293,16776.90465170904
forecast_8460,2025-12-19 12:00:00,18278.789907721504,19060.75914746521,17036.346250635874
forecast_8461,2025-12-19 13:00:00,18929.71181768237,19003.395113836406,17319.063628501855
forecast_8462,2025-12-19 14:00:00,19059.57773931797,19001.725979666568,17514.357701669836
forecast_8463,2025-12-19 15:00:00,19334.00973839322,19039.216180199997,17593.64834119819
forecast_8464,2025-12-19 16:00:00,19027.482791323604,18919.754139684672,17572.43459547314
forecast_8465,2025-12-19 17:00:00,18485.479256399893,18695.464016052025,17673.18307890629
forecast_8466,2025-12-19 18:00:00,18222.90051929392,18550.35429250492,17695.380799300805
forecast_8467,2025-12-19 19:00:00,17863.722802345943,18479.661869434614,17707.333398286715
forecast_8468,2025-12-19 20:00:00,18073.61282861479,18494.622885748984,17240.189298769223
forecast_8469,2025-12-19 21:00:00,18343.60323328946,18608.264856074733,16967.72548480684
forecast_8470,2025-12-19 22:00:00,18574.36168789654,18655.848291822847,16748.039459349024
forecast_8471,2025-12-19 23:00:00,18422.270780599654,18355.836057318247,16191.617845472903
forecast_8472,2025-12-20 00:00:00,17250.11585245041,17793.883539328326,15578.03865548592
forecast_8473,2025-12-20 01:00:00,16996.517484095035,17359.904514736576,15196.952202639852
forecast_8474,2025-12-20 02:00:00,15688.81380139035,16965.718232500047,14427.631164683304
forecast_8475,2025-12-20 03:00:00,15258.349596093953,16654.269999348042,14095.447273837715
forecast_8476,2025-12-20 04:00:00,14685.373827216514,16252.872393020689,13839.424965821505
forecast_8477,2025-12-20 05:00:00,14057.202413757712,15810.205209411724,13710.693227454203
forecast_8478,2025-12-20 06:00:00,13987.972819988445,15543.345255789543,13898.950948463924
forecast_8479,2025-12-20 07:00:00,13935.893144668811,15355.80452230957,13956.285491105316
forecast_8480,2025-12-20 08:00:00,13981.719300442115,15579.36428222656,13859.012946931993
forecast_8481,2025-12-20 09:00:00,14136.087599796603,15683.983897777462,13924.465023466457
forecast_8482,2025-12-20 10:00:00,14516.700977397812,15982.745545128697,13807.5387655039
forecast_8483,2025-12-20 11:00:00,14446.685229425872,16064.890017006746,13483.136614570669
forecast_8484,2025-12-20 12:00:00,14681.193550944565,16317.2581000597,13313.338760646358
forecast_8485,2025-12-20 13:00:00,15227.16013961991,16246.088737680137,13094.59776917538
forecast_8486,2025-12-20 14:00:00,14547.069593179269,15646.405708445693,12441.032507974996
forecast_8487,2025-12-20 15:00:00,14238.979600000268,14878.690747612334,11608.239019230285
forecast_8488,2025-12-20 16:00:00,14090.543836430275,14424.78268181288,10817.399648028018
forecast_8489,2025-12-20 17:00:00,13983.506989605892,14444.882220702728,12997.945562642211
forecast_8490,2025-12-20 18:00:00,14149.019939874452,14514.647990887768,10592.99536505905
forecast_8491,2025-12-20 19:00:00,14326.869938024918,14809.230553136384,10863.19034442045
forecast_8492,2025-12-20 20:00:00,13596.903215210785,14571.276227693355,11329.07666726377
forecast_8493,2025-12-20 21:00:00,14367.115140183018,14705.883179745691,11965.920947805143
forecast_8494,2025-12-20 22:00:00,15189.49650310163,15797.097470127366,13258.7180639531
forecast_8495,2025-12-20 23:00:00,16777.494022116924,16897.673431546064,14213.848780736134
forecast_8496,2025-12-21 00:00:00,18042.843930688286,17747.575906401293,14973.300281125945
forecast_8497,2025-12-21 01:00:00,19952.05858343311,19044.495820115037,16899.526115858258
forecast_8498,2025-12-21 02:00:00,19693.25214999052,19164.901021456484,17315.963544746275
forecast_8499,2025-12-21 03:00:00,19681.929466704463,19230.65557894772,17621.151500903517
forecast_8500,2025-12-21 04:00:00,18982.40295795115,18915.387054250918,17226.763367755746
forecast_8501,2025-12-21 05:00:00,19064.956550566945,18539.156803969505,16672.490721899358
forecast_8502,2025-12-21 06:00:00,18907.76952714828,18372.74536402002,16103.736456953682
forecast_8503,2025-12-21 07:00:00,17818.223801382635,17660.80391027208,15365.578714084277
forecast_8504,2025-12-21 08:00:00,17241.75697570079,16953.45136465957,14309.491487878657
forecast_8505,2025-12-21 09:00:00,16418.0951026773,16229.848569820151,13347.76399829352
forecast_8506,2025-12-21 10:00:00,14399.712738146987,14459.249238828075,11798.535094666524
forecast_8507,2025-12-21 11:00:00,13552.389593958049,13578.540458169557,9472.878428782424
forecast_8508,2025-12-21 12:00:00,12029.63788305572,12385.740677403295,8390.88699641059
forecast_8509,2025-12-21 13:00:00,10354.86277135376,9942.84435874604,7397.688401407459
forecast_8510,2025-12-21 14:00:00,6863.326988146225,6976.14654460571,5909.254143945676
forecast_8511,2025-12-21 15:00:00,5204.214030441553,4978.952470626648,3679.8753719495458
forecast_8512,2025-12-21 16:00:00,4620.543371724778,4788.940840098256,3632.0149004332
forecast_8513,2025-12-21 17:00:00,4136.8102279006125,4053.566799272513,3559.893351319446
forecast_8514,2025-12-21 18:00:00,3946.041900105208,3646.59278310116,3464.478179479872
forecast_8515,2025-12-21 19:00:00,4147.126163680885,3989.283295838097,3434.97513760784
forecast_8516,2025-12-21 20:00:00,3647.6993734140574,3851.687700787473,3449.5870658911285
forecast_8517,2025-12-21 21:00:00,3403.1434715451537,3747.737457826921,3433.549391788784
forecast_8518,2025-12-21 22:00:00,4061.008760600108,3814.3842038651537,3385.6280991189105
forecast_8519,2025-12-21 23:00:00,4015.215606470254,3799.729185651452,3382.382932564285
forecast_8520,2025-12-22 00:00:00,4017.0991299762136,3820.006169410608,3372.057558896281
forecast_8521,2025-12-22 01:00:00,3931.042803290181,3748.89716923003,3373.2669131867374
forecast_8522,2025-12-22 02:00:00,3781.227542996522,3705.9896090888815,3366.166987836304
forecast_8523,2025-12-22 03:00:00,3773.878512711575,3696.36633878556,3363.479010295521
forecast_8524,2025-12-22 04:00:00,3735.6082890896423,3670.462127241323,3362.157149046613
forecast_8525,2025-12-22 05:00:00,3716.4742161086074,3659.189761449327,3361.810885963834
forecast_8526,2025-12-22 06:00:00,3714.7276304782777,3653.767426109967,3361.2956444315887
forecast_8527,2025-12-22 07:00:00,3712.750708169792,3648.665130589587,3361.195262300974
forecast_8528,2025-12-22 08:00:00,3710.627503717172,3645.249377006795,3360.974182932219
forecast_8529,2025-12-22 09:00:00,3712.869479844117,3646.9508718431534,3361.310059078356
forecast_8530,2025-12-22 10:00:00,3706.694386110573,3623.3994645066496,3361.256823454184
forecast_8531,2025-12-22 11:00:00,3708.1560496207394,3627.7748188086207,3361.531133234254
forecast_8532,2025-12-22 12:00:00,3709.2965526864978,3625.617264334529,3362.0613437338657
forecast_8533,2025-12-22 13:00:00,3711.463760678064,3617.843167302991,3360.977379886004
forecast_8534,2025-12-22 14:00:00,3704.98498908937,3615.169391872776,3361.474640725576
forecast_8535,2025-12-22 15:00:00,3704.591483278312,3621.549189893746,3361.1442964213943
forecast_8536,2025-12-22 16:00:00,3729.336921199024,3639.7592991379856,3363.3598282051207
forecast_8537,2025-12-22 17:00:00,3749.425538049541,3685.119104952925,3366.258452889191
forecast_8538,2025-12-22 18:00:00,3781.4255860110634,3704.432979461631,3376.7921465529957
forecast_8539,2025-12-22 19:00:00,3790.630882223764,3724.210713929715,3373.261818765223
forecast_8540,2025-12-22 20:00:00,3820.337394146812,3777.829691647613,3380.802399110394
forecast_8541,2025-12-22 21:00:00,3777.725554111921,3710.147901904904,3373.4811196540018
forecast_8542,2025-12-22 22:00:00,3928.795586207416,3961.762228396375,3388.2352300839093
forecast_8543,2025-12-22 23:00:00,3888.1145979771286,3944.1284616391767,3409.8710843806334
forecast_8544,2025-12-23 00:00:00,3919.39014718056,3895.595986381088,3426.186916608121
forecast_8545,2025-12-23 01:00:00,4006.813448230335,4010.224713828231,3423.68581204125
forecast_8546,2025-12-23 02:00:00,4020.132353448416,4107.915620146251,3450.1317576839265
forecast_8547,2025-12-23 03:00:00,4135.573369701817,4309.848036500788,3492.338727574944
forecast_8548,2025-12-23 04:00:00,4087.085676662714,4148.848368872488,3483.669407657604
forecast_8549,2025-12-23 05:00:00,4094.638701816271,4083.171563008452,3534.249174138322
forecast_8550,2025-12-23 06:00:00,4250.70620883009,4803.299265524067,3490.202023092197
forecast_8551,2025-12-23 07:00:00,3780.8720961759177,4637.188149169712,3484.1801884285774
forecast_8552,2025-12-23 08:00:00,4024.754435579228,4002.8833317241024,3446.7529944835765
forecast_8553,2025-12-23 09:00:00,3956.698811870884,4085.0802514271086,3559.739463339655
forecast_8554,2025-12-23 10:00:00,4001.5611309995934,4096.016566595726,3561.080899209467
forecast_8555,2025-12-23 11:00:00,5022.949067878656,6050.752613976155,3614.251526408872
forecast_8556,2025-12-23 12:00:00,4113.5552983483485,4109.859169858228,3565.5058628283064
forecast_8557,2025-12-23 13:00:00,4342.5163297911495,5629.155119863036,3584.953315482182
forecast_8558,2025-12-23 14:00:00,4083.972941616048,4080.620483847936,3551.087355270169
forecast_8559,2025-12-23 15:00:00,3940.497246060005,3990.6438139271936,3716.027125258734
forecast_8560,2025-12-23 16:00:00,4349.658407024695,4872.020544492675,3695.442559072123
forecast_8561,2025-12-23 17:00:00,4942.224883475154,5529.3286536085,3711.383478286119
forecast_8562,2025-12-23 18:00:00,5914.458535777839,6966.5274369162025,5227.423804101979
forecast_8563,2025-12-23 19:00:00,7476.371219270703,8469.804837999274,5937.439545314456
forecast_8564,2025-12-23 20:00:00,8151.414972097357,9225.135995971468,6511.788821800086
forecast_8565,2025-12-23 21:00:00,8083.975758681569,9094.87113162104,6200.914816294397
forecast_8566,2025-12-23 22:00:00,8709.967821063772,9716.14399981844,6543.346614461431
forecast_8567,2025-12-23 23:00:00,8882.871324033478,9865.320908488202,6542.775690316672
forecast_8568,2025-12-24 00:00:00,8465.84226593286,9551.687327165018,6498.558959525791
forecast_8569,2025-12-24 01:00:00,6358.90566160469,8180.570523764604,5254.187926886639
forecast_8570,2025-12-24 02:00:00,5587.786011784343,7555.251292477425,5391.82974810638
forecast_8571,2025-12-24 03:00:00,4480.938612099006,5469.056896607292,3652.651819873675
forecast_8572,2025-12-24 04:00:00,4196.084872871724,4220.318399182504,3614.505776177728
forecast_8573,2025-12-24 05:00:00,3698.6643749655386,3975.6937779235104,3436.8218613901886
forecast_8574,2025-12-24 06:00:00,4002.868911118519,3916.669883476834,3387.4875592342364
forecast_8575,2025-12-24 07:00:00,3932.519184641644,3819.78797218704,3389.2420288662065
forecast_8576,2025-12-24 08:00:00,3821.124664756944,3780.476236302629,3398.5948914351275
forecast_8577,2025-12-24 09:00:00,3763.501544144227,3714.374338690128,3376.37285931578
forecast_8578,2025-12-24 10:00:00,3720.15339717205,3643.04543052302,3368.6428805252094
forecast_8579,2025-12-24 11:00:00,3718.461055971789,3638.7104316711248,3368.093006872152
forecast_8580,2025-12-24 12:00:00,3721.655328272452,3651.2198602055496,3369.472958221273
forecast_8581,2025-12-24 13:00:00,3718.12369497058,3645.278794214772,3368.4461166382225
forecast_8582,2025-12-24 14:00:00,3722.3882229615497,3649.045034950548,3370.562489232444
forecast_8583,2025-12-24 15:00:00,3719.804621750135,3651.848479866742,3366.1599473796205
forecast_8584,2025-12-24 16:00:00,3728.3617057994425,3664.196610064412,3366.2664114276204
forecast_8585,2025-12-24 17:00:00,3744.080517494269,3667.1028804136095,3363.591120555812
forecast_8586,2025-12-24 18:00:00,3739.729163484604,3650.918085302182,3363.9847858839044
forecast_8587,2025-12-24 19:00:00,3746.288873260598,3671.739360597044,3368.8152325417072
forecast_8588,2025-12-24 20:00:00,3743.651611362769,3661.780516283232,3366.7758012167465
forecast_8589,2025-12-24 21:00:00,3761.055865645394,3685.315328685586,3381.369596422434
forecast_8590,2025-12-24 22:00:00,3747.857304907197,3674.496150925728,3402.773883101449
forecast_8591,2025-12-24 23:00:00,3756.0037597969936,3680.5899706158025,3375.584571924535
forecast_8592,2025-12-25 00:00:00,3784.2682624701392,3700.20991117334,3379.297185598446
forecast_8593,2025-12-25 01:00:00,3782.9371381939823,3738.511392680271,3378.774531023299
forecast_8594,2025-12-25 02:00:00,4019.8544222295855,3886.618382504136,3441.5387943660958
forecast_8595,2025-12-25 03:00:00,5438.181621840995,4234.2304117847925,3616.6323665603854
forecast_8596,2025-12-25 04:00:00,7694.362276149546,8935.909838379519,3773.505033090432
forecast_8597,2025-12-25 05:00:00,8973.058269597886,10689.242741171376,7495.295331062236
forecast_8598,2025-12-25 06:00:00,9430.84082071337,11681.246006114008,7409.877637019746
forecast_8599,2025-12-25 07:00:00,11551.330397600084,13512.901568024738,9746.175244285452
forecast_8600,2025-12-25 08:00:00,12772.868513839434,14330.535343077068,10710.857051689203
forecast_8601,2025-12-25 09:00:00,14197.80210977912,15124.293245691526,11304.807261081269
forecast_8602,2025-12-25 10:00:00,14215.68856306037,15258.409852348594,11370.719001862037
forecast_8603,2025-12-25 11:00:00,14098.437694506008,15135.134414641914,10838.668689831444
forecast_8604,2025-12-25 12:00:00,14291.772517510395,15270.18697723789,10654.428317014916
forecast_8605,2025-12-25 13:00:00,14385.103638444383,15259.193306084737,10159.05752550528
forecast_8606,2025-12-25 14:00:00,14875.113612836029,15633.59849606671,10664.638250223195
forecast_8607,2025-12-25 15:00:00,15333.93420649049,16184.792319997645,11073.060328802325
forecast_8608,2025-12-25 16:00:00,15662.592592537492,16442.290547149776,11164.975542893048
forecast_8609,2025-12-25 17:00:00,15913.77873948905,16968.249840983273,10719.173325690308
forecast_8610,2025-12-25 18:00:00,16273.059363708571,17400.06600698349,12031.620558469223
forecast_8611,2025-12-25 19:00:00,16284.367991398023,17600.368941047083,12514.993354838847
forecast_8612,2025-12-25 20:00:00,16804.44552234662,18111.31477786856,12901.35732918211
forecast_8613,2025-12-25 21:00:00,17000.798390774704,18303.162693150127,13067.173808545547
forecast_8614,2025-12-25 22:00:00,16730.11879456535,18286.64696505363,13208.4133660611
forecast_8615,2025-12-25 23:00:00,16591.445615325098,18436.66402679269,13511.87725923025
forecast_8616,2025-12-26 00:00:00,16585.894492648844,18662.234950974795,13583.425043560692
forecast_8617,2025-12-26 01:00:00,16227.806134360142,18168.3840061391,13235.845409336473
forecast_8618,2025-12-26 02:00:00,16037.857658053905,17755.23195489672,12563.77058934888
forecast_8619,2025-12-26 03:00:00,15973.279700863392,17828.24059669339,12106.869099706566
forecast_8620,2025-12-26 04:00:00,16239.981774323966,18327.07901521848,11272.413112634742
forecast_8621,2025-12-26 05:00:00,17595.203097131445,18688.753118001077,10984.169673763588
forecast_8622,2025-12-26 06:00:00,17541.000716839397,18632.76827419093,11352.864277798017
forecast_8623,2025-12-26 07:00:00,17842.426616504978,18749.300352482605,11550.142947200931
forecast_8624,2025-12-26 08:00:00,17489.389416304555,17945.810999682868,11050.719916056358
forecast_8625,2025-12-26 09:00:00,16229.38652624022,17309.289641919237,10877.962793988416
forecast_8626,2025-12-26 10:00:00,15073.514611462942,16149.53829325586,10408.221027359888
forecast_8627,2025-12-26 11:00:00,13040.030552146203,14647.52630952849,9811.67901734986
forecast_8628,2025-12-26 12:00:00,11838.640616871931,12974.463902084197,8564.596724025098
forecast_8629,2025-12-26 13:00:00,11584.477630964037,11835.812627110969,8131.975587225609
forecast_8630,2025-12-26 14:00:00,11917.753738742898,11894.321073628656,8705.05085895794
forecast_8631,2025-12-26 15:00:00,12793.851818799809,12297.843812073676,9798.754661060892
forecast_8632,2025-12-26 16:00:00,13129.513669345946,13435.128653638663,10397.048264360385
forecast_8633,2025-12-26 17:00:00,13627.381965156075,14025.327659918014,10544.91338839684
forecast_8634,2025-12-26 18:00:00,14091.800311114215,15728.279148794392,10918.368813760871
forecast_8635,2025-12-26 19:00:00,14847.174811293022,16464.29903327559,11503.152926193216
forecast_8636,2025-12-26 20:00:00,16771.56615685404,17213.795502060377,11849.390422441811
forecast_8637,2025-12-26 21:00:00,17133.428477601086,17576.716160400556,12012.781841966682
forecast_8638,2025-12-26 22:00:00,17734.525130514317,18549.114427120392,11984.953073256342
forecast_8639,2025-12-26 23:00:00,17820.21628967728,19055.71578588598,12649.750942638226
forecast_8640,2025-12-27 00:00:00,18335.75890291834,19072.232577039525,13283.68453994723
forecast_8641,2025-12-27 01:00:00,18696.198600899406,19109.558097547277,13742.361875640365
forecast_8642,2025-12-27 02:00:00,18688.577935790872,18933.966591341647,14059.787048582895
forecast_8643,2025-12-27 03:00:00,18577.46643248485,18773.065058457447,14314.423827245511
forecast_8644,2025-12-27 04:00:00,18285.302251850568,18351.35501757664,14355.459796320094
forecast_8645,2025-12-27 05:00:00,18239.725494121536,18201.487636183807,14329.92232500605
forecast_8646,2025-12-27 06:00:00,18451.151097397647,18226.35272600694,14274.146273407216
forecast_8647,2025-12-27 07:00:00,18660.03005017452,18294.827136806587,14294.497576318883
forecast_8648,2025-12-27 08:00:00,18311.78584546462,17746.508988001828,14019.724440231936
forecast_8649,2025-12-27 09:00:00,16806.17701291006,16719.87997684678,13770.197238174283
forecast_8650,2025-12-27 10:00:00,16413.58723153517,16281.71423927976,13268.427246149462
forecast_8651,2025-12-27 11:00:00,15876.804908211014,15764.54988314612,13221.234713656078
forecast_8652,2025-12-27 12:00:00,15962.572821330436,15935.17524146969,13332.84481802643
forecast_8653,2025-12-27 13:00:00,15604.855700284132,15961.07439861886,13463.785824552468
forecast_8654,2025-12-27 14:00:00,15541.060980354578,15996.877412143604,13877.41353810877
forecast_8655,2025-12-27 15:00:00,16531.126083758714,16487.75941412937,14272.35088386066
forecast_8656,2025-12-27 16:00:00,16403.13697667394,16530.279569767576,14455.080454671634
forecast_8657,2025-12-27 17:00:00,16815.374340942468,17363.0494304088,14985.736659888518
forecast_8658,2025-12-27 18:00:00,17391.420884177725,17934.479836115806,15250.030528103644
forecast_8659,2025-12-27 19:00:00,18045.3912478498,18126.30480937912,16303.982433512803
forecast_8660,2025-12-27 20:00:00,18051.26358878968,18110.252192878997,16444.25576198082
forecast_8661,2025-12-27 21:00:00,18591.142031917647,18605.41065597519,16279.174764860873
forecast_8662,2025-12-27 22:00:00,18699.00708258905,18806.0275254818,16495.423372161524
forecast_8663,2025-12-27 23:00:00,18939.3017650729,19059.75908892047,16573.40743130993
forecast_8664,2025-12-28 00:00:00,18706.752421925,18882.627929757426,16560.2988993862
forecast_8665,2025-12-28 01:00:00,18984.51832202924,19261.2692458334,16975.328404061926
forecast_8666,2025-12-28 02:00:00,19773.355314684348,19432.57834797962,17098.528244607507
forecast_8667,2025-12-28 03:00:00,20234.668939996383,19654.114858021792,16983.072088140594
forecast_8668,2025-12-28 04:00:00,20244.492749016677,19710.53406273504,16959.744018969297
forecast_8669,2025-12-28 05:00:00,20210.36402989173,19910.90124138118,16742.72562100901
forecast_8670,2025-12-28 06:00:00,20120.232881978267,19848.89237457415,16898.429929742924
forecast_8671,2025-12-28 07:00:00,19932.478904469062,19561.663037984483,16818.530691141943
forecast_8672,2025-12-28 08:00:00,19867.412102213275,19276.40218017404,16587.63252240423
forecast_8673,2025-12-28 09:00:00,19558.628376810007,18872.383157876902,16202.21854959502
forecast_8674,2025-12-28 10:00:00,19195.13192243676,18519.083239376767,15153.474548008886
forecast_8675,2025-12-28 11:00:00,17885.008040049073,17636.669360153388,14824.71664407611
forecast_8676,2025-12-28 12:00:00,17376.271028049683,17217.68879645318,14544.577640254569
forecast_8677,2025-12-28 13:00:00,16003.71584305168,16515.02503501436,13957.679765986231
forecast_8678,2025-12-28 14:00:00,14885.201345983196,15635.852083713582,13343.32324380594
forecast_8679,2025-12-28 15:00:00,14960.526743714265,15521.867600910438,13571.98902731498
forecast_8680,2025-12-28 16:00:00,14646.253208445643,15205.330593515808,13882.731376832548
forecast_8681,2025-12-28 17:00:00,14320.855383293236,15353.758222605922,14408.567145641284
forecast_8682,2025-12-28 18:00:00,14640.261907926437,16036.087814069446,14940.738536090112
forecast_8683,2025-12-28 19:00:00,15349.76570080017,16316.74217415676,15562.267907767557
forecast_8684,2025-12-28 20:00:00,16252.888752563294,17057.90891865769,16084.1648714777
forecast_8685,2025-12-28 21:00:00,16678.99097500438,17839.38998020647,16570.71981313644
forecast_8686,2025-12-28 22:00:00,16918.70407981795,18319.21514572133,16827.508428875124
forecast_8687,2025-12-28 23:00:00,17692.552083907965,18652.27300681799,17013.388999604304
forecast_8688,2025-12-29 00:00:00,18388.21461565857,19024.12686082074,17210.199672941682
forecast_8689,2025-12-29 01:00:00,18540.6952477583,19211.53867025105,17448.389644299776
forecast_8690,2025-12-29 02:00:00,19247.480048079196,19250.29032876248,17575.207318878725
forecast_8691,2025-12-29 03:00:00,19468.90572741575,19353.279729676608,17716.435487819588
forecast_8692,2025-12-29 04:00:00,19468.305732458182,19611.79886168844,17706.868813671168
forecast_8693,2025-12-29 05:00:00,19570.288290554457,19752.501343244967,17636.975073499198
forecast_8694,2025-12-29 06:00:00,19530.972110438965,19709.795538971397,17443.65742090225
forecast_8695,2025-12-29 07:00:00,19468.57662744208,19644.11799787728,17275.561289830148
forecast_8696,2025-12-29 08:00:00,19333.314026310807,19410.567800112665,16926.179013891724
forecast_8697,2025-12-29 09:00:00,19116.689939291027,19285.073430066663,16349.529007878946
forecast_8698,2025-12-29 10:00:00,19115.26589627448,19124.781058833432,16066.714771660016
forecast_8699,2025-12-29 11:00:00,18857.731706723764,18930.12063841364,15986.992211507077
forecast_8700,2025-12-29 12:00:00,18644.45286550684,18740.160174604443,16286.126909322054
forecast_8701,2025-12-29 13:00:00,18527.88906676564,18608.851629902896,16147.729100864855
forecast_8702,2025-12-29 14:00:00,18548.658277892104,18643.61998405404,15925.787701966676
forecast_8703,2025-12-29 15:00:00,18024.030891383674,18291.174795676587,15491.507060710424
forecast_8704,2025-12-29 16:00:00,17825.205160708814,17986.865038402902,15377.031982077906
forecast_8705,2025-12-29 17:00:00,17226.914950891914,17750.963349110698,15054.507792114364
forecast_8706,2025-12-29 18:00:00,17093.698014758615,17436.264836524275,14924.946369826665
forecast_8707,2025-12-29 19:00:00,16768.91640045086,17131.36988165012,14619.90361515194
forecast_8708,2025-12-29 20:00:00,16328.711545092048,16533.205490707005,14175.88582821529
forecast_8709,2025-12-29 21:00:00,15837.11101021834,15639.905258102564,13955.295135574685
forecast_8710,2025-12-29 22:00:00,15477.746675789556,15634.474299800797,13902.73370624162
forecast_8711,2025-12-29 23:00:00,14075.394939363934,15043.066520529615,13673.53770337302
forecast_8712,2025-12-30 00:00:00,12678.180773328908,14235.498527262023,13386.806336692758
forecast_8713,2025-12-30 01:00:00,11862.93848017663,13931.115839537288,13403.940810442624
forecast_8714,2025-12-30 02:00:00,11818.210864611272,14010.476008952117,13246.573568141675
forecast_8715,2025-12-30 03:00:00,11771.416006497277,14253.140305530307,13197.84265543207
forecast_8716,2025-12-30 04:00:00,12363.955292247543,14405.670798469951,13138.46842516398
forecast_8717,2025-12-30 05:00:00,11817.41940181831,14147.012075993956,10011.399209173598
forecast_8718,2025-12-30 06:00:00,11525.03154831666,13772.114403283336,9846.302888024216
forecast_8719,2025-12-30 07:00:00,10742.11427544863,12896.016530638815,9866.929414646254
forecast_8720,2025-12-30 08:00:00,10190.40807849512,12182.574209391723,8217.807490606438
forecast_8721,2025-12-30 09:00:00,10280.258683167824,11640.9949670043,7673.367779561244
forecast_8722,2025-12-30 10:00:00,8899.81064030929,9651.970292876327,6127.165517440119
forecast_8723,2025-12-30 11:00:00,9598.79901678419,9449.647689357838,5982.871743976867
forecast_8724,2025-12-30 12:00:00,10658.452145055644,9639.488478531355,6503.745480733545
forecast_8725,2025-12-30 13:00:00,11534.129532265144,11065.29459422592,8079.100598056878
forecast_8726,2025-12-30 14:00:00,11970.263837296126,11462.847371897917,8292.58283616207
forecast_8727,2025-12-30 15:00:00,12310.93093258191,11864.74283055227,8177.177761607107
forecast_8728,2025-12-30 16:00:00,12549.361700548285,12080.8986303004,8656.258268193384
forecast_8729,2025-12-30 17:00:00,12729.62047122244,12308.807904222736,8719.582603028579
forecast_8730,2025-12-30 18:00:00,13006.810656039264,12788.769506094715,9261.631014159482
forecast_8731,2025-12-30 19:00:00,13248.133734519086,13164.141935635374,10015.36405912257
forecast_8732,2025-12-30 20:00:00,13484.101411657595,13383.449646359037,10455.20593997214
forecast_8733,2025-12-30 21:00:00,13702.567155930672,13842.206816340804,12363.146170427934
forecast_8734,2025-12-30 22:00:00,13816.53956486038,13891.22316839126,13106.823352727724
forecast_8735,2025-12-30 23:00:00,14160.826671854227,14375.036240868165,13501.20241515466
forecast_8736,2025-12-31 00:00:00,14411.631233464412,14860.197233745404,13822.811488766722
forecast_8737,2025-12-31 01:00:00,14744.27186412213,15814.3955254153,13983.344363239556
forecast_8738,2025-12-31 02:00:00,15375.67114525163,16379.650996560871,14251.212485360396
forecast_8739,2025-12-31 03:00:00,15408.937411956116,16455.90983759934,14102.692327584076
forecast_8740,2025-12-31 04:00:00,15430.121095325816,16552.264211902253,14016.763975714915
forecast_8741,2025-12-31 05:00:00,14543.294914885711,16179.79975075903,13375.444513134718
forecast_8742,2025-12-31 06:00:00,14075.706096162425,15706.775854371415,12824.690505859557
forecast_8743,2025-12-31 07:00:00,13601.659212565104,15017.506590382043,11973.412159406384
forecast_8744,2025-12-31 08:00:00,13387.759926849158,14502.099032097984,11252.393346086796
forecast_8745,2025-12-31 09:00:00,12551.50725404494,13648.887418252158,10309.546301110851
forecast_8746,2025-12-31 10:00:00,11567.89134453978,12116.58626173496,9361.646286502752
forecast_8747,2025-12-31 11:00:00,11054.031569681538,11221.05772299839,8331.117528669032
forecast_8748,2025-12-31 12:00:00,10608.77112206569,10630.337816082803,8035.768937496457
forecast_8749,2025-12-31 13:00:00,10352.804707134888,10217.815825725436,7739.482948865747
forecast_8750,2025-12-31 14:00:00,10361.889073484812,9957.120634489644,8093.346294353816
forecast_8751,2025-12-31 15:00:00,10608.07658750588,10050.86449373634,7687.46122928943
forecast_8752,2025-12-31 16:00:00,10610.08219465576,10593.67549919027,7955.925367659345
forecast_8753,2025-12-31 17:00:00,11204.74351533023,11434.789913412573,9086.603375663148
forecast_8754,2025-12-31 18:00:00,12076.653758541854,13369.702458467307,10404.698902413831
forecast_8755,2025-12-31 19:00:00,12365.910618172986,14346.912374006768,10899.335325067015
forecast_8756,2025-12-31 20:00:00,12882.295046750844,15078.280898879802,11246.251604041932
forecast_8757,2025-12-31 21:00:00,13687.570367188251,15321.745409590174,11713.149038265152
forecast_8758,2025-12-31 22:00:00,13671.59255285188,15679.349702476247,12074.225593176458
forecast_8759,2025-12-31 23:00:00,13826.273359513709,15669.606887082597,12274.07789351857
forecast_8760,2026-01-01 00:00:00,13866.845123322631,15643.212983909769,12400.246259685313
